epoch,loss
1,19.368200302124023
2,19.086368560791016
3,18.791677474975586
4,18.53319549560547
5,18.261089324951172
6,17.98319435119629
7,17.723224639892578
8,17.449556350708008
9,17.187978744506836
10,16.926971435546875
11,16.667964935302734
12,16.40423011779785
13,16.161731719970703
14,15.905399322509766
15,15.649328231811523
16,15.399240493774414
17,15.158089637756348
18,14.91600227355957
19,14.676224708557129
20,14.422099113464355
21,14.20087718963623
22,13.977514266967773
23,13.73754596710205
24,13.494081497192383
25,13.277299880981445
26,13.057487487792969
27,12.846964836120605
28,12.630670547485352
29,12.411330223083496
30,12.21228313446045
31,12.00527286529541
32,11.798285484313965
33,11.589398384094238
34,11.392072677612305
35,11.190515518188477
36,10.994603157043457
37,10.805465698242188
38,10.608189582824707
39,10.419503211975098
40,10.23798656463623
41,10.057294845581055
42,9.874815940856934
43,9.702559471130371
44,9.525063514709473
45,9.350113868713379
46,9.173736572265625
47,9.016196250915527
48,8.853382110595703
49,8.679975509643555
50,8.519996643066406
51,8.359939575195312
52,8.201268196105957
53,8.044004440307617
54,7.89310359954834
55,7.74384880065918
56,7.595168590545654
57,7.44901704788208
58,7.302277565002441
59,7.163448810577393
60,7.027145862579346
61,6.88613748550415
62,6.759256362915039
63,6.625585556030273
64,6.494664669036865
65,6.359849452972412
66,6.231380462646484
67,6.119686126708984
68,5.984224319458008
69,5.868000030517578
70,5.742061614990234
71,5.631790637969971
72,5.51517391204834
73,5.40667200088501
74,5.29430627822876
75,5.177868843078613
76,5.070050239562988
77,4.962588787078857
78,4.866023063659668
79,4.759223937988281
80,4.657124996185303
81,4.561892509460449
82,4.460791110992432
83,4.366835594177246
84,4.276444911956787
85,4.185598373413086
86,4.09322452545166
87,4.002452373504639
88,3.9197280406951904
89,3.8253791332244873
90,3.748967409133911
91,3.665193557739258
92,3.581566572189331
93,3.5022687911987305
94,3.4272842407226562
95,3.347768545150757
96,3.2732090950012207
97,3.198110580444336
98,3.12575364112854
99,3.052863836288452
100,2.984041690826416
101,2.9123780727386475
102,2.8476641178131104
103,2.779698133468628
104,2.717599391937256
105,2.6549878120422363
106,2.588698625564575
107,2.5305166244506836
108,2.4683725833892822
109,2.410435199737549
110,2.354044198989868
111,2.2938287258148193
112,2.2430179119110107
113,2.18801212310791
114,2.13498592376709
115,2.0834827423095703
116,2.0317671298980713
117,1.9813121557235718
118,1.9310882091522217
119,1.8841651678085327
120,1.8379398584365845
121,1.7925786972045898
122,1.745883822441101
123,1.7012081146240234
124,1.6593379974365234
125,1.6157081127166748
126,1.5763678550720215
127,1.5350021123886108
128,1.4939169883728027
129,1.4571082592010498
130,1.4201362133026123
131,1.3816500902175903
132,1.347765326499939
133,1.3106002807617188
134,1.2771204710006714
135,1.2428197860717773
136,1.2093240022659302
137,1.1769930124282837
138,1.1453932523727417
139,1.1140340566635132
140,1.0854058265686035
141,1.0551875829696655
142,1.0265551805496216
143,0.9990335702896118
144,0.9720680713653564
145,0.9455862641334534
146,0.9193620681762695
147,0.8938979506492615
148,0.8695194125175476
149,0.8439651131629944
150,0.8207632899284363
151,0.7982268929481506
152,0.7760055065155029
153,0.7537369132041931
154,0.7324457168579102
155,0.7116490602493286
156,0.6914936900138855
157,0.6720894575119019
158,0.6519506573677063
159,0.6336444020271301
160,0.6155552268028259
161,0.5976002812385559
162,0.5804020762443542
163,0.5631604790687561
164,0.5462052822113037
165,0.5303056836128235
166,0.5148210525512695
167,0.49960437417030334
168,0.4843764901161194
169,0.47023314237594604
170,0.45634013414382935
171,0.4427066743373871
172,0.42882171273231506
173,0.4161320924758911
174,0.4038260579109192
175,0.39105933904647827
176,0.3789713680744171
177,0.36798572540283203
178,0.35642585158348083
179,0.34568655490875244
180,0.33486244082450867
181,0.32434412837028503
182,0.31454208493232727
183,0.3043850064277649
184,0.2951192557811737
185,0.2858557403087616
186,0.2767535150051117
187,0.2679542899131775
188,0.259458988904953
189,0.251279354095459
190,0.24345213174819946
191,0.23541542887687683
192,0.228098526597023
193,0.2208050936460495
194,0.21377745270729065
195,0.20667970180511475
196,0.199846550822258
197,0.19319851696491241
198,0.18709500133991241
199,0.18091583251953125
200,0.17516496777534485
201,0.16935980319976807
202,0.16366489231586456
203,0.15816546976566315
204,0.15289978682994843
205,0.14781774580478668
206,0.14300981163978577
207,0.13798560202121735
208,0.1335640698671341
209,0.12911932170391083
210,0.12448383122682571
211,0.12028514593839645
212,0.11650750786066055
213,0.11231689900159836
214,0.10860911011695862
215,0.1048966646194458
216,0.10121729224920273
217,0.09787368029356003
218,0.09437041729688644
219,0.09122379124164581
220,0.0880591943860054
221,0.08491291105747223
222,0.08192536979913712
223,0.07922078669071198
224,0.07633785903453827
225,0.07381545752286911
226,0.0709286704659462
227,0.06849323213100433
228,0.0661308616399765
229,0.06374943256378174
230,0.06148747727274895
231,0.059262219816446304
232,0.05716542527079582
233,0.05502866581082344
234,0.05323720723390579
235,0.05114869400858879
236,0.04950634390115738
237,0.047682393342256546
238,0.045909374952316284
239,0.04417508468031883
240,0.04268069192767143
241,0.04124093055725098
242,0.03950789198279381
243,0.03813893347978592
244,0.03671286627650261
245,0.0354507640004158
246,0.034312378615140915
247,0.03291003778576851
248,0.03149041905999184
249,0.030599186196923256
250,0.02943095564842224
251,0.02829696238040924
252,0.027183271944522858
253,0.026227835565805435
254,0.02530290186405182
255,0.024319393560290337
256,0.023336946964263916
257,0.022375764325261116
258,0.021562695503234863
259,0.020762095227837563
260,0.01993693597614765
261,0.019356217235326767
262,0.01869642548263073
263,0.017984449863433838
264,0.017176827415823936
265,0.016636865213513374
266,0.015862300992012024
267,0.015289847739040852
268,0.014696836471557617
269,0.01412811130285263
270,0.013644739054143429
271,0.01306549645960331
272,0.012673252262175083
273,0.012183601967990398
274,0.011607549153268337
275,0.011216958984732628
276,0.010759716853499413
277,0.01042216271162033
278,0.010057266801595688
279,0.009729759767651558
280,0.009209114126861095
281,0.008913354016840458
282,0.008638490922749043
283,0.00830166507512331
284,0.007947460748255253
285,0.007628832012414932
286,0.007357798051089048
287,0.0072777243331074715
288,0.0068580289371311665
289,0.0065550971776247025
290,0.0064402190037071705
291,0.006067941430956125
292,0.005854953546077013
293,0.0056536877527832985
294,0.005503491498529911
295,0.005191276781260967
296,0.005087589379400015
297,0.004862494301050901
298,0.004782435484230518
299,0.004579827655106783
300,0.004337190184742212
301,0.004083491861820221
302,0.004106846172362566
303,0.004101861268281937
304,0.0038954606279730797
305,0.0037312584463506937
306,0.0035294583067297935
307,0.00348466238938272
308,0.003383668838068843
309,0.0032217521220445633
310,0.003057218622416258
311,0.0029894395265728235
312,0.0029559035319834948
313,0.002794116036966443
314,0.0027216007001698017
315,0.002709323074668646
316,0.002556893741711974
317,0.002463565208017826
318,0.002351668430492282
319,0.0022833223920315504
320,0.00226798839867115
321,0.0021419315598905087
322,0.0020262915641069412
323,0.002036585472524166
324,0.0019577997736632824
325,0.001937587046995759
326,0.0018348060548305511
327,0.001850768574513495
328,0.0017399103380739689
329,0.0017469375161454082
330,0.0016940742498263717
331,0.001522366888821125
332,0.0015570259420201182
333,0.0015665485989302397
334,0.0014154929667711258
335,0.0014099391410127282
336,0.0013354072580114007
337,0.0012906233314424753
338,0.001307960250414908
339,0.001345939701423049
340,0.0012805461883544922
341,0.0012327074073255062
342,0.0012298091314733028
343,0.001226929947733879
344,0.0011573442025110126
345,0.001202521612867713
346,0.0011003682157024741
347,0.001052201958373189
348,0.0011084775906056166
349,0.0010708775371313095
350,0.0010282545117661357
351,0.0010554019827395678
352,0.0009748716838657856
353,0.0010318809654563665
354,0.0008847404969856143
355,0.0009832039941102266
356,0.0009688928257673979
357,0.0009289711015298963
358,0.0008436917560175061
359,0.0009174107108265162
360,0.000909841968677938
361,0.0008690712274983525
362,0.0009223177330568433
363,0.0007913992740213871
364,0.000866676855366677
365,0.0008034494239836931
366,0.000840360764414072
367,0.0007685647578909993
368,0.0008192509412765503
369,0.0008142933947965503
370,0.0007699292036704719
371,0.0007395267602987587
372,0.0007788508082740009
373,0.000780408619903028
374,0.000843473884742707
375,0.0008212811080738902
376,0.0006788534810766578
377,0.0007204785943031311
378,0.0007285509491339326
379,0.0006701929378323257
380,0.0007014508591964841
381,0.0006857377593405545
382,0.0007138915243558586
383,0.0006647377158515155
384,0.0006661931984126568
385,0.0006121968035586178
386,0.0006724295089952648
387,0.0006401217542588711
388,0.0006182161159813404
389,0.0006268545403145254
390,0.0005986339529044926
391,0.0006590769626200199
392,0.0006045970949344337
393,0.0005891857435926795
394,0.0006130076944828033
395,0.0006162498611956835
396,0.0005855654599145055
397,0.0006036184495314956
398,0.0006024478934705257
399,0.0005942769348621368
400,0.0006051960517652333
401,0.0006128796958364546
402,0.0005982067668810487
403,0.0005794836906716228
404,0.0005222760373726487
405,0.0005839737714268267
406,0.0006003506132401526
407,0.000576981226913631
408,0.0005062141572125256
409,0.0006178290350362659
410,0.0006058680592104793
411,0.00048622526810504496
412,0.0005488232709467411
413,0.0005844944389536977
414,0.0005547378095798194
415,0.0005417452193796635
416,0.0005149643984623253
417,0.0005267401575110853
418,0.0005144903552718461
419,0.0005044065183028579
420,0.0004534882609732449
421,0.0004884448717348278
422,0.0005005800048820674
423,0.0005246805958449841
424,0.000509347184561193
425,0.00048754000454209745
426,0.0004452283028513193
427,0.0005455375066958368
428,0.000496976135764271
429,0.0005199544248171151
430,0.0004895308520644903
431,0.0005227422225289047
432,0.0005054115317761898
433,0.0005105461459606886
434,0.00042392723844386637
435,0.00048465808504261076
436,0.0005024280399084091
437,0.0004511190636549145
438,0.0005111901555210352
439,0.0004819961322937161
440,0.0004416333686094731
441,0.0004735782276839018
442,0.0004699473502114415
443,0.0004891574499197304
444,0.00043744934373535216
445,0.0004510304133873433
446,0.0004444336227606982
447,0.0004976538475602865
448,0.00044738571159541607
449,0.00045261270133778453
450,0.00045579913421534
451,0.0004612342454493046
452,0.0004719257995020598
453,0.00042607056093402207
454,0.0004744887992274016
455,0.00048627087380737066
456,0.000433966051787138
457,0.0004343991749919951
458,0.0004078240308444947
459,0.0004408600216265768
460,0.0004179987881798297
461,0.00040689914021641016
462,0.00040144092054106295
463,0.00042377752833999693
464,0.00045022237463854253
465,0.0004201530246064067
466,0.000400218996219337
467,0.0004223657597322017
468,0.00036296431790106
469,0.00042115600081160665
470,0.0003829533525276929
471,0.0004177428490947932
472,0.000403815065510571
473,0.00045337548363022506
474,0.00040719396201893687
475,0.0004056821344420314
476,0.0004275414103176445
477,0.00042436004150658846
478,0.00042272056452929974
479,0.0003844106395263225
480,0.0003999033651780337
481,0.00039426906732842326
482,0.00038402629434131086
483,0.0003932891704607755
484,0.00036981311859562993
485,0.0003945948265027255
486,0.000413512228988111
487,0.0003705334383994341
488,0.0003793174691963941
489,0.0003871698572766036
490,0.00043225008994340897
491,0.00040075628203339875
492,0.0003396067477297038
493,0.0003527740191202611
494,0.00042181549360975623
495,0.0003619090130086988
496,0.00040011233068071306
497,0.00039852215559221804
498,0.0003933879779651761
499,0.0003751209005713463
500,0.00034954005968756974
501,0.00036833088961429894
502,0.00036536334664560854
503,0.0003664408577606082
504,0.0003897817514371127
505,0.00035824812948703766
506,0.00035369518445804715
507,0.00037764967419207096
508,0.0003137576568406075
509,0.00034657036303542554
510,0.0003882584278471768
511,0.0004054292803630233
512,0.0003642407536972314
513,0.00032390528940595686
514,0.0004082104132976383
515,0.00035169097827747464
516,0.00035881876829080284
517,0.0003040246956516057
518,0.00032029004069045186
519,0.00032100561656989157
520,0.00035026349360123277
521,0.00034525259980000556
522,0.000335558142978698
523,0.00033781156525947154
524,0.0002950485795736313
525,0.00031463723280467093
526,0.00037255126517266035
527,0.00035792976268567145
528,0.00034238569787703454
529,0.0003708653966896236
530,0.000345217325957492
531,0.00032124912831932306
532,0.0003817274118773639
533,0.00031387858325615525
534,0.000362375722033903
535,0.00031785122700966895
536,0.0003185612731613219
537,0.0003242585517000407
538,0.0003025190671905875
539,0.0002973098889924586
540,0.00035396177554503083
541,0.00031969542033039033
542,0.0003050217346753925
543,0.0003072859544772655
544,0.0002923091233242303
545,0.000294263765681535
546,0.00028066622326150537
547,0.0003238424542360008
548,0.00029769708635285497
549,0.0003521616745274514
550,0.0003160049382131547
551,0.00030687585240229964
552,0.00029403751250356436
553,0.0002596473495941609
554,0.0003185223031323403
555,0.0003207193221896887
556,0.00029640825232490897
557,0.00026714804698713124
558,0.0003151940181851387
559,0.00026050102314911783
560,0.00027335184859111905
561,0.00032493832986801863
562,0.0002833440958056599
563,0.00027456771931611
564,0.0002595899859443307
565,0.00025939010083675385
566,0.000261730863712728
567,0.00031411851523444057
568,0.00032368942629545927
569,0.0002968749904539436
570,0.0002832754689734429
571,0.00030642581987194717
572,0.00025826203636825085
573,0.00025991263100877404
574,0.0002830821613315493
575,0.00029576310771517456
576,0.0002661371254362166
577,0.00030673909350298345
578,0.00029178892145864666
579,0.0002671544789336622
580,0.00024852051865309477
581,0.0002406670682830736
582,0.00026739182067103684
583,0.00025895980070345104
584,0.00025474029826000333
585,0.00029715511482208967
586,0.0002496540837455541
587,0.00022847496438771486
588,0.0002422209654469043
589,0.0002294599689776078
590,0.0002529695047996938
591,0.0002748069819062948
592,0.0002611079253256321
593,0.00027151641552336514
594,0.0002513493236619979
595,0.00026779662584885955
596,0.00025360871222801507
597,0.00024163449415937066
598,0.00027232608408667147
599,0.0002243044291390106
600,0.00027291374863125384
601,0.00025515281595289707
602,0.00024075024703051895
603,0.0002763261436484754
604,0.00023796549066901207
605,0.0002680286706890911
606,0.00025894641294144094
607,0.0002623627660796046
608,0.00023336484446190298
609,0.00022730902128387243
610,0.00022192100004758686
611,0.0002741347998380661
612,0.00022848532535135746
613,0.00026143627474084496
614,0.00025522077339701355
615,0.00021746158017776906
616,0.00022728675685357302
617,0.0002468459424562752
618,0.00022090060519985855
619,0.00021630163246300071
620,0.0002500401169527322
621,0.0002214968262705952
622,0.00022966247342992574
623,0.00022583505779039115
624,0.0002067816531052813
625,0.00019349480862729251
626,0.00024038564879447222
627,0.00022717575484421104
628,0.00020368446712382138
629,0.0002197897993028164
630,0.00022379745496436954
631,0.00022959559282753617
632,0.00021842472779098898
633,0.00022767060727346689
634,0.00024182646302506328
635,0.00022869797248858958
636,0.00019648335000965744
637,0.0002332694857614115
638,0.0002602555323392153
639,0.00021803360141348094
640,0.0002338413760298863
641,0.00023415069153998047
642,0.0002143803721992299
643,0.00022820604499429464
644,0.00023321088519878685
645,0.0002122424921253696
646,0.00024774420307949185
647,0.000201474002096802
648,0.000207760080229491
649,0.0002140258002327755
650,0.0002268780954182148
651,0.00020020849478896707
652,0.00023902773682493716
653,0.0002384786494076252
654,0.00020679135923273861
655,0.00021515530534088612
656,0.00022418767912313342
657,0.00021905569883529097
658,0.00024230408598668873
659,0.00023278917069546878
660,0.0002218777808593586
661,0.00020044883422087878
662,0.00024662818759679794
663,0.00021420099074020982
664,0.0002155854890588671
665,0.00022411604004446417
666,0.00019582173263188452
667,0.00018463040760252625
668,0.00019614417396951467
669,0.0001906530378619209
670,0.0001887590769911185
671,0.00018719823856372386
672,0.0001772486139088869
673,0.00021236126485746354
674,0.00023394013987854123
675,0.00023463013349100947
676,0.00020140819833613932
677,0.00021867211034987122
678,0.00022453043493442237
679,0.00020748410315718502
680,0.00020871550077572465
681,0.00019044318469241261
682,0.00018446618923917413
683,0.00018704567628446966
684,0.00019344387692399323
685,0.00021292048040777445
686,0.00019712130597326905
687,0.00021424819715321064
688,0.00020841139485128224
689,0.00020077411318197846
690,0.00019104253442492336
691,0.00018524090410210192
692,0.00018379963876213878
693,0.00021343689877539873
694,0.00018500423175282776
695,0.00018523071776144207
696,0.00018221134087070823
697,0.00017449540609959513
698,0.00019951009016949683
699,0.00019288714975118637
700,0.0001958179345820099
701,0.00018342697876505554
702,0.0002035218640230596
703,0.00017208927602041513
704,0.0002087938046315685
705,0.0001761439925758168
706,0.00018302093667443842
707,0.00018355732026975602
708,0.00020552275236696005
709,0.0001673414808465168
710,0.00018010869098361582
711,0.0001882349024526775
712,0.0001797277946025133
713,0.00018192599236499518
714,0.00017706293147057295
715,0.00017587654292583466
716,0.00017487493460066617
717,0.0001846407976699993
718,0.00015175365842878819
719,0.00019960735517088324
720,0.00018513576651457697
721,0.0001650551857892424
722,0.0001663519797148183
723,0.00017269847739953548
724,0.00020061404211446643
725,0.00016367527132388204
726,0.00017301789193879813
727,0.00017929126624949276
728,0.00016558919742237777
729,0.00020249251974746585
730,0.0001535184565000236
731,0.00014938342792447656
732,0.00016661496192682534
733,0.00017648152424953878
734,0.00017162880976684391
735,0.0001857067836681381
736,0.00017543839931022376
737,0.00017306936206296086
738,0.00017287737864535302
739,0.000174507440533489
740,0.00015684470417909324
741,0.00017287179070990533
742,0.00018072720558848232
743,0.00020142576249781996
744,0.00015505289775319397
745,0.00015639969205949455
746,0.0001937257475219667
747,0.0001466206886107102
748,0.00014959726831875741
749,0.0001582405820954591
750,0.0001489678688813001
751,0.000153267290443182
752,0.00017597430269233882
753,0.00015944773622322828
754,0.00017001846572384238
755,0.00016264755686279386
756,0.00014364860544446856
757,0.00017591103096492589
758,0.00015134878049138933
759,0.0001574039488332346
760,0.0001524203980807215
761,0.00016587656864430755
762,0.00016875106666702777
763,0.0001500361249782145
764,0.00017112800560425967
765,0.00015281962987501174
766,0.0001491576840635389
767,0.00015302588872145861
768,0.00014723633648827672
769,0.0001451735879527405
770,0.0001536504423711449
771,0.0001445709349354729
772,0.00016183978004846722
773,0.00014907268632669002
774,0.00015122650074772537
775,0.0001583888806635514
776,0.00014173504314385355
777,0.00015046655607875437
778,0.0001558324438519776
779,0.00015274695761036128
780,0.00014120606647338718
781,0.00015349236491601914
782,0.0001298501156270504
783,0.00013682912685908377
784,0.00015346516738645732
785,0.00015964415797498077
786,0.00013059111370239407
787,0.0001630045589990914
788,0.00013401622709352523
789,0.0001475940807722509
790,0.0001435387966921553
791,0.00012874152162112296
792,0.0001294341345783323
793,0.0001479972997913137
794,0.0001374272833345458
795,0.00013700425915885717
796,0.0001677833788562566
797,0.00012559401511680335
798,0.00012991328549105674
799,0.0001391475962009281
800,0.00016007127123884857
801,0.00014865097182337195
802,0.0001542544923722744
803,0.00014670156815554947
804,0.00013305890024639666
805,0.00013595428026746958
806,0.00015364447608590126
807,0.0001343573530903086
808,0.00012872228398919106
809,0.00012657040497288108
810,0.00012119170423829928
811,0.00014040269888937473
812,0.00011158287088619545
813,0.00013620563549920917
814,0.00014087717863731086
815,0.00014601471775677055
816,0.00013116975605953485
817,0.0001310133229708299
818,0.00013450199912767857
819,0.00012473331298679113
820,0.0001308852224610746
821,0.00014266569633036852
822,0.00011970995547017083
823,0.00012520383461378515
824,0.00013513752492144704
825,0.00014111134805716574
826,0.0001153892808360979
827,0.00013665448932442814
828,0.00011039423407055438
829,0.0001128346921177581
830,0.0001369037345284596
831,0.00013366679195314646
832,0.00013933969603385776
833,0.00013950158609077334
834,0.00013315877004060894
835,0.00013746731565333903
836,0.0001242403086507693
837,0.00012840684212278575
838,0.00011942083074245602
839,0.00012899261491838843
840,0.00012159281322965398
841,0.00010851717524928972
842,0.00012968364171683788
843,0.00011454956256784499
844,0.00010707065666792914
845,0.00012898466957267374
846,0.00011936351074837148
847,0.00013028606190346181
848,0.00012565802899189293
849,0.00010708570334827527
850,0.00013668152678292245
851,0.00013401167234405875
852,0.00010846614895854145
853,0.00013134290929883718
854,0.00013440719339996576
855,0.0001166799120255746
856,0.00011076910595875233
857,0.00010829084203578532
858,0.00012807607708964497
859,0.00012628962576854974
860,0.0001136751234298572
861,0.00011368328705430031
862,0.00012022910232190043
863,0.00013067730469629169
864,0.00012677523773163557
865,0.00011312112474115565
866,0.00012281982344575226
867,9.87219245871529e-05
868,0.00011633854592218995
869,0.00011895287752849981
870,0.00012302094546612352
871,0.00010453156573930755
872,0.0001183222557301633
873,0.00010398121958132833
874,0.00010366014612372965
875,0.00012112309923395514
876,0.00011328151595080271
877,0.00012236260226927698
878,0.00012021592556266114
879,0.00011744640505639836
880,0.0001224028383148834
881,0.00010021531488746405
882,0.00011987580364802852
883,0.0001145414644270204
884,0.00010527543781790882
885,0.00011741447087842971
886,0.00011400970834074542
887,0.00012933838297612965
888,0.00010666451271390542
889,0.00011136065586470068
890,0.00010216916416538879
891,0.00010152781032957137
892,0.00011466148862382397
893,9.936191054293886e-05
894,0.00010381968604633585
895,0.0001187584493891336
896,0.00011483813432278112
897,9.488321666140109e-05
898,0.00010404924250906333
899,0.0001078862405847758
900,9.677028720034286e-05
901,8.857153443386778e-05
902,8.376738696824759e-05
903,0.00010432636190671474
904,0.00011574275413295254
905,0.00010119542275788262
906,9.438791312277317e-05
907,0.00010375026613473892
908,0.00011421625094953924
909,9.704721014713868e-05
910,9.600917110219598e-05
911,9.304847480962053e-05
912,9.693647007225081e-05
913,9.566223161527887e-05
914,9.831030911300331e-05
915,0.00010889449913520366
916,9.633511945139617e-05
917,8.77410639077425e-05
918,0.00010317730630049482
919,9.320602839579806e-05
920,9.905898332362995e-05
921,9.578227763995528e-05
922,0.00010240508709102869
923,0.00010073783778352663
924,9.743653208715841e-05
925,9.76632145466283e-05
926,0.00010046212992165238
927,9.495593258179724e-05
928,0.00010274980013491586
929,8.85462504811585e-05
930,0.00010146208660444245
931,0.00010083302913699299
932,9.00129452929832e-05
933,9.991645492846146e-05
934,9.488483192399144e-05
935,0.00010299413406755775
936,9.627335384720936e-05
937,9.136244625551626e-05
938,9.363228309666738e-05
939,9.394028893439099e-05
940,8.810688450466841e-05
941,7.748022471787408e-05
942,9.138907626038417e-05
943,8.8901499111671e-05
944,9.105679055210203e-05
945,9.107610821956769e-05
946,8.603445894550532e-05
947,9.368684550281614e-05
948,9.841472638072446e-05
949,8.415027696173638e-05
950,0.00010420884063933045
951,9.327589214080945e-05
952,8.48791460157372e-05
953,7.414184074150398e-05
954,9.339718235423788e-05
955,8.042865374591202e-05
956,9.05323468032293e-05
957,8.918337698560208e-05
958,9.453388338442892e-05
959,0.00010715847020037472
960,9.455364488530904e-05
961,9.25621425267309e-05
962,8.978218102129176e-05
963,9.081251482712105e-05
964,8.77310085343197e-05
965,7.993212784640491e-05
966,7.875545998103917e-05
967,8.566682663513348e-05
968,9.701535600470379e-05
969,8.916205115383491e-05
970,9.760113607626408e-05
971,8.493158384226263e-05
972,8.084996079560369e-05
973,9.222119115293026e-05
974,8.104315202217549e-05
975,8.303102367790416e-05
976,8.816426270641387e-05
977,8.148722554324195e-05
978,7.355814886977896e-05
979,8.512494969181716e-05
980,8.628287469036877e-05
981,8.969198825070634e-05
982,8.180619624909014e-05
983,8.255963621195406e-05
984,7.571945752715692e-05
985,8.498517127009109e-05
986,8.181824523489922e-05
987,7.72954081185162e-05
988,8.156303374562413e-05
989,9.596468589734286e-05
990,8.611923112766817e-05
991,8.22363217594102e-05
992,9.223491360899061e-05
993,8.15955936559476e-05
994,8.423916005995125e-05
995,8.534130029147491e-05
996,7.801798346918076e-05
997,8.17594991531223e-05
998,7.675634697079659e-05
999,8.345514652319252e-05
1000,8.054568752413616e-05
1001,8.609360520495102e-05
1002,8.527367754140869e-05
1003,8.004732080735266e-05
1004,7.82517236075364e-05
1005,8.918150706449524e-05
1006,8.0861609603744e-05
1007,8.754886221140623e-05
1008,7.344077312154695e-05
1009,7.795185229042545e-05
1010,8.09320408734493e-05
1011,7.28429586160928e-05
1012,8.434217306785285e-05
1013,7.243721483973786e-05
1014,7.997357897693291e-05
1015,8.055712532950565e-05
1016,7.486401591449976e-05
1017,6.981160549912602e-05
1018,8.578955021221191e-05
1019,6.692259921692312e-05
1020,6.980697071412578e-05
1021,7.329049549298361e-05
1022,7.435966836055741e-05
1023,7.329265645239502e-05
1024,7.270091737154871e-05
1025,6.996619049459696e-05
1026,6.985783693380654e-05
1027,7.493260636692867e-05
1028,7.432289567077532e-05
1029,7.25185454939492e-05
1030,7.839180761948228e-05
1031,6.649113493040204e-05
1032,6.982892227824777e-05
1033,7.066663965815678e-05
1034,7.653968350496143e-05
1035,6.937430589459836e-05
1036,7.086142431944609e-05
1037,8.122959116008133e-05
1038,6.895000115036964e-05
1039,7.492766599170864e-05
1040,6.992571434238926e-05
1041,7.778898725518957e-05
1042,7.758948777336627e-05
1043,7.120246300473809e-05
1044,7.609664316987619e-05
1045,7.620533870067447e-05
1046,6.497024878626689e-05
1047,7.401291804853827e-05
1048,6.673835014225915e-05
1049,7.299374556168914e-05
1050,6.506903446279466e-05
1051,6.111639231676236e-05
1052,5.834814874106087e-05
1053,7.24058409105055e-05
1054,7.706718315603212e-05
1055,5.9639143728418276e-05
1056,7.826353248674423e-05
1057,7.063732482492924e-05
1058,7.024441583780572e-05
1059,6.337391823763028e-05
1060,6.743013364030048e-05
1061,6.937584839761257e-05
1062,6.252335879253224e-05
1063,7.317605195567012e-05
1064,7.635575457243249e-05
1065,7.572525646537542e-05
1066,6.98644362273626e-05
1067,6.552516424562782e-05
1068,6.399334233719856e-05
1069,6.355909135891125e-05
1070,6.090977694839239e-05
1071,6.920533633092418e-05
1072,6.612749712076038e-05
1073,6.334482895908877e-05
1074,6.923836190253496e-05
1075,6.194654997671023e-05
1076,5.6502460211049765e-05
1077,5.9474201407283545e-05
1078,6.557531742146239e-05
1079,5.613368557533249e-05
1080,6.389956251950935e-05
1081,6.613816367462277e-05
1082,6.592434510821477e-05
1083,6.153294089017436e-05
1084,6.54147079330869e-05
1085,6.33599775028415e-05
1086,6.019996362738311e-05
1087,7.191720942500979e-05
1088,6.573477003257722e-05
1089,6.969893001951277e-05
1090,6.63849277771078e-05
1091,7.603367703268304e-05
1092,6.776746886316687e-05
1093,6.381805724231526e-05
1094,6.475004920503125e-05
1095,6.160106568131596e-05
1096,5.796531695523299e-05
1097,5.744909503846429e-05
1098,5.714665167033672e-05
1099,6.022161687724292e-05
1100,6.25157481408678e-05
1101,6.267352728173137e-05
1102,5.314372174325399e-05
1103,6.065020352252759e-05
1104,5.886855797143653e-05
1105,6.558726454386488e-05
1106,6.383922300301492e-05
1107,5.097760367789306e-05
1108,6.356622179737315e-05
1109,5.8197343605570495e-05
1110,6.144245708128437e-05
1111,5.997622793074697e-05
1112,5.6689208577154204e-05
1113,5.375680484576151e-05
1114,6.239952199393883e-05
1115,6.075743294786662e-05
1116,5.8514160627964884e-05
1117,6.306508294073865e-05
1118,5.249938476481475e-05
1119,5.8289824664825574e-05
1120,6.311629113042727e-05
1121,5.519916521734558e-05
1122,5.5963959312066436e-05
1123,5.81633357796818e-05
1124,5.574523675022647e-05
1125,5.6999419030034915e-05
1126,5.344169039744884e-05
1127,5.3166746511124074e-05
1128,5.340069765225053e-05
1129,5.243505074759014e-05
1130,5.708608659915626e-05
1131,5.804974716738798e-05
1132,5.903755663894117e-05
1133,5.8039891882799566e-05
1134,6.222838419489563e-05
1135,5.4945863666944206e-05
1136,5.309070911607705e-05
1137,5.896794027648866e-05
1138,5.387107012211345e-05
1139,5.380959919421002e-05
1140,4.463130244403146e-05
1141,6.114731513662264e-05
1142,4.1630213672760874e-05
1143,5.6881421187426895e-05
1144,5.488062015501782e-05
1145,5.2147788665024564e-05
1146,4.8625814088154584e-05
1147,5.15136998728849e-05
1148,5.4353073210222647e-05
1149,4.879616608377546e-05
1150,4.584423004416749e-05
1151,5.2448776841629297e-05
1152,5.3709900385001674e-05
1153,5.5140204494819045e-05
1154,6.1860351706855e-05
1155,5.151198638486676e-05
1156,4.803673073183745e-05
1157,4.842203634325415e-05
1158,5.368134588934481e-05
1159,5.613583925878629e-05
1160,5.5643165978835896e-05
1161,5.247913213679567e-05
1162,5.171790689928457e-05
1163,4.85050113638863e-05
1164,4.779279697686434e-05
1165,5.910668187425472e-05
1166,4.8132533265743405e-05
1167,4.325072586652823e-05
1168,4.789165177498944e-05
1169,5.5516586144221947e-05
1170,6.369272887241095e-05
1171,4.9126385420095176e-05
1172,5.168736242922023e-05
1173,4.72164829261601e-05
1174,5.925549703533761e-05
1175,5.367365156416781e-05
1176,5.585314647760242e-05
1177,4.7072720917640254e-05
1178,5.20187386428006e-05
1179,4.8762485675979406e-05
1180,5.2788473112741485e-05
1181,5.1957849791506305e-05
1182,5.091741695650853e-05
1183,4.8377933126175776e-05
1184,4.789329250343144e-05
1185,4.768804137711413e-05
1186,4.3765438022091985e-05
1187,4.7107518184930086e-05
1188,4.8972990043694153e-05
1189,4.633800563169643e-05
1190,4.852230995311402e-05
1191,5.0936665502376854e-05
1192,5.0746064516715705e-05
1193,5.2407223847694695e-05
1194,4.5692624553339556e-05
1195,4.713248199550435e-05
1196,3.834495146293193e-05
1197,5.820671867695637e-05
1198,5.3870127885602415e-05
1199,5.520782360690646e-05
1200,4.8931531637208536e-05
1201,4.573396290652454e-05
1202,4.51395426352974e-05
1203,4.739204450743273e-05
1204,4.224507210892625e-05
1205,4.766588972415775e-05
1206,4.8288406105712056e-05
1207,4.258739500073716e-05
1208,4.532710954663344e-05
1209,4.5119573769625276e-05
1210,4.2661278712330386e-05
1211,4.925945904687978e-05
1212,4.554896804620512e-05
1213,4.06564686272759e-05
1214,4.940435610478744e-05
1215,4.438132236828096e-05
1216,4.1265360778197646e-05
1217,4.427969906828366e-05
1218,4.2518313421169296e-05
1219,4.451234417501837e-05
1220,4.7213859943440184e-05
1221,3.9418118831235915e-05
1222,3.581478085834533e-05
1223,4.446063030627556e-05
1224,4.490411083679646e-05
1225,4.092518793186173e-05
1226,5.0785380153683946e-05
1227,4.662538776756264e-05
1228,3.756407386390492e-05
1229,4.3507778173079714e-05
1230,4.0351915231440216e-05
1231,4.60012124676723e-05
1232,4.367022120277397e-05
1233,4.104017716599628e-05
1234,3.417301195440814e-05
1235,4.7484842070844024e-05
1236,4.364117557997815e-05
1237,4.202124182484113e-05
1238,4.48775572294835e-05
1239,4.216135494061746e-05
1240,4.159520904067904e-05
1241,4.365774293546565e-05
1242,4.433622598298825e-05
1243,4.133494076086208e-05
1244,3.859411663142964e-05
1245,4.232624633004889e-05
1246,4.027604154543951e-05
1247,3.748503513634205e-05
1248,4.109468500246294e-05
1249,3.750307223526761e-05
1250,3.806079985224642e-05
1251,4.453317160368897e-05
1252,4.1980591049650684e-05
1253,3.8000111089786515e-05
1254,4.062320658704266e-05
1255,3.129246033495292e-05
1256,3.6427940358407795e-05
1257,3.7397814594442025e-05
1258,4.0075043216347694e-05
1259,3.889646177412942e-05
1260,3.70173183910083e-05
1261,3.888924766215496e-05
1262,3.7566911487374455e-05
1263,4.4258154957788065e-05
1264,4.035312667838298e-05
1265,3.958922025049105e-05
1266,3.9309103158302605e-05
1267,3.7393423554021865e-05
1268,3.661517985165119e-05
1269,4.068023190484382e-05
1270,3.567741805454716e-05
1271,4.012482168036513e-05
1272,4.191152402199805e-05
1273,3.371804632479325e-05
1274,3.9195809222292155e-05
1275,3.708201620611362e-05
1276,4.412881753523834e-05
1277,3.579187614377588e-05
1278,4.0251707105198875e-05
1279,3.244196341256611e-05
1280,4.1672548832139e-05
1281,3.7265592254698277e-05
1282,4.2256539018126205e-05
1283,3.738185841939412e-05
1284,3.962250048061833e-05
1285,3.737914812518284e-05
1286,3.273731635999866e-05
1287,3.306526559754275e-05
1288,3.5642049624584615e-05
1289,3.315874346299097e-05
1290,3.903967444784939e-05
1291,3.6885645386064425e-05
1292,3.722457040566951e-05
1293,3.7408783100545406e-05
1294,3.555282819434069e-05
1295,3.4625067200977355e-05
1296,3.9246195228770375e-05
1297,3.413793820072897e-05
1298,3.677382483147085e-05
1299,3.6465204175328836e-05
1300,3.30959701386746e-05
1301,3.509780071908608e-05
1302,4.211490886518732e-05
1303,4.2132312955800444e-05
1304,4.3257234210614115e-05
1305,3.8966532883932814e-05
1306,3.5140801628585905e-05
1307,3.4608918213052675e-05
1308,4.450718915904872e-05
1309,4.189798710285686e-05
1310,3.258616561652161e-05
1311,3.869857391691767e-05
1312,4.006458766525611e-05
1313,3.800788545049727e-05
1314,3.931783066946082e-05
1315,3.4869481169153005e-05
1316,3.692739483085461e-05
1317,3.553043643478304e-05
1318,3.672204547910951e-05
1319,2.9651473596459255e-05
1320,4.095139593118802e-05
1321,3.324929639347829e-05
1322,3.600509444368072e-05
1323,3.836166797555052e-05
1324,3.985690636909567e-05
1325,3.726867726072669e-05
1326,2.9478451324393973e-05
1327,4.439672557055019e-05
1328,3.6603505577659234e-05
1329,4.358652586233802e-05
1330,3.8870886783115566e-05
1331,3.151851342408918e-05
1332,3.4550412237877026e-05
1333,4.1436436731601134e-05
1334,3.8526639400515705e-05
1335,3.629700586316176e-05
1336,3.8125552237033844e-05
1337,3.538773671607487e-05
1338,3.647935591288842e-05
1339,3.694362749229185e-05
1340,3.290120730525814e-05
1341,3.528347588144243e-05
1342,3.7611531297443435e-05
1343,3.347347228555009e-05
1344,2.9531871405197307e-05
1345,3.231081063859165e-05
1346,3.178746919729747e-05
1347,3.618851042119786e-05
1348,3.152741555823013e-05
1349,2.9827533580828458e-05
1350,3.20089930028189e-05
1351,3.321234544273466e-05
1352,3.309911335236393e-05
1353,3.0885512387612835e-05
1354,3.549732355168089e-05
1355,2.898564525821712e-05
1356,3.6714071029564366e-05
1357,3.426507828407921e-05
1358,3.300218304502778e-05
1359,3.1566178222419694e-05
1360,3.205137909390032e-05
1361,3.137383464490995e-05
1362,3.073044717893936e-05
1363,2.85335372609552e-05
1364,3.027236380148679e-05
1365,2.8031759939040057e-05
1366,3.1167615816229954e-05
1367,2.7448684704722837e-05
1368,3.0172270271577872e-05
1369,2.8654185371124186e-05
1370,3.287825165898539e-05
1371,2.9928200092399493e-05
1372,3.821734571829438e-05
1373,3.16574405587744e-05
1374,3.5225337342126295e-05
1375,2.8520255000330508e-05
1376,3.543589627952315e-05
1377,2.773629421426449e-05
1378,3.071150786126964e-05
1379,3.478412691038102e-05
1380,2.8056909286533482e-05
1381,2.6388332116766833e-05
1382,2.6936755602946505e-05
1383,2.5331295546493493e-05
1384,2.5916486265487038e-05
1385,2.689199391170405e-05
1386,2.7676747777150013e-05
1387,2.9499757147277705e-05
1388,2.6068722945638e-05
1389,2.7747430067392997e-05
1390,2.670723188202828e-05
1391,2.4696313630556688e-05
1392,2.398697688477114e-05
1393,2.4860131816240028e-05
1394,3.0158293157001026e-05
1395,2.9196160539868288e-05
1396,2.857155959645752e-05
1397,2.498047979315743e-05
1398,3.402946094865911e-05
1399,2.644143569341395e-05
1400,3.162840221193619e-05
1401,3.235961776226759e-05
1402,2.9007131161051802e-05
1403,2.7500858777784742e-05
1404,2.728356048464775e-05
1405,2.6827370675164275e-05
1406,2.6728343073045835e-05
1407,2.7036070605390705e-05
1408,2.3283659174921922e-05
1409,2.9662440283573233e-05
1410,2.5560915673850104e-05
1411,2.7816948204417713e-05
1412,2.5935418307199143e-05
1413,2.7267562472843565e-05
1414,2.7562076866161078e-05
1415,3.2562067644903436e-05
1416,2.9910794182796963e-05
1417,2.5408151486772113e-05
1418,2.8095799279981293e-05
1419,2.5654162527644075e-05
1420,2.355218748562038e-05
1421,2.8497102903202176e-05
1422,2.536848114687018e-05
1423,2.4457634935970418e-05
1424,3.042064417968504e-05
1425,3.048621874768287e-05
1426,2.263200622110162e-05
1427,2.6656154659576714e-05
1428,2.647299515956547e-05
1429,2.5700850528664887e-05
1430,2.5305442250100896e-05
1431,3.090851168963127e-05
1432,2.4046690668910742e-05
1433,2.757981201284565e-05
1434,2.7488009436638094e-05
1435,2.615731136756949e-05
1436,2.6197214538115077e-05
1437,2.532964754209388e-05
1438,2.308334478584584e-05
1439,2.3548316676169634e-05
1440,2.500366281310562e-05
1441,2.309914088982623e-05
1442,2.691527333809063e-05
1443,2.2758205886930227e-05
1444,2.343765299883671e-05
1445,2.4989840312628075e-05
1446,2.976185714942403e-05
1447,2.3819251509848982e-05
1448,2.497971581760794e-05
1449,2.051112642220687e-05
1450,2.8785079848603345e-05
1451,2.3910544769023545e-05
1452,2.5737108444445767e-05
1453,2.4837199816829525e-05
1454,2.7071986551163718e-05
1455,2.0648747522500344e-05
1456,2.7669573682942428e-05
1457,2.351774128328543e-05
1458,2.4622959244879894e-05
1459,2.2320466086966917e-05
1460,2.7767902793129906e-05
1461,2.498594403732568e-05
1462,2.5853109036688693e-05
1463,2.0913626940455288e-05
1464,2.325402783753816e-05
1465,2.943271647382062e-05
1466,2.200195194745902e-05
1467,2.5299505068687722e-05
1468,3.335574365337379e-05
1469,2.77319395536324e-05
1470,2.5785297111724503e-05
1471,2.3157670511864126e-05
1472,2.1008170733693987e-05
1473,2.4331813619937748e-05
1474,2.6249164875480346e-05
1475,2.5054834623006172e-05
1476,2.8775029932148755e-05
1477,2.1699237549910322e-05
1478,2.497992136341054e-05
1479,2.3883587346062995e-05
1480,2.8184513212181628e-05
1481,2.0427496565389447e-05
1482,2.4792754629743285e-05
1483,2.147452687495388e-05
1484,2.2574682589038275e-05
1485,1.7607540939934552e-05
1486,1.891769716166891e-05
1487,2.0748042516061105e-05
1488,2.460596624587197e-05
1489,2.3680613594478928e-05
1490,2.1508940335479565e-05
1491,2.7573049010243267e-05
1492,2.339743332413491e-05
1493,2.580666659923736e-05
1494,2.5427081709494814e-05
1495,2.301852327946108e-05
1496,2.2065081793698482e-05
1497,2.837849206116516e-05
1498,2.2029242245480418e-05
1499,2.4385484721278772e-05
1500,2.379199031565804e-05
1501,3.3249165426241234e-05
1502,2.6692832761909813e-05
1503,2.5740493583725765e-05
1504,2.6074163542944007e-05
1505,2.5974914024118334e-05
1506,2.6649819119484164e-05
1507,3.490962990326807e-05
1508,2.3866155970608816e-05
1509,2.999586286023259e-05
1510,2.2860660465084948e-05
1511,3.1525647500529885e-05
1512,2.6929052182822488e-05
1513,3.088370795012452e-05
1514,2.712207606236916e-05
1515,2.8818471037084237e-05
1516,2.5867042495519854e-05
1517,2.1499865397345275e-05
1518,1.9643763152998872e-05
1519,2.9818784241797403e-05
1520,2.4172280973289162e-05
1521,2.5065810405067168e-05
1522,2.825707088049967e-05
1523,2.669722744030878e-05
1524,2.911549381678924e-05
1525,2.2343370801536366e-05
1526,2.9014103347435594e-05
1527,2.9461323720170185e-05
1528,2.117977783200331e-05
1529,2.385538027738221e-05
1530,2.6765826987684704e-05
1531,2.1323377950466238e-05
1532,2.552169098635204e-05
1533,1.876939677458722e-05
1534,2.314349330845289e-05
1535,1.9648859961307608e-05
1536,2.2789790818933398e-05
1537,1.924555363075342e-05
1538,1.7551437849760987e-05
1539,1.9401275494601578e-05
1540,1.7595739336684346e-05
1541,1.849983527790755e-05
1542,1.9079583580605686e-05
1543,1.699520362308249e-05
1544,2.279555337736383e-05
1545,2.0224069885443896e-05
1546,2.043236054305453e-05
1547,1.7426425984012894e-05
1548,1.764089392963797e-05
1549,1.780313323251903e-05
1550,1.549210719531402e-05
1551,1.7585340174264275e-05
1552,1.7261483662878163e-05
1553,2.0337882233434357e-05
1554,1.7324055079370737e-05
1555,1.717726445349399e-05
1556,1.9352841263753362e-05
1557,1.7036896679201163e-05
1558,1.8235141396871768e-05
1559,1.7197977285832167e-05
1560,1.7226477211806923e-05
1561,1.6515468814759515e-05
1562,1.4945862858439796e-05
1563,1.7487713193986565e-05
1564,1.8046899640467018e-05
1565,1.6332531231455505e-05
1566,1.9662813429022208e-05
1567,2.203500480391085e-05
1568,1.531902489659842e-05
1569,1.4488927263300866e-05
1570,1.6784619219833985e-05
1571,1.737293496262282e-05
1572,1.8835939044947736e-05
1573,1.7229956938535906e-05
1574,1.871719905466307e-05
1575,1.5345271094702184e-05
1576,2.2629259547102265e-05
1577,1.9356142729520798e-05
1578,2.5641003958298825e-05
1579,1.6431164112873375e-05
1580,2.3947792215039954e-05
1581,1.8332879335503094e-05
1582,2.3696469725109637e-05
1583,1.8534730770625174e-05
1584,1.9740413335966878e-05
1585,1.5197912034636829e-05
1586,2.0291132386773825e-05
1587,1.7192742234328762e-05
1588,1.894610613817349e-05
1589,1.5224749404296745e-05
1590,1.588616032677237e-05
1591,1.6504332961631007e-05
1592,1.890326529974118e-05
1593,1.804071325750556e-05
1594,1.7201140508404933e-05
1595,1.9162334865541197e-05
1596,1.8183573047281243e-05
1597,2.3178139599622227e-05
1598,1.644852090976201e-05
1599,1.4868904145259876e-05
1600,1.7426365957362577e-05
1601,2.059661528619472e-05
1602,1.9005065041710623e-05
1603,1.6186755601665936e-05
1604,1.9953467926825397e-05
1605,1.3735088941757567e-05
1606,1.7800693967728876e-05
1607,1.715526741463691e-05
1608,1.4478815501206554e-05
1609,1.7145297533716075e-05
1610,1.6385440176236443e-05
1611,1.615250948816538e-05
1612,1.4687034308735747e-05
1613,1.5803869246155955e-05
1614,1.7308711903751828e-05
1615,1.589465500728693e-05
1616,1.8076856576954015e-05
1617,2.2280793928075582e-05
1618,1.5349549357779324e-05
1619,1.7185515389428474e-05
1620,1.4523075151373632e-05
1621,1.9678946046042256e-05
1622,1.690186036285013e-05
1623,1.5797480955370702e-05
1624,1.6454079741379246e-05
1625,1.4637103959103115e-05
1626,1.7851471056928858e-05
1627,1.3785807823296636e-05
1628,1.781495302566327e-05
1629,1.3022681741858833e-05
1630,1.6195197531487793e-05
1631,1.3364940969040617e-05
1632,1.493402032792801e-05
1633,1.4049875062482897e-05
1634,1.5845727830310352e-05
1635,1.5247625924530439e-05
1636,1.3241909073258284e-05
1637,1.4615874533774331e-05
1638,1.3147926438250579e-05
1639,1.1698327398335095e-05
1640,1.4174795978760812e-05
1641,1.3458155081025325e-05
1642,1.545647501188796e-05
1643,1.566316313983407e-05
1644,1.4460601050814148e-05
1645,1.3850562936568167e-05
1646,1.4911013749951962e-05
1647,1.550390516058542e-05
1648,1.3745947399002034e-05
1649,1.2393879842420574e-05
1650,1.4222556274035014e-05
1651,1.3493069673131686e-05
1652,1.3291823961480986e-05
1653,1.2489871551224496e-05
1654,1.4237704817787744e-05
1655,1.4555798770743422e-05
1656,1.197684741782723e-05
1657,1.7479176676715724e-05
1658,1.2911477824673057e-05
1659,1.3588480214821175e-05
1660,1.3022777238802519e-05
1661,1.4769340850762092e-05
1662,1.5475981854251586e-05
1663,1.2299166883167345e-05
1664,1.4729734175489284e-05
1665,1.1864926818816457e-05
1666,1.4052979167900048e-05
1667,1.4242571523936931e-05
1668,1.3784882867184933e-05
1669,1.4528418432746548e-05
1670,1.366485139442375e-05
1671,1.4863225260342006e-05
1672,1.3201337424106896e-05
1673,1.427162715117447e-05
1674,1.2099289961042814e-05
1675,1.77838282979792e-05
1676,1.7972986825043336e-05
1677,1.4051590369490441e-05
1678,1.6412661352660507e-05
1679,1.3521228538593277e-05
1680,1.6361438611056656e-05
1681,1.3475185369316023e-05
1682,1.8240871213492937e-05
1683,1.1854295735247433e-05
1684,1.6406569557148032e-05
1685,1.4775528143218253e-05
1686,1.2577460438478738e-05
1687,1.3699552255275194e-05
1688,1.3722100447921548e-05
1689,1.7544787624501623e-05
1690,1.6905874872463755e-05
1691,1.4275345165515319e-05
1692,1.744047949614469e-05
1693,1.3554736142395996e-05
1694,1.723572495393455e-05
1695,1.4839222785667516e-05
1696,1.827325286285486e-05
1697,1.6095405953819863e-05
1698,1.9048562535317615e-05
1699,2.2596152120968327e-05
1700,1.3219922948337626e-05
1701,2.272559686389286e-05
1702,1.1323701073706616e-05
1703,1.956213054654654e-05
1704,1.2308121768001001e-05
1705,1.7512491467641667e-05
1706,1.3454866348183714e-05
1707,1.7466434655943885e-05
1708,1.3245787158666644e-05
1709,1.77839829120785e-05
1710,1.3406626749201678e-05
1711,1.9360539226909168e-05
1712,1.2450771464500576e-05
1713,1.3652154848387e-05
1714,1.4690966054331511e-05
1715,1.4818649106018711e-05
1716,1.199055986944586e-05
1717,1.4016425666341092e-05
1718,1.2917741514684167e-05
1719,1.1337062460370362e-05
1720,1.099847759178374e-05
1721,1.1789025847974699e-05
1722,1.2929807780892588e-05
1723,1.176382829726208e-05
1724,1.1721815099008381e-05
1725,1.1373279448889662e-05
1726,1.2148783753218595e-05
1727,1.58212315000128e-05
1728,1.0578241926850751e-05
1729,1.5324412743211724e-05
1730,1.1958522009081207e-05
1731,1.4278217349783517e-05
1732,1.2831875210395083e-05
1733,1.2073795005562715e-05
1734,1.098535540222656e-05
1735,1.167330628959462e-05
1736,1.1320369594614021e-05
1737,1.2954872545378748e-05
1738,1.6168285583262332e-05
1739,1.1823912245745305e-05
1740,1.167354184872238e-05
1741,1.3149376172805205e-05
1742,1.3786309864372015e-05
1743,1.2436072211130522e-05
1744,1.4010673112352379e-05
1745,1.2063362191838678e-05
1746,1.5941483070491813e-05
1747,1.0895504601649009e-05
1748,1.1006739441654645e-05
1749,1.3195684914535377e-05
1750,1.5466597687918693e-05
1751,1.121085097111063e-05
1752,1.2951650205650367e-05
1753,1.0669859875633847e-05
1754,1.1729522157111205e-05
1755,1.1006873137375806e-05
1756,1.0138740435650107e-05
1757,9.919945114233997e-06
1758,1.1670435924315825e-05
1759,1.0605023817333858e-05
1760,1.0433310308144428e-05
1761,9.209032214130275e-06
1762,1.0244706572848372e-05
1763,9.740670975588728e-06
1764,1.1097104106738698e-05
1765,1.3158254660083912e-05
1766,9.572466296958737e-06
1767,1.0267618563375436e-05
1768,1.2179441910120659e-05
1769,1.1239478226343635e-05
1770,9.83358495432185e-06
1771,8.280715519504156e-06
1772,1.1057944902859163e-05
1773,1.0379828381701373e-05
1774,9.751014658831991e-06
1775,1.1034632734663319e-05
1776,1.0344222573621664e-05
1777,1.040004372043768e-05
1778,1.0793095498229377e-05
1779,1.1784892194555141e-05
1780,1.1732185157597996e-05
1781,1.1015378731826786e-05
1782,1.1446306416473817e-05
1783,1.6797956050140783e-05
1784,1.4061592082725838e-05
1785,1.2125259672757238e-05
1786,1.540659104648512e-05
1787,1.078990590031026e-05
1788,1.2787078958353959e-05
1789,1.3071624380245339e-05
1790,1.1536176316440105e-05
1791,1.144831912824884e-05
1792,8.782024451647885e-06
1793,1.1061191798944492e-05
1794,9.769839380169287e-06
1795,9.338684321846813e-06
1796,1.0951874173770193e-05
1797,1.1550318959052674e-05
1798,9.77828494796995e-06
1799,1.0679083061404526e-05
1800,1.162226908490993e-05
1801,8.31309262139257e-06
1802,1.0481300705578178e-05
1803,8.3957502283738e-06
1804,9.901990779326297e-06
1805,9.122882147494238e-06
1806,1.0105126420967281e-05
1807,8.41168366605416e-06
1808,1.0934669262496755e-05
1809,9.198751286021434e-06
1810,9.390123523189686e-06
1811,8.45971044327598e-06
1812,1.2575675100379158e-05
1813,9.23453080758918e-06
1814,1.3212547855800949e-05
1815,1.1347498912073206e-05
1816,1.058362249750644e-05
1817,1.0459509212523699e-05
1818,9.707275239634328e-06
1819,8.217154572776053e-06
1820,1.0722568731580395e-05
1821,9.282875907956623e-06
1822,8.762253855820745e-06
1823,8.958939361036755e-06
1824,9.447747288504615e-06
1825,9.158645298157353e-06
1826,8.568429620936513e-06
1827,8.679632628627587e-06
1828,1.0202687917626463e-05
1829,1.0018238754128106e-05
1830,9.47002354223514e-06
1831,7.694540727243293e-06
1832,9.56626536208205e-06
1833,1.0056628525489941e-05
1834,9.860375939751975e-06
1835,8.451172107015736e-06
1836,9.238176062353887e-06
1837,1.0393355296400841e-05
1838,9.880865945888218e-06
1839,9.308781955041923e-06
1840,1.0148551154998131e-05
1841,9.484266229264904e-06
1842,8.339314263139386e-06
1843,9.76472074398771e-06
1844,1.1035092029487714e-05
1845,9.904179933073465e-06
1846,8.384892680624034e-06
1847,1.0206753358943388e-05
1848,1.2011444596282672e-05
1849,1.0834605745912995e-05
1850,7.979159818205517e-06
1851,8.478781637677457e-06
1852,1.0161123100260738e-05
1853,9.7034135251306e-06
1854,8.814444299787283e-06
1855,1.0137457138625905e-05
1856,1.0761058547359426e-05
1857,1.0321637091692537e-05
1858,7.965953045641072e-06
1859,1.1555998753465246e-05
1860,1.0509344065212645e-05
1861,9.83467725745868e-06
1862,1.1150735190312844e-05
1863,7.700933565502055e-06
1864,8.716716365597676e-06
1865,7.279028068296611e-06
1866,1.0770522749226075e-05
1867,1.0089032002724707e-05
1868,8.2750439105439e-06
1869,9.714234693092294e-06
1870,8.533808795618825e-06
1871,1.0028709766629618e-05
1872,8.401078957831487e-06
1873,8.077631719061173e-06
1874,1.0109905815625098e-05
1875,8.329403499374166e-06
1876,1.1851736417156644e-05
1877,9.586547093931586e-06
1878,1.251746743946569e-05
1879,9.937221875588875e-06
1880,8.94234653969761e-06
1881,9.165562914859038e-06
1882,8.651622920297086e-06
1883,1.04812606878113e-05
1884,7.95748746895697e-06
1885,9.856204087554943e-06
1886,6.302508154476527e-06
1887,1.0033641956397332e-05
1888,9.012014743348118e-06
1889,9.459417924517766e-06
1890,8.109444024739787e-06
1891,7.42387510399567e-06
1892,1.0315540748706553e-05
1893,6.763290912203956e-06
1894,9.360178410133813e-06
1895,8.343356057594065e-06
1896,1.2172176866442896e-05
1897,1.3470163139572833e-05
1898,8.359093953913543e-06
1899,1.3326161024451721e-05
1900,7.819255188223906e-06
1901,9.973180567612872e-06
1902,7.91895217844285e-06
1903,1.0745365216280334e-05
1904,8.544578122382518e-06
1905,8.52881021273788e-06
1906,8.97702466318151e-06
1907,1.0621895853546448e-05
1908,9.540172868582886e-06
1909,8.484065801894758e-06
1910,1.0034262231783941e-05
1911,6.951937393750995e-06
1912,1.0869933248613961e-05
1913,8.389806680497713e-06
1914,8.538026122550946e-06
1915,9.04361058928771e-06
1916,8.662285836180672e-06
1917,8.68734423420392e-06
1918,7.769966032356024e-06
1919,8.466509825666435e-06
1920,7.497932983824285e-06
1921,8.082127351372037e-06
1922,7.73513238527812e-06
1923,1.1374974747013766e-05
1924,8.32893329061335e-06
1925,9.85328915703576e-06
1926,9.092926120501943e-06
1927,1.1851320778077934e-05
1928,1.915416396514047e-05
1929,1.0695703167584725e-05
1930,1.4687190741824452e-05
1931,1.0463440048624761e-05
1932,1.1827632988570258e-05
1933,1.1627651474555023e-05
1934,8.651266398373991e-06
1935,1.388208784192102e-05
1936,8.768503903411329e-06
1937,1.2101108040951658e-05
1938,1.1693848136928864e-05
1939,1.008681738312589e-05
1940,1.2692170457739849e-05
1941,8.083135071501601e-06
1942,1.9165479898219928e-05
1943,1.2267076272109989e-05
1944,9.919427611748688e-06
1945,1.7283851775573567e-05
1946,7.414551873807795e-06
1947,1.7219799701706506e-05
1948,1.1082863238698337e-05
1949,1.0933804333035368e-05
1950,1.2185950254206546e-05
1951,8.911632903618738e-06
1952,1.6365207557100803e-05
1953,6.319749900285387e-06
1954,1.471463474445045e-05
1955,8.196737326215953e-06
1956,1.4513607311528176e-05
1957,1.4075850231165532e-05
1958,1.4014863154443447e-05
1959,2.0789213522220962e-05
1960,7.1148010647448245e-06
1961,1.905840872495901e-05
1962,9.685221812105738e-06
1963,8.854186489770655e-06
1964,9.217174010700546e-06
1965,9.109377970162313e-06
1966,1.0579469744698144e-05
1967,8.246490324381739e-06
1968,1.2849593986175023e-05
1969,7.116525011952035e-06
1970,1.3246560229163151e-05
1971,8.177723429980688e-06
1972,1.3393189874477684e-05
1973,9.566785593051463e-06
1974,1.640702066652011e-05
1975,1.6291178326355293e-05
1976,1.0140848644368816e-05
1977,1.3433947970042937e-05
1978,8.314498700201511e-06
1979,9.8314048955217e-06
1980,1.3223558198660612e-05
1981,6.487782229669392e-06
1982,1.2158091521996539e-05
1983,6.867231604701374e-06
1984,1.1638372598099522e-05
1985,6.38250003248686e-06
1986,9.705169759399723e-06
1987,1.002156022877898e-05
1988,8.61909575178288e-06
1989,1.1938303941860795e-05
1990,6.879186457808828e-06
1991,1.0125108929059934e-05
1992,5.386267275753198e-06
1993,8.847590834193397e-06
1994,6.877931809867732e-06
1995,9.517920261714607e-06
1996,1.0903204383794218e-05
1997,5.933621196163585e-06
1998,9.895334187604021e-06
1999,6.871998266433366e-06
2000,8.760616765357554e-06
2001,8.274907486338634e-06
2002,7.369346349150874e-06
2003,6.723625119775534e-06
2004,6.628291885135695e-06
2005,7.99461759015685e-06
2006,5.962029717920814e-06
2007,8.541327588318381e-06
2008,7.742593879811466e-06
2009,7.5099260357092135e-06
2010,7.342696790146874e-06
2011,6.962949100852711e-06
2012,7.671560524613596e-06
2013,5.875405349797802e-06
2014,8.315181730722543e-06
2015,6.742562163708499e-06
2016,6.60235218674643e-06
2017,6.0405709518818185e-06
2018,6.563668193848571e-06
2019,6.643142114626244e-06
2020,6.132252110546688e-06
2021,9.357727321912535e-06
2022,6.296514129644493e-06
2023,8.587001502746716e-06
2024,5.691480964742368e-06
2025,7.855568583181594e-06
2026,1.0240049959975295e-05
2027,6.56821293887333e-06
2028,1.394251830788562e-05
2029,9.020742254506331e-06
2030,9.073031833395362e-06
2031,1.5894336684141308e-05
2032,8.752815119805746e-06
2033,2.257977939734701e-05
2034,1.587033511896152e-05
2035,1.3785925148113165e-05
2036,1.5210697711154353e-05
2037,8.631809578218963e-06
2038,1.595243338670116e-05
2039,5.555572442972334e-06
2040,1.2670798241742887e-05
2041,1.0833076885319315e-05
2042,9.9858661997132e-06
2043,1.3351576853892766e-05
2044,1.0286388715030625e-05
2045,1.0481287063157652e-05
2046,7.917115908639971e-06
2047,8.811181942292023e-06
2048,7.2657257987884805e-06
2049,7.3408632488281e-06
2050,8.761940989643335e-06
2051,7.609876774949953e-06
2052,6.231253792066127e-06
2053,7.929937964945566e-06
2054,6.790750376239885e-06
2055,6.77763591738767e-06
2056,9.257596502720844e-06
2057,9.234548997483216e-06
2058,7.552771876362385e-06
2059,7.437774911522865e-06
2060,8.143038940033875e-06
2061,6.002367626933847e-06
2062,6.011708137521055e-06
2063,7.152334546844941e-06
2064,5.7221241149818525e-06
2065,6.848144039395265e-06
2066,9.012377631734125e-06
2067,6.70939289193484e-06
2068,6.512593245133758e-06
2069,9.341061740997247e-06
2070,7.921084943518508e-06
2071,9.107887308346108e-06
2072,1.2237189366715029e-05
2073,8.090617484413087e-06
2074,1.015095131151611e-05
2075,1.3128009413776454e-05
2076,7.871087291277945e-06
2077,1.7896345525514334e-05
2078,6.979459158173995e-06
2079,1.58641687448835e-05
2080,1.5435607565450482e-05
2081,5.216154477238888e-06
2082,1.2080768101441208e-05
2083,4.516869921644684e-06
2084,1.0134054718946572e-05
2085,5.793774562334875e-06
2086,8.320759661728516e-06
2087,6.862909231131198e-06
2088,7.3122114372381475e-06
2089,7.483729859814048e-06
2090,5.3311086958274245e-06
2091,9.152866368822288e-06
2092,7.957521120260935e-06
2093,5.942250936641358e-06
2094,6.719474185956642e-06
2095,5.626666279567871e-06
2096,6.192197815835243e-06
2097,6.440156994358404e-06
2098,6.253058018046431e-06
2099,6.787145139242057e-06
2100,5.981578397040721e-06
2101,5.987538315821439e-06
2102,5.153795427759178e-06
2103,6.242880772333592e-06
2104,6.1670630202570464e-06
2105,6.605888302146923e-06
2106,5.972612143523293e-06
2107,5.509372840606375e-06
2108,6.20345144852763e-06
2109,5.9606609283946455e-06
2110,6.281305559241446e-06
2111,5.976173724775435e-06
2112,6.242916697374312e-06
2113,5.443876034405548e-06
2114,6.137702712294413e-06
2115,6.425973879231606e-06
2116,5.617880106001394e-06
2117,6.799013135605492e-06
2118,5.4935126172495075e-06
2119,6.089358521421673e-06
2120,5.348417289496865e-06
2121,6.3212596614903305e-06
2122,5.9251774473523255e-06
2123,4.649233233067207e-06
2124,5.873125701327808e-06
2125,5.305188551574247e-06
2126,4.428024567459943e-06
2127,5.4508359426108655e-06
2128,6.708858563797548e-06
2129,4.65987932329881e-06
2130,5.4132337936607655e-06
2131,5.8512237046670634e-06
2132,4.596482995111728e-06
2133,5.35255458089523e-06
2134,5.318181592883775e-06
2135,5.44880185771035e-06
2136,5.544939085666556e-06
2137,5.667005098075606e-06
2138,6.386849236150738e-06
2139,4.139193606533809e-06
2140,6.319067779259058e-06
2141,6.0635093177552335e-06
2142,3.920877134078182e-06
2143,5.109235644340515e-06
2144,5.173588760953862e-06
2145,4.782542418979574e-06
2146,4.99910947837634e-06
2147,4.979684945283225e-06
2148,6.016181941959076e-06
2149,5.215890723775374e-06
2150,4.829723366128746e-06
2151,5.497824531630613e-06
2152,5.435834282252472e-06
2153,4.490414539759513e-06
2154,4.509807240538066e-06
2155,5.339590188668808e-06
2156,5.630427949654404e-06
2157,5.744122972828336e-06
2158,5.0413841563567985e-06
2159,5.495881850947626e-06
2160,6.466705599450506e-06
2161,7.884755177656189e-06
2162,5.805992714158492e-06
2163,9.252909876522608e-06
2164,1.3475801097229123e-05
2165,5.837815933773527e-06
2166,9.584817235008813e-06
2167,9.516663340036757e-06
2168,6.5729454945540056e-06
2169,7.190795713540865e-06
2170,7.462325811502524e-06
2171,7.045235179248266e-06
2172,8.18328499008203e-06
2173,6.394783667929005e-06
2174,7.678219844819978e-06
2175,5.134199000167428e-06
2176,4.4743110265699215e-06
2177,6.390977887349436e-06
2178,6.463695171987638e-06
2179,6.068377842893824e-06
2180,5.562976184592117e-06
2181,8.867412361723837e-06
2182,9.314841008745134e-06
2183,7.119033398339525e-06
2184,7.134141469578026e-06
2185,8.828451427689288e-06
2186,7.249316695379093e-06
2187,6.231437055248534e-06
2188,5.794014214188792e-06
2189,4.238655947119696e-06
2190,4.694767085311469e-06
2191,7.15320129529573e-06
2192,9.44593375606928e-06
2193,8.427533430221956e-06
2194,8.98017970030196e-06
2195,8.264125426649116e-06
2196,6.3911484176060185e-06
2197,5.993460945319384e-06
2198,4.773515229317127e-06
2199,6.537980425491696e-06
2200,4.643613920052303e-06
2201,6.2123831412463915e-06
2202,6.2560889091400895e-06
2203,6.581872639799258e-06
2204,9.382614734931849e-06
2205,7.300045126612531e-06
2206,4.721289769804571e-06
2207,6.466926606663037e-06
2208,5.212526502873516e-06
2209,9.035682523972355e-06
2210,6.709772151225479e-06
2211,4.570693818095606e-06
2212,7.2408365667797625e-06
2213,8.297142812807579e-06
2214,5.678526576957665e-06
2215,8.12476355349645e-06
2216,8.848703146213666e-06
2217,8.697395969647914e-06
2218,1.1116118912468664e-05
2219,6.474940164480358e-06
2220,5.0045032367052045e-06
2221,7.713611012150068e-06
2222,9.815053999773227e-06
2223,7.207698217825964e-06
2224,8.678888661961537e-06
2225,9.572449016559403e-06
2226,5.085360044176923e-06
2227,6.161416422401089e-06
2228,6.201833457453176e-06
2229,6.812680567236384e-06
2230,6.240217771846801e-06
2231,4.848297976423055e-06
2232,5.268184395390563e-06
2233,4.43969383923104e-06
2234,4.376177912490675e-06
2235,3.833575647149701e-06
2236,4.498993348533986e-06
2237,4.451995664567221e-06
2238,4.50432025900227e-06
2239,5.072661224403419e-06
2240,4.506214281718712e-06
2241,3.820584879576927e-06
2242,5.406238415162079e-06
2243,4.115784577152226e-06
2244,5.723275535274297e-06
2245,6.869832304801093e-06
2246,4.383191480883397e-06
2247,7.019114946160698e-06
2248,8.032001460378524e-06
2249,7.494950750697171e-06
2250,4.739685664389981e-06
2251,6.523017418658128e-06
2252,8.662395885039587e-06
2253,7.743326932541095e-06
2254,5.767834409198258e-06
2255,9.035513357957825e-06
2256,6.0893275986018125e-06
2257,5.402738679549657e-06
2258,4.799690486834152e-06
2259,4.678585355577525e-06
2260,5.9577046158665325e-06
2261,6.409254638128914e-06
2262,7.17960983820376e-06
2263,6.536356522701681e-06
2264,8.417570825258736e-06
2265,6.413883511413587e-06
2266,7.739674401818775e-06
2267,8.461740435450338e-06
2268,7.450924840668449e-06
2269,7.763896064716391e-06
2270,6.440130164264701e-06
2271,5.537295692192856e-06
2272,6.231026873138035e-06
2273,4.55100234830752e-06
2274,6.2044045989750884e-06
2275,6.34130719845416e-06
2276,5.301579221850261e-06
2277,9.482461791776586e-06
2278,5.9399530982773285e-06
2279,6.635114914388396e-06
2280,1.7377857147948816e-05
2281,1.1370232641638722e-05
2282,8.230291314248461e-06
2283,2.2193940822035074e-05
2284,2.2240745238377713e-05
2285,1.7065562133211643e-05
2286,2.5223122065654024e-05
2287,1.638800313230604e-05
2288,1.7974483853322454e-05
2289,1.3998065696796402e-05
2290,6.53409915685188e-06
2291,2.7198502721148543e-05
2292,1.7644524632487446e-05
2293,1.0699467566155363e-05
2294,1.3442272575048264e-05
2295,1.2547375263238791e-05
2296,6.747210136381909e-06
2297,9.765812137629837e-06
2298,6.773681889171712e-06
2299,1.2167429304099642e-05
2300,1.860506017692387e-05
2301,1.3278248843562324e-05
2302,4.386664841149468e-06
2303,1.2573324056575075e-05
2304,7.3568226071074605e-06
2305,5.20530056746793e-06
2306,8.494518624502234e-06
2307,5.248530669632601e-06
2308,8.514052751706913e-06
2309,7.798544174875133e-06
2310,4.61553145214566e-06
2311,6.380451395671116e-06
2312,5.334472007234581e-06
2313,5.126873929839348e-06
2314,6.512778782052919e-06
2315,4.724252903542947e-06
2316,6.204625151440268e-06
2317,5.150489869265584e-06
2318,6.480816409748513e-06
2319,5.286644864099799e-06
2320,4.745733804156771e-06
2321,4.5126862460165285e-06
2322,5.2771129048778675e-06
2323,4.9593909352552146e-06
2324,4.139754310017452e-06
2325,5.520699232874904e-06
2326,5.366909590520663e-06
2327,4.652440566133009e-06
2328,5.095718279335415e-06
2329,5.688848887075437e-06
2330,5.100034286442678e-06
2331,4.680784059019061e-06
2332,6.175887392600998e-06
2333,5.922342552366899e-06
2334,4.647030891646864e-06
2335,5.914084340474801e-06
2336,5.665699973178562e-06
2337,4.1516464079904836e-06
2338,6.453833520936314e-06
2339,6.592546014871914e-06
2340,4.758045633934671e-06
2341,5.000761575502111e-06
2342,6.24099175183801e-06
2343,4.005943083029706e-06
2344,5.288397460390115e-06
2345,4.563935817714082e-06
2346,4.259375145920785e-06
2347,6.019315151206683e-06
2348,3.9800470403861254e-06
2349,4.010404609289253e-06
2350,5.179138497624081e-06
2351,4.1072516978601925e-06
2352,5.375918135541724e-06
2353,4.836793323192978e-06
2354,4.222796633257531e-06
2355,4.249433459335705e-06
2356,4.7496928345935885e-06
2357,4.372546300146496e-06
2358,3.8076618693594355e-06
2359,3.759459104912821e-06
2360,4.41152042185422e-06
2361,4.783230451721465e-06
2362,4.1161274566547945e-06
2363,3.973627372033661e-06
2364,4.498438102018554e-06
2365,4.398067176225595e-06
2366,4.934573098580586e-06
2367,5.8260502555640414e-06
2368,5.770601546828402e-06
2369,4.365544555184897e-06
2370,4.036631253256928e-06
2371,3.653939529613126e-06
2372,4.211048235447379e-06
2373,5.803215117339278e-06
2374,4.869977601629216e-06
2375,5.506226443685591e-06
2376,5.906461410631891e-06
2377,6.22088782620267e-06
2378,6.2117142078932375e-06
2379,1.2487756976042874e-05
2380,9.983769814425614e-06
2381,7.3763203545240685e-06
2382,8.034883649088442e-06
2383,6.35752257949207e-06
2384,5.289501132210717e-06
2385,5.931114628765499e-06
2386,4.6046520765230525e-06
2387,3.5983655379823176e-06
2388,6.287934411375318e-06
2389,5.522028914128896e-06
2390,4.016749699076172e-06
2391,6.539122750837123e-06
2392,7.702778930251952e-06
2393,5.3555932026938535e-06
2394,7.724598617642187e-06
2395,5.313342171575641e-06
2396,5.371135557652451e-06
2397,6.647650934610283e-06
2398,4.627988801075844e-06
2399,5.867639629286714e-06
2400,8.747556421440095e-06
2401,5.9275366766087245e-06
2402,4.717350293503841e-06
2403,4.460003765416332e-06
2404,4.874660135101294e-06
2405,5.439196684164926e-06
2406,4.8340771172661334e-06
2407,5.1198003347963095e-06
2408,3.33742673319648e-06
2409,5.028861323808087e-06
2410,7.89849400462117e-06
2411,7.05302954884246e-06
2412,1.0741749974840786e-05
2413,1.6634236089885235e-05
2414,1.1132562576676719e-05
2415,1.3851640687789768e-05
2416,7.097014076862251e-06
2417,6.512442723760614e-06
2418,1.2430332390067633e-05
2419,8.154069291776977e-06
2420,9.342575140180998e-06
2421,1.7031285096891224e-05
2422,1.2892949598608539e-05
2423,8.664212145959027e-06
2424,1.2554994100355543e-05
2425,1.4140532584860921e-05
2426,4.820059075427707e-06
2427,1.4927539268683176e-05
2428,1.8171209376305342e-05
2429,2.0177434635115787e-05
2430,5.2467254135990515e-05
2431,2.1239280613372102e-05
2432,1.4834024113952182e-05
2433,1.1899726814590394e-05
2434,6.952881449251436e-06
2435,1.3689749721379485e-05
2436,1.989537304325495e-05
2437,1.1130630809930153e-05
2438,1.2067105672031175e-05
2439,7.539822490798542e-06
2440,6.651933290413581e-06
2441,1.211897688335739e-05
2442,9.880966899800114e-06
2443,6.955036042199936e-06
2444,2.2110158170107752e-05
2445,1.003324086923385e-05
2446,1.1931260814890265e-05
2447,1.6635047359159216e-05
2448,7.681336683162954e-06
2449,1.1592390364967287e-05
2450,1.7868813301902264e-05
2451,1.4388250747288112e-05
2452,7.545734206360066e-06
2453,8.027324838622008e-06
2454,1.5690293366787955e-05
2455,5.629946826957166e-06
2456,9.101586329052225e-06
2457,1.2148454516136553e-05
2458,4.698628345067846e-06
2459,6.7435280470817816e-06
2460,7.574719347758219e-06
2461,4.391211859910982e-06
2462,8.447341315331869e-06
2463,5.711825451726327e-06
2464,7.27399992683786e-06
2465,5.4790089052403346e-06
2466,7.348977305809967e-06
2467,7.658951290068217e-06
2468,4.457276190805715e-06
2469,6.8021863626199774e-06
2470,7.909018677310087e-06
2471,6.27369990979787e-06
2472,6.748279702151194e-06
2473,9.694385880720802e-06
2474,8.43793350213673e-06
2475,7.732961421424989e-06
2476,6.620478416152764e-06
2477,6.482824574050028e-06
2478,8.427562534052413e-06
2479,1.1991332939942367e-05
2480,1.0609525816107634e-05
2481,8.42418558022473e-06
2482,7.395080501737539e-06
2483,6.485011908807792e-06
2484,6.947769634280121e-06
2485,1.2903725291835144e-05
2486,9.808221875573508e-06
2487,8.679980965098366e-06
2488,7.679389455006458e-06
2489,5.047051217843546e-06
2490,6.241650226002093e-06
2491,7.180689863162115e-06
2492,7.688839104957879e-06
2493,8.75986552273389e-06
2494,8.85049030330265e-06
2495,5.9456165217852686e-06
2496,4.160732260061195e-06
2497,6.832051894889446e-06
2498,5.7786628531175666e-06
2499,5.926264293520944e-06
2500,5.5171558415167965e-06
2501,5.094781045045238e-06
2502,4.731589797302149e-06
2503,4.275195806258125e-06
2504,4.434208676684648e-06
2505,4.653045834857039e-06
2506,4.438991709321272e-06
2507,3.7257789244904416e-06
2508,3.862448011204833e-06
2509,4.045340119773755e-06
2510,4.818445631826762e-06
2511,6.037118964741239e-06
2512,6.353581738949288e-06
2513,4.375329808681272e-06
2514,4.569969405565644e-06
2515,4.9128934733744245e-06
2516,4.257886757841334e-06
2517,5.313739620760316e-06
2518,6.592392310267314e-06
2519,5.4535435083380435e-06
2520,4.91310674988199e-06
2521,5.149604476173408e-06
2522,4.165104201092618e-06
2523,3.6011022075399524e-06
2524,3.7472786971193273e-06
2525,4.376396645966452e-06
2526,4.190223990008235e-06
2527,4.1137241169053596e-06
2528,4.58477734355256e-06
2529,4.041415650135605e-06
2530,5.36297329745139e-06
2531,4.2686101551225875e-06
2532,3.656160743048531e-06
2533,3.6763244679605123e-06
2534,4.446374532562913e-06
2535,5.210908511799062e-06
2536,3.6903425097989384e-06
2537,7.495540558011271e-06
2538,1.0363230103394017e-05
2539,7.5866678344027605e-06
2540,3.696320163726341e-06
2541,4.600615284289233e-06
2542,7.325112164835446e-06
2543,4.933950549457222e-06
2544,4.253547103871824e-06
2545,5.89609817325254e-06
2546,4.154153430135921e-06
2547,4.6480240598612e-06
2548,6.984178980928846e-06
2549,4.772512056661071e-06
2550,4.7902985897962935e-06
2551,4.456688202481018e-06
2552,3.4082190722983796e-06
2553,4.297874966141535e-06
2554,3.935222594009247e-06
2555,3.1966571896191454e-06
2556,4.683816314354772e-06
2557,3.902393928001402e-06
2558,3.155622380290879e-06
2559,3.039705006813165e-06
2560,3.6556541544996435e-06
2561,3.9115757317631505e-06
2562,3.605844085541321e-06
2563,4.552191057882737e-06
2564,5.137645985087147e-06
2565,6.304569978965446e-06
2566,6.232526175153907e-06
2567,5.309284460963681e-06
2568,4.575734237732831e-06
2569,4.9514728743815795e-06
2570,5.554840299737407e-06
2571,7.391882718366105e-06
2572,9.964981472876389e-06
2573,9.161842172034085e-06
2574,6.809570550103672e-06
2575,5.381754817790352e-06
2576,8.975302989711054e-06
2577,2.0387460608617403e-05
2578,2.0524947103695013e-05
2579,6.0922475313418545e-06
2580,1.4329975783766713e-05
2581,1.3652272173203528e-05
2582,4.303570676711388e-06
2583,1.0509866115171462e-05
2584,8.740262273931876e-06
2585,4.936031473334879e-06
2586,1.6727959518902935e-05
2587,8.423263352597132e-06
2588,6.769177161913831e-06
2589,1.4199928045854904e-05
2590,9.801439773582388e-06
2591,1.0306794138159603e-05
2592,1.176808109448757e-05
2593,9.248000424122438e-06
2594,4.006583822047105e-06
2595,1.329031238128664e-05
2596,1.8209892004961148e-05
2597,6.530730843223864e-06
2598,6.881853551021777e-06
2599,7.417508186335908e-06
2600,5.369609880290227e-06
2601,1.1742088645405602e-05
2602,7.500976153096417e-06
2603,4.0348113543586805e-06
2604,8.22008223622106e-06
2605,1.4709095921716653e-05
2606,1.4448180991166737e-05
2607,1.2593509381986223e-05
2608,1.6430800314992666e-05
2609,1.9079130652244203e-05
2610,1.3743998351856135e-05
2611,8.963288564700633e-06
2612,1.388339569530217e-05
2613,1.9588265786296688e-05
2614,1.2336998224782292e-05
2615,7.728463970124722e-06
2616,8.166898624040186e-06
2617,5.094180323794717e-06
2618,1.4166939763526898e-05
2619,7.601220659125829e-06
2620,1.4532130080624484e-05
2621,1.5159587746893521e-05
2622,7.542514140368439e-06
2623,1.0071190445160028e-05
2624,1.2135460565332323e-05
2625,6.499231403722661e-06
2626,6.713471975672292e-06
2627,1.4456967619480565e-05
2628,8.483187230012845e-06
2629,5.81141921429662e-06
2630,5.578403033723589e-06
2631,3.0258745482569793e-06
2632,3.453622412052937e-06
2633,5.981214599160012e-06
2634,4.142757461522706e-06
2635,3.5026855584874284e-06
2636,5.643294116453035e-06
2637,5.865501861990197e-06
2638,3.627344995038584e-06
2639,5.936968591413461e-06
2640,4.909818017040379e-06
2641,5.626996880891966e-06
2642,6.020813543727854e-06
2643,4.675438958656741e-06
2644,4.889661795459688e-06
2645,4.414921932038851e-06
2646,3.5662844766193302e-06
2647,3.998902229795931e-06
2648,4.366084340290399e-06
2649,4.2828892219404224e-06
2650,6.562390808539931e-06
2651,5.915496330999304e-06
2652,4.633856860891683e-06
2653,3.2512471079826355e-06
2654,3.886315425916109e-06
2655,3.2892305625864537e-06
2656,4.589026048051892e-06
2657,5.3549806580122095e-06
2658,4.894628091278719e-06
2659,4.320867901697056e-06
2660,5.317335762811126e-06
2661,1.2086758943041787e-05
2662,1.6294170563924126e-05
2663,1.7004482288029976e-05
2664,2.073437826766167e-05
2665,1.2666795555560384e-05
2666,5.3540475164481904e-06
2667,1.2366516784823034e-05
2668,4.697178155765869e-06
2669,1.0533974091231357e-05
2670,1.4467894288827665e-05
2671,5.083941687189508e-06
2672,6.792470685468288e-06
2673,1.425662139808992e-05
2674,7.110337719495874e-06
2675,1.0799732081068214e-05
2676,1.4023472431290429e-05
2677,7.468439434887841e-06
2678,1.2518536095740274e-05
2679,1.432571662007831e-05
2680,1.3140753253537696e-05
2681,1.7097128875320777e-05
2682,1.6168092770385556e-05
2683,1.314082692260854e-05
2684,6.1112405091989785e-06
2685,1.003031138679944e-05
2686,1.1241208085266408e-05
2687,7.612960416736314e-06
2688,2.1412222849903628e-05
2689,1.5000479834270664e-05
2690,1.7107324310927652e-05
2691,3.7596080801449716e-05
2692,3.19053688144777e-05
2693,1.5300949598895386e-05
2694,2.4386692530242726e-05
2695,2.832790050888434e-05
2696,1.446961050532991e-05
2697,6.9160973907855805e-06
2698,1.9741713913390413e-05
2699,1.992619399970863e-05
2700,4.479847120819613e-06
2701,3.1060062610777095e-05
2702,5.345312092686072e-05
2703,3.7600097130052745e-05
2704,2.259977009089198e-05
2705,3.149360418319702e-05
2706,1.042808435158804e-05
2707,1.2123871783842333e-05
2708,8.575119863962755e-06
2709,8.769613486947492e-06
2710,1.3281564861244988e-05
2711,6.768768344045384e-06
2712,5.575079740083311e-06
2713,4.762786829815013e-06
2714,7.709772035013884e-06
2715,9.115091415878851e-06
2716,5.8496170822763816e-06
2717,5.5006180446071085e-06
2718,3.888818810082739e-06
2719,1.0361181921325624e-05
2720,2.0073650375707075e-05
2721,1.8313116015633568e-05
2722,1.5823630747036077e-05
2723,1.816184158087708e-05
2724,1.273950965696713e-05
2725,3.6913822896167403e-06
2726,8.625860573374666e-06
2727,1.6466012311866507e-05
2728,4.540140707831597e-06
2729,8.003428774827626e-06
2730,5.994383172946982e-06
2731,6.7778255470329896e-06
2732,1.10266719275387e-05
2733,4.274000275472645e-06
2734,1.04653581729508e-05
2735,4.881390395894414e-06
2736,8.986320608528331e-06
2737,1.517396594863385e-05
2738,4.300393811718095e-06
2739,6.95067774358904e-06
2740,7.839410500309896e-06
2741,1.2207028703414835e-05
2742,1.567256185808219e-05
2743,6.79972526995698e-06
2744,1.2593673091032542e-05
2745,9.829395821725484e-06
2746,6.910042884555878e-06
2747,1.1173186067026109e-05
2748,7.41908888812759e-06
2749,3.927235411538277e-06
2750,1.084893119696062e-05
2751,1.0287333680025768e-05
2752,3.827921773336129e-06
2753,1.315235385845881e-05
2754,1.052932293532649e-05
2755,6.439037406380521e-06
2756,1.9674560462590307e-05
2757,8.253035048255697e-06
2758,1.0957950507872738e-05
2759,1.2295947271923069e-05
2760,4.504634944169084e-06
2761,1.3462571587297134e-05
2762,1.0974308679578826e-05
2763,5.779776984127238e-06
2764,1.7858501450973563e-05
2765,5.575056093221065e-06
2766,1.0831122381205205e-05
2767,7.733126949460711e-06
2768,4.889596766588511e-06
2769,1.201172017317731e-05
2770,4.194038410787471e-06
2771,7.099154117895523e-06
2772,6.535024112963583e-06
2773,5.003814749215962e-06
2774,8.808586244413164e-06
2775,1.107016851165099e-05
2776,3.7346894714573864e-06
2777,6.5764306782511994e-06
2778,4.8372812671004795e-06
2779,3.1845977446209872e-06
2780,4.42235477748909e-06
2781,3.054935177715379e-06
2782,3.4526992749306373e-06
2783,3.4613103707670234e-06
2784,3.717468189279316e-06
2785,4.40844223703607e-06
2786,2.7043822683481267e-06
2787,5.138363576406846e-06
2788,6.91685136189335e-06
2789,2.6153793442063034e-06
2790,6.807796125940513e-06
2791,6.014465270709479e-06
2792,3.66763833881123e-06
2793,5.295857135934057e-06
2794,3.3885028187796706e-06
2795,3.81696463591652e-06
2796,3.449732048466103e-06
2797,6.770951131329639e-06
2798,1.5207205251499545e-05
2799,1.518775570730213e-05
2800,1.1086053746112157e-05
2801,2.4239121557911858e-05
2802,1.6153235264937393e-05
2803,7.205680503830081e-06
2804,2.011133801715914e-05
2805,1.6710764612071216e-05
2806,1.4960000044084154e-05
2807,1.6780481018940918e-05
2808,1.1604749488469679e-05
2809,1.1243443623243365e-05
2810,1.6404197594965808e-05
2811,1.3067314284853637e-05
2812,8.072734090092126e-06
2813,6.419849341909867e-06
2814,6.476901489804732e-06
2815,1.0489618034625892e-05
2816,1.3767585187451914e-05
2817,9.103555385081563e-06
2818,3.7820195757376496e-06
2819,5.796272489533294e-06
2820,1.1186790288775228e-05
2821,1.1848745998577215e-05
2822,7.976246706675738e-06
2823,5.544198756979313e-06
2824,5.0615908548934385e-06
2825,7.131234269763809e-06
2826,6.091344857850345e-06
2827,5.678456545865629e-06
2828,8.188580977730453e-06
2829,4.830445504921954e-06
2830,5.449203854368534e-06
2831,3.7404879549285397e-06
2832,4.664644166041398e-06
2833,4.748029368784046e-06
2834,5.440394488687161e-06
2835,7.74328873376362e-06
2836,6.662357918685302e-06
2837,4.475991318031447e-06
2838,7.388344783976208e-06
2839,5.199923634791048e-06
2840,1.8976750652655028e-05
2841,1.2395716112223454e-05
2842,7.221115083666518e-06
2843,3.066319914069027e-05
2844,2.7176753064850345e-05
2845,6.175096586957807e-06
2846,1.1960974006797187e-05
2847,1.839453943830449e-05
2848,4.6143850340740755e-06
2849,1.1499261745484546e-05
2850,1.9039365724893287e-05
2851,4.264626113581471e-06
2852,2.11247279366944e-05
2853,1.0545871191425249e-05
2854,1.77073416125495e-05
2855,2.2376483684638515e-05
2856,7.282505066541489e-06
2857,3.3613025152590126e-05
2858,3.1633924209018005e-06
2859,2.788848360069096e-05
2860,1.219896694237832e-05
2861,1.0397275218565483e-05
2862,2.411976493021939e-05
2863,1.0517377631913405e-05
2864,1.3488866898114793e-05
2865,1.6909913028939627e-05
2866,3.668418685265351e-06
2867,1.8894188542617485e-05
2868,9.44151179282926e-06
2869,9.487433999311179e-06
2870,1.996669925574679e-05
2871,5.3745502555102576e-06
2872,3.258865763200447e-05
2873,2.7849626349052414e-05
2874,1.7288874005316757e-05
2875,2.9883427487220615e-05
2876,7.075353551044827e-06
2877,1.926476943481248e-05
2878,2.625148044899106e-05
2879,1.206213710247539e-05
2880,2.6093373890034854e-05
2881,1.1759907465602737e-05
2882,1.786196844477672e-05
2883,1.629808684810996e-05
2884,6.150316039565951e-06
2885,2.1068317437311634e-05
2886,7.828449270164128e-06
2887,1.8546325009083375e-05
2888,2.027248774538748e-05
2889,9.822477295529097e-06
2890,4.641558916773647e-05
2891,1.8576449292595498e-05
2892,3.989695687778294e-05
2893,3.547528467606753e-05
2894,4.4115477066952735e-06
2895,2.3550150217488408e-05
2896,1.0894080332946032e-05
2897,7.814191121724434e-06
2898,1.4413096323551144e-05
2899,7.931814252515323e-06
2900,1.0861494956770912e-05
2901,8.546359822503291e-06
2902,9.017236152430996e-06
2903,1.274607620871393e-05
2904,6.412633410946e-06
2905,1.52317034007865e-05
2906,1.6510324712726288e-05
2907,5.616945600195322e-06
2908,6.306730483629508e-06
2909,6.297680556599516e-06
2910,1.0742403901531361e-05
2911,5.542186045204289e-06
2912,5.8331715990789235e-06
2913,4.562534741126001e-06
2914,8.358252671314403e-06
2915,1.041904033627361e-05
2916,6.779573595849797e-06
2917,7.063028988341102e-06
2918,6.250608748814557e-06
2919,1.0775310329336207e-05
2920,1.5753128536744043e-05
2921,1.0219888281426392e-05
2922,1.2298092769924551e-05
2923,2.3226924895425327e-05
2924,5.0891112550743856e-06
2925,2.476522422512062e-05
2926,6.864470833534142e-06
2927,4.152628389419988e-05
2928,1.1383926903363317e-05
2929,2.5596236810088158e-05
2930,3.680138252093457e-05
2931,6.482396656792844e-06
2932,3.557743548299186e-05
2933,7.80158006818965e-06
2934,5.3922150982543826e-05
2935,7.69682737882249e-05
2936,6.911056516401004e-06
2937,4.491631989367306e-05
2938,2.0692597900051624e-05
2939,3.1090770789887756e-05
2940,2.3789894839865156e-05
2941,9.258972568204626e-06
2942,2.9491919121937826e-05
2943,8.305101800942793e-06
2944,1.8164906578022055e-05
2945,5.876161139894975e-06
2946,1.4566476238542236e-05
2947,8.106688255793415e-06
2948,1.3711670362681616e-05
2949,5.388003955886234e-06
2950,1.3735448192164768e-05
2951,1.4138677215669304e-05
2952,9.834637239691801e-06
2953,2.0721294276881963e-05
2954,5.309313110046787e-06
2955,1.110181437979918e-05
2956,4.95767017127946e-06
2957,1.213883933814941e-05
2958,4.964791514794342e-06
2959,1.083400820789393e-05
2960,9.768269592314027e-06
2961,4.654684289562283e-06
2962,7.725444447714835e-06
2963,6.529645816044649e-06
2964,8.920505024434533e-06
2965,3.2759680834715255e-06
2966,9.7476331575308e-06
2967,4.242362592776772e-06
2968,1.1483205526019447e-05
2969,3.179143959641806e-06
2970,1.3318518540472724e-05
2971,1.2792579582310282e-05
2972,1.0887749340326991e-05
2973,2.4463266527163796e-05
2974,7.408996680169366e-06
2975,1.997527760977391e-05
2976,1.2935989616380539e-05
2977,1.4780956007598434e-05
2978,3.105583164142445e-05
2979,8.742736099520698e-06
2980,2.9964065106469207e-05
2981,8.77900038176449e-06
2982,2.65149210463278e-05
2983,2.0562069039442576e-05
2984,3.114487117272802e-05
2985,3.933307380066253e-05
2986,7.163447207858553e-06
2987,3.3850246836664155e-05
2988,6.735640909028007e-06
2989,4.271954094292596e-05
2990,3.7212732422631234e-05
2991,7.647448001080193e-06
2992,3.72659633285366e-05
2993,1.2559454262373038e-05
2994,2.103605766023975e-05
2995,1.606956539035309e-05
2996,1.229342888109386e-05
2997,1.2835717825510073e-05
2998,8.023636837606318e-06
2999,1.0487081453902647e-05
3000,5.155588496563723e-06
3001,1.2043673450534698e-05
3002,4.247413016855717e-06
3003,9.285848136642016e-06
3004,9.084154953598045e-06
3005,7.130171070457436e-06
3006,6.5471595007693395e-06
3007,4.527414603217039e-06
3008,7.96619860921055e-06
3009,5.698213499272242e-06
3010,9.887871783575974e-06
3011,1.2235221220180392e-05
3012,5.405150659498759e-06
3013,1.1289387657598127e-05
3014,5.055039764556568e-06
3015,1.0889781151490752e-05
3016,5.24672987012309e-06
3017,5.108799541631015e-06
3018,8.233775588450953e-06
3019,4.067935151397251e-06
3020,5.098899691802217e-06
3021,3.616201865952462e-06
3022,5.967991910438286e-06
3023,4.986005478713196e-06
3024,4.1674998101370875e-06
3025,3.5597167880041525e-06
3026,3.5681612189364387e-06
3027,4.943935891787987e-06
3028,4.608373728842707e-06
3029,4.051502855872968e-06
3030,3.677300128401839e-06
3031,5.843826329510193e-06
3032,4.148592779529281e-06
3033,6.6467396209191065e-06
3034,2.9723353236477124e-06
3035,4.903656645183219e-06
3036,4.113096565561136e-06
3037,7.772297067276668e-06
3038,5.2693667385028675e-06
3039,2.587612016213825e-06
3040,5.317689101502765e-06
3041,4.3380860006436706e-06
3042,4.970902864442905e-06
3043,4.1921202864614315e-06
3044,3.693572125484934e-06
3045,3.863699021167122e-06
3046,4.289666321710683e-06
3047,6.457689778471831e-06
3048,5.409227469499456e-06
3049,3.003416622959776e-06
3050,3.300304570075241e-06
3051,3.461853339103982e-06
3052,3.120432893410907e-06
3053,2.790345661196625e-06
3054,2.752005912043387e-06
3055,2.701143330341438e-06
3056,2.6514258024690207e-06
3057,3.5203734114475083e-06
3058,4.512741270445986e-06
3059,2.6691895982366987e-06
3060,3.66748963642749e-06
3061,2.9657178401976125e-06
3062,3.18808497468126e-06
3063,2.9806560633005574e-06
3064,2.745156507444335e-06
3065,2.7334945116308518e-06
3066,3.3344213079544716e-06
3067,3.233383949918789e-06
3068,4.287713636585977e-06
3069,2.8910515084135113e-06
3070,4.336455276643392e-06
3071,4.770537088916171e-06
3072,2.700126742638531e-06
3073,2.9792731766065117e-06
3074,2.8256242785573704e-06
3075,3.5883733744412893e-06
3076,3.6571500459103845e-06
3077,3.2935504350461997e-06
3078,3.0290864287962904e-06
3079,3.431808636378264e-06
3080,3.0203882488422096e-06
3081,3.055108663829742e-06
3082,2.9479879231075756e-06
3083,3.283387741248589e-06
3084,3.1177287382888608e-06
3085,3.104964662270504e-06
3086,2.942813580375514e-06
3087,2.796408352878643e-06
3088,2.703422524064081e-06
3089,2.6138613975490443e-06
3090,3.235453959860024e-06
3091,3.376373342689476e-06
3092,4.168218310951488e-06
3093,3.2177647426578915e-06
3094,2.859123924281448e-06
3095,3.8007717648724793e-06
3096,4.0811733015289064e-06
3097,5.354971563065192e-06
3098,3.038454451598227e-06
3099,5.1054294090135954e-06
3100,5.559118108067196e-06
3101,5.808893547509797e-06
3102,4.305179118091473e-06
3103,4.956872544426005e-06
3104,3.461330607024138e-06
3105,2.8988044959987747e-06
3106,2.7232658794673625e-06
3107,2.96954863188148e-06
3108,4.929317583446391e-06
3109,3.0470760066236835e-06
3110,4.131462446821388e-06
3111,5.1436477406241465e-06
3112,3.78464119421551e-06
3113,5.956766472081654e-06
3114,4.016497769043781e-06
3115,3.80543269784539e-06
3116,3.441667786319158e-06
3117,3.125934199488256e-06
3118,3.4488889468775596e-06
3119,2.862926749003236e-06
3120,3.949493020627415e-06
3121,3.33534899255028e-06
3122,3.1828953979129437e-06
3123,3.384361662028823e-06
3124,3.12622091769299e-06
3125,2.6739937766251387e-06
3126,3.2631674002914224e-06
3127,3.117818550890661e-06
3128,2.81791903944395e-06
3129,4.389616606204072e-06
3130,3.509081807351322e-06
3131,3.454827947280137e-06
3132,5.27754491486121e-06
3133,3.824566647381289e-06
3134,3.906248366547516e-06
3135,4.1732355384738185e-06
3136,3.973903858423e-06
3137,2.8704123451461783e-06
3138,3.341628598718671e-06
3139,4.689928118750686e-06
3140,4.666652785090264e-06
3141,3.8716507333447225e-06
3142,3.5791495065495837e-06
3143,5.184482688491698e-06
3144,2.6641462227416923e-06
3145,7.976537744980305e-06
3146,4.650676601158921e-06
3147,4.140696546528488e-06
3148,4.178359631623607e-06
3149,3.5098848911729874e-06
3150,3.271862397014047e-06
3151,2.9503610221581766e-06
3152,3.974865194322774e-06
3153,6.568078333657468e-06
3154,5.918856913922355e-06
3155,2.7499463612912223e-06
3156,4.569552402244881e-06
3157,2.9927678042440675e-06
3158,7.324570105993189e-06
3159,1.0459328223078046e-05
3160,4.565114068100229e-06
3161,4.245297532179393e-06
3162,4.96285656481632e-06
3163,5.63829507882474e-06
3164,3.5706441394722788e-06
3165,3.838033535430441e-06
3166,2.999393245772808e-06
3167,5.3238272812450305e-06
3168,4.9803347792476416e-06
3169,6.011781806591898e-06
3170,6.294120339589426e-06
3171,4.475185050978325e-06
3172,5.4575993999606e-06
3173,4.134457412874326e-06
3174,8.626546332379803e-06
3175,7.564259703940479e-06
3176,6.205083082022611e-06
3177,3.706009465531679e-06
3178,3.502254912746139e-06
3179,2.5393260330019984e-06
3180,2.8306926651566755e-06
3181,3.6601752526621567e-06
3182,3.951130111090606e-06
3183,2.746875907178037e-06
3184,3.3566723232070217e-06
3185,4.2880719774984755e-06
3186,4.197368980385363e-06
3187,6.697593562421389e-06
3188,9.211880751536228e-06
3189,5.911948846915038e-06
3190,6.207695605553454e-06
3191,8.811022780719213e-06
3192,2.5789452138269553e-06
3193,7.048007773846621e-06
3194,8.78118044056464e-06
3195,5.910566869715694e-06
3196,9.138161658484023e-06
3197,4.832489594264189e-06
3198,6.1945111156092025e-06
3199,4.173085926595377e-06
3200,3.546535708665033e-06
3201,9.631956345401704e-06
3202,1.3344640137802344e-05
3203,1.002205226541264e-05
3204,1.3165247764845844e-05
3205,1.2221875294926576e-05
3206,4.315523710829439e-06
3207,4.5724214032816235e-06
3208,5.098074325360358e-06
3209,8.57927261677105e-06
3210,1.0744405699369963e-05
3211,7.652321073692292e-06
3212,9.402192517882213e-06
3213,1.661833084654063e-05
3214,5.745036105508916e-06
3215,1.3690698324353434e-05
3216,8.108328074740712e-06
3217,4.823972176382085e-06
3218,9.563590538164135e-06
3219,2.0940902686561458e-05
3220,3.0163626433932222e-05
3221,1.3732861589232925e-05
3222,1.5269106370396912e-05
3223,1.4006752280693036e-05
3224,3.87909813071019e-06
3225,1.5797919331816956e-05
3226,1.7848340576165356e-05
3227,1.1523505236255005e-05
3228,1.4083358109928668e-05
3229,7.046175596769899e-06
3230,4.671098849939881e-06
3231,1.107902789954096e-05
3232,5.144269380252808e-06
3233,1.1903925042133778e-05
3234,8.52371613291325e-06
3235,4.0455256566929165e-06
3236,7.801968422427308e-06
3237,6.1229043240018655e-06
3238,1.242124017153401e-05
3239,5.815535132569494e-06
3240,1.5187412827799562e-05
3241,4.161387187195942e-05
3242,2.121705620083958e-05
3243,4.0597569750389084e-05
3244,7.122689567040652e-05
3245,1.7411523003829643e-05
3246,1.8708891730057076e-05
3247,1.7951300833374262e-05
3248,9.467311429034453e-06
3249,3.5654771636473015e-05
3250,2.3289881937671453e-05
3251,2.505581323930528e-05
3252,3.156848470098339e-05
3253,9.956404028343968e-06
3254,1.4937654668756295e-05
3255,2.0517647499218583e-05
3256,2.3713168047834188e-05
3257,3.4110707929357886e-05
3258,1.397704727423843e-05
3259,2.7786303689936176e-05
3260,8.61821899889037e-05
3261,4.620272375177592e-05
3262,6.329093594104052e-05
3263,7.011991692706943e-05
3264,1.704438909655437e-05
3265,1.2150478141847998e-05
3266,7.94936204329133e-06
3267,2.4105209377012216e-05
3268,2.2790676666772924e-05
3269,1.1212167009944096e-05
3270,8.06366097094724e-06
3271,8.501081538270228e-06
3272,1.4086303053773008e-05
3273,8.518717550032306e-06
3274,8.561910362914205e-06
3275,5.563540071307216e-06
3276,5.514903477887856e-06
3277,8.794319001026452e-06
3278,5.778453669336159e-06
3279,4.483733391680289e-06
3280,5.043308192398399e-06
3281,6.68214306642767e-06
3282,5.4062365961726755e-06
3283,3.7570312088064384e-06
3284,5.446067916636821e-06
3285,5.218591923039639e-06
3286,5.366352525015827e-06
3287,4.5634296839125454e-06
3288,3.7467980291694403e-06
3289,4.309695668780478e-06
3290,4.0902650653151795e-06
3291,3.932001618522918e-06
3292,3.682722763187485e-06
3293,6.016164661559742e-06
3294,3.123867827525828e-06
3295,3.871548869938124e-06
3296,3.4665429211599985e-06
3297,2.985489800266805e-06
3298,4.017445007775677e-06
3299,2.9342129437281983e-06
3300,2.6304458060621982e-06
3301,3.290238737463369e-06
3302,3.254679768360802e-06
3303,3.7239776702335803e-06
3304,2.692604766707518e-06
3305,3.013903778992244e-06
3306,3.4967231385962805e-06
3307,4.473384706216166e-06
3308,2.9128480036888504e-06
3309,4.169384283159161e-06
3310,3.3993546821875498e-06
3311,3.220744019927224e-06
3312,4.149342203163542e-06
3313,3.2977136470435653e-06
3314,4.265295956429327e-06
3315,3.3314304346276913e-06
3316,4.753447228722507e-06
3317,8.462237019557506e-06
3318,4.4346666072669905e-06
3319,4.296199222153518e-06
3320,6.652408956142608e-06
3321,2.681329760889639e-06
3322,5.749934643972665e-06
3323,5.0458861551305745e-06
3324,2.938920488304575e-06
3325,6.604885584238218e-06
3326,2.7551016046345467e-06
3327,6.47940396447666e-06
3328,8.036286089918576e-06
3329,3.481230123725254e-06
3330,5.855836207047105e-06
3331,4.764026016346179e-06
3332,2.3673765099374577e-06
3333,6.24982567387633e-06
3334,3.76147204406152e-06
3335,4.16308921558084e-06
3336,8.709314897714648e-06
3337,2.966141209981288e-06
3338,4.74582066090079e-06
3339,6.509520517283818e-06
3340,2.961244717880618e-06
3341,3.848353117064107e-06
3342,2.8174683848192217e-06
3343,3.3306755540252198e-06
3344,4.6870018195477314e-06
3345,3.0335668270708993e-06
3346,3.3317189718218287e-06
3347,4.093635197932599e-06
3348,2.5602764708310133e-06
3349,4.3336963244655635e-06
3350,3.0175774554663803e-06
3351,2.4712087451916886e-06
3352,5.275866897136439e-06
3353,5.419431090558646e-06
3354,3.1128645332501037e-06
3355,4.0715162867854815e-06
3356,5.148848686076235e-06
3357,2.6708962650445756e-06
3358,6.432406280509895e-06
3359,3.892012500728015e-06
3360,4.878808795183431e-06
3361,5.111660811962793e-06
3362,3.6801113765250193e-06
3363,5.2328423407743685e-06
3364,4.193843778921291e-06
3365,8.343708941538353e-06
3366,4.007314146292629e-06
3367,7.807921065250412e-06
3368,1.0809619197971188e-05
3369,5.7780780480243266e-06
3370,4.460385298443725e-06
3371,6.438670880015707e-06
3372,2.8384702090988867e-06
3373,8.207368409784976e-06
3374,1.0483352525625378e-05
3375,2.776128667392186e-06
3376,1.0944901987386402e-05
3377,1.1829677532659844e-05
3378,4.128998625674285e-06
3379,1.4224068763724063e-05
3380,5.227096153248567e-06
3381,6.506282261398155e-06
3382,8.773651643423364e-06
3383,3.194267947037588e-06
3384,7.76911292632576e-06
3385,6.107462468207814e-06
3386,5.032044555264292e-06
3387,8.863077709975187e-06
3388,4.574611921270844e-06
3389,5.0905296120618004e-06
3390,3.9925475903146435e-06
3391,3.917576577805448e-06
3392,5.070325642009266e-06
3393,2.937933913926827e-06
3394,3.738320629054215e-06
3395,3.1992237836675486e-06
3396,4.235336746205576e-06
3397,4.814580734091578e-06
3398,3.0200583296391414e-06
3399,3.2439363621961093e-06
3400,4.3470904529385734e-06
3401,5.3230019148031715e-06
3402,5.518502348422771e-06
3403,3.021676548087271e-06
3404,5.347365913621616e-06
3405,4.399266344989883e-06
3406,4.322163476899732e-06
3407,4.625895599019714e-06
3408,3.5976918297819793e-06
3409,2.677291831787443e-06
3410,2.3441702978743706e-06
3411,2.631368033689796e-06
3412,3.899169314536266e-06
3413,4.65960738438298e-06
3414,3.4174872780567966e-06
3415,3.1404454148287186e-06
3416,4.216574325255351e-06
3417,4.044145498482976e-06
3418,2.575481858002604e-06
3419,3.2727614325267496e-06
3420,2.9026796255493537e-06
3421,2.3535226318927016e-06
3422,2.1347650545067154e-06
3423,2.0770448827533983e-06
3424,3.137748308290611e-06
3425,3.4964891710842494e-06
3426,4.556476596917491e-06
3427,2.857264234989998e-06
3428,3.9907367863634136e-06
3429,4.712630925496342e-06
3430,3.3086839721363503e-06
3431,4.555613486445509e-06
3432,6.142715392343234e-06
3433,6.082804247853346e-06
3434,2.5636741156631615e-06
3435,4.054440978507046e-06
3436,4.687969067163067e-06
3437,3.608249926401186e-06
3438,3.339600652907393e-06
3439,7.725290743110236e-06
3440,8.420412996201776e-06
3441,4.88527712150244e-06
3442,1.4899846064508893e-05
3443,2.138238778570667e-05
3444,1.1692273801600095e-05
3445,6.477866463683313e-06
3446,8.316155799548142e-06
3447,6.0141519497847185e-06
3448,2.5603842459531734e-06
3449,6.095735443523154e-06
3450,8.256968612840865e-06
3451,9.697547284304164e-06
3452,8.53635083331028e-06
3453,3.6263295442040544e-06
3454,2.3522165975009557e-06
3455,5.914192115596961e-06
3456,8.829931175569072e-06
3457,8.044082278502174e-06
3458,6.224112439667806e-06
3459,4.371792783786077e-06
3460,4.576758783514379e-06
3461,6.68667780701071e-06
3462,8.406675988226198e-06
3463,7.0981313911033794e-06
3464,3.444781668804353e-06
3465,2.787237008305965e-06
3466,4.658344096242217e-06
3467,5.555060852202587e-06
3468,4.45739169663284e-06
3469,2.5900294531311374e-06
3470,2.672485152288573e-06
3471,3.313715296826558e-06
3472,3.4797058106050827e-06
3473,4.250729034538381e-06
3474,4.019458629045403e-06
3475,3.142598188787815e-06
3476,3.7137535855436e-06
3477,5.3963672144163866e-06
3478,3.086711330979597e-06
3479,5.073541160527384e-06
3480,7.1380318331648596e-06
3481,5.5379191508109216e-06
3482,3.990354343841318e-06
3483,7.383501269941917e-06
3484,8.04872252047062e-06
3485,4.241071110300254e-06
3486,1.5496150808758102e-05
3487,1.5631530914106406e-05
3488,4.839814209844917e-06
3489,7.575711606477853e-06
3490,1.6480504200444557e-05
3491,6.198121809575241e-06
3492,8.271345905086491e-06
3493,1.1678845112328418e-05
3494,7.950810868351255e-06
3495,5.0394537538522854e-06
3496,3.866957740683574e-06
3497,2.7691753530234564e-06
3498,3.124314162050723e-06
3499,4.602514309226535e-06
3500,4.294384780223481e-06
3501,3.0194848932296736e-06
3502,4.208271093375515e-06
3503,2.76380615105154e-06
3504,4.40457415606943e-06
3505,6.925991328898817e-06
3506,5.188465820538113e-06
3507,6.006880084896693e-06
3508,4.496883775573224e-06
3509,3.052763304367545e-06
3510,5.072099156677723e-06
3511,4.838290806219447e-06
3512,5.555657935474301e-06
3513,6.224248863873072e-06
3514,4.195167093712371e-06
3515,3.8005234728188952e-06
3516,3.2916218515310902e-06
3517,6.274215138546424e-06
3518,7.865796760597732e-06
3519,5.173048521101009e-06
3520,4.226529654260958e-06
3521,3.392925918888068e-06
3522,4.909205927106086e-06
3523,4.800970600626897e-06
3524,3.6826845644100104e-06
3525,4.885372618446127e-06
3526,3.1017514174891403e-06
3527,5.610782864096109e-06
3528,1.007475657388568e-05
3529,9.864470484899357e-06
3530,1.6460046026622877e-05
3531,1.2922091627842747e-05
3532,4.249206085660262e-06
3533,1.3564938853960484e-05
3534,7.864835424697958e-06
3535,1.5194676052487921e-05
3536,4.8744397645350546e-05
3537,2.5856250431388617e-05
3538,2.5412769900867715e-05
3539,4.1400835470994934e-05
3540,1.3628713531943504e-05
3541,2.1264295355649665e-05
3542,2.7803287593997084e-05
3543,8.239764611062128e-06
3544,1.7917989680427127e-05
3545,2.1290677977958694e-05
3546,1.766358946042601e-05
3547,3.100328831351362e-05
3548,1.1328067557769828e-05
3549,2.1263304006424733e-05
3550,3.109770477749407e-05
3551,6.958964149816893e-06
3552,4.0022256143856794e-05
3553,3.732359618879855e-05
3554,6.799481980124256e-06
3555,3.112231570412405e-05
3556,3.305037898826413e-05
3557,6.244352334761061e-06
3558,2.8477532396209426e-05
3559,1.5872241419856437e-05
3560,8.503593562636524e-06
3561,1.7279979147133417e-05
3562,1.0388238479208667e-05
3563,3.0282158149930183e-06
3564,1.1077684575866442e-05
3565,9.028719432535581e-06
3566,8.648311450087931e-06
3567,1.2606187738128938e-05
3568,9.837202014750801e-06
3569,4.158750016358681e-06
3570,8.443569640803616e-06
3571,9.39473193284357e-06
3572,3.6682183690572856e-06
3573,9.462296475248877e-06
3574,1.1195641491212882e-05
3575,3.418046617298387e-06
3576,4.127885858906666e-06
3577,4.087703928234987e-06
3578,4.429431101016235e-06
3579,8.073470780800562e-06
3580,4.7023181650729384e-06
3581,5.004086233384442e-06
3582,5.994162620481802e-06
3583,3.737209681275999e-06
3584,8.257228728325572e-06
3585,9.658884664531797e-06
3586,3.082687044297927e-06
3587,6.97880523148342e-06
3588,3.3178671401401516e-06
3589,7.804816050338559e-06
3590,3.127755235254881e-06
3591,7.242059837153647e-06
3592,9.05559409147827e-06
3593,4.399189492687583e-06
3594,7.906746759545058e-06
3595,6.887421932333382e-06
3596,4.540985628409544e-06
3597,6.62791990180267e-06
3598,6.855270839878358e-06
3599,6.801132258260623e-06
3600,7.269938123499742e-06
3601,5.001808858651202e-06
3602,5.064594006398693e-06
3603,4.034228823002195e-06
3604,5.534950105356984e-06
3605,5.140353096066974e-06
3606,4.9723403208190575e-06
3607,3.8039897845010273e-06
3608,4.829062618227908e-06
3609,4.619154879037524e-06
3610,7.683409421588294e-06
3611,1.1290901056781877e-05
3612,3.945306616515154e-06
3613,1.3423481505014934e-05
3614,1.220628200826468e-05
3615,8.815732144284993e-06
3616,3.0596002034144476e-05
3617,4.1253715608036146e-06
3618,3.87333202525042e-05
3619,7.155448838602751e-05
3620,1.1282670129730832e-05
3621,5.4925923905102536e-05
3622,5.823960236739367e-05
3623,2.9023754905210808e-05
3624,3.0743947718292475e-05
3625,1.1037683179893065e-05
3626,1.5664452803321183e-05
3627,3.689687582664192e-05
3628,2.6481198801775463e-05
3629,2.250614488730207e-05
3630,1.8490813090465963e-05
3631,1.483460255258251e-05
3632,4.538902794593014e-05
3633,5.264594801701605e-05
3634,8.9562436187407e-06
3635,3.902026583091356e-05
3636,2.863185727619566e-05
3637,1.462002910557203e-05
3638,2.760562529147137e-05
3639,1.6060621419455856e-05
3640,2.514570405764971e-05
3641,3.5595978260971606e-05
3642,1.0248821126879193e-05
3643,2.075452903227415e-05
3644,4.0227128920378163e-05
3645,1.5744562915642746e-05
3646,2.3811482606106438e-05
3647,3.162901339237578e-05
3648,1.0268644473399036e-05
3649,2.8674778150161728e-05
3650,5.904101271880791e-06
3651,1.8911698134616017e-05
3652,2.5134606403298676e-05
3653,1.2318989320192486e-05
3654,4.0845483454177156e-05
3655,9.620492164685857e-06
3656,1.7665126506472006e-05
3657,1.2672583579842467e-05
3658,2.0695000785053708e-05
3659,2.138020317943301e-05
3660,1.5096806237124838e-05
3661,1.6779544239398092e-05
3662,4.232151241012616e-06
3663,1.7925047359312885e-05
3664,9.057294846570585e-06
3665,2.2729922420694493e-05
3666,1.4895314052409958e-05
3667,5.357024292607093e-06
3668,2.1157333321752958e-05
3669,9.858816156338435e-06
3670,1.4075093531573657e-05
3671,1.6630676327622496e-05
3672,9.580304322298616e-06
3673,2.628668153192848e-05
3674,4.533198989520315e-06
3675,1.9539140339475125e-05
3676,1.4160563296172768e-05
3677,1.6626216165605e-05
3678,2.2547290427610278e-05
3679,3.873571586154867e-06
3680,1.8223869119537994e-05
3681,1.4039624147699215e-05
3682,1.453543700336013e-05
3683,1.017940667225048e-05
3684,6.18342937741545e-06
3685,1.1405321856727824e-05
3686,8.545319360564463e-06
3687,1.836394949350506e-05
3688,5.201757630857173e-06
3689,1.0171786925639026e-05
3690,8.008624718058854e-06
3691,8.647323738841806e-06
3692,8.640229680167977e-06
3693,6.579365617653821e-06
3694,2.4845490770530887e-05
3695,1.085707208403619e-05
3696,1.601343865331728e-05
3697,2.010386742767878e-05
3698,9.892913112707902e-06
3699,4.102104139747098e-05
3700,5.096249878988601e-05
3701,9.72176349023357e-06
3702,3.799951809924096e-05
3703,3.524886415107176e-05
3704,2.3091444745659828e-05
3705,3.503310654195957e-05
3706,6.337558716040803e-06
3707,4.339391307439655e-05
3708,2.5325782189611346e-05
3709,2.4499584469594993e-05
3710,2.684002902242355e-05
3711,1.9621897081378847e-05
3712,2.9722215913352557e-05
3713,2.1866893803235143e-05
3714,1.5203891052806284e-05
3715,1.1563902262423653e-05
3716,2.8025042411172763e-05
3717,1.3814599697070662e-05
3718,8.53747405926697e-06
3719,1.3245755326352082e-05
3720,9.215713362209499e-06
3721,1.9094861272606067e-05
3722,2.0046127247042023e-05
3723,8.446321771771181e-06
3724,1.9129924112348817e-05
3725,5.088982106826734e-06
3726,1.9575618352973834e-05
3727,2.5281315174652264e-05
3728,1.145670103142038e-05
3729,1.806455293262843e-05
3730,7.6102269304101355e-06
3731,1.9172563042957336e-05
3732,1.0683756045182236e-05
3733,7.660741175641306e-06
3734,8.612732017354574e-06
3735,1.1235301826673094e-05
3736,1.6002351912902668e-05
3737,4.518487912719138e-06
3738,1.826933294069022e-05
3739,9.67224968917435e-06
3740,1.7506468793726526e-05
3741,3.225990212740726e-06
3742,1.4134377124719322e-05
3743,1.1640166121651419e-05
3744,1.235654235642869e-05
3745,7.825368811609223e-06
3746,7.534412361565046e-06
3747,1.3891268281440716e-05
3748,9.148704521066975e-06
3749,1.5269499272108078e-05
3750,6.352466698444914e-06
3751,6.083995685912669e-06
3752,8.998582416097634e-06
3753,4.791998435393907e-06
3754,3.7067090943310177e-06
3755,5.309142125042854e-06
3756,6.531364761031e-06
3757,4.7401199481100775e-06
3758,3.9738506529829465e-06
3759,4.997142241336405e-06
3760,4.405383151606657e-06
3761,3.8003415738785407e-06
3762,4.677206561609637e-06
3763,3.3238966352655552e-06
3764,6.510193998110481e-06
3765,4.286763669369975e-06
3766,4.205372079013614e-06
3767,3.6672170153906336e-06
3768,5.442959263746161e-06
3769,4.682782218878856e-06
3770,3.286510263933451e-06
3771,2.545609959270223e-06
3772,3.1721351660962682e-06
3773,5.021744982514065e-06
3774,4.360464572528144e-06
3775,3.323418923173449e-06
3776,4.111419912078418e-06
3777,4.167801762378076e-06
3778,5.734349542763084e-06
3779,5.755671736551449e-06
3780,5.284381131787086e-06
3781,9.01482144399779e-06
3782,7.2452417043678e-06
3783,4.5810170377080794e-06
3784,6.741528068232583e-06
3785,3.125977173112915e-06
3786,8.098677426460199e-06
3787,7.45792749512475e-06
3788,5.039940788265085e-06
3789,1.2812400200346019e-05
3790,5.8644009186537005e-06
3791,4.194228495180141e-06
3792,9.501956810709089e-06
3793,3.2137813832378015e-06
3794,7.530722996307304e-06
3795,6.471892902482068e-06
3796,6.670913080597529e-06
3797,9.97771985566942e-06
3798,4.219727088639047e-06
3799,1.0168600056204014e-05
3800,9.013819180836435e-06
3801,3.5584030229074415e-06
3802,7.726589501544368e-06
3803,5.708891421818407e-06
3804,3.5247396681370446e-06
3805,5.437161235022359e-06
3806,5.006784704164602e-06
3807,6.956272045499645e-06
3808,3.951074631913798e-06
3809,3.05308140013949e-06
3810,3.5069097066298127e-06
3811,3.4116308142984053e-06
3812,3.4304518976568943e-06
3813,4.594844085659133e-06
3814,4.385753982205642e-06
3815,5.810826678498415e-06
3816,5.85318139201263e-06
3817,3.0476526262646075e-06
3818,5.448355750559131e-06
3819,5.222882009547902e-06
3820,3.7874290228501195e-06
3821,4.302002707845531e-06
3822,5.5932810028025415e-06
3823,7.634066605533008e-06
3824,4.248799086781219e-06
3825,5.045843408879591e-06
3826,4.702572823589435e-06
3827,4.141783847444458e-06
3828,3.335929250170011e-06
3829,4.162302957411157e-06
3830,3.98821612179745e-06
3831,2.614641971376841e-06
3832,4.579687356454087e-06
3833,4.975030151399551e-06
3834,3.2783641472633462e-06
3835,5.069389771961141e-06
3836,3.1866763947618892e-06
3837,5.5150449043139815e-06
3838,9.58731379796518e-06
3839,5.589026841334999e-06
3840,5.803562544315355e-06
3841,5.602501914836466e-06
3842,4.453674137039343e-06
3843,3.3908229397638934e-06
3844,4.2998635763069615e-06
3845,4.427135991136311e-06
3846,2.7418684567237506e-06
3847,3.4098866308340803e-06
3848,6.335221769404598e-06
3849,5.683746621798491e-06
3850,4.614620138454484e-06
3851,3.593219844333362e-06
3852,4.89022204419598e-06
3853,3.841862962872256e-06
3854,5.037007213104516e-06
3855,4.560042270895792e-06
3856,3.8595590012846515e-06
3857,4.553779490379384e-06
3858,3.326769729028456e-06
3859,4.180539690423757e-06
3860,4.595910922944313e-06
3861,3.1217412015394075e-06
3862,6.608912826777669e-06
3863,3.148822770526749e-06
3864,3.6078336052014492e-06
3865,3.42030534739024e-06
3866,4.544264356809435e-06
3867,3.939107045880519e-06
3868,3.908418875653297e-06
3869,4.328050181356957e-06
3870,4.9124810175271705e-06
3871,5.99761915509589e-06
3872,5.133627382747363e-06
3873,3.2076111438072985e-06
3874,4.84389920529793e-06
3875,4.307115432311548e-06
3876,4.113902377866907e-06
3877,3.5463826861814596e-06
3878,3.354056161697372e-06
3879,3.3652002002781956e-06
3880,4.726693532575155e-06
3881,4.024471309094224e-06
3882,3.146350536553655e-06
3883,4.0777163121674675e-06
3884,3.3533542591612786e-06
3885,3.578473979359842e-06
3886,4.14244686908205e-06
3887,3.5248172025603708e-06
3888,3.732357299668365e-06
3889,4.213450210954761e-06
3890,4.285738668841077e-06
3891,3.994180588051677e-06
3892,4.69741462438833e-06
3893,4.786006684298627e-06
3894,3.512208422762342e-06
3895,5.999482254992472e-06
3896,7.453824309777701e-06
3897,3.0015321499377023e-06
3898,6.512005256809061e-06
3899,5.356419478630414e-06
3900,5.335668447514763e-06
3901,6.653797754552215e-06
3902,5.782632797490805e-06
3903,1.043495831254404e-05
3904,2.4498964194208384e-05
3905,2.076416785712354e-05
3906,9.85240149020683e-06
3907,1.8544991689850576e-05
3908,3.7966224226693157e-06
3909,2.5119601559708826e-05
3910,2.0731622498715296e-05
3911,9.014046554511879e-06
3912,2.8572188966791146e-05
3913,6.088011559768347e-06
3914,1.2008246812911239e-05
3915,1.2084191439498682e-05
3916,8.111560418910813e-06
3917,2.6506397261982784e-05
3918,6.3397119447472505e-06
3919,4.5127231715014204e-05
3920,2.1097097487654537e-05
3921,3.088090306846425e-05
3922,8.015892672119662e-05
3923,9.01361636351794e-06
3924,5.988401608192362e-05
3925,4.2521431169006974e-05
3926,5.000353849027306e-05
3927,0.00016142909589689225
3928,1.6782711099949665e-05
3929,0.00016850187967065722
3930,1.1279855243628845e-05
3931,0.00019889581017196178
3932,0.00012377777602523565
3933,0.00023656159464735538
3934,0.000365886720828712
3935,7.172668119892478e-05
3936,0.0005140521680004895
3937,5.410095036495477e-05
3938,0.00046640163054689765
3939,8.852569590089843e-05
3940,0.00039983875467441976
3941,5.949114711256698e-05
3942,0.0002604308829177171
3943,0.00011107161117251962
3944,0.0002453192719258368
3945,0.00017503075650893152
3946,0.00022957188775762916
3947,0.00015743089898023754
3948,8.068951137829572e-05
3949,0.0002189699880545959
3950,0.00017242437752429396
3951,0.00012140009494032711
3952,8.406704000663012e-05
3953,0.00011103602446382865
3954,4.192656706436537e-05
3955,8.456181967630982e-05
3956,4.629485556506552e-05
3957,0.0001039751514326781
3958,1.6011803381843492e-05
3959,8.959462866187096e-05
3960,3.718112930073403e-05
3961,5.7248722441727296e-05
3962,2.871462857001461e-05
3963,7.762786117382348e-05
3964,1.9928244000766426e-05
3965,5.084540680400096e-05
3966,2.756777212198358e-05
3967,5.9185305872233585e-05
3968,3.355049921083264e-05
3969,8.981765131466091e-05
3970,2.9647359042428434e-05
3971,7.158520020311698e-05
3972,2.944056541309692e-05
3973,3.7140805943636224e-05
3974,2.4998540538945235e-05
3975,2.4931050575105473e-05
3976,3.386399112059735e-05
3977,1.9953169612563215e-05
3978,3.5544617276173085e-05
3979,1.2003774827462621e-05
3980,3.4138793125748634e-05
3981,1.186472309200326e-05
3982,3.1018484150990844e-05
3983,9.39092569751665e-06
3984,2.5592746169422753e-05
3985,9.827647772908676e-06
3986,2.4405646399827674e-05
3987,5.803044587082695e-06
3988,1.2976852303836495e-05
3989,1.0248488251818344e-05
3990,1.2848978258261923e-05
3991,1.2873579180450179e-05
3992,1.8812152120517567e-05
3993,1.0074447345687076e-05
3994,1.9273426005383953e-05
3995,7.343915967794601e-06
3996,1.7857948478194885e-05
3997,5.848358341609128e-06
3998,1.0948461749649141e-05
3999,6.5193585214728955e-06
4000,1.088584031094797e-05
4001,9.551841685606632e-06
4002,3.5142082197126e-05
4003,1.1267948138993233e-05
4004,9.419863999937661e-06
4005,1.9615263227024116e-05
4006,1.33352295961231e-05
4007,8.99471251614159e-06
4008,5.141167093825061e-06
4009,8.570344107283745e-06
4010,1.1734564395737834e-05
4011,1.0812676919158548e-05
4012,5.818114459543722e-06
4013,4.408504537423141e-06
4014,7.42543488740921e-06
4015,9.229624993167818e-06
4016,6.411948561435565e-06
4017,4.949745743942913e-06
4018,3.2177570119529264e-06
4019,7.495348199881846e-06
4020,6.4251657931890804e-06
4021,9.329606655228417e-06
4022,6.170160759211285e-06
4023,5.456659891933668e-06
4024,5.6360936468990985e-06
4025,4.695029929280281e-06
4026,6.2850076574250124e-06
4027,8.217720278480556e-06
4028,5.216816134634428e-06
4029,4.06779645345523e-06
4030,3.953967279812787e-06
4031,7.330032985919388e-06
4032,5.804399734188337e-06
4033,4.164721303823171e-06
4034,6.146237865323201e-06
4035,4.313804311095737e-06
4036,5.107774541102117e-06
4037,3.81731342713465e-06
4038,7.735419785603881e-06
4039,4.536779215413844e-06
4040,6.339695119095268e-06
4041,4.708114829554688e-06
4042,4.957350483891787e-06
4043,5.9286380746925715e-06
4044,6.466227659984725e-06
4045,5.561088983085938e-06
4046,3.269420631113462e-06
4047,4.305503352952655e-06
4048,4.513929980021203e-06
4049,8.590505785832647e-06
4050,4.116645868634805e-06
4051,4.5651504478883e-06
4052,4.3379727685533e-06
4053,4.740074018627638e-06
4054,5.035915819462389e-06
4055,5.36439938514377e-06
4056,4.066596829943592e-06
4057,4.759232979267836e-06
4058,3.97710482502589e-06
4059,4.135932613280602e-06
4060,7.3773098847595975e-06
4061,7.212467608042061e-06
4062,5.780364517704584e-06
4063,5.278242042550119e-06
4064,4.259960405761376e-06
4065,4.781773441209225e-06
4066,6.535194643220166e-06
4067,6.308363936113892e-06
4068,4.152128894929774e-06
4069,4.529664238361875e-06
4070,4.164975052844966e-06
4071,3.412817704884219e-06
4072,5.215356850385433e-06
4073,5.788012458651792e-06
4074,4.688713488576468e-06
4075,4.17658111473429e-06
4076,4.469467967282981e-06
4077,4.540087957138894e-06
4078,5.177299499337096e-06
4079,4.429381988302339e-06
4080,5.352602784114424e-06
4081,8.197785064112395e-06
4082,6.601937911909772e-06
4083,3.4294782835786464e-06
4084,3.234123141737655e-06
4085,3.7676338706660317e-06
4086,4.625408564606914e-06
4087,6.253971605474362e-06
4088,6.606282568100141e-06
4089,3.494735665299231e-06
4090,5.770131338067586e-06
4091,7.900644050096162e-06
4092,7.119399015209638e-06
4093,4.8068968681036495e-06
4094,7.679356713197194e-06
4095,4.200772764306748e-06
4096,6.426878371712519e-06
4097,7.222355634439737e-06
4098,4.162496225035284e-06
4099,8.686552064318676e-06
4100,4.055968020111322e-06
4101,5.159328338777414e-06
4102,5.209156370256096e-06
4103,4.404898390930612e-06
4104,4.278837877791375e-06
4105,5.8064961194759235e-06
4106,5.2290533858467825e-06
4107,3.808797373494599e-06
4108,4.302626166463597e-06
4109,4.416738192958292e-06
4110,5.264990704745287e-06
4111,7.712552360317204e-06
4112,3.855053364532068e-06
4113,3.7742447602795437e-06
4114,4.026990609418135e-06
4115,5.56475288249203e-06
4116,6.0102947827544995e-06
4117,5.245072316029109e-06
4118,4.985383384337183e-06
4119,3.863909569190582e-06
4120,4.589364834828302e-06
4121,5.216796125750989e-06
4122,3.578801852199831e-06
4123,4.375437583803432e-06
4124,4.549950972432271e-06
4125,6.4847486100916285e-06
4126,5.533944204216823e-06
4127,4.481612450035755e-06
4128,6.034728357917629e-06
4129,4.609971711033722e-06
4130,4.334881396061974e-06
4131,4.49863091489533e-06
4132,4.467206053959671e-06
4133,5.805479759146692e-06
4134,4.774384706252022e-06
4135,4.392868959257612e-06
4136,4.822255050385138e-06
4137,9.042698366101831e-06
4138,4.998714757675771e-06
4139,4.985908162780106e-06
4140,4.519433787208982e-06
4141,4.4225821511645336e-06
4142,4.774872650159523e-06
4143,4.8350102588301525e-06
4144,7.221784471767023e-06
4145,4.48963328381069e-06
4146,4.862773948843824e-06
4147,5.999525001243455e-06
4148,4.672695467888843e-06
4149,3.2798047868709546e-06
4150,4.207764504826628e-06
4151,6.21498338659876e-06
4152,3.87005411539576e-06
4153,3.4470540413167328e-06
4154,3.6378414733917452e-06
4155,4.341076873970451e-06
4156,4.374409854790429e-06
4157,4.4894914026372135e-06
4158,5.430013970908476e-06
4159,5.503730335476575e-06
4160,4.944416559737874e-06
4161,4.275780156604014e-06
4162,5.792844149254961e-06
4163,4.6445570660580415e-06
4164,7.603963240399025e-06
4165,5.443700047180755e-06
4166,7.701579306740314e-06
4167,5.040485575591447e-06
4168,3.437037094045081e-06
4169,4.172917670075549e-06
4170,5.987491476844298e-06
4171,6.009002845530631e-06
4172,3.4413524190313183e-06
4173,6.591240435227519e-06
4174,3.81375070901413e-06
4175,6.006455350870965e-06
4176,6.315132395684486e-06
4177,5.0957760322489776e-06
4178,5.2924679039279e-06
4179,4.430987246450968e-06
4180,6.3201900957210455e-06
4181,5.180195330467541e-06
4182,5.156459792488022e-06
4183,6.5698177422746085e-06
4184,4.182282737019705e-06
4185,7.874878065194935e-06
4186,5.131008038006257e-06
4187,5.253146355244098e-06
4188,5.161354238225613e-06
4189,5.297632014844567e-06
4190,4.756820544571383e-06
4191,4.848754088015994e-06
4192,6.015508915879764e-06
4193,4.722230187326204e-06
4194,5.11868756802869e-06
4195,7.44614408176858e-06
4196,5.042622433393262e-06
4197,4.111063390155323e-06
4198,5.77527907807962e-06
4199,5.2755713113583624e-06
4200,4.923439973936183e-06
4201,5.277122909319587e-06
4202,5.736124876420945e-06
4203,7.24118399375584e-06
4204,5.328370207280386e-06
4205,6.355099230859196e-06
4206,5.215048986428883e-06
4207,5.145996965438826e-06
4208,6.677054443571251e-06
4209,3.967692919104593e-06
4210,6.428740107367048e-06
4211,4.367349447420565e-06
4212,9.341549230157398e-06
4213,8.271055776276626e-06
4214,6.498336915683467e-06
4215,7.271698905242374e-06
4216,6.552954346261686e-06
4217,7.931670552352443e-06
4218,7.879734766902402e-06
4219,5.839882760483306e-06
4220,4.899322902929271e-06
4221,6.2377407630265225e-06
4222,6.346138434309978e-06
4223,5.33574893779587e-06
4224,3.5255368402431486e-06
4225,7.570461093564518e-06
4226,4.011303190054605e-06
4227,7.034469945210731e-06
4228,5.404981493484229e-06
4229,4.4107869143772405e-06
4230,7.2413013185723685e-06
4231,4.6340592234628275e-06
4232,5.223349035077263e-06
4233,5.582131962000858e-06
4234,5.03578803545679e-06
4235,4.516279204835882e-06
4236,5.1397228162386455e-06
4237,6.922286047483794e-06
4238,3.990361619798932e-06
4239,4.066061592311598e-06
4240,5.852623871760443e-06
4241,4.737514245789498e-06
4242,5.184051133255707e-06
4243,7.614067726535723e-06
4244,5.82334587306832e-06
4245,8.254909516836051e-06
4246,6.953836418688297e-06
4247,6.735639999533305e-06
4248,7.794837983965408e-06
4249,5.601530119747622e-06
4250,5.2602745199692436e-06
4251,5.820381375087891e-06
4252,5.406862328527495e-06
4253,6.959457550692605e-06
4254,5.613450412056409e-06
4255,4.967399036104325e-06
4256,9.237846825271845e-06
4257,4.7115258894336876e-06
4258,6.4527303038630635e-06
4259,6.677993951598182e-06
4260,8.137899385474157e-06
4261,6.606591341551393e-06
4262,4.547388925857376e-06
4263,5.456925009639235e-06
4264,7.988757715793326e-06
4265,5.516966211871477e-06
4266,7.384986020042561e-06
4267,4.749125309899682e-06
4268,4.81369943372556e-06
4269,6.048708200978581e-06
4270,8.872608304955065e-06
4271,6.408086392184487e-06
4272,5.777623755420791e-06
4273,6.3198453972290736e-06
4274,6.460088570747757e-06
4275,6.128063887445023e-06
4276,6.780106104997685e-06
4277,6.400263373507187e-06
4278,6.035973910911707e-06
4279,5.85200177738443e-06
4280,4.197725047561107e-06
4281,5.1329416237422265e-06
4282,8.127596629492473e-06
4283,4.352872565505095e-06
4284,5.560395948123187e-06
4285,7.113855190254981e-06
4286,3.927018042304553e-06
4287,5.477022114064312e-06
4288,6.324401965684956e-06
4289,5.751216576754814e-06
4290,4.7751941565366e-06
4291,6.297786967479624e-06
4292,7.463580004696269e-06
4293,5.325266101863235e-06
4294,9.619591764931101e-06
4295,6.460621534642996e-06
4296,5.229802809481043e-06
4297,5.439958385977661e-06
4298,5.292987225402612e-06
4299,8.078926839516498e-06
4300,8.920352229324635e-06
4301,6.92830099069397e-06
4302,4.866100880462909e-06
4303,4.4481926124717575e-06
4304,4.3181034925510176e-06
4305,6.956099696253659e-06
4306,5.83212340643513e-06
4307,4.940538929076865e-06
4308,4.294503469282063e-06
4309,1.0603946066112258e-05
4310,5.014490852772724e-06
4311,6.920120540598873e-06
4312,5.312795110512525e-06
4313,6.3688307818665635e-06
4314,4.836807875108207e-06
4315,4.785473265656037e-06
4316,5.768481059931219e-06
4317,4.4806197365687694e-06
4318,4.263185019226512e-06
4319,7.589237156935269e-06
4320,6.06078856435488e-06
4321,5.519577825907618e-06
4322,5.992340902594151e-06
4323,6.098278845456662e-06
4324,8.112552677630447e-06
4325,5.457602128444705e-06
4326,4.70061604573857e-06
4327,5.748098828917136e-06
4328,5.714042345061898e-06
4329,6.416415999410674e-06
4330,6.074641078157583e-06
4331,8.363493179786019e-06
4332,5.5549862736370414e-06
4333,5.551318736252142e-06
4334,5.204214630794013e-06
4335,4.556042313197395e-06
4336,4.48667333330377e-06
4337,8.309437362186145e-06
4338,5.557017630053451e-06
4339,6.840054993517697e-06
4340,7.333493613259634e-06
4341,5.624314781016437e-06
4342,7.315626135095954e-06
4343,6.8602153078245465e-06
4344,7.160971108532976e-06
4345,5.382588369684527e-06
4346,6.188497081893729e-06
4347,7.728583113930654e-06
4348,5.637565209326567e-06
4349,5.742059329350013e-06
4350,9.183168913295958e-06
4351,6.4809478317329194e-06
4352,5.458801297208993e-06
4353,5.731303190259496e-06
4354,6.602290341106709e-06
4355,4.3407299017417245e-06
4356,8.262249139079358e-06
4357,7.602183359267656e-06
4358,6.420684712793445e-06
4359,5.419698027253617e-06
4360,5.464766672957921e-06
4361,6.209594630490756e-06
4362,7.247156645462383e-06
4363,6.701189704472199e-06
4364,7.223441116366303e-06
4365,6.412754373741336e-06
4366,6.639665571128717e-06
4367,5.724981292587472e-06
4368,6.803161795687629e-06
4369,6.470480457210215e-06
4370,7.000544883339899e-06
4371,8.304765287903138e-06
4372,6.237026809685631e-06
4373,7.0707023951399606e-06
4374,5.868404059583554e-06
4375,7.273034952959279e-06
4376,7.0593032432952896e-06
4377,5.922652690060204e-06
4378,5.712128313462017e-06
4379,4.691174126492115e-06
4380,4.988096861779923e-06
4381,6.585062237718375e-06
4382,7.853074748709332e-06
4383,5.174438683752669e-06
4384,5.307023911882425e-06
4385,6.5782405727077276e-06
4386,5.419180070020957e-06
4387,5.230268016021e-06
4388,7.92008540884126e-06
4389,5.346028046915308e-06
4390,5.869481810805155e-06
4391,5.884846359549556e-06
4392,5.554865310841706e-06
4393,6.991140708123567e-06
4394,6.238170044525759e-06
4395,6.3476068135059904e-06
4396,4.9231271077587735e-06
4397,7.7639515438932e-06
4398,5.318998319125967e-06
4399,4.9118161769001745e-06
4400,6.8304475462355185e-06
4401,5.610597327176947e-06
4402,6.2645885918755084e-06
4403,6.315850896498887e-06
4404,5.682970368070528e-06
4405,8.558095032640267e-06
4406,7.798837032169104e-06
4407,6.422542810469167e-06
4408,6.166768343973672e-06
4409,5.7381694205105305e-06
4410,6.705480700475164e-06
4411,9.598361430107616e-06
4412,5.510445589607116e-06
4413,6.397611741704168e-06
4414,6.072894848330179e-06
4415,7.446169547620229e-06
4416,8.628870091342833e-06
4417,6.264509465836454e-06
4418,6.2328458625415806e-06
4419,6.5952062868746e-06
4420,7.162802376114996e-06
4421,6.010817742208019e-06
4422,5.0477242439228576e-06
4423,5.534071988222422e-06
4424,1.5238593732647132e-05
4425,4.9147997742693406e-06
4426,8.102431820589118e-06
4427,1.117525425797794e-05
4428,7.422193903039442e-06
4429,7.486245976906503e-06
4430,7.969751095515676e-06
4431,5.694388619303936e-06
4432,9.089609193324577e-06
4433,7.309942702704575e-06
4434,4.765653102367651e-06
4435,9.879434401227627e-06
4436,4.1586681618355215e-06
4437,9.10196831682697e-06
4438,7.258034656842938e-06
4439,8.867546966939699e-06
4440,6.344325811369345e-06
4441,5.3989788284525275e-06
4442,7.924031706352253e-06
4443,9.842025974649005e-06
4444,4.208845439279685e-06
4445,8.600940418546088e-06
4446,9.334324204246514e-06
4447,5.6059338930936065e-06
4448,6.9017623900435865e-06
4449,9.45200190471951e-06
4450,1.0314581231796183e-05
4451,9.226974725606851e-06
4452,7.541534159827279e-06
4453,6.990923338889843e-06
4454,8.92214029590832e-06
4455,5.879837772226892e-06
4456,9.099669114220887e-06
4457,5.325087840901688e-06
4458,8.042306035349611e-06
4459,1.1984174307144713e-05
4460,5.985839379718527e-06
4461,1.009649258776335e-05
4462,1.1135226486658212e-05
4463,6.382239007507451e-06
4464,9.267550012737047e-06
4465,8.664867891639005e-06
4466,5.0475523494242225e-06
4467,8.25206734589301e-06
4468,1.1307135537208524e-05
4469,5.5116083785833325e-06
4470,7.348380677285604e-06
4471,9.944085832103156e-06
4472,7.067239948810311e-06
4473,6.688672783639049e-06
4474,9.84565576800378e-06
4475,5.757939106842969e-06
4476,6.833358838775894e-06
4477,7.8854791354388e-06
4478,8.566547876398545e-06
4479,5.321841399563709e-06
4480,7.126868240447948e-06
4481,6.432805093936622e-06
4482,5.401234830060275e-06
4483,6.9324432843131945e-06
4484,8.36299113871064e-06
4485,1.2237191185704432e-05
4486,6.814835614932235e-06
4487,6.43162911728723e-06
4488,7.246373115776805e-06
4489,7.905278835096397e-06
4490,6.756566108379047e-06
4491,7.239558271976421e-06
4492,6.526770903292345e-06
4493,5.993673767079599e-06
4494,7.2767124947858974e-06
4495,9.40404788707383e-06
4496,6.3606921685277484e-06
4497,5.820539172418648e-06
4498,6.163505076983711e-06
4499,4.787038051290438e-06
4500,3.90829245588975e-06
4501,6.282553840719629e-06
4502,5.051252628618386e-06
4503,5.150634933670517e-06
4504,6.651807325397385e-06
4505,6.410532478184905e-06
4506,7.443643880833406e-06
4507,1.0654177458491176e-05
4508,5.688715191354277e-06
4509,6.373913947754772e-06
4510,5.211371444602264e-06
4511,5.102980139781721e-06
4512,7.128400739020435e-06
4513,4.006072686024709e-06
4514,9.078213224711362e-06
4515,8.39683798403712e-06
4516,4.7295097829191945e-06
4517,5.519071692106081e-06
4518,6.7916762418462895e-06
4519,6.0715401559718885e-06
4520,5.703805072698742e-06
4521,4.997112682758598e-06
4522,6.206724719959311e-06
4523,9.817339559958782e-06
4524,4.58097110822564e-06
4525,5.545355634239968e-06
4526,7.346769962168764e-06
4527,8.206352504203096e-06
4528,8.727730346436147e-06
4529,7.023441412457032e-06
4530,6.630519237660337e-06
4531,7.740520231891423e-06
4532,1.10515520646004e-05
4533,5.78996059630299e-06
4534,7.103529242158402e-06
4535,8.431210517301224e-06
4536,4.946552962792339e-06
4537,6.002106147207087e-06
4538,6.027491508575622e-06
4539,6.241717073862674e-06
4540,7.205375823104987e-06
4541,4.163304311077809e-06
4542,5.809709364257287e-06
4543,7.845016625651624e-06
4544,6.08103118793224e-06
4545,8.947376954893116e-06
4546,8.11864356364822e-06
4547,7.237202225951478e-06
4548,7.888657819421496e-06
4549,6.957887762837345e-06
4550,1.0976668818329927e-05
4551,8.328925105161034e-06
4552,7.323993031604914e-06
4553,1.4822514458501246e-05
4554,7.354669833148364e-06
4555,9.860308637144044e-06
4556,7.889645530667622e-06
4557,8.064269422902726e-06
4558,6.988949735386996e-06
4559,6.4467421907465905e-06
4560,6.644847871939419e-06
4561,1.0548233149165753e-05
4562,7.182241006375989e-06
4563,9.430473255633842e-06
4564,8.631755008536857e-06
4565,8.395081749767996e-06
4566,1.2398568287608214e-05
4567,9.551213224767707e-06
4568,9.22610706766136e-06
4569,7.608421128679765e-06
4570,5.926257927058032e-06
4571,7.772679964546114e-06
4572,9.396172572451178e-06
4573,7.5531634138314985e-06
4574,7.880053999542724e-06
4575,7.814375749148894e-06
4576,8.225558303820435e-06
4577,7.270862624864094e-06
4578,6.412418315449031e-06
4579,1.0511103027965873e-05
4580,6.956247034395346e-06
4581,8.43043926579412e-06
4582,7.334951078519225e-06
4583,1.067362154572038e-05
4584,8.327587238454726e-06
4585,7.578956228826428e-06
4586,8.060887921601534e-06
4587,8.686404726176988e-06
4588,8.181025805242825e-06
4589,6.879456122987904e-06
4590,1.14859522000188e-05
4591,5.608491846942343e-06
4592,7.740170076431241e-06
4593,7.878212272771634e-06
4594,8.220547897508368e-06
4595,6.535324700962519e-06
4596,1.3530919204640668e-05
4597,9.859797501121648e-06
4598,7.404455118376063e-06
4599,1.062930459738709e-05
4600,8.138768862409052e-06
4601,7.1771637522033416e-06
4602,6.862150712549919e-06
4603,1.095440711651463e-05
4604,8.260938557214104e-06
4605,8.399961188843008e-06
4606,6.230121925909771e-06
4607,7.94830521044787e-06
4608,1.2108438568247948e-05
4609,6.933639269846026e-06
4610,6.925364232301945e-06
4611,5.5336859077215195e-06
4612,5.760588010161882e-06
4613,8.459793207293842e-06
4614,9.109065103984904e-06
4615,8.602554771641735e-06
4616,6.313176072580973e-06
4617,8.66971276991535e-06
4618,7.932762855489273e-06
4619,1.1479915883683134e-05
4620,7.9721748988959e-06
4621,6.923599812580505e-06
4622,8.450744644505903e-06
4623,9.39320307224989e-06
4624,8.021600478969049e-06
4625,8.830143087834585e-06
4626,5.603539193543838e-06
4627,6.3121033235802315e-06
4628,5.985022653476335e-06
4629,1.4163127161737066e-05
4630,8.865851668815594e-06
4631,9.99501753540244e-06
4632,8.10137589724036e-06
4633,6.566238425875781e-06
4634,9.273850082536228e-06
4635,6.046839644113788e-06
4636,1.1284198990324512e-05
4637,6.309511263680179e-06
4638,9.874065654003061e-06
4639,7.415670552290976e-06
4640,6.368421509250766e-06
4641,1.0157212273043115e-05
4642,1.0417586054245476e-05
4643,8.528370017302223e-06
4644,7.193502369773341e-06
4645,6.68568782202783e-06
4646,6.2735202845942695e-06
4647,7.892488611105364e-06
4648,9.244819011655636e-06
4649,7.835832548153121e-06
4650,9.634458365326282e-06
4651,7.892207577242516e-06
4652,8.791779691819102e-06
4653,8.92381194717018e-06
4654,1.553926085762214e-05
4655,8.425426130997948e-06
4656,1.0751548870757688e-05
4657,1.0183832273469307e-05
4658,8.103426807792857e-06
4659,1.0739011486293748e-05
4660,8.814405191515107e-06
4661,1.0053506230178755e-05
4662,1.0148599358217325e-05
4663,1.1796814760600682e-05
4664,1.4347310752782505e-05
4665,1.1266015462751966e-05
4666,1.117234569392167e-05
4667,5.945892098679906e-06
4668,6.273675353440922e-06
4669,6.32819001111784e-06
4670,7.453013949998422e-06
4671,8.872500075085554e-06
4672,8.56420592754148e-06
4673,6.02898853685474e-06
4674,6.170841970742913e-06
4675,6.939180821063928e-06
4676,7.5990042205376085e-06
4677,1.1206185263290536e-05
4678,7.304770861082943e-06
4679,8.60147520143073e-06
4680,5.3696280701842625e-06
4681,7.70655333326431e-06
4682,6.179773663461674e-06
4683,8.136925316648558e-06
4684,7.755535989417695e-06
4685,7.302811354747973e-06
4686,8.408286703343038e-06
4687,7.468981948477449e-06
4688,6.9518009695457295e-06
4689,6.809334990975913e-06
4690,5.331943157216301e-06
4691,1.255567440239247e-05
4692,7.94052812125301e-06
4693,8.512339263688773e-06
4694,5.986472842778312e-06
4695,7.718189408478793e-06
4696,7.208744136733003e-06
4697,5.298696123645641e-06
4698,1.4707627997267991e-05
4699,1.16398487080005e-05
4700,8.021049325179774e-06
4701,6.584827133337967e-06
4702,5.553619303100277e-06
4703,8.877342224877793e-06
4704,6.9514480856014416e-06
4705,9.990268154069781e-06
4706,8.621775123174302e-06
4707,8.185067599697504e-06
4708,1.0696036042645574e-05
4709,6.856904747110093e-06
4710,1.0950056093861349e-05
4711,8.674954187881667e-06
4712,9.458353815716691e-06
4713,6.687855602649506e-06
4714,6.855442734376993e-06
4715,8.49472689878894e-06
4716,8.977964171208441e-06
4717,8.314900696859695e-06
4718,7.519724022131413e-06
4719,8.79919662111206e-06
4720,5.875285751244519e-06
4721,7.243369054776849e-06
4722,6.766115802747663e-06
4723,8.981024620879907e-06
4724,8.972324394562747e-06
4725,8.916660590330139e-06
4726,6.522437615785748e-06
4727,1.1396146874176338e-05
4728,9.570227121002972e-06
4729,8.423382496403065e-06
4730,1.3630564353661612e-05
4731,8.829862053971738e-06
4732,7.561265192634892e-06
4733,1.053783307725098e-05
4734,9.112523912335746e-06
4735,7.219723102025455e-06
4736,8.082372005446814e-06
4737,6.246437351364875e-06
4738,1.219750993186608e-05
4739,7.500743777200114e-06
4740,7.21474452802795e-06
4741,7.184008154581534e-06
4742,7.953154636197723e-06
4743,6.197336915647611e-06
4744,1.0889015356951859e-05
4745,5.419824447017163e-06
4746,6.898903848195914e-06
4747,6.564434897882165e-06
4748,1.1353067748132162e-05
4749,6.967191893636482e-06
4750,1.1576521501410753e-05
4751,8.267360499303322e-06
4752,7.415951131406473e-06
4753,1.1109815204690676e-05
4754,7.309914053621469e-06
4755,1.1133475709357299e-05
4756,1.0272636245645117e-05
4757,1.0142324754269794e-05
4758,6.816315817559371e-06
4759,1.2096469617972616e-05
4760,7.627657396369614e-06
4761,1.092749062081566e-05
4762,9.772170415089931e-06
4763,8.441518730251119e-06
4764,8.122042345348746e-06
4765,7.5782568274007645e-06
4766,7.822044608474243e-06
4767,7.006784471741412e-06
4768,8.585574505559634e-06
4769,8.680483915668447e-06
4770,1.247291947947815e-05
4771,8.094935765257105e-06
4772,9.522069376544096e-06
4773,7.746078154013958e-06
4774,8.63163859321503e-06
4775,7.407296834571753e-06
4776,1.0389961062173825e-05
4777,8.26690302346833e-06
4778,8.520915798726492e-06
4779,1.0042952453659382e-05
4780,8.216627975343727e-06
4781,7.810600436641835e-06
4782,9.519613740849309e-06
4783,8.665165296406485e-06
4784,6.3243674048862886e-06
4785,7.822408406354953e-06
4786,9.391359526489396e-06
4787,9.078674338525161e-06
4788,7.028286745480727e-06
4789,6.407979981304379e-06
4790,1.1825450201286003e-05
4791,7.832404662622139e-06
4792,1.2530425919976551e-05
4793,1.0568383004283533e-05
4794,1.1495174476294778e-05
4795,7.891246241342742e-06
4796,8.198489013011567e-06
4797,7.898810508777387e-06
4798,7.438157354044961e-06
4799,9.876085641735699e-06
4800,8.684450222062878e-06
4801,1.0303047929483e-05
4802,1.0168471817451064e-05
4803,6.266028321988415e-06
4804,5.909691481065238e-06
4805,1.1344041922711767e-05
4806,8.42015833768528e-06
4807,8.459137461613864e-06
4808,6.6671591412159614e-06
4809,1.2753338523907587e-05
4810,7.1090858000388835e-06
4811,9.033492460730486e-06
4812,9.377614333061501e-06
4813,1.0004432624555193e-05
4814,8.197945135179907e-06
4815,1.2628353033505846e-05
4816,5.613468601950444e-06
4817,9.044556463777553e-06
4818,8.849345249473117e-06
4819,1.3743676390731707e-05
4820,6.787166967114899e-06
4821,1.216654618474422e-05
4822,9.783271707419772e-06
4823,6.820356702519348e-06
4824,8.826701559883077e-06
4825,9.145320291281678e-06
4826,7.0223463808360975e-06
4827,8.512622116541024e-06
4828,8.374602657568175e-06
4829,9.051878805621527e-06
4830,8.132587936415803e-06
4831,1.0830553947016597e-05
4832,7.043257483019261e-06
4833,1.0406065484858118e-05
4834,8.075106961769052e-06
4835,1.2568331840157043e-05
4836,1.136045921157347e-05
4837,8.707685083209071e-06
4838,7.383122920145979e-06
4839,6.320293323369697e-06
4840,5.760283329436788e-06
4841,6.190240583237028e-06
4842,7.4786280492844526e-06
4843,7.532820745836943e-06
4844,6.380633749358822e-06
4845,1.1770403943955898e-05
4846,1.4737627680005971e-05
4847,6.207661954249488e-06
4848,1.1459280358394608e-05
4849,1.1391429325158242e-05
4850,8.218105904234108e-06
4851,1.445145062461961e-05
4852,9.406429853697773e-06
4853,7.673846994293854e-06
4854,1.0319323337171227e-05
4855,1.2516742572188377e-05
4856,6.80237235428649e-06
4857,1.3378093171922956e-05
4858,1.2348808922979515e-05
4859,1.8127990188077092e-05
4860,1.2499939657573123e-05
4861,8.504563083988614e-06
4862,8.096325473161414e-06
4863,1.1243519111303613e-05
4864,7.79370020609349e-06
4865,8.980145139503293e-06
4866,9.883708116831258e-06
4867,9.299503290094435e-06
4868,9.32025068323128e-06
4869,6.242854396987241e-06
4870,1.1744282346626278e-05
4871,1.1072467714257073e-05
4872,1.809155219234526e-05
4873,6.849268174846657e-06
4874,1.1132791769341566e-05
4875,8.400795195484534e-06
4876,1.3598508303402923e-05
4877,9.635115929995663e-06
4878,1.4310860933619551e-05
4879,9.009850145957898e-06
4880,1.0738522178144194e-05
4881,1.4093361642153468e-05
4882,8.289672223327216e-06
4883,1.1239418199693318e-05
4884,1.3130860679666512e-05
4885,1.4157461919239722e-05
4886,1.0519373972783796e-05
4887,1.7357973774778657e-05
4888,1.0006326192524284e-05
4889,9.463960850553121e-06
4890,1.5019519196357578e-05
4891,1.1943086065002717e-05
4892,1.1442123650340363e-05
4893,1.2639680790016428e-05
4894,1.2149172107456252e-05
4895,7.546923370682634e-06
4896,8.974014235718641e-06
4897,9.425709322385956e-06
4898,1.2442166735127103e-05
4899,7.94806874182541e-06
4900,1.1337637261021882e-05
4901,1.0354810001445003e-05
4902,8.726433406991418e-06
4903,9.71396093518706e-06
4904,1.3042563296039589e-05
4905,1.2497530406108126e-05
4906,8.678462108946405e-06
4907,1.587002225278411e-05
4908,1.2568456440931186e-05
4909,1.0725923857535236e-05
4910,1.2920567314722575e-05
4911,1.1675481800921261e-05
4912,8.761600838624872e-06
4913,1.2399542356433813e-05
4914,1.0904799637501128e-05
4915,1.1491127224871889e-05
4916,1.8852511857403442e-05
4917,8.235467248596251e-06
4918,1.3458013199851848e-05
4919,8.158525815815665e-06
4920,9.318408956460189e-06
4921,1.043928295985097e-05
4922,1.051048093358986e-05
4923,8.43161888042232e-06
4924,9.370351108373143e-06
4925,9.48963497648947e-06
4926,8.921932021621615e-06
4927,9.002014849102125e-06
4928,8.639660336484667e-06
4929,9.72647740127286e-06
4930,8.849609002936631e-06
4931,1.2075071936124004e-05
4932,9.981486982724164e-06
4933,7.83222094469238e-06
4934,8.014410013856832e-06
4935,9.067255632544402e-06
4936,7.5286425271769986e-06
4937,1.0177313015446998e-05
4938,8.382798114325851e-06
4939,8.981412975117564e-06
4940,1.0150663001695648e-05
4941,1.279753905691905e-05
4942,1.3462944480124861e-05
4943,6.585817573068198e-06
4944,8.165584404196125e-06
4945,1.0898294931394048e-05
4946,1.0030606063082814e-05
4947,7.657905371161178e-06
4948,1.3001768820686266e-05
4949,7.554137027909746e-06
4950,8.0030049502966e-06
4951,1.4280543837230653e-05
4952,7.78415869717719e-06
4953,7.398480647680117e-06
4954,1.1762716894736513e-05
4955,1.2187754691694863e-05
4956,8.818845344649162e-06
4957,8.787995284365024e-06
4958,7.841598744562361e-06
4959,7.112326784408651e-06
4960,1.0409391506982502e-05
4961,6.799319180572638e-06
4962,6.604735062865075e-06
4963,9.58267082751263e-06
4964,8.890669960237574e-06
4965,7.37742402634467e-06
4966,1.1614697541517671e-05
4967,9.13854000827996e-06
4968,1.1646053280855995e-05
4969,7.280359113792656e-06
4970,9.52230220718775e-06
4971,9.669036444392987e-06
4972,1.1485155482660048e-05
4973,9.208477422362193e-06
4974,1.1773165169870481e-05
4975,1.2957565559190698e-05
4976,1.0392284821136855e-05
4977,1.9564395188353956e-05
4978,7.6976739364909e-06
4979,1.1303751307423227e-05
4980,9.909110303851776e-06
4981,1.3150336599210277e-05
4982,1.1276411896687932e-05
4983,1.0264939191984013e-05
4984,9.400957424077205e-06
4985,9.966514880943578e-06
4986,9.382824828207958e-06
4987,1.130816963268444e-05
4988,1.2000646165688522e-05
4989,1.1440101843618322e-05
4990,1.2729809895972721e-05
4991,1.4041967915545683e-05
4992,1.1388203347451054e-05
4993,1.4493877642962616e-05
4994,1.4394639947568066e-05
4995,8.339263331436086e-06
4996,1.3921686331741512e-05
4997,9.689533726486843e-06
4998,8.633144716441166e-06
4999,1.3112610758980736e-05
5000,9.306520951213315e-06
5001,8.40158827486448e-06
5002,8.270392754639033e-06
5003,8.990410606202204e-06
5004,9.914620932249818e-06
5005,1.622487252461724e-05
5006,1.0794006811920553e-05
5007,1.1914713468286209e-05
5008,1.307159436692018e-05
5009,8.882890142558608e-06
5010,9.973894520953763e-06
5011,1.048563626682153e-05
5012,1.073253861250123e-05
5013,1.0560344890109263e-05
5014,1.7348291294183582e-05
5015,1.0390566785645206e-05
5016,1.6884903743630275e-05
5017,9.981024049920961e-06
5018,9.738841981743462e-06
5019,1.2650907592615113e-05
5020,1.029983104672283e-05
5021,9.334162314189598e-06
5022,1.2431417417246848e-05
5023,8.868432814779226e-06
5024,9.42399310588371e-06
5025,1.9364584659342654e-05
5026,1.8390503100818023e-05
5027,1.444948520656908e-05
5028,1.3769606084679253e-05
5029,8.020119821594562e-06
5030,1.294272078666836e-05
5031,1.8041824660031125e-05
5032,9.006169420899823e-06
5033,9.595045412424952e-06
5034,1.3087530533084646e-05
5035,1.1846858797071036e-05
5036,9.847903129411861e-06
5037,6.9964557951607276e-06
5038,8.461626748612616e-06
5039,1.2907859854749404e-05
5040,1.5226246432575863e-05
5041,1.1499347237986512e-05
5042,1.0105943147209473e-05
5043,8.170331057044677e-06
5044,8.541283932572696e-06
5045,1.2862245057476684e-05
5046,1.976486419152934e-05
5047,1.0788656254590023e-05
5048,1.1393558452255093e-05
5049,1.214922212966485e-05
5050,1.6085899915196933e-05
5051,9.943350050889421e-06
5052,1.467634501750581e-05
5053,1.170670657302253e-05
5054,1.0968025890178978e-05
5055,1.1177396118000615e-05
5056,8.89108832780039e-06
5057,1.519137185823638e-05
5058,9.518074875813909e-06
5059,1.3840325664205011e-05
5060,9.618971489544492e-06
5061,1.30725793496822e-05
5062,1.3191788639232982e-05
5063,1.1863787221955135e-05
5064,1.1330265806464013e-05
5065,1.0562732313701417e-05
5066,1.461800820834469e-05
5067,1.2825100384361576e-05
5068,1.573241206642706e-05
5069,1.4301954252005089e-05
5070,1.3005989785597194e-05
5071,1.4465696949628182e-05
5072,1.7294720237259753e-05
5073,9.416119610250462e-06
5074,1.1453047591203358e-05
5075,1.577246075612493e-05
5076,1.634610816836357e-05
5077,1.386046551488107e-05
5078,1.5275243640644476e-05
5079,2.000832319026813e-05
5080,9.596626114216633e-06
5081,1.215987686009612e-05
5082,1.4630657460656948e-05
5083,9.449082426726818e-06
5084,1.4873122381686699e-05
5085,1.2506064194894861e-05
5086,1.146934118878562e-05
5087,1.1212131539650727e-05
5088,9.976712135539856e-06
5089,1.1821157386293635e-05
5090,1.1150253158120904e-05
5091,8.988766239781398e-06
5092,8.165871804521885e-06
5093,8.478702511638403e-06
5094,1.0336560080759227e-05
5095,1.1872752111230511e-05
5096,1.2851453902840149e-05
5097,1.072045233740937e-05
5098,8.681632607476786e-06
5099,8.523983524355572e-06
5100,1.1871659808093682e-05
5101,7.152907073759707e-06
5102,9.864837011264171e-06
5103,1.2896644875581842e-05
5104,1.2384301953716204e-05
5105,1.1059334610763472e-05
5106,9.992784725909587e-06
5107,1.0225759069726337e-05
5108,1.692752084636595e-05
5109,1.403035184921464e-05
5110,1.0882346032303758e-05
5111,1.2184829756733961e-05
5112,1.274433725484414e-05
5113,1.2589258403750136e-05
5114,1.4757929420738947e-05
5115,9.910429980664048e-06
5116,8.76785270520486e-06
5117,9.711197890283074e-06
5118,1.4423836546484381e-05
5119,1.0809706509462558e-05
5120,9.178956133837346e-06
5121,1.0418201782158576e-05
5122,1.158907343778992e-05
5123,1.3265359484648798e-05
5124,1.1296428056084551e-05
5125,1.4333213584905025e-05
5126,1.0618907253956422e-05
5127,1.4633230421168264e-05
5128,1.0907443538599182e-05
5129,8.242118383350316e-06
5130,1.490245085733477e-05
5131,1.3087225852359552e-05
5132,1.300989697483601e-05
5133,1.304505167354364e-05
5134,1.2318879271333572e-05
5135,9.005606443679426e-06
5136,1.616118424863089e-05
5137,1.8902997908298858e-05
5138,8.358139893971384e-06
5139,1.637279274291359e-05
5140,1.820632314775139e-05
5141,1.3098441741021816e-05
5142,1.6621341274003498e-05
5143,1.5394709407701157e-05
5144,1.912414336402435e-05
5145,1.3005311302549671e-05
5146,1.2675602192757651e-05
5147,1.0261014722345863e-05
5148,1.211006110679591e-05
5149,9.320057870354503e-06
5150,1.1555860510270577e-05
5151,2.8561025828821585e-05
5152,8.643048204248771e-06
5153,1.2765973224304616e-05
5154,1.267892548639793e-05
5155,1.2816036360163707e-05
5156,1.273386169486912e-05
5157,2.013582161453087e-05
5158,1.8292297681909986e-05
5159,1.0588287295831833e-05
5160,1.1378349881852046e-05
5161,1.8728662325884216e-05
5162,1.360753503831802e-05
5163,1.1928219464607537e-05
5164,1.8566493963589892e-05
5165,9.034320100909099e-06
5166,1.1817007361969445e-05
5167,1.3247522474557627e-05
5168,1.2254856301296968e-05
5169,7.348341569013428e-06
5170,1.4276740330387838e-05
5171,1.0039833796327002e-05
5172,1.7548896721564233e-05
5173,9.046710147231352e-06
5174,8.766952305450104e-06
5175,1.121462082664948e-05
5176,1.1665627425827552e-05
5177,1.1895019270014018e-05
5178,9.97528786683688e-06
5179,1.1839439139293972e-05
5180,1.727956441754941e-05
5181,1.4270981409936212e-05
5182,1.0091959666169714e-05
5183,1.253840764547931e-05
5184,1.519327543064719e-05
5185,1.279216849070508e-05
5186,1.7749971448211e-05
5187,1.3951917026133742e-05
5188,1.3284610759001225e-05
5189,1.4636418200097978e-05
5190,8.829962098388933e-06
5191,1.589315797900781e-05
5192,1.3671774468093645e-05
5193,1.0986712368321605e-05
5194,1.4496319636236876e-05
5195,1.674864142842125e-05
5196,1.964216608030256e-05
5197,1.8051829101750627e-05
5198,1.0280723472533282e-05
5199,1.858232462836895e-05
5200,1.290891486860346e-05
5201,1.2136386430938728e-05
5202,1.1730891856132075e-05
5203,1.753735341480933e-05
5204,1.6073256119852886e-05
5205,1.3516912076738663e-05
5206,1.4324697076517623e-05
5207,1.4274577551987022e-05
5208,1.3013936950301286e-05
5209,2.0905057681375183e-05
5210,1.250581226486247e-05
5211,1.3640194993058685e-05
5212,9.496186976321042e-06
5213,1.3023648534726817e-05
5214,1.0508803825359792e-05
5215,1.3980939911562018e-05
5216,1.0730248504842166e-05
5217,1.1682523108902387e-05
5218,1.451202388125239e-05
5219,2.074657822959125e-05
5220,9.452111044083722e-06
5221,1.3388644219958223e-05
5222,1.8431921489536762e-05
5223,1.3232568562671077e-05
5224,1.370421887258999e-05
5225,1.5530835298704915e-05
5226,1.3175379535823595e-05
5227,9.686806151876226e-06
5228,1.5771149264764972e-05
5229,1.403373244102113e-05
5230,9.975674402085133e-06
5231,2.084916559397243e-05
5232,1.1628883839875925e-05
5233,9.983642485167366e-06
5234,1.6655412764521316e-05
5235,2.0900466552120633e-05
5236,1.246600368176587e-05
5237,1.1014429219358135e-05
5238,1.0621824003465008e-05
5239,1.570231506775599e-05
5240,9.717766261019278e-06
5241,1.3221655535744503e-05
5242,1.108071046473924e-05
5243,2.3810645870980807e-05
5244,1.7731690604705364e-05
5245,1.4354106497194152e-05
5246,1.387824522680603e-05
5247,1.3105212929076515e-05
5248,1.85601875273278e-05
5249,1.3756280168308876e-05
5250,1.1342852303641848e-05
5251,1.156932285084622e-05
5252,1.3689737897948362e-05
5253,1.4033383195055649e-05
5254,1.1279765203653369e-05
5255,1.0951257536362391e-05
5256,9.688103091320954e-06
5257,1.0932767509075347e-05
5258,9.845973181654699e-06
5259,1.8118069419870153e-05
5260,1.2638574844459072e-05
5261,1.0694933735067025e-05
5262,1.749858165567275e-05
5263,1.837843046814669e-05
5264,1.4337854736368172e-05
5265,1.2670947398873977e-05
5266,1.7296844816883095e-05
5267,1.3264741028251592e-05
5268,2.3955364667926915e-05
5269,1.3072181900497526e-05
5270,8.88315298652742e-06
5271,1.6965293980319984e-05
5272,1.2836920177505817e-05
5273,1.3761592526861932e-05
5274,1.3822756955050863e-05
5275,1.2053885257046204e-05
5276,1.968344622582663e-05
5277,7.241747425723588e-06
5278,1.3549353752750903e-05
5279,1.631823215575423e-05
5280,1.607593549124431e-05
5281,1.461506326450035e-05
5282,1.2355301805655472e-05
5283,1.3135523659002502e-05
5284,1.368895209452603e-05
5285,1.2491954294091556e-05
5286,1.2486095329222735e-05
5287,1.2288681318750605e-05
5288,1.1362323675712105e-05
5289,1.6520063581992872e-05
5290,1.6449563190690242e-05
5291,1.4242544239095878e-05
5292,1.550913839309942e-05
5293,2.10506532312138e-05
5294,1.3382453289523255e-05
5295,1.0245041266898625e-05
5296,1.2704344953817781e-05
5297,1.6347530618077144e-05
5298,1.1548492693691514e-05
5299,1.7911313989316113e-05
5300,1.4604532225348521e-05
5301,1.9455123037914746e-05
5302,1.2052854799549095e-05
5303,1.4677045328426175e-05
5304,1.86646338988794e-05
5305,1.4905916032148525e-05
5306,1.6402278561145067e-05
5307,1.6490497728227638e-05
5308,9.984428288589697e-06
5309,1.3945018508820795e-05
5310,1.1922878911718726e-05
5311,1.3085045793559402e-05
5312,1.347102897852892e-05
5313,1.9036131561733782e-05
5314,1.4446441127802245e-05
5315,1.3301170838531107e-05
5316,1.7482074326835573e-05
5317,1.0406663932371885e-05
5318,9.594576113158837e-06
5319,1.3414940440270584e-05
5320,1.4371871657203883e-05
5321,1.0944243513222318e-05
5322,1.1243253538850695e-05
5323,1.1473979611764662e-05
5324,1.465744662709767e-05
5325,8.891376637620851e-06
5326,1.4177497178025078e-05
5327,9.794209290703293e-06
5328,1.572781002323609e-05
5329,1.0757241398096085e-05
5330,1.7470783859607764e-05
5331,1.9911118215532042e-05
5332,1.1245331734244246e-05
5333,1.3137747373548336e-05
5334,1.1893148439412471e-05
5335,1.5110325875866693e-05
5336,1.3300746104505379e-05
5337,9.772993507795036e-06
5338,1.1583674677240197e-05
5339,1.6378489817725495e-05
5340,1.2899319699499756e-05
5341,1.2914796570839826e-05
5342,1.393527963955421e-05
5343,2.2401487512979656e-05
5344,1.2307401448197197e-05
5345,1.5706795238656923e-05
5346,1.2133383279433474e-05
5347,1.6830639651743695e-05
5348,2.1741154341725633e-05
5349,1.4598951565858442e-05
5350,1.6942636648309417e-05
5351,2.0400982975843363e-05
5352,1.2604251423908863e-05
5353,1.43284814839717e-05
5354,1.2681802218139637e-05
5355,1.597997652424965e-05
5356,1.1528025424922816e-05
5357,1.786524626368191e-05
5358,1.2864630662079435e-05
5359,2.2519874619320035e-05
5360,1.4282821211963892e-05
5361,1.4083332644077018e-05
5362,1.734946454234887e-05
5363,1.1440612070146017e-05
5364,1.894871093099937e-05
5365,1.4387924238690175e-05
5366,1.719673309708014e-05
5367,1.3548632523452397e-05
5368,2.0928688172716647e-05
5369,1.7911057511810213e-05
5370,1.1876428288815077e-05
5371,1.2156309821875766e-05
5372,2.0022875105496496e-05
5373,1.7370115529047325e-05
5374,2.1206347810220905e-05
5375,1.354342657577945e-05
5376,2.033878081419971e-05
5377,1.848204374255147e-05
5378,1.5458641428267583e-05
5379,1.5459943824680522e-05
5380,1.571008215250913e-05
5381,1.968894684978295e-05
5382,1.4176484000927303e-05
5383,1.940870970429387e-05
5384,2.189927181461826e-05
5385,1.6228948879870586e-05
5386,1.2299425179662649e-05
5387,1.5636300304322504e-05
5388,1.0344898328185081e-05
5389,1.4507811101793777e-05
5390,9.650620995671488e-06
5391,1.2039455214107875e-05
5392,1.3549389223044273e-05
5393,1.8038868802250363e-05
5394,1.6529194908798672e-05
5395,1.4283837117545772e-05
5396,1.5987459846655838e-05
5397,1.1779416126955766e-05
5398,1.3384737030719407e-05
5399,1.926379627548158e-05
5400,1.1341275239828974e-05
5401,2.089114968839567e-05
5402,1.6229821994784288e-05
5403,1.5100296877790242e-05
5404,1.1676493159029633e-05
5405,1.6886848243302666e-05
5406,1.3905652849643957e-05
5407,1.4970446500228718e-05
5408,1.514274026703788e-05
5409,1.476572379033314e-05
5410,1.115983923227759e-05
5411,1.8605343939270824e-05
5412,2.2584081307286397e-05
5413,1.4794036360399332e-05
5414,1.4211679626896512e-05
5415,1.329379574599443e-05
5416,1.1742757124011405e-05
5417,1.50478472278337e-05
5418,2.6546096705715172e-05
5419,1.1711470506270416e-05
5420,1.1131037354061846e-05
5421,1.6088291886262596e-05
5422,1.1774573977163527e-05
5423,1.5800813343957998e-05
5424,1.2495443115767557e-05
5425,1.1866863133036532e-05
5426,2.1770638340967707e-05
5427,1.0950268006126862e-05
5428,1.1928150343010202e-05
5429,1.4242133147490676e-05
5430,1.765474007697776e-05
5431,9.917496754496824e-06
5432,1.3449472135107499e-05
5433,1.3019474863540381e-05
5434,1.114083806896815e-05
5435,1.10432929432136e-05
5436,2.0094097635592334e-05
5437,1.9104869352304377e-05
5438,1.9275283193564974e-05
5439,1.1945601727347821e-05
5440,1.2401412277540658e-05
5441,1.535694536869414e-05
5442,1.1962816643062979e-05
5443,1.7569018382346258e-05
5444,1.927418270497583e-05
5445,1.4265079698816407e-05
5446,2.1081850718474016e-05
5447,1.516337761131581e-05
5448,1.9708309991983697e-05
5449,2.2887928935233504e-05
5450,1.7313846910838038e-05
5451,2.2735637685400434e-05
5452,1.3627924090542365e-05
5453,1.2008436897303909e-05
5454,1.3570132068707608e-05
5455,2.013463745242916e-05
5456,1.6686308299540542e-05
5457,1.683289337961469e-05
5458,1.3540304280468263e-05
5459,1.3633947673952207e-05
5460,2.079752266581636e-05
5461,2.0655277694459073e-05
5462,1.1341460776748136e-05
5463,1.1718185305653606e-05
5464,1.5685618564020842e-05
5465,1.3772560123470612e-05
5466,1.8807166270562448e-05
5467,3.3909040212165564e-05
5468,1.2940289707330521e-05
5469,2.168777064071037e-05
5470,1.7779681002139114e-05
5471,1.6277384929708205e-05
5472,2.5135286705335602e-05
5473,1.8168049791711383e-05
5474,1.6500029232702218e-05
5475,1.855443770182319e-05
5476,1.4498484233627096e-05
5477,2.0735336875077337e-05
5478,1.5472302038688213e-05
5479,1.4307041965366807e-05
5480,1.3229427167971153e-05
5481,1.3134287655702792e-05
5482,1.7942247723112814e-05
5483,1.4985418602009304e-05
5484,1.5725105185993016e-05
5485,1.4442335668718442e-05
5486,2.2940255803405307e-05
5487,1.6739235434215516e-05
5488,1.5730474842712283e-05
5489,1.924760545080062e-05
5490,1.6569936633459292e-05
5491,1.8955399355036207e-05
5492,1.9684614017023705e-05
5493,1.8399028704152443e-05
5494,1.88796275324421e-05
5495,1.1932655979762785e-05
5496,2.0317691451054998e-05
5497,1.686284849711228e-05
5498,2.0114895960432477e-05
5499,8.168865861080121e-06
5500,1.0758737516880501e-05
5501,1.3560235856857616e-05
5502,1.203931969939731e-05
5503,1.782934123184532e-05
5504,2.292815588589292e-05
5505,3.510465467115864e-05
5506,1.8958829969051294e-05
5507,1.8486085537006147e-05
5508,1.7753985957824625e-05
5509,2.4985973141156137e-05
5510,1.8239588825963438e-05
5511,1.2505407539720181e-05
5512,1.853606227086857e-05
5513,1.8439426639815792e-05
5514,1.8483136955183e-05
5515,1.4011139683134388e-05
5516,1.6520187273272313e-05
5517,1.6747124391258694e-05
5518,1.5133577107917517e-05
5519,1.2156762750237249e-05
5520,1.911275103338994e-05
5521,3.71890164387878e-05
5522,1.9215371139580384e-05
5523,1.94846470549237e-05
5524,1.5239584172377363e-05
5525,1.5158111636992544e-05
5526,1.6282601791317575e-05
5527,1.5823354260646738e-05
5528,1.6622376278974116e-05
5529,1.0935115824395325e-05
5530,1.85789122042479e-05
5531,2.3925276764202863e-05
5532,2.685490471776575e-05
5533,1.2192583199066576e-05
5534,1.4050252502784133e-05
5535,1.8405640730634332e-05
5536,1.579782292537857e-05
5537,1.6926098396652378e-05
5538,2.2848458684165962e-05
5539,1.683764457993675e-05
5540,2.1100573576404713e-05
5541,1.8740280211204663e-05
5542,2.0001525626867078e-05
5543,2.33116570598213e-05
5544,1.2990923096367624e-05
5545,1.1735564839909784e-05
5546,1.9363409592187963e-05
5547,1.44823789014481e-05
5548,1.2102349501219578e-05
5549,1.1526532034622505e-05
5550,1.445271209377097e-05
5551,1.823669117584359e-05
5552,1.508649074821733e-05
5553,1.598253038537223e-05
5554,1.594798595760949e-05
5555,1.7749904145603068e-05
5556,1.1976264431723393e-05
5557,2.1866324459551834e-05
5558,1.298445204156451e-05
5559,1.6563431927352212e-05
5560,1.4092574019741733e-05
5561,1.4140196981315967e-05
5562,1.2045551557093859e-05
5563,2.8039998142048717e-05
5564,1.1049018212361261e-05
5565,1.3548791685025208e-05
5566,1.9579334548325278e-05
5567,1.222586797666736e-05
5568,1.536931267764885e-05
5569,1.7145581296063028e-05
5570,2.2442018234869465e-05
5571,1.4152989933791105e-05
5572,1.4516706869471818e-05
5573,1.133101341110887e-05
5574,1.722520391922444e-05
5575,1.468512800784083e-05
5576,1.5682058801758103e-05
5577,1.3289639355207328e-05
5578,2.6976349545293488e-05
5579,2.3710184905212373e-05
5580,2.4293172828038223e-05
5581,2.5037199520738795e-05
5582,1.913953383336775e-05
5583,1.682113179413136e-05
5584,1.5066303603816777e-05
5585,2.5439941964577883e-05
5586,2.0855291950283572e-05
5587,2.1476838810485788e-05
5588,2.5716783056850545e-05
5589,2.6943389457301237e-05
5590,1.2937515748490114e-05
5591,1.6950745703070424e-05
5592,2.453469278407283e-05
5593,1.4526159247907344e-05
5594,1.9418394003878348e-05
5595,1.872172470029909e-05
5596,1.7931106413016096e-05
5597,1.2209309716126882e-05
5598,1.4958501196815632e-05
5599,1.703610541881062e-05
5600,1.4416593330679461e-05
5601,1.98032139451243e-05
5602,1.2800815056834836e-05
5603,1.5986754078767262e-05
5604,2.2751075448468328e-05
5605,2.510400918254163e-05
5606,1.5179440197243821e-05
5607,1.5909005014691502e-05
5608,1.6700072592357174e-05
5609,1.729824725771323e-05
5610,2.5213041226379573e-05
5611,1.599117422301788e-05
5612,1.634837462916039e-05
5613,1.6736850739107467e-05
5614,1.5595149307046086e-05
5615,1.9978628188255243e-05
5616,1.99520836758893e-05
5617,1.507565684732981e-05
5618,3.214012394892052e-05
5619,1.5020677892607637e-05
5620,1.6171139577636495e-05
5621,1.3748436686000787e-05
5622,2.38556822296232e-05
5623,2.4234077500295825e-05
5624,2.137146657332778e-05
5625,2.600795414764434e-05
5626,1.7038368241628632e-05
5627,1.538036303827539e-05
5628,1.3251218661025632e-05
5629,1.8286922568222508e-05
5630,2.1419491531560197e-05
5631,1.4499221833830234e-05
5632,1.4902887414791621e-05
5633,2.013956145674456e-05
5634,2.1524036128539592e-05
5635,2.0498640878940932e-05
5636,1.6856387446750887e-05
5637,1.9342849554959685e-05
5638,2.942163155239541e-05
5639,1.7062711776816286e-05
5640,1.9349174181115814e-05
5641,1.4554182598658372e-05
5642,1.4633580576628447e-05
5643,1.4537441529682837e-05
5644,2.169941035390366e-05
5645,1.402218549628742e-05
5646,2.4623768695164472e-05
5647,1.6990363292279653e-05
5648,2.078954639728181e-05
5649,1.6161991879926063e-05
5650,1.542772770335432e-05
5651,1.6715406673029065e-05
5652,2.1909709175815806e-05
5653,1.949235229403712e-05
5654,2.045359360636212e-05
5655,1.913267078634817e-05
5656,1.3802013199892826e-05
5657,1.335309752903413e-05
5658,1.6296648027491756e-05
5659,1.9390961824683473e-05
5660,1.708977470116224e-05
5661,3.1511088309343904e-05
5662,1.9404378690524027e-05
5663,2.425465572741814e-05
5664,1.862281897047069e-05
5665,1.8641652786755003e-05
5666,3.5143628338119015e-05
5667,1.9943119696108624e-05
5668,1.6616117136436515e-05
5669,1.8612550775287673e-05
5670,2.6958890884998254e-05
5671,1.3168542864150368e-05
5672,1.4363059563038405e-05
5673,1.1578684279811569e-05
5674,2.0847022824455053e-05
5675,1.6621141185169108e-05
5676,1.7961567209567875e-05
5677,1.2180770681879949e-05
5678,1.3232844139565714e-05
5679,2.1430130800581537e-05
5680,1.4823889614490326e-05
5681,1.3954381756775547e-05
5682,1.900360621220898e-05
5683,2.0551384295686148e-05
5684,2.115158349624835e-05
5685,2.344929816899821e-05
5686,1.921400507853832e-05
5687,1.8102880858350545e-05
5688,1.628178870305419e-05
5689,1.9268722098786384e-05
5690,2.0677849533967674e-05
5691,2.072163078992162e-05
5692,2.9621351131936535e-05
5693,2.0238510842318647e-05
5694,1.957552376552485e-05
5695,1.6513928130734712e-05
5696,1.9220480680814944e-05
5697,1.6457204765174538e-05
5698,1.2645500646613073e-05
5699,2.025628236879129e-05
5700,2.5092655050684698e-05
5701,1.884566154330969e-05
5702,2.0735806174343452e-05
5703,1.541645178804174e-05
5704,1.835172952269204e-05
5705,1.6104015230666846e-05
5706,2.345406755921431e-05
5707,1.3252230928628705e-05
5708,1.960158442670945e-05
5709,1.9612662072177045e-05
5710,1.7786796888685785e-05
5711,2.4792117983452044e-05
5712,1.583702578500379e-05
5713,1.8864773664972745e-05
5714,1.7110336557379924e-05
5715,1.848869760578964e-05
5716,2.218437111878302e-05
5717,3.137367093586363e-05
5718,1.985217932087835e-05
5719,1.998463449126575e-05
5720,1.7290136383962817e-05
5721,1.383891958539607e-05
5722,1.555072594783269e-05
5723,1.8910055587184615e-05
5724,1.9010863979929127e-05
5725,1.656182030274067e-05
5726,1.5010135939519387e-05
5727,1.0945610483759083e-05
5728,2.0145298549323343e-05
5729,1.377611897623865e-05
5730,3.111214391537942e-05
5731,2.1207984900684096e-05
5732,1.8189812180935405e-05
5733,2.052785930573009e-05
5734,2.8387421480147168e-05
5735,1.8695473045227118e-05
5736,1.3709357517655008e-05
5737,1.6053691069828346e-05
5738,2.4794884666334838e-05
5739,3.4183125535491854e-05
5740,3.774355354835279e-05
5741,3.1014154956210405e-05
5742,1.344983684248291e-05
5743,2.344644963159226e-05
5744,2.1456175090861507e-05
5745,2.005170244956389e-05
5746,2.1450958229252137e-05
5747,2.5951070711016655e-05
5748,1.4483534869214054e-05
5749,1.971170786418952e-05
5750,3.2588814065093175e-05
5751,2.08864967135014e-05
5752,2.2611393433180638e-05
5753,1.4924878087185789e-05
5754,1.5260724467225373e-05
5755,1.6675116057740524e-05
5756,4.644835280487314e-05
5757,1.8763659682008438e-05
5758,1.8493765310267918e-05
5759,1.7283666238654405e-05
5760,2.3072549083735794e-05
5761,2.2016070943209343e-05
5762,3.0934461392462254e-05
5763,2.465835314069409e-05
5764,2.372782546444796e-05
5765,2.2927864847588353e-05
5766,1.710040851321537e-05
5767,2.263428905280307e-05
5768,2.3697823053225875e-05
5769,2.1163687051739544e-05
5770,2.005023998208344e-05
5771,2.979033706651535e-05
5772,1.81456925929524e-05
5773,1.2829807928937953e-05
5774,1.9957540644099936e-05
5775,1.6453321222797967e-05
5776,1.6876116205821745e-05
5777,2.5544155505485833e-05
5778,1.5108304978639353e-05
5779,1.967531170521397e-05
5780,1.2641765351872891e-05
5781,1.6436184523627162e-05
5782,3.2124517019838095e-05
5783,1.7529444448882714e-05
5784,2.9952614568173885e-05
5785,2.4732533347560093e-05
5786,2.2807991626905277e-05
5787,2.4280770958284847e-05
5788,3.2748004741733894e-05
5789,1.402616089762887e-05
5790,2.126524668710772e-05
5791,2.183270044042729e-05
5792,2.020111060119234e-05
5793,1.8440496205585077e-05
5794,3.09242241200991e-05
5795,1.3636762560054194e-05
5796,2.5612367608118802e-05
5797,2.4005725208553486e-05
5798,1.900052302516997e-05
5799,1.7609349015401676e-05
5800,1.4296687368187122e-05
5801,3.119268876616843e-05
5802,2.1301970264175907e-05
5803,2.116512223437894e-05
5804,2.771000436041504e-05
5805,1.702731788100209e-05
5806,2.54031692747958e-05
5807,2.1272298909025267e-05
5808,1.6764952306402847e-05
5809,2.7861795388162136e-05
5810,1.5512912796111777e-05
5811,1.3594451957033016e-05
5812,1.7359921912429854e-05
5813,1.6358673747163266e-05
5814,2.8353491870802827e-05
5815,2.3731907276669517e-05
5816,1.828192216635216e-05
5817,2.4981462047435343e-05
5818,1.8827391613740474e-05
5819,2.672439040907193e-05
5820,2.3288288502953947e-05
5821,2.896735713875387e-05
5822,1.8876680769608356e-05
5823,1.5903860912658274e-05
5824,2.1016163373133168e-05
5825,2.2022106350050308e-05
5826,1.8210732378065586e-05
5827,1.41955142680672e-05
5828,1.4143854969006497e-05
5829,3.188323898939416e-05
5830,2.2083007934270427e-05
5831,2.0054183551110327e-05
5832,2.074428448395338e-05
5833,3.241929880459793e-05
5834,1.9587068891269155e-05
5835,2.8784214009647258e-05
5836,2.0427773051778786e-05
5837,4.02560290240217e-05
5838,2.2445885406341404e-05
5839,2.0248216969775967e-05
5840,1.9252353013143875e-05
5841,2.0191380826872773e-05
5842,3.3641383197391406e-05
5843,1.381873880745843e-05
5844,2.4072982341749594e-05
5845,1.9881916159647517e-05
5846,3.9827376895118505e-05
5847,2.294466867169831e-05
5848,2.0591374777723104e-05
5849,2.274322832818143e-05
5850,1.7709262465359643e-05
5851,2.6151685233344324e-05
5852,1.892466207209509e-05
5853,2.9102502594469115e-05
5854,1.569294363434892e-05
5855,2.530244273657445e-05
5856,1.7839864085544832e-05
5857,1.7327680325252004e-05
5858,1.8652068320079707e-05
5859,2.2901498596183956e-05
5860,3.601210846682079e-05
5861,2.173884968215134e-05
5862,1.7200165530084632e-05
5863,2.36906544159865e-05
5864,1.8877219190471806e-05
5865,2.4707584088901058e-05
5866,1.4430735063797329e-05
5867,2.1152247427380644e-05
5868,1.5464498574147e-05
5869,2.0779410988325253e-05
5870,1.5407573300763033e-05
5871,1.986334245884791e-05
5872,2.408680484222714e-05
5873,1.4062138689041603e-05
5874,2.2129126591607928e-05
5875,1.8951366655528545e-05
5876,1.9639266611193307e-05
5877,2.6150542907998897e-05
5878,2.4637158276163973e-05
5879,2.204876182076987e-05
5880,2.3941955078043975e-05
5881,1.9518563931342214e-05
5882,2.689054781512823e-05
5883,2.3431715817423537e-05
5884,2.6338855604990385e-05
5885,2.360054168093484e-05
5886,2.0742456399602816e-05
5887,2.0129162294324487e-05
5888,2.4305270926561207e-05
5889,1.9289676856715232e-05
5890,2.1381070837378502e-05
5891,2.0366824173834175e-05
5892,2.762784242804628e-05
5893,2.0853301975876093e-05
5894,1.9798953871941194e-05
5895,1.720021646178793e-05
5896,2.0676679923781194e-05
5897,1.964402872545179e-05
5898,1.8830296539817937e-05
5899,2.6256746423314326e-05
5900,1.9539551431080326e-05
5901,2.363472231081687e-05
5902,2.0769230104633607e-05
5903,2.9428529160213657e-05
5904,2.1818017557961866e-05
5905,1.7453896361985244e-05
5906,1.509023059043102e-05
5907,1.8883256416302174e-05
5908,1.7349429981550202e-05
5909,2.531156496843323e-05
5910,1.7043110347003676e-05
5911,1.5758476365590468e-05
5912,1.9608880393207073e-05
5913,3.1212086469167843e-05
5914,1.7792835933505557e-05
5915,1.6657992091495544e-05
5916,1.9485360098769888e-05
5917,2.079586556646973e-05
5918,2.028490234806668e-05
5919,2.0224541003699414e-05
5920,3.247942731832154e-05
5921,2.753044100245461e-05
5922,2.4964610929600894e-05
5923,1.7646309061092325e-05
5924,1.84924228960881e-05
5925,1.5903262465144508e-05
5926,1.6260990378214046e-05
5927,1.8434317098581232e-05
5928,1.866564889496658e-05
5929,2.2022612029104494e-05
5930,2.7777239665738307e-05
5931,1.976562816707883e-05
5932,2.7233385480940342e-05
5933,2.670646608748939e-05
5934,1.8929158613900654e-05
5935,1.778859405021649e-05
5936,3.566867599147372e-05
5937,3.9174730773083866e-05
5938,3.7420093576656654e-05
5939,3.5461718653095886e-05
5940,2.5696823286125436e-05
5941,2.2208441805560142e-05
5942,2.2110045392764732e-05
5943,2.9575012376881205e-05
5944,2.2429812815971673e-05
5945,2.04966236196924e-05
5946,2.5133791496045887e-05
5947,2.9178687327657826e-05
5948,1.8575236026663333e-05
5949,2.0519653844530694e-05
5950,2.3018747015157714e-05
5951,2.124410639225971e-05
5952,1.6559604773647152e-05
5953,2.1022318833274767e-05
5954,2.8390768420649692e-05
5955,2.1031397409387864e-05
5956,1.4009092410560697e-05
5957,2.4866219973773696e-05
5958,2.437459261273034e-05
5959,2.2182202883413993e-05
5960,1.7654834664426744e-05
5961,3.226289845770225e-05
5962,2.233655504824128e-05
5963,2.9517217626562342e-05
5964,3.360302798682824e-05
5965,2.927122295659501e-05
5966,2.2170270312926732e-05
5967,1.7873469914775342e-05
5968,2.1263740563881584e-05
5969,3.399507841095328e-05
5970,1.6468244211864658e-05
5971,2.2343261662172154e-05
5972,1.4358576663653366e-05
5973,1.8430449927109294e-05
5974,1.6742216757847928e-05
5975,1.9794551917584613e-05
5976,1.9897541278623976e-05
5977,1.8087310309056193e-05
5978,1.8638791516423225e-05
5979,1.9181787138222717e-05
5980,2.0097957531106658e-05
5981,3.416238178033382e-05
5982,2.3060791136231273e-05
5983,1.9241919289925136e-05
5984,2.0470120944082737e-05
5985,2.125862374668941e-05
5986,3.109375757048838e-05
5987,1.7619238860788755e-05
5988,2.555659921199549e-05
5989,1.979486296477262e-05
5990,2.0970814148313366e-05
5991,1.436563252354972e-05
5992,2.5041923436219804e-05
5993,2.662999577296432e-05
5994,2.5508043108857237e-05
5995,1.6875486835488118e-05
5996,1.5699097275501117e-05
5997,2.5459021344431676e-05
5998,2.6020530640380457e-05
5999,2.8809847208322026e-05
6000,3.4025946661131456e-05
6001,2.1289910364430398e-05
6002,2.1957866920274682e-05
6003,3.7844813050469384e-05
6004,1.9926750610466115e-05
6005,2.2817681383457966e-05
6006,2.675859650480561e-05
6007,2.20332858589245e-05
6008,2.5302466383436695e-05
6009,1.746727866702713e-05
6010,1.8757131329039112e-05
6011,1.9923174477298744e-05
6012,1.963647810043767e-05
6013,2.0560821212711744e-05
6014,3.839563942165114e-05
6015,1.7671110981609672e-05
6016,1.963106478797272e-05
6017,1.7588279661140405e-05
6018,2.056251651083585e-05
6019,1.864756632130593e-05
6020,2.52885165537009e-05
6021,4.290102151571773e-05
6022,2.4313148969667964e-05
6023,2.8020263926009648e-05
6024,1.5628313121851534e-05
6025,1.9265798982814886e-05
6026,2.0228926587151363e-05
6027,1.8272507077199407e-05
6028,2.2022870325599797e-05
6029,2.7403739295550622e-05
6030,3.2531621400266886e-05
6031,1.9031824194826186e-05
6032,1.912404150061775e-05
6033,2.7244805096415803e-05
6034,2.0788809706573375e-05
6035,2.2993081074673682e-05
6036,1.725249967421405e-05
6037,4.520210131886415e-05
6038,2.191757084801793e-05
6039,3.5519598895916715e-05
6040,2.8344493330223486e-05
6041,2.4122717150021344e-05
6042,3.417913831071928e-05
6043,3.191543873981573e-05
6044,2.2386882847058587e-05
6045,2.078766920021735e-05
6046,2.970511923194863e-05
6047,3.6235964216757566e-05
6048,4.160497337579727e-05
6049,2.358827623538673e-05
6050,3.361353083164431e-05
6051,2.309431329194922e-05
6052,2.9971472031320445e-05
6053,3.323871351312846e-05
6054,4.156962677370757e-05
6055,2.8349675631034188e-05
6056,4.399517274578102e-05
6057,2.3522748961113393e-05
6058,2.4479712010361254e-05
6059,2.1241148715489544e-05
6060,2.8287109671509825e-05
6061,1.7159911294584163e-05
6062,2.9208147680037655e-05
6063,3.901976742781699e-05
6064,2.392036549281329e-05
6065,2.559911627031397e-05
6066,2.9390479539870284e-05
6067,2.492184648872353e-05
6068,3.5449098504614085e-05
6069,2.6620080461725593e-05
6070,2.9690172596019693e-05
6071,1.5575520592392422e-05
6072,2.438629417156335e-05
6073,2.006567046919372e-05
6074,2.8176913474453613e-05
6075,2.86890754068736e-05
6076,1.473268184781773e-05
6077,1.642662209633272e-05
6078,1.9201343093300238e-05
6079,3.9187088987091556e-05
6080,1.932679515448399e-05
6081,1.8573087800177746e-05
6082,2.021830005105585e-05
6083,2.7764399419538677e-05
6084,3.075583663303405e-05
6085,2.310405943717342e-05
6086,2.1070489310659468e-05
6087,3.0238987164921127e-05
6088,3.1992047297535464e-05
6089,4.0252394683193415e-05
6090,2.2353859094437212e-05
6091,2.8529595510917716e-05
6092,4.264464951120317e-05
6093,2.737773502303753e-05
6094,1.8600087059894577e-05
6095,2.177388159907423e-05
6096,2.1062101950519718e-05
6097,2.408062391623389e-05
6098,5.266442531137727e-05
6099,3.2085437851492316e-05
6100,2.4888333427952603e-05
6101,2.805633266689256e-05
6102,3.136092345812358e-05
6103,2.512621540518012e-05
6104,2.4863968064892106e-05
6105,2.8214528356329538e-05
6106,2.088276596623473e-05
6107,2.9765804356429726e-05
6108,2.8078644390916452e-05
6109,2.5110875867540017e-05
6110,2.6623791200108826e-05
6111,3.271065725130029e-05
6112,3.115208164672367e-05
6113,2.959578159789089e-05
6114,3.7372185033746064e-05
6115,2.219134876213502e-05
6116,2.8609658329514787e-05
6117,2.7682473955792375e-05
6118,2.5254341380787082e-05
6119,2.447530278004706e-05
6120,4.1742554458323866e-05
6121,2.0438987121451646e-05
6122,1.862016142695211e-05
6123,2.6526911824475974e-05
6124,2.484853393980302e-05
6125,1.8557220755610615e-05
6126,2.237134140159469e-05
6127,3.570715489331633e-05
6128,2.0803598090424202e-05
6129,3.5500674130162224e-05
6130,2.571082950453274e-05
6131,1.985174822038971e-05
6132,2.63565616478445e-05
6133,2.8715647204080597e-05
6134,2.508517172827851e-05
6135,1.7025022316374816e-05
6136,1.935987893375568e-05
6137,2.370998299738858e-05
6138,1.8074184481520206e-05
6139,2.518317342037335e-05
6140,1.937103115778882e-05
6141,3.1511688575847074e-05
6142,1.9388782675378025e-05
6143,1.9934126612497494e-05
6144,2.92576751235174e-05
6145,2.3450034859706648e-05
6146,2.39232431340497e-05
6147,2.3620115825906396e-05
6148,4.303393143345602e-05
6149,1.9643861378426664e-05
6150,3.201307117706165e-05
6151,2.5288401957368478e-05
6152,2.6054365662275814e-05
6153,3.1874060368863866e-05
6154,2.1254070816212334e-05
6155,3.395326348254457e-05
6156,2.968517947010696e-05
6157,3.422042209422216e-05
6158,2.983543527079746e-05
6159,2.739447882049717e-05
6160,2.101270183629822e-05
6161,1.636738670640625e-05
6162,2.2012398403603584e-05
6163,3.9728754927637056e-05
6164,2.154173307644669e-05
6165,2.2404970877687447e-05
6166,2.3292694095289335e-05
6167,1.6642003174638376e-05
6168,1.743584289215505e-05
6169,4.0338971302844584e-05
6170,3.777191523113288e-05
6171,3.129440301563591e-05
6172,3.220910002710298e-05
6173,3.1102892535272986e-05
6174,3.049416045541875e-05
6175,1.8058102796203457e-05
6176,1.8753853510133922e-05
6177,2.451004365866538e-05
6178,2.6790929041453637e-05
6179,2.1740959709859453e-05
6180,3.2926745916483924e-05
6181,1.8551081666373648e-05
6182,2.5290493795182556e-05
6183,1.739436265779659e-05
6184,2.526769821997732e-05
6185,3.807087705354206e-05
6186,2.399085133220069e-05
6187,3.2946896681096405e-05
6188,3.127508898614906e-05
6189,2.2766565962228924e-05
6190,2.0543406208162196e-05
6191,2.277417115692515e-05
6192,3.318415838293731e-05
6193,2.877625956898555e-05
6194,2.207478064519819e-05
6195,2.8839323931606486e-05
6196,2.009817399084568e-05
6197,3.382353679626249e-05
6198,2.4977482098620385e-05
6199,1.903951124404557e-05
6200,2.9542623451561667e-05
6201,2.3536886146757752e-05
6202,2.850275268428959e-05
6203,3.5082321119261906e-05
6204,1.8160546460421756e-05
6205,2.999174830620177e-05
6206,3.359600668773055e-05
6207,2.4856477466528304e-05
6208,5.526660243049264e-05
6209,2.7256168323219754e-05
6210,2.3406648324453272e-05
6211,2.1234307496342808e-05
6212,2.584294452390168e-05
6213,1.9631082977866754e-05
6214,3.97699695895426e-05
6215,3.184493107255548e-05
6216,2.0455716366996057e-05
6217,1.9635106582427397e-05
6218,3.891007509082556e-05
6219,3.653040766948834e-05
6220,2.4968003344838507e-05
6221,2.3805007003829814e-05
6222,2.9417176847346127e-05
6223,4.873838406638242e-05
6224,3.245897460146807e-05
6225,2.3234566469909623e-05
6226,2.190881423302926e-05
6227,2.707931889744941e-05
6228,3.270771412644535e-05
6229,2.3178557967185043e-05
6230,2.3619453713763505e-05
6231,2.5328206902486272e-05
6232,2.474138091201894e-05
6233,2.4567909349570982e-05
6234,2.6122092094738036e-05
6235,2.682405465748161e-05
6236,4.065346365678124e-05
6237,2.3253516701515764e-05
6238,2.1657948309439234e-05
6239,3.757102967938408e-05
6240,1.902652729768306e-05
6241,2.4577308067819104e-05
6242,2.672594928299077e-05
6243,2.792690065689385e-05
6244,3.8737092836527154e-05
6245,3.5698776628123596e-05
6246,3.145915979985148e-05
6247,3.240557634853758e-05
6248,2.267311174364295e-05
6249,3.332415872137062e-05
6250,1.9879647879861295e-05
6251,2.6963882191921584e-05
6252,6.349966861307621e-05
6253,2.038673119386658e-05
6254,3.7894871638854966e-05
6255,4.2445899453014135e-05
6256,3.420528082642704e-05
6257,2.82065575447632e-05
6258,3.6194585845805705e-05
6259,3.561204721336253e-05
6260,2.1329256924218498e-05
6261,2.6451496523804963e-05
6262,2.7733463866752572e-05
6263,2.0896570276818238e-05
6264,2.8294791263761e-05
6265,4.8597594286547974e-05
6266,2.3322498236666434e-05
6267,2.3293223421205766e-05
6268,3.816738535533659e-05
6269,4.7871726565063e-05
6270,3.218486745026894e-05
6271,3.051637213502545e-05
6272,2.3453767425962724e-05
6273,2.5326844479423016e-05
6274,3.148970063193701e-05
6275,2.1206060409895144e-05
6276,1.8779817764880136e-05
6277,1.8830756744137034e-05
6278,3.5629265767056495e-05
6279,3.0884861189406365e-05
6280,2.7289011995890178e-05
6281,3.8798898458480835e-05
6282,2.6491345124668442e-05
6283,2.0810372006963007e-05
6284,1.8998551240656525e-05
6285,3.729937816387974e-05
6286,2.0652467355830595e-05
6287,4.616652586264536e-05
6288,3.5888187994714826e-05
6289,3.160649794153869e-05
6290,2.7450196284917183e-05
6291,2.988989399455022e-05
6292,2.60088563663885e-05
6293,3.271304740337655e-05
6294,3.490153540042229e-05
6295,2.035511533904355e-05
6296,2.6202291337540373e-05
6297,2.580369618954137e-05
6298,3.193068550899625e-05
6299,2.6670155421015806e-05
6300,2.4640970877953805e-05
6301,2.0358802430564538e-05
6302,2.5156796255032532e-05
6303,1.8608228856464848e-05
6304,3.837721669697203e-05
6305,2.859300911950413e-05
6306,2.107274303853046e-05
6307,3.797536191996187e-05
6308,2.8888063752674498e-05
6309,2.2744616217096336e-05
6310,2.6417910703457892e-05
6311,2.311854223080445e-05
6312,2.270348159072455e-05
6313,3.21429870382417e-05
6314,2.3900782252894714e-05
6315,2.3397939003189094e-05
6316,2.9010783691774122e-05
6317,1.9601775420596823e-05
6318,2.9881826776545495e-05
6319,2.7039497581426986e-05
6320,2.4647219106554985e-05
6321,3.20249491778668e-05
6322,3.331315383547917e-05
6323,3.873056994052604e-05
6324,5.658092413796112e-05
6325,4.268876728019677e-05
6326,2.9415796234388836e-05
6327,3.5660799767356366e-05
6328,3.7200246879365295e-05
6329,3.446455957600847e-05
6330,2.7037998734158464e-05
6331,2.732471693889238e-05
6332,2.6959502065437846e-05
6333,3.134164944640361e-05
6334,2.5504246877972037e-05
6335,4.384918793221004e-05
6336,2.9530232495744713e-05
6337,3.3963453461183235e-05
6338,3.74321716662962e-05
6339,2.3120308469515294e-05
6340,2.4802269763313234e-05
6341,3.984903378295712e-05
6342,2.234790736110881e-05
6343,3.49085166817531e-05
6344,5.772082295152359e-05
6345,3.4007483918685466e-05
6346,4.238313704263419e-05
6347,4.357724537840113e-05
6348,2.2248457753448747e-05
6349,3.8491838495247066e-05
6350,3.307774750282988e-05
6351,2.0780284103238955e-05
6352,3.022052078449633e-05
6353,3.6635439755627885e-05
6354,3.0851726478431374e-05
6355,2.6796364181791432e-05
6356,4.0532508137403056e-05
6357,2.8019489036523737e-05
6358,3.7734193028882146e-05
6359,3.4757264074869454e-05
6360,2.3349686671281233e-05
6361,3.631350409705192e-05
6362,4.043285298394039e-05
6363,4.278238338883966e-05
6364,4.468921179068275e-05
6365,6.515510176541284e-05
6366,3.668798672151752e-05
6367,2.5046629161806777e-05
6368,3.4315769880777225e-05
6369,4.763514152728021e-05
6370,4.7305074986070395e-05
6371,2.6807076210388914e-05
6372,2.6257632271153852e-05
6373,4.210328552289866e-05
6374,2.8258968086447567e-05
6375,3.461441519903019e-05
6376,3.9560320146847516e-05
6377,2.329919698240701e-05
6378,2.3895836420706473e-05
6379,3.1970630516298115e-05
6380,4.457913018995896e-05
6381,2.873943594750017e-05
6382,3.676027336041443e-05
6383,2.2608284780289978e-05
6384,2.6918582079815678e-05
6385,3.359719266882166e-05
6386,2.384780418651644e-05
6387,2.8106795070925727e-05
6388,3.289766755187884e-05
6389,5.121135836816393e-05
6390,3.233791721868329e-05
6391,3.0354620321304537e-05
6392,5.127688928041607e-05
6393,3.577810275601223e-05
6394,3.114217906841077e-05
6395,3.3588759833946824e-05
6396,3.304227357148193e-05
6397,2.88132196146762e-05
6398,3.37123783538118e-05
6399,2.8602516977116466e-05
6400,3.2525069400435314e-05
6401,2.7725605832529254e-05
6402,2.331869472982362e-05
6403,3.488031143206172e-05
6404,2.25974727072753e-05
6405,3.0103457902441733e-05
6406,2.005889473366551e-05
6407,3.364842996234074e-05
6408,2.638151272549294e-05
6409,2.2887861632625572e-05
6410,2.5607674615457654e-05
6411,3.158355684718117e-05
6412,2.603335633466486e-05
6413,2.471147854521405e-05
6414,2.6167761461692862e-05
6415,3.872982051689178e-05
6416,3.942889452446252e-05
6417,4.6394354285439476e-05
6418,3.2184045267058536e-05
6419,3.096484942943789e-05
6420,3.7955604057060555e-05
6421,2.107664658979047e-05
6422,4.152682959102094e-05
6423,4.094379983143881e-05
6424,2.5912433557095937e-05
6425,4.641908890334889e-05
6426,3.064347038161941e-05
6427,2.2024110876373015e-05
6428,2.749308623606339e-05
6429,5.1315073505975306e-05
6430,4.0660437662154436e-05
6431,2.902740925492253e-05
6432,2.7483325538923964e-05
6433,5.0061185902450234e-05
6434,3.181855572620407e-05
6435,2.3632284865016118e-05
6436,2.8821003070333973e-05
6437,3.085645585088059e-05
6438,3.7666395655833185e-05
6439,4.38310562458355e-05
6440,3.384328374522738e-05
6441,4.281747169443406e-05
6442,3.9925220335135236e-05
6443,2.380200385232456e-05
6444,3.043973265448585e-05
6445,3.817570905084722e-05
6446,2.9852684747311287e-05
6447,3.770560579141602e-05
6448,3.3082455047406256e-05
6449,5.16683139721863e-05
6450,5.838832657900639e-05
6451,3.2384090445702896e-05
6452,4.497459303820506e-05
6453,3.8619207771262154e-05
6454,3.257166827097535e-05
6455,2.7103014872409403e-05
6456,3.79933844669722e-05
6457,4.017789615318179e-05
6458,4.2454379581613466e-05
6459,3.474799814284779e-05
6460,2.925602166214958e-05
6461,4.067522240802646e-05
6462,2.5031711629708298e-05
6463,2.649393536557909e-05
6464,3.7816302210558206e-05
6465,3.136128725600429e-05
6466,2.732979555730708e-05
6467,2.9419843485811725e-05
6468,3.542279955581762e-05
6469,2.4115006453939714e-05
6470,3.1265873985830694e-05
6471,3.3481006539659575e-05
6472,2.9877839551772922e-05
6473,4.880681080976501e-05
6474,2.948422661575023e-05
6475,2.8417916837497614e-05
6476,2.0838944692513905e-05
6477,3.302404365967959e-05
6478,2.3314962163567543e-05
6479,2.84069319604896e-05
6480,2.1047875634394586e-05
6481,2.841651439666748e-05
6482,3.564665530575439e-05
6483,3.5467062843963504e-05
6484,4.338757207733579e-05
6485,3.678413850138895e-05
6486,3.3286542020505294e-05
6487,2.229714118584525e-05
6488,4.111563248443417e-05
6489,3.1741892598802224e-05
6490,2.90060525003355e-05
6491,2.534198392822873e-05
6492,3.1089031836017966e-05
6493,6.50236033834517e-05
6494,4.830305988434702e-05
6495,3.493150506983511e-05
6496,3.098877641605213e-05
6497,4.120174344279803e-05
6498,2.5765912141650915e-05
6499,2.71213266387349e-05
6500,5.452034019981511e-05
6501,4.05075479648076e-05
6502,2.3422187950927764e-05
6503,3.944541094824672e-05
6504,3.8586782466154546e-05
6505,3.705197377712466e-05
6506,3.787422610912472e-05
6507,2.7801032047136687e-05
6508,5.34168430021964e-05
6509,4.2511674109846354e-05
6510,2.335357385163661e-05
6511,2.9843376978533342e-05
6512,2.564563874329906e-05
6513,2.539657725719735e-05
6514,3.919316077372059e-05
6515,2.3894122932688333e-05
6516,3.780452971113846e-05
6517,3.8297075661830604e-05
6518,3.472818571026437e-05
6519,3.6987792555009946e-05
6520,3.414220191189088e-05
6521,2.8927035600645468e-05
6522,2.6339605028624646e-05
6523,5.810513175674714e-05
6524,3.767546877497807e-05
6525,4.7990644816309214e-05
6526,4.852078200201504e-05
6527,3.0905739549780264e-05
6528,3.0815925128990784e-05
6529,3.363058203831315e-05
6530,4.1009971027961e-05
6531,2.9581307899206877e-05
6532,3.788754474953748e-05
6533,3.804715015576221e-05
6534,3.744182686205022e-05
6535,3.8047342968638986e-05
6536,3.958145316573791e-05
6537,2.650708302098792e-05
6538,2.6890587832895108e-05
6539,4.38200295320712e-05
6540,4.478734626900405e-05
6541,2.2349448045133613e-05
6542,7.974171603564173e-05
6543,4.837742380914278e-05
6544,5.870517634321004e-05
6545,3.168532202835195e-05
6546,3.847822517855093e-05
6547,3.342398485983722e-05
6548,5.0982434913748875e-05
6549,3.856372131849639e-05
6550,4.194261782686226e-05
6551,3.512608600431122e-05
6552,5.208781658438966e-05
6553,4.959616853739135e-05
6554,3.1054685678100213e-05
6555,3.6262546927900985e-05
6556,4.4402258936315775e-05
6557,4.964880281477235e-05
6558,2.2925207304069772e-05
6559,3.614922025008127e-05
6560,4.7283720050472766e-05
6561,3.703607580973767e-05
6562,4.5422581024467945e-05
6563,3.053259206353687e-05
6564,7.509186252718791e-05
6565,3.577735333237797e-05
6566,3.4191991289844736e-05
6567,4.346920832176693e-05
6568,3.890514562954195e-05
6569,2.654053059814032e-05
6570,4.092780000064522e-05
6571,6.483377364929765e-05
6572,4.326294583734125e-05
6573,4.579743108479306e-05
6574,2.7389853130443953e-05
6575,3.344467768329196e-05
6576,2.7956368285231292e-05
6577,3.1966876122169197e-05
6578,4.264214658178389e-05
6579,4.063414962729439e-05
6580,4.504690150497481e-05
6581,2.874952770071104e-05
6582,2.9913904654677026e-05
6583,2.738836337812245e-05
6584,2.901088009821251e-05
6585,3.1591618608217686e-05
6586,3.7521967897191644e-05
6587,3.956641012337059e-05
6588,2.9433405870804563e-05
6589,2.8674083296209574e-05
6590,3.139547334285453e-05
6591,3.530379763105884e-05
6592,2.992203735630028e-05
6593,2.5860732421278954e-05
6594,1.85667031473713e-05
6595,5.239038364379667e-05
6596,3.264344559283927e-05
6597,4.201088449917734e-05
6598,3.6857698432868347e-05
6599,3.246933556511067e-05
6600,2.7180871256859973e-05
6601,6.197740731295198e-05
6602,4.6604796807514504e-05
6603,4.0057417209027335e-05
6604,4.0392744267592207e-05
6605,3.2346852094633505e-05
6606,3.597051545511931e-05
6607,2.571155891928356e-05
6608,3.199970524292439e-05
6609,3.1619390938431025e-05
6610,5.711653284379281e-05
6611,3.036566704395227e-05
6612,3.418442065594718e-05
6613,3.359328184160404e-05
6614,2.9729138987022452e-05
6615,2.4829018002492376e-05
6616,2.490586666681338e-05
6617,2.3366508685285226e-05
6618,3.621619180194102e-05
6619,3.420185385039076e-05
6620,4.573633486870676e-05
6621,2.9071996323182248e-05
6622,3.392956205061637e-05
6623,5.997597691020928e-05
6624,3.0585833883378655e-05
6625,2.7350852178642526e-05
6626,2.9957196602481417e-05
6627,3.6139957956038415e-05
6628,3.180811108904891e-05
6629,5.007089566788636e-05
6630,3.9997685234993696e-05
6631,5.197786231292412e-05
6632,3.9928749174578115e-05
6633,3.0043347578612156e-05
6634,3.726013528648764e-05
6635,4.4551365135703236e-05
6636,3.796943565248512e-05
6637,4.836268271901645e-05
6638,4.6384699089685455e-05
6639,3.215576725779101e-05
6640,4.254722807672806e-05
6641,3.1737061362946406e-05
6642,4.056482794112526e-05
6643,3.54825533577241e-05
6644,4.1250325011787936e-05
6645,3.128515891148709e-05
6646,3.413947706576437e-05
6647,3.3242697099922225e-05
6648,3.5227487387601286e-05
6649,3.1340525310952216e-05
6650,3.101511174463667e-05
6651,3.453941462794319e-05
6652,3.5358294553589076e-05
6653,4.126591738895513e-05
6654,3.091182588832453e-05
6655,3.2067786378320307e-05
6656,3.5966233554063365e-05
6657,2.7183761631022207e-05
6658,4.574754348141141e-05
6659,2.3667736968491226e-05
6660,3.4828663046937436e-05
6661,5.116762258694507e-05
6662,3.5385139199206606e-05
6663,3.8011770811863244e-05
6664,4.3046031350968406e-05
6665,3.132689744234085e-05
6666,4.448596155270934e-05
6667,3.520623067743145e-05
6668,2.718579889915418e-05
6669,3.787133755395189e-05
6670,3.877955532516353e-05
6671,4.603061097441241e-05
6672,4.498535054153763e-05
6673,3.77480719180312e-05
6674,2.1625219233101234e-05
6675,4.136200368520804e-05
6676,3.4826436603907496e-05
6677,4.654565782402642e-05
6678,3.546451262081973e-05
6679,3.323579585412517e-05
6680,4.106882624910213e-05
6681,3.0251701900851913e-05
6682,4.318291030358523e-05
6683,3.2459371141158044e-05
6684,3.968358942074701e-05
6685,2.83742538158549e-05
6686,4.5593929826281965e-05
6687,4.359730883152224e-05
6688,2.8088423277949914e-05
6689,3.2250209187623113e-05
6690,2.902076994359959e-05
6691,3.9827140426496044e-05
6692,3.2134546927409247e-05
6693,3.2311974791809916e-05
6694,3.79303892259486e-05
6695,3.1473060516873375e-05
6696,4.233775689499453e-05
6697,3.0083590900176205e-05
6698,3.610899148043245e-05
6699,3.439989814069122e-05
6700,3.625302269938402e-05
6701,4.427853491506539e-05
6702,2.78422830888303e-05
6703,5.62804561923258e-05
6704,4.7706089389976114e-05
6705,3.215347896912135e-05
6706,4.0762173739494756e-05
6707,3.342223499203101e-05
6708,5.5605691159144044e-05
6709,3.201235085725784e-05
6710,4.093937241123058e-05
6711,9.152107668342069e-05
6712,4.6037010179134086e-05
6713,5.9103022067574784e-05
6714,6.110219692345709e-05
6715,4.863227513851598e-05
6716,3.903877586708404e-05
6717,3.5460707294987515e-05
6718,6.400908750947565e-05
6719,6.586139352293685e-05
6720,3.255929914303124e-05
6721,3.9989994547795504e-05
6722,5.1837363571394235e-05
6723,4.5535100070992485e-05
6724,3.27908928738907e-05
6725,3.432004450587556e-05
6726,9.462009620619938e-05
6727,6.487048085546121e-05
6728,3.343504067743197e-05
6729,4.63578398921527e-05
6730,5.9492074797162786e-05
6731,3.2495932828169316e-05
6732,2.249958379252348e-05
6733,3.13017844746355e-05
6734,3.54867588612251e-05
6735,5.6761658925097436e-05
6736,3.665867916424759e-05
6737,3.802371793426573e-05
6738,4.137044015806168e-05
6739,7.843225466785952e-05
6740,2.6594505470711738e-05
6741,3.7864389014430344e-05
6742,3.633304368122481e-05
6743,5.8449873904464766e-05
6744,3.7449201045092195e-05
6745,2.677160591701977e-05
6746,3.0793809855822474e-05
6747,2.7272893930785358e-05
6748,3.446111804805696e-05
6749,2.889541065087542e-05
6750,4.7443161747651175e-05
6751,3.063008625758812e-05
6752,3.7658141081919894e-05
6753,3.3245421946048737e-05
6754,3.353476131451316e-05
6755,3.149692201986909e-05
6756,3.72304129996337e-05
6757,4.623249697033316e-05
6758,2.7701302315108478e-05
6759,4.206374069326557e-05
6760,2.940858030342497e-05
6761,3.041552918148227e-05
6762,3.0322900784085505e-05
6763,3.415696119191125e-05
6764,4.090005677426234e-05
6765,3.6548313801176846e-05
6766,3.592031862353906e-05
6767,2.6267318389727734e-05
6768,3.001542245328892e-05
6769,3.410720455576666e-05
6770,3.586499587981962e-05
6771,3.5218607081333175e-05
6772,3.265702252974734e-05
6773,3.48231042153202e-05
6774,5.406873606261797e-05
6775,2.625778506626375e-05
6776,3.47549794241786e-05
6777,3.5508764995029196e-05
6778,2.933223186118994e-05
6779,3.932820254703984e-05
6780,3.597509567043744e-05
6781,4.838001768803224e-05
6782,4.1692706872709095e-05
6783,3.750492032850161e-05
6784,4.3894629925489426e-05
6785,3.178422775818035e-05
6786,3.144289075862616e-05
6787,6.113524432294071e-05
6788,3.19101927743759e-05
6789,3.090374593739398e-05
6790,4.3850988731719553e-05
6791,3.5620447306428105e-05
6792,5.548359695239924e-05
6793,2.7262047296972014e-05
6794,3.695599298225716e-05
6795,4.1332961700391024e-05
6796,2.769745151454117e-05
6797,3.6808352888328955e-05
6798,5.2203053201083094e-05
6799,4.8495043301954865e-05
6800,3.0000990591361187e-05
6801,4.742345117847435e-05
6802,4.008632095064968e-05
6803,4.371544491732493e-05
6804,4.699508644989692e-05
6805,4.530242949840613e-05
6806,4.887389513896778e-05
6807,4.1178987885359675e-05
6808,3.8158610550453886e-05
6809,5.14769708388485e-05
6810,2.692506132007111e-05
6811,4.948950299876742e-05
6812,3.2918462238740176e-05
6813,6.280759407673031e-05
6814,4.624250505003147e-05
6815,4.025904127047397e-05
6816,3.261002348153852e-05
6817,3.635314351413399e-05
6818,3.206995825166814e-05
6819,3.939161979360506e-05
6820,4.238680412527174e-05
6821,3.580055999918841e-05
6822,2.8860267775598913e-05
6823,5.089774276711978e-05
6824,2.9156501113902777e-05
6825,3.594558802433312e-05
6826,6.452391971834004e-05
6827,3.945775461033918e-05
6828,5.114679879625328e-05
6829,2.573056372057181e-05
6830,4.492359948926605e-05
6831,4.8003876145230606e-05
6832,3.711811586981639e-05
6833,4.102796083316207e-05
6834,5.547401451622136e-05
6835,3.4985525417141616e-05
6836,2.914109791163355e-05
6837,4.071788498549722e-05
6838,3.5176664823666215e-05
6839,3.503190237097442e-05
6840,5.0108657887903973e-05
6841,2.6337545932619832e-05
6842,4.541189628071152e-05
6843,4.113006798434071e-05
6844,5.168054485693574e-05
6845,4.728017665911466e-05
6846,3.682748138089664e-05
6847,3.571582055883482e-05
6848,4.204812285024673e-05
6849,4.3695989006664604e-05
6850,4.0341172280022874e-05
6851,3.5234468668932095e-05
6852,3.306461076135747e-05
6853,4.4029966375092044e-05
6854,5.600714575848542e-05
6855,4.575121056404896e-05
6856,4.920472565572709e-05
6857,4.181393524049781e-05
6858,4.4817257730755955e-05
6859,5.8561567129800096e-05
6860,3.27011730405502e-05
6861,6.509281229227781e-05
6862,3.1745457818033174e-05
6863,4.612113116309047e-05
6864,2.837121792254038e-05
6865,3.776367520913482e-05
6866,3.003124220413156e-05
6867,5.22848276887089e-05
6868,3.714013291755691e-05
6869,4.199984323349781e-05
6870,6.196952745085582e-05
6871,4.5955290261190385e-05
6872,5.890269676456228e-05
6873,5.544262603507377e-05
6874,3.967791053582914e-05
6875,5.385501208365895e-05
6876,3.846580148092471e-05
6877,5.528717520064674e-05
6878,4.0620187064632773e-05
6879,5.4739251936553046e-05
6880,3.5969336749985814e-05
6881,3.597822433221154e-05
6882,5.6573375331936404e-05
6883,6.064557237550616e-05
6884,6.596828461624682e-05
6885,3.73161856259685e-05
6886,4.845416697207838e-05
6887,2.951739043055568e-05
6888,3.993500649812631e-05
6889,3.2111984182847664e-05
6890,6.240035145310685e-05
6891,5.957076791673899e-05
6892,4.6414232201641425e-05
6893,6.3922161643859e-05
6894,2.946748281829059e-05
6895,7.330699008889496e-05
6896,4.975559204467572e-05
6897,3.0523890018230304e-05
6898,4.67726968054194e-05
6899,3.819693301920779e-05
6900,3.897810529451817e-05
6901,4.528551289695315e-05
6902,4.137464566156268e-05
6903,2.954641604446806e-05
6904,3.1362465961137787e-05
6905,3.5593951906776056e-05
6906,4.559765147860162e-05
6907,5.005771163268946e-05
6908,5.542424332816154e-05
6909,3.901951276930049e-05
6910,4.8652971599949524e-05
6911,4.9906309868674725e-05
6912,5.3947889682604e-05
6913,3.723469126271084e-05
6914,6.535321153933182e-05
6915,3.760656909435056e-05
6916,5.32549420313444e-05
6917,4.092833478352986e-05
6918,5.284237704472616e-05
6919,5.2188366680638865e-05
6920,4.353478652774356e-05
6921,4.114474722882733e-05
6922,5.058329406892881e-05
6923,4.654937583836727e-05
6924,7.005027873674408e-05
6925,3.7517151213251054e-05
6926,3.656310946098529e-05
6927,3.724796260939911e-05
6928,3.9173879486043006e-05
6929,2.8302623832132667e-05
6930,5.611976666841656e-05
6931,4.975392221240327e-05
6932,4.1013943700818345e-05
6933,4.0866550989449024e-05
6934,3.263837061240338e-05
6935,3.8945865526329726e-05
6936,3.609605482779443e-05
6937,3.234916221117601e-05
6938,4.8298450565198436e-05
6939,6.148129614302889e-05
6940,3.06434667436406e-05
6941,3.18226266244892e-05
6942,4.3181844375794753e-05
6943,4.6836838009767234e-05
6944,4.6773777285125107e-05
6945,5.60024673177395e-05
6946,4.5460885303327814e-05
6947,5.100604175822809e-05
6948,4.254715531715192e-05
6949,2.9930415621493012e-05
6950,4.3657812057062984e-05
6951,4.59491420770064e-05
6952,3.4288736060261726e-05
6953,3.429437128943391e-05
6954,3.5453202144708484e-05
6955,6.358259270200506e-05
6956,5.564323510043323e-05
6957,6.079320519347675e-05
6958,5.589244392467663e-05
6959,4.176272341283038e-05
6960,3.312016633572057e-05
6961,3.2129431929206476e-05
6962,6.636848411289975e-05
6963,3.8925340049900115e-05
6964,4.313578756409697e-05
6965,3.566628583939746e-05
6966,5.12837796122767e-05
6967,3.6991223169025034e-05
6968,4.453381916391663e-05
6969,3.5027031117351726e-05
6970,4.015326703665778e-05
6971,3.7979596527293324e-05
6972,3.497264697216451e-05
6973,5.480260733747855e-05
6974,7.400097820209339e-05
6975,4.395323048811406e-05
6976,6.28492416581139e-05
6977,4.055932004121132e-05
6978,3.0255796445999295e-05
6979,3.255607953178696e-05
6980,4.784837074112147e-05
6981,5.137148036737926e-05
6982,4.975022966391407e-05
6983,4.3379397538956255e-05
6984,3.427901174291037e-05
6985,4.5088650949765e-05
6986,3.061411189264618e-05
6987,4.4231037463760003e-05
6988,3.6969355278415605e-05
6989,4.1440336644882336e-05
6990,2.7657721147988923e-05
6991,5.5432101362384856e-05
6992,4.4699423597194254e-05
6993,4.624473876901902e-05
6994,3.601090793381445e-05
6995,3.8522048271261156e-05
6996,3.646399636636488e-05
6997,6.718614167766646e-05
6998,6.207419937709346e-05
6999,3.1178384233498946e-05
7000,3.7881000025663525e-05
7001,4.293094025342725e-05
7002,3.957880471716635e-05
7003,3.038790418941062e-05
7004,5.447747025755234e-05
7005,4.341169915278442e-05
7006,3.063685289816931e-05
7007,3.9140970329754055e-05
7008,4.5928481995360926e-05
7009,5.485268047777936e-05
7010,3.6001543776365e-05
7011,4.111675298190676e-05
7012,3.2390234991908073e-05
7013,4.077058474649675e-05
7014,4.22857265220955e-05
7015,3.802453647949733e-05
7016,6.235320324776694e-05
7017,5.2967716328566894e-05
7018,8.247878577094525e-05
7019,5.2313931519165635e-05
7020,4.809391248272732e-05
7021,2.9925186026957817e-05
7022,4.738582720165141e-05
7023,4.916009129374288e-05
7024,6.282147660385817e-05
7025,6.725724233547226e-05
7026,4.870429984293878e-05
7027,5.56245468033012e-05
7028,4.981610254617408e-05
7029,6.26014152658172e-05
7030,5.008913649362512e-05
7031,3.928567821276374e-05
7032,6.562670751009136e-05
7033,3.448891584412195e-05
7034,5.0352067773928866e-05
7035,4.782609539688565e-05
7036,5.877335570403375e-05
7037,4.970553345629014e-05
7038,4.434406946529634e-05
7039,8.46960538183339e-05
7040,4.533999890554696e-05
7041,3.0489105483866297e-05
7042,4.737230119644664e-05
7043,3.594010559027083e-05
7044,5.4512966016773134e-05
7045,3.9779828512109816e-05
7046,5.373260864871554e-05
7047,4.411714689922519e-05
7048,4.042572254547849e-05
7049,4.016226375824772e-05
7050,5.054287248640321e-05
7051,4.216280649416149e-05
7052,4.701448415289633e-05
7053,5.8672074374044314e-05
7054,7.36000802135095e-05
7055,8.023587724892423e-05
7056,3.9686288801021874e-05
7057,4.906355025013909e-05
7058,6.444798782467842e-05
7059,4.446505772648379e-05
7060,4.2944160668412223e-05
7061,4.083180465386249e-05
7062,4.862819332629442e-05
7063,4.296995757613331e-05
7064,3.840560748358257e-05
7065,6.693148316117004e-05
7066,6.491175008704886e-05
7067,5.3963245591148734e-05
7068,5.630713712889701e-05
7069,4.0055416320683435e-05
7070,3.999068576376885e-05
7071,4.362207619124092e-05
7072,5.811428127344698e-05
7073,3.325590296299197e-05
7074,6.722979014739394e-05
7075,5.843770122737624e-05
7076,4.6822588046779856e-05
7077,4.602827539201826e-05
7078,4.0243350667878985e-05
7079,4.601537511916831e-05
7080,5.313298606779426e-05
7081,4.1148865420836955e-05
7082,3.984388604294509e-05
7083,3.5623874282464385e-05
7084,4.403891216497868e-05
7085,5.930067345616408e-05
7086,5.097164830658585e-05
7087,5.008011430618353e-05
7088,5.26241201441735e-05
7089,7.001424819463864e-05
7090,6.540046888403594e-05
7091,4.703317608800717e-05
7092,4.393761628307402e-05
7093,7.156821084208786e-05
7094,6.637130718445405e-05
7095,4.574669219437055e-05
7096,5.3907690016785637e-05
7097,6.129429675638676e-05
7098,4.650185292121023e-05
7099,4.478834307519719e-05
7100,5.310942287906073e-05
7101,4.5655247959075496e-05
7102,4.762109892908484e-05
7103,5.578594209509902e-05
7104,4.658563921111636e-05
7105,3.590281630749814e-05
7106,2.7635684091364965e-05
7107,3.064202610403299e-05
7108,4.7225043090293184e-05
7109,3.9236238080775365e-05
7110,8.234421693487093e-05
7111,4.606188667821698e-05
7112,5.2650684665422887e-05
7113,4.039346458739601e-05
7114,4.718689524452202e-05
7115,4.087528577656485e-05
7116,6.968950037844479e-05
7117,6.86725034029223e-05
7118,5.4413030738942325e-05
7119,3.65468549716752e-05
7120,4.68204561911989e-05
7121,5.578962009167299e-05
7122,3.0333945687743835e-05
7123,4.672377690440044e-05
7124,4.78191468573641e-05
7125,4.6257795474957675e-05
7126,4.695567622547969e-05
7127,8.637094288133085e-05
7128,6.681541708530858e-05
7129,6.32268565823324e-05
7130,3.518182711559348e-05
7131,3.573842695914209e-05
7132,5.6451437558280304e-05
7133,4.562325921142474e-05
7134,4.942479790770449e-05
7135,3.2528445444768295e-05
7136,4.5048785977996886e-05
7137,5.746891474700533e-05
7138,3.438032581470907e-05
7139,3.427792398724705e-05
7140,4.844820432481356e-05
7141,4.880991764366627e-05
7142,7.602234109072015e-05
7143,4.475537207326852e-05
7144,5.297115058056079e-05
7145,4.499083661357872e-05
7146,4.1125524148810655e-05
7147,3.5696502891369164e-05
7148,5.5582971981493756e-05
7149,5.6829820096027106e-05
7150,3.4769047488225624e-05
7151,4.084591273567639e-05
7152,4.276591062080115e-05
7153,4.248419645591639e-05
7154,3.91601279261522e-05
7155,4.46905723947566e-05
7156,3.697990541695617e-05
7157,6.141290941741318e-05
7158,3.084722993662581e-05
7159,5.195473931962624e-05
7160,5.20115572726354e-05
7161,3.9395890780724585e-05
7162,3.367762838024646e-05
7163,3.386449679965153e-05
7164,7.440127956215292e-05
7165,5.889052772545256e-05
7166,5.782282823929563e-05
7167,4.2522817238932475e-05
7168,4.042534783366136e-05
7169,5.897013033973053e-05
7170,4.5896809751866385e-05
7171,2.9661534426850267e-05
7172,5.631351814372465e-05
7173,4.121236634091474e-05
7174,3.937057044822723e-05
7175,5.803214298794046e-05
7176,3.584163641789928e-05
7177,7.920140342321247e-05
7178,4.305052789277397e-05
7179,4.385005377116613e-05
7180,3.825153180514462e-05
7181,6.395619129762053e-05
7182,4.158663796260953e-05
7183,3.987630407209508e-05
7184,3.897302667610347e-05
7185,5.198684812057763e-05
7186,6.327126902760938e-05
7187,3.627387559390627e-05
7188,6.995741568971425e-05
7189,6.028356438037008e-05
7190,4.373044066596776e-05
7191,5.8025609178002924e-05
7192,4.0819955756887794e-05
7193,5.565357059822418e-05
7194,6.08430927968584e-05
7195,7.359691517194733e-05
7196,5.2907871577190235e-05
7197,3.5848512197844684e-05
7198,4.713602538686246e-05
7199,4.2489307816140354e-05
7200,4.963209357811138e-05
7201,3.721587927429937e-05
7202,3.406887481105514e-05
7203,0.00010388621740275994
7204,5.011689427192323e-05
7205,7.213145727291703e-05
7206,5.0672511861193925e-05
7207,7.313596870517358e-05
7208,5.0842671043938026e-05
7209,3.4697834053076804e-05
7210,5.9140023950021714e-05
7211,5.170430813450366e-05
7212,7.246605673572049e-05
7213,4.716485636890866e-05
7214,7.282543811015785e-05
7215,4.529889702098444e-05
7216,6.170533742988482e-05
7217,5.008599327993579e-05
7218,3.8026668335078284e-05
7219,4.3024239857913926e-05
7220,4.2738985939649865e-05
7221,6.48921777610667e-05
7222,4.107232962269336e-05
7223,3.9491660572821274e-05
7224,5.1057177188340575e-05
7225,4.136715506319888e-05
7226,5.6747510825516656e-05
7227,3.310403917566873e-05
7228,5.2083039918215945e-05
7229,2.871306423912756e-05
7230,4.8918660468189046e-05
7231,4.4972421164857224e-05
7232,4.7721412556711584e-05
7233,4.752964014187455e-05
7234,4.466404425329529e-05
7235,3.371393904672004e-05
7236,3.3259748306591064e-05
7237,4.615152283804491e-05
7238,3.435267353779636e-05
7239,4.049037670483813e-05
7240,2.7870832127518952e-05
7241,4.658419857150875e-05
7242,4.868868927587755e-05
7243,4.5057055103825405e-05
7244,6.526463403133675e-05
7245,6.788858445361257e-05
7246,5.8875957620330155e-05
7247,3.03064316540258e-05
7248,5.261151454760693e-05
7249,4.4495227484731004e-05
7250,4.958771023666486e-05
7251,3.7188438000157475e-05
7252,5.010193126508966e-05
7253,3.587369428714737e-05
7254,3.4053467970807105e-05
7255,6.05489949521143e-05
7256,4.7533678298350424e-05
7257,4.104992694919929e-05
7258,4.374964191811159e-05
7259,5.5939955927897245e-05
7260,3.390236815903336e-05
7261,3.331990956212394e-05
7262,6.0556492826435715e-05
7263,4.162410550634377e-05
7264,5.07113327330444e-05
7265,5.0994520279346034e-05
7266,6.43897510599345e-05
7267,5.30172219441738e-05
7268,5.1476716180332005e-05
7269,6.24602907919325e-05
7270,4.079643258592114e-05
7271,6.691977614536881e-05
7272,4.6418146666837856e-05
7273,4.292569065000862e-05
7274,3.999950422439724e-05
7275,5.950775448582135e-05
7276,8.47147821332328e-05
7277,5.3082185331732035e-05
7278,6.860303255962208e-05
7279,5.0548434955999255e-05
7280,3.489514710963704e-05
7281,5.178342689760029e-05
7282,4.732958404929377e-05
7283,4.4371863623382524e-05
7284,4.058142803842202e-05
7285,5.437896470539272e-05
7286,5.2596111345337704e-05
7287,6.729073356837034e-05
7288,5.6484121159883216e-05
7289,5.157784471521154e-05
7290,5.2442173910094425e-05
7291,6.948382360860705e-05
7292,5.7972330978373066e-05
7293,7.309333159355447e-05
7294,6.50869551463984e-05
7295,4.8354944738093764e-05
7296,4.921161234960891e-05
7297,5.7587843912187964e-05
7298,7.973056199261919e-05
7299,4.172712579020299e-05
7300,5.355269604478963e-05
7301,4.466023528948426e-05
7302,5.954789958195761e-05
7303,5.54478210688103e-05
7304,6.866191688459367e-05
7305,4.3699790694518015e-05
7306,8.673290722072124e-05
7307,3.020767508132849e-05
7308,4.709934364655055e-05
7309,6.600919732591137e-05
7310,4.473697117646225e-05
7311,6.580389162991196e-05
7312,4.1901581425918266e-05
7313,5.934615546721034e-05
7314,7.097792695276439e-05
7315,4.097922283108346e-05
7316,6.947073416085914e-05
7317,4.9689515435602516e-05
7318,5.0685870519373566e-05
7319,6.812922947574407e-05
7320,7.891248969826847e-05
7321,5.670262180501595e-05
7322,6.441830191761255e-05
7323,5.853265611222014e-05
7324,5.609371874015778e-05
7325,7.421893678838387e-05
7326,6.265561387408525e-05
7327,7.623739656992257e-05
7328,4.484307282837108e-05
7329,4.241970236762427e-05
7330,4.181787517154589e-05
7331,7.130929589038715e-05
7332,4.2281644709873945e-05
7333,4.378998710308224e-05
7334,4.058144259033725e-05
7335,3.7507794331759214e-05
7336,7.442062633344904e-05
7337,8.740944758756086e-05
7338,7.803992048138753e-05
7339,6.249744183151051e-05
7340,6.160404882393777e-05
7341,7.280431600520387e-05
7342,7.169463788159192e-05
7343,5.187536953599192e-05
7344,4.680092024500482e-05
7345,7.293534144992009e-05
7346,6.652344745816663e-05
7347,5.444927955977619e-05
7348,5.0878861657110974e-05
7349,4.035235906485468e-05
7350,5.043194323661737e-05
7351,5.2634186431532726e-05
7352,7.609037857037038e-05
7353,5.191095624468289e-05
7354,6.857189873699099e-05
7355,5.444227281259373e-05
7356,4.259586785337888e-05
7357,5.138284177519381e-05
7358,5.970930214971304e-05
7359,5.151189543539658e-05
7360,5.339956987882033e-05
7361,4.899310806649737e-05
7362,5.1178289140807465e-05
7363,5.346452962839976e-05
7364,8.928695024223998e-05
7365,4.179295137873851e-05
7366,5.678033994627185e-05
7367,4.124043698539026e-05
7368,6.911333912285045e-05
7369,4.8645328206475824e-05
7370,5.001096360501833e-05
7371,6.259371002670377e-05
7372,5.733704529120587e-05
7373,5.0592443585628644e-05
7374,5.714923099731095e-05
7375,5.9626298025250435e-05
7376,8.052079647313803e-05
7377,4.041059946757741e-05
7378,4.0222646930487826e-05
7379,4.30055551987607e-05
7380,4.547064600046724e-05
7381,5.2767933084396645e-05
7382,5.64733418286778e-05
7383,7.818382437108085e-05
7384,5.85548477829434e-05
7385,5.47588242625352e-05
7386,6.312643381534144e-05
7387,6.0315342125250027e-05
7388,4.6948644012445584e-05
7389,4.5799191866535693e-05
7390,4.927917689201422e-05
7391,5.836143463966437e-05
7392,3.662925155367702e-05
7393,7.106314296834171e-05
7394,4.944836109643802e-05
7395,5.2400380809558555e-05
7396,8.305565279442817e-05
7397,4.414783325046301e-05
7398,6.217156624188647e-05
7399,4.5731940190307796e-05
7400,4.903916851617396e-05
7401,5.4533378715859726e-05
7402,4.481793803279288e-05
7403,9.640185453463346e-05
7404,4.4287538912612945e-05
7405,6.093701449572109e-05
7406,5.2181585488142446e-05
7407,4.9889484216691926e-05
7408,5.4927211749600247e-05
7409,3.6403023841558024e-05
7410,6.197202310431749e-05
7411,6.06777030043304e-05
7412,5.5272725148824975e-05
7413,6.231484439922497e-05
7414,5.040150790591724e-05
7415,5.9691283240681514e-05
7416,4.73663785669487e-05
7417,4.989408262190409e-05
7418,6.168902473291382e-05
7419,7.193669443950057e-05
7420,7.319835276575759e-05
7421,7.412052218569443e-05
7422,6.977254815865308e-05
7423,7.648897008039057e-05
7424,6.388882320607081e-05
7425,9.227023838320747e-05
7426,4.452588837011717e-05
7427,4.605231879395433e-05
7428,7.6217096648179e-05
7429,4.416345836943947e-05
7430,8.278919995063916e-05
7431,6.122956256149337e-05
7432,4.477177208173089e-05
7433,7.822502084309235e-05
7434,4.731100852950476e-05
7435,6.431122892536223e-05
7436,6.692292663501576e-05
7437,5.104362571728416e-05
7438,4.3484171328600496e-05
7439,5.0945982366101816e-05
7440,4.986776548321359e-05
7441,4.134548726142384e-05
7442,6.501696771010756e-05
7443,5.54406906303484e-05
7444,5.4165240726433694e-05
7445,4.690004789154045e-05
7446,5.117950422572903e-05
7447,6.228892016224563e-05
7448,6.998884055064991e-05
7449,6.11617651884444e-05
7450,5.2120056352578104e-05
7451,6.435124669224024e-05
7452,6.9943540438544e-05
7453,5.4286250815493986e-05
7454,8.690194226801395e-05
7455,6.298501830315217e-05
7456,4.645455555873923e-05
7457,8.37995030451566e-05
7458,5.591770604951307e-05
7459,7.225672015920281e-05
7460,6.232022133190185e-05
7461,4.6261273382697254e-05
7462,6.980027683312073e-05
7463,6.558706081705168e-05
7464,5.525302549358457e-05
7465,4.308750430936925e-05
7466,4.870751217822544e-05
7467,5.897708251723088e-05
7468,8.38076593936421e-05
7469,7.867692329455167e-05
7470,7.694856321904808e-05
7471,7.011059642536566e-05
7472,6.539780588354915e-05
7473,6.32104929536581e-05
7474,6.980232137721032e-05
7475,5.246243017609231e-05
7476,0.00010664026922313496
7477,7.708065822953358e-05
7478,5.316184979164973e-05
7479,7.70009501138702e-05
7480,7.615087815793231e-05
7481,5.720301123801619e-05
7482,6.868105265311897e-05
7483,5.6683777074795216e-05
7484,6.5209562308155e-05
7485,6.007042247802019e-05
7486,6.198605115059763e-05
7487,7.364011980826035e-05
7488,9.335450158687308e-05
7489,5.201136809773743e-05
7490,5.731478813686408e-05
7491,5.211054303799756e-05
7492,4.6137934987200424e-05
7493,9.865408355835825e-05
7494,0.00010254093649564311
7495,6.135971489129588e-05
7496,5.0702219596132636e-05
7497,5.704525756300427e-05
7498,6.0684484196826816e-05
7499,4.896061000181362e-05
7500,6.359894905472174e-05
7501,7.156460924306884e-05
7502,4.0692113543627784e-05
7503,7.232159259729087e-05
7504,5.838938886881806e-05
7505,6.64296603645198e-05
7506,7.540740625699982e-05
7507,6.74005423206836e-05
7508,9.03829641174525e-05
7509,9.816099918680266e-05
7510,6.936978024896234e-05
7511,6.760947144357488e-05
7512,6.735188799211755e-05
7513,4.803830597666092e-05
7514,6.010055585647933e-05
7515,6.499986193375662e-05
7516,7.570911111542955e-05
7517,4.602194167091511e-05
7518,7.496203761547804e-05
7519,6.723771366523579e-05
7520,5.564146340475418e-05
7521,6.331394979497418e-05
7522,6.0829024732811376e-05
7523,9.031305671669543e-05
7524,5.269872417557053e-05
7525,5.14586572535336e-05
7526,7.067204569466412e-05
7527,8.168075873982161e-05
7528,5.923388744122349e-05
7529,4.503829404711723e-05
7530,6.373157521011308e-05
7531,5.903889541514218e-05
7532,5.338209302863106e-05
7533,4.289335629437119e-05
7534,7.335675036301836e-05
7535,5.12555634486489e-05
7536,6.085850691306405e-05
7537,6.595772720174864e-05
7538,5.0593178457347676e-05
7539,4.8810808948474005e-05
7540,8.290605182992294e-05
7541,7.527307025156915e-05
7542,4.121030360693112e-05
7543,4.117276694159955e-05
7544,5.717718886444345e-05
7545,5.389322177506983e-05
7546,5.344979217625223e-05
7547,7.72119383327663e-05
7548,4.7712928790133446e-05
7549,5.33681595697999e-05
7550,7.384176569757983e-05
7551,0.00012020000576740131
7552,7.368420483544469e-05
7553,6.35109972790815e-05
7554,5.7296569138998166e-05
7555,6.229838618310168e-05
7556,7.064327655825764e-05
7557,4.8930443881545216e-05
7558,5.27075317222625e-05
7559,9.555269934935495e-05
7560,7.909029227448627e-05
7561,6.881260924274102e-05
7562,7.274365634657443e-05
7563,0.00010362071043346077
7564,6.34108146186918e-05
7565,5.7421610108576715e-05
7566,6.309359014267102e-05
7567,4.770862142322585e-05
7568,7.377586734946817e-05
7569,7.009287946857512e-05
7570,6.028417919878848e-05
7571,5.680527101503685e-05
7572,6.800432311138138e-05
7573,7.391158578684554e-05
7574,5.9243597206659615e-05
7575,6.343585846479982e-05
7576,4.6089713578112423e-05
7577,6.594895239686593e-05
7578,5.022367986384779e-05
7579,5.8857705880654976e-05
7580,8.262951450888067e-05
7581,9.207057155435905e-05
7582,5.873733971384354e-05
7583,5.370371582102962e-05
7584,8.317631727550179e-05
7585,6.558428867720068e-05
7586,7.518126221839339e-05
7587,5.4596624977421016e-05
7588,6.936701538506895e-05
7589,5.9637030062731355e-05
7590,5.0063546950696036e-05
7591,7.34942004783079e-05
7592,4.121414531255141e-05
7593,4.804011041414924e-05
7594,4.484415694605559e-05
7595,8.465404971502721e-05
7596,4.318655192037113e-05
7597,7.889014523243532e-05
7598,8.733914728509262e-05
7599,5.999040513415821e-05
7600,6.276478961808607e-05
7601,5.155187682248652e-05
7602,7.018301403149962e-05
7603,5.422974572866224e-05
7604,7.294582610484213e-05
7605,6.165856757434085e-05
7606,4.0325896407011896e-05
7607,6.878480780869722e-05
7608,5.956344830337912e-05
7609,7.658510003238916e-05
7610,4.882880239165388e-05
7611,6.65553379803896e-05
7612,5.1417409849818796e-05
7613,6.400491110980511e-05
7614,8.43828238430433e-05
7615,8.002186223166063e-05
7616,7.579692464787513e-05
7617,6.152185233077034e-05
7618,6.258533539948985e-05
7619,9.086387581191957e-05
7620,7.533729512942955e-05
7621,5.954509833827615e-05
7622,7.051349530229345e-05
7623,5.291157140163705e-05
7624,6.047641363693401e-05
7625,5.015974602429196e-05
7626,4.793952757609077e-05
7627,5.591228909906931e-05
7628,5.509486436494626e-05
7629,0.00010466852836543694
7630,7.24826822988689e-05
7631,0.00010563946852926165
7632,6.542771734530106e-05
7633,7.350023952312768e-05
7634,6.721842510160059e-05
7635,6.595910235773772e-05
7636,8.347577386302873e-05
7637,7.394770364044234e-05
7638,8.038496889639646e-05
7639,6.571236008312553e-05
7640,5.2866653277305886e-05
7641,7.402346818707883e-05
7642,7.303259189939126e-05
7643,6.594112346647307e-05
7644,7.452205318259075e-05
7645,0.00010603669215925038
7646,0.00010246837337035686
7647,0.00010162404942093417
7648,9.151350968750194e-05
7649,6.892441160744056e-05
7650,6.500599556602538e-05
7651,4.3166768591618165e-05
7652,6.322906847344711e-05
7653,8.334989979630336e-05
7654,8.05564850452356e-05
7655,5.4181939049158245e-05
7656,5.2282208343967795e-05
7657,5.4043001000536606e-05
7658,6.118314195191488e-05
7659,5.883660196559504e-05
7660,4.860315311816521e-05
7661,4.7801131586311385e-05
7662,6.269899313338101e-05
7663,5.8288907894166186e-05
7664,7.096569606801495e-05
7665,4.736109985969961e-05
7666,4.8465499276062474e-05
7667,5.0855556764872745e-05
7668,4.718458149000071e-05
7669,8.777439506957307e-05
7670,7.510848809033632e-05
7671,4.3424042814876884e-05
7672,7.103680400177836e-05
7673,4.3948242819169536e-05
7674,9.527732618153095e-05
7675,8.03876610007137e-05
7676,6.448262865887955e-05
7677,5.049084575148299e-05
7678,4.4916178012499586e-05
7679,6.780061812605709e-05
7680,9.556798613630235e-05
7681,5.7551467762095854e-05
7682,4.263171285856515e-05
7683,4.5968059566803277e-05
7684,6.483209290308878e-05
7685,4.5830413000658154e-05
7686,7.559420919278637e-05
7687,5.1149792852811515e-05
7688,6.404163286788389e-05
7689,6.59065117361024e-05
7690,4.780366725753993e-05
7691,6.93323599989526e-05
7692,6.607155228266492e-05
7693,6.073532858863473e-05
7694,7.250220369314775e-05
7695,6.496111745946109e-05
7696,5.4317923058988526e-05
7697,5.519088881555945e-05
7698,5.37848609383218e-05
7699,5.901376061956398e-05
7700,8.35830214782618e-05
7701,6.609700358239934e-05
7702,6.527009099954739e-05
7703,4.249425182933919e-05
7704,0.00012415042147040367
7705,4.215575609123334e-05
7706,8.32093064673245e-05
7707,5.822387174703181e-05
7708,9.070646774489433e-05
7709,5.8209989219903946e-05
7710,4.826159420190379e-05
7711,8.528684702469036e-05
7712,5.4901069233892485e-05
7713,5.126210453454405e-05
7714,8.624701877124608e-05
7715,0.00010053092410089448
7716,5.0114485929952934e-05
7717,7.511749572586268e-05
7718,7.442395872203633e-05
7719,7.745118637103587e-05
7720,5.242048064246774e-05
7721,6.977543671382591e-05
7722,5.9701877034967765e-05
7723,5.102104842080735e-05
7724,5.253040944808163e-05
7725,3.983384158345871e-05
7726,4.6258832298917696e-05
7727,7.169305172283202e-05
7728,5.359617352951318e-05
7729,9.261981904273853e-05
7730,5.152476660441607e-05
7731,5.8890116633847356e-05
7732,7.53243948565796e-05
7733,5.47517956874799e-05
7734,6.379149272106588e-05
7735,7.036302122287452e-05
7736,8.794659515842795e-05
7737,6.561339250765741e-05
7738,8.000015805009753e-05
7739,7.371522224275395e-05
7740,5.641839015879668e-05
7741,8.862714457791299e-05
7742,5.246418731985614e-05
7743,6.95373018970713e-05
7744,6.455475522670895e-05
7745,5.5996635637711734e-05
7746,9.584321378497407e-05
7747,6.943392509128898e-05
7748,5.4973621445242316e-05
7749,6.978672900004312e-05
7750,5.866494029760361e-05
7751,9.877252159640193e-05
7752,7.998723594937474e-05
7753,6.503395707113668e-05
7754,6.296906940406188e-05
7755,9.177365427603945e-05
7756,5.173834506422281e-05
7757,6.515091081382707e-05
7758,0.00012488834909163415
7759,0.0001053379091899842
7760,5.400400550570339e-05
7761,6.361731357173994e-05
7762,6.197638140292838e-05
7763,6.30579816061072e-05
7764,6.563483475474641e-05
7765,7.527132402174175e-05
7766,5.367419362301007e-05
7767,8.025747956708074e-05
7768,5.415553823695518e-05
7769,6.323651177808642e-05
7770,9.269945439882576e-05
7771,6.870665674796328e-05
7772,6.415092502720654e-05
7773,6.808520993217826e-05
7774,6.101286635384895e-05
7775,4.631818228517659e-05
7776,6.273405597312376e-05
7777,7.888278923928738e-05
7778,4.554893166641705e-05
7779,0.00011468059528851882
7780,8.781599899521098e-05
7781,6.134216528153047e-05
7782,5.862033140147105e-05
7783,7.126523269107565e-05
7784,7.693583756918088e-05
7785,5.576841431320645e-05
7786,8.801416697679088e-05
7787,0.00012588794925250113
7788,9.51180190895684e-05
7789,6.36164186289534e-05
7790,7.854700379539281e-05
7791,7.68979371059686e-05
7792,5.7971144997281954e-05
7793,7.410563557641581e-05
7794,8.689243986736983e-05
7795,5.698916720575653e-05
7796,5.3451574785867706e-05
7797,7.034465670585632e-05
7798,5.953364961897023e-05
7799,6.691954331472516e-05
7800,8.097389945760369e-05
7801,6.073524127714336e-05
7802,5.584811151493341e-05
7803,8.324767259182408e-05
7804,5.487746966537088e-05
7805,6.034616308170371e-05
7806,5.4437212384073064e-05
7807,9.89164545899257e-05
7808,5.7038447266677395e-05
7809,0.0001097040149034001
7810,4.836090374737978e-05
7811,8.715658623259515e-05
7812,5.271587360766716e-05
7813,6.618815677938983e-05
7814,6.761565600754693e-05
7815,7.871380512369797e-05
7816,6.347583257593215e-05
7817,7.008777902228758e-05
7818,5.851654350408353e-05
7819,8.96747806109488e-05
7820,9.484091424383223e-05
7821,7.71705963416025e-05
7822,5.2525007049553096e-05
7823,8.55729595059529e-05
7824,6.255964399315417e-05
7825,4.2829389713006094e-05
7826,5.097586108604446e-05
7827,9.742054680828005e-05
7828,6.225138349691406e-05
7829,6.439907156163827e-05
7830,9.729564771987498e-05
7831,9.386613965034485e-05
7832,6.977315933909267e-05
7833,5.372868326958269e-05
7834,6.559048779308796e-05
7835,6.591130659217015e-05
7836,8.230107050621882e-05
7837,7.864514918765053e-05
7838,5.549861816689372e-05
7839,9.741549729369581e-05
7840,7.482721412088722e-05
7841,7.591736357426271e-05
7842,8.019035158213228e-05
7843,6.0766993556171656e-05
7844,8.68680072017014e-05
7845,6.750722968718037e-05
7846,9.448261698707938e-05
7847,7.809918315615505e-05
7848,6.553804269060493e-05
7849,5.8823781728278846e-05
7850,4.92421786475461e-05
7851,5.965621676295996e-05
7852,5.1740698836511e-05
7853,7.725496107013896e-05
7854,7.546968845417723e-05
7855,9.156082523986697e-05
7856,8.535235974704847e-05
7857,6.991397094679996e-05
7858,6.555827712872997e-05
7859,8.308627730002627e-05
7860,8.550551137886941e-05
7861,5.741192217101343e-05
7862,5.990963109070435e-05
7863,6.645816029049456e-05
7864,5.5851192882983014e-05
7865,5.662395778927021e-05
7866,5.144303941051476e-05
7867,5.4710908443666995e-05
7868,0.0001082794478861615
7869,7.070129504427314e-05
7870,0.00010869229299714789
7871,7.072592416079715e-05
7872,4.727143095806241e-05
7873,6.322692934190854e-05
7874,5.2387986215762794e-05
7875,6.645261601079255e-05
7876,0.0001035995373968035
7877,5.1018821977777407e-05
7878,6.152543210191652e-05
7879,8.94929762580432e-05
7880,6.749818567186594e-05
7881,7.259820267790928e-05
7882,7.264079613378271e-05
7883,9.066360507858917e-05
7884,8.57481500133872e-05
7885,6.240380025701597e-05
7886,7.904491212684661e-05
7887,9.217557089868933e-05
7888,8.998448174679652e-05
7889,6.073531767469831e-05
7890,5.8005043683806434e-05
7891,6.933307304279879e-05
7892,5.810078437207267e-05
7893,8.768700354266912e-05
7894,5.2864514145767316e-05
7895,7.42464981158264e-05
7896,0.00010888690303545445
7897,9.417896944796667e-05
7898,7.284459570655599e-05
7899,5.635746128973551e-05
7900,5.380559014156461e-05
7901,6.598336040042341e-05
7902,4.628507304005325e-05
7903,8.8768734713085e-05
7904,6.113602285040542e-05
7905,0.0001013587461784482
7906,6.152216519694775e-05
7907,8.807266567600891e-05
7908,0.00010334390390198678
7909,6.066787682357244e-05
7910,6.69311048113741e-05
7911,6.19517668383196e-05
7912,9.990567195927724e-05
7913,7.296902913367376e-05
7914,9.79347387328744e-05
7915,6.762597331544384e-05
7916,6.64824474370107e-05
7917,6.609896081499755e-05
7918,9.122217306867242e-05
7919,8.63181339809671e-05
7920,6.493878026958555e-05
7921,5.0227528845425695e-05
7922,8.099779370240867e-05
7923,6.739640957675874e-05
7924,6.456233677454293e-05
7925,7.857444870751351e-05
7926,0.00013488503464031965
7927,7.95346568338573e-05
7928,0.00010451088019181043
7929,7.672135689062998e-05
7930,8.567146142013371e-05
7931,6.610491254832596e-05
7932,6.962834595469758e-05
7933,8.945487206801772e-05
7934,6.234858301468194e-05
7935,0.00010548855061642826
7936,8.90238952706568e-05
7937,6.70506342430599e-05
7938,6.78469950798899e-05
7939,0.00011713676212821156
7940,7.995977648533881e-05
7941,6.313448102446273e-05
7942,7.755799742881209e-05
7943,8.31602155813016e-05
7944,6.395684613380581e-05
7945,6.912891694810241e-05
7946,6.18509657215327e-05
7947,7.475980964954942e-05
7948,6.392330396920443e-05
7949,5.2575069275917485e-05
7950,6.946193025214598e-05
7951,7.299779827008024e-05
7952,6.103457781136967e-05
7953,7.307070336537436e-05
7954,6.354387733153999e-05
7955,8.30124772619456e-05
7956,5.0031325372401625e-05
7957,0.0001226971799042076
7958,7.823695341357961e-05
7959,7.752039527986199e-05
7960,7.56441950215958e-05
7961,6.249188299989328e-05
7962,7.772568642394617e-05
7963,7.995688065420836e-05
7964,7.82753704697825e-05
7965,5.115554085932672e-05
7966,7.200509571703151e-05
7967,0.00011016380449291319
7968,9.06136046978645e-05
7969,0.0001377925946144387
7970,7.222445856314152e-05
7971,8.418682409683242e-05
7972,6.2751721998211e-05
7973,6.288850272540003e-05
7974,5.902789780520834e-05
7975,9.63252896326594e-05
7976,7.522634405177087e-05
7977,0.00011759805784095079
7978,6.194348679855466e-05
7979,9.244029934052378e-05
7980,7.525325054302812e-05
7981,7.863886276027188e-05
7982,5.583327583735809e-05
7983,6.447646592278033e-05
7984,6.991851842030883e-05
7985,0.00011982012074440718
7986,0.0001318279537372291
7987,7.236868987092748e-05
7988,0.00010104077955475077
7989,7.792291580699384e-05
7990,7.933365122880787e-05
7991,5.6327447964577004e-05
7992,6.363911234075204e-05
7993,6.626757385674864e-05
7994,8.365396206500009e-05
7995,5.953596701147035e-05
7996,7.622595876455307e-05
7997,6.767958257114515e-05
7998,9.301264071837068e-05
7999,5.2219762437744066e-05
8000,6.927445065230131e-05
8001,6.314351776381955e-05
8002,7.744582399027422e-05
8003,9.269174188375473e-05
8004,6.87888459651731e-05
8005,6.254101754166186e-05
8006,9.76011433522217e-05
8007,6.922768807271495e-05
8008,0.00010187488805968314
8009,5.7409462897339836e-05
8010,6.270975427469239e-05
8011,0.0001618479727767408
8012,0.00012269249418750405
8013,7.888195250416175e-05
8014,7.692042709095404e-05
8015,7.12298060534522e-05
8016,7.243186701089144e-05
8017,5.9887974202865735e-05
8018,0.00010078815830638632
8019,0.00010329014185117558
8020,8.970382623374462e-05
8021,9.643840894568712e-05
8022,0.00011797222396126017
8023,8.914134377846494e-05
8024,6.366909656208009e-05
8025,9.961619798559695e-05
8026,6.950745591893792e-05
8027,6.635811587329954e-05
8028,7.209454633994028e-05
8029,7.153782644309103e-05
8030,7.044437370495871e-05
8031,7.735259714536369e-05
8032,8.45707836560905e-05
8033,6.882416346343234e-05
8034,8.63575260154903e-05
8035,5.300452539813705e-05
8036,0.00011078199895564467
8037,6.87343708705157e-05
8038,9.194545418722555e-05
8039,6.797577225370333e-05
8040,5.682541450369172e-05
8041,5.2474246331257746e-05
8042,7.23478733561933e-05
8043,0.00010348279465688393
8044,0.00010052663856185973
8045,6.362742715282366e-05
8046,7.35047651687637e-05
8047,6.598781328648329e-05
8048,7.04209232935682e-05
8049,8.387490379391238e-05
8050,5.695384606951848e-05
8051,7.776220445521176e-05
8052,6.984471838222817e-05
8053,0.0001086263291654177
8054,8.621330198366195e-05
8055,0.00011635620467131957
8056,7.694147643633187e-05
8057,7.191995973698795e-05
8058,6.20373830315657e-05
8059,8.057868399191648e-05
8060,8.883508417056873e-05
8061,7.108204590622336e-05
8062,6.764425052097067e-05
8063,0.00010795737762236968
8064,0.0001118377986131236
8065,0.00011358837218722329
8066,0.00011751283454941586
8067,8.080586121650413e-05
8068,5.047359081800096e-05
8069,0.0001238335680682212
8070,0.00010989329894073308
8071,7.339176954701543e-05
8072,8.012394391698763e-05
8073,0.00010372891847509891
8074,7.733912207186222e-05
8075,0.00010242839198326692
8076,6.293379556154832e-05
8077,5.944730946794152e-05
8078,6.371189374476671e-05
8079,0.00011631438246695325
8080,8.463199628749862e-05
8081,6.174980808282271e-05
8082,6.539092282764614e-05
8083,9.183733345707878e-05
8084,9.814884106162935e-05
8085,6.223463424248621e-05
8086,9.456265979679301e-05
8087,6.453097012126818e-05
8088,0.00010035455488832667
8089,9.468825010117143e-05
8090,7.179588283179328e-05
8091,7.337002170970663e-05
8092,9.049405343830585e-05
8093,6.942186882952228e-05
8094,6.197579205036163e-05
8095,6.693142495350912e-05
8096,7.22891854820773e-05
8097,6.573872815351933e-05
8098,6.146759551484138e-05
8099,8.536595123587176e-05
8100,9.721625247038901e-05
8101,6.697697972413152e-05
8102,0.00010847150406334549
8103,7.114794425433502e-05
8104,0.0001192977579194121
8105,7.520302460761741e-05
8106,0.00012230168795213103
8107,7.422066119033843e-05
8108,8.810166764305905e-05
8109,6.345547444652766e-05
8110,7.019519398454577e-05
8111,0.00010512154403841123
8112,6.073728218325414e-05
8113,5.594303001998924e-05
8114,6.753655179636553e-05
8115,6.294631020864472e-05
8116,9.438125562155619e-05
8117,6.835391104687005e-05
8118,7.422564522130415e-05
8119,7.151177851483226e-05
8120,7.393658597720787e-05
8121,7.865600491641089e-05
8122,5.478271486936137e-05
8123,7.958732021506876e-05
8124,6.242463132366538e-05
8125,6.436242983909324e-05
8126,8.3116814494133e-05
8127,5.657975634676404e-05
8128,6.275304622249678e-05
8129,0.00010528338316362351
8130,6.558741733897477e-05
8131,8.458231604890898e-05
8132,8.76109188538976e-05
8133,6.1069629737176e-05
8134,8.98717698873952e-05
8135,7.131913298508152e-05
8136,5.5593467550352216e-05
8137,7.431121048284695e-05
8138,0.00010164746345253661
8139,6.0378613852662966e-05
8140,8.891573088476434e-05
8141,8.282368798973039e-05
8142,8.236632857006043e-05
8143,6.175001180963591e-05
8144,6.967924127820879e-05
8145,6.146256055217236e-05
8146,4.779433220392093e-05
8147,6.492571264971048e-05
8148,6.382508581737056e-05
8149,8.927220187615603e-05
8150,5.4262611229205504e-05
8151,4.633504431694746e-05
8152,8.837001223582774e-05
8153,7.597439253004268e-05
8154,0.00011446064308984205
8155,7.768300565658137e-05
8156,0.00014518290117848665
8157,6.863329326733947e-05
8158,9.990884427679703e-05
8159,9.047651110449806e-05
8160,7.610735337948427e-05
8161,0.00013302142906468362
8162,6.145711085991934e-05
8163,8.425846317550167e-05
8164,6.390504131559283e-05
8165,8.271072147181258e-05
8166,9.962836338672787e-05
8167,8.049385360209271e-05
8168,9.187105752062052e-05
8169,0.00014043516421224922
8170,9.481694723945111e-05
8171,4.506108962232247e-05
8172,9.825446613831446e-05
8173,5.381948358262889e-05
8174,6.572100392077118e-05
8175,9.45993306231685e-05
8176,0.0001339697919320315
8177,0.00012309597514104098
8178,7.886579260230064e-05
8179,6.087333895266056e-05
8180,5.3053376177558675e-05
8181,8.015276398509741e-05
8182,7.381007890217006e-05
8183,6.20718055870384e-05
8184,9.147572563961148e-05
8185,5.8123929193243384e-05
8186,9.354030044050887e-05
8187,6.745605787727982e-05
8188,0.00011628570791799575
8189,7.411790284095332e-05
8190,8.75337136676535e-05
8191,0.00010235330410068855
8192,6.794900400564075e-05
8193,7.502740481868386e-05
8194,8.054921636357903e-05
8195,6.284582923399284e-05
8196,6.761981057934463e-05
8197,0.00011981646821368486
8198,7.28541417629458e-05
8199,7.69361067796126e-05
8200,6.020166620146483e-05
8201,8.448497101198882e-05
8202,0.00011386874393792823
8203,9.296220378018916e-05
8204,5.8733479818329215e-05
8205,5.918968599871732e-05
8206,8.136325777741149e-05
8207,0.00010025305527960882
8208,9.250468428945169e-05
8209,0.00017090766050387174
8210,7.504846144001931e-05
8211,9.721616515889764e-05
8212,0.00011267246736679226
8213,9.371009946335107e-05
8214,9.288304136134684e-05
8215,9.280642552766949e-05
8216,8.334463200299069e-05
8217,6.78862925269641e-05
8218,0.0001304137840634212
8219,8.06111711426638e-05
8220,0.00010218716488452628
8221,9.063784818863496e-05
8222,8.041413821047172e-05
8223,6.118521559983492e-05
8224,6.57755954307504e-05
8225,0.00011274196003796533
8226,0.00011386177357053384
8227,8.131494541885331e-05
8228,6.257720087887719e-05
8229,7.570162415504456e-05
8230,7.257684046635404e-05
8231,0.00010531723091844469
8232,5.870789391337894e-05
8233,8.283697388833389e-05
8234,8.39102576719597e-05
8235,8.827140118228272e-05
8236,0.00010835118882823735
8237,7.574976189061999e-05
8238,0.00010971798474201933
8239,0.00010644449503161013
8240,0.00012720981612801552
8241,0.00013744088937528431
8242,0.00014803434896748513
8243,0.0001318185677519068
8244,9.071977547137067e-05
8245,8.61984517541714e-05
8246,0.00010936479520751163
8247,8.758686453802511e-05
8248,7.96465901657939e-05
8249,0.00012420352140907198
8250,7.895442104199901e-05
8251,9.426971519133076e-05
8252,0.00010800357995321974
8253,8.279714529635385e-05
8254,0.0001066123804775998
8255,0.0001260512217413634
8256,8.78725404618308e-05
8257,7.948805432533845e-05
8258,7.760033622616902e-05
8259,8.29141863505356e-05
8260,0.00014962277782615274
8261,0.0001359337184112519
8262,0.00013313947420101613
8263,0.00012437494297046214
8264,0.00013024380314163864
8265,0.00011346342944307253
8266,8.582717418903485e-05
8267,9.112870611716062e-05
8268,0.00012881458678748459
8269,8.73905883054249e-05
8270,9.881825099000707e-05
8271,8.246307697845623e-05
8272,9.60439137998037e-05
8273,9.474168473389e-05
8274,7.634454232174903e-05
8275,9.417691035196185e-05
8276,7.854888826841488e-05
8277,9.290707384934649e-05
8278,0.00013889666297473013
8279,9.427709301235154e-05
8280,9.270717418985441e-05
8281,7.161471876315773e-05
8282,6.865345494588837e-05
8283,6.393395597115159e-05
8284,8.677656296640635e-05
8285,0.0001426023809472099
8286,6.464925536420196e-05
8287,6.242521340027452e-05
8288,9.192421566694975e-05
8289,6.304326961981133e-05
8290,0.00010270837810821831
8291,7.567399006802589e-05
8292,6.532858969876543e-05
8293,0.00012082183093298227
8294,8.304406219394878e-05
8295,0.00010466168896527961
8296,9.36752330744639e-05
8297,0.00012154512660345063
8298,0.00010007677337853238
8299,5.2806110033998266e-05
8300,7.452470163116232e-05
8301,7.830960385035723e-05
8302,7.65501827117987e-05
8303,0.00010735714022303
8304,0.00012189441622467712
8305,9.427346230950207e-05
8306,7.560947415186092e-05
8307,8.796274050837383e-05
8308,8.352625445695594e-05
8309,5.5348806199617684e-05
8310,0.00010567689605522901
8311,0.00010863236821023747
8312,8.666557550895959e-05
8313,0.00012114040873711929
8314,0.00014254884445108473
8315,0.00011662278120638803
8316,0.00010733993985923007
8317,6.899613799760118e-05
8318,8.14927407191135e-05
8319,8.175312541425228e-05
8320,9.497233986621723e-05
8321,0.00011425666161812842
8322,0.00010235582158202305
8323,6.259308429434896e-05
8324,8.60457876115106e-05
8325,0.0001060481954482384
8326,8.899513341020793e-05
8327,7.614762580487877e-05
8328,6.403874431271106e-05
8329,0.00011254845594521612
8330,8.304622315336019e-05
8331,6.935935380170122e-05
8332,4.9490648962091655e-05
8333,8.435972995357588e-05
8334,8.222604810725898e-05
8335,9.276418859371915e-05
8336,0.00010026489326264709
8337,7.887031824793667e-05
8338,8.669137605465949e-05
8339,0.00010350691445637494
8340,9.012176451506093e-05
8341,6.866100011393428e-05
8342,7.448056567227468e-05
8343,8.960381819633767e-05
8344,9.452988160774112e-05
8345,7.256974640768021e-05
8346,7.325104525079951e-05
8347,7.62437775847502e-05
8348,8.88000795384869e-05
8349,0.0001467522233724594
8350,9.328456508228555e-05
8351,0.00010333071259083226
8352,8.463958511129022e-05
8353,0.00010044892405858263
8354,6.649772694800049e-05
8355,0.00010413634299766272
8356,9.745932766236365e-05
8357,8.41103756101802e-05
8358,7.848983659641817e-05
8359,0.00011396173795219511
8360,6.478396244347095e-05
8361,7.583327533211559e-05
8362,8.793606684776023e-05
8363,0.00010976199700962752
8364,6.039171785232611e-05
8365,7.370451930910349e-05
8366,7.833691779524088e-05
8367,0.00010357077553635463
8368,9.836443496169522e-05
8369,7.536661723861471e-05
8370,0.00011091258056694642
8371,7.627376180607826e-05
8372,9.311494795838371e-05
8373,0.0001080169968190603
8374,7.501286017941311e-05
8375,8.305833034683019e-05
8376,6.469342770287767e-05
8377,0.00011241452011745423
8378,8.54248646646738e-05
8379,8.331199205713347e-05
8380,9.398582187714055e-05
8381,0.00010831736290128902
8382,0.0001250366767635569
8383,0.00010298928100382909
8384,7.951894804136828e-05
8385,0.00010454178845975548
8386,0.00011658059520414099
8387,7.007476961007342e-05
8388,7.76538799982518e-05
8389,0.00013200317334849387
8390,8.742979844100773e-05
8391,0.00012383850116748363
8392,0.00012356770457699895
8393,0.00012980090104974806
8394,9.984596545109525e-05
8395,9.186581883113831e-05
8396,0.00011876556527568027
8397,0.00011005322448909283
8398,0.00010435927106300369
8399,8.630567026557401e-05
8400,8.968272595666349e-05
8401,8.774478192208335e-05
8402,9.505028720013797e-05
8403,7.573706534458324e-05
8404,8.636816346552223e-05
8405,0.00010603533155517653
8406,8.689046808285639e-05
8407,6.771741027478129e-05
8408,8.018619701033458e-05
8409,0.00011849175643874332
8410,0.00016953788872342557
8411,9.093168046092615e-05
8412,9.450587094761431e-05
8413,0.0001108075593947433
8414,0.00011164937313878909
8415,0.00010293368541169912
8416,0.0001417249150108546
8417,0.00013234978541731834
8418,0.00010897637548623607
8419,8.989532943814993e-05
8420,0.00011769880075007677
8421,0.00010666719754226506
8422,9.618019248591736e-05
8423,7.97989996499382e-05
8424,7.534981705248356e-05
8425,0.00014039741654414684
8426,0.00010314356768503785
8427,0.00011713501589838415
8428,8.682617044541985e-05
8429,7.14227935532108e-05
8430,7.782456668792292e-05
8431,8.024055568967015e-05
8432,9.849134949035943e-05
8433,9.857850091066211e-05
8434,6.865450268378481e-05
8435,9.564201172906905e-05
8436,7.233425276353955e-05
8437,6.033039971953258e-05
8438,8.713739953236654e-05
8439,0.000124062760733068
8440,0.00011241894389968365
8441,0.00015361652185674757
8442,0.00010325302719138563
8443,8.491372864227742e-05
8444,9.082582255359739e-05
8445,0.00012101454922230914
8446,9.445281466469169e-05
8447,8.386380068259314e-05
8448,0.00011134630040032789
8449,0.00011192612146260217
8450,7.563260442111641e-05
8451,0.00011637816351139918
8452,6.999990728218108e-05
8453,8.168036583811045e-05
8454,5.117282489663921e-05
8455,9.418329136678949e-05
8456,8.683957275934517e-05
8457,7.008103420957923e-05
8458,0.00012016700202366337
8459,0.00010287819895893335
8460,7.580505916848779e-05
8461,0.00012638092448469251
8462,8.109970076475292e-05
8463,8.877895015757531e-05
8464,8.94362383405678e-05
8465,0.00010733816452557221
8466,0.0001675574021646753
8467,9.61355835897848e-05
8468,0.00012896832777187228
8469,0.00013516430044546723
8470,0.00010879688488785177
8471,0.00012193189468234777
8472,0.00014409430150408298
8473,0.0001021873249555938
8474,0.00010886586096603423
8475,7.732927770121023e-05
8476,0.00017458724323660135
8477,0.00010306171316187829
8478,7.582591206301004e-05
8479,6.424771709134802e-05
8480,0.00012796073860954493
8481,0.00012130494724260643
8482,0.00010900657071033493
8483,8.087057358352467e-05
8484,8.989283378468826e-05
8485,0.00013637957454193383
8486,0.00012536623398773372
8487,0.00011513446224853396
8488,8.746402454562485e-05
8489,0.00016003166092559695
8490,9.026074258144945e-05
8491,0.00011595958494581282
8492,0.00011437315697548911
8493,8.875726780388504e-05
8494,9.78920070338063e-05
8495,0.00011631492816377431
8496,9.167809912469238e-05
8497,0.00013790946104563773
8498,6.794593355152756e-05
8499,9.43313934840262e-05
8500,8.294677536468953e-05
8501,7.79338733991608e-05
8502,7.729845674475655e-05
8503,0.00010481602657819167
8504,0.00014324963558465242
8505,7.570948218926787e-05
8506,0.00012115814024582505
8507,8.642838656669483e-05
8508,8.997636177809909e-05
8509,7.887334504630417e-05
8510,9.76629089564085e-05
8511,0.00012091634562239051
8512,8.891290053725243e-05
8513,0.0001360910973744467
8514,8.980593702290207e-05
8515,0.00011446985445218161
8516,7.19245508662425e-05
8517,8.916867227526382e-05
8518,9.631281136535108e-05
8519,0.00011272362462477759
8520,9.87046369118616e-05
8521,0.00012837047688663006
8522,8.311648707604036e-05
8523,0.00017569269402883947
8524,0.00011652715329546481
8525,9.175287414109334e-05
8526,0.00011088034807471558
8527,0.0001379949680995196
8528,7.430194818880409e-05
8529,0.00010896228195633739
8530,0.00011203221947653219
8531,0.0001527004933450371
8532,0.00010964991088258103
8533,0.00011653847468551248
8534,9.169882832793519e-05
8535,9.403757576365024e-05
8536,0.00014167548215482384
8537,9.311967005487531e-05
8538,8.825858822092414e-05
8539,0.0001183249696623534
8540,0.00010230169573333114
8541,8.496172813465819e-05
8542,0.00011431914754211903
8543,9.84849757514894e-05
8544,8.316955791087821e-05
8545,9.822808351600543e-05
8546,0.00011052294576074928
8547,0.00010012598795583472
8548,9.7848147561308e-05
8549,9.826855966821313e-05
8550,0.00010353430843679234
8551,9.290219895774499e-05
8552,7.685775199206546e-05
8553,8.265421638498083e-05
8554,8.291321864817291e-05
8555,0.0001190554175991565
8556,0.00011960020492551848
8557,8.447717846138403e-05
8558,7.275589450728148e-05
8559,9.160663466900587e-05
8560,9.848223999142647e-05
8561,5.7779128837864846e-05
8562,7.372240361291915e-05
8563,6.422023579943925e-05
8564,6.13321753917262e-05
8565,9.326759027317166e-05
8566,8.602801972301677e-05
8567,8.069197065196931e-05
8568,0.00011664445628412068
8569,8.457013609586284e-05
8570,7.311622175620869e-05
8571,9.22878971323371e-05
8572,8.05374002084136e-05
8573,8.95367847988382e-05
8574,0.000101280769740697
8575,8.536582754459232e-05
8576,8.242414332926273e-05
8577,8.115627861116081e-05
8578,9.926111670210958e-05
8579,0.00011334853479638696
8580,0.0001222604332724586
8581,0.00015469183563254774
8582,9.816247620619833e-05
8583,0.00010105507681146264
8584,7.292380905710161e-05
8585,0.00011317987082293257
8586,9.452179074287415e-05
8587,8.974653610493988e-05
8588,0.00011391994485165924
8589,9.758628584677354e-05
8590,0.00011107959289802238
8591,0.00013708537153434008
8592,0.00010405190550955012
8593,0.0001372619008179754
8594,0.0001299384020967409
8595,9.52703194343485e-05
8596,0.00011069192260038108
8597,0.00015825156879145652
8598,9.490372030995786e-05
8599,8.617712592240423e-05
8600,0.00011114436347270384
8601,8.224065095419064e-05
8602,0.00011902544792974368
8603,7.546231063315645e-05
8604,9.501216118223965e-05
8605,8.982411964097992e-05
8606,6.86289495206438e-05
8607,0.00011346186511218548
8608,8.367522968910635e-05
8609,0.0001170129980891943
8610,8.892012556316331e-05
8611,9.375571244163439e-05
8612,9.288259025197476e-05
8613,8.290150435641408e-05
8614,8.878568041836843e-05
8615,9.559076715959236e-05
8616,7.830343383830041e-05
8617,9.74648937699385e-05
8618,0.000119794174679555
8619,8.592919766670093e-05
8620,8.170869841706008e-05
8621,9.388711623614654e-05
8622,0.0001027008329401724
8623,0.00012980874453205615
8624,0.00012641055218409747
8625,9.362622949993238e-05
8626,8.470515604130924e-05
8627,8.091174822766334e-05
8628,0.00012544376659207046
8629,8.903977141017094e-05
8630,0.0001781781465979293
8631,9.194150334224105e-05
8632,0.00011220467422390357
8633,8.630185766378418e-05
8634,0.00010088908311445266
8635,0.0001226202439283952
8636,7.88624383858405e-05
8637,9.402389696333557e-05
8638,9.871005750028417e-05
8639,7.403738709399477e-05
8640,0.00011196877312613651
8641,0.00011249759700149298
8642,0.0001598660455783829
8643,0.00010696082608774304
8644,7.220673433039337e-05
8645,7.1841808676254e-05
8646,8.18166445242241e-05
8647,7.318074494833127e-05
8648,0.0001094503459171392
8649,0.00010681053390726447
8650,0.00011898882075911388
8651,8.43564557726495e-05
8652,0.00013205075811129063
8653,0.00011696027650032192
8654,0.00010435305739520118
8655,0.00011387027916498482
8656,0.0001372776459902525
8657,9.666484402259812e-05
8658,7.692557119298726e-05
8659,0.00010767895582830533
8660,0.00014389923308044672
8661,0.0001306618651142344
8662,0.0001125536800827831
8663,9.305099956691265e-05
8664,0.00010054091399069875
8665,7.81303460826166e-05
8666,9.594675793778151e-05
8667,0.00010597870277706534
8668,8.839243673719466e-05
8669,0.0001949737488757819
8670,0.00012321362737566233
8671,0.00011147585610160604
8672,0.00010505889804335311
8673,0.0001107602147385478
8674,7.551143789896742e-05
8675,0.0001087170749087818
8676,0.00014909225865267217
8677,0.00016972384764812887
8678,7.620405085617676e-05
8679,8.314054139191285e-05
8680,0.00014561439456883818
8681,0.00010785297490656376
8682,8.282323688035831e-05
8683,9.76049923337996e-05
8684,0.0001608344173291698
8685,0.00011699378956109285
8686,9.181849600281566e-05
8687,0.00010948089038720354
8688,0.00012287279241718352
8689,0.0001044988093781285
8690,0.00013850096729584038
8691,0.00011660779273370281
8692,9.897234849631786e-05
8693,9.526009671390057e-05
8694,0.00011820696818176657
8695,0.00010193667549174279
8696,0.0001275634131161496
8697,0.00010732299415394664
8698,0.00018327873840462416
8699,0.00013693068467546254
8700,0.00012650660937651992
8701,0.00015546244685538113
8702,0.00010093910532305017
8703,0.00015766333672218025
8704,9.867507469607517e-05
8705,9.742600377649069e-05
8706,0.00019083073129877448
8707,9.324563870904967e-05
8708,9.062171739060432e-05
8709,0.00015218740736600012
8710,0.00013181380927562714
8711,0.00011115738743683323
8712,7.631844346178696e-05
8713,0.00012752551992889494
8714,0.00012734468327835202
8715,0.00010873837891267613
8716,9.752125333761796e-05
8717,0.00012994282587897032
8718,0.00012161207268945873
8719,0.00011480209650471807
8720,0.0001409526012139395
8721,0.00014322559582069516
8722,0.00010484346421435475
8723,0.00010168170410906896
8724,0.00017553873476572335
8725,7.923302473500371e-05
8726,0.00014538039977196604
8727,0.00015019866987131536
8728,0.0001016763417283073
8729,0.00011693442502291873
8730,8.63408567965962e-05
8731,0.00013019685866311193
8732,9.163052891381085e-05
8733,7.921748328953981e-05
8734,8.680074097355828e-05
8735,9.334729111287743e-05
8736,0.00012016875552944839
8737,9.72381021711044e-05
8738,0.00014465344429481775
8739,8.251721010310575e-05
8740,9.238321945304051e-05
8741,0.00010875693988054991
8742,9.819299157243222e-05
8743,8.504572906531394e-05
8744,0.0001117818828788586
8745,0.0001114789629355073
8746,0.00015719184011686593
8747,0.00011729797552106902
8748,8.195098052965477e-05
8749,0.00012492923997342587
8750,9.443562885280699e-05
8751,9.978219168260694e-05
8752,0.00012084188347216696
8753,0.00011545102461241186
8754,0.00012935511767864227
8755,8.74478355399333e-05
8756,6.813582149334252e-05
8757,9.468507778365165e-05
8758,7.215917867142707e-05
8759,9.668568964116275e-05
8760,0.00015229285054374486
8761,0.00010777221177704632
8762,0.0001318463182542473
8763,9.874123497866094e-05
8764,0.00011232335964450613
8765,0.00015473594248760492
8766,0.00014023993571754545
8767,0.00011686357174767181
8768,9.71687986748293e-05
8769,0.00011368283594492823
8770,9.585454245097935e-05
8771,0.0001781498867785558
8772,0.00012061226152582094
8773,7.267046021297574e-05
8774,0.00017765106167644262
8775,0.00016807344218250364
8776,9.543186752125621e-05
8777,0.0001462445070501417
8778,8.243779302574694e-05
8779,0.00012520235031843185
8780,8.847545541357249e-05
8781,9.2877380666323e-05
8782,8.275963045889512e-05
8783,8.36855178931728e-05
8784,0.00010997203207807615
8785,0.00012242959928698838
8786,0.00010854686115635559
8787,0.00010440158075653017
8788,0.00014991153148002923
8789,0.0001230214984389022
8790,9.979145397664979e-05
8791,0.00014001576346345246
8792,0.00011772145080612972
8793,9.639980271458626e-05
8794,8.541625720681623e-05
8795,0.00012481964949984103
8796,0.00019451834668871015
8797,0.00012579248868860304
8798,0.0001107717544073239
8799,9.444842726225033e-05
8800,0.00010930792632279918
8801,0.00011112209176644683
8802,0.00010943765664706007
8803,9.191363642457873e-05
8804,0.00011299718607915565
8805,9.388805483467877e-05
8806,0.00010827651567524299
8807,9.631998545955867e-05
8808,8.616252307547256e-05
8809,0.00012144848733441904
8810,0.00011719949543476105
8811,0.00010668670438462868
8812,9.075261186808348e-05
8813,0.0001260182907572016
8814,0.00014087003364693373
8815,0.00013649450556840748
8816,0.00010903408110607415
8817,0.00013462157221511006
8818,0.0001285411708522588
8819,0.00014066360017750412
8820,0.00016920911730267107
8821,0.00011375976464478299
8822,0.00016978544590529054
8823,0.00014646702038589865
8824,0.00016104149108286947
8825,0.00012298198998905718
8826,0.00012260788935236633
8827,0.00012891387450508773
8828,0.0001549693988636136
8829,0.00013012075214646757
8830,0.00011825345427496359
8831,0.00013077043695375323
8832,8.458491356577724e-05
8833,0.00010721689614001662
8834,9.502939792582765e-05
8835,7.56543522584252e-05
8836,0.00011803187226178125
8837,0.00013175985077396035
8838,9.591937123332173e-05
8839,0.00015415475354529917
8840,9.403117292094976e-05
8841,7.139670196920633e-05
8842,0.0001343925978289917
8843,8.274179708678275e-05
8844,0.00013759656576439738
8845,9.961984324036166e-05
8846,0.00012928174692206085
8847,0.00014572401414625347
8848,9.944630437530577e-05
8849,0.00010160397505387664
8850,7.770491356495768e-05
8851,0.00014211187954060733
8852,8.518875984009355e-05
8853,7.23902412573807e-05
8854,0.00011543015716597438
8855,0.00011266014917055145
8856,0.00010474727605469525
8857,9.029034117702395e-05
8858,0.00010343528992962092
8859,0.00013403267075773329
8860,0.00010556252527749166
8861,9.3628499598708e-05
8862,0.00016172729374375194
8863,0.00011715792788891122
8864,0.00010838921298272908
8865,9.555486758472398e-05
8866,0.0001261630968656391
8867,9.577765740687028e-05
8868,0.00012393356882967055
8869,9.848519403021783e-05
8870,9.668498387327418e-05
8871,8.367560076294467e-05
8872,0.0001499148056609556
8873,0.00010943406232399866
8874,0.00011785564129240811
8875,0.0001376353029627353
8876,0.00012195877934573218
8877,0.00017847043636720628
8878,0.00010913550795521587
8879,0.00013480469351634383
8880,0.00014090041804593056
8881,8.62677043187432e-05
8882,8.374847675440833e-05
8883,8.577922562835738e-05
8884,0.00016734472592361271
8885,0.00011179429566254839
8886,0.00012494236580096185
8887,0.00012107040674891323
8888,0.00011595155228860676
8889,0.00013048316759523004
8890,8.309436816489324e-05
8891,0.00010792737157316878
8892,0.00014395348262041807
8893,9.630994463805109e-05
8894,0.0002008571318583563
8895,0.00010401722829556093
8896,0.00010893048602156341
8897,7.594422640977427e-05
8898,9.049673099070787e-05
8899,0.00013077064068056643
8900,0.00010137050412595272
8901,9.59991812123917e-05
8902,0.00010618707165122032
8903,0.0001562606921652332
8904,0.000173364402144216
8905,9.960735042113811e-05
8906,9.763737762114033e-05
8907,0.00013770100485999137
8908,0.00010834998829523101
8909,0.00015839681145735085
8910,0.00010715857933973894
8911,0.00014890599413774908
8912,0.00011749214172596112
8913,9.897544077830389e-05
8914,0.00011266060027992353
8915,0.0001171661278931424
8916,9.942201722878963e-05
8917,0.00011133581574540585
8918,0.00012764710118062794
8919,8.56388796819374e-05
8920,0.00019511165737640113
8921,0.00012355620856396854
8922,0.00014227474457584321
8923,0.00011941551201744005
8924,0.0001091428057407029
8925,0.0001344983174931258
8926,7.855283911339939e-05
8927,0.000144714824273251
8928,0.0001217600583913736
8929,0.00010443306382512674
8930,0.00010240756819257513
8931,0.00016418985615018755
8932,0.0001020437412080355
8933,0.0001340119488304481
8934,0.00013055169256404042
8935,0.00013786500494461507
8936,0.00012709613656625152
8937,0.00014049663150217384
8938,0.00010610091703711078
8939,0.00012232536391820759
8940,9.702516399556771e-05
8941,0.00021314574405550957
8942,0.0002052144700428471
8943,0.00013531827426049858
8944,0.0001442902721464634
8945,0.0001105841074604541
8946,0.0001439389743609354
8947,0.0001623152056708932
8948,0.000132799701532349
8949,0.00013253338693175465
8950,0.00014307210221886635
8951,0.00010169377492275089
8952,8.001881360542029e-05
8953,0.00012355226499494165
8954,0.00010005998774431646
8955,9.087249782169238e-05
8956,0.00011053204070776701
8957,0.00011699553579092026
8958,0.00012401760614011437
8959,0.00011398259812267497
8960,8.141174475895241e-05
8961,0.00018992656259797513
8962,0.00010066996037494391
8963,0.00022681923292111605
8964,0.00011632821406237781
8965,8.542787691112608e-05
8966,0.00012946674542035908
8967,0.0001457698381273076
8968,9.249617869500071e-05
8969,0.00011755237210309133
8970,9.891559602692723e-05
8971,0.00013196829240769148
8972,0.00011629586515482515
8973,0.0001116416315198876
8974,0.00011387759150238708
8975,7.989566802280024e-05
8976,0.00013744839816354215
8977,0.00012496170529630035
8978,0.000119303549581673
8979,0.00019263675494585186
8980,0.00010327883501304314
8981,0.00012944651825819165
8982,0.00015011073264759034
8983,9.717443026602268e-05
8984,0.00010330079385312274
8985,9.808724280446768e-05
8986,9.389009210281074e-05
8987,0.0001276633993256837
8988,0.00011048135638702661
8989,0.0001516399352112785
8990,0.00010898707114392892
8991,0.0001108133074012585
8992,0.00011845793051179498
8993,9.709902224130929e-05
8994,0.00021046375331934541
8995,0.00011617779091466218
8996,0.00011786333925556391
8997,0.0001148769079009071
8998,8.5355197370518e-05
8999,8.289708785014227e-05
9000,0.00015464560419786721
9001,0.00015488183998968452
9002,0.00010734847455751151
9003,0.00016826212231535465
9004,0.00014355263556353748
9005,0.00013209466123953462
9006,0.000143557321280241
9007,0.00013244948058854789
9008,0.00013489549746736884
9009,0.00017865592963062227
9010,0.00010912679135799408
9011,0.00012218780466355383
9012,8.776513277553022e-05
9013,0.00012251171574462205
9014,0.0001246759493369609
9015,0.00012895601685158908
9016,0.00011819314386229962
9017,0.00013808906078338623
9018,0.00010260790440952405
9019,0.00010294112144038081
9020,0.00012069599324604496
9021,0.00012078067811671644
9022,0.00011089211329817772
9023,0.00021475776156876236
9024,0.00012098725710529834
9025,0.00013163560652174056
9026,0.00012608310498762876
9027,0.00012538404553197324
9028,0.00010878190369112417
9029,9.944022895069793e-05
9030,0.00012830492050852627
9031,0.00013567124551627785
9032,7.618512609042227e-05
9033,0.00015603486099280417
9034,0.00010650697367964312
9035,0.0002523027651477605
9036,9.990567923523486e-05
9037,0.00011525196168804541
9038,0.00012778570817317814
9039,0.00014412685413844883
9040,0.00014433595060836524
9041,0.00014025038399267942
9042,0.00013458867033477873
9043,0.0001159651656053029
9044,0.00013823343033436686
9045,0.00012947511277161539
9046,0.00012653711019083858
9047,0.00012605867232196033
9048,0.00010505753743927926
9049,0.00011335974704707041
9050,0.00010347674833610654
9051,0.00010825079516507685
9052,7.925238605821505e-05
9053,0.0001347152574453503
9054,0.0001284226746065542
9055,9.9141092505306e-05
9056,0.0001768339570844546
9057,9.276894706999883e-05
9058,0.00012836871610488743
9059,0.00015447901387233287
9060,0.00011504221038194373
9061,8.621101005701348e-05
9062,8.803192031336948e-05
9063,9.881091682473198e-05
9064,0.00014259826275520027
9065,0.00013671666965819895
9066,0.00018523338076192886
9067,0.00011018508666893467
9068,0.00016032873827498406
9069,0.00012616650201380253
9070,8.926213922677562e-05
9071,0.00015375731163658202
9072,0.00019631983013823628
9073,9.388708713231608e-05
9074,0.00012949590745847672
9075,0.0001463922526454553
9076,0.0001091735321097076
9077,0.0001062204537447542
9078,0.0001262870937353
9079,0.00011357105540810153
9080,0.00012301214155741036
9081,0.00014566707250196487
9082,0.00010796747665153816
9083,0.00012710804003290832
9084,0.00013594896881841123
9085,7.997323700692505e-05
9086,0.00011977260146522895
9087,0.00011774836457334459
9088,0.00011491438635857776
9089,0.00019646233704406768
9090,0.00010840721370186657
9091,0.00010425542131997645
9092,0.00017405691323801875
9093,0.00014796647883486003
9094,8.595710096415132e-05
9095,0.00013343457248993218
9096,0.00012152965791756287
9097,0.00012200483615742996
9098,0.00010043373913504183
9099,0.0001203059364343062
9100,0.00010837012086994946
9101,0.00012265057011973113
9102,0.00018853895016945899
9103,0.00010684162407414988
9104,0.00017348938854411244
9105,0.00011965028534177691
9106,0.0001339614245807752
9107,0.00011364833335392177
9108,0.0001501315418863669
9109,0.00016427731316071004
9110,0.000141360069392249
9111,9.09857262740843e-05
9112,0.00012088621588191018
9113,0.00023644165776204318
9114,0.00013746168406214565
9115,0.00016679806867614388
9116,0.00011242195614613593
9117,9.158177999779582e-05
9118,0.00012910115765407681
9119,0.00013193764607422054
9120,0.00010762259626062587
9121,9.664231038186699e-05
9122,0.00018861496937461197
9123,0.00012224102101754397
9124,0.00011665053170872852
9125,9.589846740709618e-05
9126,0.0001289580250158906
9127,0.00016535297618247569
9128,0.00014237832510843873
9129,0.00012061908637406304
9130,0.00015720707597211003
9131,0.00010957917402265593
9132,0.00016743058222346008
9133,0.00011833499593194574
9134,0.00012584339128807187
9135,0.00012499048898462206
9136,0.00012868089834228158
9137,0.00018642327631823719
9138,0.0001242992584593594
9139,8.966182213043794e-05
9140,0.00010983655374730006
9141,0.00011046656436519697
9142,0.00012529618106782436
9143,0.0002752773289103061
9144,0.00010212314373347908
9145,0.00013261019194032997
9146,8.9955901785288e-05
9147,0.00011428793368395418
9148,0.0001211150229210034
9149,0.00011697903391905129
9150,0.00010464817023603246
9151,0.00013549753930419683
9152,0.000128707688418217
9153,0.00013665808364748955
9154,0.00020953387138433754
9155,0.00015530271048191935
9156,0.00011158159031765535
9157,0.00015891503426246345
9158,0.0001364835334243253
9159,0.00012904475443065166
9160,9.564898937242106e-05
9161,0.00014123735309112817
9162,0.00018634642765391618
9163,0.00011426443961681798
9164,0.00011080823605880141
9165,0.0002802368253469467
9166,0.00019351161608938128
9167,0.00011341962817823514
9168,0.00015026396431494504
9169,0.00013596560165751725
9170,0.00015862904547248036
9171,0.00013864405627828091
9172,0.00011541350249899551
9173,0.00011822025408037007
9174,0.00014965224545449018
9175,0.0001924977987073362
9176,0.00023802317446097732
9177,0.00020051556930411607
9178,0.00014138093683868647
9179,0.00013076257891952991
9180,0.000164476441568695
9181,0.00019886469817720354
9182,0.00013387639774009585
9183,0.00012889366189483553
9184,0.00019179668743163347
9185,0.00016279201372526586
9186,0.00014055882638785988
9187,0.0001251398352906108
9188,0.0001403640053467825
9189,0.00012525553756859154
9190,0.000169311577337794
9191,0.0002491365885362029
9192,0.00012116428843000904
9193,0.00012127115041948855
9194,0.00011347884719725698
9195,0.00012035093095619231
9196,0.00020153808873146772
9197,0.0001526803825981915
9198,0.00012939024600200355
9199,0.00019889809482265264
9200,0.00012985161447431892
9201,0.00011400185758247972
9202,0.00012317225628066808
9203,0.00020213321840856224
9204,0.0001501204096712172
9205,0.00010695231321733445
9206,0.00013815546117257327
9207,0.0001164251661975868
9208,0.00012347119627520442
9209,0.00018241368525195867
9210,0.00011621130397543311
9211,0.00011072141933254898
9212,0.00015176006127148867
9213,0.00014735021977685392
9214,0.000154255103552714
9215,0.00015977285511326045
9216,0.00013012260023970157
9217,0.00014680404274258763
9218,0.0001203699575853534
9219,0.00014289485989138484
9220,0.0001033655134961009
9221,0.0001215166921610944
9222,0.0001308288046857342
9223,0.0001441922358935699
9224,0.000134642468765378
9225,9.749017044669017e-05
9226,0.00012940107262693346
9227,9.144641080638394e-05
9228,0.00012238469207659364
9229,0.00015301787061616778
9230,0.00013319643039721996
9231,0.00017043713887687773
9232,9.497902647126466e-05
9233,0.00015670794527977705
9234,0.00015897763660177588
9235,0.00014848995488137007
9236,0.0001017189133563079
9237,9.535584831610322e-05
9238,0.00012343497655820101
9239,0.00013705181481782347
9240,0.00012774034985341132
9241,0.00014829538122285157
9242,0.00014067762822378427
9243,0.00013285635213833302
9244,0.00010096956975758076
9245,0.00010847528028534725
9246,0.0001627299061510712
9247,0.00011274123971816152
9248,0.0001164948771474883
9249,0.00023284784401766956
9250,0.0001257991389138624
9251,0.00015600216283928603
9252,0.00013278779806569219
9253,0.00014506018487736583
9254,0.0001169535971712321
9255,0.00016581692034378648
9256,0.0002647028013598174
9257,0.0001426077215000987
9258,0.00013581058010458946
9259,0.00011167976481374353
9260,0.00011432173050707206
9261,0.00016732864605728537
9262,0.00016182303079403937
9263,8.987328328657895e-05
9264,0.00016468652756884694
9265,0.00010137179197045043
9266,0.00013371875684242696
9267,0.0001406221417710185
9268,0.00023044638510327786
9269,0.00010416672739665955
9270,9.403989679412916e-05
9271,0.00017776282038539648
9272,0.0001455980382161215
9273,0.0001346202043350786
9274,0.00013322023733053356
9275,0.00015514908591285348
9276,0.00010537384514464065
9277,8.81364758242853e-05
9278,0.00011988649930572137
9279,0.00014083314454182982
9280,0.00010646069858921692
9281,0.00015416080714203417
9282,0.00019496561435516924
9283,0.00014152517542243004
9284,0.00014043558621779084
9285,0.00011004934640368447
9286,0.00010344283509766683
9287,9.74010763457045e-05
9288,0.00014766537060495466
9289,0.00017550245684105903
9290,0.0001278154377359897
9291,8.044212881941348e-05
9292,0.0001249881024705246
9293,0.00022044389334041625
9294,0.00014441704843193293
9295,0.00016966782277449965
9296,0.0001237573887920007
9297,0.00012088385119568557
9298,0.00015045408508740366
9299,0.0001979602238861844
9300,0.00018027312762569636
9301,0.00011718265159288421
9302,0.00013731143553741276
9303,0.00013781488814856857
9304,0.00017324370855931193
9305,0.00012006317410850897
9306,0.00015711053856648505
9307,0.00011438886576797813
9308,0.00011153255036333576
9309,0.0001582246331963688
9310,0.00012853957014158368
9311,0.000106206294731237
9312,0.00017694049165584147
9313,0.00014170272334013134
9314,0.0001244484301423654
9315,0.00012322615657467395
9316,0.00013997057976666838
9317,0.00017855338228400797
9318,0.0002251834375783801
9319,0.0001101712987292558
9320,0.00012617914762813598
9321,0.00011134165106341243
9322,0.00016317724657710642
9323,8.868824079399928e-05
9324,0.0001988790463656187
9325,0.00019887485541403294
9326,0.00018143294437322766
9327,0.00012075441190972924
9328,0.0001238056574948132
9329,0.00015414315566886216
9330,0.00013024482177570462
9331,0.00016664891154505312
9332,0.00012384892033878714
9333,0.00011599426215980202
9334,0.00012106732174288481
9335,0.00011498806270537898
9336,0.00011083199933636934
9337,0.0002923209103755653
9338,0.00015564220666419715
9339,0.00013124302495270967
9340,0.00022092735162004828
9341,0.00014651662786491215
9342,0.00016008343663997948
9343,0.00016119643987622112
9344,0.00012118495942559093
9345,0.00011743391223717481
9346,0.0001523517130408436
9347,0.00011427402932895347
9348,0.00013508515257854015
9349,0.00013716173998545855
9350,0.00015993179113138467
9351,0.00021441378339659423
9352,0.00011238927982049063
9353,0.00013730389764532447
9354,0.00013829309318680316
9355,0.00021114634000696242
9356,0.00011049580643884838
9357,0.0002497460227459669
9358,0.0002602840540930629
9359,0.0001641152921365574
9360,0.00015664291277062148
9361,0.00013657189265359193
9362,0.00018695577455218881
9363,0.00014808319974690676
9364,0.00012572390551213175
9365,0.00013805499474983662
9366,0.00012437246914487332
9367,0.00016696276725269854
9368,0.0001577128714416176
9369,0.0001234762603417039
9370,0.0001807807566365227
9371,0.00019718808471225202
9372,0.00016674137441441417
9373,0.00015512054960709065
9374,0.00021728849969804287
9375,0.00015692191664129496
9376,0.00019003907800652087
9377,0.0001743953034747392
9378,0.0001816148724174127
9379,0.0001291782973567024
9380,0.00015498892753385007
9381,0.00014502060366794467
9382,0.00013124142424203455
9383,0.00021441902208607644
9384,0.00016342602611985058
9385,9.886916814139113e-05
9386,0.00020629001664929092
9387,0.0001478753547417
9388,0.0001657422399148345
9389,0.0001492431911174208
9390,0.00015924325271043926
9391,0.00015304904081858695
9392,0.00011512597120599821
9393,0.00015048320346977562
9394,0.00019431125838309526
9395,0.0001973171456484124
9396,0.00012065107875969261
9397,0.00018541701138019562
9398,0.000180259914486669
9399,0.0001888276165118441
9400,0.00012704543769359589
9401,0.00015524191258009523
9402,0.0001325209013884887
9403,0.0001812266418710351
9404,0.0001329559599980712
9405,0.00011610981164267287
9406,0.00014114088844507933
9407,0.0001307310740230605
9408,0.00019200878159608692
9409,0.00015505889314226806
9410,0.00019679529941640794
9411,0.00010736118565546349
9412,0.00016692611097823828
9413,0.00013411940017249435
9414,0.00018510606605559587
9415,0.00016731343930587173
9416,0.0001584371639182791
9417,0.0001836731971707195
9418,0.00010806358477566391
9419,0.00019561979570426047
9420,0.00014340391498990357
9421,0.00015287648420780897
9422,0.00017546686285641044
9423,0.00013899146870244294
9424,0.00014075340004637837
9425,0.00014680360618513077
9426,0.00013299300917424262
9427,0.00020160673011559993
9428,0.00014142914733383805
9429,0.00012402937863953412
9430,0.00012261730444151908
9431,0.00024375435896217823
9432,0.00017047024448402226
9433,0.000205025848117657
9434,0.00019921050989069045
9435,0.00015367069863714278
9436,0.00011932948837056756
9437,0.00019955421157646924
9438,0.00018393447680864483
9439,0.0001518444623798132
9440,0.00011974584049312398
9441,0.00018374272622168064
9442,0.00019143277313560247
9443,0.0001443553774151951
9444,0.00016351090744137764
9445,0.00015285525296349078
9446,0.00010827044752659276
9447,0.00018302789248991758
9448,0.00013258095714263618
9449,0.00016545192920602858
9450,0.00017285348440054804
9451,0.00011287865345366299
9452,0.00020613180822692811
9453,9.799754479900002e-05
9454,0.0001443503424525261
9455,0.00012164167128503323
9456,0.00016472283459734172
9457,0.0001225413870997727
9458,0.00012518634321168065
9459,0.0001671210047788918
9460,0.00017472734907642007
9461,0.00023210514336824417
9462,0.0001732921227812767
9463,0.00013395908172242343
9464,0.00013511237921193242
9465,0.00016814869013614953
9466,0.000192761275684461
9467,0.00010969036520691589
9468,0.00012333100312389433
9469,0.00014822497905697674
9470,0.00013596688222605735
9471,0.0001181002808152698
9472,0.00016851513646543026
9473,0.00018171360716223717
9474,0.00010393866978120059
9475,0.0001386650837957859
9476,0.00017023246618919075
9477,0.00020258959557395428
9478,0.0001510550791863352
9479,0.00011265687498962507
9480,0.00010164568084292114
9481,0.00019167315622325987
9482,0.00019940851780120283
9483,0.00015154186985455453
9484,0.00013868451060261577
9485,0.0001880817872006446
9486,0.00014536266098730266
9487,0.0001573987101437524
9488,0.0001456152822356671
9489,0.00013985304394736886
9490,0.00015636641182936728
9491,0.00019961412181146443
9492,0.00013638708333019167
9493,0.00013301898434292525
9494,0.00015525372873526067
9495,0.00017194532847497612
9496,0.0002124128513969481
9497,0.00017845010734163225
9498,0.00012421766587067395
9499,0.00011733404971892014
9500,0.00023641747247893363
9501,0.0001297177077503875
9502,0.00014231659588404
9503,0.00013245560694485903
9504,0.00018188427202403545
9505,0.00014635425759479403
9506,0.000165543460752815
9507,0.00013925669190939516
9508,0.00017048332665581256
9509,0.00022908122627995908
9510,0.0001553164329379797
9511,0.00014704074419569224
9512,0.00017916502838488668
9513,0.00012885280011687428
9514,0.0001786573848221451
9515,0.00013132566527929157
9516,0.0001826856896514073
9517,0.00014031134196557105
9518,0.00019480029004625976
9519,0.00031480370671488345
9520,0.00018477813864592463
9521,0.00014045520219951868
9522,0.00013165985001251101
9523,0.00019870988035108894
9524,0.00018684662063606083
9525,0.00013971058069728315
9526,0.00014001800445839763
9527,0.0001358763693133369
9528,0.0001034219894791022
9529,0.0001427883980795741
9530,0.0001280492579098791
9531,0.00013884496001992375
9532,0.00011340085620759055
9533,0.00012146830704296008
9534,0.00010600123641779646
9535,0.00020482030231505632
9536,0.0002223201736342162
9537,0.0001562493125675246
9538,0.0001398876920575276
9539,0.00016435833822470158
9540,0.00011831155279651284
9541,0.0001605202560313046
9542,0.00011942578566959128
9543,0.00016451964620500803
9544,0.00016832936671562493
9545,0.0001540180091978982
9546,0.00016426372167188674
9547,0.00014696472499053925
9548,0.0001351660321233794
9549,0.0001739748113323003
9550,0.00013297285477165133
9551,0.0001956733176484704
9552,0.0001301382144447416
9553,0.0001600603573024273
9554,0.00019177290960215032
9555,0.00020345926168374717
9556,0.00015002400323282927
9557,0.00025835848646238446
9558,0.00014961982378736138
9559,0.0001320664450759068
9560,0.00015165231889113784
9561,0.0001577596995048225
9562,0.00017954004579223692
9563,9.708858851809055e-05
9564,0.00016569103172514588
9565,0.00016738593694753945
9566,0.00018095520499628037
9567,0.0001741335727274418
9568,0.00014111623750068247
9569,0.0001431966811651364
9570,0.00017464403936173767
9571,0.00017444390687160194
9572,0.00019066184177063406
9573,0.00016026107186917216
9574,0.00012844766024500132
9575,0.00014780086348764598
9576,0.00015315711789298803
9577,0.00021674913296010345
9578,0.0001356498833047226
9579,0.0001268368068849668
9580,0.00012026501644868404
9581,0.00013065303210169077
9582,0.00013269312330521643
9583,0.00018307949358131737
9584,0.00021667352120857686
9585,0.00013193456106819212
9586,0.00017596389807295054
9587,0.0002081703714793548
9588,0.00013697125541511923
9589,0.00016679421241860837
9590,0.00011223298497498035
9591,0.00023056907230056822
9592,0.0002313650620635599
9593,0.0001712067605694756
9594,0.0001461453502997756
9595,0.00012055772094754502
9596,0.00027264145319350064
9597,0.00017416366608813405
9598,0.00012454135867301375
9599,0.00017942392150871456
9600,0.00015221834473777562
9601,0.00011998975969618186
9602,0.00015423753939103335
9603,0.000214956613490358
9604,0.000155101646669209
9605,0.00020962528651580215
9606,0.00013637947267852724
9607,0.00020143226720392704
9608,0.00011946462473133579
9609,0.00021946727065369487
9610,0.00015015571261756122
9611,0.00016758637502789497
9612,0.00021131560788489878
9613,0.00017607604968361557
9614,0.00018919848662335426
9615,0.0001538042415631935
9616,0.00015108905790839344
9617,0.00018032397201750427
9618,0.00015726745186839253
9619,0.00023502962721977383
9620,0.0001389190147165209
9621,0.00015115196583792567
9622,0.00022459783940576017
9623,0.00015279238868970424
9624,0.00016335168038494885
9625,0.00019311500363983214
9626,0.0001410418626619503
9627,0.00013015337754040956
9628,0.0001616011722944677
9629,0.00016962666995823383
9630,0.00018801429541781545
9631,0.00020483073603827506
9632,0.000200891139684245
9633,0.00011657478171400726
9634,0.00011163739691255614
9635,0.00014822302910033613
9636,0.00013612084148917347
9637,0.00018308481958229095
9638,0.00020476276404224336
9639,0.00016483299259562045
9640,0.00016654335195198655
9641,0.00014912444748915732
9642,0.00013756465341430157
9643,0.00021609946270473301
9644,0.00016849396342877299
9645,0.00015933768008835614
9646,0.00019230417092330754
9647,0.0001246872270712629
9648,0.0001973223261302337
9649,0.0001600769755896181
9650,0.00016598998627159745
9651,0.00018057515262626112
9652,0.00014033685147296637
9653,0.000136353395646438
9654,0.00014872949395794421
9655,0.0001442649372620508
9656,0.0001506707922089845
9657,9.542908810544759e-05
9658,0.00015856846584938467
9659,0.00021824179566465318
9660,0.00018455155077390373
9661,0.00017409944848623127
9662,0.00013832587865181267
9663,0.00020140214473940432
9664,0.0001589144958416
9665,0.00017980816483031958
9666,0.000225586598389782
9667,0.0001887379912659526
9668,0.000142239237902686
9669,0.00015681747754570097
9670,0.00016545700782444328
9671,0.00016728535410948098
9672,0.00014240748714655638
9673,0.00014731833653058857
9674,0.00017327055684290826
9675,0.00018670516146812588
9676,0.00015504835755564272
9677,0.0001606385048944503
9678,0.00019224290736019611
9679,0.0001763742184266448
9680,0.00018623856885824353
9681,0.00012432374933268875
9682,0.0001403581991326064
9683,0.0001491539878770709
9684,0.00013837838196195662
9685,0.0002764713717624545
9686,0.00018020837160293013
9687,0.0002452522167004645
9688,0.0001465642126277089
9689,0.00014370662393048406
9690,0.00020869796571787447
9691,0.00019877539307344705
9692,0.00013934055459685624
9693,0.00012861660798080266
9694,0.0001643250579945743
9695,0.00015637789329048246
9696,0.00017014573677442968
9697,0.00015519186854362488
9698,0.00014417975035030395
9699,0.0001583524135639891
9700,0.00014052401820663363
9701,0.00016669119941070676
9702,0.00021000450942665339
9703,0.00018502601596992463
9704,0.00013769330689683557
9705,0.00023851761943660676
9706,0.00016362866153940558
9707,0.00014250323874875903
9708,0.00028614478651434183
9709,0.0001236026146216318
9710,0.00020188912458252162
9711,0.00016385958588216454
9712,0.00015393116336781532
9713,0.00020839166245423257
9714,0.0001577574439579621
9715,0.00014494180504698306
9716,0.0001687633921392262
9717,0.00017629291687626392
9718,0.00011555429955478758
9719,0.00017953845963347703
9720,0.0001442067587049678
9721,0.00010815970017574728
9722,0.00016579967632424086
9723,0.00017981973360292614
9724,0.00015286581765394658
9725,0.00014572865620721132
9726,0.00015403029101435095
9727,0.0002453367633279413
9728,0.00012463000894058496
9729,0.00020417667110450566
9730,0.00016733274969737977
9731,0.00013026926899328828
9732,0.00018965448543895036
9733,0.00015434126544278115
9734,0.00013297282566782087
9735,0.00026583674480207264
9736,0.00011441133392509073
9737,0.0001699782587820664
9738,0.00019932902068831027
9739,0.00024136762658599764
9740,0.0001296515838475898
9741,0.0001315409317612648
9742,0.00013901703641749918
9743,0.00017175970424432307
9744,0.00014375000318977982
9745,0.00020798761397600174
9746,0.0001492328883614391
9747,0.0001990820892388001
9748,0.00016315971151925623
9749,0.00017249630764126778
9750,0.00015605830412823707
9751,0.00014690541138406843
9752,0.00016740041610319167
9753,0.00015290141163859516
9754,0.00016002838674467057
9755,0.0001342415635008365
9756,0.0002108513144776225
9757,0.0002302173525094986
9758,0.00016114326717797667
9759,0.00014852668391540647
9760,0.0001401809131493792
9761,0.000174990069353953
9762,0.00016090420831460506
9763,0.0001957999775186181
9764,0.00013514164311345667
9765,0.0002499392721801996
9766,0.0002500345872249454
9767,0.00017824795213527977
9768,0.00017061529797501862
9769,0.00015735047054477036
9770,0.00012274934852030128
9771,0.00015513433027081192
9772,0.00013621366815641522
9773,0.0001465085515519604
9774,0.00014817238843534142
9775,0.0001172682605101727
9776,0.0001975715276785195
9777,0.00014891101454850286
9778,0.00015359118697233498
9779,0.0002482644631527364
9780,0.00023231733939610422
9781,0.0001934244646690786
9782,0.00014300874317996204
9783,0.00018580732285045087
9784,0.00017805187962949276
9785,0.00016514577146153897
9786,0.00016785884508863091
9787,0.00020661702728830278
9788,0.00019558033091016114
9789,0.00022432737750932574
9790,0.00014945784641895443
9791,0.00015931478992570192
9792,0.00016169302398338914
9793,0.00024149552336893976
9794,0.00017650358495302498
9795,0.0001571421598782763
9796,0.00025628681760281324
9797,0.0001801711623556912
9798,0.0001354798296233639
9799,0.00018830466433428228
9800,0.00019345531472936273
9801,0.00020658658468164504
9802,0.00018295766494702548
9803,0.00013801980821881443
9804,0.00018050472135655582
9805,0.00012372397759463638
9806,0.00015978681039996445
9807,0.00014781088975723833
9808,0.00016928183322306722
9809,0.00014022311370354146
9810,0.00014776708849240094
9811,0.00013806912465952337
9812,0.000314535282086581
9813,0.00022645089484285563
9814,0.000264031725237146
9815,0.00022732076467946172
9816,0.00014080981782171875
9817,0.00014124828157946467
9818,0.0001776598219294101
9819,0.0001637347595533356
9820,0.0001216759264934808
9821,0.00025700879632495344
9822,0.00018151284893974662
9823,0.00012145865912316367
9824,0.00022387693752534688
9825,0.0002002020482905209
9826,0.00013214422506280243
9827,0.00016557185153942555
9828,0.00013317713455762714
9829,0.00012699437502305955
9830,0.00017278529412578791
9831,0.0001526257983641699
9832,0.00020745472284033895
9833,0.00018431004718877375
9834,0.00032692094100639224
9835,0.00020039589435327798
9836,0.00021057185949757695
9837,0.0001618996902834624
9838,0.00022661860566586256
9839,0.0001691458746790886
9840,0.00011321234342176467
9841,0.00029912436730228364
9842,0.0001557761715957895
9843,0.0002092400100082159
9844,0.00018743349937722087
9845,0.00018689945864025503
9846,0.00016767095075920224
9847,0.00016090788994915783
9848,0.0002309272822458297
9849,0.00014817113697063178
9850,0.00020073429914191365
9851,0.0001694182719802484
9852,0.00016807990323286504
9853,0.00020773611322510988
9854,0.00019304989837110043
9855,0.0001503244275227189
9856,0.00023465293634217232
9857,0.00015991181135177612
9858,0.00018031150102615356
9859,0.00016327340563293546
9860,0.00015161916962824762
9861,0.00015216715110000223
9862,0.0001554417103761807
9863,0.0003204710374120623
9864,0.00015197302855085582
9865,0.0001739492145134136
9866,0.00027198914904147387
9867,0.0002498520480003208
9868,0.00017179810674861073
9869,0.00025168544379994273
9870,0.00019340311700943857
9871,0.00014856131747364998
9872,0.00018235869356431067
9873,0.00018914599786512554
9874,0.00011238142906222492
9875,0.0001659296831348911
9876,0.00011906145664397627
9877,0.0001545864506624639
9878,0.00022479712788481265
9879,0.00014993258810136467
9880,0.0001659338886383921
9881,0.00014439393999055028
9882,0.0001745064655551687
9883,0.00012944014451932162
9884,0.00015853387594688684
9885,0.00014222023310139775
9886,0.00015158132009673864
9887,0.00016193823830690235
9888,0.00019800302106887102
9889,0.0001295008696615696
9890,0.00015755451750010252
9891,0.00012848517508246005
9892,0.0001332335959887132
9893,0.00016157847130671144
9894,0.00021717506751883775
9895,0.000250305631197989
9896,0.00024709050194360316
9897,0.00021920479775872082
9898,0.00018316633941140026
9899,0.00016342638991773129
9900,0.0001798892189981416
9901,0.00016864815552253276
9902,0.00017401562945451587
9903,0.00012754483032040298
9904,0.00019824768241960555
9905,0.0001582126278663054
9906,0.00014147131878416985
9907,0.00017731649859342724
9908,0.00017728959210217
9909,0.00024814147036522627
9910,0.00024418518296442926
9911,0.00015607624663971364
9912,0.00023832851729821414
9913,0.00018468529742676765
9914,0.0001649421319598332
9915,0.0001809681998565793
9916,0.00023070911993272603
9917,0.00013401028991211206
9918,0.0002009922609431669
9919,0.00019491533748805523
9920,0.00015125780191738158
9921,0.0002257127925986424
9922,0.0001582910626893863
9923,0.00017202716844622046
9924,0.00021342009131330997
9925,0.00024759405641816556
9926,0.0001941255177371204
9927,0.00018437052494846284
9928,0.00016436098667327315
9929,0.00019125768449157476
9930,0.0001655610540183261
9931,0.00014380454376805574
9932,0.00018790607282426208
9933,0.00016534264432266355
9934,0.00017046860011760145
9935,0.00014797839685343206
9936,0.0001946414849953726
9937,0.00012881548900622874
9938,0.0001408797688782215
9939,0.00019453153072390705
9940,0.00012789152970071882
9941,0.00016072190192062408
9942,0.00020483555272221565
9943,0.0002530086203478277
9944,0.00016962910012807697
9945,0.0001981122768484056
9946,0.00014462995750363916
9947,0.00028264301363378763
9948,0.00020788075926247984
9949,0.00020793062867596745
9950,0.0001833190763136372
9951,0.00019706142484210432
9952,0.000233294878853485
9953,0.00014728160749655217
9954,0.00017093984934035689
9955,0.00017521191330160946
9956,0.00015216079191304743
9957,0.00017072449554689229
9958,0.00015657143376301974
9959,0.00024072109954431653
9960,0.00014746304077561945
9961,0.0001451307616662234
9962,0.0002022469707299024
9963,0.00013777537969872355
9964,0.000190558290341869
9965,0.00016623422561679035
9966,0.0001494071475462988
9967,0.00020516195218078792
9968,0.00020226635388098657
9969,0.00024058866256382316
9970,0.00016449527174700052
9971,0.00015445437747985125
9972,0.00017523151473142207
9973,0.00015937509306240827
9974,0.00023678682919126004
9975,0.00015743274707347155
9976,0.00015625848027411848
9977,0.00021518906578421593
9978,0.00017577958351466805
9979,0.00019092042930424213
9980,0.00024425427545793355
9981,0.00018196922610513866
9982,0.0001990804448723793
9983,0.0002162147284252569
9984,0.0002164678880944848
9985,0.0001327121863141656
9986,0.00018030953651759773
9987,0.00013544823741540313
9988,0.00027641962515190244
9989,0.00023309174866881222
9990,0.00020769087132066488
9991,0.0001261126744793728
9992,0.00015078630531206727
9993,0.00012624262308236212
9994,0.00031055137515068054
9995,0.00013505143579095602
9996,0.00016571026935707778
9997,0.0001675273379078135
9998,0.0001655160158406943
9999,0.00018729984003584832
10000,0.0001424714137101546
10001,0.00022030688705854118
10002,0.00022446204093284905
10003,0.00020451071031857282
10004,0.00019147087004967034
10005,0.0001831317786127329
10006,0.00014873709005769342
10007,0.00019841393805108964
10008,0.00020011943706776947
10009,0.0001475925528211519
10010,0.0001705441391095519
10011,0.0001848317770054564
10012,0.0001319855364272371
10013,0.00019863354100380093
10014,0.00037218007491901517
10015,0.00013728048361372203
10016,0.00014976458624005318
10017,0.00016654444334562868
10018,0.00018593089771457016
10019,0.00021460479183588177
10020,0.00022782941232435405
10021,0.00015578769671265036
10022,0.00015764604904688895
10023,0.00019293418154120445
10024,0.00015776947839185596
10025,0.00018319068476557732
10026,0.00024421271518804133
10027,0.00033816046197898686
10028,0.00014119429397396743
10029,0.00014942054986022413
10030,0.0001387496158713475
10031,0.0001584525016369298
10032,0.0002027630980592221
10033,0.0002591700467746705
10034,0.00016812818648759276
10035,0.00015784267452545464
10036,0.000124811427667737
10037,0.00023002309899311513
10038,0.00018665824609342963
10039,0.0002122503938153386
10040,0.00013601698447018862
10041,0.00023298159067053348
10042,0.0002437773218844086
10043,0.00018155592260882258
10044,0.0002303500077687204
10045,0.00016383524052798748
10046,0.0001915512839332223
10047,0.00029016396729275584
10048,0.00019805823103524745
10049,0.00020409705757629126
10050,0.000136412592837587
10051,0.0001384637871524319
10052,0.00020569373737089336
10053,0.0002154339017579332
10054,0.00022043311037123203
10055,0.0001407618838129565
10056,0.00020960740221198648
10057,0.00022890520631335676
10058,0.00021361245308071375
10059,0.00024049310013651848
10060,0.00016521532961633056
10061,0.00017614792159292847
10062,0.00015683998935855925
10063,0.000160436742589809
10064,0.00020126723393332213
10065,0.00014718755846843123
10066,0.00020282623881939799
10067,0.0001540333469165489
10068,0.0001707592309685424
10069,0.00020765778026543558
10070,0.0001768421207088977
10071,0.00017144487355835736
10072,0.00016993169265333563
10073,0.00014073174679651856
10074,0.0001650875055929646
10075,0.00018422557332087308
10076,0.00019489205442368984
10077,0.0001909812563098967
10078,0.00017155398381873965
10079,0.00021654259762726724
10080,0.00012957891158293933
10081,0.00016243805293925107
10082,0.00015556324797216803
10083,0.00015326420543715358
10084,0.00014853692846372724
10085,0.00022638903465121984
10086,0.00020426484115887433
10087,0.00014909906894899905
10088,0.0001557834621053189
10089,0.0002548134361859411
10090,0.00022681622067466378
10091,0.00019925109518226236
10092,0.00016618549125269055
10093,0.00016845704521983862
10094,0.00020909510203637183
10095,0.00019193999469280243
10096,0.000165515550179407
10097,0.00019097916083410382
10098,0.0001920144131872803
10099,0.00018342153634876013
10100,0.00014050747267901897
10101,0.0001343867916148156
10102,0.00023087032604962587
10103,0.00019808358047157526
10104,0.00033629348035901785
10105,0.00012099014566047117
10106,0.0002223046903964132
10107,0.00023366004461422563
10108,0.00019095941388513893
10109,0.00022130364959593862
10110,0.0002316659811185673
10111,0.00020441289234440774
10112,0.000273270474281162
10113,0.00033342718961648643
10114,0.00015101383905857801
10115,0.00014393732999451458
10116,0.00020082334231119603
10117,0.00023454369511455297
10118,0.0001525958941783756
10119,0.00023043745022732764
10120,0.00015887794143054634
10121,0.00019785232143476605
10122,0.00023284235794562846
10123,0.0002564218011684716
10124,0.00017888804723042995
10125,0.00018487514171283692
10126,0.0002560577995609492
10127,0.00020987758762203157
10128,0.00018411438213661313
10129,0.00024809519527480006
10130,0.00020200025755912066
10131,0.0002655751013662666
10132,0.00016963292728178203
10133,0.00016120114014483988
10134,0.00017741930787451565
10135,0.00021649721020366997
10136,0.0001422643254045397
10137,0.00017484338604845107
10138,0.00019459468603599817
10139,0.00016174049233086407
10140,0.00016052239516284317
10141,0.00016927014803513885
10142,0.00020336327725090086
10143,0.0002655557473190129
10144,0.00016099783533718437
10145,0.00014735269360244274
10146,0.00018814329814631492
10147,0.00018777187506202608
10148,0.00016919837798923254
10149,0.00016529110143892467
10150,0.00019869336392730474
10151,0.0001528510038042441
10152,0.00022322885342873633
10153,0.0002514640800654888
10154,0.00015863760199863464
10155,0.0002493094652891159
10156,0.00015680180513300002
10157,0.00020139379194006324
10158,0.00022927812824491411
10159,0.00023399874044116586
10160,0.00015581144543830305
10161,0.0002183453761972487
10162,0.00014822420780546963
10163,0.00013424261123873293
10164,0.00019493444415275007
10165,0.00016915950982365757
10166,0.0001542855752632022
10167,0.0002099757402902469
10168,0.0001503424864495173
10169,0.0001733029930619523
10170,0.0001260536228073761
10171,0.0001370321260765195
10172,0.00023982742277439684
10173,0.0001475383760407567
10174,0.0002470780164003372
10175,0.00023244685144163668
10176,0.0001918894558912143
10177,0.00017017383652273566
10178,0.00021945942717138678
10179,0.00017132173525169492
10180,0.00017055452917702496
10181,0.00020731205586344004
10182,0.0001295550900977105
10183,0.00015609552792739123
10184,0.00020238930301275104
10185,0.00021404854487627745
10186,0.0001470130664529279
10187,0.0001892314467113465
10188,0.00018271109729539603
10189,0.00021335363271646202
10190,0.00020998252148274332
10191,0.00021938435384072363
10192,0.00020597739785443991
10193,0.00015705441182944924
10194,0.00022653113410342485
10195,0.00024856944219209254
10196,0.00014888224541209638
10197,0.00020500262326095253
10198,0.000228838442126289
10199,0.0002866383583750576
10200,0.0001759958831826225
10201,0.0002160468720830977
10202,0.0001772659452399239
10203,0.0001665074232732877
10204,0.00020429398864507675
10205,0.0003515070420689881
10206,0.0001881552452687174
10207,0.00020095522631891072
10208,0.00023112302005756646
10209,0.00020684098126366735
10210,0.0001909671409521252
10211,0.00016559637151658535
10212,0.00014862381794955581
10213,0.0001406556839356199
10214,0.00013637373922392726
10215,0.00016659361426718533
10216,0.0002923936699517071
10217,0.0001452783471904695
10218,0.00016838368901517242
10219,0.0002672073896974325
10220,0.00025528320111334324
10221,0.00028539783670566976
10222,0.00015544080815743655
10223,0.00019679714750964195
10224,0.00025171320885419846
10225,0.00021874015510547906
10226,0.00021574844140559435
10227,0.00034759618574753404
10228,0.00020599066920112818
10229,0.00023186342150438577
10230,0.00017033636686392128
10231,0.00021116943389642984
10232,0.00023027739371173084
10233,0.0002424607373541221
10234,0.000268368748947978
10235,0.00020391585712786764
10236,0.0003320684190839529
10237,0.0002517490356694907
10238,0.00018773667397908866
10239,0.0002565843751654029
10240,0.00025234423810616136
10241,0.00018847880710382015
10242,0.0001994308695429936
10243,0.0002547146868892014
10244,0.00017575598030816764
10245,0.00014513997302856296
10246,0.00022064190125092864
10247,0.00025459929020144045
10248,0.00012947715003974736
10249,0.000269466225290671
10250,0.000200094364117831
10251,0.00022037405869923532
10252,0.00020421590306796134
10253,0.00017958226089831442
10254,0.00017563471919856966
10255,0.00022726069437339902
10256,0.00015762347902636975
10257,0.00023540781694464386
10258,0.0001809637324186042
10259,0.00015364463615696877
10260,0.00027863666764460504
10261,0.00019495967717375606
10262,0.00021793092309962958
10263,0.0003057936846744269
10264,0.00016297791444230825
10265,0.000173965934664011
10266,0.00027878835680894554
10267,0.00033689194242469966
10268,0.00022702392016071826
10269,0.0002571115910541266
10270,0.0001406776427756995
10271,0.000202487368369475
10272,0.0001296332193305716
10273,0.0002429436717648059
10274,0.00019861158216372132
10275,0.00018331522005610168
10276,0.0001539916411275044
10277,0.0001746282068779692
10278,0.00033502033329568803
10279,0.0002125082683051005
10280,0.0001297628623433411
10281,0.00027665714151225984
10282,0.00021300846128724515
10283,0.0002151732478523627
10284,0.00022957869805395603
10285,0.00027587063959799707
10286,0.000236335166846402
10287,0.00019509205594658852
10288,0.00024202550412155688
10289,0.00017897701764013618
10290,0.00028890432440675795
10291,0.00024689571000635624
10292,0.00031449520611204207
10293,0.0002005270216614008
10294,0.0001815200666896999
10295,0.00021631504932884127
10296,0.00019341566076036543
10297,0.00028129288693889976
10298,0.0002044686407316476
10299,0.00033350224839523435
10300,0.0001720116415526718
10301,0.00021743378601968288
10302,0.00022452113626059145
10303,0.0001788564259186387
10304,0.00020717612642329186
10305,0.00021419771655928344
10306,0.0002142799785360694
10307,0.00037654838524758816
10308,0.0002238614106317982
10309,0.00032686683698557317
10310,0.0003019857977051288
10311,0.00022816259297542274
10312,0.0003169013070873916
10313,0.00020468606089707464
10314,0.0001977478968910873
10315,0.00022367783822119236
10316,0.00018274861213285476
10317,0.00025543032097630203
10318,0.00025854233535937965
10319,0.0003465568006504327
10320,0.00019888070528395474
10321,0.00023531720216851681
10322,0.00023539889662060887
10323,0.0002542259462643415
10324,0.00020369107369333506
10325,0.00015049843932501972
10326,0.0002519868139643222
10327,0.00022464341600425541
10328,0.00020271244284231216
10329,0.00020451354794204235
10330,0.000170171246281825
10331,0.00017830103752203286
10332,0.0002157759154215455
10333,0.00016137465718202293
10334,0.0002809878787957132
10335,0.00016957955085672438
10336,0.00019556854385882616
10337,0.00016263969882857054
10338,0.00021057084086351097
10339,0.00020795955788344145
10340,0.00019390587112866342
10341,0.00019710812193807214
10342,0.0002300841297255829
10343,0.00030044105369597673
10344,0.00014001263480167836
10345,0.00021221993665676564
10346,0.0002468340389896184
10347,0.00020543017308227718
10348,0.00026776158483698964
10349,0.00019263201102148741
10350,0.00017784725059755147
10351,0.00032127296435646713
10352,0.00021779870439786464
10353,0.00019764273019973189
10354,0.0002007181610679254
10355,0.00018560001626610756
10356,0.00018911631195805967
10357,0.0001960353838512674
10358,0.00016109379066620022
10359,0.0001890678540803492
10360,0.0002495868830010295
10361,0.00021400529658421874
10362,0.0002567842020653188
10363,0.00016713258810341358
10364,0.0001875962334452197
10365,0.00025494524743407965
10366,0.00023667288769502193
10367,0.0001980183005798608
10368,0.00020535863586701453
10369,0.00019633730698842555
10370,0.00023712904658168554
10371,0.000302410771837458
10372,0.0002255922881886363
10373,0.00014989517512731254
10374,0.00034898403100669384
10375,0.00024341745302081108
10376,0.00020836765179410577
10377,0.0001916623441502452
10378,0.00021589668176602572
10379,0.0002416048082523048
10380,0.0002689149114303291
10381,0.0001605612487765029
10382,0.0002607468923088163
10383,0.0003210130089428276
10384,0.0002878878149203956
10385,0.00027428570319898427
10386,0.00023227128258440644
10387,0.00021593231940642
10388,0.0001762851607054472
10389,0.00018719336367212236
10390,0.00018523244943935424
10391,0.0002402672980679199
10392,0.00026590682682581246
10393,0.00016260305710602552
10394,0.00017323870270047337
10395,0.00019970122957602143
10396,0.00022826323402114213
10397,0.00024488387862220407
10398,0.00025715911760926247
10399,0.00023084529675543308
10400,0.0002359818754484877
10401,0.000280828244285658
10402,0.0001369204983348027
10403,0.00019536825129762292
10404,0.00014991422358434647
10405,0.00023578674881719053
10406,0.00021576829021796584
10407,0.00022693887876812369
10408,0.00029150707996450365
10409,0.00019557186169549823
10410,0.00022114603780210018
10411,0.0002265156654175371
10412,0.00017938738164957613
10413,0.0002693324349820614
10414,0.0002956480602733791
10415,0.00027385741122998297
10416,0.00022158058709464967
10417,0.00026309097302146256
10418,0.00022153719328343868
10419,0.00016405180213041604
10420,0.00020191367366351187
10421,0.0001638943940633908
10422,0.0002562789595685899
10423,0.00020816073811147362
10424,0.00024537244462408125
10425,0.00016861915355548263
10426,0.00023702897306066006
10427,0.0003046193451154977
10428,0.00021496701810974628
10429,0.00025715481024235487
10430,0.00021795521024614573
10431,0.0002881546679418534
10432,0.0002092523209284991
10433,0.0002465325524099171
10434,0.00023192536900751293
10435,0.0002479880058672279
10436,0.0002984939783345908
10437,0.00020774478616658598
10438,0.00023244322801474482
10439,0.00025234054191969335
10440,0.00017239050066564232
10441,0.00022616090427618474
10442,0.00021097013086546212
10443,0.00025257363449782133
10444,0.00022822472965344787
10445,0.00019902022904716432
10446,0.00021618737082462758
10447,0.0002518699911888689
10448,0.00023594731464982033
10449,0.0003105012874584645
10450,0.00020688206132035702
10451,0.0002931468188762665
10452,0.000305226887576282
10453,0.00022480593179352582
10454,0.00019041246559936553
10455,0.00032841303618624806
10456,0.00027650606352835894
10457,0.00026049240841530263
10458,0.00027541237068362534
10459,0.0002556248218752444
10460,0.00019459072791505605
10461,0.0004482779768295586
10462,0.00022143094975035638
10463,0.0004003782232757658
10464,0.00020610360661521554
10465,0.00018792699847836047
10466,0.0002325050882063806
10467,0.00018545222701504827
10468,0.00022476523008663207
10469,0.00017525222210679203
10470,0.0001910545106511563
10471,0.00020539639808703214
10472,0.00020755844889208674
10473,0.00032829990959726274
10474,0.00020802594372071326
10475,0.00023961874831002206
10476,0.00022951939899940044
10477,0.000231407699175179
10478,0.00021333529730327427
10479,0.00020890070300083607
10480,0.00015667453408241272
10481,0.00023138032702263445
10482,0.00018566680955700576
10483,0.00016411292017437518
10484,0.00021955042029730976
10485,0.00019948859699070454
10486,0.0001743760658428073
10487,0.00015648208500351757
10488,0.0002402855025138706
10489,0.00015241411165334284
10490,0.0002050736511591822
10491,0.0002168274368159473
10492,0.0002626715286169201
10493,0.00021317537175491452
10494,0.0002119112032232806
10495,0.00015736441127955914
10496,0.00016941994545049965
10497,0.00022665798314847052
10498,0.0002137997653335333
10499,0.00020945780852343887
10500,0.00021213725267443806
10501,0.0001938898058142513
10502,0.0001824858773034066
10503,0.00022827224165666848
10504,0.00017916012438945472
10505,0.00024085798941086978
10506,0.00020152061188127846
10507,0.0002277116000186652
10508,0.0002766087418422103
10509,0.00028559850761666894
10510,0.00025188346626237035
10511,0.00021245350944809616
10512,0.00020292321278247982
10513,0.00022401129535865039
10514,0.00025310678756795824
10515,0.00029392517171800137
10516,0.0001897763868328184
10517,0.00037747263559140265
10518,0.00030077333212830126
10519,0.00022329659259412438
10520,0.00023847236298024654
10521,0.00014721284969709814
10522,0.00022615880880039185
10523,0.0002238299639429897
10524,0.00019098026677966118
10525,0.00028497521998360753
10526,0.00017708998348098248
10527,0.00019159377552568913
10528,0.00018941913731396198
10529,0.0002056239900412038
10530,0.0002625918423291296
10531,0.00023959206009749323
10532,0.00017077202210202813
10533,0.00016615336062386632
10534,0.00023413677990902215
10535,0.00022412808903027326
10536,0.0002865382411982864
10537,0.00017693864356260747
10538,0.00022609104053117335
10539,0.00020433282770682126
10540,0.0001798522425815463
10541,0.00031747668981552124
10542,0.0001993741316255182
10543,0.00021005487360525876
10544,0.0002565642644185573
10545,0.00016083716764114797
10546,0.00024834435316734016
10547,0.00022326986072584987
10548,0.00015284799155779183
10549,0.00027079161372967064
10550,0.00022651971084997058
10551,0.00019603397231549025
10552,0.00022226634609978646
10553,0.0002677383890841156
10554,0.00020100419351365417
10555,0.00017291288531851023
10556,0.00021172891138121486
10557,0.00024097925052046776
10558,0.00031889983802102506
10559,0.00022168808209244162
10560,0.00019849743694067
10561,0.00020739328465424478
10562,0.00023815945314709097
10563,0.00030898681143298745
10564,0.00020364044758025557
10565,0.00014364997332450002
10566,0.00026599326520226896
10567,0.00034279937972314656
10568,0.000224843985051848
10569,0.00022308752522803843
10570,0.00019584011170081794
10571,0.0002493982028681785
10572,0.0002874929050449282
10573,0.0003323547716718167
10574,0.00022883969359099865
10575,0.00027578408480621874
10576,0.0002692385169211775
10577,0.00018145752255804837
10578,0.00018976673891302198
10579,0.00024795898934826255
10580,0.00015808461466804147
10581,0.0003222320228815079
10582,0.00019489112310111523
10583,0.0003482034953776747
10584,0.00023851176956668496
10585,0.00024434286751784384
10586,0.00020691285317298025
10587,0.00024701058282516897
10588,0.00027046105242334306
10589,0.0002837925567291677
10590,0.0002837855427060276
10591,0.000267039577011019
10592,0.00017156728426925838
10593,0.00025009713135659695
10594,0.00029499499942176044
10595,0.00026065780548378825
10596,0.00020298398158047348
10597,0.00034805768518708646
10598,0.00019988929852843285
10599,0.00019983497622888535
10600,0.0002948366745840758
10601,0.00020995318482164294
10602,0.0002391086600255221
10603,0.0001661177957430482
10604,0.00031941532506607473
10605,0.00021205111988820136
10606,0.0002049456670647487
10607,0.00024612227571196854
10608,0.00021581347391474992
10609,0.0004166004073340446
10610,0.000312155025312677
10611,0.00018389950855635107
10612,0.00018968303629662842
10613,0.00019879914179909974
10614,0.00020376591419335455
10615,0.0002213946427218616
10616,0.00017709436360746622
10617,0.0002612388925626874
10618,0.00018996038124896586
10619,0.00031216544448398054
10620,0.00021624748478643596
10621,0.00016849511303007603
10622,0.0002490338811185211
10623,0.00026381670613773167
10624,0.00033175997668877244
10625,0.0001743858738336712
10626,0.0002087334869429469
10627,0.00026324589271098375
10628,0.0001996840728679672
10629,0.00024708284763619304
10630,0.00020460782980080694
10631,0.00017643066530581564
10632,0.00017666573694441468
10633,0.00018728843133430928
10634,0.00028729590121656656
10635,0.0002139749558409676
10636,0.00023285609495360404
10637,0.00020955329819116741
10638,0.00025753348018042743
10639,0.0001921438379213214
10640,0.0003253406030125916
10641,0.00023361608327832073
10642,0.00021878017287235707
10643,0.0003730063617695123
10644,0.00023613081430085003
10645,0.00013827819202560931
10646,0.0002944381849374622
10647,0.00028992118313908577
10648,0.00029620222630910575
10649,0.0003034587134607136
10650,0.00023297773441299796
10651,0.00025304651353508234
10652,0.00034089325345121324
10653,0.0002450481115374714
10654,0.00028077338356524706
10655,0.00027722143568098545
10656,0.0002161371085094288
10657,0.00021052839292678982
10658,0.00032638272386975586
10659,0.0002211962128058076
10660,0.00021690399444196373
10661,0.0001682283473201096
10662,0.0002299356710864231
10663,0.00028545662644319236
10664,0.000214021434658207
10665,0.0002132828813046217
10666,0.00020744396897498518
10667,0.0002363666717428714
10668,0.00018044265743810683
10669,0.00015987882215995342
10670,0.00020462959946598858
10671,0.00031137230689637363
10672,0.00019060196063946933
10673,0.0003028624632861465
10674,0.0003856727562379092
10675,0.0002853164041880518
10676,0.00015741809329483658
10677,0.00024720330839045346
10678,0.0002049756294582039
10679,0.0001872628490673378
10680,0.00025178687064908445
10681,0.0003795507946051657
10682,0.00021492478845175356
10683,0.0002794543106574565
10684,0.00023880883236415684
10685,0.00026440221699886024
10686,0.0002967106702271849
10687,0.00023512107145506889
10688,0.0001996703795157373
10689,0.00024396767548751086
10690,0.00028265450964681804
10691,0.00017230291268788278
10692,0.0003027530328836292
10693,0.0002566292241681367
10694,0.0002172072563553229
10695,0.00019493036961648613
10696,0.00021000327251385897
10697,0.0002693645947147161
10698,0.00019825491472147405
10699,0.00018548869411461055
10700,0.00017011391173582524
10701,0.00018495388212613761
10702,0.0002516222884878516
10703,0.00017702080367598683
10704,0.00021289626602083445
10705,0.0001716693222988397
10706,0.00026640246505849063
10707,0.0002613434917293489
10708,0.0001332946849288419
10709,0.0002073547220788896
10710,0.0002677592565305531
10711,0.0001956339256139472
10712,0.00023476894421037287
10713,0.00020262206089682877
10714,0.0003237618657294661
10715,0.00024017544637899846
10716,0.00023012996825855225
10717,0.00023181062715593725
10718,0.00032524310518056154
10719,0.0003068638907279819
10720,0.00017919929814524949
10721,0.00028925633523613214
10722,0.00024788558948785067
10723,0.0002430307649774477
10724,0.0002542723377700895
10725,0.00018509251822251827
10726,0.00030379253439605236
10727,0.000203371251700446
10728,0.0002708620158955455
10729,0.0001887371763586998
10730,0.00021112003014422953
10731,0.0002758421469479799
10732,0.0002809300203807652
10733,0.0002254388964502141
10734,0.00023163054720498621
10735,0.00024186339578591287
10736,0.00023692760441917926
10737,0.00020514539210125804
10738,0.00020431703887879848
10739,0.00025785333127714694
10740,0.0002193961408920586
10741,0.0002494860382284969
10742,0.0002623217005748302
10743,0.00022977203479968011
10744,0.00027297085034660995
10745,0.00030085499747656286
10746,0.0001652934297453612
10747,0.00019160332158207893
10748,0.00015363209240604192
10749,0.00024284221581183374
10750,0.00041047975537367165
10751,0.00025175788323394954
10752,0.00022273567446973175
10753,0.000260691944276914
10754,0.0002566971234045923
10755,0.00036709397681988776
10756,0.0003467401838861406
10757,0.00019449327373877168
10758,0.0002333000156795606
10759,0.0002948808833025396
10760,0.00030530954245477915
10761,0.0002388637512922287
10762,0.0003794727963395417
10763,0.0003533808921929449
10764,0.00028459125314839184
10765,0.00034832689561881125
10766,0.00027271491126157343
10767,0.00024207452952396125
10768,0.00039562673191539943
10769,0.0003152177669107914
10770,0.0002054305368801579
10771,0.000417279516113922
10772,0.0003783858264796436
10773,0.000298850005492568
10774,0.0003504931810311973
10775,0.0002241313486592844
10776,0.00024443643633276224
10777,0.0002791348670143634
10778,0.00022969224664848298
10779,0.00016960348875727504
10780,0.0002745983365457505
10781,0.00021092119277454913
10782,0.00038863555528223515
10783,0.0002281662600580603
10784,0.00030849140603095293
10785,0.0002488710160832852
10786,0.00017214188119396567
10787,0.00022986042313277721
10788,0.00020425842376425862
10789,0.0002233536506537348
10790,0.00027494144160300493
10791,0.00020674050028901547
10792,0.00037112078280188143
10793,0.00025989545974880457
10794,0.00028427541838027537
10795,0.0002523912116885185
10796,0.00026980426628142595
10797,0.00022751970391254872
10798,0.0003156408783979714
10799,0.0003061699972022325
10800,0.00019454004359431565
10801,0.00026993826031684875
10802,0.00020762512576766312
10803,0.0002075936645269394
10804,0.00020568838226608932
10805,0.00020141361164860427
10806,0.00019767368212342262
10807,0.0001826021180022508
10808,0.00021270157594699413
10809,0.00025966166867874563
10810,0.00016966479597613215
10811,0.00040723118581809103
10812,0.00034199413494206965
10813,0.00021481141448020935
10814,0.00027233274886384606
10815,0.00026781889027915895
10816,0.0002427353465463966
10817,0.00018815613293554634
10818,0.00020969081379007548
10819,0.0002951576898340136
10820,0.00023177450930234045
10821,0.00017184429452754557
10822,0.00020922838302794844
10823,0.0002590531948953867
10824,0.00029454915784299374
10825,0.00024208295508287847
10826,0.00018501488375477493
10827,0.00033615363645367324
10828,0.00022545176034327596
10829,0.00022977976186666638
10830,0.0002717798051889986
10831,0.00037333465297706425
10832,0.0002676390577107668
10833,0.00023241210146807134
10834,0.00026096845977008343
10835,0.00032537613878957927
10836,0.00022792744857724756
10837,0.0002808897115755826
10838,0.00025412385002709925
10839,0.00021907368500251323
10840,0.00042243051575496793
10841,0.00030222267378121614
10842,0.0002568863274063915
10843,0.00021172635024413466
10844,0.00029634730890393257
10845,0.0001936336193466559
10846,0.00035902776289731264
10847,0.00024926738115027547
10848,0.0002034358331002295
10849,0.0002601906890049577
10850,0.00024475136888213456
10851,0.00019771292863879353
10852,0.00028529809787869453
10853,0.0003061041934415698
10854,0.00020923951524309814
10855,0.0002050128678092733
10856,0.0002545710594858974
10857,0.0003424308670219034
10858,0.00024257042969111353
10859,0.00020004654652439058
10860,0.00029244020697660744
10861,0.0002922182611655444
10862,0.00023755652364343405
10863,0.00017673210822977126
10864,0.00031969562405720353
10865,0.00022756891848985106
10866,0.00019818212604150176
10867,0.0002276694867759943
10868,0.0002523015718907118
10869,0.00024903580197133124
10870,0.0002578298735897988
10871,0.00022647707373835146
10872,0.0002460790565237403
10873,0.00034870579838752747
10874,0.000354023213731125
10875,0.00025810080114752054
10876,0.00040760342380963266
10877,0.0002625471097417176
10878,0.0002713724388740957
10879,0.00020780590421054512
10880,0.00043950381223112345
10881,0.0002256793377455324
10882,0.00028629982261918485
10883,0.0002787815174087882
10884,0.00030726322438567877
10885,0.0002649702946655452
10886,0.0003678365028463304
10887,0.0003141978813800961
10888,0.00022649952734354883
10889,0.0004311484226491302
10890,0.0002759550407063216
10891,0.0003521610633470118
10892,0.00022282864665612578
10893,0.00027927805786021054
10894,0.00021670946443919092
10895,0.00029667463968507946
10896,0.00020521681290119886
10897,0.0003087504592258483
10898,0.00018978284788317978
10899,0.00024456283426843584
10900,0.000166669167811051
10901,0.00023861242516431957
10902,0.00022879369498696178
10903,0.0002467602607794106
10904,0.00018409249605610967
10905,0.00022325523605104536
10906,0.00045736049651168287
10907,0.00023431962472386658
10908,0.0002059539401670918
10909,0.00024818285601213574
10910,0.00027593804406933486
10911,0.00022836154676042497
10912,0.0003251822490710765
10913,0.00043480825843289495
10914,0.00022484658984467387
10915,0.00023417966440320015
10916,0.0002752962172962725
10917,0.000343638239428401
10918,0.00026388600235804915
10919,0.00023113777569960803
10920,0.0002109981724061072
10921,0.0001912722218548879
10922,0.0001611599582247436
10923,0.0003031651140190661
10924,0.0003070960519835353
10925,0.00019796504057012498
10926,0.00018449535127729177
10927,0.0003512191469781101
10928,0.0001709638600004837
10929,0.00032400686177425086
10930,0.00024884563754312694
10931,0.0003392697835806757
10932,0.0002596793929114938
10933,0.0004280431312508881
10934,0.00022680414258502424
10935,0.00024064599710982293
10936,0.00023704006162006408
10937,0.00033248134423047304
10938,0.0002612162788864225
10939,0.00015528140647802502
10940,0.0002355823526158929
10941,0.00027197558665648103
10942,0.0002356005716137588
10943,0.00018287336570210755
10944,0.00016562634846195579
10945,0.00015716477355454117
10946,0.00042224503704346716
10947,0.00022647147125098854
10948,0.00034975208109244704
10949,0.0003448236675467342
10950,0.00021274703613016754
10951,0.0002741695789154619
10952,0.0001796894212020561
10953,0.00021086045308038592
10954,0.0003072621766477823
10955,0.0002673897542990744
10956,0.00016956294712144881
10957,0.00024139029846992344
10958,0.00026777549646794796
10959,0.0002887780137825757
10960,0.00023089349269866943
10961,0.00025188186555169523
10962,0.00022118892229627818
10963,0.0001635815715417266
10964,0.00018747951253317297
10965,0.0003179656050633639
10966,0.00033479006378911436
10967,0.00022464075300376862
10968,0.00024003493308555335
10969,0.0003093235136475414
10970,0.0003061666211578995
10971,0.00039634513086639345
10972,0.00025466945953667164
10973,0.00022839683515485376
10974,0.0002704760408960283
10975,0.00028138814377598464
10976,0.00027714259340427816
10977,0.00034244859125465155
10978,0.0002568266645539552
10979,0.0002697922755032778
10980,0.0003682070237118751
10981,0.000365190178854391
10982,0.00031031438265927136
10983,0.00023717003932688385
10984,0.00019593987963162363
10985,0.0004050215648021549
10986,0.00028689863393083215
10987,0.00024941778974607587
10988,0.00023267470533028245
10989,0.0002327553229406476
10990,0.00025628088042140007
10991,0.0001880842464743182
10992,0.000323082524118945
10993,0.0002683736674953252
10994,0.00023970814072526991
10995,0.0003107291122432798
10996,0.00020159612176939845
10997,0.00031006630160845816
10998,0.00022340781288221478
10999,0.00030235681333579123
11000,0.0002887795271817595
11001,0.00028305489104241133
11002,0.00031388059142045677
11003,0.00020694815611932427
11004,0.00031779962591826916
11005,0.00032626543543301523
11006,0.00020501259132288396
11007,0.00033240855555050075
11008,0.0002732998109422624
11009,0.0003365353913977742
11010,0.00020503719861153513
11011,0.0002444042474962771
11012,0.0004101229424122721
11013,0.0003632964799180627
11014,0.0003810683556366712
11015,0.0002716654271353036
11016,0.0002752219152171165
11017,0.0004289157222956419
11018,0.00032487191492691636
11019,0.0002920122933574021
11020,0.0002851508907042444
11021,0.0002718765754252672
11022,0.0002806033007800579
11023,0.00027617832529358566
11024,0.00040629360591992736
11025,0.0002861998218577355
11026,0.0002540368295740336
11027,0.00022280037228483707
11028,0.00023735103604849428
11029,0.00028737535467371345
11030,0.0002702564524952322
11031,0.00024612736888229847
11032,0.00030547630740329623
11033,0.00018341052054893225
11034,0.00032900014775805175
11035,0.00019781044102273881
11036,0.00021986619685776532
11037,0.0003441677545197308
11038,0.0002251819969387725
11039,0.00028705669683404267
11040,0.00018624941003508866
11041,0.00022240485122893006
11042,0.00032945856219157577
11043,0.00035111940815113485
11044,0.00025931140407919884
11045,0.00031966855749487877
11046,0.0002781997318379581
11047,0.00024536813725717366
11048,0.0002279298787470907
11049,0.00026800608611665666
11050,0.0002190830127801746
11051,0.00023734677233733237
11052,0.00024235472665168345
11053,0.00018752289179246873
11054,0.00024143807240761817
11055,0.00018461662693880498
11056,0.0002797442430164665
11057,0.00019762270676437765
11058,0.000441279960796237
11059,0.00021461941651068628
11060,0.0003324247954878956
11061,0.000365655985660851
11062,0.0002679843455553055
11063,0.00034455524291843176
11064,0.0003020402800757438
11065,0.00021540338639169931
11066,0.00026518694357946515
11067,0.00028167618438601494
11068,0.00031786292674951255
11069,0.00030727608827874064
11070,0.0003414254169911146
11071,0.00022498602629639208
11072,0.0003587200480978936
11073,0.00023994383809622377
11074,0.00021756015485152602
11075,0.0002580772270448506
11076,0.0002780299400910735
11077,0.00036866238224320114
11078,0.00016644828428979963
11079,0.0002636141434777528
11080,0.00023529345344286412
11081,0.0002946983731817454
11082,0.00026610915665514767
11083,0.0002718909818213433
11084,0.00021475627727340907
11085,0.00029119980172254145
11086,0.0004865610389970243
11087,0.0003320323012303561
11088,0.0002660684986039996
11089,0.00036097108386456966
11090,0.00027338016661815345
11091,0.00026555900694802403
11092,0.00023529525788035244
11093,0.0002623947511892766
11094,0.000373885384760797
11095,0.0002658587181940675
11096,0.0004237191460561007
11097,0.00023026556300465018
11098,0.0004096841439604759
11099,0.00030075633549131453
11100,0.00033770708250813186
11101,0.000226907548494637
11102,0.00043801736319437623
11103,0.00033071942743845284
11104,0.0002000703098019585
11105,0.0002989880449604243
11106,0.00034402517485432327
11107,0.0003712098696269095
11108,0.00029600021662190557
11109,0.00028093226137571037
11110,0.0003707080613821745
11111,0.0004317240964155644
11112,0.0002800902002491057
11113,0.00030136891291476786
11114,0.0003527423250488937
11115,0.00028446014039218426
11116,0.00021613616263493896
11117,0.00032522223773412406
11118,0.00028346857288852334
11119,0.0002211869286838919
11120,0.0004607707669492811
11121,0.00022804568288847804
11122,0.00030191673431545496
11123,0.00033937281114049256
11124,0.00023728134692646563
11125,0.0005013623158447444
11126,0.00045332303852774203
11127,0.00023545110889244825
11128,0.0002573331003077328
11129,0.0003626328834798187
11130,0.00027388485614210367
11131,0.0003261671809013933
11132,0.00025127019034698606
11133,0.0003728725132532418
11134,0.0002886938164010644
11135,0.0003775857330765575
11136,0.0003884424513671547
11137,0.00024882543948478997
11138,0.00027253577718511224
11139,0.0002799716603476554
11140,0.0002971194335259497
11141,0.0002941749698948115
11142,0.0003210452268831432
11143,0.0003198572376277298
11144,0.0004247237229719758
11145,0.0004991134046576917
11146,0.00032592611387372017
11147,0.0003140594344586134
11148,0.00033840571995824575
11149,0.0002473579370416701
11150,0.0002359498612349853
11151,0.0003173614968545735
11152,0.0003703713300637901
11153,0.000470883387606591
11154,0.0003306749858893454
11155,0.00028333955560810864
11156,0.00034807887277565897
11157,0.0004012716526631266
11158,0.00030251522548496723
11159,0.0003100037283729762
11160,0.0002635119599290192
11161,0.00038115837378427386
11162,0.00028481270419433713
11163,0.0003248605353292078
11164,0.0002928736212197691
11165,0.0002993884845636785
11166,0.0002461479161866009
11167,0.0003177188627887517
11168,0.00023126865562517196
11169,0.0002642914478201419
11170,0.00024463754380121827
11171,0.00023737427545711398
11172,0.0004222453571856022
11173,0.00023810248239897192
11174,0.00026017517666332424
11175,0.00023960089311003685
11176,0.0004650239716283977
11177,0.0003216297482140362
11178,0.00023771745327394456
11179,0.00026394418091513216
11180,0.00023202043666969985
11181,0.00029206491308286786
11182,0.0002395956835243851
11183,0.0004393448180053383
11184,0.00025941719650290906
11185,0.00022640381939709187
11186,0.00033296761102974415
11187,0.0002750202256720513
11188,0.00039210059912875295
11189,0.000364999141311273
11190,0.0002825547126121819
11191,0.0002608955546747893
11192,0.0002297910541528836
11193,0.00038270369987003505
11194,0.00020933621271979064
11195,0.0004679890989791602
11196,0.00039363664109259844
11197,0.0004342969332356006
11198,0.00029269722290337086
11199,0.00042758852941915393
11200,0.00033073811209760606
11201,0.0003668907447718084
11202,0.00036992854438722134
11203,0.0003064637421630323
11204,0.000234244842431508
11205,0.00032146935700438917
11206,0.0002312638534931466
11207,0.0003891640226356685
11208,0.00019917661848012358
11209,0.0003602557408157736
11210,0.0003776683588512242
11211,0.0002473265049047768
11212,0.0003332316118758172
11213,0.00022596537019126117
11214,0.00026600927230902016
11215,0.0004347371868789196
11216,0.00022708831238560379
11217,0.0002695675066206604
11218,0.0002613150863908231
11219,0.00029798815376125276
11220,0.00024514913093298674
11221,0.00038595832302235067
11222,0.0002796104527078569
11223,0.00023298284213524312
11224,0.0003734101774170995
11225,0.00038236877298913896
11226,0.00020507065346464515
11227,0.0002851728640962392
11228,0.0002938940015155822
11229,0.0002884427667595446
11230,0.00028657205984927714
11231,0.0003140428743790835
11232,0.00025965392705984414
11233,0.00025839978479780257
11234,0.00022216093202587217
11235,0.0003568466054275632
11236,0.00037992067518644035
11237,0.0002718353644013405
11238,0.00042381687671877444
11239,0.0002967783366329968
11240,0.00028932877467013896
11241,0.00028693658532574773
11242,0.00030123625765554607
11243,0.00030271659488789737
11244,0.00027696508914232254
11245,0.0002860726963263005
11246,0.00025888942764140666
11247,0.00029855273896828294
11248,0.0003408249467611313
11249,0.0003200912324246019
11250,0.00032812205608934164
11251,0.0003514100390020758
11252,0.00023343264183495194
11253,0.0003036030102521181
11254,0.00029698683647438884
11255,0.00033383406116627157
11256,0.0002535962557885796
11257,0.0003675248590297997
11258,0.0002686596417333931
11259,0.000251033779932186
11260,0.00033181312028318644
11261,0.00043541743070818484
11262,0.0002682617923710495
11263,0.0003088084049522877
11264,0.00036552007077261806
11265,0.0003993453865405172
11266,0.0002385922707617283
11267,0.00022250266920309514
11268,0.00021708375425077975
11269,0.00033177161822095513
11270,0.0002800307411234826
11271,0.00040428945794701576
11272,0.0002665313659235835
11273,0.00037348567275330424
11274,0.0003311123582534492
11275,0.0003262273967266083
11276,0.0004467215621843934
11277,0.0002650770475156605
11278,0.00027806858997792006
11279,0.00028063979698345065
11280,0.0002392745518591255
11281,0.00024635522277094424
11282,0.00031135661993175745
11283,0.0002725927624851465
11284,0.00023492412583436817
11285,0.00030176181462593377
11286,0.0003063051262870431
11287,0.0002822784590534866
11288,0.00031492169364355505
11289,0.00022355631517712027
11290,0.00029931982862763107
11291,0.00032767068478278816
11292,0.0003334744833409786
11293,0.000310387957142666
11294,0.00031233811751008034
11295,0.000349848298355937
11296,0.000278305757092312
11297,0.00031106226379051805
11298,0.00024316314375028014
11299,0.00029455331969074905
11300,0.00023420680372510105
11301,0.0003456666599959135
11302,0.0004039796767756343
11303,0.0001910886785481125
11304,0.0003346838930156082
11305,0.00035228251363150775
11306,0.0004293727979529649
11307,0.00043343237484805286
11308,0.0003322774136904627
11309,0.0002620517916511744
11310,0.0002202166651841253
11311,0.00025546213146299124
11312,0.0002852904435712844
11313,0.0003211282310076058
11314,0.00030357445939444005
11315,0.0003061241877730936
11316,0.00027270225109532475
11317,0.00041092888568527997
11318,0.00029066187562420964
11319,0.00025123171508312225
11320,0.000338773854309693
11321,0.0003568657848518342
11322,0.00024670371203683317
11323,0.0002432004694128409
11324,0.00039702418143860996
11325,0.0003486097848508507
11326,0.000301506370306015
11327,0.0004114252224098891
11328,0.0002740903873927891
11329,0.0002431430184515193
11330,0.0003807653847616166
11331,0.00024145930365193635
11332,0.00027650498668663204
11333,0.000337189034326002
11334,0.0003596723254304379
11335,0.0003107342927251011
11336,0.00033208998502232134
11337,0.0002507213212084025
11338,0.0003668425197247416
11339,0.00022444229398388416
11340,0.00031296187080442905
11341,0.0002757360343821347
11342,0.0003066283243242651
11343,0.0003829470952041447
11344,0.00022482532949652523
11345,0.0002749637351371348
11346,0.00031984876841306686
11347,0.00029176377574913204
11348,0.0003283275291323662
11349,0.00032447653939016163
11350,0.0003507928631734103
11351,0.00041750879609026015
11352,0.0003199953061994165
11353,0.00033533855457790196
11354,0.0003331946791149676
11355,0.00025353729142807424
11356,0.00035394937731325626
11357,0.00019015814177691936
11358,0.00026213936507701874
11359,0.0004054442688357085
11360,0.00022732015349902213
11361,0.00044494462781585753
11362,0.0003146433155052364
11363,0.00030149909434840083
11364,0.00032983330311253667
11365,0.0002552064252085984
11366,0.0002987670595757663
11367,0.0003386198659427464
11368,0.000305754947476089
11369,0.0002850090677384287
11370,0.00027402982232160866
11371,0.0004688611370511353
11372,0.00038901722291484475
11373,0.00025239671231247485
11374,0.00026171506033279
11375,0.00019527383847162127
11376,0.00026674324180930853
11377,0.0005247650551609695
11378,0.0003556349838618189
11379,0.0002979927521664649
11380,0.00040350022027269006
11381,0.0003683440445456654
11382,0.00024445034796372056
11383,0.0002712751738727093
11384,0.00031314860098063946
11385,0.0003937110013794154
11386,0.00034632222377695143
11387,0.00025744797312654555
11388,0.00032237349660135806
11389,0.0002990360662806779
11390,0.00043066791840828955
11391,0.000479360343888402
11392,0.0003282999969087541
11393,0.00035899525391869247
11394,0.00031685319845564663
11395,0.0003491271927487105
11396,0.00029054988408461213
11397,0.00037239285302348435
11398,0.00032470651785843074
11399,0.00040028037619777024
11400,0.00033201961196027696
11401,0.0002428963198326528
11402,0.00032357321470044553
11403,0.0003463895700406283
11404,0.0003016580594703555
11405,0.00033834067289717495
11406,0.00022779744176659733
11407,0.0004284896713215858
11408,0.0003134800062980503
11409,0.0004226106684654951
11410,0.0002440157113596797
11411,0.00019382238679099828
11412,0.00022624415578320622
11413,0.00034127538674511015
11414,0.0002685325453057885
11415,0.0004150040040258318
11416,0.0003561927587725222
11417,0.00019553350284695625
11418,0.00024281811784021556
11419,0.0002791754377540201
11420,0.00024151451361831278
11421,0.0003976784646511078
11422,0.00038590634358115494
11423,0.0003127939999103546
11424,0.00027484679594635963
11425,0.000451267376774922
11426,0.00032008011476136744
11427,0.0004829289100598544
11428,0.0002118728734785691
11429,0.00024201892665587366
11430,0.00042714845039881766
11431,0.00028066142112948
11432,0.0003622584627009928
11433,0.0002864580019377172
11434,0.0003087612858507782
11435,0.0002818889624904841
11436,0.00031024639611132443
11437,0.00025407783687114716
11438,0.0002528577751945704
11439,0.0002444449346512556
11440,0.0002025609719567001
11441,0.0002818909124471247
11442,0.00045710173435509205
11443,0.00030618568416684866
11444,0.0003594428417272866
11445,0.0002997337142005563
11446,0.00029850390274077654
11447,0.0003664986870717257
11448,0.0002693581918720156
11449,0.00028363484307192266
11450,0.0004920944920741022
11451,0.00035616738023236394
11452,0.0005675141583196819
11453,0.00026471566525287926
11454,0.00022858756710775197
11455,0.0004179086536169052
11456,0.00039424854912795126
11457,0.00030540398438461125
11458,0.0003046102065127343
11459,0.0003641014627646655
11460,0.00023248455545399338
11461,0.00036680311313830316
11462,0.0002902107371482998
11463,0.0003442755260039121
11464,0.00041354296263307333
11465,0.00038215715903788805
11466,0.00039860227843746543
11467,0.00036526552867144346
11468,0.00021242667571641505
11469,0.0003949637175537646
11470,0.00040247177821584046
11471,0.0003144152869936079
11472,0.00025643871049396694
11473,0.0003926961508113891
11474,0.0003400622808840126
11475,0.00032129092141985893
11476,0.000219306573853828
11477,0.00030759803485125303
11478,0.00028944245423190296
11479,0.00026837727637030184
11480,0.00027163128834217787
11481,0.0004052068688906729
11482,0.0005006403662264347
11483,0.00031980432686395943
11484,0.00023371366842184216
11485,0.0003234576724935323
11486,0.0003076443972531706
11487,0.00031038050656206906
11488,0.00032149875187315047
11489,0.00033293545129708946
11490,0.0002659692836459726
11491,0.00039466467569582164
11492,0.0003994796425104141
11493,0.0002817712666001171
11494,0.00022346930927596986
11495,0.00039087876211851835
11496,0.00042646867223083973
11497,0.0003631504951044917
11498,0.00029245243058539927
11499,0.0003699958324432373
11500,0.0003281943209003657
11501,0.0003454781835898757
11502,0.0003520643222145736
11503,0.0003386166936252266
11504,0.00030075368704274297
11505,0.00024458274128846824
11506,0.00038404332008212805
11507,0.00026359184994362295
11508,0.000292423676000908
11509,0.0002202121540904045
11510,0.0003692171012517065
11511,0.0003606632526498288
11512,0.00029779967735521495
11513,0.00023777391470503062
11514,0.0002168347709812224
11515,0.0004975576302967966
11516,0.000284914014628157
11517,0.00041095822234638035
11518,0.0003307477163616568
11519,0.0002680019533727318
11520,0.0003057736612390727
11521,0.0002463907585479319
11522,0.00026605292805470526
11523,0.0002444584097247571
11524,0.000281273212749511
11525,0.0004061212530359626
11526,0.0002947796892840415
11527,0.0004294874961487949
11528,0.0003538185846991837
11529,0.0003090107347816229
11530,0.00037352877552621067
11531,0.00039953834493644536
11532,0.0005856857169419527
11533,0.00024861007113941014
11534,0.00028110237326473
11535,0.00035342041519470513
11536,0.00028239068342372775
11537,0.0003238873614463955
11538,0.00031300244154408574
11539,0.0004212236381135881
11540,0.0005311768036335707
11541,0.000214035389944911
11542,0.0003210736031178385
11543,0.000445059355115518
11544,0.00036494730738922954
11545,0.00039571744855493307
11546,0.0002684197679627687
11547,0.0005091075436212122
11548,0.0002838743384927511
11549,0.0003402730799280107
11550,0.0002833050675690174
11551,0.00023786729434505105
11552,0.00035565008874982595
11553,0.00029707083012908697
11554,0.0003267094143666327
11555,0.00041921494994312525
11556,0.00028471206314861774
11557,0.00025364584871567786
11558,0.000441167620010674
11559,0.00026658581919036806
11560,0.00028772279620170593
11561,0.00046738304081372917
11562,0.00034003134351223707
11563,0.00032903600367717445
11564,0.00023925559071358293
11565,0.0003913941909559071
11566,0.00043340129195712507
11567,0.00036521529546007514
11568,0.0003308230952825397
11569,0.00037007973878644407
11570,0.0003129096294287592
11571,0.00045397866051644087
11572,0.00026122614508494735
11573,0.00022945627279113978
11574,0.00040397210977971554
11575,0.000317287165671587
11576,0.00027686948305927217
11577,0.0003477649006526917
11578,0.00042804432450793684
11579,0.0003870787040796131
11580,0.0003160974883940071
11581,0.0003591029962990433
11582,0.0002701857010833919
11583,0.00027155355201102793
11584,0.0003378543187864125
11585,0.00033211990376003087
11586,0.00039062288124114275
11587,0.00031199262593872845
11588,0.0004326319321990013
11589,0.0003208422858733684
11590,0.00038432038854807615
11591,0.0005021063843742013
11592,0.0002449769526720047
11593,0.00040978603647090495
11594,0.00036527295014820993
11595,0.00033353277831338346
11596,0.00031641972600482404
11597,0.00033839326351881027
11598,0.00035994002246297896
11599,0.0002989440690726042
11600,0.0003042392199859023
11601,0.00031999711063690484
11602,0.0002819749934133142
11603,0.00026684332988224924
11604,0.00033278155024163425
11605,0.0003536584263201803
11606,0.00025220506358891726
11607,0.0002513625076971948
11608,0.00040606450056657195
11609,0.0003911683743353933
11610,0.0003680865920614451
11611,0.00032507750438526273
11612,0.00031782413134351373
11613,0.0003871174994856119
11614,0.0003771347110159695
11615,0.0003548585809767246
11616,0.00029610408819280565
11617,0.0003382219874765724
11618,0.00032703252509236336
11619,0.0004380912287160754
11620,0.0003153362777084112
11621,0.0002752455766312778
11622,0.00032930244924500585
11623,0.00031631867750547826
11624,0.0003450872900430113
11625,0.0002573046658653766
11626,0.0005335437599569559
11627,0.00031558654154650867
11628,0.0002629330556374043
11629,0.00021240625937934965
11630,0.0002881869440898299
11631,0.0003969822428189218
11632,0.00032248548814095557
11633,0.00029829030972905457
11634,0.0002493567590136081
11635,0.0002926276356447488
11636,0.00035717166610993445
11637,0.0004210207553114742
11638,0.00031400745501741767
11639,0.0004450201231520623
11640,0.0003301731776446104
11641,0.00039903735159896314
11642,0.00035630553611554205
11643,0.00033589437953196466
11644,0.0003920492308679968
11645,0.0002929789188783616
11646,0.00034565257374197245
11647,0.00034983939258381724
11648,0.00027915567625313997
11649,0.00023636834521312267
11650,0.00027398442034609616
11651,0.00025790598010644317
11652,0.00047080591320991516
11653,0.00032119607203640044
11654,0.00029707103385590017
11655,0.00033449713373556733
11656,0.00026603584410622716
11657,0.00030158524168655276
11658,0.000272742792731151
11659,0.00026674460968934
11660,0.0003839583368971944
11661,0.0003086045035161078
11662,0.00036471185740083456
11663,0.0003333154891151935
11664,0.0005001397803425789
11665,0.00035650728386826813
11666,0.0003344718716107309
11667,0.00033669223194010556
11668,0.00036627400550059974
11669,0.00026409642305225134
11670,0.00031380209838971496
11671,0.00036006642039865255
11672,0.0002980810822919011
11673,0.0002672664122655988
11674,0.00041883118683472276
11675,0.0003629697603173554
11676,0.0002708936226554215
11677,0.00042638907325454056
11678,0.0004751316737383604
11679,0.00043680696398951113
11680,0.0002235976717201993
11681,0.0003529515233822167
11682,0.0006151314591988921
11683,0.0003324195567984134
11684,0.0002614058612380177
11685,0.0002693775750230998
11686,0.00042867212323471904
11687,0.00033533843816258013
11688,0.0003434337268117815
11689,0.0003040424198843539
11690,0.0004052277363371104
11691,0.0002838134823832661
11692,0.0002733761793933809
11693,0.0003674658655654639
11694,0.0002700026670936495
11695,0.00034414243418723345
11696,0.000438765506260097
11697,0.00034548519761301577
11698,0.0004767826176248491
11699,0.00032491786987520754
11700,0.0004386566870380193
11701,0.00035839612246491015
11702,0.00036020143306814134
11703,0.0004727124178316444
11704,0.00027781829703599215
11705,0.00026617481489665806
11706,0.0003292449109721929
11707,0.00054437160724774
11708,0.00041181169217452407
11709,0.00037288173916749656
11710,0.0003276890201959759
11711,0.00038538663648068905
11712,0.00032825215021148324
11713,0.0004904918023385108
11714,0.000574967940337956
11715,0.0004686369502451271
11716,0.00041741359746083617
11717,0.00047513507888652384
11718,0.00028297575772739947
11719,0.0003834999806713313
11720,0.0004901867941953242
11721,0.0003756983787752688
11722,0.0003678186913020909
11723,0.00031526433303952217
11724,0.000305707537336275
11725,0.00026835707831196487
11726,0.00034184427931904793
11727,0.000402581732487306
11728,0.00037304856232367456
11729,0.00041352302650921047
11730,0.0004582795372698456
11731,0.00039188965456560254
11732,0.0003256390627939254
11733,0.00039529259083792567
11734,0.00031897693406790495
11735,0.0003720084496308118
11736,0.0003352354106027633
11737,0.0004923028172925115
11738,0.00039332013693638146
11739,0.0002725602244026959
11740,0.00027459929697215557
11741,0.0004890302661806345
11742,0.0003538027231115848
11743,0.0003501441970001906
11744,0.00041138645610772073
11745,0.0005619777366518974
11746,0.0005555815878324211
11747,0.00039995592669583857
11748,0.00031439296435564756
11749,0.00036228759563528
11750,0.0003455517871771008
11751,0.0004768143408000469
11752,0.00033378551597706974
11753,0.0005513704381883144
11754,0.000370687193935737
11755,0.00037507593515329063
11756,0.0002914016367867589
11757,0.0003847574407700449
11758,0.0003123368078377098
11759,0.0006695325719192624
11760,0.00023094171774573624
11761,0.00043878357973881066
11762,0.00042784426477737725
11763,0.0003237258642911911
11764,0.0002950231428258121
11765,0.00037359245470725
11766,0.000333841162500903
11767,0.000358175573637709
11768,0.00040455826092511415
11769,0.0003355442895554006
11770,0.0003326738369651139
11771,0.0003853635280393064
11772,0.0003835712850559503
11773,0.00042747086263261735
11774,0.00027873722137883306
11775,0.0004293750098440796
11776,0.0004019663901999593
11777,0.0004470159765332937
11778,0.00031986809335649014
11779,0.0002860410022549331
11780,0.0006109401001594961
11781,0.00036506177275441587
11782,0.0003639826027210802
11783,0.00041049366700462997
11784,0.00040375240496359766
11785,0.00030806948780082166
11786,0.0003310510073788464
11787,0.00048812702880240977
11788,0.00028769864002242684
11789,0.00021321549138519913
11790,0.000447676342446357
11791,0.00030119926668703556
11792,0.0003964508941862732
11793,0.0003816082316916436
11794,0.00033222479396499693
11795,0.0002956679090857506
11796,0.00031685535213910043
11797,0.0003070161328651011
11798,0.00042165766353718936
11799,0.00033084515598602593
11800,0.00039978561108000576
11801,0.00030155610875226557
11802,0.0002717878669500351
11803,0.0003871737280860543
11804,0.0004021718632429838
11805,0.0003987761738244444
11806,0.0005241699982434511
11807,0.0002633394906297326
11808,0.0003520153695717454
11809,0.00029411434661597013
11810,0.00023220844741445035
11811,0.0005184835172258317
11812,0.0002630740636959672
11813,0.00035995294456370175
11814,0.0005403591203503311
11815,0.0003195588360540569
11816,0.0002695186121854931
11817,0.0003850938519462943
11818,0.00041663533193059266
11819,0.000317619793349877
11820,0.0004002851201221347
11821,0.00031127181136980653
11822,0.0003401061985641718
11823,0.00035000391653738916
11824,0.00037379859713837504
11825,0.0004973942996002734
11826,0.0002830691810231656
11827,0.00022991800506133586
11828,0.00031210348242893815
11829,0.0003203758969902992
11830,0.00028051843401044607
11831,0.0003225633117835969
11832,0.0003399742709007114
11833,0.0003172112919855863
11834,0.0002893167838919908
11835,0.0003348285681568086
11836,0.0003257322241552174
11837,0.00048373485333286226
11838,0.0003819341363850981
11839,0.0003398176340851933
11840,0.00029257190180942416
11841,0.00034709920873865485
11842,0.0003757956437766552
11843,0.0002972511574625969
11844,0.0003562196216080338
11845,0.00033296289620921016
11846,0.0005025163409300148
11847,0.0003874716639984399
11848,0.0003523252089507878
11849,0.00038480176590383053
11850,0.0005708794924430549
11851,0.00038746779318898916
11852,0.00031104087247513235
11853,0.0003808878536801785
11854,0.0003385537420399487
11855,0.0004215003573335707
11856,0.00028169178403913975
11857,0.00027451803907752037
11858,0.00033137795981019735
11859,0.0003983546048402786
11860,0.0002585381153039634
11861,0.0002642854524310678
11862,0.00026150961639359593
11863,0.0003691496967803687
11864,0.0003060022136196494
11865,0.0003973808779846877
11866,0.0003378706460352987
11867,0.0004640841798391193
11868,0.000300157000310719
11869,0.0003954779531341046
11870,0.0005391088197939098
11871,0.00037242245161905885
11872,0.00032427316182293
11873,0.00048212549882009625
11874,0.00039519090205430984
11875,0.0005250925896689296
11876,0.00032889042631722987
11877,0.0003832477377727628
11878,0.0003985923249274492
11879,0.00032045383704826236
11880,0.00039687822572886944
11881,0.0003095577412750572
11882,0.00027708610286936164
11883,0.00029126505251042545
11884,0.0002917555975727737
11885,0.0004815020365640521
11886,0.00033884288859553635
11887,0.0004846941155847162
11888,0.0003413117374293506
11889,0.0004496698675211519
11890,0.0004798434965778142
11891,0.00046391156502068043
11892,0.00035604755976237357
11893,0.00039058434776961803
11894,0.00044078638893552125
11895,0.00030538204009644687
11896,0.00047590548638254404
11897,0.0007316376431845129
11898,0.0003625031386036426
11899,0.00037911321851424873
11900,0.0004001482739113271
11901,0.00035281278542242944
11902,0.0004822365299332887
11903,0.0003252469759900123
11904,0.00034611954470165074
11905,0.0004638431710191071
11906,0.00040505611104890704
11907,0.00046104140346869826
11908,0.00037174473982304335
11909,0.0003298174706287682
11910,0.00034004016197286546
11911,0.000256157829426229
11912,0.00031408321228809655
11913,0.00048703199718147516
11914,0.00029234422254376113
11915,0.000305809109704569
11916,0.00047226238530129194
11917,0.0002838693035300821
11918,0.00036293381708674133
11919,0.0004658177203964442
11920,0.00028145682881586254
11921,0.00042883516289293766
11922,0.00029709539376199245
11923,0.0003770465846173465
11924,0.00034741521812975407
11925,0.00034798422711901367
11926,0.00029753343551419675
11927,0.000399187789298594
11928,0.0003398569824639708
11929,0.00047975548659451306
11930,0.00035997535451315343
11931,0.000372367532690987
11932,0.0003411094658076763
11933,0.00032400438794866204
11934,0.0004618527600541711
11935,0.00038222200237214565
11936,0.000304177199723199
11937,0.0003147752140648663
11938,0.00025679427199065685
11939,0.00024715805193409324
11940,0.00030646947561763227
11941,0.00043593719601631165
11942,0.00031501983175985515
11943,0.00032736550201661885
11944,0.00042764554382301867
11945,0.0004400394391268492
11946,0.0002812459133565426
11947,0.0005638185539282858
11948,0.0003249253786634654
11949,0.00046560566988773644
11950,0.0003073916013818234
11951,0.0002972810762003064
11952,0.0004954602918587625
11953,0.0003501724568195641
11954,0.0004154788621235639
11955,0.0004123168473597616
11956,0.0007474378799088299
11957,0.0002939858241006732
11958,0.0004848699609283358
11959,0.0005417916108854115
11960,0.0006737758521921933
11961,0.0003948291705455631
11962,0.0003739112871699035
11963,0.0003717336221598089
11964,0.0004538962384685874
11965,0.0006135435542091727
11966,0.0002616535930428654
11967,0.0003666175762191415
11968,0.0003614505403675139
11969,0.000533399754203856
11970,0.0002980649296659976
11971,0.0002673362905625254
11972,0.00046759186079725623
11973,0.00040736893424764276
11974,0.00035360289621166885
11975,0.0003844092134386301
11976,0.0005404068506322801
11977,0.0004238986293785274
11978,0.0003841096186079085
11979,0.00035287474747747183
11980,0.00030456262174993753
11981,0.000618519785348326
11982,0.0004175789363216609
11983,0.0003582481585908681
11984,0.0003083937626797706
11985,0.00025436122086830437
11986,0.00036541398731060326
11987,0.0003142760251648724
11988,0.0003758068196475506
11989,0.0005329186096787453
11990,0.0003482144675217569
11991,0.00031181814847514033
11992,0.0003792999777942896
11993,0.00047097692731767893
11994,0.000266633287537843
11995,0.0004914853489026427
11996,0.0003624089004006237
11997,0.00032464510877616704
11998,0.0004262916627340019
11999,0.0005283208447508514
12000,0.00038139300886541605
12001,0.0003348604077473283
12002,0.00032983574783429503
12003,0.00032934293267317116
12004,0.00022642311523668468
12005,0.0004893431905657053
12006,0.0006785626173950732
12007,0.0003470980445854366
12008,0.0004605099093168974
12009,0.00039877425297163427
12010,0.00039018847746774554
12011,0.00028880147146992385
12012,0.0003117696614935994
12013,0.0003333686909172684
12014,0.0004155464703217149
12015,0.00035676005063578486
12016,0.0002619021979626268
12017,0.0004971237503923476
12018,0.00037368806079030037
12019,0.000319964368827641
12020,0.00029057779465802014
12021,0.00036742398515343666
12022,0.00039454299258068204
12023,0.00039008731255307794
12024,0.00029975807410664856
12025,0.00046990442206151783
12026,0.0002981623983941972
12027,0.00029219305724836886
12028,0.0003170491545461118
12029,0.0005767345428466797
12030,0.00030511635122820735
12031,0.0005900106043554842
12032,0.0002913174976129085
12033,0.00038421328645199537
12034,0.00037310979678295553
12035,0.000308765796944499
12036,0.0005086665623821318
12037,0.0003796584205701947
12038,0.0003162694920320064
12039,0.0004221532435622066
12040,0.00025843747425824404
12041,0.0004967676941305399
12042,0.0003897903370670974
12043,0.0003284274716861546
12044,0.00031686233705841005
12045,0.00046652875607833266
12046,0.0005994107923470438
12047,0.00035706962808035314
12048,0.00029052357422187924
12049,0.00043362975702621043
12050,0.00033204618375748396
12051,0.00037947879172861576
12052,0.0002466310397721827
12053,0.00038563000271096826
12054,0.0002641534374561161
12055,0.0003231365408282727
12056,0.0006092003895901144
12057,0.0003856831754092127
12058,0.00032527916482649744
12059,0.0006694478215649724
12060,0.00043695277418009937
12061,0.000583021726924926
12062,0.0003612150903791189
12063,0.00045206811046227813
12064,0.0005962727009318769
12065,0.0003605313540901989
12066,0.00030312378657981753
12067,0.00027856347151100636
12068,0.0004305502225179225
12069,0.0003097056760452688
12070,0.000360067788278684
12071,0.0004113762697670609
12072,0.0003916521091014147
12073,0.000514665269292891
12074,0.00038441724609583616
12075,0.0003690485027618706
12076,0.00034441723255440593
12077,0.0003996297309640795
12078,0.00037127421819604933
12079,0.0004112576716579497
12080,0.0003238613426219672
12081,0.0003042620955966413
12082,0.0004063149681314826
12083,0.0002861891989596188
12084,0.0005530769121833146
12085,0.0004694591334555298
12086,0.0004227908793836832
12087,0.0003868543717544526
12088,0.00035266319173388183
12089,0.00038613216020166874
12090,0.00033868217724375427
12091,0.0005057437811046839
12092,0.00043401250150054693
12093,0.00034633962786756456
12094,0.0003088671946898103
12095,0.0003816611715592444
12096,0.00039500673301517963
12097,0.0002531101054046303
12098,0.0003742251719813794
12099,0.000365378858987242
12100,0.000293381221126765
12101,0.0003136620798613876
12102,0.00030329739092849195
12103,0.0004151168395765126
12104,0.0003773499629460275
12105,0.00027738732751458883
12106,0.0005643064505420625
12107,0.0004298061830922961
12108,0.00038456072797998786
12109,0.00040284343413077295
12110,0.00033283064840361476
12111,0.00024240485799964517
12112,0.00041775734280236065
12113,0.0002983977901749313
12114,0.0005032190238125622
12115,0.0004341227177064866
12116,0.0003358586400281638
12117,0.00031349697383120656
12118,0.0006800580304116011
12119,0.0002671049442142248
12120,0.0004269960627425462
12121,0.00038678458076901734
12122,0.00029143886058591306
12123,0.00047033149166963995
12124,0.0003984675568062812
12125,0.00032584427390247583
12126,0.0003548429813235998
12127,0.0006125943036749959
12128,0.0003525230858940631
12129,0.00031951317214407027
12130,0.0002867247094400227
12131,0.0005609869840554893
12132,0.0003965016221627593
12133,0.000359102850779891
12134,0.00032036990160122514
12135,0.0004289326898287982
12136,0.0004263014125172049
12137,0.0002659662568476051
12138,0.00036913412623107433
12139,0.00027994444826617837
12140,0.00035086978459730744
12141,0.00031341894646175206
12142,0.0003748659510165453
12143,0.0004423122445587069
12144,0.0003190340648870915
12145,0.0006854073726572096
12146,0.0004126358253415674
12147,0.00046664028195664287
12148,0.00037220120429992676
12149,0.0004049131239298731
12150,0.000382220430765301
12151,0.00044724449981004
12152,0.0003176757600158453
12153,0.00027590463287197053
12154,0.00032642221776768565
12155,0.00033233175054192543
12156,0.00048657148727215827
12157,0.000344206637237221
12158,0.0004480723582673818
12159,0.0004173852503299713
12160,0.0002824552939273417
12161,0.0003349790640641004
12162,0.00033473153598606586
12163,0.0002947446773760021
12164,0.0004010981065221131
12165,0.0003506076755002141
12166,0.00034881956526078284
12167,0.00047672350774519145
12168,0.00037463445914909244
12169,0.000392244866816327
12170,0.00048164866166189313
12171,0.00047999387606978416
12172,0.0003318173985462636
12173,0.0003678900538943708
12174,0.00029157224344089627
12175,0.0003151257405988872
12176,0.00028172522434033453
12177,0.00031877230503596365
12178,0.0003470806695986539
12179,0.0003076040302403271
12180,0.00048738872283138335
12181,0.00031753414077684283
12182,0.0004872930876445025
12183,0.0004845560761168599
12184,0.0003260912199039012
12185,0.00028437862056307495
12186,0.00031623643008060753
12187,0.00046592505532316864
12188,0.00035121175460517406
12189,0.00029281742172315717
12190,0.0005107081378810108
12191,0.00028533843578770757
12192,0.0003198420745320618
12193,0.00023327249800786376
12194,0.0003379397967364639
12195,0.00030752370366826653
12196,0.0005019783275201917
12197,0.00041467169648967683
12198,0.00034420989686623216
12199,0.0003038474824279547
12200,0.0004182650591246784
12201,0.0003109331300947815
12202,0.0005333331064321101
12203,0.00030823974520899355
12204,0.00021262757945805788
12205,0.00035779469180852175
12206,0.00043489603558555245
12207,0.00029015500331297517
12208,0.00044456645264290273
12209,0.0003398755507078022
12210,0.0003050953382626176
12211,0.0005157643463462591
12212,0.0003409729106351733
12213,0.0004142299003433436
12214,0.0005155812832526863
12215,0.0003578808100428432
12216,0.00046388900955207646
12217,0.0003064600459765643
12218,0.00032461012597195804
12219,0.0005721391644328833
12220,0.00036300846841186285
12221,0.00044705296750180423
12222,0.0003244339895900339
12223,0.000340242258971557
12224,0.0003515288990456611
12225,0.0003640719223767519
12226,0.0002784399257507175
12227,0.0002943148429039866
12228,0.00035442382795736194
12229,0.00033295765751972795
12230,0.00034035436692647636
12231,0.0004318012797739357
12232,0.00045060538104735315
12233,0.0003158634644933045
12234,0.0003103079798165709
12235,0.0004549854784272611
12236,0.00034242079709656537
12237,0.00048388083814643323
12238,0.0002889106690417975
12239,0.00037864968180656433
12240,0.00038636208046227694
12241,0.00032780590117909014
12242,0.0005181480664759874
12243,0.00031871782266534865
12244,0.0004314043326303363
12245,0.00030297995544970036
12246,0.0004437195311766118
12247,0.000367408967576921
12248,0.00024193510762415826
12249,0.000374939467292279
12250,0.0005981810973025858
12251,0.00027746186242438853
12252,0.0004889949923381209
12253,0.0003969167883042246
12254,0.00037192899617366493
12255,0.0005100619746372104
12256,0.0003423261223360896
12257,0.0003886716440320015
12258,0.00032747702789492905
12259,0.00030485293245874345
12260,0.00035671694786287844
12261,0.00035385845694690943
12262,0.000318453210638836
12263,0.00045758025953546166
12264,0.0003455060941632837
12265,0.00034512998536229134
12266,0.0003624754899647087
12267,0.00024384625430684537
12268,0.0004871629935223609
12269,0.0003123601491097361
12270,0.00037896682624705136
12271,0.00038939679507166147
12272,0.0003253233735449612
12273,0.0004092072194907814
12274,0.00044581611291505396
12275,0.0004807953373529017
12276,0.0003297339426353574
12277,0.00031549541745334864
12278,0.0003231134614907205
12279,0.0003787613823078573
12280,0.00042917736573144794
12281,0.00039227536763064563
12282,0.00048434879863634706
12283,0.0003478512808214873
12284,0.000348951987689361
12285,0.0003133924910798669
12286,0.0004001688794232905
12287,0.000325493369018659
12288,0.00024301315716002136
12289,0.00033535220427438617
12290,0.00033523901947773993
12291,0.00039062442374415696
12292,0.0004769904771819711
12293,0.0003774201322812587
12294,0.0002743542427197099
12295,0.0003718219231814146
12296,0.00027606371440924704
12297,0.0004243334988132119
12298,0.00029480172088369727
12299,0.00039536485564894974
12300,0.0002879110397771001
12301,0.0003845854662358761
12302,0.0002264902286697179
12303,0.00040615058969706297
12304,0.00029508222360163927
12305,0.0004244523006491363
12306,0.00029818015173077583
12307,0.00038364538340829313
12308,0.0003369431651663035
12309,0.0003802469000220299
12310,0.0003132883575744927
12311,0.00031090690754354
12312,0.0006096819415688515
12313,0.0005292266141623259
12314,0.00031266474979929626
12315,0.00040664049447514117
12316,0.0004259507404640317
12317,0.0002521319838706404
12318,0.0003173259901814163
12319,0.0002949299232568592
12320,0.00030349683947861195
12321,0.00035908896825276315
12322,0.0005219498416408896
12323,0.0004044630622956902
12324,0.0005593582172878087
12325,0.00030200486071407795
12326,0.00052527996012941
12327,0.00036243186332285404
12328,0.00037327836616896093
12329,0.00032281692256219685
12330,0.0004991198075003922
12331,0.00032732621184550226
12332,0.00028190170996822417
12333,0.00032436917535960674
12334,0.0004290325741749257
12335,0.00030208248062990606
12336,0.0003289208689238876
12337,0.0003171514836139977
12338,0.00028638591174967587
12339,0.0003447071649134159
12340,0.00035114234196953475
12341,0.0003048888174816966
12342,0.00044317031279206276
12343,0.0003465522895567119
12344,0.0004244791343808174
12345,0.0004049529670737684
12346,0.0003925285709556192
12347,0.000358857330866158
12348,0.0003263798716943711
12349,0.0004451261193025857
12350,0.00038846125244162977
12351,0.00027238254551775753
12352,0.0004258332774043083
12353,0.00036735969479195774
12354,0.0004102559760212898
12355,0.000402621750254184
12356,0.0003967279626522213
12357,0.0004952579620294273
12358,0.00033883226569741964
12359,0.00032315097632817924
12360,0.0004154786001890898
12361,0.00040655661723576486
12362,0.0004080641665495932
12363,0.00031988159753382206
12364,0.0005146748735569417
12365,0.00019657934899441898
12366,0.0003799186088144779
12367,0.00037042630719952285
12368,0.00032149197068065405
12369,0.0004541300586424768
12370,0.0004987216670997441
12371,0.0004950595321133733
12372,0.0003153551951982081
12373,0.00032090279273688793
12374,0.0003498443984426558
12375,0.00031550286803394556
12376,0.000387580570532009
12377,0.00044260144932195544
12378,0.00032601860584691167
12379,0.0003161142230965197
12380,0.00024311878951266408
12381,0.00042116307304240763
12382,0.00027394085191190243
12383,0.00030220785993151367
12384,0.00026819741469807923
12385,0.00028445798670873046
12386,0.0005121642607264221
12387,0.00038301717722788453
12388,0.00044888665433973074
12389,0.0004796395660378039
12390,0.0004404231149237603
12391,0.0006071276729926467
12392,0.00041077504283748567
12393,0.0002847975993063301
12394,0.000377341901184991
12395,0.00025900904438458383
12396,0.0003968639357481152
12397,0.0003843337472062558
12398,0.0005039689131081104
12399,0.00045240679173730314
12400,0.00045809836592525244
12401,0.00027948003844358027
12402,0.0004749927611555904
12403,0.0004131508758291602
12404,0.0003720371169038117
12405,0.0002866659197025001
12406,0.00040820403955876827
12407,0.00030286191031336784
12408,0.00046123479842208326
12409,0.0008441617828793824
12410,0.00036278131301514804
12411,0.0004209179023746401
12412,0.00031666268478147686
12413,0.0003922133182641119
12414,0.0003725499555002898
12415,0.0003562010533642024
12416,0.00036584294866770506
12417,0.0003640578070189804
12418,0.0003193539450876415
12419,0.0003589645493775606
12420,0.0002684199425857514
12421,0.0003283185069449246
12422,0.0003840348799712956
12423,0.00038538366788998246
12424,0.00029906429699622095
12425,0.00031337805557996035
12426,0.000450346153229475
12427,0.00037745910231024027
12428,0.00038595395744778216
12429,0.0003642907249741256
12430,0.00040164729580283165
12431,0.00027932494413107634
12432,0.0003103378985542804
12433,0.0003482478787191212
12434,0.00029737898148596287
12435,0.0004102567909285426
12436,0.0005116750253364444
12437,0.00027698109624907374
12438,0.0003141282359138131
12439,0.000377396063413471
12440,0.0005079364636912942
12441,0.0002685756189748645
12442,0.00027114435215480626
12443,0.00046297756489366293
12444,0.00030273880111053586
12445,0.00035308452788740396
12446,0.0003971592232119292
12447,0.00030027725733816624
12448,0.0004430848057381809
12449,0.0003523076302371919
12450,0.0002930683549493551
12451,0.0003606212849263102
12452,0.00040818678098730743
12453,0.0003785056760534644
12454,0.0004561312380246818
12455,0.0003656639310065657
12456,0.0003605040255934
12457,0.0004369823436718434
12458,0.0002789348072838038
12459,0.00040909016388468444
12460,0.00034748201142065227
12461,0.000515861320309341
12462,0.0003925071214325726
12463,0.0002891667827498168
12464,0.00047099735820665956
12465,0.0003496231511235237
12466,0.0003080707392655313
12467,0.0003851464425679296
12468,0.00044014761806465685
12469,0.00039500658749602735
12470,0.0002990037319250405
12471,0.0002661067992448807
12472,0.0003112326085101813
12473,0.00034564652014523745
12474,0.0004350060480646789
12475,0.0004605169815476984
12476,0.000415703805629164
12477,0.0002619242877699435
12478,0.0002716071903705597
12479,0.0003472963871899992
12480,0.00033542257733643055
12481,0.00036103202728554606
12482,0.00035601630224846303
12483,0.0004180093528702855
12484,0.00047805713256821036
12485,0.00036257156170904636
12486,0.0004565255658235401
12487,0.00035502618993632495
12488,0.0002746453392319381
12489,0.0003317386144772172
12490,0.0003976347215939313
12491,0.0002940678095910698
12492,0.00041309211519546807
12493,0.00041780355968512595
12494,0.00038521827082149684
12495,0.0003849296481348574
12496,0.00034143668017350137
12497,0.0006214049644768238
12498,0.0002485534059815109
12499,0.00027452546055428684
12500,0.00029833096778020263
12501,0.0003958679153583944
12502,0.00027492755907587707
12503,0.0004006433009635657
12504,0.0005781117943115532
12505,0.000464641343569383
12506,0.0003965349751524627
12507,0.0003406945907045156
12508,0.00033855720539577305
12509,0.0002894180070143193
12510,0.0005143453599885106
12511,0.00027086876798421144
12512,0.00038340422906912863
12513,0.0004879413463640958
12514,0.0003461308660916984
12515,0.0003096835280302912
12516,0.0004207616439089179
12517,0.0003349540929775685
12518,0.00030610093381255865
12519,0.0003181207866873592
12520,0.0003028081846423447
12521,0.0005323030636645854
12522,0.00026092625921592116
12523,0.00030544903711415827
12524,0.000412231485825032
12525,0.00035601682611741126
12526,0.00031007331563159823
12527,0.00026088167214766145
12528,0.0005813884199596941
12529,0.0003369163896422833
12530,0.0003126776427961886
12531,0.00034975921153090894
12532,0.0005073853535577655
12533,0.0005778063787147403
12534,0.00034959858749061823
12535,0.0004397545417305082
12536,0.0005470457253977656
12537,0.0006241267547011375
12538,0.0004437143506947905
12539,0.0004062147927470505
12540,0.0004138363874517381
12541,0.0002662837505340576
12542,0.00034949451219290495
12543,0.0003169496776536107
12544,0.00033424998400732875
12545,0.0003050158265978098
12546,0.0005510923801921308
12547,0.000327447458403185
12548,0.0003131586709059775
12549,0.0002955970703624189
12550,0.00041528651490807533
12551,0.0004533566243480891
12552,0.0004506314580794424
12553,0.000372216512914747
12554,0.0005830000154674053
12555,0.0004410412802826613
12556,0.0003445050388108939
12557,0.0004807730729226023
12558,0.0004954726318828762
12559,0.0003008005442097783
12560,0.000496516702696681
12561,0.0003456617414485663
12562,0.00026276183780282736
12563,0.00032894083415158093
12564,0.0004263373266439885
12565,0.0003895753179676831
12566,0.00029424071544781327
12567,0.00046141131315380335
12568,0.0003248807042837143
12569,0.0003619639319367707
12570,0.0003753614437300712
12571,0.0004490228311624378
12572,0.0003784814034588635
12573,0.00026581119163893163
12574,0.00024987017968669534
12575,0.0003228209097869694
12576,0.00033519946737214923
12577,0.0003501815954223275
12578,0.00033221140620298684
12579,0.0003464164910838008
12580,0.00036677171010524035
12581,0.00040378764970228076
12582,0.0005144401802681386
12583,0.0006224345997907221
12584,0.000495188229251653
12585,0.0003345243167132139
12586,0.000330655399011448
12587,0.000331825198372826
12588,0.00025573757011443377
12589,0.0002700515906326473
12590,0.0003512976400088519
12591,0.0004420554614625871
12592,0.00036913290387019515
12593,0.00042826065327972174
12594,0.00036480979179032147
12595,0.0005501921405084431
12596,0.0003973613493144512
12597,0.0003984178474638611
12598,0.00031716874218545854
12599,0.0003647037083283067
12600,0.0003180726489517838
12601,0.0003547540109138936
12602,0.00040940544568002224
12603,0.0004320054140407592
12604,0.0003185334207955748
12605,0.00037854607217013836
12606,0.00044636710663326085
12607,0.0006009911303408444
12608,0.0003264278348069638
12609,0.0002635638229548931
12610,0.0004171805048827082
12611,0.00034548877738416195
12612,0.0004254613595549017
12613,0.0004225180309731513
12614,0.00034637138014659286
12615,0.0003212554147467017
12616,0.00046329208998940885
12617,0.0004967166460119188
12618,0.00031964833033271134
12619,0.00040222416282631457
12620,0.00025011898833326995
12621,0.00045213926932774484
12622,0.0003117179439868778
12623,0.0004223957075737417
12624,0.0002890760370064527
12625,0.00047897323383949697
12626,0.000516661093570292
12627,0.00029121313127689064
12628,0.00036500574788078666
12629,0.00028247295995242894
12630,0.0004032667202409357
12631,0.0005701489862985909
12632,0.00040369704947806895
12633,0.0002975315146613866
12634,0.0003669697034638375
12635,0.0004623970889952034
12636,0.000316931662382558
12637,0.00042785651748999953
12638,0.0005771765136159956
12639,0.0003290208987891674
12640,0.0004275237733963877
12641,0.00032488425495103
12642,0.00035256706178188324
12643,0.00031687968294136226
12644,0.0002852208272088319
12645,0.0002319342747796327
12646,0.00030306444386951625
12647,0.00026249949587509036
12648,0.0005127844633534551
12649,0.0003498978621792048
12650,0.000368941982742399
12651,0.0003254732582718134
12652,0.000460820592707023
12653,0.0005344068631529808
12654,0.0003092515980824828
12655,0.0007142281392589211
12656,0.00029611276113428175
12657,0.00034849796793423593
12658,0.0003393369261175394
12659,0.0004318513092584908
12660,0.0003027414495591074
12661,0.00034905236680060625
12662,0.00026258817524649203
12663,0.00030647063977085054
12664,0.0006162596400827169
12665,0.0003846347099170089
12666,0.0002807638666126877
12667,0.0003115005965810269
12668,0.00030251615680754185
12669,0.00039088589255698025
12670,0.00033685765811242163
12671,0.0005158294225111604
12672,0.00035932561149820685
12673,0.000499412533827126
12674,0.00023218305432237685
12675,0.00026140431873500347
12676,0.00040903245098888874
12677,0.0003142560017295182
12678,0.0003493695112410933
12679,0.000313423341140151
12680,0.00023666131892241538
12681,0.0003351234190631658
12682,0.0006374548538587987
12683,0.0004017474129796028
12684,0.00025763356825336814
12685,0.0003876842965837568
12686,0.0002713481371756643
12687,0.0003326201986055821
12688,0.00030921775032766163
12689,0.0003627441474236548
12690,0.0003321188851259649
12691,0.000324054853990674
12692,0.00035504912375472486
12693,0.0002949241898022592
12694,0.00032384018413722515
12695,0.000279643660178408
12696,0.00042490052874200046
12697,0.0003855317481793463
12698,0.0002742029319051653
12699,0.0003742857661563903
12700,0.0003401008143555373
12701,0.00023493669868912548
12702,0.0004682794969994575
12703,0.000391228124499321
12704,0.0003311944310553372
12705,0.0002922483836300671
12706,0.00034510254045017064
12707,0.00025188602739945054
12708,0.00037003206671215594
12709,0.0002793882158584893
12710,0.0005520798149518669
12711,0.0003606086247600615
12712,0.00044455614988692105
12713,0.00038967962609604
12714,0.00045339277130551636
12715,0.0002597194106783718
12716,0.0003390377096366137
12717,0.0004552145837806165
12718,0.0003124256618320942
12719,0.00033249822445213795
12720,0.0002993033267557621
12721,0.00032855404424481094
12722,0.00030431474442593753
12723,0.0004551842575892806
12724,0.0004085043619852513
12725,0.0003876301343552768
12726,0.0003657650377135724
12727,0.0002817937929648906
12728,0.0003521274193190038
12729,0.0004173003835603595
12730,0.00040049789822660387
12731,0.000323218060657382
12732,0.00026666713529266417
12733,0.0005529435584321618
12734,0.0003083920164499432
12735,0.000282759458059445
12736,0.00042675735312514007
12737,0.0003190726274624467
12738,0.00034514855360612273
12739,0.0003574842994567007
12740,0.0004462676006369293
12741,0.00031065274379216135
12742,0.0003653005405794829
12743,0.0004006142553407699
12744,0.00039890751941129565
12745,0.00036053196527063847
12746,0.00030855866498313844
12747,0.00032773963175714016
12748,0.00038632703945040703
12749,0.00032817950705066323
12750,0.0003033711400348693
12751,0.00032745805219747126
12752,0.00035988737363368273
12753,0.000313632219331339
12754,0.0002639480517245829
12755,0.0003339223621878773
12756,0.0005107013275846839
12757,0.0002435175993014127
12758,0.00028354351525194943
12759,0.00030345533741638064
12760,0.0003289598098490387
12761,0.0003581614000722766
12762,0.00040706616709940135
12763,0.0003302606346551329
12764,0.0003172211581841111
12765,0.00042439979733899236
12766,0.00034483472700230777
12767,0.0002857937361113727
12768,0.0002682039048522711
12769,0.0003702258982229978
12770,0.00036128697684034705
12771,0.0003777014499064535
12772,0.00032335103605873883
12773,0.00040415479452349246
12774,0.000294121156912297
12775,0.00022342073498293757
12776,0.000311464216792956
12777,0.0003086645738221705
12778,0.00044288497883826494
12779,0.00045778165804222226
12780,0.00043851096415892243
12781,0.00045333406887948513
12782,0.0003105355426669121
12783,0.00028429957455955446
12784,0.0002601354499347508
12785,0.0003740472602657974
12786,0.0004463162913452834
12787,0.0005440536187961698
12788,0.0002947710163425654
12789,0.0003179575433023274
12790,0.00033737748162820935
12791,0.0003824531740974635
12792,0.00025932746939361095
12793,0.0003152861900161952
12794,0.0003529665991663933
12795,0.00043650370207615197
12796,0.0003987527743447572
12797,0.00032471277518197894
12798,0.0003042587486561388
12799,0.00030024698935449123
12800,0.0004689475754275918
12801,0.0002856890787370503
12802,0.00032801591441966593
12803,0.0003547102678567171
12804,0.0003673054452519864
12805,0.00026196023100055754
12806,0.0003680148802231997
12807,0.0002932131465058774
12808,0.0003960292087867856
12809,0.00034115006565116346
12810,0.0003681262314785272
12811,0.00036934702075086534
12812,0.00043261752580292523
12813,0.0003806747554335743
12814,0.0003599510237108916
12815,0.0003190382558386773
12816,0.0003298586525488645
12817,0.00026932524633593857
12818,0.0003801782731898129
12819,0.0003279195516370237
12820,0.0003533057461027056
12821,0.00033998931758105755
12822,0.00041239531128667295
12823,0.00030702652293257415
12824,0.00034385884646326303
12825,0.00036891744821332395
12826,0.0003600096970330924
12827,0.0003627139376476407
12828,0.0004010505217593163
12829,0.00031142644002102315
12830,0.000460473180282861
12831,0.000321185594657436
12832,0.00036032829666510224
12833,0.00048044079449027777
12834,0.00046611743164248765
12835,0.0003187963447999209
12836,0.0004607463488355279
12837,0.00036544003523886204
12838,0.00028212586767040193
12839,0.00040110936970449984
12840,0.0003335221263114363
12841,0.00040445898775942624
12842,0.0003402403963264078
12843,0.00031833810498937964
12844,0.00034682435216382146
12845,0.0003486617933958769
12846,0.0002982711012009531
12847,0.00028579699574038386
12848,0.0005210210219956934
12849,0.00033829116728156805
12850,0.0005582870217040181
12851,0.00046938014565967023
12852,0.0003698314249049872
12853,0.0003169488627463579
12854,0.00026976095978170633
12855,0.000438640417996794
12856,0.00027669555856846273
12857,0.0004837512969970703
12858,0.00047926389379426837
12859,0.0004046999092679471
12860,0.00037573548615910113
12861,0.00037933775456622243
12862,0.0004710933717433363
12863,0.0005070818006061018
12864,0.00032092834590002894
12865,0.0003307458246126771
12866,0.00040037246071733534
12867,0.0003701232490129769
12868,0.00040912750409916043
12869,0.00036982374149374664
12870,0.00026486694696359336
12871,0.00026981637347489595
12872,0.0003778712125495076
12873,0.0004504664975684136
12874,0.000498022127430886
12875,0.00027513198438100517
12876,0.00025661379913799465
12877,0.00042666788795031607
12878,0.0003680633963085711
12879,0.000514565734192729
12880,0.00029520204407162964
12881,0.0003272414323873818
12882,0.0004073340096510947
12883,0.00028739438857883215
12884,0.0002914073411375284
12885,0.00036148031358607113
12886,0.00038781153853051364
12887,0.0004499652422964573
12888,0.00043772257049568
12889,0.0002906278823502362
12890,0.00029301177710294724
12891,0.00034507393138483167
12892,0.0003506353823468089
12893,0.00027931027580052614
12894,0.00041695122490637004
12895,0.00044422983773984015
12896,0.00040144307422451675
12897,0.0003755029756575823
12898,0.0005506995948962867
12899,0.00033355513005517423
12900,0.0003299074596725404
12901,0.00032946208375506103
12902,0.00022167681891005486
12903,0.0004374799318611622
12904,0.0004023507353849709
12905,0.00038638190017081797
12906,0.00042289216071367264
12907,0.00029447569977492094
12908,0.0004280873981770128
12909,0.0004246370808687061
12910,0.00031085923546925187
12911,0.0004989092703908682
12912,0.0002737178874667734
12913,0.0003158617182634771
12914,0.00034613587195053697
12915,0.0003138258762191981
12916,0.00038407102692872286
12917,0.00028569670394062996
12918,0.0004235325613990426
12919,0.00036802951944991946
12920,0.0003643918316811323
12921,0.0004259914858266711
12922,0.0003363040159456432
12923,0.0004373874398879707
12924,0.00040689954767003655
12925,0.0005382567760534585
12926,0.00027489790227264166
12927,0.00033088630880229175
12928,0.00029713474214076996
12929,0.00025196821661666036
12930,0.00024560964084230363
12931,0.00036419156822375953
12932,0.0003522052429616451
12933,0.0003546822408679873
12934,0.0003409101045690477
12935,0.0003021270676981658
12936,0.00037041999166831374
12937,0.00032989229657687247
12938,0.000282514956779778
12939,0.0003871440712828189
12940,0.00044485784019343555
12941,0.00044621186680160463
12942,0.000274190038908273
12943,0.0003860675496980548
12944,0.0003976865846198052
12945,0.0004485660756472498
12946,0.00027165288338437676
12947,0.00040460715536028147
12948,0.0004935809411108494
12949,0.00046825557365082204
12950,0.0003255410410929471
12951,0.0005015695351175964
12952,0.0005352355074137449
12953,0.00027503378805704415
12954,0.00039360622758977115
12955,0.0005484418943524361
12956,0.00031725651933811605
12957,0.0005583976744674146
12958,0.00030868349131196737
12959,0.0004288791387807578
12960,0.0005136035033501685
12961,0.0003706113202497363
12962,0.0003378787077963352
12963,0.00037518900353461504
12964,0.0003195726021658629
12965,0.0003966248477809131
12966,0.00030924013117328286
12967,0.00048284672084264457
12968,0.00039130932418629527
12969,0.0003248733701184392
12970,0.00032086120336316526
12971,0.0005343641387298703
12972,0.0002946052991319448
12973,0.0005092532373964787
12974,0.0002925233275163919
12975,0.00027601124020293355
12976,0.0002774659951683134
12977,0.00040544773219153285
12978,0.00039152370300143957
12979,0.00043987203389406204
12980,0.0003403258160687983
12981,0.00022870769316796213
12982,0.00034508289536461234
12983,0.0004490625869948417
12984,0.0003715224447660148
12985,0.00039239766192622483
12986,0.00036224632640369236
12987,0.00028973756707273424
12988,0.0002874399651773274
12989,0.00036050606286153197
12990,0.00024058794951997697
12991,0.0003760671825148165
12992,0.00037318383692763746
12993,0.00024271619622595608
12994,0.0003279051452409476
12995,0.00040737242670729756
12996,0.00033034704392775893
12997,0.00037345863529480994
12998,0.0003723776317201555
12999,0.0003816097741946578
13000,0.00025499711045995355
13001,0.00029950132011435926
13002,0.00030331339803524315
13003,0.0005813893512822688
13004,0.0004105402622371912
13005,0.0003091779362875968
13006,0.0004267288895789534
13007,0.0002602760505396873
13008,0.0003541907644830644
13009,0.0003519521269481629
13010,0.0002930138143710792
13011,0.00030837280792184174
13012,0.00031227979343384504
13013,0.00029879927751608193
13014,0.0005883143749088049
13015,0.000390533241443336
13016,0.0002627155336085707
13017,0.0002916769008152187
13018,0.00028445274801924825
13019,0.000295279489364475
13020,0.0003637571644503623
13021,0.0008126153261400759
13022,0.0004211439227219671
13023,0.0004108477442059666
13024,0.0003744780842680484
13025,0.0003203070955350995
13026,0.00046637217747047544
13027,0.000352627772372216
13028,0.0003271367750130594
13029,0.0003529739333316684
13030,0.0005501250270754099
13031,0.0002499545516911894
13032,0.0004570371238514781
13033,0.00023397448239848018
13034,0.0003343859571032226
13035,0.0004362870240584016
13036,0.00046796913375146687
13037,0.00044987775618210435
13038,0.0002978466509375721
13039,0.0003503967891447246
13040,0.00037540183984674513
13041,0.00038361185579560697
13042,0.0006680113147012889
13043,0.0002829082077369094
13044,0.0003368965699337423
13045,0.00041547309956513345
13046,0.0003369617916177958
13047,0.00033402504050172865
13048,0.0003651549923233688
13049,0.0003024234320037067
13050,0.00031301024137064815
13051,0.0003190544084645808
13052,0.0002503839787095785
13053,0.00038149519241414964
13054,0.00036766318953596056
13055,0.00030291880830191076
13056,0.00032755895517766476
13057,0.0002928239991888404
13058,0.00045119717833586037
13059,0.0002921346458606422
13060,0.0002188925282098353
13061,0.00030114754918031394
13062,0.0003617537149693817
13063,0.00043723988346755505
13064,0.00026975327637046576
13065,0.0003371023922227323
13066,0.0003339294926263392
13067,0.00032346672378480434
13068,0.00025941472267732024
13069,0.0002900973486248404
13070,0.0002979226701427251
13071,0.00034096630406565964
13072,0.00032971648033708334
13073,0.0002514106163289398
13074,0.0005217885482124984
13075,0.00034362252335995436
13076,0.0003342634881846607
13077,0.0002786470577120781
13078,0.00035021945950575173
13079,0.00038140558172017336
13080,0.0003636966284830123
13081,0.000258434476563707
13082,0.0002731028071139008
13083,0.0003766088921111077
13084,0.0003457420680206269
13085,0.00027018930995836854
13086,0.0003001511504407972
13087,0.000356944598024711
13088,0.00035764314816333354
13089,0.00025324392481707036
13090,0.00045704274089075625
13091,0.00043682006071321666
13092,0.0003686899726744741
13093,0.0004101980593986809
13094,0.0004180280084256083
13095,0.0003294658672530204
13096,0.00028417923022061586
13097,0.0004009139083791524
13098,0.0004893955774605274
13099,0.00033501270809210837
13100,0.0002614943077787757
13101,0.0003758063539862633
13102,0.0003854942915495485
13103,0.00031413231045007706
13104,0.000244567432673648
13105,0.0002570645010564476
13106,0.0002958713739644736
13107,0.00036515554529614747
13108,0.0004240574489813298
13109,0.00029546700534410775
13110,0.0003039322036784142
13111,0.0002349707792745903
13112,0.0003532815317157656
13113,0.0003017404524143785
13114,0.0005396935739554465
13115,0.0002461155236233026
13116,0.00035102516994811594
13117,0.0002828229917213321
13118,0.00047884800005704165
13119,0.0004824170027859509
13120,0.00033121134038083255
13121,0.00029093760531395674
13122,0.0005923670832999051
13123,0.0003546431253198534
13124,0.00031907937955111265
13125,0.0003485181659925729
13126,0.0005666607175953686
13127,0.0003130647528450936
13128,0.0004500230133999139
13129,0.0002848666626960039
13130,0.0002877289371099323
13131,0.000519649067427963
13132,0.00034345409949310124
13133,0.0003842223668470979
13134,0.00034925038926303387
13135,0.0005491890478879213
13136,0.00029249698854982853
13137,0.0002978297125082463
13138,0.00027092971140518785
13139,0.0002804635150823742
13140,0.00023991864873096347
13141,0.0004475012538023293
13142,0.0004597203223966062
13143,0.00045725860400125384
13144,0.0004832556005567312
13145,0.00035193259827792645
13146,0.0002797913912218064
13147,0.00032899389043450356
13148,0.00039043882861733437
13149,0.00029457738855853677
13150,0.00041706301271915436
13151,0.0003240468504372984
13152,0.0003542622725944966
13153,0.00035765409120358527
13154,0.00030397152295336127
13155,0.00033364203409291804
13156,0.0002914908982347697
13157,0.0003142597561236471
13158,0.00032976680085994303
13159,0.0003598628391046077
13160,0.00031404479523189366
13161,0.00031997967744246125
13162,0.0002627845387905836
13163,0.00034158420749008656
13164,0.00026303634513169527
13165,0.00029044749680906534
13166,0.00029242158052511513
13167,0.0002901070984080434
13168,0.00033354145125485957
13169,0.0003727940493263304
13170,0.00043814393575303257
13171,0.00044279295252636075
13172,0.0003947245131712407
13173,0.0003102053015027195
13174,0.0003309854364488274
13175,0.00036937155527994037
13176,0.00029644527239724994
13177,0.0002452048356644809
13178,0.0002791648148559034
13179,0.000412504596170038
13180,0.0003065531200263649
13181,0.00025102472864091396
13182,0.00039942405419424176
13183,0.00029919345979578793
13184,0.0005743500078096986
13185,0.0005488615133799613
13186,0.00033844655263237655
13187,0.0003460055449977517
13188,0.00037295775837264955
13189,0.00031664734706282616
13190,0.0003179005580022931
13191,0.00048757228069007397
13192,0.00035084260161966085
13193,0.0004096554475836456
13194,0.00044597432133741677
13195,0.00039660243783146143
13196,0.0003388062468729913
13197,0.0003029928484465927
13198,0.00030390755273401737
13199,0.00035365860094316304
13200,0.0003079238813370466
13201,0.00032006652327254415
13202,0.00041843383223749697
13203,0.00027655967278406024
13204,0.00025618524523451924
13205,0.00026328625972382724
13206,0.0003698419313877821
13207,0.0002561001165304333
13208,0.0003450669173616916
13209,0.0002597901620902121
13210,0.0003512641997076571
13211,0.00035425956593826413
13212,0.0002924812724813819
13213,0.00033475799136795104
13214,0.0003655498439911753
13215,0.0003152830759063363
13216,0.0004413706192281097
13217,0.000364444189472124
13218,0.00038365740329027176
13219,0.0003358525864314288
13220,0.0003038315044250339
13221,0.0004056823381688446
13222,0.0003785286389756948
13223,0.0004505683318711817
13224,0.0004467789549380541
13225,0.0004247526521794498
13226,0.000293027056613937
13227,0.0003791831841226667
13228,0.00028225063579156995
13229,0.0002713291032705456
13230,0.0003278511285316199
13231,0.00044150149915367365
13232,0.0004122863174416125
13233,0.00031165318796411157
13234,0.00031684027635492384
13235,0.0003113613638561219
13236,0.0003398624248802662
13237,0.00036666609230451286
13238,0.0004594846395775676
13239,0.0004667075118049979
13240,0.0003162984794471413
13241,0.00043312940397299826
13242,0.0003502202744130045
13243,0.0004416140727698803
13244,0.0003091558173764497
13245,0.00028188410215079784
13246,0.000419261516071856
13247,0.0003586607926990837
13248,0.00029807869577780366
13249,0.0003516994183883071
13250,0.0003652457089629024
13251,0.0004701372527051717
13252,0.0003216477925889194
13253,0.000418651761719957
13254,0.00045342184603214264
13255,0.00044683043961413205
13256,0.0002666325308382511
13257,0.00030257771140895784
13258,0.00035945852869190276
13259,0.00030439766123890877
13260,0.0002910465409513563
13261,0.000489849888253957
13262,0.00025981440558098257
13263,0.0002853508049156517
13264,0.0003122992638964206
13265,0.0003192491130903363
13266,0.00037989497650414705
13267,0.00044061869266442955
13268,0.0004081590159330517
13269,0.0003584329679142684
13270,0.0003143959620501846
13271,0.00028792774537578225
13272,0.00031073857098817825
13273,0.0004145833372604102
13274,0.00035716951242648065
13275,0.0002705447841435671
13276,0.0005470948526635766
13277,0.0005302907666191459
13278,0.00033933966187760234
13279,0.000305859895888716
13280,0.00035519403172656894
13281,0.000309940631268546
13282,0.00031441368628293276
13283,0.00027194307767786086
13284,0.0004115889605600387
13285,0.00023587097530253232
13286,0.0002834548940882087
13287,0.00035555739304982126
13288,0.00026102890842594206
13289,0.00032433244632557034
13290,0.00040742289274930954
13291,0.00038955433410592377
13292,0.00026815725141204894
13293,0.00025087560061365366
13294,0.00042855358333326876
13295,0.0004438449686858803
13296,0.00035061704693362117
13297,0.000303291657473892
13298,0.0004097256751265377
13299,0.00036996518610976636
13300,0.0003321919939480722
13301,0.0003538442251738161
13302,0.0003679059154819697
13303,0.00029014202300459146
13304,0.0004108641005586833
13305,0.00041730504017323256
13306,0.0004888746771030128
13307,0.00040703261038288474
13308,0.00032136315712705255
13309,0.0004793585685547441
13310,0.00031511380802839994
13311,0.0003686710842885077
13312,0.00047895382158458233
13313,0.0003244162362534553
13314,0.00039048088365234435
13315,0.00030075886752456427
13316,0.00032059839577414095
13317,0.00035386314266361296
13318,0.0003183043154422194
13319,0.0004337488499004394
13320,0.00026010911096818745
13321,0.0003506322973407805
13322,0.0003376927925273776
13323,0.00025796183035708964
13324,0.0003746496222447604
13325,0.00037194814649410546
13326,0.00032528527663089335
13327,0.0005318323383107781
13328,0.0002613414835650474
13329,0.00045480005792342126
13330,0.00031324540032073855
13331,0.00039833394112065434
13332,0.00029819339397363365
13333,0.0002617055724840611
13334,0.0003807823813986033
13335,0.00042985627078451216
13336,0.00036903496948070824
13337,0.0003872072556987405
13338,0.0003481699386611581
13339,0.00040408974746242166
13340,0.0002570208453107625
13341,0.00027363101253286004
13342,0.00033458074904046953
13343,0.0003210616414435208
13344,0.0005898733506910503
13345,0.000369619665434584
13346,0.0003833109512925148
13347,0.0002963065344374627
13348,0.0003653739986475557
13349,0.0003055275010410696
13350,0.0005015342030674219
13351,0.0002858143125195056
13352,0.00039538799319416285
13353,0.0003914842673111707
13354,0.00034605737891979516
13355,0.0003503463522065431
13356,0.00036090301000513136
13357,0.0003331643820274621
13358,0.0002773116866592318
13359,0.00033282206277363
13360,0.000386084895581007
13361,0.00028619603835977614
13362,0.0003579634358175099
13363,0.00033894716762006283
13364,0.0003373454965185374
13365,0.00044651294592767954
13366,0.0003362004063092172
13367,0.00033834687201306224
13368,0.00047354630078189075
13369,0.00028351854416541755
13370,0.0003879643918480724
13371,0.0003994368016719818
13372,0.0002501166018191725
13373,0.00025689322501420975
13374,0.00031376039260067046
13375,0.00026538793463259935
13376,0.0002715084992814809
13377,0.00035711011150851846
13378,0.0003701512177940458
13379,0.00028993652085773647
13380,0.00038612354546785355
13381,0.0003345310396980494
13382,0.000409310421673581
13383,0.00024860032135620713
13384,0.0005001489771530032
13385,0.00046238803770393133
13386,0.00036611626273952425
13387,0.000452164065791294
13388,0.0003144720976706594
13389,0.00028251405456103384
13390,0.0003770796465687454
13391,0.0002901898988056928
13392,0.00033222706406377256
13393,0.00044869710109196603
13394,0.00034571357537060976
13395,0.00031237531220540404
13396,0.00044543546391651034
13397,0.00044545065611600876
13398,0.00035258353454992175
13399,0.00039299801574088633
13400,0.00033621166949160397
13401,0.000337226694682613
13402,0.0002941006969194859
13403,0.0003201924264431
13404,0.00043083008495159447
13405,0.00040548271499574184
13406,0.0003695859631989151
13407,0.0003938941808883101
13408,0.0003103302151430398
13409,0.0003952983533963561
13410,0.0003009859356097877
13411,0.0004394591960590333
13412,0.0003074173291679472
13413,0.00037454284029081464
13414,0.0003594021254684776
13415,0.00022890458058100194
13416,0.0003336841764394194
13417,0.00026737063308246434
13418,0.00030121958116069436
13419,0.00038083200342953205
13420,0.00035176609526388347
13421,0.0004054695018567145
13422,0.0005271891131997108
13423,0.000354162126313895
13424,0.00029252850799821317
13425,0.0004769241495523602
13426,0.00027731541194953024
13427,0.0004677566175814718
13428,0.0003163002838846296
13429,0.00038688461063429713
13430,0.00045654139830730855
13431,0.0002735605521593243
13432,0.000302820757497102
13433,0.0005221798783168197
13434,0.0006020176224410534
13435,0.0003337587113492191
13436,0.00031867160578258336
13437,0.0002881161926779896
13438,0.0002691754198167473
13439,0.0003050400409847498
13440,0.000392863352317363
13441,0.0003257239586673677
13442,0.00034866202622652054
13443,0.0002805868862196803
13444,0.000328103982610628
13445,0.0002959009725600481
13446,0.0003325379511807114
13447,0.00046424532774835825
13448,0.0003277810465078801
13449,0.0004358964506536722
13450,0.00035578644019551575
13451,0.0004121876845601946
13452,0.0002596569829620421
13453,0.0004253425868228078
13454,0.0004600746324285865
13455,0.00028855245909653604
13456,0.0002599680155981332
13457,0.000561567721888423
13458,0.000395441020373255
13459,0.0002759931958280504
13460,0.00032024175743572414
13461,0.00032979738898575306
13462,0.00028817830025218427
13463,0.00032433553133159876
13464,0.00034503714414313436
13465,0.0003569402324501425
13466,0.000286490743746981
13467,0.00037353773950599134
13468,0.0003494918055366725
13469,0.0004530354344751686
13470,0.0003708191798068583
13471,0.0002859850355889648
13472,0.00027094510733149946
13473,0.0001981551176868379
13474,0.00045100244460627437
13475,0.0003050256345886737
13476,0.00034923088969662786
13477,0.00027999133453704417
13478,0.0004281642904970795
13479,0.0002695140428841114
13480,0.0003686013806145638
13481,0.00032162124989554286
13482,0.00034264923306182027
13483,0.00025453316629864275
13484,0.00033244414953514934
13485,0.0002525625459384173
13486,0.00026963019627146423
13487,0.0003851921355817467
13488,0.0003753997734747827
13489,0.000305372552247718
13490,0.00043258440564386547
13491,0.0003252121969126165
13492,0.000379457778763026
13493,0.0003173717122990638
13494,0.0002445523568894714
13495,0.00027285702526569366
13496,0.00037817470729351044
13497,0.0003312340995762497
13498,0.00036971765803173184
13499,0.00029435017495416105
13500,0.00033534265821799636
13501,0.0004400207253638655
13502,0.0003211119619663805
13503,0.0004753186658490449
13504,0.0003559639153536409
13505,0.0003409441269468516
13506,0.0003543209168128669
13507,0.00029667545459233224
13508,0.00031816394766792655
13509,0.0002900367835536599
13510,0.0004264394810888916
13511,0.0005388986901380122
13512,0.00047573482152074575
13513,0.00028476802981458604
13514,0.00035177901736460626
13515,0.0003624690289143473
13516,0.0002980601566378027
13517,0.00034913746640086174
13518,0.00031563706579618156
13519,0.0003192368312738836
13520,0.0003587392857298255
13521,0.00041150033939629793
13522,0.0003314206260256469
13523,0.00027232093270868063
13524,0.0002844777482096106
13525,0.0005265115178190172
13526,0.000382404716219753
13527,0.00031591232982464135
13528,0.000249922217335552
13529,0.0003721193934325129
13530,0.00029870535945519805
13531,0.00037189797149039805
13532,0.0003614148881752044
13533,0.000279119994957
13534,0.0002526931930333376
13535,0.0004006912640761584
13536,0.00041351947584189475
13537,0.0003715145285241306
13538,0.00048058689571917057
13539,0.000281812361208722
13540,0.00024435718660242856
13541,0.0003663917013909668
13542,0.0005303149810060859
13543,0.0002796128101181239
13544,0.00030369489104487
13545,0.00029040162917226553
13546,0.00044976125354878604
13547,0.00032980789546854794
13548,0.00034566730028018355
13549,0.0004042264190502465
13550,0.0003152067365590483
13551,0.00038284287438727915
13552,0.00044837145833298564
13553,0.0003834878734778613
13554,0.0003601783246267587
13555,0.00032415188616141677
13556,0.00043671447201631963
13557,0.0002849283046089113
13558,0.0005195642006583512
13559,0.00028166876290924847
13560,0.0003999053733423352
13561,0.00039350558654405177
13562,0.00037416984559968114
13563,0.00043376206303946674
13564,0.0003996527520939708
13565,0.0003151235287077725
13566,0.0005637313006445765
13567,0.00032604834996163845
13568,0.0002789385325741023
13569,0.0003566081286408007
13570,0.0002873931371141225
13571,0.00034086863161064684
13572,0.00032458678469993174
13573,0.0003612426808103919
13574,0.0003802957362495363
13575,0.00038663315353915095
13576,0.00045229675015434623
13577,0.00032215219107456505
13578,0.00023955832875799388
13579,0.0005009534652344882
13580,0.00034232763573527336
13581,0.0002956879907287657
13582,0.00029943048139102757
13583,0.0003165503730997443
13584,0.0002597952261567116
13585,0.0003355995868332684
13586,0.0003060844028368592
13587,0.0004956659977324307
13588,0.0003349102917127311
13589,0.000262080313405022
13590,0.00033409029128961265
13591,0.00024726358242332935
13592,0.0002986648178193718
13593,0.00045254232827574015
13594,0.000457524205558002
13595,0.0004408863023854792
13596,0.00036892940988764167
13597,0.0004161398683208972
13598,0.0002410570887150243
13599,0.0004178525705356151
13600,0.00030625282670371234
13601,0.00026910315500572324
13602,0.00024274145835079253
13603,0.0004135656636208296
13604,0.00042149992077611387
13605,0.0002959880221169442
13606,0.000328976777382195
13607,0.0004261964641045779
13608,0.00033193404669873416
13609,0.00040023549809120595
13610,0.00034500693436712027
13611,0.00028881558682769537
13612,0.0002753145236056298
13613,0.0004632810887414962
13614,0.00031768230837769806
13615,0.0002855597122106701
13616,0.00032939197262749076
13617,0.0003668870485853404
13618,0.00032964127603918314
13619,0.00036937661934643984
13620,0.0004524363612290472
13621,0.000370323279639706
13622,0.000265249254880473
13623,0.00038467696867883205
13624,0.00040588894626125693
13625,0.0005040881223976612
13626,0.00044962085667066276
13627,0.0003925402706954628
13628,0.00028678859234787524
13629,0.0003068775113206357
13630,0.0003199883212801069
13631,0.00044408204848878086
13632,0.00039315514732152224
13633,0.0004763116885442287
13634,0.0003300351381767541
13635,0.0004224894510116428
13636,0.00023582030553370714
13637,0.0003182406071573496
13638,0.0002995815593749285
13639,0.0003288906591478735
13640,0.00034066769876517355
13641,0.00034080995828844607
13642,0.00039504471351392567
13643,0.00033583870390430093
13644,0.0003277226642239839
13645,0.000287911097984761
13646,0.0005060525727458298
13647,0.00027597672306001186
13648,0.00025199944502674043
13649,0.0005103482399135828
13650,0.0004841902118641883
13651,0.00027274960302747786
13652,0.00026778344181366265
13653,0.00032919534714892507
13654,0.0005606645136140287
13655,0.0003365947341080755
13656,0.0003158879408147186
13657,0.0003568279789760709
13658,0.00028886625659652054
13659,0.00038664627936668694
13660,0.00025529542472213507
13661,0.0002926347078755498
13662,0.000259603577433154
13663,0.0002833950857166201
13664,0.00031186817795969546
13665,0.0003302931145299226
13666,0.0003728218434844166
13667,0.00033387786243110895
13668,0.00027083096210844815
13669,0.0002736920432653278
13670,0.0003552746493369341
13671,0.00037780535058118403
13672,0.00032413878943771124
13673,0.00032279518200084567
13674,0.00031481904443353415
13675,0.00030875587253831327
13676,0.0004210619372315705
13677,0.00038496925844810903
13678,0.00033254094887524843
13679,0.0003053243854083121
13680,0.00029716899734921753
13681,0.00028231003670953214
13682,0.00029146813903935254
13683,0.00027610870893113315
13684,0.00026738602900877595
13685,0.0003043254546355456
13686,0.00038227852201089263
13687,0.0002914786455221474
13688,0.0005098554538562894
13689,0.00037015622365288436
13690,0.00040630309376865625
13691,0.0003469456569291651
13692,0.000337544217472896
13693,0.00027854411746375263
13694,0.0002926421002484858
13695,0.00042840096284635365
13696,0.000272526522167027
13697,0.00031104549998417497
13698,0.00032836751779541373
13699,0.00022485764930024743
13700,0.0003132373676635325
13701,0.00029480489320121706
13702,0.00027179584139958024
13703,0.0003626089310273528
13704,0.000381932535674423
13705,0.0004346983041614294
13706,0.0003162694629281759
13707,0.0003400423738639802
13708,0.00027446908643469214
13709,0.00039888176252134144
13710,0.00027808762388303876
13711,0.00025459667085669935
13712,0.0003953275445383042
13713,0.0002810159348882735
13714,0.0003865697653964162
13715,0.0002575809776317328
13716,0.0004407806263770908
13717,0.0003705606213770807
13718,0.0004454429727047682
13719,0.000314406119287014
13720,0.0002795659238472581
13721,0.0003166722890455276
13722,0.0003320334362797439
13723,0.0002683757629711181
13724,0.00032404297962784767
13725,0.0003149846743326634
13726,0.0003651903534773737
13727,0.0004052962176501751
13728,0.00030401363619603217
13729,0.00024953452521003783
13730,0.00044708853238262236
13731,0.00033701141364872456
13732,0.00027389024035073817
13733,0.0002551377983763814
13734,0.0002871637116186321
13735,0.00032417013426311314
13736,0.0003377690154593438
13737,0.000354117713868618
13738,0.0004020209889858961
13739,0.0003167159447912127
13740,0.0004888710100203753
13741,0.0002541524881962687
13742,0.0003367164172232151
13743,0.000271855853497982
13744,0.00029781897319480777
13745,0.000301617372315377
13746,0.0003691240563057363
13747,0.0004399903700686991
13748,0.00046988442772999406
13749,0.00040169848944060504
13750,0.0003808834298979491
13751,0.0002479687100276351
13752,0.000448481208877638
13753,0.00044918188359588385
13754,0.00047184096183627844
13755,0.0003595627495087683
13756,0.0005595251568593085
13757,0.0004344382614362985
13758,0.00040553061990067363
13759,0.0003172191500198096
13760,0.00038861410575918853
13761,0.0003305385762359947
13762,0.00036340122460387647
13763,0.0002753520093392581
13764,0.0003343675925862044
13765,0.00038545753341168165
13766,0.00028947385726496577
13767,0.00030994738335721195
13768,0.00027380388928577304
13769,0.00026742994668893516
13770,0.00040792013169266284
13771,0.00031745914020575583
13772,0.00031785512692295015
13773,0.00041299761505797505
13774,0.000332789117237553
13775,0.00029557806556113064
13776,0.0003141622873954475
13777,0.0004093146126251668
13778,0.00030025988235138357
13779,0.00028936887974850833
13780,0.0003412713995203376
13781,0.00035868052509613335
13782,0.0003344466385897249
13783,0.00038217194378376007
13784,0.000264539266936481
13785,0.00031068158568814397
13786,0.0003994315047748387
13787,0.00029835119494237006
13788,0.00039629131788387895
13789,0.0002683195925783366
13790,0.0003236452175769955
13791,0.0006691751186735928
13792,0.00037877922295592725
13793,0.0003261480596847832
13794,0.0005219850572757423
13795,0.00046120811020955443
13796,0.0003069950034841895
13797,0.00027511894586496055
13798,0.0002876584476325661
13799,0.0002574569662101567
13800,0.0003689452714752406
13801,0.0006268228171393275
13802,0.00034956299350596964
13803,0.0003964855568483472
13804,0.0003923207987099886
13805,0.00041789692477323115
13806,0.0002969805209431797
13807,0.0003844877064693719
13808,0.00028630983433686197
13809,0.0004077512421645224
13810,0.00035106021095998585
13811,0.00029423891101032495
13812,0.0002857062208931893
13813,0.0002732770226430148
13814,0.00030212951241992414
13815,0.0003004677128046751
13816,0.0003474681871011853
13817,0.0003067709330935031
13818,0.00021734266192652285
13819,0.0002745564852375537
13820,0.00033302020165137947
13821,0.0005000904784537852
13822,0.0003323639102745801
13823,0.0002904353605117649
13824,0.00039670715341344476
13825,0.00040698132943362
13826,0.0003163843066431582
13827,0.00025441806064918637
13828,0.0002388947905274108
13829,0.0002732263528741896
13830,0.00035066730924881995
13831,0.0002738318871706724
13832,0.0002767483238130808
13833,0.0003513949632178992
13834,0.0002972508082166314
13835,0.0002584362227935344
13836,0.0005450697499327362
13837,0.00030364133999682963
13838,0.00037023171898908913
13839,0.0003007410850841552
13840,0.0002935664670076221
13841,0.00031365975155495107
13842,0.00033111227094195783
13843,0.0003211928706150502
13844,0.00030563725158572197
13845,0.0003209642309229821
13846,0.0003557374293450266
13847,0.00046943023335188627
13848,0.00038825254887342453
13849,0.0004337103746365756
13850,0.0005465784925036132
13851,0.0004123827093280852
13852,0.0002741794742178172
13853,0.00028364724130369723
13854,0.0004306213522795588
13855,0.0004438345495145768
13856,0.0006756199290975928
13857,0.000325078668538481
13858,0.00034429418155923486
13859,0.0002589632058516145
13860,0.00027940512518398464
13861,0.00032173210638575256
13862,0.00035404888330958784
13863,0.0002900495019275695
13864,0.0003241055819671601
13865,0.00042498100083321333
13866,0.00037449569208547473
13867,0.00026168322074227035
13868,0.00028259691316634417
13869,0.00036927085602656007
13870,0.000331084243953228
13871,0.00039217990706674755
13872,0.0003147509996779263
13873,0.0003072195977438241
13874,0.0003443569876253605
13875,0.00025288117467425764
13876,0.0003321585536468774
13877,0.0004889018600806594
13878,0.00032240120344795287
13879,0.00031057687010616064
13880,0.00024839467369019985
13881,0.0002441168762743473
13882,0.0003198120102752
13883,0.00026337342569604516
13884,0.00023944048734847456
13885,0.00036500472924672067
13886,0.0003003748133778572
13887,0.00044147868175059557
13888,0.00043720443500205874
13889,0.00028142784140072763
13890,0.0003930881794076413
13891,0.00040111184353008866
13892,0.00028050417313352227
13893,0.00043360795825719833
13894,0.0002998313866555691
13895,0.0005512391217052937
13896,0.000374248658772558
13897,0.00042151997331529856
13898,0.00039191776886582375
13899,0.0004607592709362507
13900,0.00037302912096492946
13901,0.00026360878837294877
13902,0.0003351129125803709
13903,0.0005027409642934799
13904,0.00033323996467515826
13905,0.0003412353398744017
13906,0.00034513731952756643
13907,0.0003493203257676214
13908,0.0003192477161064744
13909,0.0003176613536197692
13910,0.00040961397462524474
13911,0.0003063931653741747
13912,0.0003468421346042305
13913,0.00028972962172701955
13914,0.000384268700145185
13915,0.00033385196002200246
13916,0.00037773384246975183
13917,0.00032700327574275434
13918,0.0003231191949453205
13919,0.00023385700478684157
13920,0.00036346985143609345
13921,0.0002574809768702835
13922,0.00034762718132697046
13923,0.000396284885937348
13924,0.0004908944247290492
13925,0.00028352061053738
13926,0.0004240050620865077
13927,0.0002982704318128526
13928,0.00035222709993831813
13929,0.00031991139985620975
13930,0.0003425940521992743
13931,0.0002900772960856557
13932,0.0003337381058372557
13933,0.0002726307138800621
13934,0.00045756829786114395
13935,0.0003057260764762759
13936,0.0005039983079768717
13937,0.00043246871791779995
13938,0.00029448288842104375
13939,0.00025808639475144446
13940,0.00029289128724485636
13941,0.0003372735227458179
13942,0.0004921190557070076
13943,0.00027368299197405577
13944,0.0003061905154027045
13945,0.00030878119287081063
13946,0.00031292016501538455
13947,0.0004743885656353086
13948,0.0002888156450353563
13949,0.00033464201260358095
13950,0.0002710760454647243
13951,0.00046405819011852145
13952,0.00037146935937926173
13953,0.0002667669905349612
13954,0.00038185357698239386
13955,0.0003319022071082145
13956,0.00045104071614332497
13957,0.00044516095658764243
13958,0.00033100685686804354
13959,0.00032008611015044153
13960,0.0002396782801952213
13961,0.0002665492647793144
13962,0.00041045108810067177
13963,0.00027302835951559246
13964,0.0003290850145276636
13965,0.0005634243134409189
13966,0.0003333516651764512
13967,0.00029085640562698245
13968,0.00039693189319223166
13969,0.00035901612136512995
13970,0.0003788641479332
13971,0.00037309149047359824
13972,0.0003342567943036556
13973,0.00032171112252399325
13974,0.0003739270905498415
13975,0.0002644062042236328
13976,0.0003474776167422533
13977,0.0003856760449707508
13978,0.00030759733635932207
13979,0.00022688585158903152
13980,0.0003447586204856634
13981,0.0003568348765838891
13982,0.0002753917360678315
13983,0.0004586915601976216
13984,0.00035123160341754556
13985,0.00039205100620165467
13986,0.0002819311630446464
13987,0.00033252191497012973
13988,0.0005033787456341088
13989,0.0002873789635486901
13990,0.0002434081834508106
13991,0.00031707383459433913
13992,0.0004093180759809911
13993,0.00024120794842019677
13994,0.00028204545378685
13995,0.00045956356916576624
13996,0.0002643102779984474
13997,0.0002607370843179524
13998,0.00027657230384647846
13999,0.0003244069521315396
14000,0.0006226790137588978
14001,0.0004020237538497895
14002,0.0004233125946484506
14003,0.0002957952383439988
14004,0.0003400194982532412
14005,0.00028301365091465414
14006,0.00031053696875460446
14007,0.00031455582939088345
14008,0.00029605417512357235
14009,0.0004047383845318109
14010,0.0003694973711390048
14011,0.0003371888888068497
14012,0.0004894452868029475
14013,0.0003656287444755435
14014,0.00025643277331255376
14015,0.0003331723855808377
14016,0.0002813667233567685
14017,0.00037138431798666716
14018,0.0003624619566835463
14019,0.0003336633672006428
14020,0.0002986796898767352
14021,0.00023681673337705433
14022,0.00029162070131860673
14023,0.00028507038950920105
14024,0.00033343679388053715
14025,0.0002633191761560738
14026,0.0002184464829042554
14027,0.0002892949269153178
14028,0.0003112786798737943
14029,0.0003029157523997128
14030,0.00038932875031605363
14031,0.00027877799584530294
14032,0.00028229886083863676
14033,0.0004666013701353222
14034,0.0002522784052416682
14035,0.00037308887112885714
14036,0.00032011151779443026
14037,0.0003183037042617798
14038,0.0002708880347199738
14039,0.0004644291184376925
14040,0.0003167515678796917
14041,0.00041523994877934456
14042,0.0003611722495406866
14043,0.00037957364111207426
14044,0.00033367262221872807
14045,0.00027574828709475696
14046,0.00028675550129264593
14047,0.00033350204466842115
14048,0.0003816017124336213
14049,0.0003729626187123358
14050,0.0003022309101652354
14051,0.00026546698063611984
14052,0.0003768460010178387
14053,0.0003371266066096723
14054,0.00034716108348220587
14055,0.00041439535561949015
14056,0.0002487627789378166
14057,0.0003227700653951615
14058,0.0002842186077032238
14059,0.00029691451345570385
14060,0.00043984217336401343
14061,0.0002971153298858553
14062,0.0003629827406257391
14063,0.00021459184063132852
14064,0.0003627981059253216
14065,0.0005028227460570633
14066,0.0003038347349502146
14067,0.0003133236023131758
14068,0.0005563788581639528
14069,0.0002697492018342018
14070,0.00034059263998642564
14071,0.0004187517333775759
14072,0.00042715680319815874
14073,0.0003919848531950265
14074,0.0002601569576654583
14075,0.00028165028197690845
14076,0.0002946414169855416
14077,0.0003057832072954625
14078,0.00040824583265930414
14079,0.00029922189423814416
14080,0.0003768229216802865
14081,0.0003525832144077867
14082,0.0003205029643140733
14083,0.00026533231721259654
14084,0.00029338806052692235
14085,0.0004241114656906575
14086,0.00022612715838477015
14087,0.00033512874506413937
14088,0.00044871639693155885
14089,0.0002922865969594568
14090,0.00031883438350632787
14091,0.00032155236112885177
14092,0.00028178945649415255
14093,0.0002909968316089362
14094,0.00027701034559868276
14095,0.00041181049891747534
14096,0.00028998186462558806
14097,0.00035523821134120226
14098,0.0002922729472629726
14099,0.0003577532770577818
14100,0.0002863195550162345
14101,0.00027136041899211705
14102,0.00035140005638822913
14103,0.00030816197977401316
14104,0.0004333105171099305
14105,0.00031503482023254037
14106,0.0002614192198961973
14107,0.00032932613976299763
14108,0.00045035325456410646
14109,0.0003328365564811975
14110,0.00031618893262930214
14111,0.00039289784035645425
14112,0.0002982413279823959
14113,0.00041459209751337767
14114,0.00028773013036698103
14115,0.00036049034679308534
14116,0.00025073569850064814
14117,0.00028636405477300286
14118,0.00021356290380936116
14119,0.0004841746704187244
14120,0.00032019842183217406
14121,0.0003228167479392141
14122,0.00023328638053499162
14123,0.00048338028136640787
14124,0.000348524161381647
14125,0.00032142101554200053
14126,0.00029661631560884416
14127,0.0004649633774533868
14128,0.0002946318418253213
14129,0.0003961751936003566
14130,0.00045265344670042396
14131,0.00033186827204190195
14132,0.00037995685124769807
14133,0.00027056867838837206
14134,0.0006631219875998795
14135,0.0003764905850403011
14136,0.00030172712286002934
14137,0.00037696061190217733
14138,0.0002984556194860488
14139,0.0003145687223877758
14140,0.0003204489476047456
14141,0.00040806824108585715
14142,0.00035881809890270233
14143,0.00025636859936639667
14144,0.0002394502080278471
14145,0.0002889581664931029
14146,0.0004412628768477589
14147,0.0003497398574836552
14148,0.00029902165988460183
14149,0.0003182898508384824
14150,0.00026992722996510565
14151,0.00035190032212994993
14152,0.00033917021937668324
14153,0.0003395599778741598
14154,0.0003807173343375325
14155,0.00034847567440010607
14156,0.0005616690614260733
14157,0.0002834536717273295
14158,0.0004028253024443984
14159,0.00044173828791826963
14160,0.0003162252833135426
14161,0.0003158884646836668
14162,0.00042025913717225194
14163,0.00021948192443232983
14164,0.0003529783571138978
14165,0.00032838599872775376
14166,0.0002737573522608727
14167,0.0003277688520029187
14168,0.0002879738458432257
14169,0.0002770171849988401
14170,0.0003487214562483132
14171,0.0003119567991234362
14172,0.0003727672155946493
14173,0.00032537232618778944
14174,0.00024485847097821534
14175,0.00029961191467009485
14176,0.0002885997819248587
14177,0.0003211169387213886
14178,0.0002686888037715107
14179,0.00034558726474642754
14180,0.0003162520588375628
14181,0.0005524945445358753
14182,0.0004262054280843586
14183,0.00029676631675101817
14184,0.000399526470573619
14185,0.00034312030766159296
14186,0.00034891904215328395
14187,0.00030765304109081626
14188,0.00029520815587602556
14189,0.0003578241157811135
14190,0.00040588289266452193
14191,0.00028818778810091317
14192,0.0003473839315120131
14193,0.00033972307574003935
14194,0.00028602531529031694
14195,0.00030254374723881483
14196,0.0002730175037868321
14197,0.0003004920145031065
14198,0.000326765381032601
14199,0.00033114865073002875
14200,0.0002949126937892288
14201,0.00022791845549363643
14202,0.000600334838964045
14203,0.0002822962123900652
14204,0.00029677560087293386
14205,0.00034437276190146804
14206,0.0003733829071279615
14207,0.00043950072722509503
14208,0.0002659361343830824
14209,0.0002925250737462193
14210,0.00033702660584822297
14211,0.0002937827375717461
14212,0.00035490348818711936
14213,0.0002586725458968431
14214,0.0003047308709938079
14215,0.00029880591318942606
14216,0.0002856797946151346
14217,0.00037272615008987486
14218,0.0003610059211496264
14219,0.000505796866491437
14220,0.0003000849683303386
14221,0.0004075879405718297
14222,0.0005912174237892032
14223,0.00021365992142818868
14224,0.00035372484126128256
14225,0.0002886428846977651
14226,0.00028320634737610817
14227,0.00037480771425180137
14228,0.00028421159368008375
14229,0.0003434000536799431
14230,0.00030900060664862394
14231,0.00036451840423978865
14232,0.0003089498495683074
14233,0.0003500552265904844
14234,0.00028451226535253227
14235,0.0003176680766046047
14236,0.00025633483892306685
14237,0.00036456066300161183
14238,0.00027549851802177727
14239,0.0005050006438978016
14240,0.0003580711781978607
14241,0.0005118236877024174
14242,0.00026602030266076326
14243,0.0004291804798413068
14244,0.0003248420252930373
14245,0.00029494697810150683
14246,0.0002877047809306532
14247,0.00033902929862961173
14248,0.000335307588102296
14249,0.0003501724568195641
14250,0.0003378714609425515
14251,0.00036405492573976517
14252,0.00029902392998337746
14253,0.00023445615079253912
14254,0.00033113142126239836
14255,0.0004098844656255096
14256,0.00037788067129440606
14257,0.0005264548817649484
14258,0.0004353943222668022
14259,0.00024104183830786496
14260,0.0003725819697137922
14261,0.00030219662585295737
14262,0.0003437928971834481
14263,0.000303528067888692
14264,0.00031669269083067775
14265,0.00040649191942065954
14266,0.00047518560313619673
14267,0.0003518153098411858
14268,0.000311586307361722
14269,0.00029190300847403705
14270,0.0002706690283957869
14271,0.00035674954415299
14272,0.00040938114398159087
14273,0.0003656435292214155
14274,0.00036453633219935
14275,0.0003474341647233814
14276,0.0002796075423248112
14277,0.0002938982506748289
14278,0.00034640959347598255
14279,0.0002394401526544243
14280,0.000618363672401756
14281,0.0002775638713501394
14282,0.0003731154138222337
14283,0.0004327724454924464
14284,0.00031723963911645114
14285,0.0003766316222026944
14286,0.0003199755446985364
14287,0.000461548421299085
14288,0.00039364604162983596
14289,0.0003768793831113726
14290,0.000345310807460919
14291,0.00038944181869737804
14292,0.00031103199580684304
14293,0.0003289583255536854
14294,0.00035125165595673025
14295,0.00033127350616268814
14296,0.0003254368784837425
14297,0.00043233035830780864
14298,0.0003034082183148712
14299,0.00029648610507138073
14300,0.000305862253298983
14301,0.0003023793105967343
14302,0.000323232525261119
14303,0.0002651047252584249
14304,0.00046061622560955584
14305,0.0003335954388603568
14306,0.000263507739873603
14307,0.00040034856647253036
14308,0.00029017680208198726
14309,0.00026572635397315025
14310,0.0003555207804311067
14311,0.0003206963883712888
14312,0.00030541117303073406
14313,0.0003514806739985943
14314,0.0004614229255821556
14315,0.000585289963055402
14316,0.00027524554752744734
14317,0.0003157150058541447
14318,0.0003678608045447618
14319,0.00030764355324208736
14320,0.0002402009122306481
14321,0.0002645954373292625
14322,0.00032737740548327565
14323,0.00025927330716513097
14324,0.0003038272843696177
14325,0.00033352375612594187
14326,0.00024485430913046
14327,0.0003063308249693364
14328,0.00036335043841972947
14329,0.0005389206344261765
14330,0.00033416462247259915
14331,0.0004061484069097787
14332,0.0003111858095508069
14333,0.00035867426777258515
14334,0.00025873511913232505
14335,0.0003352574713062495
14336,0.00047159165842458606
14337,0.00037945667281746864
14338,0.0003568666579667479
14339,0.00029938897932879627
14340,0.00026342118508182466
14341,0.0005266667576506734
14342,0.0003263471880927682
14343,0.00024181402113754302
14344,0.0003174245939590037
14345,0.0003946896467823535
14346,0.0003443559107836336
14347,0.0003061364695895463
14348,0.000381568941520527
14349,0.000285848684143275
14350,0.0003303455014247447
14351,0.0003893760440405458
14352,0.0003440500295255333
14353,0.0003540721081662923
14354,0.0004562782996799797
14355,0.00030186312505975366
14356,0.00031910129473544657
14357,0.000479146430734545
14358,0.00035585431032814085
14359,0.0002720553311519325
14360,0.00036140659358352423
14361,0.0004810650134459138
14362,0.00036505915340967476
14363,0.00026021446683444083
14364,0.0003131434496026486
14365,0.0004015945887658745
14366,0.0003092041297350079
14367,0.00030724258976988494
14368,0.00041376406443305314
14369,0.0003097803273703903
14370,0.0003161381173413247
14371,0.00038696586852893233
14372,0.00032647987245582044
14373,0.00029670284129679203
14374,0.0002800094662234187
14375,0.0004081517399754375
14376,0.00024415645748376846
14377,0.00047401204938068986
14378,0.000312592281261459
14379,0.00039312837179750204
14380,0.00034771027276292443
14381,0.00038083738763816655
14382,0.0002762770454864949
14383,0.0002927508030552417
14384,0.0002797018678393215
14385,0.00028764386661350727
14386,0.0004358902806416154
14387,0.00032665659091435373
14388,0.00026465399423614144
14389,0.0003007491759490222
14390,0.0003996867162641138
14391,0.0002979475539177656
14392,0.0002839720109477639
14393,0.0004286640614736825
14394,0.00024562887847423553
14395,0.0005618496797978878
14396,0.00029741969774477184
14397,0.000318322388920933
14398,0.0003681381931528449
14399,0.0003152286517433822
14400,0.0002855657075997442
14401,0.0003324866702314466
14402,0.0004323600442148745
14403,0.000281172979157418
14404,0.00038553637568838894
14405,0.000286404334474355
14406,0.00028928264509886503
14407,0.00028906913939863443
14408,0.00023301773762796074
14409,0.00041400661575607955
14410,0.0005411761230789125
14411,0.00034660566598176956
14412,0.0003059195005334914
14413,0.0004311665834393352
14414,0.0004716198018286377
14415,0.0004415285657159984
14416,0.0002854031918104738
14417,0.0002991976507473737
14418,0.0003126610245089978
14419,0.000243171991314739
14420,0.0003642668016254902
14421,0.00023688090732321143
14422,0.0005117770051583648
14423,0.0003565546649042517
14424,0.0002922803978435695
14425,0.00038153587956912816
14426,0.00025724651641212404
14427,0.00042703209328465164
14428,0.0004519406065810472
14429,0.00024840093101374805
14430,0.0002207059587817639
14431,0.0003350760380271822
14432,0.0003616877074819058
14433,0.0002853770274668932
14434,0.00037993001751601696
14435,0.0002819548826664686
14436,0.00041147982119582593
14437,0.00032230024226009846
14438,0.0003993220452684909
14439,0.000295048434054479
14440,0.0003495149139780551
14441,0.0002462692209519446
14442,0.0003811486531049013
14443,0.0003030953521374613
14444,0.0003509992966428399
14445,0.000276280683465302
14446,0.00044627496390603483
14447,0.00029141316190361977
14448,0.0003269164590165019
14449,0.00027581158792600036
14450,0.00035969630698673427
14451,0.0002819169603753835
14452,0.0002633368712849915
14453,0.00022694014478474855
14454,0.0002403875841991976
14455,0.00032257571001537144
14456,0.0004625906003639102
14457,0.00032858015038073063
14458,0.0004406468360684812
14459,0.00029586933669634163
14460,0.0002845665148925036
14461,0.00031685191788710654
14462,0.0002697539748623967
14463,0.00025408706278540194
14464,0.00023660559963900596
14465,0.0004690825880970806
14466,0.00023681453603785485
14467,0.00034403783502057195
14468,0.0003140229091513902
14469,0.000317397469189018
14470,0.00028590636793524027
14471,0.00023736302682664245
14472,0.00030219947802834213
14473,0.00024358794325962663
14474,0.00037868903018534184
14475,0.00029793422436341643
14476,0.0002568147610872984
14477,0.0002853692858479917
14478,0.0003689692239277065
14479,0.00025424573686905205
14480,0.0004775435372721404
14481,0.0002578164858277887
14482,0.000330976617988199
14483,0.0004605879948940128
14484,0.0003283298865426332
14485,0.0003328769817017019
14486,0.000307552661979571
14487,0.00030889781191945076
14488,0.0003783933643717319
14489,0.0003923825570382178
14490,0.0004209425824228674
14491,0.000296802434604615
14492,0.0004070750728715211
14493,0.0002962549333460629
14494,0.0003431030781939626
14495,0.0003081922186538577
14496,0.00023288256488740444
14497,0.0003234991745557636
14498,0.00025973646552301943
14499,0.0002783502859529108
14500,0.0003038853465113789
14501,0.00030388229060918093
14502,0.0003200720821041614
14503,0.00029572274070233107
14504,0.00027136364951729774
14505,0.000300809508189559
14506,0.0003917347057722509
14507,0.00036018784157931805
14508,0.0003129569231532514
14509,0.00027195451548323035
14510,0.0002550232456997037
14511,0.0002891330514103174
14512,0.0002793275925796479
14513,0.00032719969749450684
14514,0.0004956673947162926
14515,0.0002642049512360245
14516,0.0003116508887615055
14517,0.00030099909054115415
14518,0.0003203063679393381
14519,0.0003211677831131965
14520,0.0003337181406095624
14521,0.00025895211729221046
14522,0.0003082577313762158
14523,0.0003668198187369853
14524,0.0002734665176831186
14525,0.0003788608009926975
14526,0.0002902343403548002
14527,0.00033669520053081214
14528,0.00039092032238841057
14529,0.0005873023765161633
14530,0.00037073640851303935
14531,0.00027999465237371624
14532,0.0004631337069440633
14533,0.0003424476890359074
14534,0.0003022353630512953
14535,0.00036923622246831656
14536,0.00029432796873152256
14537,0.00031452567782253027
14538,0.00055914610857144
14539,0.0002871294564101845
14540,0.0002824958646669984
14541,0.00033302270458079875
14542,0.00029095960780978203
14543,0.00029262012685649097
14544,0.00034639224759303033
14545,0.00023288163356482983
14546,0.0003522444167174399
14547,0.00030057868571020663
14548,0.0002374320029048249
14549,0.0003190417482983321
14550,0.00023669829533901066
14551,0.00033827812876552343
14552,0.0002700358454603702
14553,0.0003070324019063264
14554,0.00034677254734560847
14555,0.00042852183105424047
14556,0.00029672321397811174
14557,0.0003146950912196189
14558,0.0003397700493223965
14559,0.00026832352159544826
14560,0.00038473677705042064
14561,0.0003380923008080572
14562,0.00030412725755013525
14563,0.0004285979666747153
14564,0.0002484731958247721
14565,0.0003017707203980535
14566,0.0002437821531202644
14567,0.0003296039649285376
14568,0.0003183293156325817
14569,0.00034634885378181934
14570,0.0003008180938195437
14571,0.000450562423793599
14572,0.00035834984737448394
14573,0.00025188145809806883
14574,0.0002587680646684021
14575,0.00035644066520035267
14576,0.0003955057472921908
14577,0.00030531088123098016
14578,0.000335988646838814
14579,0.00025171981542371213
14580,0.00036299743806011975
14581,0.0003025632177013904
14582,0.00026048519066534936
14583,0.00033503040322102606
14584,0.00025542997173033655
14585,0.00030082196462899446
14586,0.00040149499545805156
14587,0.00035410778946243227
14588,0.00030187974334694445
14589,0.00040761049604043365
14590,0.00043852042290382087
14591,0.0007115693297237158
14592,0.00031541308271698654
14593,0.0003537451266311109
14594,0.00030072894878685474
14595,0.00030430592596530914
14596,0.00035152907366864383
14597,0.0002870503521990031
14598,0.0005609295330941677
14599,0.0004015744780190289
14600,0.0002840553061105311
14601,0.00024078410933725536
14602,0.0003300457028672099
14603,0.00037653130129911005
14604,0.0003977468004450202
14605,0.000561573076993227
14606,0.00038003589725121856
14607,0.00030577133293263614
14608,0.00029435919714160264
14609,0.0003410133649595082
14610,0.0004372726834844798
14611,0.00028736889362335205
14612,0.0002543067676015198
14613,0.00038522452814504504
14614,0.0003716305654961616
14615,0.00024107409990392625
14616,0.00024095083063002676
14617,0.0003495858400128782
14618,0.00026858068304136395
14619,0.00047407450620085
14620,0.0003492364485282451
14621,0.0002557456900831312
14622,0.00022593130415771157
14623,0.00030892161885276437
14624,0.00032025828841142356
14625,0.00046793193905614316
14626,0.00027904182206839323
14627,0.00028325559105724096
14628,0.00028733181534335017
14629,0.0003090781974606216
14630,0.0004340078739915043
14631,0.0004032462602481246
14632,0.0004048598639201373
14633,0.0004018894396722317
14634,0.0003191300784237683
14635,0.0003097430744674057
14636,0.00030177205917425454
14637,0.0003704031987581402
14638,0.0005143661983311176
14639,0.0003234471951145679
14640,0.00031305881566368043
14641,0.0002964353479910642
14642,0.00039376228232868016
14643,0.0003633940068539232
14644,0.00029958755476400256
14645,0.00039857986848801374
14646,0.0003420729481149465
14647,0.0003297105140518397
14648,0.000268664734903723
14649,0.0002586573828011751
14650,0.00027409239555709064
14651,0.0003132941492367536
14652,0.00025375731638632715
14653,0.0003042546450160444
14654,0.0003122766502201557
14655,0.00029024918330833316
14656,0.0003246683918405324
14657,0.00045478911488316953
14658,0.00036620342871174216
14659,0.00034704554127529263
14660,0.00039350285078398883
14661,0.0003730268217623234
14662,0.0002917979145422578
14663,0.00031043830676935613
14664,0.00036184440250508487
14665,0.00028010125970467925
14666,0.0002972944057546556
14667,0.00029805873055011034
14668,0.00026865783729590476
14669,0.00042789833969436586
14670,0.00028272936469875276
14671,0.00029505713609978557
14672,0.00026829211856238544
14673,0.0003493853728286922
14674,0.00030178920133039355
14675,0.00045013794442638755
14676,0.0002834894694387913
14677,0.0003121674817521125
14678,0.00030985151533968747
14679,0.0004164247657172382
14680,0.00037757307291030884
14681,0.00044682546285912395
14682,0.0003116862499155104
14683,0.0003149436379317194
14684,0.00024129883968271315
14685,0.00031871520332060754
14686,0.00028044727514497936
14687,0.00047394976718351245
14688,0.0005286071682348847
14689,0.00019281423010397702
14690,0.0002603009052108973
14691,0.0002515846281312406
14692,0.000350763468304649
14693,0.0004935848992317915
14694,0.00026082771364599466
14695,0.0003249806468375027
14696,0.0004561527166515589
14697,0.0003928250225726515
14698,0.0003550568944774568
14699,0.0003289348678663373
14700,0.00043764166184701025
14701,0.0002988956985063851
14702,0.00025950479903258383
14703,0.0002837558859027922
14704,0.0002625077613629401
14705,0.00028128467965871096
14706,0.0002959870034828782
14707,0.0003566216037143022
14708,0.00030596228316426277
14709,0.00033457984682172537
14710,0.00028022847254760563
14711,0.0003557182790245861
14712,0.0002675320138223469
14713,0.0002754470333456993
14714,0.00037547634565271437
14715,0.0003760905237868428
14716,0.0005617752321995795
14717,0.00027504368335939944
14718,0.00026857497869059443
14719,0.00037109918775968254
14720,0.00025641819229349494
14721,0.00043178515625186265
14722,0.00039273285074159503
14723,0.0003599583578761667
14724,0.00041527143912389874
14725,0.0003238393401261419
14726,0.00034061112091876566
14727,0.00030347969732247293
14728,0.00037007927312515676
14729,0.00028623457183130085
14730,0.0002551799116190523
14731,0.00026355209411121905
14732,0.00040613452438265085
14733,0.0003858098352793604
14734,0.0002697842719499022
14735,0.00032617762917652726
14736,0.0004477029724512249
14737,0.0002967600303236395
14738,0.0003523251798469573
14739,0.0002714237489271909
14740,0.0003300948010291904
14741,0.0003145181981381029
14742,0.0005728983669541776
14743,0.00040972064016386867
14744,0.00042751897126436234
14745,0.0002973100636154413
14746,0.0003552062262315303
14747,0.0003279078518971801
14748,0.00028349601780064404
14749,0.00025324663147330284
14750,0.00027527761994861066
14751,0.0003252272435929626
14752,0.00034210350713692605
14753,0.00037478329613804817
14754,0.0003112695994786918
14755,0.0004986774874851108
14756,0.000368534674635157
14757,0.00028169836150482297
14758,0.00024448137264698744
14759,0.0003044969344045967
14760,0.00034082200727425516
14761,0.00023820577189326286
14762,0.00042735302122309804
14763,0.00036271073622629046
14764,0.0002845583367161453
14765,0.0003144721267744899
14766,0.0002545705356169492
14767,0.0003098364395555109
14768,0.00031870213570073247
14769,0.0004102771927136928
14770,0.00030845822766423225
14771,0.00033425531000830233
14772,0.0003552650741767138
14773,0.00028729866608045995
14774,0.00027122566825710237
14775,0.0003016347764059901
14776,0.0003768347087316215
14777,0.0002761264331638813
14778,0.0003274159098509699
14779,0.0004492628504522145
14780,0.0002766505640465766
14781,0.00029415657627396286
14782,0.0002775175671558827
14783,0.0002644225605763495
14784,0.0002580648579169065
14785,0.00026358390459790826
14786,0.0003256909840274602
14787,0.0004269888740964234
14788,0.00021885320893488824
14789,0.0003743983106687665
14790,0.00028739531990140676
14791,0.00030450060148723423
14792,0.0003455041442066431
14793,0.00030943864840082824
14794,0.00023693908588029444
14795,0.00035206699976697564
14796,0.0005496094236150384
14797,0.00040068247471936047
14798,0.0003082634066231549
14799,0.00036321274819783866
14800,0.00028394427499733865
14801,0.0003967183001805097
14802,0.00041261521982960403
14803,0.0003787166497204453
14804,0.00026982443523593247
14805,0.00027903664158657193
14806,0.0003649379650596529
14807,0.00030080374563112855
14808,0.00036660817568190396
14809,0.00038680442958138883
14810,0.0003732374752871692
14811,0.0003395426319912076
14812,0.0003327532613184303
14813,0.0002898810198530555
14814,0.00030594697454944253
14815,0.0003587415849324316
14816,0.00038099661469459534
14817,0.00022243747662287205
14818,0.00034804921597242355
14819,0.00046632278827019036
14820,0.0003759508254006505
14821,0.00037271450855769217
14822,0.0006109605310484767
14823,0.00022238575911615044
14824,0.00027476545074023306
14825,0.00030209633405320346
14826,0.0003082539769820869
14827,0.0003814633237197995
14828,0.000273638783255592
14829,0.0003388654731679708
14830,0.0003182124928571284
14831,0.00046502662007696927
14832,0.00026398664340376854
14833,0.0004607830778695643
14834,0.00034751818748191
14835,0.0002658101439010352
14836,0.00027163911727257073
14837,0.0003278828808106482
14838,0.00028499061590991914
14839,0.0002946646127384156
14840,0.00040100098703987896
14841,0.0004912609583698213
14842,0.0003287219151388854
14843,0.00035075724008493125
14844,0.0003393544175196439
14845,0.0004060518986079842
14846,0.00025650745374150574
14847,0.0003063686890527606
14848,0.00033980049192905426
14849,0.000327752175508067
14850,0.0002964602899737656
14851,0.000301162974210456
14852,0.00028133782325312495
14853,0.0003032201202586293
14854,0.00027638603933155537
14855,0.0002553017402533442
14856,0.00028718748944811523
14857,0.0003144767542835325
14858,0.00038933363975957036
14859,0.0003338066744618118
14860,0.00021460371499415487
14861,0.0002787722914945334
14862,0.00028517848113551736
14863,0.0003006076149176806
14864,0.00029057840583845973
14865,0.00026730759418569505
14866,0.00033796951174736023
14867,0.0005135533283464611
14868,0.0005298486794345081
14869,0.00041381013579666615
14870,0.00034223764669150114
14871,0.00034293756471015513
14872,0.0002564016031101346
14873,0.00042861589463427663
14874,0.0002626037457957864
14875,0.0003273856418672949
14876,0.00034728270838968456
14877,0.0004395943833515048
14878,0.0005376162007451057
14879,0.0002483166754245758
14880,0.0002641867322381586
14881,0.00029251116211526096
14882,0.0002813301398418844
14883,0.0002887071459554136
14884,0.000313161697704345
14885,0.000336471974151209
14886,0.0004891957505606115
14887,0.0004057095793541521
14888,0.00037383846938610077
14889,0.0002775138709694147
14890,0.0003060210729017854
14891,0.0003214950847905129
14892,0.00042762310476973653
14893,0.00041456150938756764
14894,0.0002237682929262519
14895,0.00032867302070371807
14896,0.0002999951539095491
14897,0.0002849350858014077
14898,0.00039578849100507796
14899,0.0003004107275046408
14900,0.0003377193643245846
14901,0.00034473658888600767
14902,0.00035878532798960805
14903,0.0003841072611976415
14904,0.0003137493331450969
14905,0.0004724872705992311
14906,0.0003114148566965014
14907,0.0002734193403739482
14908,0.0002511398051865399
14909,0.00030496830004267395
14910,0.00028356604161672294
14911,0.00026262702886015177
14912,0.0002820102672558278
14913,0.00024278373166453093
14914,0.00045690799015574157
14915,0.0002862586989067495
14916,0.00041093718027696013
14917,0.0002877961960621178
14918,0.00027839935501106083
14919,0.0003962585178669542
14920,0.00034074156428687274
14921,0.00030097385752014816
14922,0.00035959589877165854
14923,0.0003220503858756274
14924,0.00026642289594747126
14925,0.0002939904807135463
14926,0.0002838599612005055
14927,0.00023920077364891768
14928,0.00034664932172745466
14929,0.0002826003765221685
14930,0.00036629170062951744
14931,0.00037506630178540945
14932,0.0002792944142129272
14933,0.000384077982744202
14934,0.0003070461971219629
14935,0.0003738307859748602
14936,0.0003484934859443456
14937,0.00038182223215699196
14938,0.000317513506161049
14939,0.0002844827831722796
14940,0.00022692106722388417
14941,0.000252502562943846
14942,0.00029019435169175267
14943,0.00037212923052720726
14944,0.0002525163581594825
14945,0.00029912145691923797
14946,0.00033746095141395926
14947,0.00031661184038966894
14948,0.0002517119864933193
14949,0.00029969640308991075
14950,0.00044689339119940996
14951,0.0004014833830296993
14952,0.00031583220697939396
14953,0.00031175476033240557
14954,0.00032379021286033094
14955,0.0003666395787149668
14956,0.00029423224623315036
14957,0.0002929501933977008
14958,0.0003918782458640635
14959,0.00035519685479812324
14960,0.0003023624885827303
14961,0.0003274184127803892
14962,0.00028063898207619786
14963,0.00020458294602576643
14964,0.00029608519980683923
14965,0.00029562090639956295
14966,0.0005352288717404008
14967,0.0004792618565261364
14968,0.00025777926202863455
14969,0.0004838489112444222
14970,0.00028059864416718483
14971,0.00032889904105104506
14972,0.00030486390460282564
14973,0.0003522601327858865
14974,0.0004108128778170794
14975,0.0003419806307647377
14976,0.00031339144334197044
14977,0.0002758595801424235
14978,0.00029889727011322975
14979,0.0003633003798313439
14980,0.00039524820749647915
14981,0.00040650233859196305
14982,0.000396033632569015
14983,0.000229091034270823
14984,0.00028679045499302447
14985,0.00030743522802367806
14986,0.00029730642563663423
14987,0.0003904689510818571
14988,0.000371685455320403
14989,0.0002700107579585165
14990,0.0003848402702715248
14991,0.00031746376771479845
14992,0.00030974557739682496
14993,0.00038106340798549354
14994,0.0005051835323683918
14995,0.0004488855483941734
14996,0.0003378886904101819
14997,0.0002890347386710346
14998,0.00040361096034757793
14999,0.0005793346208520234
15000,0.00031344956369139254
15001,0.0003600862983148545
15002,0.00034610662260092795
15003,0.00026321838959120214
15004,0.000326617737300694
15005,0.00040505643119104207
15006,0.0003255687188357115
15007,0.00033075042301788926
15008,0.0003932597755920142
15009,0.0002576480037532747
15010,0.0002618091821204871
15011,0.00028376636328175664
15012,0.0003064357442781329
15013,0.0005136800464242697
15014,0.0002748462720774114
15015,0.0003393238876014948
15016,0.0003294029738754034
15017,0.0003553419664967805
15018,0.00029343299684114754
15019,0.0002963145379908383
15020,0.00031795809627510607
15021,0.0002860832610167563
15022,0.00022818749130237848
15023,0.0002705935330595821
15024,0.00040882008033804595
15025,0.0002714329748414457
15026,0.00026539291138760746
15027,0.0003876013506669551
15028,0.00030130433151498437
15029,0.00028011505492031574
15030,0.0002088692126562819
15031,0.0002713773283176124
15032,0.00032852881122380495
15033,0.000364612671546638
15034,0.000278969993814826
15035,0.0002747323887888342
15036,0.0004276897816453129
15037,0.00023311794211622328
15038,0.0003183959925081581
15039,0.0004191642510704696
15040,0.0003144135407637805
15041,0.0003716417122632265
15042,0.0004071099974680692
15043,0.0003894178953487426
15044,0.0004065262619405985
15045,0.00033963413443416357
15046,0.00045248601236380637
15047,0.0003741361142601818
15048,0.00030434667132794857
15049,0.0002931448398157954
15050,0.0003382981230970472
15051,0.00029279766022227705
15052,0.00025700547848828137
15053,0.00029211840592324734
15054,0.0005931306513957679
15055,0.0003133087884634733
15056,0.0003140960179734975
15057,0.00035514074261300266
15058,0.0002558365522418171
15059,0.00043843439198099077
15060,0.0003401710418984294
15061,0.00036808897857554257
15062,0.00032508844742551446
15063,0.00030931769288145006
15064,0.00032926854328252375
15065,0.00022155913757160306
15066,0.0002437704533804208
15067,0.00027581362519413233
15068,0.0003389180055819452
15069,0.00025790592189878225
15070,0.0004086858534719795
15071,0.0002638345758896321
15072,0.00029897683998569846
15073,0.00029660225845873356
15074,0.0002850583696272224
15075,0.00025612764875404537
15076,0.0003716180508490652
15077,0.0003846624749712646
15078,0.00027300260262563825
15079,0.0003370544873178005
15080,0.0002522075374145061
15081,0.00029178420663811266
15082,0.0003490873787086457
15083,0.0002835156919900328
15084,0.0003326527075842023
15085,0.0003390172787476331
15086,0.0003104607167188078
15087,0.0002632365212775767
15088,0.00036453138454817235
15089,0.00038474155007861555
15090,0.00026989917387254536
15091,0.0002383620449109003
15092,0.00022466786322183907
15093,0.00046825013123452663
15094,0.0002778578200377524
15095,0.0004097063501831144
15096,0.00023351992422249168
15097,0.00035256228875368834
15098,0.00030587869696319103
15099,0.0003992968122474849
15100,0.00034119075280614197
15101,0.00034392939414829016
15102,0.0002546507166698575
15103,0.00036312948213890195
15104,0.000439905357779935
15105,0.0002948844339698553
15106,0.00030930337379686534
15107,0.00025690050097182393
15108,0.0003753140626940876
15109,0.00033653678838163614
15110,0.00028778676642104983
15111,0.0003116191946901381
15112,0.00021392476628534496
15113,0.0004083732492290437
15114,0.00024473294615745544
15115,0.00029621992143802345
15116,0.0002948562032543123
15117,0.000482867268146947
15118,0.00028812960954383016
15119,0.00034466353827156126
15120,0.0002688166277948767
15121,0.00027402600971981883
15122,0.00045836943900212646
15123,0.000269817333901301
15124,0.00037932462873868644
15125,0.0004148977168370038
15126,0.0002660850586835295
15127,0.00032737862784415483
15128,0.00031340852729044855
15129,0.00025982563965953887
15130,0.0004578068037517369
15131,0.00030133919790387154
15132,0.00028556701727211475
15133,0.000291840493446216
15134,0.0003216829209122807
15135,0.00035082479007542133
15136,0.0002545423340052366
15137,0.0003999941982328892
15138,0.00028044343343935907
15139,0.0002963871229439974
15140,0.0003156966995447874
15141,0.00030520150903612375
15142,0.00038908483111299574
15143,0.000256711762631312
15144,0.0003289502637926489
15145,0.0003030551306437701
15146,0.0004390779649838805
15147,0.0003120030160062015
15148,0.0002693451242521405
15149,0.0003681343514472246
15150,0.00034526982926763594
15151,0.00024133053375408053
15152,0.0002567158662714064
15153,0.00034083027276210487
15154,0.00035336625296622515
15155,0.00030461535789072514
15156,0.0003388010954950005
15157,0.0002600140287540853
15158,0.00024786381982266903
15159,0.00027417283854447305
15160,0.0002626907080411911
15161,0.0003856350085698068
15162,0.00029783198260702193
15163,0.0003160788328386843
15164,0.0002676060248631984
15165,0.0002874409547075629
15166,0.00032903379178605974
15167,0.00031805617618374527
15168,0.00023169557971414179
15169,0.00041442547808401287
15170,0.00032692335662432015
15171,0.00024997981381602585
15172,0.00023615348618477583
15173,0.00026599798002280295
15174,0.0003922734467778355
15175,0.0002674331481102854
15176,0.00035191670758649707
15177,0.00021534990810323507
15178,0.00026773332501761615
15179,0.0003121061890851706
15180,0.0002765804238151759
15181,0.0003786743909586221
15182,0.00029210583306849003
15183,0.00037462185719050467
15184,0.00022854877170175314
15185,0.0003247538988944143
15186,0.00031655142083764076
15187,0.00035980058601126075
15188,0.00026861991500481963
15189,0.0004128892323933542
15190,0.0002193531981902197
15191,0.0003641395305749029
15192,0.00036819104570895433
15193,0.0002933142823167145
15194,0.00027625737129710615
15195,0.00044327296200208366
15196,0.00028831581585109234
15197,0.00036390897003002465
15198,0.0002687503001652658
15199,0.000336059631081298
15200,0.0003921561874449253
15201,0.00024381971161346883
15202,0.0002418816147837788
15203,0.0002451215113978833
15204,0.0004899550694972277
15205,0.0003269250155426562
15206,0.00030423724092543125
15207,0.00023552938364446163
15208,0.0002863871050067246
15209,0.00032541604014113545
15210,0.000307862734189257
15211,0.00031951829441823065
15212,0.00034222222166135907
15213,0.00027947555645368993
15214,0.0002678878081496805
15215,0.000267363473540172
15216,0.0003973580023739487
15217,0.00036009083851240575
15218,0.0003951233229599893
15219,0.0002642178733367473
15220,0.00026070972671732306
15221,0.0003232735034544021
15222,0.0003317283117212355
15223,0.000255629769526422
15224,0.00032004606327973306
15225,0.0003249114961363375
15226,0.00038106468855403364
15227,0.00040019580046646297
15228,0.0002824311377480626
15229,0.0004416384035721421
15230,0.00022741580323781818
15231,0.00046504262718372047
15232,0.00027157756267115474
15233,0.00028463470516726375
15234,0.0002471915795467794
15235,0.00023945672728586942
15236,0.0003192268486600369
15237,0.000316618854412809
15238,0.0002519748522900045
15239,0.0002750117564573884
15240,0.0002809326979331672
15241,0.0003025744517799467
15242,0.0003507204237394035
15243,0.0003849663189612329
15244,0.00038356814184226096
15245,0.00041318562580272555
15246,0.0002793831517919898
15247,0.00033621021430008113
15248,0.00028154367464594543
15249,0.00035193064832128584
15250,0.0003056706045754254
15251,0.0004437626339495182
15252,0.00025259575340896845
15253,0.00027527956990525126
15254,0.0004780089948326349
15255,0.0003779605031013489
15256,0.00028076994931325316
15257,0.0004928880371153355
15258,0.0004003030189778656
15259,0.0003324178687762469
15260,0.00040108829853124917
15261,0.00035736107383854687
15262,0.0001992581383092329
15263,0.0003989309770986438
15264,0.00031984501401893795
15265,0.00036236122832633555
15266,0.00021733449830207974
15267,0.0002256346633657813
15268,0.0002613222459331155
15269,0.0003384424780961126
15270,0.0003179481136612594
15271,0.0002876591170206666
15272,0.00025070924311876297
15273,0.0002353908639634028
15274,0.00038956161006353796
15275,0.0002571012591943145
15276,0.0003667157725431025
15277,0.0003683255927171558
15278,0.0003215471515432
15279,0.0002983009035233408
15280,0.0002450304455123842
15281,0.0003746037546079606
15282,0.0002463927958160639
15283,0.00027913390658795834
15284,0.0004563812690321356
15285,0.00043786285095848143
15286,0.0002993674424942583
15287,0.0003529010573402047
15288,0.00033934341627173126
15289,0.0003771667543333024
15290,0.0003601064963731915
15291,0.00027237937320023775
15292,0.0003091093967668712
15293,0.0002713059657253325
15294,0.0003202483640052378
15295,0.0002758027403615415
15296,0.000290875876089558
15297,0.0004073665477335453
15298,0.0003590458072721958
15299,0.00033052475191652775
15300,0.00038386715459637344
15301,0.00029417258338071406
15302,0.00030177421285770833
15303,0.000332299416186288
15304,0.00032277777791023254
15305,0.00028052052948623896
15306,0.00045444880379363894
15307,0.0002748978149611503
15308,0.0002593988028820604
15309,0.0003819659468717873
15310,0.00022986510884948075
15311,0.00023596770188305527
15312,0.00027140392921864986
15313,0.00033849893952719867
15314,0.0005081676063127816
15315,0.0003372162173036486
15316,0.0003590298583731055
15317,0.0002885727444663644
15318,0.0003235584881622344
15319,0.00040807737968862057
15320,0.0003132835263386369
15321,0.000339914025971666
15322,0.0002565842296462506
15323,0.00032196746906265616
15324,0.0004146200662944466
15325,0.00035131824552081525
15326,0.00026562256971374154
15327,0.0003333068161737174
15328,0.0002794275642372668
15329,0.00022917147725820541
15330,0.00047019124031066895
15331,0.00031935281003825366
15332,0.0002749488048721105
15333,0.00033222357160411775
15334,0.0003292379551567137
15335,0.0003941026225220412
15336,0.0003047992940992117
15337,0.0002798463683575392
15338,0.00023582784342579544
15339,0.0002987379557453096
15340,0.00045030040200799704
15341,0.00023469886218663305
15342,0.0003032860404346138
15343,0.0005272181006148458
15344,0.00035072147147729993
15345,0.00032824763911776245
15346,0.00033786019776016474
15347,0.00027588364901021123
15348,0.000321279454510659
15349,0.00024386397853959352
15350,0.0003305946011096239
15351,0.0003166584065183997
15352,0.00027948166825808585
15353,0.00036953785456717014
15354,0.00026507291477173567
15355,0.0002759025665000081
15356,0.00040207357960753143
15357,0.0004612905322574079
15358,0.00025812373496592045
15359,0.00025734861264936626
15360,0.0003564905491657555
15361,0.00026369516854174435
15362,0.00033274031011387706
15363,0.0003709197335410863
15364,0.0002923155261669308
15365,0.0003088060475420207
15366,0.00027560588205233216
15367,0.0004049986891914159
15368,0.0002738737384788692
15369,0.000276606238912791
15370,0.0003649648278951645
15371,0.00033546678605489433
15372,0.0004083970270585269
15373,0.00034292074269615114
15374,0.00040695059578865767
15375,0.0003485680208541453
15376,0.0002903526765294373
15377,0.0002846651477739215
15378,0.000254478509305045
15379,0.0003473792166914791
15380,0.00045313057489693165
15381,0.00043737905798479915
15382,0.0002911310875788331
15383,0.0003482398751657456
15384,0.00033357535721734166
15385,0.0003526694781612605
15386,0.0002801535010803491
15387,0.00035258973366580904
15388,0.0003542392223607749
15389,0.00030813884222880006
15390,0.0002274817816214636
15391,0.0003011852386407554
15392,0.0003220128419343382
15393,0.0003977185406256467
15394,0.00029918833752162755
15395,0.0003550571855157614
15396,0.00024224771186709404
15397,0.0003025736950803548
15398,0.00029145111329853535
15399,0.00022942823125049472
15400,0.0003363324503879994
15401,0.00021622556960210204
15402,0.00030762056121602654
15403,0.00031065859366208315
15404,0.00027955390396527946
15405,0.0003649065038189292
15406,0.0002535704697947949
15407,0.00025461986660957336
15408,0.0002843234979081899
15409,0.0003324753197375685
15410,0.00024501202278770506
15411,0.00042271247366443276
15412,0.0003948028024751693
15413,0.00034512922866269946
15414,0.00028915773145854473
15415,0.00038744299672544
15416,0.0003216816112399101
15417,0.0003702346293721348
15418,0.00026040704688057303
15419,0.0002378249919274822
15420,0.0003258312353864312
15421,0.00027394850621931255
15422,0.0002571320510469377
15423,0.0003024518955498934
15424,0.00025696787633933127
15425,0.0002983962476719171
15426,0.0002981226716656238
15427,0.0002683612401597202
15428,0.00035146012669429183
15429,0.0004529321158770472
15430,0.0002898088423535228
15431,0.00033675768645480275
15432,0.00039897614624351263
15433,0.00032754571293480694
15434,0.0003186676767654717
15435,0.0003176288737449795
15436,0.0002990277425851673
15437,0.00038238195702433586
15438,0.00024382547417189926
15439,0.0002962329308502376
15440,0.00033841573167592287
15441,0.000314121920382604
15442,0.00026640077703632414
15443,0.00025510546402074397
15444,0.000395678129279986
15445,0.000394456903450191
15446,0.000354185322066769
15447,0.000298698345432058
15448,0.00034536063321866095
15449,0.00030466419411823153
15450,0.0002785645774565637
15451,0.0002401337551418692
15452,0.0002578003332018852
15453,0.0002565193281043321
15454,0.0002394743059994653
15455,0.00029774248832836747
15456,0.0002643865009304136
15457,0.0003586448437999934
15458,0.00033578474540263414
15459,0.00040178329800255597
15460,0.00025558273773640394
15461,0.00038461730582639575
15462,0.00043289459426887333
15463,0.00024870739434845746
15464,0.0003159527841489762
15465,0.00028990459395572543
15466,0.00034256684011779726
15467,0.00047887733671814203
15468,0.0004468267143238336
15469,0.00030302154482342303
15470,0.0003012348315678537
15471,0.0003871445660479367
15472,0.00026803751825354993
15473,0.00030996749410405755
15474,0.00024449799093417823
15475,0.0002896986261475831
15476,0.00028472812846302986
15477,0.0002407130232313648
15478,0.0002612762909848243
15479,0.00038284246693365276
15480,0.0003085180651396513
15481,0.00033870834158733487
15482,0.00026985901058651507
15483,0.0003323746204841882
15484,0.0002375592157477513
15485,0.0003257163625676185
15486,0.00023021655215416104
15487,0.0003389593039173633
15488,0.00032141851261258125
15489,0.0004000993794761598
15490,0.000269524083705619
15491,0.0002704968792386353
15492,0.0003782185085583478
15493,0.00027358735678717494
15494,0.00031002957257442176
15495,0.00023780905758030713
15496,0.00025465141516178846
15497,0.000254490616498515
15498,0.0003523743653204292
15499,0.00021931991796009243
15500,0.000311274518026039
15501,0.0002586285409051925
15502,0.0005961135029792786
15503,0.00028089413535781205
15504,0.00030959295690990984
15505,0.0003153850557282567
15506,0.0002975765964947641
15507,0.00040318359970115125
15508,0.0003239180368836969
15509,0.00045257669989950955
15510,0.0003121456829831004
15511,0.00030115884146653116
15512,0.00035818733158521354
15513,0.0002457448863424361
15514,0.00022560209617950022
15515,0.0003113776911050081
15516,0.00041047221748158336
15517,0.0003545035724528134
15518,0.00030066457111388445
15519,0.000361230835551396
15520,0.0003523776540532708
15521,0.00029450267902575433
15522,0.000541754940059036
15523,0.00046867644414305687
15524,0.0002547986514400691
15525,0.0003744201094377786
15526,0.0004029885458294302
15527,0.00041677389526739717
15528,0.00031173755996860564
15529,0.000340978498570621
15530,0.00033087629708461463
15531,0.00028902332996949553
15532,0.00034618217614479363
15533,0.000292169745080173
15534,0.0002512542705517262
15535,0.00027917433180846274
15536,0.0004352554096840322
15537,0.0003257048374507576
15538,0.0002542374131735414
15539,0.0002981752040795982
15540,0.0003215076867491007
15541,0.0005790265859104693
15542,0.0002745900710579008
15543,0.00028142877272330225
15544,0.0002693058049771935
15545,0.00026511261239647865
15546,0.00026221186271868646
15547,0.0002968704793602228
15548,0.00027280705398879945
15549,0.0002573820820543915
15550,0.0002201181196141988
15551,0.00044329444062896073
15552,0.0003976091102231294
15553,0.00030810179305262864
15554,0.00027949275681748986
15555,0.0003201151848770678
15556,0.00026184102171100676
15557,0.00022560084471479058
15558,0.00028863007901236415
15559,0.0003013886453118175
15560,0.0002563946763984859
15561,0.00022644623822998255
15562,0.0002501817070879042
15563,0.0002605205518193543
15564,0.0004085742693860084
15565,0.00029285158962011337
15566,0.00024203282373491675
15567,0.00028874422423541546
15568,0.0002491409832146019
15569,0.0003818366676568985
15570,0.00035260204458609223
15571,0.00022649391030427068
15572,0.00042723282240331173
15573,0.00036891631316393614
15574,0.0004502861702349037
15575,0.00040670696762390435
15576,0.00032581674167886376
15577,0.0003818355908151716
15578,0.0003185667155776173
15579,0.00030965666519477963
15580,0.000314790551783517
15581,0.0002839614753611386
15582,0.0003043907054234296
15583,0.00028817582642659545
15584,0.00025801965966820717
15585,0.0002663058112375438
15586,0.00026896793860942125
15587,0.0003497280122246593
15588,0.0002648601366672665
15589,0.0003692849713843316
15590,0.00040353069198317826
15591,0.00028343379381112754
15592,0.00027044612215831876
15593,0.0003332221822347492
15594,0.0003391220234334469
15595,0.0002737526083365083
15596,0.00025463104248046875
15597,0.00028221914544701576
15598,0.000297595834126696
15599,0.0003909517254214734
15600,0.0003713012265507132
15601,0.0002955084783025086
15602,0.00032524464768357575
15603,0.0003173737495671958
15604,0.00025149688008241355
15605,0.0003635779721662402
15606,0.0003993402060586959
15607,0.0002766957913991064
15608,0.00027879461413249373
15609,0.00025337625993415713
15610,0.00036202286719344556
15611,0.0002811322920024395
15612,0.0003705954004544765
15613,0.0002641387691255659
15614,0.0005052966298535466
15615,0.00024067048798315227
15616,0.0003818170225713402
15617,0.0002817366039380431
15618,0.0003343953867442906
15619,0.00026148720644414425
15620,0.00023722968762740493
15621,0.00027140110614709556
15622,0.0003200843057129532
15623,0.00035920654772780836
15624,0.00044656512909568846
15625,0.00029191028443165123
15626,0.00029185842140577734
15627,0.00046858759014867246
15628,0.0003294950001873076
15629,0.0003194258315488696
15630,0.0004392523842398077
15631,0.00031574658351019025
15632,0.00036504436866380274
15633,0.0003636808833107352
15634,0.0003051058738492429
15635,0.0003773114294745028
15636,0.0002991802466567606
15637,0.0002362464292673394
15638,0.0004906137473881245
15639,0.00038200299604795873
15640,0.0003272938774898648
15641,0.0005011642351746559
15642,0.00032025345717556775
15643,0.00036620270111598074
15644,0.0003872077213600278
15645,0.00032619733246974647
15646,0.0004307628551032394
15647,0.00033644336508587003
15648,0.00030353310285136104
15649,0.00033862603595480323
15650,0.0003171766293235123
15651,0.00024097853747662157
15652,0.0003262308018747717
15653,0.0003660571528598666
15654,0.000375636707758531
15655,0.00024746562121436
15656,0.0003684850817080587
15657,0.0003778355021495372
15658,0.00041912455344572663
15659,0.0003675294865388423
15660,0.00026152460486628115
15661,0.0004051615542266518
15662,0.00029533501947298646
15663,0.00029299219022504985
15664,0.00043741738772951066
15665,0.000544287555385381
15666,0.00033292832085862756
15667,0.00028061805642209947
15668,0.00042998060234822333
15669,0.00032343692146241665
15670,0.0003261773963458836
15671,0.00036860984982922673
15672,0.00030382766271941364
15673,0.00035319296875968575
15674,0.0002749435370787978
15675,0.0002829392033163458
15676,0.00032380412449128926
15677,0.0002635599230416119
15678,0.00027573283296078444
15679,0.0002767652622424066
15680,0.0003729823511093855
15681,0.0002898035163525492
15682,0.0002612008829601109
15683,0.00023249330115504563
15684,0.0003154137230012566
15685,0.0002623683540150523
15686,0.0004261350550223142
15687,0.00032531307078897953
15688,0.0003157081373501569
15689,0.00027027996839024127
15690,0.0003525408683344722
15691,0.00025692934286780655
15692,0.0003178577171638608
15693,0.00023023862740956247
15694,0.0003718144726008177
15695,0.0002714401634875685
15696,0.00029664734029211104
15697,0.00026171765057370067
15698,0.0003857143747154623
15699,0.0003260099038016051
15700,0.00026852128212340176
15701,0.0003174040175508708
15702,0.00031528843101114035
15703,0.0004362467734608799
15704,0.0002700388722587377
15705,0.00024017950636334717
15706,0.000346892949892208
15707,0.00029079726664349437
15708,0.0003303985868114978
15709,0.00031511735869571567
15710,0.0003322295087855309
15711,0.00027304692775942385
15712,0.00025623859255574644
15713,0.0002453214838169515
15714,0.00023386313114315271
15715,0.00026560999685898423
15716,0.0002727687533479184
15717,0.00043907525832764804
15718,0.00027147127548232675
15719,0.00023922321270219982
15720,0.0002364082756685093
15721,0.00022171539603732526
15722,0.0004405807121656835
15723,0.0002907151647377759
15724,0.00046544946962967515
15725,0.00031625208794139326
15726,0.00036052335053682327
15727,0.00040660734521225095
15728,0.0003813160874415189
15729,0.0003654226311482489
15730,0.00035979438689537346
15731,0.00034240251989103854
15732,0.0002556842810008675
15733,0.00025278201792389154
15734,0.00024170370306819677
15735,0.0004049642011523247
15736,0.0003076524881180376
15737,0.00028125938843004405
15738,0.00022524707310367376
15739,0.00026998959947377443
15740,0.00026372060528956354
15741,0.00034848329960368574
15742,0.00031836944981478155
15743,0.0003338469541631639
15744,0.0003410178469493985
15745,0.0003208529087714851
15746,0.0004444257647264749
15747,0.00033466899185441434
15748,0.00029875768814235926
15749,0.0003067271027248353
15750,0.00039164358167909086
15751,0.00022788676142226905
15752,0.0002884314162656665
15753,0.00028072320856153965
15754,0.00031528749968856573
15755,0.0003234868636354804
15756,0.00029944643029011786
15757,0.00023456999042537063
15758,0.0002696224255487323
15759,0.00026195443933829665
15760,0.00028247697628103197
15761,0.00026189585332758725
15762,0.0002843201800715178
15763,0.00028784049209207296
15764,0.00030410755425691605
15765,0.00022881546465214342
15766,0.0003365961601957679
15767,0.0002679627505131066
15768,0.00024220200430136174
15769,0.00033173704287037253
15770,0.00026874139439314604
15771,0.0002537427644710988
15772,0.00024281939840875566
15773,0.0002912063791882247
15774,0.0003210078284610063
15775,0.0004696794494520873
15776,0.0002830708690453321
15777,0.00043243702384643257
15778,0.000210115424124524
15779,0.000255426624789834
15780,0.00022365819313563406
15781,0.0003019747091457248
15782,0.000251285353442654
15783,0.0002768599661067128
15784,0.0002460104878991842
15785,0.00028670288156718016
15786,0.00023118614626582712
15787,0.00037405188777484
15788,0.00035467330599203706
15789,0.0003564475628081709
15790,0.00036733318120241165
15791,0.00019268204050604254
15792,0.0003191936993971467
15793,0.00034571418655104935
15794,0.0002824396069627255
15795,0.00030060455901548266
15796,0.00045109738130122423
15797,0.0003011513617821038
15798,0.0003550356486812234
15799,0.0003118674212601036
15800,0.00029182404978200793
15801,0.00033523625461384654
15802,0.0002637281140778214
15803,0.00027817863156087697
15804,0.000447074300609529
15805,0.000431696797022596
15806,0.0004248483164701611
15807,0.00024046015460044146
15808,0.00041973538463935256
15809,0.0002809040597639978
15810,0.0003312433254905045
15811,0.00026794185396283865
15812,0.0003051816893275827
15813,0.00034822747693397105
15814,0.00033383790287189186
15815,0.0004492133448366076
15816,0.00025582179659977555
15817,0.00021158723393455148
15818,0.00029439228819683194
15819,0.0003329105966258794
15820,0.0003163438814226538
15821,0.00035147040034644306
15822,0.0004556115891318768
15823,0.000332013180013746
15824,0.0003301455290056765
15825,0.00027125165797770023
15826,0.00044062294182367623
15827,0.0002527643518988043
15828,0.0003102104237768799
15829,0.0002989928761962801
15830,0.00018049668869934976
15831,0.0003089825913775712
15832,0.00023165227321442217
15833,0.0003564970975276083
15834,0.0002873215707950294
15835,0.00036920738057233393
15836,0.00021620678307954222
15837,0.0002574064419604838
15838,0.00029067363357171416
15839,0.00026457375497557223
15840,0.00035730196395888925
15841,0.00030776599305681884
15842,0.000279680680250749
15843,0.00034941645571962
15844,0.00028910342371091247
15845,0.0003343978605698794
15846,0.0003916244604624808
15847,0.0001957235363079235
15848,0.00038019116618670523
15849,0.0003075252752751112
15850,0.00029233249370008707
15851,0.000258518906775862
15852,0.00029923641704954207
15853,0.0002954190713353455
15854,0.00038852766738273203
15855,0.00023942679399624467
15856,0.0002892697521019727
15857,0.00028576175100170076
15858,0.0003572189889382571
15859,0.000242498645093292
15860,0.0002849570009857416
15861,0.0005266835796646774
15862,0.0003191622963640839
15863,0.00025135462055914104
15864,0.0004268922784831375
15865,0.00023506084107793868
15866,0.00028589050634764135
15867,0.0002580221917014569
15868,0.0003946096112485975
15869,0.00031253142515197396
15870,0.0002576179103925824
15871,0.00024110643425956368
15872,0.0002971625071950257
15873,0.0002198886504629627
15874,0.0003278094227425754
15875,0.00033107405761256814
15876,0.0003971387923229486
15877,0.00023508262529503554
15878,0.0002847248106263578
15879,0.0004256518732290715
15880,0.00028142944211140275
15881,0.0004501817747950554
15882,0.0003074650594498962
15883,0.00030323187820613384
15884,0.00028579297941178083
15885,0.0002814183244481683
15886,0.000369110464816913
15887,0.00034342813887633383
15888,0.00028601341182366014
15889,0.0002134857641067356
15890,0.0002487706078682095
15891,0.0002509528712835163
15892,0.00033395522041246295
15893,0.00036779564106836915
15894,0.0003333879867568612
15895,0.00035579080577008426
15896,0.00042544741882011294
15897,0.0002774584572762251
15898,0.00033128299401141703
15899,0.0003061821043957025
15900,0.00026176785468123853
15901,0.0003596826863940805
15902,0.00020852246962022036
15903,0.0002975885581690818
15904,0.00038206830504350364
15905,0.00031879814923740923
15906,0.0002427381550660357
15907,0.00023248553043231368
15908,0.00028461572946980596
15909,0.00027965163462795317
15910,0.00026449657161720097
15911,0.00022345370962284505
15912,0.0002691750123631209
15913,0.00027226010570302606
15914,0.00030692972359247506
15915,0.000318406819133088
15916,0.0002063124702544883
15917,0.000295383099000901
15918,0.00039947216282598674
15919,0.00024344769190065563
15920,0.0002449086168780923
15921,0.0003571994311641902
15922,0.0003111725964117795
15923,0.0003217897901777178
15924,0.00025182010722346604
15925,0.00031302982824854553
15926,0.0002096182870445773
15927,0.00043094236752949655
15928,0.00020882034732494503
15929,0.0003888024657499045
15930,0.0004100206133443862
15931,0.00034353704540990293
15932,0.00044597481610253453
15933,0.0002542431466281414
15934,0.0003211827715858817
15935,0.0002549659402575344
15936,0.0003486011701170355
15937,0.00023096200311556458
15938,0.0002966329047922045
15939,0.00031721321283839643
15940,0.00027320298249833286
15941,0.00027804257115349174
15942,0.00037870905362069607
15943,0.00046834530076012015
15944,0.00033978483406826854
15945,0.0002786926052067429
15946,0.0002952185459434986
15947,0.00038970314199104905
15948,0.00029427045956254005
15949,0.00037840392906218767
15950,0.000438519986346364
15951,0.000257014820817858
15952,0.00046790880151093006
15953,0.00025879923487082124
15954,0.0003308277518954128
15955,0.0002921943669207394
15956,0.00033631245605647564
15957,0.0002503652358427644
15958,0.00028707459568977356
15959,0.00022494152653962374
15960,0.00033275719033554196
15961,0.00039370034937746823
15962,0.00022655718203168362
15963,0.00033833671477623284
15964,0.0003030644729733467
15965,0.0003256647032685578
15966,0.00024984555784612894
15967,0.00030685708043165505
15968,0.0003502436156850308
15969,0.00027097942074760795
15970,0.00018511543748900294
15971,0.0002759189228527248
15972,0.00020262808538973331
15973,0.00040917363367043436
15974,0.0002444646379444748
15975,0.0002764069358818233
15976,0.0003535908181220293
15977,0.0003874383110087365
15978,0.00027723866514861584
15979,0.0003073853440582752
15980,0.00024059897987172008
15981,0.0002461249241605401
15982,0.00028604388353414834
15983,0.0002736570022534579
15984,0.0002419343509245664
15985,0.0002432927576592192
15986,0.00034067861270159483
15987,0.00024064170429483056
15988,0.0002781283110380173
15989,0.0003553225251380354
15990,0.0002793845778796822
15991,0.00031027974910102785
15992,0.0003690554585773498
15993,0.00030731031438335776
15994,0.0003396154206711799
15995,0.000415712536778301
15996,0.00023991920170374215
15997,0.00033831800101324916
15998,0.0002543542650528252
15999,0.0002895957441069186
16000,0.00030448674806393683
16001,0.00027914365637116134
16002,0.0003116956795565784
16003,0.00036009159521199763
16004,0.00029223799356259406
16005,0.00033602796611376107
16006,0.0002815881744027138
16007,0.0002526013122405857
16008,0.0002234220301033929
16009,0.00031606960692442954
16010,0.0003219679929316044
16011,0.00030208216048777103
16012,0.00020039230003021657
16013,0.00031084028887562454
16014,0.0004678312689065933
16015,0.0003832902875728905
16016,0.00022632510808762163
16017,0.0003692319442052394
16018,0.0003383293515071273
16019,0.00026456161867827177
16020,0.00028406173805706203
16021,0.00022427336079999804
16022,0.000318948645144701
16023,0.00032211895450018346
16024,0.0003123647184111178
16025,0.00029920224915258586
16026,0.0003806783934123814
16027,0.0002966963220387697
16028,0.00035832475987263024
16029,0.0002492591447662562
16030,0.0005509030306711793
16031,0.00021414257935248315
16032,0.00031379424035549164
16033,0.0003185650857631117
16034,0.00024205277441069484
16035,0.00022325245663523674
16036,0.0002261939662275836
16037,0.00030365356360562146
16038,0.0002614016702864319
16039,0.0002709569234866649
16040,0.0002774076710920781
16041,0.0002701224584598094
16042,0.0003396121319383383
16043,0.00027283307281322777
16044,0.00037051737308502197
16045,0.00030942418379709125
16046,0.0002904436259996146
16047,0.0002653150004334748
16048,0.00031632109312340617
16049,0.0003051395760849118
16050,0.0002838863874785602
16051,0.00018416380044072866
16052,0.00024176253646146506
16053,0.00028723516152240336
16054,0.0004179248062428087
16055,0.00024124549236148596
16056,0.0003734174242708832
16057,0.00025882298359647393
16058,0.00039085489697754383
16059,0.0003643347881734371
16060,0.00036201238981448114
16061,0.00031300121918320656
16062,0.00024048220075201243
16063,0.00028664685669355094
16064,0.0003079933812841773
16065,0.00027194825815968215
16066,0.000282215973129496
16067,0.00019513920415192842
16068,0.00026998098473995924
16069,0.0003817496763076633
16070,0.0002261700719827786
16071,0.00027507205959409475
16072,0.00033134169643744826
16073,0.0001935015752678737
16074,0.000194927939446643
16075,0.00020668732759077102
16076,0.0004315564292483032
16077,0.0002157527778763324
16078,0.00030030758352950215
16079,0.0002525832096580416
16080,0.00044540601084008813
16081,0.0003046876809094101
16082,0.0003261936944909394
16083,0.0002569133066572249
16084,0.00037361227441579103
16085,0.000338200043188408
16086,0.0004336007114034146
16087,0.00032143035787157714
16088,0.00023111485643312335
16089,0.00039702228968963027
16090,0.0003213144082110375
16091,0.00024393238709308207
16092,0.0002359944919589907
16093,0.0002755896421149373
16094,0.0002813336905092001
16095,0.0002845812414307147
16096,0.00025704075233079493
16097,0.0003827821637969464
16098,0.00022674037609249353
16099,0.0002499831316526979
16100,0.00026758198509924114
16101,0.0003143541980534792
16102,0.0002960428537335247
16103,0.00027771820896305144
16104,0.00028564868262037635
16105,0.00021944285253994167
16106,0.0003478535218164325
16107,0.00036718350020237267
16108,0.0003270828165113926
16109,0.0003204815729986876
16110,0.00030844187131151557
16111,0.00026593447546474636
16112,0.0003141830675303936
16113,0.00031141206272877753
16114,0.00028133505838923156
16115,0.00029453629394993186
16116,0.00027022487483918667
16117,0.000243350412347354
16118,0.0003040041192434728
16119,0.0002624978660605848
16120,0.0002719635667745024
16121,0.00022134740720503032
16122,0.00033894481020979583
16123,0.00022345714387483895
16124,0.0002828318683896214
16125,0.00026751196128316224
16126,0.000483570562209934
16127,0.00023206809419207275
16128,0.00028117207693867385
16129,0.0004996345960535109
16130,0.00022482388885691762
16131,0.00023535593936685473
16132,0.0002776560722850263
16133,0.0002547896292526275
16134,0.0002603786706458777
16135,0.00021484990429598838
16136,0.0003154926234856248
16137,0.00027188536478206515
16138,0.0002849535667337477
16139,0.00020681835303548723
16140,0.0004649948969017714
16141,0.00027579994639381766
16142,0.00022750992502551526
16143,0.00036964815808460116
16144,0.0004342286556493491
16145,0.0002945440064650029
16146,0.0002205404598498717
16147,0.0002786574186757207
16148,0.000254603975918144
16149,0.00036179248127155006
16150,0.0002233073755633086
16151,0.00029009373974986374
16152,0.0004400202597025782
16153,0.0002430905879009515
16154,0.00023019906075205654
16155,0.0003097152221016586
16156,0.0003285217098891735
16157,0.00028245270368643105
16158,0.0003315877984277904
16159,0.00028214685153216124
16160,0.0002714032889343798
16161,0.00025752498186193407
16162,0.00021664969972334802
16163,0.000228514734772034
16164,0.0003225872351322323
16165,0.00022294292284641415
16166,0.000247159565333277
16167,0.00041095862980000675
16168,0.00034529229742474854
16169,0.00040862784953787923
16170,0.0002825034025590867
16171,0.000259412539890036
16172,0.0002967564796563238
16173,0.00033416421501897275
16174,0.00028233203920535743
16175,0.0002686789957806468
16176,0.0005032825865782797
16177,0.00031963587389327586
16178,0.00027605093782767653
16179,0.0002500100526958704
16180,0.0003001083096023649
16181,0.0002209268423030153
16182,0.000298569182632491
16183,0.0002608053619042039
16184,0.0003105080104433
16185,0.0002761601353995502
16186,0.00029783215723000467
16187,0.0002650208189152181
16188,0.00022316603281069547
16189,0.00023721590696368366
16190,0.00029285947675816715
16191,0.0002824862312991172
16192,0.00023374670126941055
16193,0.0004139539087191224
16194,0.000387685518944636
16195,0.0003003691090270877
16196,0.0003026976191904396
16197,0.0002313721488462761
16198,0.0002969318302348256
16199,0.00025333085795864463
16200,0.0002955921518150717
16201,0.00036555679980665445
16202,0.00026207396876998246
16203,0.00033523302408866584
16204,0.00030123727628961205
16205,0.0003321350086480379
16206,0.00039674321305938065
16207,0.00020699837477877736
16208,0.0002713132125791162
16209,0.00026294178678654134
16210,0.0002167747588828206
16211,0.00020578860130626708
16212,0.0002406325365882367
16213,0.0003043592441827059
16214,0.00045975879766047
16215,0.0002949901972897351
16216,0.00023997094831429422
16217,0.00023795112792868167
16218,0.0002831780002452433
16219,0.000301508407574147
16220,0.00022814741532783955
16221,0.0002890084870159626
16222,0.00017621814913582057
16223,0.00030158532899804413
16224,0.00039965708856470883
16225,0.00025336432736366987
16226,0.00025791232474148273
16227,0.0002537716645747423
16228,0.00028573686722666025
16229,0.0003384151204954833
16230,0.00028394279070198536
16231,0.00024918036069720984
16232,0.0003380159323569387
16233,0.00032118032686412334
16234,0.000253276462899521
16235,0.00044166427687741816
16236,0.0002729295811150223
16237,0.00032858308986760676
16238,0.00043837749399244785
16239,0.0002637184807099402
16240,0.00023959674581419677
16241,0.00027641418273560703
16242,0.0002827636490110308
16243,0.00024072249652817845
16244,0.000280529580777511
16245,0.000333645089995116
16246,0.00020900966774206609
16247,0.0002507080789655447
16248,0.00031575074535794556
16249,0.000283422734355554
16250,0.0003637467452790588
16251,0.00032272975658997893
16252,0.0003692102327477187
16253,0.000272522825980559
16254,0.00023482537653762847
16255,0.0003091141697950661
16256,0.0002090970374410972
16257,0.0002689250686671585
16258,0.0002647593792062253
16259,0.00033936838735826313
16260,0.0003496897697914392
16261,0.00022782129235565662
16262,0.00028222022228874266
16263,0.0002844399423338473
16264,0.00022389058722183108
16265,0.00025513730361126363
16266,0.0003403634764254093
16267,0.00035674049286171794
16268,0.0002905641158577055
16269,0.00028616422787308693
16270,0.0002731991116888821
16271,0.00022699416149407625
16272,0.0003104311472270638
16273,0.00037309215986169875
16274,0.00033777134376578033
16275,0.000361674145096913
16276,0.0003607285034377128
16277,0.0002814072067849338
16278,0.00022742795408703387
16279,0.0002821123052854091
16280,0.00030305402469821274
16281,0.00030181827605701983
16282,0.00032495014602318406
16283,0.00041958142537623644
16284,0.0002972227812279016
16285,0.0003764188149943948
16286,0.0002506127639207989
16287,0.0002345507382415235
16288,0.0005497802630998194
16289,0.00023286924988497049
16290,0.0003101470065303147
16291,0.00027043407317250967
16292,0.00028765996103174984
16293,0.0003214052994735539
16294,0.00040149965207092464
16295,0.00043870005174539983
16296,0.00023382309882435948
16297,0.0002745364618021995
16298,0.000298312894301489
16299,0.00040584508678875864
16300,0.00030476332176476717
16301,0.00030883969157002866
16302,0.0002820332010742277
16303,0.00028728070901706815
16304,0.0002885206195060164
16305,0.0003299293457530439
16306,0.0002721866185311228
16307,0.0002567344927228987
16308,0.000281325337709859
16309,0.00036208410165272653
16310,0.00040303709101863205
16311,0.0002582076413091272
16312,0.00042871866025961936
16313,0.00027715120813809335
16314,0.00038387582753784955
16315,0.00033618920133449137
16316,0.0002490580955054611
16317,0.00031670357566326857
16318,0.0002482132404111326
16319,0.000287109287455678
16320,0.0003567467210814357
16321,0.0002854627091437578
16322,0.000264589034486562
16323,0.00041957615758292377
16324,0.00027907086769118905
16325,0.0003081931790802628
16326,0.0002828719443641603
16327,0.0002860131789930165
16328,0.00031447267974726856
16329,0.000338163721607998
16330,0.00025726924650371075
16331,0.00028157420456409454
16332,0.00033121503656730056
16333,0.0002910961047746241
16334,0.0003087508084718138
16335,0.00034270749893039465
16336,0.00027838750975206494
16337,0.0003102580376435071
16338,0.0003358059620950371
16339,0.0002458123490214348
16340,0.0003421460569370538
16341,0.0002683919738046825
16342,0.0002601885062176734
16343,0.00028418353758752346
16344,0.0002612643293105066
16345,0.00023440871154889464
16346,0.0002982427249662578
16347,0.00024782048421911895
16348,0.00023364383378066123
16349,0.0003014066314790398
16350,0.00026295462157577276
16351,0.0002759731432888657
16352,0.00025104600354097784
16353,0.0003180468629579991
16354,0.0002340478968108073
16355,0.00025213733897544444
16356,0.0003007385821547359
16357,0.0003090343379881233
16358,0.000558778119739145
16359,0.00039274070877581835
16360,0.00046069626114331186
16361,0.0002751721767708659
16362,0.00043742943671531975
16363,0.0003409073397051543
16364,0.00028154870960861444
16365,0.0002749042469076812
16366,0.0002504106087144464
16367,0.00027511295047588646
16368,0.00026774470461532474
16369,0.0002805626136250794
16370,0.0002977457479573786
16371,0.00031928735552355647
16372,0.000280293490504846
16373,0.0003490802482701838
16374,0.00021693097369279712
16375,0.0003356550878379494
16376,0.0002674817224033177
16377,0.0002979412383865565
16378,0.0003166394308209419
16379,0.0002677562297321856
16380,0.0002896561927627772
16381,0.0002587288909126073
16382,0.0003293509944342077
16383,0.0005240953178144991
16384,0.0002627529902383685
16385,0.0002422299876343459
16386,0.00025718510732986033
16387,0.00032891338923946023
16388,0.00038581652916036546
16389,0.00033567860373295844
16390,0.0003562305646482855
16391,0.00027899228734895587
16392,0.0003487088833935559
16393,0.0002523456350900233
16394,0.00036354351323097944
16395,0.00027407865854911506
16396,0.0002992346999235451
16397,0.0005047047161497176
16398,0.0003096644068136811
16399,0.0003242581442464143
16400,0.0003735125937964767
16401,0.00027438270626589656
16402,0.00024325348204001784
16403,0.00038600931293331087
16404,0.00028488898533396423
16405,0.00027777146897278726
16406,0.0003033303946722299
16407,0.00027742949896492064
16408,0.00023022886307444423
16409,0.00028060172917321324
16410,0.00032636127434670925
16411,0.0003049531951546669
16412,0.00026314883143641055
16413,0.00026822081417776644
16414,0.00029193799127824605
16415,0.0002453096676617861
16416,0.00028875182033516467
16417,0.00026810262352228165
16418,0.00028968328842893243
16419,0.00034051266266033053
16420,0.0002748531405813992
16421,0.0003299022209830582
16422,0.0004084171960130334
16423,0.00033945246832445264
16424,0.00030146626522764564
16425,0.00030509475618600845
16426,0.00037648616125807166
16427,0.0003594071895349771
16428,0.00034035404678434134
16429,0.0003988147363997996
16430,0.0005742667708545923
16431,0.0003787075402215123
16432,0.00020899302035104483
16433,0.0003152667486574501
16434,0.0002357604680582881
16435,0.00036104919854551554
16436,0.0003658504574559629
16437,0.00032306325738318264
16438,0.00034191616578027606
16439,0.0002850557502824813
16440,0.00030218446045182645
16441,0.00023292108380701393
16442,0.0003133676073048264
16443,0.00030721575603820384
16444,0.00034113554283976555
16445,0.0002715691807679832
16446,0.0003046470519620925
16447,0.00026325322687625885
16448,0.00030164996860548854
16449,0.00023041410895530134
16450,0.000417393515817821
16451,0.00030619214521721005
16452,0.00026300217723473907
16453,0.0002832463651429862
16454,0.00034805337782017887
16455,0.0003094649873673916
16456,0.0004145110724493861
16457,0.0003353959764353931
16458,0.00031177623895928264
16459,0.0002888698363676667
16460,0.0003345491422805935
16461,0.00032505777198821306
16462,0.0002788841666188091
16463,0.00023713319387752563
16464,0.000302208325592801
16465,0.0002497236419003457
16466,0.000336027325829491
16467,0.0002887080772779882
16468,0.00026641966542229056
16469,0.00029631241341121495
16470,0.0002894446952268481
16471,0.0002727253595367074
16472,0.00029663703753612936
16473,0.0002602175227366388
16474,0.00025322215515188873
16475,0.00035226353793404996
16476,0.00026309993700124323
16477,0.00028730244957841933
16478,0.000297934515401721
16479,0.000267513794824481
16480,0.0002563014277257025
16481,0.0002067136811092496
16482,0.0002944463340099901
16483,0.00027647745446301997
16484,0.00023884259280748665
16485,0.00026214084937237203
16486,0.0002878593804780394
16487,0.0003322710981592536
16488,0.00026154029183089733
16489,0.00037838402204215527
16490,0.00022539640485774726
16491,0.00042068780749104917
16492,0.00032035750336945057
16493,0.000376533338567242
16494,0.0002831226447597146
16495,0.00048517147661186755
16496,0.00032351797563023865
16497,0.00038405475788749754
16498,0.00032914444454945624
16499,0.0002621560706757009
16500,0.00023995889932848513
16501,0.00040105031803250313
16502,0.00024326733546331525
16503,0.00025858008302748203
16504,0.0003089160018134862
16505,0.00026048687868751585
16506,0.00033005268778651953
16507,0.0002515152737032622
16508,0.0002278584724990651
16509,0.00030003301799297333
16510,0.0004021469212602824
16511,0.0002964406739920378
16512,0.0002513077633921057
16513,0.00029915798222646117
16514,0.0003078736481256783
16515,0.00037257111398503184
16516,0.00041340242023579776
16517,0.00021753908367827535
16518,0.00033897324465215206
16519,0.0003752212505787611
16520,0.00036889498005621135
16521,0.00026049118605442345
16522,0.00026043009711429477
16523,0.0003146009112242609
16524,0.00039375131018459797
16525,0.0002531345817260444
16526,0.00040965937660075724
16527,0.00038526972639374435
16528,0.0003995901206508279
16529,0.0002693038259167224
16530,0.0003027161583304405
16531,0.00036548514617607
16532,0.0003426367184147239
16533,0.00026654801331460476
16534,0.00024705700343474746
16535,0.00020400379435159266
16536,0.0002656196884345263
16537,0.00035880235373042524
16538,0.0004558299551717937
16539,0.0002796865883283317
16540,0.00028412710526026785
16541,0.0003474174009170383
16542,0.0002878323139157146
16543,0.0003261040837969631
16544,0.0002781673101708293
16545,0.00027130264788866043
16546,0.0003170183044858277
16547,0.0003467983042355627
16548,0.0003493472468107939
16549,0.00032981857657432556
16550,0.00039078365080058575
16551,0.00031610653968527913
16552,0.0003741017426364124
16553,0.0002601277956273407
16554,0.00026395166059955955
16555,0.0002772521402221173
16556,0.00027448026230558753
16557,0.0002471953921485692
16558,0.0002605648769531399
16559,0.0002575910184532404
16560,0.00020882498938590288
16561,0.00035092391772195697
16562,0.0003803146828431636
16563,0.0002706028753891587
16564,0.0002918293175753206
16565,0.0003081075847148895
16566,0.0002577865670900792
16567,0.0002962322032544762
16568,0.00024120639136526734
16569,0.0002632983378134668
16570,0.00032607800676487386
16571,0.0002767863916233182
16572,0.00026640965370461345
16573,0.00031787087209522724
16574,0.00038984735147096217
16575,0.00021774078777525574
16576,0.00044467466068454087
16577,0.00026819348568096757
16578,0.00042548475903458893
16579,0.0002476273220963776
16580,0.0002734064182732254
16581,0.00031079028849489987
16582,0.0002511214988771826
16583,0.0003395100648049265
16584,0.0003795333323068917
16585,0.0003781026171054691
16586,0.00028725448646582663
16587,0.0002867337898351252
16588,0.000394202652387321
16589,0.00023988218163140118
16590,0.0002499370602890849
16591,0.00024277517513837665
16592,0.00031074651633389294
16593,0.0003344917204231024
16594,0.00024223893706221133
16595,0.0002721979399211705
16596,0.0004585235146805644
16597,0.00030551859526894987
16598,0.0002580395375844091
16599,0.00023681508901063353
16600,0.000300507788779214
16601,0.0002779765927698463
16602,0.0003677135973703116
16603,0.00019994897593278438
16604,0.0002692792913876474
16605,0.0002797971246764064
16606,0.00023845657415222377
16607,0.00024273486633319408
16608,0.00035209834459237754
16609,0.00031587068224325776
16610,0.00024568982189521194
16611,0.0003122297930531204
16612,0.000257796113146469
16613,0.00036900374107062817
16614,0.0003367219469510019
16615,0.00028986125835217535
16616,0.00036566564813256264
16617,0.0003414848179090768
16618,0.0002691960253287107
16619,0.00021998820011503994
16620,0.00027185663930140436
16621,0.0002748433034867048
16622,0.00026018955395556986
16623,0.0003867385385092348
16624,0.0003544129431247711
16625,0.0002545364259276539
16626,0.00022924269433133304
16627,0.0002914946526288986
16628,0.00038211033097468317
16629,0.00023118886747397482
16630,0.0002909036702476442
16631,0.00030456026433967054
16632,0.00033304901444353163
16633,0.00024868070613592863
16634,0.0003021838201675564
16635,0.00021751724125351757
16636,0.00028190622106194496
16637,0.0002585719048511237
16638,0.00040832452941685915
16639,0.00030164094641804695
16640,0.00029379758052527905
16641,0.00025382748572155833
16642,0.0003034053079318255
16643,0.0002821876551024616
16644,0.00030728121055290103
16645,0.0002385719562880695
16646,0.0004720645083580166
16647,0.0003013527602888644
16648,0.0002957213728222996
16649,0.00027961618616245687
16650,0.0003506348584778607
16651,0.0003599291667342186
16652,0.0002668163215275854
16653,0.0003345282166264951
16654,0.0002942811988759786
16655,0.0002845649723894894
16656,0.00024516991106793284
16657,0.0001867711980594322
16658,0.0003735787176992744
16659,0.0004217637761030346
16660,0.00021070193906780332
16661,0.00030273300944827497
16662,0.00025287159951403737
16663,0.00029771862318739295
16664,0.0003904036420863122
16665,0.0003484949702396989
16666,0.0002575755352154374
16667,0.000280992710031569
16668,0.00022518336481880397
16669,0.0002710054977796972
16670,0.00029858009656891227
16671,0.00026699164300225675
16672,0.00021564656344708055
16673,0.0002843781840056181
16674,0.0003084400377701968
16675,0.0003826626925729215
16676,0.0002881005348172039
16677,0.0003276369534432888
16678,0.00029223455931060016
16679,0.0003244092804379761
16680,0.00030694191809743643
16681,0.0002724569058045745
16682,0.00025127085973508656
16683,0.00042395887430757284
16684,0.0003501917817629874
16685,0.0003668137651402503
16686,0.00021253630984574556
16687,0.0002665604988578707
16688,0.0004441119672264904
16689,0.00031887608929537237
16690,0.0003391411155462265
16691,0.00029716515564359725
16692,0.00044077978236600757
16693,0.0002892134361900389
16694,0.00026439811335876584
16695,0.0002965706225950271
16696,0.0003326329169794917
16697,0.00026595339295454323
16698,0.00024076321278698742
16699,0.0002643475600052625
16700,0.0002518054097890854
16701,0.00021411778288893402
16702,0.0003907018981408328
16703,0.00041457609040662646
16704,0.00036552982055582106
16705,0.0002949404588434845
16706,0.00030290638096630573
16707,0.00023925438290461898
16708,0.0002484018914401531
16709,0.0002410606830380857
16710,0.00027893076185137033
16711,0.000281571556115523
16712,0.000397768133552745
16713,0.000346284854458645
16714,0.00026729877572506666
16715,0.0004000993794761598
16716,0.00022242001432459801
16717,0.0002665446081664413
16718,0.0003132981655653566
16719,0.00030268708360381424
16720,0.00027481192955747247
16721,0.0003764513530768454
16722,0.00041420504567213356
16723,0.0002568718628026545
16724,0.0003003383753821254
16725,0.00029945140704512596
16726,0.00041788589442148805
16727,0.0002865635324269533
16728,0.0002712770947255194
16729,0.00031392378150485456
16730,0.0003310350584797561
16731,0.0002306079986738041
16732,0.0002236985310446471
16733,0.00035212907823733985
16734,0.0002604486362542957
16735,0.0003955886058975011
16736,0.00021188159007579088
16737,0.00025411814567632973
16738,0.0002906671434175223
16739,0.00019885509391315281
16740,0.00029175428790040314
16741,0.000326863257214427
16742,0.00036313451710157096
16743,0.0003060859744437039
16744,0.00041975645581260324
16745,0.00027203504578210413
16746,0.0002516625390853733
16747,0.00032502456451766193
16748,0.00027901778230443597
16749,0.00026553767384029925
16750,0.00027778747607953846
16751,0.00031013163970783353
16752,0.00026418347260914743
16753,0.00034248974407091737
16754,0.0003887021739501506
16755,0.00032967128208838403
16756,0.00026681553572416306
16757,0.00026128898025490344
16758,0.0003455965197645128
16759,0.0002299355110153556
16760,0.00030650736880488694
16761,0.00023106795561034232
16762,0.00025502280914224684
16763,0.00024110893718898296
16764,0.00022773318050894886
16765,0.00026857524062506855
16766,0.0002862432156689465
16767,0.00025719476980157197
16768,0.0003660225193016231
16769,0.00035565963480621576
16770,0.0003644911339506507
16771,0.00039830536115914583
16772,0.00024256408505607396
16773,0.0002729182015173137
16774,0.0002757296315394342
16775,0.0003063240146730095
16776,0.0002092005015583709
16777,0.00029766347142867744
16778,0.00032845037640072405
16779,0.00020558596588671207
16780,0.0002443792182020843
16781,0.0003838002448901534
16782,0.0004634671495296061
16783,0.0002468508610036224
16784,0.00029608127078972757
16785,0.0003428708005230874
16786,0.00033286024699918926
16787,0.00028430219390429556
16788,0.0003160621563438326
16789,0.00025827076751738787
16790,0.0003142327186651528
16791,0.0003016417322214693
16792,0.0002618715225253254
16793,0.00025182965327985585
16794,0.000381798337912187
16795,0.0002510356134735048
16796,0.0002418748044874519
16797,0.00028127539553679526
16798,0.0002854572085198015
16799,0.00036211893893778324
16800,0.00025945945526473224
16801,0.00039393382030539215
16802,0.00031965060043148696
16803,0.00039120865403674543
16804,0.0004801136383321136
16805,0.0002851939934771508
16806,0.00026146849268116057
16807,0.0002467973972670734
16808,0.00031804246827960014
16809,0.0002649352827575058
16810,0.00028771208599209785
16811,0.000369780434994027
16812,0.00039011496119201183
16813,0.0003270836023148149
16814,0.0002888253948185593
16815,0.00029668366187252104
16816,0.00025692011695355177
16817,0.0003129446704406291
16818,0.00029971401090733707
16819,0.0002942370774690062
16820,0.00033894763328135014
16821,0.0002944215084426105
16822,0.0002468884631525725
16823,0.00034062209306284785
16824,0.00026726661599241197
16825,0.00031846322235651314
16826,0.0003301202959846705
16827,0.00030331278685480356
16828,0.00026313256239518523
16829,0.00034534427686594427
16830,0.00028769171331077814
16831,0.0003549902467057109
16832,0.00025554708554409444
16833,0.0004224803124088794
16834,0.0002325964014744386
16835,0.00027756267809309065
16836,0.00033310908474959433
16837,0.00042553513776510954
16838,0.00036486255703493953
16839,0.00030194135615602136
16840,0.00036204620846547186
16841,0.00023731756664346904
16842,0.00032065893174149096
16843,0.00031456578290089965
16844,0.000557040621060878
16845,0.0003938452573493123
16846,0.0003107022785115987
16847,0.00029040733352303505
16848,0.0002476070658303797
16849,0.00022393027029465884
16850,0.0003451647062320262
16851,0.0002995546965394169
16852,0.0002673037233762443
16853,0.00029009138233959675
16854,0.0002487482561264187
16855,0.0002857765939552337
16856,0.0002581715816631913
16857,0.00026749580865725875
16858,0.0003890568041242659
16859,0.00032891915179789066
16860,0.00023414021416101605
16861,0.0003292165056336671
16862,0.0003358250542078167
16863,0.0002824380062520504
16864,0.00036474387161433697
16865,0.0002929184411186725
16866,0.0003807765315286815
16867,0.00028495906735770404
16868,0.0006351442425511777
16869,0.0004013405996374786
16870,0.0004145263519603759
16871,0.00040030735544860363
16872,0.00028301909333094954
16873,0.0003487749199848622
16874,0.00032359902979806066
16875,0.00027053116355091333
16876,0.0002876560902222991
16877,0.00039421269320882857
16878,0.0003322833217680454
16879,0.0003070842067245394
16880,0.00021369536989368498
16881,0.0003640807408373803
16882,0.0002780432696454227
16883,0.0003443886525928974
16884,0.00019975840405095369
16885,0.00028032789123244584
16886,0.00032796969753690064
16887,0.0002974045055452734
16888,0.0003135237784590572
16889,0.00026482815155759454
16890,0.0003040469891857356
16891,0.00020980401313863695
16892,0.0003104860952589661
16893,0.00022585557599086314
16894,0.000323625368764624
16895,0.0004464425437618047
16896,0.00024626965750940144
16897,0.000220778543734923
16898,0.0002649184607435018
16899,0.00033272922155447304
16900,0.0002833547769114375
16901,0.0002362698724027723
16902,0.00032906417618505657
16903,0.0003594346344470978
16904,0.0003311461769044399
16905,0.00041960409726016223
16906,0.0002559851564001292
16907,0.00019662277190946043
16908,0.00024518591817468405
16909,0.0003772143681999296
16910,0.0003063715703319758
16911,0.0004659652477130294
16912,0.00022340434952639043
16913,0.00041337954462505877
16914,0.0002501957933418453
16915,0.00031628087162971497
16916,0.0002307029499206692
16917,0.00038431002758443356
16918,0.0002891984477173537
16919,0.00035637739347293973
16920,0.0002831891179084778
16921,0.00031836904236115515
16922,0.00024954628315754235
16923,0.0002711465349420905
16924,0.0002614393597468734
16925,0.000369079178199172
16926,0.00039963616291061044
16927,0.00042180847958661616
16928,0.0003172580909449607
16929,0.00025551734142936766
16930,0.00023530445469077677
16931,0.0003372079227119684
16932,0.00022633989283349365
16933,0.0002735657908488065
16934,0.00037409504875540733
16935,0.000341099250363186
16936,0.0003044018230866641
16937,0.00022624191478826106
16938,0.00022212629846762866
16939,0.0003380047855898738
16940,0.00024706314434297383
16941,0.0003787546884268522
16942,0.0002555328537710011
16943,0.00026026915293186903
16944,0.0002526409225538373
16945,0.0004926316323690116
16946,0.00025018060114234686
16947,0.00046722355182282627
16948,0.0002739718183875084
16949,0.0003905638586729765
16950,0.00028015507268719375
16951,0.00022251679911278188
16952,0.0001973472099052742
16953,0.00028562344959937036
16954,0.0002946537861134857
16955,0.00027339550433680415
16956,0.00028637098148465157
16957,0.0002608630165923387
16958,0.00022579802316613495
16959,0.0002515717933420092
16960,0.00031184518593363464
16961,0.0004013478464912623
16962,0.0002524350711610168
16963,0.00026675642584450543
16964,0.0002549673372413963
16965,0.00028298882534727454
16966,0.0002755479945335537
16967,0.0003291708999313414
16968,0.00029545094002969563
16969,0.0002594811376184225
16970,0.00023771102132741362
16971,0.0002791769802570343
16972,0.0003295814385637641
16973,0.00045266043161973357
16974,0.00031518793548457325
16975,0.00037491004331968725
16976,0.0002533307997509837
16977,0.0002203753829235211
16978,0.0002450454339850694
16979,0.00030048785265535116
16980,0.0002942677529063076
16981,0.0002831868187058717
16982,0.00025907240342348814
16983,0.00032374245347455144
16984,0.0002483606804162264
16985,0.00028864110936410725
16986,0.00030895188683643937
16987,0.0002028331655310467
16988,0.0002641354803927243
16989,0.00039520920836366713
16990,0.00030740961665287614
16991,0.00034032625262625515
16992,0.00023251025413628668
16993,0.00019810449157375842
16994,0.0003355447552166879
16995,0.000364307634299621
16996,0.00021457643015310168
16997,0.00040779466507956386
16998,0.00024916743859648705
16999,0.00020281207980588078
17000,0.00023156280803959817
17001,0.00030084472382441163
17002,0.00031677127117291093
17003,0.00027430642512626946
17004,0.0002557105908636004
17005,0.0003399781999178231
17006,0.0003574224538169801
17007,0.0003826100146397948
17008,0.00028236181242391467
17009,0.0002952599315904081
17010,0.00029561156406998634
17011,0.0002882041153497994
17012,0.000411935179727152
17013,0.00020062201656401157
17014,0.00038990945904515684
17015,0.00023970575421117246
17016,0.00032147462479770184
17017,0.00028807282797060907
17018,0.00028704263968393207
17019,0.0002603107423055917
17020,0.0002369290596107021
17021,0.0003570223052520305
17022,0.0003538538294378668
17023,0.0002514646912459284
17024,0.0003780847182497382
17025,0.00033651714329607785
17026,0.0002486074808984995
17027,0.0003352303756400943
17028,0.0003293022746220231
17029,0.0002494473592378199
17030,0.0003641067596618086
17031,0.0003006997867487371
17032,0.00028865193598903716
17033,0.00029415221069939435
17034,0.0003319239476695657
17035,0.0004595703794620931
17036,0.00025357509730383754
17037,0.0003762112755794078
17038,0.0002909188624471426
17039,0.00025979007477872074
17040,0.0002985548635479063
17041,0.00033053007791750133
17042,0.000300731451716274
17043,0.00033103441819548607
17044,0.0003729673335328698
17045,0.00026965379947796464
17046,0.0002863483678083867
17047,0.000309348339214921
17048,0.00028163540991954505
17049,0.0003013651876244694
17050,0.00029258945141918957
17051,0.0003078865120187402
17052,0.0003025124315172434
17053,0.00031429243972525
17054,0.0003403180744498968
17055,0.00026080830139108
17056,0.00021498151181731373
17057,0.0003095736319664866
17058,0.00031853545806370676
17059,0.0002804874675348401
17060,0.00034120347118005157
17061,0.00025263690622523427
17062,0.00024266155378427356
17063,0.00023480998061131686
17064,0.0002439502568449825
17065,0.0002570690412539989
17066,0.00029398922924883664
17067,0.00023072701878845692
17068,0.00033352989703416824
17069,0.0003702209796756506
17070,0.0002650780079420656
17071,0.0004594864440150559
17072,0.00040108259418047965
17073,0.00027791853062808514
17074,0.0002991710207425058
17075,0.0003290290478616953
17076,0.0002563032612670213
17077,0.0002748323604464531
17078,0.00027371864416636527
17079,0.00029644963797181845
17080,0.0002467231824994087
17081,0.0002527357719372958
17082,0.0002949056797660887
17083,0.00029162384453229606
17084,0.00026502046966925263
17085,0.00024339753144886345
17086,0.0002900080580729991
17087,0.00029255886329337955
17088,0.00032035523327067494
17089,0.00032800514600239694
17090,0.00028731240308843553
17091,0.00030247896211221814
17092,0.0004645440785679966
17093,0.0002497641835361719
17094,0.00028222298715263605
17095,0.0002895731304306537
17096,0.0002599216823000461
17097,0.0002025351714110002
17098,0.0003680132795125246
17099,0.0002604670589789748
17100,0.00026399223133921623
17101,0.000289613293716684
17102,0.00030540089937858284
17103,0.00019648752640932798
17104,0.00032820290653035045
17105,0.00035626281169243157
17106,0.0002206900535384193
17107,0.00030330714071169496
17108,0.0003407280892133713
17109,0.00022868745145387948
17110,0.00022660028480459005
17111,0.00026274623814970255
17112,0.00024329544976353645
17113,0.00034644658444449306
17114,0.00022019993048161268
17115,0.00021055738034192473
17116,0.00024533859686926007
17117,0.0002753214503172785
17118,0.0003124134091194719
17119,0.00037640155642293394
17120,0.00025546722463332117
17121,0.0004458043840713799
17122,0.00019494252046570182
17123,0.0002417251089354977
17124,0.00029219663701951504
17125,0.0002922312414739281
17126,0.00026870938017964363
17127,0.0002850510354619473
17128,0.00030726660043001175
17129,0.00034692397457547486
17130,0.0002756554458756
17131,0.0003358912072144449
17132,0.00032981252297759056
17133,0.00033220899058505893
17134,0.0002454717759974301
17135,0.000380115321604535
17136,0.00023296223662327975
17137,0.00030594089184887707
17138,0.0002944699372164905
17139,0.0003275172202847898
17140,0.00033481247373856604
17141,0.000301838357700035
17142,0.0002325459645362571
17143,0.00021782342810183764
17144,0.00022118398919701576
17145,0.00047026140964590013
17146,0.0002520247071515769
17147,0.0003082711773458868
17148,0.00023766871890984476
17149,0.00024697481421753764
17150,0.0002628770307637751
17151,0.0002644677588250488
17152,0.0002903211861848831
17153,0.0003005596518050879
17154,0.00023605863680131733
17155,0.00022652046754956245
17156,0.0004848623357247561
17157,0.0004189493483863771
17158,0.000324275519233197
17159,0.000203037285245955
17160,0.00023640270228497684
17161,0.00028216783539392054
17162,0.00031259527895599604
17163,0.0003148202958982438
17164,0.0002977089607156813
17165,0.00017449854931328446
17166,0.000265930691966787
17167,0.00031919460161589086
17168,0.0002990832144860178
17169,0.00032367216772399843
17170,0.00036195930442772806
17171,0.0003798302495852113
17172,0.0002723752404563129
17173,0.0002024693530984223
17174,0.00029707892099395394
17175,0.0002412810135865584
17176,0.0002543879090808332
17177,0.0002503031282685697
17178,0.00025876154541037977
17179,0.0003337360394652933
17180,0.0002628143993206322
17181,0.0005943347932770848
17182,0.0005215936107560992
17183,0.00029248735518194735
17184,0.00023609936761204153
17185,0.00020788962137885392
17186,0.0003013116947840899
17187,0.0003177686012350023
17188,0.00030982057796791196
17189,0.0002677295997273177
17190,0.0003830049536190927
17191,0.0004053052980452776
17192,0.0002016608923440799
17193,0.00034341521677561104
17194,0.00023343258362729102
17195,0.0002652858674991876
17196,0.0004247720062267035
17197,0.00027943545137532055
17198,0.00025606289273127913
17199,0.00027237151516601443
17200,0.0003038006543647498
17201,0.00026143930153921247
17202,0.00047132090548984706
17203,0.00024717170163057745
17204,0.0002382594539085403
17205,0.0002628907095640898
17206,0.000359169120201841
17207,0.0004241391725372523
17208,0.00048427979345433414
17209,0.00031953747384250164
17210,0.00034347575274296105
17211,0.0003390047641005367
17212,0.000308481277897954
17213,0.00030091815278865397
17214,0.0002634691190905869
17215,0.00032368581742048264
17216,0.0002654159616213292
17217,0.000291608419502154
17218,0.00046688332804478705
17219,0.00029072657343931496
17220,0.0002566034672781825
17221,0.0003067319339606911
17222,0.00024142811889760196
17223,0.00022089574486017227
17224,0.0002735295274760574
17225,0.00027821341063827276
17226,0.00023236450215335935
17227,0.00021820511028636247
17228,0.00026211392832919955
17229,0.0002951568167190999
17230,0.00019987394625786692
17231,0.00020812936418224126
17232,0.00027125884662382305
17233,0.00025325597380287945
17234,0.0002991859510075301
17235,0.00022939375776331872
17236,0.00026034918846562505
17237,0.00028451179969124496
17238,0.00020221329759806395
17239,0.0002334704331588
17240,0.00020977354142814875
17241,0.0002902742999140173
17242,0.0003678718057926744
17243,0.0002291778364451602
17244,0.00029538472881540656
17245,0.0004657947865780443
17246,0.00035933274193666875
17247,0.00021880232088733464
17248,0.000315751793095842
17249,0.00035486341221258044
17250,0.00028040583129040897
17251,0.0002946690656244755
17252,0.0002472673950251192
17253,0.00029567143064923584
17254,0.00026894453912973404
17255,0.0002652027760632336
17256,0.00031817323178984225
17257,0.00025429317611269653
17258,0.0002528357435949147
17259,0.00034017168218269944
17260,0.000289382238406688
17261,0.00022870692191645503
17262,0.00023797000176273286
17263,0.00027811640757136047
17264,0.00026664516190066934
17265,0.0002587240014690906
17266,0.0002820483350660652
17267,0.00027307934942655265
17268,0.00023574091028422117
17269,0.000282415741821751
17270,0.0003287389117758721
17271,0.0002747319231275469
17272,0.0004435237788129598
17273,0.00026896430063061416
17274,0.0003190924471709877
17275,0.0002759953204076737
17276,0.00024188363749999553
17277,0.0003442282904870808
17278,0.00019771944789681584
17279,0.0003105380164925009
17280,0.0002112235379172489
17281,0.0004260434943716973
17282,0.0004472537839319557
17283,0.0002669363748282194
17284,0.0002679031458683312
17285,0.00028006068896502256
17286,0.00023115439398679882
17287,0.00028065466904081404
17288,0.00047628243919461966
17289,0.00019736001559067518
17290,0.00028550729621201754
17291,0.0004648763861041516
17292,0.00031252505141310394
17293,0.0003246439155191183
17294,0.0002495616499800235
17295,0.00025443415506742895
17296,0.00029620365239679813
17297,0.00027409993344917893
17298,0.00026575595256872475
17299,0.0003619413182605058
17300,0.0002630517410580069
17301,0.00036104628816246986
17302,0.00032082057441584766
17303,0.0002542429429013282
17304,0.0002926175366155803
17305,0.00034690924803726375
17306,0.0002823842514771968
17307,0.000219851775909774
17308,0.0004375271964818239
17309,0.0002090344059979543
17310,0.0003563404025044292
17311,0.0002885608409997076
17312,0.00033821124816313386
17313,0.00028194612241350114
17314,0.0004352499090600759
17315,0.00030783616239205003
17316,0.0002404066763119772
17317,0.0002611651725601405
17318,0.0002902639389503747
17319,0.0002642743638716638
17320,0.00022378246649168432
17321,0.00022184528643265367
17322,0.0003209560818504542
17323,0.0002806988777592778
17324,0.0003430346550885588
17325,0.0004155010392423719
17326,0.0004202751733828336
17327,0.0003282004618085921
17328,0.00030591138056479394
17329,0.0003348312166053802
17330,0.00035840828786604106
17331,0.0002604587934911251
17332,0.0003258378419559449
17333,0.000347540364600718
17334,0.00025283946888521314
17335,0.000293585064355284
17336,0.0002954552765004337
17337,0.0002495147055014968
17338,0.0002310973941348493
17339,0.0002905252040363848
17340,0.00046364570152945817
17341,0.0002211682585766539
17342,0.0003585921076592058
17343,0.00030092138331383467
17344,0.0002546632313169539
17345,0.0002752741565927863
17346,0.0002672892587725073
17347,0.00024590318207629025
17348,0.00035666924668475986
17349,0.0003159615444019437
17350,0.0002603805623948574
17351,0.00025991417351178825
17352,0.0003410707286093384
17353,0.00027315402985550463
17354,0.0003018232819158584
17355,0.0003122291818726808
17356,0.00022831295791547745
17357,0.0002731344720814377
17358,0.00027129019144922495
17359,0.00033464294392615557
17360,0.0003318421950098127
17361,0.000311907147988677
17362,0.0003574456204660237
17363,0.0002776481560431421
17364,0.00025112967705354095
17365,0.00027744565159082413
17366,0.00024673560983501375
17367,0.0003132620477117598
17368,0.00027101815794594586
17369,0.00025572028243914247
17370,0.00023651252558920532
17371,0.0003232026065234095
17372,0.0003883994941134006
17373,0.0003811664355453104
17374,0.0002560703724157065
17375,0.00044176328810863197
17376,0.00029566793818958104
17377,0.0003688774595502764
17378,0.0002487721503712237
17379,0.0002702873607631773
17380,0.0002537858672440052
17381,0.0003824381565209478
17382,0.000255482824286446
17383,0.0002781469083856791
17384,0.0003336759691592306
17385,0.0001928827550727874
17386,0.00022769582574255764
17387,0.00029381108470261097
17388,0.00040662899846211076
17389,0.00027864996809512377
17390,0.00019529517157934606
17391,0.0003222086525056511
17392,0.0002659197198227048
17393,0.00022165710106492043
17394,0.0002699006872717291
17395,0.0003041042946279049
17396,0.0002432415640214458
17397,0.0003406998293939978
17398,0.0003209569549653679
17399,0.00026147073367610574
17400,0.00027496181428432465
17401,0.00022933314903639257
17402,0.00037080972106195986
17403,0.00024182655033655465
17404,0.0003704585542436689
17405,0.00038980934186838567
17406,0.0002297389874001965
17407,0.0002464326680637896
17408,0.0003423103771638125
17409,0.00028228582232259214
17410,0.00029709163936786354
17411,0.00027507919003255665
17412,0.00046987575478851795
17413,0.0003604332450777292
17414,0.00035290804225951433
17415,0.00023513729684054852
17416,0.00026617280673235655
17417,0.0003595600137487054
17418,0.00021338529768399894
17419,0.00025561891379766166
17420,0.00036262086359784007
17421,0.000242637877818197
17422,0.00030268781119957566
17423,0.0003814438823610544
17424,0.00027492878143675625
17425,0.00040373532101511955
17426,0.00028708326863124967
17427,0.00021077509154565632
17428,0.0003917126450687647
17429,0.0003081154718529433
17430,0.0003301350516267121
17431,0.00029619206907227635
17432,0.00030302689992822707
17433,0.00022348739730659872
17434,0.00031188398133963346
17435,0.0003942112089134753
17436,0.00038500214577652514
17437,0.00028706397279165685
17438,0.00036496197571977973
17439,0.00033044477459043264
17440,0.00024239557387772948
17441,0.0002746175159700215
17442,0.00032558038947172463
17443,0.00037612387677654624
17444,0.00024135354033205658
17445,0.00026239731232635677
17446,0.00025102728977799416
17447,0.000261157110799104
17448,0.0003718227380886674
17449,0.00037649943260475993
17450,0.00025496052694506943
17451,0.00026211849763058126
17452,0.00022467973758466542
17453,0.00023694288393016905
17454,0.0004289480275474489
17455,0.0003137527673970908
17456,0.0003552920534275472
17457,0.0002537111286073923
17458,0.0003047026111744344
17459,0.0003306302533019334
17460,0.00039041158743202686
17461,0.00045231450349092484
17462,0.0002824158873409033
17463,0.00034279347164556384
17464,0.0003012267407029867
17465,0.00024565085186623037
17466,0.0003955432621296495
17467,0.0002636544522829354
17468,0.0003885086625814438
17469,0.0004175212234258652
17470,0.00035210163332521915
17471,0.0002682812628336251
17472,0.0003041064483113587
17473,0.0002749900449998677
17474,0.0003972043632529676
17475,0.0003018200513906777
17476,0.0002832143218256533
17477,0.000305806053802371
17478,0.0003053717373404652
17479,0.0003748125454876572
17480,0.0003017819544766098
17481,0.0003044280456379056
17482,0.00024466519244015217
17483,0.00025752821238711476
17484,0.00026469206204637885
17485,0.0003080646274611354
17486,0.00035402519279159606
17487,0.00019285434973426163
17488,0.00035223644226789474
17489,0.00022852583788335323
17490,0.0003366425517015159
17491,0.00024824991123750806
17492,0.00026027861167676747
17493,0.00027749798027798533
17494,0.0002150116633856669
17495,0.00029256718698889017
17496,0.0002753546868916601
17497,0.00026483938563615084
17498,0.00030333458562381566
17499,0.00024243872030638158
17500,0.00029317193548195064
17501,0.0002405819104751572
17502,0.00028726988239213824
17503,0.00038244895404204726
17504,0.0002634868724271655
17505,0.0003050646628253162
17506,0.0002631483948789537
17507,0.0003234420146327466
17508,0.00022889212414156646
17509,0.00040919793536886573
17510,0.00031746504828333855
17511,0.0002970525820273906
17512,0.00026248482754454017
17513,0.0002930136979557574
17514,0.0002443527337163687
17515,0.0003224523679818958
17516,0.00024560277233831584
17517,0.00023195050016511232
17518,0.00033178244484588504
17519,0.00029193019145168364
17520,0.0002949023328255862
17521,0.00029667120543308556
17522,0.00025464617647230625
17523,0.00019967662228737026
17524,0.0002845177659764886
17525,0.0003082299663219601
17526,0.00027855971711687744
17527,0.0003133679274469614
17528,0.0002771377330645919
17529,0.00031089718686416745
17530,0.0003222918894607574
17531,0.0002354185126023367
17532,0.0003868556232191622
17533,0.00023715244606137276
17534,0.00028570028371177614
17535,0.00022656569490209222
17536,0.00040026602800935507
17537,0.0003242499369662255
17538,0.0002690745168365538
17539,0.00023735921422485262
17540,0.00024299690267071128
17541,0.000248684169491753
17542,0.0003072159015573561
17543,0.0002738182374741882
17544,0.0002035298093687743
17545,0.000211377686355263
17546,0.00023791614512447268
17547,0.0002568132185842842
17548,0.0003227872075513005
17549,0.0002647655492182821
17550,0.00039595458656549454
17551,0.0002577179984655231
17552,0.00034103417419828475
17553,0.00022488679678644985
17554,0.0004152421315666288
17555,0.0002696713781915605
17556,0.00027223306824453175
17557,0.00023414734459947795
17558,0.00026364249060861766
17559,0.0003446020418778062
17560,0.00022486703528556973
17561,0.000239452812820673
17562,0.0003595166199374944
17563,0.0003018320130649954
17564,0.00027994546690024436
17565,0.0003325064608361572
17566,0.0002589308423921466
17567,0.0003461897140368819
17568,0.0003764922439586371
17569,0.00023552571656182408
17570,0.00029939619707874954
17571,0.00027094109100289643
17572,0.00022930670820642263
17573,0.0002820758963935077
17574,0.00025394573458470404
17575,0.0002475967921782285
17576,0.0003543347411323339
17577,0.00039797445060685277
17578,0.00023855871404521167
17579,0.0003229037974961102
17580,0.0002937233657576144
17581,0.00025745845050550997
17582,0.0003104505594819784
17583,0.00019877015438396484
17584,0.00023551227059215307
17585,0.0003178063197992742
17586,0.00027163836057297885
17587,0.0002636826829984784
17588,0.0002581339795142412
17589,0.0003348430327605456
17590,0.00041405530646443367
17591,0.0002711270353756845
17592,0.00029923123656772077
17593,0.00023627256450708956
17594,0.0003096889704465866
17595,0.000233340440900065
17596,0.00025421121972613037
17597,0.00021636362362187356
17598,0.00024121459864545614
17599,0.000271375582087785
17600,0.0002661746402736753
17601,0.00032100826501846313
17602,0.00026746426010504365
17603,0.00027387827867642045
17604,0.00025282296701334417
17605,0.00044348061783239245
17606,0.0005078206304460764
17607,0.00034338634577579796
17608,0.00026674591936171055
17609,0.0003965148644056171
17610,0.0002605636545922607
17611,0.0002265727089252323
17612,0.00025915802689269185
17613,0.00041930415318347514
17614,0.00038746045902371407
17615,0.0002390400186413899
17616,0.0002794106840156019
17617,0.00042605126509442925
17618,0.0002549003402236849
17619,0.0001952025486389175
17620,0.0002502835413906723
17621,0.00022940640337765217
17622,0.00027772202156484127
17623,0.0002068578905891627
17624,0.0002958133118227124
17625,0.0002555763931013644
17626,0.0003464475739747286
17627,0.0002438384253764525
17628,0.00025527612888254225
17629,0.0003095387655775994
17630,0.00027314425096847117
17631,0.0002302608627360314
17632,0.0002515760716050863
17633,0.0003044261538889259
17634,0.0002564445894677192
17635,0.00033416104270145297
17636,0.00031735451193526387
17637,0.000292128068394959
17638,0.00030272637377493083
17639,0.0003387230390217155
17640,0.0002695184084586799
17641,0.0003086345677729696
17642,0.000254836370004341
17643,0.0002631616953294724
17644,0.0003268811560701579
17645,0.0003347725432831794
17646,0.0002812292368616909
17647,0.00023274235718417913
17648,0.00039946945616975427
17649,0.00029745130450464785
17650,0.0003083981282543391
17651,0.00034641820820979774
17652,0.0003274510381743312
17653,0.00030285833054222167
17654,0.00020331716223154217
17655,0.00024066463811323047
17656,0.00029316500877030194
17657,0.0002525427844375372
17658,0.0002834699407685548
17659,0.0002867772418539971
17660,0.0002809921861626208
17661,0.0002802724775392562
17662,0.0003023349854629487
17663,0.00029316209838725626
17664,0.00040274023194797337
17665,0.00032838762854225934
17666,0.00022088541300036013
17667,0.0004066338879056275
17668,0.0003129295655526221
17669,0.000268859148491174
17670,0.0003865814651362598
17671,0.00022672548948321491
17672,0.0003438706917222589
17673,0.00021698266209568828
17674,0.00044088391587138176
17675,0.0002872149634640664
17676,0.00035318871960043907
17677,0.00027750563458539546
17678,0.0004490858409553766
17679,0.00028071258566342294
17680,0.00026418393827043474
17681,0.00023278934531845152
17682,0.00030551484087482095
17683,0.0003157730388920754
17684,0.0003062653122469783
17685,0.000247963733272627
17686,0.00022648231242783368
17687,0.00039589780499227345
17688,0.0003851217625197023
17689,0.00032030700822360814
17690,0.0003409109194763005
17691,0.00022849686502013355
17692,0.0002876204962376505
17693,0.00036531523801386356
17694,0.0003346446028444916
17695,0.0002892689954023808
17696,0.00020830167341046035
17697,0.0005088992766104639
17698,0.0003721259708981961
17699,0.0002646144130267203
17700,0.00020517957455012947
17701,0.00026841930230148137
17702,0.00022362652816809714
17703,0.00023150026390794665
17704,0.0002076270611723885
17705,0.0002368114364799112
17706,0.00026359944604337215
17707,0.0002861744724214077
17708,0.0002567364717833698
17709,0.000260406726738438
17710,0.00039739187923260033
17711,0.0005224891938269138
17712,0.0002895587822422385
17713,0.00027201074408367276
17714,0.00026203019660897553
17715,0.0002302879875060171
17716,0.00030930712819099426
17717,0.00028206477873027325
17718,0.00020442501408979297
17719,0.00033906003227457404
17720,0.0002684017235878855
17721,0.0004001631459686905
17722,0.0002646285865921527
17723,0.00038034195313230157
17724,0.000396660907426849
17725,0.0002890155592467636
17726,0.0003231349983252585
17727,0.0002901071566157043
17728,0.0002954868832603097
17729,0.0002677072770893574
17730,0.00033582825562916696
17731,0.00023795988818164915
17732,0.000298412429401651
17733,0.0002441414399072528
17734,0.0003193914017174393
17735,0.00022509813425131142
17736,0.0002566588227637112
17737,0.00028694854700006545
17738,0.0003479074512142688
17739,0.0004269265045877546
17740,0.00025935404119081795
17741,0.00028765949537046254
17742,0.000302465952700004
17743,0.0002504646545276046
17744,0.00023745925864204764
17745,0.00024331704480573535
17746,0.00029045852716080844
17747,0.00026271239039488137
17748,0.0003068681980948895
17749,0.0003039489092770964
17750,0.00031668698647990823
17751,0.00021971149544697255
17752,0.00031505769584327936
17753,0.00031266603036783636
17754,0.00048062638961710036
17755,0.00029855422326363623
17756,0.00020355414017103612
17757,0.00023504432465415448
17758,0.00030809047166258097
17759,0.00025152412126772106
17760,0.00023096191580407321
17761,0.0002352790324948728
17762,0.0003519355377648026
17763,0.00018557370640337467
17764,0.0003123011556454003
17765,0.00030004046857357025
17766,0.00031793059315532446
17767,0.0002749505511019379
17768,0.00023398376652039587
17769,0.00033680637716315687
17770,0.0003123742062598467
17771,0.00037162587977945805
17772,0.0002768175327219069
17773,0.0002750769490376115
17774,0.00024477142142131925
17775,0.00022372082457877696
17776,0.00020077939552720636
17777,0.00027880986453965306
17778,0.00031611963640898466
17779,0.00023935821081977338
17780,0.0003873343230225146
17781,0.0002976822725031525
17782,0.00032137735979631543
17783,0.00022477870516013354
17784,0.00025260879192501307
17785,0.0002562941226642579
17786,0.0005245597567409277
17787,0.0002464637509547174
17788,0.00029687664937227964
17789,0.00024275892064906657
17790,0.000256039114901796
17791,0.0002628279326017946
17792,0.00025455254944972694
17793,0.0002613535907585174
17794,0.00026904180413112044
17795,0.000230343546718359
17796,0.0002865018614102155
17797,0.00032348581589758396
17798,0.00024724428658373654
17799,0.00023179403797257692
17800,0.0002465643920004368
17801,0.00035115343052893877
17802,0.00039376565837301314
17803,0.000313903292408213
17804,0.0002662039769347757
17805,0.0003756260557565838
17806,0.0003155213489662856
17807,0.00029127675225026906
17808,0.0003634177555795759
17809,0.00026279978919774294
17810,0.00031846819911152124
17811,0.00021922435553278774
17812,0.00036489544436335564
17813,0.0002731902932282537
17814,0.00032814760925248265
17815,0.00028508075047284365
17816,0.00023712098482064903
17817,0.00027259302441962063
17818,0.00026311061810702085
17819,0.00023585319286212325
17820,0.0004232361388858408
17821,0.00038851937279105186
17822,0.0002553237718529999
17823,0.00023777602473273873
17824,0.00032418264891020954
17825,0.0003657930064946413
17826,0.00021030519565101713
17827,0.00029174290830269456
17828,0.00036905930028297007
17829,0.00023135589435696602
17830,0.00025209313025698066
17831,0.0002801863302011043
17832,0.00022115890169516206
17833,0.0004237769462633878
17834,0.00023545912699773908
17835,0.0003915148554369807
17836,0.0003200894861947745
17837,0.0002595810510683805
17838,0.00020579616830218583
17839,0.0002603534667287022
17840,0.0002599170838948339
17841,0.0003571338893380016
17842,0.00037118015461601317
17843,0.0002589973446447402
17844,0.000286420137854293
17845,0.00023164060257840902
17846,0.00023472441534977406
17847,0.00026017893105745316
17848,0.0002461668336763978
17849,0.00025860811001621187
17850,0.0003567081585060805
17851,0.0003997971070930362
17852,0.0003534223360475153
17853,0.00023836705076973885
17854,0.000343352003255859
17855,0.00027884740848094225
17856,0.00025338667910546064
17857,0.00027376055368222296
17858,0.000226400705287233
17859,0.00037212626193650067
17860,0.0002814877952914685
17861,0.0003454949182923883
17862,0.00041373740532435477
17863,0.00034920204780064523
17864,0.000306938833091408
17865,0.0002117952099069953
17866,0.0003014794201590121
17867,0.00028532042051665485
17868,0.00019248214084655046
17869,0.00032918373472057283
17870,0.00025123919476754963
17871,0.00030055377283133566
17872,0.000247621355811134
17873,0.0002812385791912675
17874,0.00023377752222586423
17875,0.00026606032042764127
17876,0.0003725917194969952
17877,0.00027649718686006963
17878,0.0004170567844994366
17879,0.0003250186564400792
17880,0.0002855318889487535
17881,0.0002849635493475944
17882,0.00021885076421312988
17883,0.0003254922339692712
17884,0.0003920741437468678
17885,0.00032819510670378804
17886,0.0004625990695785731
17887,0.00032029408612288535
17888,0.00038117237272672355
17889,0.0003298632218502462
17890,0.0003763324348255992
17891,0.00027043381123803556
17892,0.00038679203134961426
17893,0.0002376408374402672
17894,0.00021001530694775283
17895,0.00023709678498562425
17896,0.0002623425389174372
17897,0.00034203389077447355
17898,0.0003678809152916074
17899,0.000240524866967462
17900,0.0002333271986572072
17901,0.00025077196187339723
17902,0.000285278627416119
17903,0.000247184099862352
17904,0.00027475610841065645
17905,0.0001957638596650213
17906,0.0002392494643572718
17907,0.00031462934566661716
17908,0.0002701269695535302
17909,0.0002685985527932644
17910,0.0002655564749147743
17911,0.00031951916753314435
17912,0.00026307045482099056
17913,0.0002795610926114023
17914,0.00026777235325425863
17915,0.00026993267238140106
17916,0.00025640378589741886
17917,0.00022015662398189306
17918,0.00021972415561322123
17919,0.00030214973958209157
17920,0.00029261078452691436
17921,0.0002808312128763646
17922,0.0002455601061228663
17923,0.00019771355437114835
17924,0.00029426981927827
17925,0.0002720215416047722
17926,0.0002526726748328656
17927,0.0003209216520190239
17928,0.000423433753894642
17929,0.00022985611576586962
17930,0.00023959709506016225
17931,0.000276440434390679
17932,0.0002881841501221061
17933,0.00025480176554992795
17934,0.0002608547802083194
17935,0.000419793272158131
17936,0.00032794722937978804
17937,0.0002923029533121735
17938,0.0002341076178709045
17939,0.00028916954761371017
17940,0.00021269168064463884
17941,0.0002203211042797193
17942,0.0002453041961416602
17943,0.00026330590480938554
17944,0.00025256804656237364
17945,0.0002116477262461558
17946,0.00025957071920856833
17947,0.00019163599063176662
17948,0.0002474690554663539
17949,0.00023759942268952727
17950,0.0003228066780138761
17951,0.0002719961339607835
17952,0.0002890861069317907
17953,0.00024318197392858565
17954,0.0002327499823877588
17955,0.00026482949033379555
17956,0.00038862021756358445
17957,0.00043814207310788333
17958,0.00020642380695790052
17959,0.00023662994499318302
17960,0.00030733976745978
17961,0.0002835932536982
17962,0.0003407454933039844
17963,0.00023665482876822352
17964,0.0002967535983771086
17965,0.00031869346275925636
17966,0.0003574398870114237
17967,0.00024066159676294774
17968,0.00033392274053767323
17969,0.0003036113630514592
17970,0.0002936407399829477
17971,0.00023979844991117716
17972,0.00025866777286864817
17973,0.0002667216758709401
17974,0.00022233559866435826
17975,0.0004314925172366202
17976,0.000377730350010097
17977,0.00026761749177239835
17978,0.0002944883890450001
17979,0.00021399653633125126
17980,0.00023388183035422117
17981,0.00026977149536833167
17982,0.0003266445710323751
17983,0.0003005509206559509
17984,0.00038505782140418887
17985,0.00025862158508971334
17986,0.00036831284523941576
17987,0.00027728936402127147
17988,0.0003067274228669703
17989,0.0002656680007930845
17990,0.00029753262060694396
17991,0.00030676418100483716
17992,0.00024055363610386848
17993,0.00024513303651474416
17994,0.00031670992029830813
17995,0.00023105679429136217
17996,0.00029402910149656236
17997,0.00023795304878149182
17998,0.00021545311028603464
17999,0.0002214478881796822
18000,0.0002932507486548275
18001,0.0004874730948358774
18002,0.00021645812375936657
18003,0.00031297467648983
18004,0.0002714751462917775
18005,0.0002725163649301976
18006,0.00025226108846254647
18007,0.00032402624492533505
18008,0.0003068051300942898
18009,0.00031103164656087756
18010,0.00025007998920045793
18011,0.00022080045891925693
18012,0.0003021567827090621
18013,0.0003168869880028069
18014,0.00026010125293396413
18015,0.00034188773133791983
18016,0.0002347812260268256
18017,0.00029674364486709237
18018,0.0002662758342921734
18019,0.00031519835465587676
18020,0.00024139192828442901
18021,0.0002650025999173522
18022,0.0002770915743894875
18023,0.00021536265558097512
18024,0.0002724664518609643
18025,0.00023941707331687212
18026,0.00028932958957739174
18027,0.0003137215680908412
18028,0.00027119749574922025
18029,0.0004346260102465749
18030,0.00043051812099292874
18031,0.0002449250314384699
18032,0.00027075770776718855
18033,0.00024928644415922463
18034,0.0002938753750640899
18035,0.00040930495015345514
18036,0.00018255248141940683
18037,0.000227310141781345
18038,0.00034641599631868303
18039,0.00025991740403696895
18040,0.00025284336879849434
18041,0.0003242379170842469
18042,0.0002308734692633152
18043,0.0002999033604282886
18044,0.0002947942994069308
18045,0.0003185732930433005
18046,0.00023596471874043345
18047,0.0003314910572953522
18048,0.00021485070465132594
18049,0.00026001231162808836
18050,0.00026283200713805854
18051,0.00027376500656828284
18052,0.000329568370943889
18053,0.0003192248987033963
18054,0.0002719997719395906
18055,0.0003380830166861415
18056,0.0002932884672190994
18057,0.00038616755045950413
18058,0.00029714361880905926
18059,0.00022874536807648838
18060,0.00027077874983660877
18061,0.0002589760988485068
18062,0.00034864339977502823
18063,0.00016477236931677908
18064,0.00023801976931281388
18065,0.0003292995097581297
18066,0.00020957697415724397
18067,0.00027032537036575377
18068,0.00023322369088418782
18069,0.00030063046142458916
18070,0.00023087799490895122
18071,0.0002713521826080978
18072,0.0002680988982319832
18073,0.0002679192693904042
18074,0.00020005392434541136
18075,0.00033765347325243056
18076,0.00026521552354097366
18077,0.00023657400743104517
18078,0.00035850508720614016
18079,0.00032883338280953467
18080,0.000226198899326846
18081,0.00019254563085269183
18082,0.0002628650690894574
18083,0.00024168613890651613
18084,0.00032456047483719885
18085,0.0002782559604384005
18086,0.00031767264590598643
18087,0.00023126043379306793
18088,0.00048704136861488223
18089,0.00023418084310833365
18090,0.0002554528182372451
18091,0.0003962551418226212
18092,0.00031163747189566493
18093,0.0002589956275187433
18094,0.0002850046439561993
18095,0.000400541874114424
18096,0.00032336951699107885
18097,0.00028835737612098455
18098,0.00027316779596731067
18099,0.00021319497318472713
18100,0.00022068705584388226
18101,0.00024971249513328075
18102,0.00029009426361881196
18103,0.0004038610786665231
18104,0.0002523346047382802
18105,0.0004231925995554775
18106,0.00024939305149018764
18107,0.0002768195408862084
18108,0.0002864616981241852
18109,0.00026143447030335665
18110,0.00027968763606622815
18111,0.00029581846320070326
18112,0.00026799054467119277
18113,0.00023005885304883122
18114,0.00041666979086585343
18115,0.0002829974691849202
18116,0.00030591466929763556
18117,0.000501367961987853
18118,0.00039865204598754644
18119,0.0003035319969058037
18120,0.00028151992592029274
18121,0.000245108938543126
18122,0.00021428638137876987
18123,0.000247389281867072
18124,0.0004516103945206851
18125,0.0002481128030922264
18126,0.0003090450481977314
18127,0.0002823823015205562
18128,0.0002644697669893503
18129,0.0002891592448577285
18130,0.00039322313386946917
18131,0.00024336141359526664
18132,0.0002984584716614336
18133,0.0002630981325637549
18134,0.0002806962584145367
18135,0.0002500839764252305
18136,0.0002709561958909035
18137,0.0004899565828964114
18138,0.00022907424136064947
18139,0.00027530331863090396
18140,0.00022996305779088289
18141,0.0002559937129262835
18142,0.0002606323396321386
18143,0.0003228894784115255
18144,0.0002762197982519865
18145,0.00024331956228706986
18146,0.00037101018824614584
18147,0.00033463220461271703
18148,0.0002631365496199578
18149,0.00034053082345053554
18150,0.00025342812296003103
18151,0.00025313676451332867
18152,0.00034903871710412204
18153,0.00034283052082173526
18154,0.0001758552243700251
18155,0.0002258086169604212
18156,0.0002849880256690085
18157,0.0003844388120342046
18158,0.00028090275009162724
18159,0.0002502036513760686
18160,0.00040173280285671353
18161,0.0002584429457783699
18162,0.00023631496878806502
18163,0.0003246277919970453
18164,0.00024269362620543689
18165,0.0002250464604003355
18166,0.0003662827075459063
18167,0.0003620134375523776
18168,0.00030764241819269955
18169,0.00032484333496540785
18170,0.0003102911578025669
18171,0.00021889450727030635
18172,0.0002665332576725632
18173,0.00023712884285487235
18174,0.0002999631396960467
18175,0.0003211497678421438
18176,0.0002472336054779589
18177,0.00021896109683439136
18178,0.00022877503943163902
18179,0.00025690888287499547
18180,0.00027651540585793555
18181,0.00035245242179371417
18182,0.0003578171308618039
18183,0.00027842712006531656
18184,0.00019964923558291048
18185,0.00029378265026025474
18186,0.0005021764663979411
18187,0.0003421204164624214
18188,0.00036792430910281837
18189,0.00034422610769979656
18190,0.00025532516883686185
18191,0.00027672870783135295
18192,0.0002933874784503132
18193,0.00031922804191708565
18194,0.0003747962764464319
18195,0.00023208855418488383
18196,0.000438917544670403
18197,0.00029447904671542346
18198,0.0003223586536478251
18199,0.00023131952912081033
18200,0.00037636817432940006
18201,0.00025040493346750736
18202,0.00022777738922741264
18203,0.00036062870640307665
18204,0.0003137386520393193
18205,0.0002496832166798413
18206,0.0003042625030502677
18207,0.00027840922120958567
18208,0.00031380090513266623
18209,0.0002194400440203026
18210,0.0003656170447356999
18211,0.0003124001668766141
18212,0.00027497726841829717
18213,0.00019942082872148603
18214,0.0002788742131087929
18215,0.0003751266922336072
18216,0.00024338331422768533
18217,0.00040341063868254423
18218,0.0002837714273482561
18219,0.00023922068066895008
18220,0.0004760725423693657
18221,0.00027212241548113525
18222,0.00023941986728459597
18223,0.0003049071819987148
18224,0.00028256975929252803
18225,0.00036479008849710226
18226,0.00027720839716494083
18227,0.0002902056439779699
18228,0.00026810134295374155
18229,0.00034323305590078235
18230,0.00024558522272855043
18231,0.000282508903183043
18232,0.00027600396424531937
18233,0.0003416465478949249
18234,0.00035859920899383724
18235,0.00023439520737156272
18236,0.00035648199263960123
18237,0.00030045973835512996
18238,0.0002622158208396286
18239,0.0002848101721610874
18240,0.00026055730995722115
18241,0.00033806246938183904
18242,0.00025190613814629614
18243,0.00022811874805483967
18244,0.0002646651118993759
18245,0.0002462553675286472
18246,0.0002693025453481823
18247,0.0006137358723208308
18248,0.0003074370906688273
18249,0.00033128209179267287
18250,0.00021732851746492088
18251,0.00027675763703882694
18252,0.00033962211455218494
18253,0.00029117034864611924
18254,0.00020960724214091897
18255,0.00028592682792805135
18256,0.00033998634899035096
18257,0.0002468417806085199
18258,0.00022266026644501835
18259,0.00026457387139089406
18260,0.00026482477551326156
18261,0.00020579952979460359
18262,0.00038754529668949544
18263,0.0003188033006154001
18264,0.000245656818151474
18265,0.0002965671301353723
18266,0.0003531007969286293
18267,0.00022335971880238503
18268,0.00039780663792043924
18269,0.0003001919249072671
18270,0.0002286607341375202
18271,0.000277975806966424
18272,0.00030478101689368486
18273,0.0003167640243191272
18274,0.0003326381556689739
18275,0.00022462547349277884
18276,0.0003671693557407707
18277,0.00034079907345585525
18278,0.0002687190717551857
18279,0.0002455268404446542
18280,0.00023484321718569845
18281,0.0003032067324966192
18282,0.00022406227071769536
18283,0.00024961528833955526
18284,0.00029482581885531545
18285,0.00026006237021647394
18286,0.00021931740047875792
18287,0.0002359972713747993
18288,0.0003523362975101918
18289,0.0002955776290036738
18290,0.00028265477158129215
18291,0.0002449891180731356
18292,0.0002622166939545423
18293,0.0003624235687311739
18294,0.00021984607155900449
18295,0.00028715573716908693
18296,0.00022850856475997716
18297,0.00034235086059197783
18298,0.00021630867558997124
18299,0.0003930494131054729
18300,0.00036611754330806434
18301,0.00025773176457732916
18302,0.00022827752400189638
18303,0.0003381542628630996
18304,0.0003520931932143867
18305,0.0003457414568401873
18306,0.00025658425875008106
18307,0.00027661945205181837
18308,0.0002695918083190918
18309,0.00023187091574072838
18310,0.00030965442419983447
18311,0.0002457178197801113
18312,0.0002779076748993248
18313,0.0003610609855968505
18314,0.00020318423048593104
18315,0.0002660246682353318
18316,0.0003274582850281149
18317,0.0002360184589633718
18318,0.00031822259188629687
18319,0.0002285360242240131
18320,0.00023070817405823618
18321,0.00035597430542111397
18322,0.00028081194614060223
18323,0.0003989586839452386
18324,0.00022185999841894954
18325,0.0003538011806085706
18326,0.00024200216284953058
18327,0.00032398448092862964
18328,0.0002169179351767525
18329,0.00020755850709974766
18330,0.0002565279428381473
18331,0.00024749443400651217
18332,0.0002064881264232099
18333,0.0003336645313538611
18334,0.0002774684689939022
18335,0.0002478903334122151
18336,0.00028203395777381957
18337,0.0003845588944386691
18338,0.00029990082839503884
18339,0.0001952291640918702
18340,0.00024622317869216204
18341,0.0002661262406036258
18342,0.0003432166122365743
18343,0.00026126447482965887
18344,0.00023043299734126776
18345,0.0003258066135458648
18346,0.00024047518672887236
18347,0.0002551978686824441
18348,0.0002209458325523883
18349,0.0002745403617154807
18350,0.000226768825086765
18351,0.00021612440468743443
18352,0.00022996097686700523
18353,0.00025108526460826397
18354,0.0005359522183425725
18355,0.0003033657558262348
18356,0.00028187994030304253
18357,0.00034306131419725716
18358,0.0002391272282693535
18359,0.0002961284189950675
18360,0.0002293117286171764
18361,0.0002808266144711524
18362,0.00026082139811478555
18363,0.00024485407629981637
18364,0.0002420887176413089
18365,0.0003108993114437908
18366,0.0002595091937109828
18367,0.00024644393124617636
18368,0.0003151525743305683
18369,0.0002519060508348048
18370,0.0004461978969629854
18371,0.0002791807637549937
18372,0.00022099401394370943
18373,0.0002758497139438987
18374,0.00033713236916810274
18375,0.0002955743111670017
18376,0.00024777697399258614
18377,0.00017598691920284182
18378,0.0002779703645501286
18379,0.00022653838095720857
18380,0.00031098921317607164
18381,0.00032095788628794253
18382,0.0003357541572768241
18383,0.0004478553310036659
18384,0.00035444306558929384
18385,0.0002051048504654318
18386,0.00031257420778274536
18387,0.00037710610195063055
18388,0.00019006109505426139
18389,0.00021122401813045144
18390,0.0002468207967467606
18391,0.00035027999547310174
18392,0.0002952977956738323
18393,0.00035037880297750235
18394,0.00022019054449629039
18395,0.00029338334570638835
18396,0.00030990957748144865
18397,0.0003711650788318366
18398,0.00026022735983133316
18399,0.00020445635891519487
18400,0.0003154362493660301
18401,0.0003856627154164016
18402,0.0002756653702817857
18403,0.00024007848696783185
18404,0.0003167887916788459
18405,0.0002628360816743225
18406,0.000273777695838362
18407,0.00022770756913814694
18408,0.00019854966376442462
18409,0.0002414009504718706
18410,0.00024226027016993612
18411,0.0002849803422577679
18412,0.0003393151855561882
18413,0.0002339867496630177
18414,0.00021920862491242588
18415,0.00035611921339295805
18416,0.000277158513199538
18417,0.0002492661587893963
18418,0.00027122432948090136
18419,0.00026763894129544497
18420,0.000245900999289006
18421,0.00024912183289416134
18422,0.0003440874279476702
18423,0.0003035908448509872
18424,0.00030434373184107244
18425,0.00028151183505542576
18426,0.0005829794681631029
18427,0.00018969799566548318
18428,0.00034641812089830637
18429,0.00025598955107852817
18430,0.00041993928607553244
18431,0.0002726529201027006
18432,0.00026240921579301357
18433,0.00021499015565495938
18434,0.0003335982037242502
18435,0.00022527355758938938
18436,0.0003914648259524256
18437,0.0003055644338019192
18438,0.0002625183842610568
18439,0.0002867972943931818
18440,0.00021481170551851392
18441,0.0002405569248367101
18442,0.0002855248167179525
18443,0.00023004364629741758
18444,0.00022322307631839067
18445,0.00031233616755343974
18446,0.0003304559795651585
18447,0.00023924699053168297
18448,0.0002700724871829152
18449,0.00022342817101161927
18450,0.00028895545983687043
18451,0.0003127768577542156
18452,0.0002637118741404265
18453,0.000289923045784235
18454,0.0002606617345008999
18455,0.00031642394606024027
18456,0.0002670397807378322
18457,0.00027323156245984137
18458,0.00022134071332402527
18459,0.0002919356629718095
18460,0.0003191053692717105
18461,0.00027514499379321933
18462,0.0003525959618855268
18463,0.00019058206817135215
18464,0.00023326289374381304
18465,0.0002629585505928844
18466,0.00028440350433811545
18467,0.0003076427092310041
18468,0.00022906505910214037
18469,0.00023033043544273823
18470,0.00044074159814044833
18471,0.00033959851134568453
18472,0.00027338499785400927
18473,0.00030783360125496984
18474,0.00036016927333548665
18475,0.00020585634047165513
18476,0.00029204331804066896
18477,0.00021057702542748302
18478,0.0002794548054225743
18479,0.00043504542554728687
18480,0.0002531203208491206
18481,0.0002988625201396644
18482,0.0002392740861978382
18483,0.0003528287634253502
18484,0.0002689990506041795
18485,0.00042882742127403617
18486,0.0002215466956840828
18487,0.0002913864445872605
18488,0.0002866250288207084
18489,0.00025637284852564335
18490,0.00023527596204075962
18491,0.00021774506603833288
18492,0.0003023048921022564
18493,0.00025784739409573376
18494,0.00023987541499082
18495,0.0002934657677542418
18496,0.0003122613416053355
18497,0.00020086577569600195
18498,0.0004428688553161919
18499,0.00026985883596353233
18500,0.00019942072685807943
18501,0.00029611517675220966
18502,0.00026768556563183665
18503,0.00034208258148282766
18504,0.0002590682706795633
18505,0.0002746483951341361
18506,0.0002448199375066906
18507,0.00024204692454077303
18508,0.00030976239941082895
18509,0.00028861474129371345
18510,0.00028384957113303244
18511,0.00033293740125373006
18512,0.0002593423123471439
18513,0.00027735010371543467
18514,0.0003710269520524889
18515,0.00023394984600599855
18516,0.00033190619433298707
18517,0.00030341901583597064
18518,0.00034162329393438995
18519,0.0002502146817278117
18520,0.0002174700057366863
18521,0.0003097068110946566
18522,0.0002647967776283622
18523,0.0004907545517198741
18524,0.00020516733638942242
18525,0.00023145240265876055
18526,0.00044951747986488044
18527,0.0002537005639169365
18528,0.0003108819364570081
18529,0.0002673262788448483
18530,0.0003736435028258711
18531,0.0002579559513833374
18532,0.00027839976246468723
18533,0.0003315506037324667
18534,0.00025923908106051385
18535,0.00023979398247320205
18536,0.0002493911888450384
18537,0.00029153464129194617
18538,0.0002632435644045472
18539,0.0002807214332278818
18540,0.0002219181478722021
18541,0.00024746370036154985
18542,0.0002663494669832289
18543,0.0002752873988356441
18544,0.00028050923720002174
18545,0.00026335337315686047
18546,0.0002332243020646274
18547,0.00036519422428682446
18548,0.0002552009536884725
18549,0.00021875352831557393
18550,0.0002855382044799626
18551,0.0002868584415409714
18552,0.00024817889789119363
18553,0.00030801104730926454
18554,0.00032491906313225627
18555,0.0002885055437218398
18556,0.00035557750379666686
18557,0.00023289024829864502
18558,0.0002710352709982544
18559,0.00026216026162728667
18560,0.0003690302837640047
18561,0.0002455104549881071
18562,0.00038827137905173004
18563,0.00020137209503445774
18564,0.00022994283062871546
18565,0.0002463709097355604
18566,0.00022203486878424883
18567,0.0002725104568526149
18568,0.00043238946818746626
18569,0.00023959839018061757
18570,0.00026973552303388715
18571,0.00024825698346830904
18572,0.00031509995460510254
18573,0.00020617323752958328
18574,0.00033002064446918666
18575,0.0003677062049973756
18576,0.00027913443045690656
18577,0.00020814378513023257
18578,0.00024267392291221768
18579,0.0002742718788795173
18580,0.00022291336790658534
18581,0.00023102900013327599
18582,0.00025746767641976476
18583,0.00032361139892600477
18584,0.0003194371529389173
18585,0.0002534683735575527
18586,0.00027005095034837723
18587,0.0004014780861325562
18588,0.00027040400891564786
18589,0.00023110714391805232
18590,0.00029252018430270255
18591,0.0002468543825671077
18592,0.00023873330792412162
18593,0.00020861912344116718
18594,0.00033464020816609263
18595,0.0002301891945535317
18596,0.0004578008083626628
18597,0.00031987260445021093
18598,0.0002568677009548992
18599,0.00020358269102871418
18600,0.00024529904476366937
18601,0.00024069592473097146
18602,0.00023405496904160827
18603,0.00028859448502771556
18604,0.0003299284144304693
18605,0.0002402118843747303
18606,0.00029012831510044634
18607,0.00024060593568719923
18608,0.0002655315911397338
18609,0.00023766999947838485
18610,0.00023391711874864995
18611,0.0002457145310472697
18612,0.00029646334587596357
18613,0.00020169562776573002
18614,0.0002056313242064789
18615,0.0002771373838186264
18616,0.0002737772010732442
18617,0.0002482564595993608
18618,0.00036744342651218176
18619,0.0004568368021864444
18620,0.0002188883809139952
18621,0.00021007255418226123
18622,0.00023594804224558175
18623,0.00033079463173635304
18624,0.00030188410892151296
18625,0.00035360443871468306
18626,0.0002696526644285768
18627,0.000286120775854215
18628,0.0002070696937153116
18629,0.00024365888384636492
18630,0.0002457943628542125
18631,0.0003300892421975732
18632,0.0002578070852905512
18633,0.0001819676108425483
18634,0.00022675644140690565
18635,0.00022735298261977732
18636,0.0002797471242956817
18637,0.00028649764135479927
18638,0.0003357952809892595
18639,0.0002293889847351238
18640,0.00026001324295066297
18641,0.0002759524795692414
18642,0.0002972909715026617
18643,0.00023843425151426345
18644,0.00029109930619597435
18645,0.00019115371105726808
18646,0.00024066331388894469
18647,0.0002309349220013246
18648,0.00022914927103556693
18649,0.00021990419190842658
18650,0.0002386406995356083
18651,0.00019977099145762622
18652,0.00023488327860832214
18653,0.00021944812033325434
18654,0.00030573978438042104
18655,0.0002939021505881101
18656,0.000294939469313249
18657,0.0002565371396485716
18658,0.000249558303039521
18659,0.00018658804765436798
18660,0.00037411568337120116
18661,0.00033156669815070927
18662,0.0002746529644355178
18663,0.00026021659141406417
18664,0.00036371711757965386
18665,0.00024658982874825597
18666,0.00022763822926208377
18667,0.0002472171909175813
18668,0.0003554585564415902
18669,0.0003350354381836951
18670,0.00024442310677841306
18671,0.00032025197288021445
18672,0.00033185185748152435
18673,0.0002608925278764218
18674,0.0003496995195746422
18675,0.00029618735425174236
18676,0.00030413217609748244
18677,0.0002379886427661404
18678,0.0003356791567057371
18679,0.0002286345697939396
18680,0.0002806641859933734
18681,0.0003377588000148535
18682,0.000224003815674223
18683,0.00026559820980764925
18684,0.00021497612760867923
18685,0.0002868455194402486
18686,0.0003507233050186187
18687,0.0003137092280667275
18688,0.00024276851036120206
18689,0.00022576576157007366
18690,0.00023344189685303718
18691,0.0003134146681986749
18692,0.0002701352641452104
18693,0.00022872808040119708
18694,0.00027548891375772655
18695,0.00025392189854756
18696,0.00032927319989539683
18697,0.00029003320378251374
18698,0.0003516158612910658
18699,0.0002676699368748814
18700,0.0002052091876976192
18701,0.0002997506526298821
18702,0.0002942988066934049
18703,0.00034985446836799383
18704,0.00021940104488749057
18705,0.0002555221726652235
18706,0.00038693510578013957
18707,0.0003176189784426242
18708,0.00029300813912414014
18709,0.0003367678727954626
18710,0.00027037801919505
18711,0.0004006718809250742
18712,0.00026001431979238987
18713,0.00027347495779395103
18714,0.00020300001779105514
18715,0.00026971392799168825
18716,0.0002839936933014542
18717,0.00029417837504297495
18718,0.00024660039343871176
18719,0.00039403195842169225
18720,0.00018982397159561515
18721,0.00025232898769900203
18722,0.00024787901202216744
18723,0.00031247406150214374
18724,0.0002809297002386302
18725,0.00025154033210128546
18726,0.0003268554573878646
18727,0.0003366963064763695
18728,0.00035277821007184684
18729,0.0002539720735512674
18730,0.00024922509328462183
18731,0.00027896574465557933
18732,0.0002669111709110439
18733,0.00019616290228441358
18734,0.00028887082589790225
18735,0.00022663382696919143
18736,0.0002881688706111163
18737,0.00025594173348508775
18738,0.00025544653180986643
18739,0.0003311141044832766
18740,0.00022504825028590858
18741,0.00037404560134746134
18742,0.0002901895495597273
18743,0.0002691290865186602
18744,0.00034870163653977215
18745,0.00024429504992440343
18746,0.0003244477848056704
18747,0.0003724219568539411
18748,0.0003102225891780108
18749,0.0003261597885284573
18750,0.00023842205700930208
18751,0.00032131283660419285
18752,0.0002490294282324612
18753,0.00035167825990356505
18754,0.00023824730305932462
18755,0.0002840248344000429
18756,0.00026062733377330005
18757,0.00026234722463414073
18758,0.00023492940817959607
18759,0.0002467499871272594
18760,0.0002494008804205805
18761,0.00023746218357700855
18762,0.0002567180199548602
18763,0.0002519439731258899
18764,0.0002846310380846262
18765,0.00021452424698509276
18766,0.0002285593218402937
18767,0.0002576019032858312
18768,0.00023719760065432638
18769,0.00026756100123748183
18770,0.00033094469108618796
18771,0.0002532981743570417
18772,0.0003004451282322407
18773,0.00032615309464745224
18774,0.00021638358884956688
18775,0.0003130931581836194
18776,0.0003887960338033736
18777,0.00022227285080589354
18778,0.000346572749549523
18779,0.0002482258132658899
18780,0.000222572052734904
18781,0.00027760013472288847
18782,0.0002874291967600584
18783,0.000340101367328316
18784,0.0002508255129214376
18785,0.00019894410797860473
18786,0.00028011968242935836
18787,0.0002688885433599353
18788,0.0002887179725803435
18789,0.0002681224141269922
18790,0.00023778171453159302
18791,0.0002339725469937548
18792,0.0002386721025686711
18793,0.00032969447784125805
18794,0.00018146008369512856
18795,0.00029426050605252385
18796,0.00023976262309588492
18797,0.00023161260469350964
18798,0.00025138893397524953
18799,0.00036919701960869133
18800,0.0002664194907993078
18801,0.0003277564828749746
18802,0.00029454941977746785
18803,0.00021462401491589844
18804,0.0002534275990910828
18805,0.0002226746582891792
18806,0.0003240095393266529
18807,0.00026891782181337476
18808,0.00020075179054401815
18809,0.0002629035443533212
18810,0.0002412741450825706
18811,0.00021829189790878445
18812,0.00024278183991555125
18813,0.00022807045024819672
18814,0.00028863557963632047
18815,0.00027591182151809335
18816,0.0003291381581220776
18817,0.00024713564198464155
18818,0.0002523050643503666
18819,0.0002558441483415663
18820,0.00022710513439960778
18821,0.0003427268238738179
18822,0.00033978844294324517
18823,0.0003656093613244593
18824,0.00023823941592127085
18825,0.0002620839804876596
18826,0.00024385932192672044
18827,0.0002576122060418129
18828,0.000308685761410743
18829,0.00032924689003266394
18830,0.0002661414328031242
18831,0.00046016855048947036
18832,0.00023098726524040103
18833,0.00025590494624339044
18834,0.00024152295372914523
18835,0.0002857961517293006
18836,0.00021659799676854163
18837,0.0002699216129258275
18838,0.0002187560749007389
18839,0.00022529371199198067
18840,0.0002945968881249428
18841,0.00035019597271457314
18842,0.0002186056663049385
18843,0.00023222043819259852
18844,0.00025565378018654883
18845,0.00020738573221024126
18846,0.00025109355919994414
18847,0.00031248125014826655
18848,0.0003660943475551903
18849,0.0001894755696412176
18850,0.00025146055850200355
18851,0.0002543985901866108
18852,0.00037779624108225107
18853,0.000282676744973287
18854,0.00027784466510638595
18855,0.00021778486552648246
18856,0.00022121753136161715
18857,0.0003068223304580897
18858,0.00016561541997361928
18859,0.0002849227166734636
18860,0.0003765559522435069
18861,0.00030702821095474064
18862,0.00025164379621855915
18863,0.0003721602261066437
18864,0.0002791133592836559
18865,0.0002523299481254071
18866,0.00023512101324740797
18867,0.00023971538757905364
18868,0.000250731420237571
18869,0.00045848533045500517
18870,0.00026547705056145787
18871,0.0002952832146547735
18872,0.00037075302680023015
18873,0.0002859824162442237
18874,0.00030119321309030056
18875,0.0002844949485734105
18876,0.00019914627773687243
18877,0.0002439823147142306
18878,0.00022845907369628549
18879,0.0002504939038772136
18880,0.0003535686992108822
18881,0.0002941200218629092
18882,0.00020321071497164667
18883,0.00022385054035112262
18884,0.00036888758768327534
18885,0.00024435066734440625
18886,0.0003509162343107164
18887,0.00024249378475360572
18888,0.0002669923414941877
18889,0.0002909234317485243
18890,0.00035313257831148803
18891,0.00027072898228652775
18892,0.000245837087277323
18893,0.0002448438317514956
18894,0.00022299335978459567
18895,0.0002546118921600282
18896,0.0002169508661609143
18897,0.00029495329363271594
18898,0.0001929853024194017
18899,0.00036063839797861874
18900,0.0002608025970403105
18901,0.0003912905522156507
18902,0.0002065724547719583
18903,0.00026310794055461884
18904,0.0002867096336558461
18905,0.00019857395091094077
18906,0.0003122031921520829
18907,0.0003834560338873416
18908,0.0003127763920929283
18909,0.00027357161161489785
18910,0.00021698960335925221
18911,0.00021129168453626335
18912,0.0001953576720552519
18913,0.00025019439635798335
18914,0.00036326830741018057
18915,0.0002556205727159977
18916,0.00032945239217951894
18917,0.00028193090111017227
18918,0.000281473679933697
18919,0.00031067838426679373
18920,0.0002366849221289158
18921,0.00026006755069829524
18922,0.00039151764940470457
18923,0.00036971279769204557
18924,0.00026386132230982184
18925,0.0003374892403371632
18926,0.00035179845872335136
18927,0.0003769253962673247
18928,0.00025989991263486445
18929,0.00022986334806773812
18930,0.00042021877015940845
18931,0.00025750070926733315
18932,0.000256701692705974
18933,0.0002768371195998043
18934,0.00026947687729261816
18935,0.0003735884092748165
18936,0.0002685489598661661
18937,0.0002913758216891438
18938,0.00046456846757791936
18939,0.00028416802524589
18940,0.00028260707040317357
18941,0.00029102261760272086
18942,0.00036297691985964775
18943,0.000299272098345682
18944,0.000223605937208049
18945,0.00021655768796335906
18946,0.0002731266722548753
18947,0.0002281506167491898
18948,0.000280797656159848
18949,0.00031307677272707224
18950,0.000310632138280198
18951,0.00025826008641161025
18952,0.00023083644919097424
18953,0.00021508015925064683
18954,0.00022612945758737624
18955,0.00024871117784641683
18956,0.0003600875788833946
18957,0.00024621537886559963
18958,0.0002823179529514164
18959,0.00023243822215590626
18960,0.0003266215790063143
18961,0.00030311636510305107
18962,0.00024622681667096913
18963,0.0005106517928652465
18964,0.00034252917976118624
18965,0.0002828851283993572
18966,0.0002776726323645562
18967,0.00027410799521021545
18968,0.000308003684040159
18969,0.0002927066816482693
18970,0.0002477715315762907
18971,0.00024123354523908347
18972,0.00021143961930647492
18973,0.00026430757134221494
18974,0.00038341546314768493
18975,0.00024152053811121732
18976,0.00019664537103381008
18977,0.00046814358211122453
18978,0.00026209623320028186
18979,0.0002183204487664625
18980,0.00023345823865383863
18981,0.00033522650483064353
18982,0.00022432077093981206
18983,0.00026413280284032226
18984,0.0002306141977896914
18985,0.00024246139219030738
18986,0.00025885735522024333
18987,0.00024645013036206365
18988,0.00026609652559272945
18989,0.00035141195985488594
18990,0.0002366849221289158
18991,0.0003668831195682287
18992,0.00026410719146952033
18993,0.00022020663891453296
18994,0.00023764085199218243
18995,0.00029026076663285494
18996,0.0003031631640624255
18997,0.00026683768373914063
18998,0.0002701646008063108
18999,0.0002261206100229174
19000,0.0002340532373636961
19001,0.0002738046459853649
19002,0.00016933710139710456
19003,0.0002465486468281597
19004,0.00031130906427279115
19005,0.000267112220171839
19006,0.0003239819488953799
19007,0.0002205126074841246
19008,0.0002885212888941169
19009,0.00023254046391230077
19010,0.0002754292800091207
19011,0.0003008491767104715
19012,0.0002209681988460943
19013,0.00034586191759444773
19014,0.0002467011217959225
19015,0.0002523600705899298
19016,0.0002771942818071693
19017,0.00043872572132386267
19018,0.00027645568479783833
19019,0.0002951544302050024
19020,0.0002034285425907001
19021,0.0002564129827078432
19022,0.0004229774640407413
19023,0.00026219984283670783
19024,0.0002662877959664911
19025,0.0002720561751630157
19026,0.000300733488984406
19027,0.00024853867944329977
19028,0.0004744011093862355
19029,0.00025264808209612966
19030,0.00026983022689819336
19031,0.00024849659530445933
19032,0.0003253509639762342
19033,0.00030400644754990935
19034,0.00032516909413971007
19035,0.00021625506633426994
19036,0.00024149823002517223
19037,0.000326246430631727
19038,0.00035544432466849685
19039,0.00027612445410341024
19040,0.0003548618406057358
19041,0.0002455391804687679
19042,0.0003197689075022936
19043,0.00023110357869882137
19044,0.00022863017511554062
19045,0.00023948588932398707
19046,0.00025041846674866974
19047,0.0003634860331658274
19048,0.0002697871532291174
19049,0.0003640785871539265
19050,0.00040232393075712025
19051,0.0002695216389838606
19052,0.00028465178911574185
19053,0.0002689257962629199
19054,0.00024096608103718609
19055,0.00019585012341849506
19056,0.00035903966636396945
19057,0.0003047481004614383
19058,0.00022457807790488005
19059,0.0002509820624254644
19060,0.00023213171516545117
19061,0.0003672578895930201
19062,0.0002333274023840204
19063,0.0004445046652108431
19064,0.0002264344075229019
19065,0.0002588846837170422
19066,0.00027234782464802265
19067,0.00026382613577879965
19068,0.00028373542590998113
19069,0.00023317430168390274
19070,0.00037754408549517393
19071,0.0002054027427220717
19072,0.0002248894452350214
19073,0.00021367741283029318
19074,0.00020735910220537335
19075,0.000252532830927521
19076,0.0003367410972714424
19077,0.00023865750699769706
19078,0.0002618975704535842
19079,0.0002646694774739444
19080,0.0002605690388008952
19081,0.00024087690690066665
19082,0.0002308941475348547
19083,0.00022596157214138657
19084,0.000254438171396032
19085,0.00029522733530029655
19086,0.00035681959707289934
19087,0.00020548197790049016
19088,0.0003330061153974384
19089,0.00029636643012054265
19090,0.0002459221286699176
19091,0.00028803094755858183
19092,0.00039563915925100446
19093,0.00024384207790717483
19094,0.00021812804334331304
19095,0.0002674823335837573
19096,0.0002767543774098158
19097,0.0001870132255135104
19098,0.00033345090923830867
19099,0.0002570932556409389
19100,0.00025328301126137376
19101,0.00018564560741651803
19102,0.00026963878190144897
19103,0.00026925455313175917
19104,0.0002911473857238889
19105,0.00033476261887699366
19106,0.0002666902728378773
19107,0.0002396732452325523
19108,0.0003143796348012984
19109,0.00027373904595151544
19110,0.000291454023681581
19111,0.00022401922615244985
19112,0.00024721401860006154
19113,0.0002215193526353687
19114,0.00042195827700197697
19115,0.0003028784703928977
19116,0.0002615460834931582
19117,0.00025325510068796575
19118,0.00031249114545062184
19119,0.00024070452491287142
19120,0.0002511432394385338
19121,0.0004088908317498863
19122,0.00032387280953116715
19123,0.00026726446230895817
19124,0.000234836115851067
19125,0.00040177800110541284
19126,0.0004143152036704123
19127,0.00026389272534288466
19128,0.0004033783043269068
19129,0.000272087607299909
19130,0.0002465218130964786
19131,0.00029114767676219344
19132,0.0002946419408544898
19133,0.0003814391966443509
19134,0.00046362285502254963
19135,0.00023996629170142114
19136,0.00031634053448215127
19137,0.0002493547217454761
19138,0.00024494752869941294
19139,0.0002555640821810812
19140,0.00022151789744384587
19141,0.0002655103162396699
19142,0.00031093606958165765
19143,0.000218881294131279
19144,0.00024201060296036303
19145,0.00024748663417994976
19146,0.00029107005684636533
19147,0.000439207477029413
19148,0.0002086313907057047
19149,0.00041580398101359606
19150,0.00026265057385899127
19151,0.0003087903605774045
19152,0.00039422998088411987
19153,0.00029973723576404154
19154,0.000249990145675838
19155,0.0003965135256294161
19156,0.0003105989017058164
19157,0.00025479288888163865
19158,0.00023948588932398707
19159,0.00027013279031962156
19160,0.0002706917584873736
19161,0.0003130262775812298
19162,0.0002501071721781045
19163,0.0002213017869507894
19164,0.00031369063071906567
19165,0.0002501606068108231
19166,0.00024833864881657064
19167,0.000232541817240417
19168,0.00023737060837447643
19169,0.0002632305840961635
19170,0.0003013807872775942
19171,0.0002653030096553266
19172,0.0003015046822838485
19173,0.00022600148804485798
19174,0.0002098454424412921
19175,0.000200469876290299
19176,0.00034838629653677344
19177,0.0002813933533616364
19178,0.00037675126804970205
19179,0.0003029430808965117
19180,0.0002852209145203233
19181,0.00020767500973306596
19182,0.00021137954900041223
19183,0.00023481760581489652
19184,0.00024831469636410475
19185,0.00021818418463226408
19186,0.0003201656218152493
19187,0.0002825917035806924
19188,0.0002662161714397371
19189,0.0003087862569373101
19190,0.00019210850587114692
19191,0.0002525821910239756
19192,0.00028930039843544364
19193,0.0003303120902273804
19194,0.00023907553986646235
19195,0.000311787094688043
19196,0.00022322079166769981
19197,0.00025050362455658615
19198,0.0003666063421405852
19199,0.0002452624321449548
19200,0.0002976051764562726
19201,0.00031286157900467515
19202,0.0002441400574753061
19203,0.00023910107847768813
19204,0.00021243661467451602
19205,0.00023296942526940256
19206,0.00031589457648806274
19207,0.00025261746486648917
19208,0.00025448729866184294
19209,0.00027967721689492464
19210,0.00033267957041971385
19211,0.0002355199248995632
19212,0.00027266808319836855
19213,0.00020197444246150553
19214,0.0002505291486158967
19215,0.0002383811806794256
19216,0.000327489513438195
19217,0.000188585530850105
19218,0.0002455860667396337
19219,0.0002405039413133636
19220,0.0002582200977485627
19221,0.0003637329791672528
19222,0.00039805585402064025
19223,0.0002836720086634159
19224,0.00033068901393562555
19225,0.0003562779165804386
19226,0.0002664935600478202
19227,0.00032136018853634596
19228,0.00022327974147628993
19229,0.00023472344037145376
19230,0.00019503853400237858
19231,0.00032205754541791975
19232,0.00023250958474818617
19233,0.0002892149204853922
19234,0.0003003841557074338
19235,0.00031952495919540524
19236,0.0003495710843708366
19237,0.0003153529833070934
19238,0.00032879578066058457
19239,0.0003744098066817969
19240,0.00020672971731983125
19241,0.00026337505551055074
19242,0.000234637685935013
19243,0.0002273487189086154
19244,0.00034720980329439044
19245,0.00024530477821826935
19246,0.00023603736190125346
19247,0.0002869774179998785
19248,0.0002918182872235775
19249,0.0003052217361982912
19250,0.000323539599776268
19251,0.00025657578953541815
19252,0.00024216219026129693
19253,0.00019268108007963747
19254,0.0002377096243435517
19255,0.00028844914049841464
19256,0.0002512957726139575
19257,0.0002601308806333691
19258,0.0003119207685813308
19259,0.00025342361186631024
19260,0.00023845789837650955
19261,0.0002130798384314403
19262,0.000324918219121173
19263,0.00025438147713430226
19264,0.00023215889814309776
19265,0.00023613667872268707
19266,0.00029530705069191754
19267,0.0003140121989417821
19268,0.00024495573597960174
19269,0.00026405046810396016
19270,0.0002479419927112758
19271,0.00021714875765610486
19272,0.00027092863456346095
19273,0.00031348815537057817
19274,0.00033251976128667593
19275,0.00026144535513594747
19276,0.0004329464281909168
19277,0.00038403476355597377
19278,0.0002449548046570271
19279,0.00026443807291798294
19280,0.000307855021674186
19281,0.0002952705544885248
19282,0.00023328300449065864
19283,0.0002125777828041464
19284,0.00024701020447537303
19285,0.0003817104152403772
19286,0.00025555072352290154
19287,0.00026965801953338087
19288,0.00025353452656418085
19289,0.00021829229081049562
19290,0.00028388138161972165
19291,0.000247046205913648
19292,0.0002527306496631354
19293,0.0003075920103583485
19294,0.00020001981465611607
19295,0.00028856395510956645
19296,0.0001976855273824185
19297,0.0002478166134096682
19298,0.00034856671118177474
19299,0.0003107559750787914
19300,0.0002439520467305556
19301,0.00026540044927969575
19302,0.0002821561065502465
19303,0.0002518349210731685
19304,0.00020738097373396158
19305,0.00019849120872095227
19306,0.0004124499682802707
19307,0.00040408605127595365
19308,0.00035813773865811527
19309,0.0003429607895668596
19310,0.000249221600824967
19311,0.00021565759379882365
19312,0.0003442687157075852
19313,0.0002562786976341158
19314,0.0003464051987975836
19315,0.0003297301009297371
19316,0.0002682810591068119
19317,0.00026758655440062284
19318,0.0003006284823641181
19319,0.0002125210885424167
19320,0.0002675028226803988
19321,0.0002572760568000376
19322,0.0002431639441056177
19323,0.00025023563648574054
19324,0.0003160862543154508
19325,0.00022866495419293642
19326,0.0002282597270095721
19327,0.0003490499802865088
19328,0.0001915425091283396
19329,0.000211185630178079
19330,0.00028076214948669076
19331,0.00021516649576369673
19332,0.00021377456141635776
19333,0.00019968434935435653
19334,0.00027649826370179653
19335,0.00024395047512371093
19336,0.0003955102583859116
19337,0.0004135678173042834
19338,0.00035866591497324407
19339,0.000389660446671769
19340,0.00024732426390983164
19341,0.00025901265325956047
19342,0.00021621961786877364
19343,0.0002792755840346217
19344,0.00034999390481971204
19345,0.00025244138669222593
19346,0.00022863800404593349
19347,0.00021050352370366454
19348,0.0003081944305449724
19349,0.00026575359515845776
19350,0.00026137157692573965
19351,0.0002706218510866165
19352,0.0002913963980972767
19353,0.0002329377894056961
19354,0.00029482931131497025
19355,0.00019501842325553298
19356,0.0003093965642619878
19357,0.00030544152832590044
19358,0.0002602110616862774
19359,0.00023654670803807676
19360,0.0003992529818788171
19361,0.00020136799139436334
19362,0.00029870474827475846
19363,0.00022713570797350258
19364,0.00029695677221752703
19365,0.00019609430455602705
19366,0.000393969239667058
19367,0.00024678470799699426
19368,0.0002573331876192242
19369,0.0002450263127684593
19370,0.00036447090678848326
19371,0.0002472040068823844
19372,0.0001957179483724758
19373,0.00020587943436112255
19374,0.00022492515563499182
19375,0.00016983381647150964
19376,0.0002793886524159461
19377,0.00023255456471815705
19378,0.00025062920758500695
19379,0.00023529653844889253
19380,0.00020854809554293752
19381,0.00019492376304697245
19382,0.00023691728711128235
19383,0.0002892914635594934
19384,0.0002696726587601006
19385,0.00024071414372883737
19386,0.0004246202006470412
19387,0.0002954963129013777
19388,0.000267775816610083
19389,0.0002634469710756093
19390,0.00030465147574432194
19391,0.0002508761826902628
19392,0.0003423165762796998
19393,0.00024656561436131597
19394,0.00020705450151581317
19395,0.0002629177470225841
19396,0.00025372387608513236
19397,0.0002785917022265494
19398,0.0002886835718527436
19399,0.0002621299063321203
19400,0.00028104602824896574
19401,0.0002804883406497538
19402,0.00036404316779226065
19403,0.0002514666994102299
19404,0.00030597226577810943
19405,0.00027248504920862615
19406,0.00022937233734410256
19407,0.0002098532422678545
19408,0.00025251691113226116
19409,0.0003111746918875724
19410,0.00024517058045603335
19411,0.00017870712326839566
19412,0.00034430838422849774
19413,0.0002949673216789961
19414,0.000274613470537588
19415,0.00025484259822405875
19416,0.0002931884955614805
19417,0.0002964849700219929
19418,0.0003816904791165143
19419,0.0002706891391426325
19420,0.00021451743668876588
19421,0.0002861362008843571
19422,0.00025817425921559334
19423,0.00027218213654123247
19424,0.00021232508879620582
19425,0.0003147739334963262
19426,0.0003666175762191415
19427,0.00025086326058954
19428,0.0002861683606170118
19429,0.00021512413513846695
19430,0.00038844856317155063
19431,0.00027066946495324373
19432,0.00023035367485135794
19433,0.00024137753644026816
19434,0.00032515492057427764
19435,0.0002188981306971982
19436,0.00027593757840804756
19437,0.0002688332460820675
19438,0.0003080533351749182
19439,0.0003678800130728632
19440,0.0002799034118652344
19441,0.00023522655828855932
19442,0.00019795024127233773
19443,0.00023161307035479695
19444,0.00019454608263913542
19445,0.00024947040947154164
19446,0.0003108784439973533
19447,0.00023310659162234515
19448,0.00021940180158708245
19449,0.0003090483951382339
19450,0.00036394729977473617
19451,0.000548742595128715
19452,0.00021548553195316344
19453,0.00026486002025194466
19454,0.0002322914224350825
19455,0.000244209571974352
19456,0.00022738732513971627
19457,0.0002225412317784503
19458,0.0003417028929106891
19459,0.00021949877555016428
19460,0.00021732153254561126
19461,0.0002910560288000852
19462,0.00024632946588099003
19463,0.00025531163555569947
19464,0.00032345231738872826
19465,0.00033795039053075016
19466,0.00025746412575244904
19467,0.00022752331278752536
19468,0.0003342295531183481
19469,0.000267202005488798
19470,0.00035850272979587317
19471,0.0002608583599794656
19472,0.0003762884298339486
19473,0.00032164427102543414
19474,0.00021262545487843454
19475,0.0002735703601501882
19476,0.0002638772421050817
19477,0.0003349376784171909
19478,0.00023209159553516656
19479,0.0002503416035324335
19480,0.0002169884683098644
19481,0.0002691434638109058
19482,0.0002499412221368402
19483,0.0002311303251190111
19484,0.00037333567161113024
19485,0.0003176957252435386
19486,0.0003576328163035214
19487,0.00024595967261120677
19488,0.0003030038205906749
19489,0.00034422159660607576
19490,0.0002475004584994167
19491,0.00033403115230612457
19492,0.00027886434691026807
19493,0.00029374498990364373
19494,0.00021338202350307256
19495,0.00020841766672674567
19496,0.0002558859414421022
19497,0.0002672774426173419
19498,0.0002060011465800926
19499,0.00023122565471567214
19500,0.00017598985868971795
19501,0.00031173884053714573
19502,0.00022367772180587053
19503,0.0003209758142475039
19504,0.00027372996555641294
19505,0.0002667818625923246
19506,0.0002522157155908644
19507,0.00016778541612438858
19508,0.0003175476740580052
19509,0.0002706774976104498
19510,0.00046420397120527923
19511,0.0002493311185389757
19512,0.000253658858127892
19513,0.00029306000215001404
19514,0.00021827060845680535
19515,0.0002474523789715022
19516,0.00027164534549228847
19517,0.00028274839860387146
19518,0.00021539478620979935
19519,0.0002777365443762392
19520,0.00027142316685058177
19521,0.0002860363747458905
19522,0.0002485613222233951
19523,0.0002892356424126774
19524,0.00031100455089472234
19525,0.0003094687999691814
19526,0.0003433051460888237
19527,0.0002865820424631238
19528,0.0002144283353118226
19529,0.000383245904231444
19530,0.0002382291859248653
19531,0.0003822894359473139
19532,0.0002261004556203261
19533,0.00023430351575370878
19534,0.00035978868254460394
19535,0.00027783922269009054
19536,0.00020877788483630866
19537,0.0003048378857783973
19538,0.00025937685859389603
19539,0.00028566925902850926
19540,0.0002461983822286129
19541,0.0002479549148119986
19542,0.00034076214069500566
19543,0.00022757019905839115
19544,0.00023222737945616245
19545,0.00031192347523756325
19546,0.0003232563321944326
19547,0.00023233771207742393
19548,0.00027881242567673326
19549,0.00024223010404966772
19550,0.00021010298223700374
19551,0.0002106583269778639
19552,0.0001977331266971305
19553,0.00025284680305048823
19554,0.0002364708052482456
19555,0.00037066900404170156
19556,0.00024332768225576729
19557,0.0002116024843417108
19558,0.0002734591835178435
19559,0.00039011845365166664
19560,0.0002563083544373512
19561,0.000330127018969506
19562,0.00030816197977401316
19563,0.0002624920743983239
19564,0.00028444392955861986
19565,0.0003072767285630107
19566,0.00024220468185376376
19567,0.00026860879734158516
19568,0.0002667718508746475
19569,0.00033045400050468743
19570,0.0002553938829805702
19571,0.0002533831284381449
19572,0.00021762120013590902
19573,0.0002247958182124421
19574,0.00032203420414589345
19575,0.00024353877233806998
19576,0.00025757556431926787
19577,0.0002970198984257877
19578,0.00029599425033666193
19579,0.00023606210015714169
19580,0.00022561897640116513
19581,0.00027428922476246953
19582,0.0001748174981912598
19583,0.00029226159676909447
19584,0.00033379223896190524
19585,0.00020512222545221448
19586,0.00033324561081826687
19587,0.00024301587836816907
19588,0.00028196629136800766
19589,0.00024656785535626113
19590,0.00028859457233920693
19591,0.0002283116918988526
19592,0.00028148273122496903
19593,0.0002252645936096087
19594,0.00036295526660978794
19595,0.0002579819120001048
19596,0.00020238436991348863
19597,0.0003136945015285164
19598,0.00025607546558603644
19599,0.00023615352984052151
19600,0.0002078526304103434
19601,0.00025081890635192394
19602,0.0003275410854257643
19603,0.00022665532014798373
19604,0.000285177695332095
19605,0.0002904848079197109
19606,0.0003532077244017273
19607,0.00025066480156965554
19608,0.0002393454051343724
19609,0.0003205201937817037
19610,0.0002082262362819165
19611,0.0002438392402837053
19612,0.0003406537580303848
19613,0.00024377960653509945
19614,0.00023494582273997366
19615,0.00027037152904085815
19616,0.0002955668023787439
19617,0.00021049291535746306
19618,0.00032036914490163326
19619,0.00034044450148940086
19620,0.0003771012125071138
19621,0.0002523281436879188
19622,0.00026095041539520025
19623,0.0003205491229891777
19624,0.0003241902159061283
19625,0.00026447357959114015
19626,0.00023435398179572076
19627,0.0002467192825861275
19628,0.0002528830082155764
19629,0.0002393579634372145
19630,0.00026936037465929985
19631,0.00020068908634129912
19632,0.0003254550392739475
19633,0.0002974017115775496
19634,0.00026790518313646317
19635,0.0002685644431039691
19636,0.000224425588385202
19637,0.0002507442841306329
19638,0.00030413997592404485
19639,0.00028002893668599427
19640,0.0004574740305542946
19641,0.00026682615862227976
19642,0.0002938596880994737
19643,0.0002207531506428495
19644,0.0002287691895617172
19645,0.00026906526181846857
19646,0.00021595570433419198
19647,0.0002449411549605429
19648,0.0003724690468516201
19649,0.00023499110830016434
19650,0.000293302204227075
19651,0.00032045674743130803
19652,0.0002458813542034477
19653,0.00023884748225100338
19654,0.00026427596458233893
19655,0.0001992855832213536
19656,0.00027998583391308784
19657,0.00021448075131047517
19658,0.00026335669099353254
19659,0.0002718592877499759
19660,0.00024230510462075472
19661,0.00024142158508766443
19662,0.0001881927455542609
19663,0.000290894036879763
19664,0.00024069705978035927
19665,0.00020247232168912888
19666,0.00025793997338041663
19667,0.00025504143559373915
19668,0.0002522722352296114
19669,0.00022146909032016993
19670,0.0002662006882019341
19671,0.0002194458502344787
19672,0.00025034690042957664
19673,0.00020665577903855592
19674,0.0002639465092215687
19675,0.00022640853421762586
19676,0.00026076921494677663
19677,0.0003192646545358002
19678,0.0002468950115144253
19679,0.0002676666190382093
19680,0.00023222849995363504
19681,0.00021748043945990503
19682,0.0004005747032351792
19683,0.00018394694779999554
19684,0.0002027169248322025
19685,0.0003098891756962985
19686,0.000248128199018538
19687,0.0002447807928547263
19688,0.0002787176927085966
19689,0.00021988041407894343
19690,0.00029098859522491693
19691,0.00022950139828026295
19692,0.00024290256260428578
19693,0.00034782104194164276
19694,0.00030253385193645954
19695,0.0003157002793159336
19696,0.00025695751537568867
19697,0.0003243497631046921
19698,0.00043889996595680714
19699,0.0002217184955952689
19700,0.00031149794813245535
19701,0.000276204344118014
19702,0.00035277646384201944
19703,0.0004424922517500818
19704,0.00023097147641237825
19705,0.0002649000962264836
19706,0.00018770701717585325
19707,0.000469085352960974
19708,0.0002814493782352656
19709,0.00015810046170372516
19710,0.0003536505391821265
19711,0.0003179985214956105
19712,0.0002757905749604106
19713,0.0002448245359119028
19714,0.00030512508237734437
19715,0.00036333041498437524
19716,0.0002452663902658969
19717,0.0002814831386785954
19718,0.0002521921996958554
19719,0.00020026497077196836
19720,0.00023987040913198143
19721,0.00022874791466165334
19722,0.00029279175214469433
19723,0.0002998507407028228
19724,0.00039456115337088704
19725,0.000265113718342036
19726,0.0002145568432752043
19727,0.0002766989928204566
19728,0.00021914546960033476
19729,0.00022434668790083379
19730,0.0003413526574149728
19731,0.00036950272624380887
19732,0.00028267395100556314
19733,0.0002660210884641856
19734,0.00024745281552895904
19735,0.00019726739265024662
19736,0.0002479308459442109
19737,0.00031442000181414187
19738,0.00029796292074024677
19739,0.0002359428908675909
19740,0.00025760335847735405
19741,0.0002781318034976721
19742,0.00019766256446018815
19743,0.00021703426318708807
19744,0.0002862521505448967
19745,0.0002793394960463047
19746,0.0002534026571083814
19747,0.00027048628544434905
19748,0.00025474344147369266
19749,0.00026112276827916503
19750,0.000287687114905566
19751,0.0002044623834080994
19752,0.00022888478997629136
19753,0.0002604626934044063
19754,0.0002495192165952176
19755,0.00019080967467743903
19756,0.00020376872271299362
19757,0.00021932384697720408
19758,0.00024412741186097264
19759,0.0002518422552384436
19760,0.00030825487920083106
19761,0.00023456408234778792
19762,0.0003034149995073676
19763,0.00020475819474086165
19764,0.000263650348642841
19765,0.00021399854449555278
19766,0.0003454045217949897
19767,0.0002432119654258713
19768,0.00033927522599697113
19769,0.00025363912573084235
19770,0.0002805091498885304
19771,0.0003428545605856925
19772,0.00035077636130154133
19773,0.00031221527024172246
19774,0.0002278532338095829
19775,0.00021877720428165048
19776,0.00024487214977853
19777,0.00022632691252510995
19778,0.00020574124937411398
19779,0.0002608023933134973
19780,0.00022811930102761835
19781,0.00022515145246870816
19782,0.00026443248498253524
19783,0.00024180854961741716
19784,0.0002277820312883705
19785,0.00023972410417627543
19786,0.0003425274044275284
19787,0.00025807152269408107
19788,0.00021872670913580805
19789,0.000207931938348338
19790,0.0002265377261210233
19791,0.00022129251738078892
19792,0.00024616706650704145
19793,0.00027080581639893353
19794,0.0002486314915586263
19795,0.0002958448603749275
19796,0.00028879946330562234
19797,0.00026424802490510046
19798,0.00024720781948417425
19799,0.00022420025197789073
19800,0.0002841352834366262
19801,0.00026485006674192846
19802,0.000355891534127295
19803,0.0003661040682345629
19804,0.0003200629143975675
19805,0.00028472038684412837
19806,0.00039195906720124185
19807,0.00025731787900440395
19808,0.00022755372629035264
19809,0.0002822777896653861
19810,0.00023786627571098506
19811,0.0002927358145825565
19812,0.00033800172968767583
19813,0.0003353162028361112
19814,0.00025774125242605805
19815,0.0003176894097123295
19816,0.00025880089378915727
19817,0.00026439555222168565
19818,0.0003134219441562891
19819,0.00030860761762596667
19820,0.0002244272327516228
19821,0.0002352692245040089
19822,0.00031845178455114365
19823,0.00026734720449894667
19824,0.00028129882412031293
19825,0.00028582289814949036
19826,0.00023538409732282162
19827,0.00023072406474966556
19828,0.0002793220628518611
19829,0.00024109600053634495
19830,0.000409438565839082
19831,0.0002132117806468159
19832,0.00021773397747892886
19833,0.00030945028993301094
19834,0.0002688686945475638
19835,0.000215900203329511
19836,0.00021083051979076117
19837,0.0002183103351853788
19838,0.00023125643201638013
19839,0.00018711046141106635
19840,0.0002497336536180228
19841,0.0003768173046410084
19842,0.0003372201172169298
19843,0.00022988358978182077
19844,0.000239110755501315
19845,0.0002626167261041701
19846,0.0002097190445056185
19847,0.0002357451303396374
19848,0.0002864155394490808
19849,0.0003830799541901797
19850,0.0003496872668620199
19851,0.00021832079801242799
19852,0.0002318848855793476
19853,0.0003320849791634828
19854,0.00034330986090935767
19855,0.00022364768665283918
19856,0.00030158739537000656
19857,0.0003123007481917739
19858,0.00020334171131253242
19859,0.00025563919916749
19860,0.00019639274978544563
19861,0.00023854130995459855
19862,0.00021319082588888705
19863,0.00021259012282826006
19864,0.00022297173563856632
19865,0.00027367271832190454
19866,0.0003152589488308877
19867,0.0002052354539046064
19868,0.000252755475230515
19869,0.0002909876639023423
19870,0.0002190806408179924
19871,0.00024796504294499755
19872,0.00032465069671161473
19873,0.00021627964451909065
19874,0.00031462477636523545
19875,0.000259193911915645
19876,0.0002089569898089394
19877,0.0002846103743650019
19878,0.00025611073942855
19879,0.0002631676907185465
19880,0.00021120715246070176
19881,0.0003671944432426244
19882,0.00023949267051648349
19883,0.00033122499007731676
19884,0.0002734799636527896
19885,0.00023698090808466077
19886,0.0002370339643675834
19887,0.00028928802930749953
19888,0.00035466247936710715
19889,0.00022382679162546992
19890,0.0002811428566928953
19891,0.00024560902966186404
19892,0.00038334878627210855
19893,0.0002587799390312284
19894,0.00024833506904542446
19895,0.0003063873155042529
19896,0.00018938773428089917
19897,0.0002857669023796916
19898,0.0003378826077096164
19899,0.0002800907823257148
19900,0.0003990149707533419
19901,0.00027943868190050125
19902,0.0003310239699203521
19903,0.0002618159633129835
19904,0.0003279962111264467
19905,0.00021306966664269567
19906,0.0003296610957477242
19907,0.0002290114207426086
19908,0.00036519256536848843
19909,0.00031513432622887194
19910,0.00023368345864582807
19911,0.0002384766994509846
19912,0.00028951323474757373
19913,0.000349720154190436
19914,0.0003267498395871371
19915,0.00025942965294234455
19916,0.00027245708042755723
19917,0.0002767191035673022
19918,0.0002565300092101097
19919,0.0002878699451684952
19920,0.00026697409339249134
19921,0.000218228975427337
19922,0.0003292752953711897
19923,0.0003255841147620231
19924,0.00022150861332193017
19925,0.0003377227403689176
19926,0.0003060658054891974
19927,0.0002836544008459896
19928,0.0002470317995175719
19929,0.00024229429254774004
19930,0.0002275886363349855
19931,0.00026276850258000195
19932,0.00027013651560992
19933,0.00034900958416983485
19934,0.00025504216318950057
19935,0.00036340070073492825
19936,0.0002590977237559855
19937,0.00025980305508710444
19938,0.0002746496465988457
19939,0.00026789814000949264
19940,0.00029147061286494136
19941,0.0003209231945220381
19942,0.00022834348783362657
19943,0.00025938943144865334
19944,0.0002979698474518955
19945,0.00023985696316231042
19946,0.00039067366742528975
19947,0.0002813149185385555
19948,0.0002628744696266949
19949,0.0003935081185773015
19950,0.0002733544970396906
19951,0.0002687605156097561
19952,0.0002723542565945536
19953,0.00035584293073043227
19954,0.0002603891771286726
19955,0.000316748337354511
19956,0.0002945828018710017
19957,0.00023778772447258234
19958,0.0002743700460996479
19959,0.00036231521517038345
19960,0.0004269798519089818
19961,0.0003156884340569377
19962,0.00031874707201495767
19963,0.00019393615366425365
19964,0.0002733728615567088
19965,0.00027037327527068555
19966,0.00022916804300621152
19967,0.0003337363013997674
19968,0.0002354315365664661
19969,0.0003180608036927879
19970,0.000315239216433838
19971,0.0002934597141575068
19972,0.00027945253532379866
19973,0.0003062866162508726
19974,0.0002619778970256448
19975,0.0003179708728566766
19976,0.00033544248435646296
19977,0.0003436257247813046
19978,0.0002768822596408427
19979,0.00024169731477741152
19980,0.00019098541815765202
19981,0.00027309797587804496
19982,0.00022492173593491316
19983,0.00020319058967288584
19984,0.00022451467521023005
19985,0.0002464749850332737
19986,0.0003585943195503205
19987,0.00018852199718821794
19988,0.00027516382397152483
19989,0.00021417075186036527
19990,0.00017785005911719054
19991,0.00025654706405475736
19992,0.0002106686297338456
19993,0.00043696380453184247
19994,0.00023709084780421108
19995,0.00020868965657427907
19996,0.00022739102132618427
19997,0.0002704578510019928
19998,0.00024727827985771
19999,0.00030611411784775555
20000,0.00022889119281899184
20001,0.0001826473162509501
20002,0.00023517338559031487
20003,0.00021945622575003654
20004,0.0002082571154460311
20005,0.00023738364689052105
20006,0.0002531819336581975
20007,0.00029825541423633695
20008,0.0002556590479798615
20009,0.00023086873989086598
20010,0.00023699765733908862
20011,0.00024359520466532558
20012,0.0002655579592101276
20013,0.00024151674006134272
20014,0.00022756907856091857
20015,0.0002743946388363838
20016,0.00020517571829259396
20017,0.00025309514603577554
20018,0.00021630058472510427
20019,0.0002424224658170715
20020,0.00023274811974260956
20021,0.0002664317435119301
20022,0.00029163280851207674
20023,0.00022144167451187968
20024,0.00025660503888502717
20025,0.0002489652542863041
20026,0.0002553712693043053
20027,0.00023331544070970267
20028,0.0002808251010719687
20029,0.00032596272649243474
20030,0.00021568965166807175
20031,0.00021232129074633121
20032,0.00021732952154707164
20033,0.0003469049697741866
20034,0.0002685154031496495
20035,0.0002876523358281702
20036,0.0002147937921108678
20037,0.0004042696382384747
20038,0.00022648347658105195
20039,0.0004220990522298962
20040,0.00038093552575446665
20041,0.000284701818600297
20042,0.00023429168504662812
20043,0.00031922003836371005
20044,0.00025131352595053613
20045,0.0002217654255218804
20046,0.0002630526141729206
20047,0.00021442538127303123
20048,0.0002561997389420867
20049,0.0002054506476270035
20050,0.000271781871560961
20051,0.00026934960624203086
20052,0.00021896454563830048
20053,0.00027717393822968006
20054,0.0002516167296562344
20055,0.00025307477335445583
20056,0.00028252098127268255
20057,0.00025320067652501166
20058,0.0002516831154935062
20059,0.00027649416006170213
20060,0.0002507344470359385
20061,0.00026004156097769737
20062,0.00020254288392607123
20063,0.00032349274260923266
20064,0.00026395259192213416
20065,0.00029504465055651963
20066,0.00024142312759067863
20067,0.0002746062236838043
20068,0.00029108772287145257
20069,0.00026651492225937545
20070,0.00022078267647884786
20071,0.00028195162303745747
20072,0.0002001030370593071
20073,0.0002958928234875202
20074,0.00023834228341002017
20075,0.0003182638611178845
20076,0.00023806965327821672
20077,0.000217357519431971
20078,0.00025756581453606486
20079,0.00023966732260305434
20080,0.00022392366372514516
20081,0.00025612246827222407
20082,0.00025625459966249764
20083,0.00022823592007625848
20084,0.00023582075664307922
20085,0.00022946966055314988
20086,0.00020768895046785474
20087,0.00023932302428875118
20088,0.00026724583585746586
20089,0.0001908552658278495
20090,0.00022976368200033903
20091,0.0002073992945952341
20092,0.0002926887245848775
20093,0.0003273034526500851
20094,0.00020954427600372583
20095,0.00021445025049615651
20096,0.00022741731663700193
20097,0.00023593049263581634
20098,0.0003791104827541858
20099,0.00027793884510174394
20100,0.00021797229419462383
20101,0.00031556817702949047
20102,0.00018589236424304545
20103,0.000255706807365641
20104,0.00024061251315288246
20105,0.0003405034076422453
20106,0.0002388507273280993
20107,0.00021200299670454115
20108,0.0002098999684676528
20109,0.0001970647572306916
20110,0.0002690579276531935
20111,0.0002184177574235946
20112,0.00019215952488593757
20113,0.0002553414960857481
20114,0.00028796313563361764
20115,0.00022212605108506978
20116,0.00022677022207062691
20117,0.00031300491536967456
20118,0.00020854076137766242
20119,0.0003914672997780144
20120,0.0003089111123699695
20121,0.00024724245304241776
20122,0.00024302428937517107
20123,0.00026457232888787985
20124,0.00020969506294932216
20125,0.00026227065245620906
20126,0.0002085480809910223
20127,0.00018933166575152427
20128,0.00023462605895474553
20129,0.0002087853936245665
20130,0.00021598604507744312
20131,0.0003444775938987732
20132,0.000294799538096413
20133,0.00020399487402755767
20134,0.0003543585480656475
20135,0.00024153315462172031
20136,0.00021823796851094812
20137,0.00026403911761008203
20138,0.00034206430427730083
20139,0.00023330023395828903
20140,0.00034881237661466
20141,0.00034106618841178715
20142,0.0002613215474411845
20143,0.0002767183759715408
20144,0.0003033135726582259
20145,0.0003293878980912268
20146,0.0002591959200799465
20147,0.00023827272525522858
20148,0.00021535508858505636
20149,0.0002225302014267072
20150,0.0003337024536449462
20151,0.000321657134918496
20152,0.0003066917124669999
20153,0.0001779818267095834
20154,0.0003534290590323508
20155,0.0002178047870984301
20156,0.0002758362970780581
20157,0.0002451692125760019
20158,0.0002463778364472091
20159,0.00021720583026763052
20160,0.0001824192877393216
20161,0.00018422893481329083
20162,0.00019130964938085526
20163,0.00024818629026412964
20164,0.00024870625929906964
20165,0.00030534996767528355
20166,0.00036081968573853374
20167,0.0002200868766522035
20168,0.0002446180151309818
20169,0.00027853396022692323
20170,0.0002521212154533714
20171,0.00019436489674262702
20172,0.00032515652128495276
20173,0.00024144230701494962
20174,0.00021593253768514842
20175,0.00023800497001502663
20176,0.00025578634813427925
20177,0.00022382222232408822
20178,0.0002735207963269204
20179,0.0002696304291021079
20180,0.0002971589274238795
20181,0.00019690512272063643
20182,0.0001822729827836156
20183,0.00038679377757944167
20184,0.00024574020062573254
20185,0.0002658488810993731
20186,0.0003308372397441417
20187,0.0003034903493244201
20188,0.000320895342156291
20189,0.000260515691479668
20190,0.0002467133745085448
20191,0.00026304504717700183
20192,0.0003004396567121148
20193,0.00035567471059039235
20194,0.00023653553216718137
20195,0.00023817796318326145
20196,0.00021854802616871893
20197,0.0002799243957269937
20198,0.00021375912183430046
20199,0.0002329032140551135
20200,0.0002301693893969059
20201,0.0002377596392761916
20202,0.0002150445943698287
20203,0.000291911099338904
20204,0.00029887983691878617
20205,0.00029924706905148923
20206,0.00023794014123268425
20207,0.00047940181684680283
20208,0.0003513800329528749
20209,0.0002810881705954671
20210,0.00026873755268752575
20211,0.00034760209382511675
20212,0.0002383252140134573
20213,0.00033189108944498
20214,0.0002960569108836353
20215,0.0002773963788058609
20216,0.000247350602876395
20217,0.0002268206444568932
20218,0.0002739222254604101
20219,0.0002809312136378139
20220,0.0002381528465775773
20221,0.0003147421812172979
20222,0.0002625432098284364
20223,0.00023959910322446376
20224,0.00022783652821090072
20225,0.0002508870093151927
20226,0.00036865321453660727
20227,0.000319798244163394
20228,0.00024080999719444662
20229,0.0002729457919485867
20230,0.00029568065656349063
20231,0.00027972410316579044
20232,0.00025669721071608365
20233,0.00029992411145940423
20234,0.000295223988359794
20235,0.0002468485035933554
20236,0.00027687023975886405
20237,0.0002444892597850412
20238,0.0002460218092892319
20239,0.0003556810552254319
20240,0.00029233875102363527
20241,0.00021886471949983388
20242,0.0002503267605789006
20243,0.00021973818365950137
20244,0.00018571881810203195
20245,0.0002655411371961236
20246,0.0001984002155950293
20247,0.0003241602098569274
20248,0.0002511680650059134
20249,0.00028617732459679246
20250,0.0003135035512968898
20251,0.0003617083712015301
20252,0.00023275153944268823
20253,0.00024630496045574546
20254,0.000210469079320319
20255,0.00018584189820103347
20256,0.00024900524294935167
20257,0.00033731161965988576
20258,0.00042859656969085336
20259,0.0003337612433824688
20260,0.0003824851009994745
20261,0.0002801621158141643
20262,0.00028269115136936307
20263,0.00026308419182896614
20264,0.0003655538021121174
20265,0.00026621544384397566
20266,0.00029233729583211243
20267,0.00020819147175643593
20268,0.00030099853756837547
20269,0.00024165406648535281
20270,0.00020425171533133835
20271,0.0003076590073760599
20272,0.0003483655455056578
20273,0.00024226064851973206
20274,0.00023468666768167168
20275,0.0003393145161680877
20276,0.00023524239077232778
20277,0.0003117782762274146
20278,0.00030160145252011716
20279,0.00034115806920453906
20280,0.00019106159743387252
20281,0.0002959627308882773
20282,0.0004109733854420483
20283,0.00030436503584496677
20284,0.00024439222761429846
20285,0.00023168259940575808
20286,0.0002697965537663549
20287,0.00047744836774654686
20288,0.00018686319526750594
20289,0.0001802546321414411
20290,0.00021805592405144125
20291,0.00039123473106883466
20292,0.0002055176446447149
20293,0.00023449644504580647
20294,0.00044718311983160675
20295,0.00032505730632692575
20296,0.00027427959139458835
20297,0.0002244118513772264
20298,0.00037615624023601413
20299,0.0002552250516600907
20300,0.0003102104819845408
20301,0.0004124975821468979
20302,0.0002433822228340432
20303,0.0002642874896991998
20304,0.00028408647631295025
20305,0.000290018884697929
20306,0.0002255341096315533
20307,0.0002477163798175752
20308,0.00030810333555564284
20309,0.00022988668933976442
20310,0.0002871417673304677
20311,0.0002493421779945493
20312,0.00024091389786917716
20313,0.0002960792917292565
20314,0.00030285384855233133
20315,0.00023982279526535422
20316,0.0002392903988948092
20317,0.0003374447114765644
20318,0.0002578131970949471
20319,0.0002254267456009984
20320,0.0002527678443584591
20321,0.0002536473621148616
20322,0.0004390324465930462
20323,0.00022973815794102848
20324,0.0002445128047838807
20325,0.00023960166436154395
20326,0.00022274829098023474
20327,0.0003097703156527132
20328,0.00035896801273338497
20329,0.00026740157045423985
20330,0.0002549509808886796
20331,0.000253844860708341
20332,0.00027168294764123857
20333,0.0004265645402483642
20334,0.00022442055342253298
20335,0.00020150704949628562
20336,0.00021486594050657004
20337,0.0003843698650598526
20338,0.0002738582843448967
20339,0.00026250924565829337
20340,0.00030349119333550334
20341,0.0002306897658854723
20342,0.00034419482108205557
20343,0.0002807892160490155
20344,0.0002910977345891297
20345,0.00027098218561150134
20346,0.00018855967209674418
20347,0.00032447741250507534
20348,0.00021257025946397334
20349,0.00026250886730849743
20350,0.00020995971863158047
20351,0.0003689716977532953
20352,0.000275953090749681
20353,0.00037613100721500814
20354,0.0002476487716194242
20355,0.00023750851687509567
20356,0.00022343154705595225
20357,0.0002593598619569093
20358,0.00026185810565948486
20359,0.0002492956700734794
20360,0.00029429272399283946
20361,0.00029710933449678123
20362,0.0002173257526010275
20363,0.0003651192819233984
20364,0.00020023963588755578
20365,0.00041418662294745445
20366,0.00023885334667284042
20367,0.0002457911323290318
20368,0.0002660633181221783
20369,0.0002404104161541909
20370,0.0002993285597767681
20371,0.0002859777014236897
20372,0.00026310590328648686
20373,0.0002617776917759329
20374,0.000314008560962975
20375,0.000313710916088894
20376,0.0001965940318768844
20377,0.00022952161089051515
20378,0.0002802771341521293
20379,0.000266958842985332
20380,0.00031494663562625647
20381,0.00028366237529553473
20382,0.00024285227118525654
20383,0.00027217899332754314
20384,0.00023281598987523466
20385,0.0002050809853244573
20386,0.0002279109030496329
20387,0.0003267462598159909
20388,0.0002867263392545283
20389,0.00029161496786400676
20390,0.0003412225632928312
20391,0.00034821676672436297
20392,0.000369496934581548
20393,0.0002599721774458885
20394,0.0002501374401617795
20395,0.00025377434212714434
20396,0.00021053195814602077
20397,0.000295457080937922
20398,0.00030851992778480053
20399,0.00027289707213640213
20400,0.0003071294049732387
20401,0.00028248297167010605
20402,0.00026771906414069235
20403,0.0003903011092916131
20404,0.00021308929717633873
20405,0.0003383867151569575
20406,0.00021456918329931796
20407,0.00024582273908890784
20408,0.0002314873127033934
20409,0.00033240256016142666
20410,0.00026055064518004656
20411,0.00028971320716664195
20412,0.0002496529486961663
20413,0.0002800039655994624
20414,0.000434437912190333
20415,0.0002001587999984622
20416,0.0002608808863442391
20417,0.00027094120741821826
20418,0.00033865534351207316
20419,0.00021880418353248388
20420,0.0003421679139137268
20421,0.00035312806721776724
20422,0.0002756615576799959
20423,0.00039390617166645825
20424,0.00020163916633464396
20425,0.00029584646108560264
20426,0.00034997452166862786
20427,0.0003495776909403503
20428,0.00024611191474832594
20429,0.0002590530493762344
20430,0.0002676933363545686
20431,0.00021365584689192474
20432,0.00021805227152071893
20433,0.0002447521546855569
20434,0.0002369425492361188
20435,0.0002542362199164927
20436,0.0002777457411866635
20437,0.00028489288524724543
20438,0.0002569710195530206
20439,0.000283930916339159
20440,0.00037826175685040653
20441,0.00024878192925825715
20442,0.00031834610854275525
20443,0.0003438202547840774
20444,0.0002395869669271633
20445,0.00021662305516656488
20446,0.00028743752045556903
20447,0.0002459533861838281
20448,0.00019290242926217616
20449,0.0002662425977177918
20450,0.0002600937441457063
20451,0.00021491189545486122
20452,0.00020668258366640657
20453,0.0003356830566190183
20454,0.0003848676278721541
20455,0.00041633687214925885
20456,0.00016834514099173248
20457,0.00041227813926525414
20458,0.0003376798122189939
20459,0.00021417658717837185
20460,0.00023506817524321377
20461,0.0002754044544417411
20462,0.0003114429418928921
20463,0.0002739419578574598
20464,0.0003342737618368119
20465,0.00024480195133946836
20466,0.0002595671103335917
20467,0.00025204240228049457
20468,0.0003503047628328204
20469,0.0002631389652378857
20470,0.00023485181736759841
20471,0.0002544822928030044
20472,0.0002458627859596163
20473,0.00023117547971196473
20474,0.0002245672367280349
20475,0.00021565030328929424
20476,0.0002960040292236954
20477,0.00036006508162245154
20478,0.00022423379414249212
20479,0.00021292213932611048
20480,0.00035370461409911513
20481,0.00022549422283191234
20482,0.0003445108013693243
20483,0.00023671527742408216
20484,0.00024252331058960408
20485,0.000326885434333235
20486,0.0003012773231603205
20487,0.00023906749265734106
20488,0.00024523763568140566
20489,0.00025152417947538197
20490,0.0002961734135169536
20491,0.0002443302655592561
20492,0.00022193323820829391
20493,0.0002755864115897566
20494,0.00022911922133062035
20495,0.00028006944921799004
20496,0.00022767316841054708
20497,0.0002708948159124702
20498,0.00022604712285101414
20499,0.00023897689243312925
20500,0.00021022332657594234
20501,0.0002983322483487427
20502,0.00024118729925248772
20503,0.0002515193191356957
20504,0.00025700023979879916
20505,0.0003342336567584425
20506,0.00028292177012190223
20507,0.00026258680736646056
20508,0.000181008261279203
20509,0.0002068812755169347
20510,0.0002534546365495771
20511,0.0002853716432582587
20512,0.00023301650071516633
20513,0.0003063452313654125
20514,0.0002207122597610578
20515,0.0002825918490998447
20516,0.0003290824533905834
20517,0.0002272131823701784
20518,0.00025421916507184505
20519,0.0002460815303493291
20520,0.00026810821145772934
20521,0.00023747453815303743
20522,0.0003164873633068055
20523,0.0003361536073498428
20524,0.00023951198090799153
20525,0.00032511347671970725
20526,0.00030259258346632123
20527,0.00023342740314546973
20528,0.00024976040003821254
20529,0.0003083783376496285
20530,0.0003476757847238332
20531,0.0002695134317036718
20532,0.00030425674049183726
20533,0.0002192192623624578
20534,0.00023702695034444332
20535,0.0003661730734165758
20536,0.0002208911901107058
20537,0.00035313796252012253
20538,0.00026920143864117563
20539,0.0002573076344560832
20540,0.00021263719827402383
20541,0.00025232130428776145
20542,0.00020465337729547173
20543,0.00023105528089217842
20544,0.00034187050187028944
20545,0.00024090055376291275
20546,0.00025237290537916124
20547,0.000285557092865929
20548,0.00019347663328517228
20549,0.00032413145527243614
20550,0.00033364907721988857
20551,0.00025117440964095294
20552,0.0003383949224371463
20553,0.00024148690863512456
20554,0.0003397039254195988
20555,0.0002107342443196103
20556,0.00035308185033500195
20557,0.0003066672943532467
20558,0.00023905921261757612
20559,0.00019088292901869863
20560,0.00029723785701207817
20561,0.00022886133228894323
20562,0.00020048575242981315
20563,0.0002707467647269368
20564,0.0002647796645760536
20565,0.00020008276624139398
20566,0.0003449333889875561
20567,0.000269819051027298
20568,0.00027223132201470435
20569,0.0002916291414294392
20570,0.0002744568046182394
20571,0.00024590606335550547
20572,0.00019854489073622972
20573,0.00021008888143114746
20574,0.0002502923016436398
20575,0.00021567200019489974
20576,0.00025454506976529956
20577,0.00033024640288203955
20578,0.00023432377201970667
20579,0.00022065243683755398
20580,0.000205132135306485
20581,0.0003092692932114005
20582,0.0002518538385629654
20583,0.0002283472422277555
20584,0.00034329897607676685
20585,0.00021648130496032536
20586,0.000365011248504743
20587,0.0002694321156013757
20588,0.00020090190810151398
20589,0.0004023550427518785
20590,0.000257188337855041
20591,0.0002175784029532224
20592,0.0002656971337273717
20593,0.0002854859922081232
20594,0.0002188785292673856
20595,0.00023961214174050838
20596,0.00028201640816405416
20597,0.0002651441318448633
20598,0.0002580918080639094
20599,0.00020596059039235115
20600,0.0003432085504755378
20601,0.00020573179062921554
20602,0.0002529585035517812
20603,0.00020485007553361356
20604,0.00018897492554970086
20605,0.0002471066836733371
20606,0.00025173049652948976
20607,0.00028564207605086267
20608,0.00031798306736163795
20609,0.00033812207402661443
20610,0.00036384884151630104
20611,0.00022712047211825848
20612,0.0002594947873149067
20613,0.00024820398539304733
20614,0.00025870284298434854
20615,0.00017649146320763975
20616,0.00020518277597147971
20617,0.00025128928245976567
20618,0.00022531668946612626
20619,0.0002369366557104513
20620,0.00023925698769744486
20621,0.00023984393919818103
20622,0.00030320073710754514
20623,0.0003835881070699543
20624,0.00029500413802452385
20625,0.0002356127806706354
20626,0.00027839848189614713
20627,0.00022438797168433666
20628,0.00022997967607807368
20629,0.0002214003325207159
20630,0.0003653160238172859
20631,0.00020420594955794513
20632,0.0002702662895899266
20633,0.0003313986526336521
20634,0.0002909345494117588
20635,0.0002924560976680368
20636,0.00030077045084908605
20637,0.0002645014028530568
20638,0.000278301362413913
20639,0.00028467903030104935
20640,0.0002003952831728384
20641,0.0002555566607043147
20642,0.00029135934892110527
20643,0.0002864220878109336
20644,0.0003258968936279416
20645,0.00026581823476590216
20646,0.00027218356262892485
20647,0.00025901285698637366
20648,0.00025274307699874043
20649,0.00030657407478429377
20650,0.000245180242927745
20651,0.00021731239394284785
20652,0.00032623164588585496
20653,0.00021994461712893099
20654,0.00022402247122954577
20655,0.00023105237050913274
20656,0.0002263211936224252
20657,0.00025382579769939184
20658,0.0003609149716794491
20659,0.0002957067626994103
20660,0.0002832694735843688
20661,0.00022615620400756598
20662,0.00024858946562744677
20663,0.0003058233705814928
20664,0.0002933915820904076
20665,0.00022610965243075043
20666,0.0002471203915774822
20667,0.00026838923804461956
20668,0.0002486197336111218
20669,0.0002214949345216155
20670,0.00023428113490808755
20671,0.00032819699845276773
20672,0.0002604251494631171
20673,0.0002715285518206656
20674,0.00035301409661769867
20675,0.00036465740413405
20676,0.00021585103240795434
20677,0.0002310924610355869
20678,0.00024100285372696817
20679,0.0003003082238137722
20680,0.0003103705239482224
20681,0.000304725777823478
20682,0.000253204139880836
20683,0.0002664701023604721
20684,0.00027427810709923506
20685,0.00022610402083955705
20686,0.0002594297402538359
20687,0.0003873597888741642
20688,0.00034893141128122807
20689,0.0003039007424376905
20690,0.00023290861281566322
20691,0.0002649024245329201
20692,0.0002685522485990077
20693,0.0003145154332742095
20694,0.00029386559617705643
20695,0.0003539002500474453
20696,0.0002549146884121001
20697,0.00022411337704397738
20698,0.0002771337458398193
20699,0.00022348709171637893
20700,0.00022141092631500214
20701,0.00024031709472183138
20702,0.00020817192853428423
20703,0.0003344261785969138
20704,0.00024613793357275426
20705,0.00035059303627349436
20706,0.00020115320512559265
20707,0.00026463475660420954
20708,0.00020147663599345833
20709,0.00025257605011574924
20710,0.00017624285828787833
20711,0.00025748141342774034
20712,0.00020735527505166829
20713,0.0002657911682035774
20714,0.0003831064677797258
20715,0.0002430587774142623
20716,0.0002130092034349218
20717,0.00023388081172015518
20718,0.00022562658705282956
20719,0.0003111337427981198
20720,0.0002034028002526611
20721,0.00035169636248610914
20722,0.00028543066582642496
20723,0.00023175441310741007
20724,0.0003953009145334363
20725,0.0002701164921745658
20726,0.00019694556249305606
20727,0.0002154129761038348
20728,0.00025707072927616537
20729,0.0002708960382733494
20730,0.0002134899841621518
20731,0.00026507608708925545
20732,0.0002028724702540785
20733,0.00028593509341590106
20734,0.00027990201488137245
20735,0.000214818719541654
20736,0.0002665648644324392
20737,0.00026632039225660264
20738,0.0002591022930573672
20739,0.00022359209833666682
20740,0.0003275339549873024
20741,0.00020255283743608743
20742,0.00023549066099803895
20743,0.00019095321476925164
20744,0.0003161139029543847
20745,0.00025407859357073903
20746,0.00019202569092158228
20747,0.0003136664454359561
20748,0.00025735696544870734
20749,0.00027397589292377234
20750,0.0003225199761800468
20751,0.000241890549659729
20752,0.0002115506649715826
20753,0.00023729876556899399
20754,0.00022648493177257478
20755,0.0004122278478462249
20756,0.0003718240768648684
20757,0.00024783940170891583
20758,0.00029785482911393046
20759,0.00022496076417155564
20760,0.000261562701780349
20761,0.00028927536914125085
20762,0.00024902456789277494
20763,0.00017117713287007064
20764,0.00025830583763308823
20765,0.0002512604696676135
20766,0.0003775445220526308
20767,0.0002385340485488996
20768,0.0003049362567253411
20769,0.00021341221872717142
20770,0.00021132899564690888
20771,0.0002550224890001118
20772,0.00027371919713914394
20773,0.0002649748348630965
20774,0.0002893416094593704
20775,0.00022140509099699557
20776,0.0002704789221752435
20777,0.0002639258746057749
20778,0.0003271024615969509
20779,0.0002987500629387796
20780,0.0002328045229660347
20781,0.00030903200968168676
20782,0.00021889035997446626
20783,0.0002636783174239099
20784,0.00019139856158290058
20785,0.0002361228398513049
20786,0.00030110779334791005
20787,0.00019944740051869303
20788,0.00043495820136740804
20789,0.000238359221839346
20790,0.00023391989816445857
20791,0.00026774420985020697
20792,0.00024323722755070776
20793,0.00019403485930524766
20794,0.00022959307534620166
20795,0.0001915699103847146
20796,0.00019819426233880222
20797,0.0002743723161984235
20798,0.00024015865346882492
20799,0.00033568733488209546
20800,0.0002319491031812504
20801,0.0002794571628328413
20802,0.0002604442124720663
20803,0.0002814243780449033
20804,0.00026876150513999164
20805,0.0004015640006400645
20806,0.0002755080640781671
20807,0.00023160033742897213
20808,0.0003203385858796537
20809,0.00024068824131973088
20810,0.00024218448379542679
20811,0.0003308384330011904
20812,0.00029061612440273166
20813,0.0003932114050257951
20814,0.00023303153284359723
20815,0.00022754362726118416
20816,0.0002709387626964599
20817,0.00023201177828013897
20818,0.00026243162574246526
20819,0.0002188082435168326
20820,0.00021984660997986794
20821,0.00019487521785777062
20822,0.000254076934652403
20823,0.0002695506263989955
20824,0.00023903774854261428
20825,0.00021904276218265295
20826,0.0002460312971379608
20827,0.00020738119201269
20828,0.0003401240974199027
20829,0.00023081978724803776
20830,0.00025659805396571755
20831,0.00025128136621788144
20832,0.0002498954418115318
20833,0.00022254831856116652
20834,0.00020416444749571383
20835,0.0002546587202232331
20836,0.00030187598895281553
20837,0.00022928148973733187
20838,0.0004193382919766009
20839,0.00037010523374192417
20840,0.00037985172821208835
20841,0.0002404068218311295
20842,0.00021992676192894578
20843,0.00021950526570435613
20844,0.0002565448812674731
20845,0.00021475365792866796
20846,0.000204702460905537
20847,0.00029336148872971535
20848,0.00025936096790246665
20849,0.00021562589972745627
20850,0.00030420123948715627
20851,0.0003091365215368569
20852,0.00032892951276153326
20853,0.00022639043163508177
20854,0.0002162400196539238
20855,0.00024111903621815145
20856,0.00026878382777795196
20857,0.00020837760530412197
20858,0.00020480729290284216
20859,0.0002702187921386212
20860,0.00024921729345805943
20861,0.0002572396188043058
20862,0.0003330897307023406
20863,0.00022305612219497561
20864,0.00028892510454170406
20865,0.0002633177791722119
20866,0.0003414220700506121
20867,0.00020725064678117633
20868,0.00018611202540341765
20869,0.0002633768308442086
20870,0.0002786243858281523
20871,0.00030473366496153176
20872,0.0002512374776415527
20873,0.0003043240576516837
20874,0.00019723385048564523
20875,0.0002656986762303859
20876,0.00026240258011966944
20877,0.00022315474052447826
20878,0.00026346099912188947
20879,0.00019948420231230557
20880,0.00022355382679961622
20881,0.00018719726358540356
20882,0.00021736780763603747
20883,0.00024460675194859505
20884,0.00035757001023739576
20885,0.00020439860236365348
20886,0.00030514574609696865
20887,0.0003040232986677438
20888,0.00020375222084112465
20889,0.00030426288140006363
20890,0.00027702486841008067
20891,0.00023104349384084344
20892,0.00023120107653085142
20893,0.0002161740412702784
20894,0.00022886045917402953
20895,0.00043642002856358886
20896,0.0002053353382507339
20897,0.00023645935289096087
20898,0.00020426606351975352
20899,0.00039452299824915826
20900,0.00019538085325621068
20901,0.00023204233730211854
20902,0.00021292069868650287
20903,0.00032948455191217363
20904,0.00018130935495719314
20905,0.0004381071194075048
20906,0.0002655450371094048
20907,0.0002314097946509719
20908,0.0002761742507573217
20909,0.0004793094121851027
20910,0.0002776053734123707
20911,0.00027801955002360046
20912,0.00025866366922855377
20913,0.00023602921282872558
20914,0.00027889409102499485
20915,0.00021334686607588083
20916,0.0002794874308165163
20917,0.0002872310869861394
20918,0.00028884754283353686
20919,0.0002770702412817627
20920,0.0002557195839472115
20921,0.0002343460073461756
20922,0.00028878191369585693
20923,0.00027389757451601326
20924,0.00018285552505403757
20925,0.0002982024452649057
20926,0.0004136199422646314
20927,0.00024937596754170954
20928,0.00022596740745939314
20929,0.00021431433560792357
20930,0.0003221459628548473
20931,0.000252368685323745
20932,0.00027274765307083726
20933,0.00026420530048199
20934,0.00020237160788383335
20935,0.0002600837324280292
20936,0.0002879285020753741
20937,0.000261136592598632
20938,0.0002765574026852846
20939,0.00021901937725488096
20940,0.00029433524468913674
20941,0.0002339019119972363
20942,0.00024743523681536317
20943,0.00022321220603771508
20944,0.00019382841128390282
20945,0.00040695216739550233
20946,0.00017547143215779215
20947,0.00029066854040138423
20948,0.0003026456688530743
20949,0.000177708818227984
20950,0.0002809132856782526
20951,0.0002748585247900337
20952,0.00030961897573433816
20953,0.00023022333334665745
20954,0.00041444270755164325
20955,0.0002507241442799568
20956,0.00020149345800746232
20957,0.00025482746423222125
20958,0.00025701901176944375
20959,0.00021191072301007807
20960,0.0002705832594074309
20961,0.00026745142531581223
20962,0.00026185339083895087
20963,0.00023392193543259054
20964,0.0002400689263595268
20965,0.0002718280884437263
20966,0.0002640484890434891
20967,0.00027966126799583435
20968,0.00025894324062392116
20969,0.0002795305917970836
20970,0.00032421573996543884
20971,0.00023324521316681057
20972,0.00028407323407009244
20973,0.00024224843946285546
20974,0.0003249786386732012
20975,0.0002216754073742777
20976,0.0003370619670022279
20977,0.00022970307327341288
20978,0.0002672263071872294
20979,0.0002331715659238398
20980,0.000242510242969729
20981,0.0002646576031111181
20982,0.00017907160508912057
20983,0.00023663803585805
20984,0.0002879275125451386
20985,0.00024282997765112668
20986,0.00026058495859615505
20987,0.0003151663695462048
20988,0.00037380249705165625
20989,0.00034688221057876945
20990,0.00022520715720020235
20991,0.00029468408320099115
20992,0.00023713706468697637
20993,0.0002646738721523434
20994,0.00019822244939859957
20995,0.00022996020561549813
20996,0.00023414031602442265
20997,0.0002795893815346062
20998,0.00034185455297119915
20999,0.0002720364136621356
21000,0.0002902197011280805
21001,0.0002785434771794826
21002,0.000194139574887231
21003,0.0004014133883174509
21004,0.0002250597026431933
21005,0.0003067589132115245
21006,0.0002907863527070731
21007,0.00024003922590054572
21008,0.00026979611720889807
21009,0.0002536228857934475
21010,0.00025100031052716076
21011,0.00025164324324578047
21012,0.00022674632782582194
21013,0.0001972069003386423
21014,0.00024612442939542234
21015,0.0003166625101584941
21016,0.00024405241128988564
21017,0.00029178656404837966
21018,0.0002150108339264989
21019,0.0002126987965311855
21020,0.0002128959895344451
21021,0.0002548960910644382
21022,0.00033180188620463014
21023,0.00023188868362922221
21024,0.00023286440409719944
21025,0.00048150657676160336
21026,0.0002776602341327816
21027,0.0002393030299572274
21028,0.00026920350501313806
21029,0.00022008150699548423
21030,0.0003042233001906425
21031,0.0003223673556931317
21032,0.00025135432952083647
21033,0.00030261295614764094
21034,0.0002576246624812484
21035,0.00033816404175013304
21036,0.00032109321909956634
21037,0.0002478015376254916
21038,0.000250935583608225
21039,0.00021339175873436034
21040,0.0002062900020973757
21041,0.0003217242774553597
21042,0.00023727309599053115
21043,0.00020015689369756728
21044,0.00021191840642131865
21045,0.00026230490766465664
21046,0.0002964717277791351
21047,0.0002975156530737877
21048,0.00027691287687048316
21049,0.00026544250431470573
21050,0.0003123024071101099
21051,0.00022133834136184305
21052,0.00027389792376197875
21053,0.00031335194944404066
21054,0.00020534606301225722
21055,0.00018974547856487334
21056,0.0003034119727090001
21057,0.0002816735941451043
21058,0.0002785263059195131
21059,0.00024892695364542305
21060,0.0002897679223679006
21061,0.00031364287133328617
21062,0.0002742133801802993
21063,0.0002930622431449592
21064,0.0001768531947163865
21065,0.00023772538406774402
21066,0.00033097845152951777
21067,0.00027530553052201867
21068,0.0003015293041244149
21069,0.00034865393536165357
21070,0.000251205638051033
21071,0.0002760502102319151
21072,0.00023870902077760547
21073,0.00023639650316908956
21074,0.0002544047310948372
21075,0.00025224019191227853
21076,0.0002158279821742326
21077,0.0002580660511739552
21078,0.0002229613164672628
21079,0.0001927112607518211
21080,0.0002211221435572952
21081,0.00022520880156662315
21082,0.0003995726292487234
21083,0.00031806790502741933
21084,0.0002697570016607642
21085,0.0002615949197206646
21086,0.00022185483248904347
21087,0.00022373528918251395
21088,0.00022409109806176275
21089,0.0002748973201960325
21090,0.00024084618780761957
21091,0.00025659200036898255
21092,0.0002838402579072863
21093,0.0002830261073540896
21094,0.00031271870830096304
21095,0.00024910125648602843
21096,0.00024319054500665516
21097,0.00031219577067531645
21098,0.0002262150082970038
21099,0.00023549965408165008
21100,0.0003089079400524497
21101,0.0002401416131760925
21102,0.0002905976143665612
21103,0.0003398341068532318
21104,0.00019373402756173164
21105,0.000512483820784837
21106,0.00021687336266040802
21107,0.0002453104534652084
21108,0.00039459302206523716
21109,0.0002563171728979796
21110,0.00024133722763508558
21111,0.0002545961469877511
21112,0.00019640594837255776
21113,0.00026386449462734163
21114,0.00024908146588131785
21115,0.00023709662491455674
21116,0.0002158059796784073
21117,0.00021050154464319348
21118,0.0002776899782475084
21119,0.00025567066040821373
21120,0.0003061642637476325
21121,0.0003868512576445937
21122,0.00021788380399812013
21123,0.00023549498291686177
21124,0.00017456534260418266
21125,0.00036309382994659245
21126,0.00025826675118878484
21127,0.00022571260342374444
21128,0.0004153047630097717
21129,0.00041606512968428433
21130,0.0002904397260863334
21131,0.0002538702392484993
21132,0.0002409653243375942
21133,0.0004971757880412042
21134,0.00026331390836276114
21135,0.00022646797879133373
21136,0.00022789707873016596
21137,0.0004509561986196786
21138,0.0003732883487828076
21139,0.00023893713660072535
21140,0.00030709573184140027
21141,0.0002877362130675465
21142,0.0002538335102144629
21143,0.0002452986082062125
21144,0.00024145714996848255
21145,0.00027998295263387263
21146,0.00022542313672602177
21147,0.000318013975629583
21148,0.00019562798843253404
21149,0.00023217826674226671
21150,0.0003622607619035989
21151,0.0002763744560070336
21152,0.0002792751765809953
21153,0.00030122167663648725
21154,0.00024396662774961442
21155,0.00025939958868548274
21156,0.00021861553250346333
21157,0.0002578912244644016
21158,0.00024919892894104123
21159,0.00023490440798923373
21160,0.0001378044398734346
21161,0.00020973122445866466
21162,0.00047100239316932857
21163,0.0003882677119690925
21164,0.000263772759353742
21165,0.00035939880763180554
21166,0.00021102426399011165
21167,0.00024675100576132536
21168,0.00023442611563950777
21169,0.00020216444681864232
21170,0.00021417770767584443
21171,0.00031713221687823534
21172,0.0003434362879488617
21173,0.00023273364058695734
21174,0.0003166083770338446
21175,0.0002163821627618745
21176,0.00019515279564075172
21177,0.00025014730636030436
21178,0.0002679207536857575
21179,0.00031209405278787017
21180,0.00021821889095008373
21181,0.00024751684395596385
21182,0.00039571989327669144
21183,0.00022771410294808447
21184,0.00023712757683824748
21185,0.0002587393973954022
21186,0.000334646028932184
21187,0.00019797591085080057
21188,0.0002673733397386968
21189,0.0003327361773699522
21190,0.00030781893292441964
21191,0.00025023051421158016
21192,0.00034166834666393697
21193,0.00024534203112125397
21194,0.0002533457591198385
21195,0.00021283920796122402
21196,0.0002995840914081782
21197,0.0002508823818061501
21198,0.00039004444261081517
21199,0.00031513319117948413
21200,0.0003310740867163986
21201,0.0002650099922902882
21202,0.0002012916374951601
21203,0.0002432512992527336
21204,0.0003029483777936548
21205,0.0002877536753658205
21206,0.0002253085986012593
21207,0.00017334026051685214
21208,0.00016488542314618826
21209,0.0002589826181065291
21210,0.00026402773801237345
21211,0.00019671928021125495
21212,0.000251863180892542
21213,0.0002531069330871105
21214,0.00029959427774883807
21215,0.00028420539456419647
21216,0.0003480882151052356
21217,0.00022612660541199148
21218,0.00030175462597981095
21219,0.000289883348159492
21220,0.0002239653840661049
21221,0.00036783015821129084
21222,0.00023612537188455462
21223,0.0002511677739676088
21224,0.00026010649162344635
21225,0.00025720897247083485
21226,0.00021039298735558987
21227,0.0002681643527466804
21228,0.00029397450271062553
21229,0.0002820183290168643
21230,0.00036397241638042033
21231,0.0003093675768468529
21232,0.00021975192066747695
21233,0.00023601326392963529
21234,0.0003251626330893487
21235,0.00022419208835344762
21236,0.000286175956716761
21237,0.0002241355541627854
21238,0.0002506918099243194
21239,0.00027120139566250145
21240,0.0004214661312289536
21241,0.00024548478540964425
21242,0.0003364128351677209
21243,0.00023032612807583064
21244,0.0003100607718806714
21245,0.0002380367077421397
21246,0.00034885076456703246
21247,0.00030180413159541786
21248,0.00022274692310020328
21249,0.0002470884646754712
21250,0.00025230817846022546
21251,0.00030379503732547164
21252,0.00023490517924074084
21253,0.00022963930678088218
21254,0.0002171565283788368
21255,0.0002904731663875282
21256,0.0002529580669943243
21257,0.0002655171265359968
21258,0.00023631525982636958
21259,0.0002799175854306668
21260,0.00026761143817566335
21261,0.00020197332196403295
21262,0.00022321306460071355
21263,0.000265042413957417
21264,0.0003426678595133126
21265,0.0002086965396301821
21266,0.00042716239113360643
21267,0.00040983714279718697
21268,0.00022397915017791092
21269,0.00029183842707425356
21270,0.00036792599712498486
21271,0.00024201902851928025
21272,0.0002373983443249017
21273,0.000247727963142097
21274,0.00023199756105896086
21275,0.00027206994127482176
21276,0.0002781880903057754
21277,0.0003837547264993191
21278,0.00027019064873456955
21279,0.0002502006245777011
21280,0.00021529079822357744
21281,0.00021014070080127567
21282,0.0002561658911872655
21283,0.00032933647162280977
21284,0.000489165831822902
21285,0.00025162077508866787
21286,0.00022303622972685844
21287,0.0002989279746543616
21288,0.00024923577439039946
21289,0.0002094781375490129
21290,0.00019795649859588593
21291,0.00021573086269199848
21292,0.00034737499663606286
21293,0.0002041174448095262
21294,0.0003102441260125488
21295,0.00021503979223780334
21296,0.0003001961449626833
21297,0.0002573052479419857
21298,0.0003552492125891149
21299,0.00028298882534727454
21300,0.0005861754762008786
21301,0.00024398478853981942
21302,0.00039913132786750793
21303,0.0002465083380229771
21304,0.00024558277800679207
21305,0.0002398298092884943
21306,0.00036377267679199576
21307,0.00037536522722803056
21308,0.0003054582339245826
21309,0.00034410195075906813
21310,0.0003165205707773566
21311,0.0002086527383653447
21312,0.0003018495626747608
21313,0.00025266670854762197
21314,0.00029151621856726706
21315,0.0003879267314914614
21316,0.0002909863251261413
21317,0.00022330762294586748
21318,0.00031569949351251125
21319,0.00032229398493655026
21320,0.0002663552586454898
21321,0.00035942596150562167
21322,0.00023342952772509307
21323,0.00024947174824774265
21324,0.00021833341452293098
21325,0.0002854083722922951
21326,0.0003129516844637692
21327,0.000199245783733204
21328,0.00021046627080067992
21329,0.0002791409788187593
21330,0.00030821168911643326
21331,0.0002858627703972161
21332,0.0002964152372442186
21333,0.00038414279697462916
21334,0.0003763184940908104
21335,0.00034169486025348306
21336,0.0002476047957316041
21337,0.0003725211718119681
21338,0.00025764480233192444
21339,0.00023817118199076504
21340,0.00021232674771454185
21341,0.00032173795625567436
21342,0.00022487645037472248
21343,0.0002090662601403892
21344,0.0004170621105004102
21345,0.0002547266485635191
21346,0.0002179322618758306
21347,0.00025298408581875265
21348,0.00018767079745884985
21349,0.00018952765094581991
21350,0.0002705296501517296
21351,0.00030682128272019327
21352,0.00019780425645876676
21353,0.00020697824948001653
21354,0.0002075004595099017
21355,0.0003116779844276607
21356,0.00025729526532813907
21357,0.00022656524379272014
21358,0.0002897897793445736
21359,0.00024026181199587882
21360,0.0002507376775611192
21361,0.00023049037554301322
21362,0.00029646122129634023
21363,0.0003475509292911738
21364,0.00023485913698095828
21365,0.0002014409692492336
21366,0.00023532641353085637
21367,0.0002492547209840268
21368,0.0003138159227091819
21369,0.00024166121147572994
21370,0.00022532521688845009
21371,0.00019886645895894617
21372,0.00017475087952334434
21373,0.0002478908863849938
21374,0.0002067077875835821
21375,0.00021862040739506483
21376,0.0002722326898947358
21377,0.00037827689084224403
21378,0.00021919111895840615
21379,0.00028479151660576463
21380,0.00023946950386743993
21381,0.00021860870765522122
21382,0.0002201382740167901
21383,0.0002854572667274624
21384,0.0002449183666612953
21385,0.000191963990801014
21386,0.0001975592167582363
21387,0.00024424016010016203
21388,0.00031026912620291114
21389,0.0002209488593507558
21390,0.00027697914629243314
21391,0.00018590808031149209
21392,0.0002109043998643756
21393,0.0002584389876574278
21394,0.00036981506855227053
21395,0.0002570418582763523
21396,0.0002403579419478774
21397,0.0002428272709948942
21398,0.0002464951539877802
21399,0.00018571836699265987
21400,0.00018647378601599485
21401,0.00020634698739740998
21402,0.00025863092741928995
21403,0.00023775517183821648
21404,0.00027444129227660596
21405,0.00043786666356027126
21406,0.0002196092245867476
21407,0.00025528299738653004
21408,0.00029652166995219886
21409,0.000254595564911142
21410,0.000301244028378278
21411,0.00028432958060875535
21412,0.000276224862318486
21413,0.0002922823769040406
21414,0.00023797461471986026
21415,0.0002694310969673097
21416,0.00026965755387209356
21417,0.0002335494791623205
21418,0.00022832713148090988
21419,0.00020132622739765793
21420,0.00022886799706611782
21421,0.0002765821700450033
21422,0.0002844636910595
21423,0.0002261195331811905
21424,0.0002649767848197371
21425,0.00023943540873005986
21426,0.0002232102124253288
21427,0.00023625405447091907
21428,0.00023585339658893645
21429,0.00032953909249044955
21430,0.00027948844945058227
21431,0.00020108596072532237
21432,0.00029098548111505806
21433,0.00020712846890091896
21434,0.00023550110927317291
21435,0.00026133854407817125
21436,0.0002524962183088064
21437,0.00038147441227920353
21438,0.00040431885281577706
21439,0.00024140652385540307
21440,0.0004085363761987537
21441,0.00021644718071911484
21442,0.0003084707714151591
21443,0.00019901055202353746
21444,0.0003004814207088202
21445,0.0002129982749465853
21446,0.00025459926109761
21447,0.0001991587778320536
21448,0.0003682193055283278
21449,0.0002793540770653635
21450,0.0002686771913431585
21451,0.00022680548136122525
21452,0.00017931382171809673
21453,0.00022083325893618166
21454,0.00020731973927468061
21455,0.00036535330582410097
21456,0.00024661407223902643
21457,0.00023566762683913112
21458,0.00036135068512521684
21459,0.0002469973696861416
21460,0.00029710354283452034
21461,0.00024099746951833367
21462,0.00021125961211510003
21463,0.0002887051668949425
21464,0.00021183725039009005
21465,0.000294805271551013
21466,0.00031205968116410077
21467,0.00022369818179868162
21468,0.00021998050215188414
21469,0.00030890858033671975
21470,0.00029713971889577806
21471,0.00033738286583684385
21472,0.00021889818890485913
21473,0.0003474937111604959
21474,0.00019910241826437414
21475,0.00020750792464241385
21476,0.0002886811853386462
21477,0.0003729086311068386
21478,0.00029883134993724525
21479,0.0002513208892196417
21480,0.0003003948659170419
21481,0.00028655267669819295
21482,0.00024930768995545805
21483,0.00017849796859081835
21484,0.00037300802068784833
21485,0.00033040266134776175
21486,0.000262338639004156
21487,0.00027491297805681825
21488,0.00021228377590887249
21489,0.00022614891349803656
21490,0.0002743015647865832
21491,0.00026634649839252234
21492,0.00038003979716449976
21493,0.0002569095231592655
21494,0.0001998744555748999
21495,0.0002569333300925791
21496,0.00021354710042942315
21497,0.00025117609766311944
21498,0.00021043092419859022
21499,0.00023352194693870842
21500,0.00027685880195349455
21501,0.00024680906790308654
21502,0.00025945118977688253
21503,0.00024605204816907644
21504,0.000317122001433745
21505,0.0002726251259446144
21506,0.0002668890811037272
21507,0.00026590534253045917
21508,0.00022574480681214482
21509,0.0002063444844679907
21510,0.00027024419978260994
21511,0.0002111308858729899
21512,0.0004275835817679763
21513,0.00023874785983934999
21514,0.0003411452635191381
21515,0.0003425421309657395
21516,0.0003044712939299643
21517,0.00031738588586449623
21518,0.0003495718410704285
21519,0.00026425340911373496
21520,0.0002334054879611358
21521,0.00023554502695333213
21522,0.00026334510766901076
21523,0.0002134001551894471
21524,0.0002778529596980661
21525,0.0002044316934188828
21526,0.00022194429766386747
21527,0.00024411464983131737
21528,0.00026210022042505443
21529,0.0002896646619774401
21530,0.00024108964134939015
21531,0.00024101838062051684
21532,0.00033913750667124987
21533,0.00029423064552247524
21534,0.00028493956779129803
21535,0.0002112162474077195
21536,0.0002079600963043049
21537,0.00027771692839451134
21538,0.0002626058703754097
21539,0.00022148709103930742
21540,0.0002557087573222816
21541,0.0002808500430546701
21542,0.00022828567307442427
21543,0.00019625076674856246
21544,0.00022736165556125343
21545,0.00035354241845197976
21546,0.00021761265816166997
21547,0.00023585095186717808
21548,0.0002535085950512439
21549,0.00018824175640475005
21550,0.0002424491394776851
21551,0.0002727080718614161
21552,0.00023501446412410587
21553,0.0003946323413401842
21554,0.0001881230709841475
21555,0.0002449270396027714
21556,0.000262389425188303
21557,0.0002477517118677497
21558,0.0003353231877554208
21559,0.00032600428676232696
21560,0.0002052019553957507
21561,0.00033139492734335363
21562,0.0003107065276708454
21563,0.0002786416152957827
21564,0.000219301029574126
21565,0.00021784855925943702
21566,0.00026361909112893045
21567,0.0002122948644682765
21568,0.00039703556103631854
21569,0.0002753794542513788
21570,0.0001860916818259284
21571,0.0002201779861934483
21572,0.00019705467275343835
21573,0.0002395107294432819
21574,0.0002700618060771376
21575,0.0002707091916818172
21576,0.00023497838992625475
21577,0.00022001522302161902
21578,0.00025199729134328663
21579,0.0003414616803638637
21580,0.00023196743859443814
21581,0.00020860793301835656
21582,0.00023895842605270445
21583,0.00022006098879501224
21584,0.00031220735399983823
21585,0.00021926382032688707
21586,0.00019958910706918687
21587,0.00019604842236731201
21588,0.0002452599292155355
21589,0.00024307316925842315
21590,0.00023044559929985553
21591,0.000297451886581257
21592,0.00019863329362124205
21593,0.0002714184520300478
21594,0.0003482939791865647
21595,0.0002472868072800338
21596,0.00029102861299179494
21597,0.00022433952835854143
21598,0.0002299087354913354
21599,0.00034407430212013423
21600,0.0003167136455886066
21601,0.00039335998008027673
21602,0.000174315893673338
21603,0.00017600586579646915
21604,0.00023772504937369376
21605,0.00023494995548389852
21606,0.00021100945014040917
21607,0.0002933956275228411
21608,0.0002382462698733434
21609,0.0002513014478608966
21610,0.0002492288767825812
21611,0.0002763585071079433
21612,0.0001769928785506636
21613,0.0002892395423259586
21614,0.00030269112903624773
21615,0.00022383916075341403
21616,0.00027178614982403815
21617,0.000323941872920841
21618,0.0002678681048564613
21619,0.00021525385091081262
21620,0.00023834285093471408
21621,0.0003322311386000365
21622,0.0002865113492589444
21623,0.00029018468922004104
21624,0.0002295648882864043
21625,0.0004881603817921132
21626,0.00021886153263039887
21627,0.00024080343428067863
21628,0.00025535441818647087
21629,0.0002449944440741092
21630,0.0002682363265193999
21631,0.0002452229964546859
21632,0.00019757349218707532
21633,0.00028072207351215184
21634,0.00022740589338354766
21635,0.00036424616700969636
21636,0.00020428208517841995
21637,0.00022059641196392477
21638,0.00028479701722972095
21639,0.00020904855045955628
21640,0.0002165211335523054
21641,0.00019293212972115725
21642,0.00025193922920152545
21643,0.0002059917023871094
21644,0.00022766320034861565
21645,0.0002424744889140129
21646,0.00025857958826236427
21647,0.00026389904087409377
21648,0.0002784036041703075
21649,0.00027783893165178597
21650,0.0002883194829337299
21651,0.00032311317045241594
21652,0.00041922135278582573
21653,0.0003490509989205748
21654,0.00031331024365499616
21655,0.00022322131553664804
21656,0.00020511548791546375
21657,0.00020184439199510962
21658,0.00047455175081267953
21659,0.0002270302502438426
21660,0.00026307112420909107
21661,0.00024068077618721873
21662,0.0002874312340281904
21663,0.00025115362950600684
21664,0.0002740173658821732
21665,0.0002588032220955938
21666,0.0003347308374941349
21667,0.0002435952628729865
21668,0.00020353814761620015
21669,0.00027217966271564364
21670,0.00026144913863390684
21671,0.00020339188631623983
21672,0.0002437776274746284
21673,0.00033225351944565773
21674,0.00022996586631052196
21675,0.00032040837686508894
21676,0.0002200222370447591
21677,0.0004869979456998408
21678,0.00025496218586340547
21679,0.00027242553187534213
21680,0.0002776958281174302
21681,0.00022400183661375195
21682,0.00023974388022907078
21683,0.00026288381195627153
21684,0.00019037286983802915
21685,0.00039767639827914536
21686,0.00024368891899939626
21687,0.0003525754145812243
21688,0.00027810942265205085
21689,0.0003221993101760745
21690,0.0002797929337248206
21691,0.0003635078901425004
21692,0.0002687728265300393
21693,0.0002204159100074321
21694,0.00023396234610117972
21695,0.000437047885498032
21696,0.0003636254696175456
21697,0.00028371336520649493
21698,0.0002209830709034577
21699,0.0003552765119820833
21700,0.0002528986078687012
21701,0.00029656002880074084
21702,0.0002658036828506738
21703,0.00022935868764761835
21704,0.0002994788228534162
21705,0.00023713248083367944
21706,0.0002797416818793863
21707,0.0002328944974578917
21708,0.00019646492728497833
21709,0.0003187311813235283
21710,0.00029605970485135913
21711,0.0003838271659333259
21712,0.00026945906574837863
21713,0.00022368751524481922
21714,0.00021502742310985923
21715,0.0002699783362913877
21716,0.0002077345416182652
21717,0.00020380079513415694
21718,0.00023829590645618737
21719,0.00023318547755479813
21720,0.0003378919791430235
21721,0.0002834454062394798
21722,0.00024722330272197723
21723,0.0002323428197996691
21724,0.00025932927383109927
21725,0.00022473468561656773
21726,0.00025175654445774853
21727,0.0002838223008438945
21728,0.00024417039821855724
21729,0.00023136792879085988
21730,0.0002350615686737001
21731,0.00027242113719694316
21732,0.00033431677729822695
21733,0.0003446467744652182
21734,0.00022449753305409104
21735,0.0004866950330324471
21736,0.0002372774324612692
21737,0.00022805988555774093
21738,0.00028832978568971157
21739,0.0002543372684158385
21740,0.0003175126912537962
21741,0.0003676442429423332
21742,0.0002321093197679147
21743,0.0002239657478639856
21744,0.0002370652073295787
21745,0.00030569511000066996
21746,0.00023545579460915178
21747,0.00027108981157653034
21748,0.0002083133440464735
21749,0.00031890723039396107
21750,0.00018556651775725186
21751,0.00031485187355428934
21752,0.00024224371009040624
21753,0.0002674363204278052
21754,0.0003606787940952927
21755,0.0002269111864734441
21756,0.00034506776137277484
21757,0.00025598276988603175
21758,0.00024128584482241422
21759,0.00021822890266776085
21760,0.00027964162291027606
21761,0.00021551665849983692
21762,0.00021542109607253224
21763,0.00023319445608649403
21764,0.0002149874926544726
21765,0.0002545327879488468
21766,0.00026407858240418136
21767,0.00029660944710485637
21768,0.00027100311126559973
21769,0.0002722588833421469
21770,0.00023245325428433716
21771,0.000259718915913254
21772,0.0002874390920624137
21773,0.00021643498621415347
21774,0.0002500221598893404
21775,0.00032540751271881163
21776,0.00024947113706730306
21777,0.00021464636665768921
21778,0.00030040345154702663
21779,0.00024044410383794457
21780,0.00020925306307617575
21781,0.0002653219853527844
21782,0.00029049694421701133
21783,0.00022662633273284882
21784,0.00019963727390859276
21785,0.0002661503094714135
21786,0.000213237275602296
21787,0.000262517569353804
21788,0.00027573233819566667
21789,0.00026215313118882477
21790,0.0002588988863863051
21791,0.0002900601248256862
21792,0.0002635474957060069
21793,0.0003036949201487005
21794,0.00024505428154952824
21795,0.00023229610815178603
21796,0.0003156895691063255
21797,0.0002513157669454813
21798,0.00024201917403843254
21799,0.00030578093719668686
21800,0.00023063422122504562
21801,0.0002143707824870944
21802,0.0002866742142941803
21803,0.00026916235219687223
21804,0.00021504965843632817
21805,0.0002741148928180337
21806,0.0002671729598660022
21807,0.00025216772337444127
21808,0.000260512693785131
21809,0.00034803382004611194
21810,0.00023292284458875656
21811,0.000289182091364637
21812,0.00031006892095319927
21813,0.00022339847055263817
21814,0.00027745828265324235
21815,0.0002163388126064092
21816,0.00025468741660006344
21817,0.0001950990263139829
21818,0.0004062854568473995
21819,0.0002277935273014009
21820,0.00019854374113492668
21821,0.0002435239584883675
21822,0.0003055525303352624
21823,0.00021981589088682085
21824,0.0002852996112778783
21825,0.0003295337373856455
21826,0.00026975569198839366
21827,0.00021207692043390125
21828,0.00021597342856694013
21829,0.00025912869023159146
21830,0.00022560682555194944
21831,0.00020200261496938765
21832,0.0003301908727735281
21833,0.00022495996381621808
21834,0.00021383953571785241
21835,0.0002447021834086627
21836,0.00028183081303723156
21837,0.00034204398980364203
21838,0.00020123252761550248
21839,0.0003255783230997622
21840,0.00017894292250275612
21841,0.00021264480892568827
21842,0.00022902042837813497
21843,0.00026466671261005104
21844,0.00040161237120628357
21845,0.0002187764475820586
21846,0.0002018873783526942
21847,0.0004965626285411417
21848,0.00023906183196231723
21849,0.0002958021068479866
21850,0.0002548558986745775
21851,0.000199252855964005
21852,0.0002322647487744689
21853,0.0002170541847590357
21854,0.00024203471548389643
21855,0.00020443112589418888
21856,0.0001962552487384528
21857,0.00022114836610853672
21858,0.0002607658680062741
21859,0.0002531161007937044
21860,0.0002364999381825328
21861,0.00024291723093483597
21862,0.0002701561897993088
21863,0.0002857075887732208
21864,0.00029923446709290147
21865,0.00017272515106014907
21866,0.00041804101783782244
21867,0.000252509635174647
21868,0.00024738922365941107
21869,0.0004668123438023031
21870,0.00018663798982743174
21871,0.0003128812531940639
21872,0.0002598401624709368
21873,0.00023790367413312197
21874,0.0002356683398829773
21875,0.00022737642575521022
21876,0.00030022385180927813
21877,0.0003258356882724911
21878,0.0002102858416037634
21879,0.0002533470105845481
21880,0.00026336414157412946
21881,0.00019592989701777697
21882,0.0003039853472728282
21883,0.0002322923537576571
21884,0.00016783343744464219
21885,0.0002995132526848465
21886,0.00026989702018909156
21887,0.00027647134265862405
21888,0.00021209486294537783
21889,0.0002037537778960541
21890,0.00021688292326871306
21891,0.00018821840058080852
21892,0.00023615903046447784
21893,0.00021674027084372938
21894,0.00026503883418627083
21895,0.00024969642981886864
21896,0.00027802589465864
21897,0.00027319209766574204
21898,0.00021748041035607457
21899,0.00019686944142449647
21900,0.00023149661137722433
21901,0.00023022737877909094
21902,0.0003047879145015031
21903,0.0002074347430607304
21904,0.000270092801656574
21905,0.0002270788245368749
21906,0.00023389153648167849
21907,0.0002559058484621346
21908,0.0002578708517830819
21909,0.0004029821138828993
21910,0.00020643437164835632
21911,0.00022751941287424415
21912,0.0003096221771556884
21913,0.0003056988643947989
21914,0.00021966946951579303
21915,0.0002855672501027584
21916,0.0003637592599261552
21917,0.0002807957062032074
21918,0.00018141683540306985
21919,0.00026843513478524983
21920,0.000250372220762074
21921,0.00021763533004559577
21922,0.00029079054365865886
21923,0.0002610452938824892
21924,0.0002328213449800387
21925,0.0002754100423771888
21926,0.0003352164931129664
21927,0.00031787523766979575
21928,0.0002543173322919756
21929,0.0003373091749381274
21930,0.0002631341922096908
21931,0.0002318133192602545
21932,0.00023194101231638342
21933,0.00033699400955811143
21934,0.00019939245248679072
21935,0.00016283524746540934
21936,0.00035749716334976256
21937,0.00029180574347265065
21938,0.0002878588857129216
21939,0.000250463344855234
21940,0.00026450614677742124
21941,0.0002143477468052879
21942,0.0003292777400929481
21943,0.00026544564752839506
21944,0.0001927413250086829
21945,0.0001963976537808776
21946,0.0002388125576544553
21947,0.00027833355125039816
21948,0.00022981222718954086
21949,0.00029014964820817113
21950,0.00026144308503717184
21951,0.0002298002946190536
21952,0.00030610625981353223
21953,0.0003814137016888708
21954,0.00023958746169228107
21955,0.00029350511613301933
21956,0.00019603710097726434
21957,0.00018102778994943947
21958,0.00020607085025403649
21959,0.00026048533618450165
21960,0.00029541010735556483
21961,0.0002714166766963899
21962,0.00026542224804870784
21963,0.00031507544917985797
21964,0.00021332530013751239
21965,0.00030816716025583446
21966,0.00025654849014244974
21967,0.0002131971123162657
21968,0.00027260303613729775
21969,0.00028503776411525905
21970,0.00021210339036770165
21971,0.0002827690332196653
21972,0.00024811262846924365
21973,0.00022082428040448576
21974,0.0002196771965827793
21975,0.00042334056342951953
21976,0.0002767195110209286
21977,0.00029908845317550004
21978,0.00022235164942685515
21979,0.0002749735431279987
21980,0.00024987568031065166
21981,0.00020115110964979976
21982,0.00020581834542099386
21983,0.00022678202367387712
21984,0.00017421790107619017
21985,0.00024106712953653187
21986,0.00022406928474083543
21987,0.00025469937827438116
21988,0.0002317895705346018
21989,0.00025569621357135475
21990,0.00027876984677277505
21991,0.0002879673847928643
21992,0.0002425684069748968
21993,0.00024806256988085806
21994,0.00028639999800361693
21995,0.00027183309430256486
21996,0.0003450336225796491
21997,0.00028031491092406213
21998,0.000199286310817115
21999,0.00016776339907664806
22000,0.0003611680876929313
22001,0.0003125559014733881
22002,0.0003577520838007331
22003,0.00025279991677962244
22004,0.0002573699748609215
22005,0.0002570045762695372
22006,0.0002729968982748687
22007,0.0002373617171542719
22008,0.0001754622790031135
22009,0.0002944317238871008
22010,0.00028450554236769676
22011,0.00021194232976995409
22012,0.0002041161060333252
22013,0.0002399220538791269
22014,0.0002297322207596153
22015,0.000289964082185179
22016,0.0003576567687559873
22017,0.00033362055546604097
22018,0.00022560320212505758
22019,0.00024837403907440603
22020,0.00022699289547745138
22021,0.00021465848840307444
22022,0.0002955834788735956
22023,0.0004051496216561645
22024,0.00019109691493213177
22025,0.0003066691569983959
22026,0.0003113871207460761
22027,0.00022661722323391587
22028,0.0003089835518039763
22029,0.00025444765924476087
22030,0.0001918186026159674
22031,0.00029308791272342205
22032,0.0003432392841205001
22033,0.0002817875356413424
22034,0.00022480875486508012
22035,0.00023556011728942394
22036,0.0002786867553368211
22037,0.00029066725983284414
22038,0.0003336711961310357
22039,0.00027413410134613514
22040,0.0002735759480856359
22041,0.00024433102225884795
22042,0.00022797442215960473
22043,0.00021392783673945814
22044,0.00025304840528406203
22045,0.0002938269462902099
22046,0.00025456282310187817
22047,0.00027735569165088236
22048,0.0001930991857079789
22049,0.00022636431094724685
22050,0.00024203125212807208
22051,0.00026775989681482315
22052,0.00022475002333521843
22053,0.00037416472332552075
22054,0.0002475100045558065
22055,0.00031214990303851664
22056,0.00030415900982916355
22057,0.0002675018913578242
22058,0.00022693404753226787
22059,0.00036976797855459154
22060,0.0004267248441465199
22061,0.0002281672932440415
22062,0.00044838018948212266
22063,0.0002685170329641551
22064,0.0002195335109718144
22065,0.0004154679481871426
22066,0.00037028375663794577
22067,0.00027958027203567326
22068,0.00034372718073427677
22069,0.0003771148913074285
22070,0.0004214396176394075
22071,0.0002080184203805402
22072,0.00035413738805800676
22073,0.00022570585133507848
22074,0.000184104879735969
22075,0.00022559883655048907
22076,0.0002810591540765017
22077,0.0002755808236543089
22078,0.00029527131118811667
22079,0.00025785461184568703
22080,0.00028535566525533795
22081,0.0002569458447396755
22082,0.0002308291441295296
22083,0.0002463642449583858
22084,0.00018656447355169803
22085,0.0002781795337796211
22086,0.00038636839599348605
22087,0.00039575251867063344
22088,0.00036193407140672207
22089,0.00030183783383108675
22090,0.0002665711217559874
22091,0.00022656857618130744
22092,0.00035764442873187363
22093,0.00027002053684554994
22094,0.0002902541309595108
22095,0.0002550873614381999
22096,0.00022924727818462998
22097,0.0003412561782170087
22098,0.00029615432140417397
22099,0.0002461860131006688
22100,0.00024734550970606506
22101,0.00029427590197883546
22102,0.00025768866180442274
22103,0.0002763566735666245
22104,0.0002908167662099004
22105,0.00033532778616063297
22106,0.0003012829984072596
22107,0.00027598251472227275
22108,0.0003655612817965448
22109,0.00021426452440209687
22110,0.0002695148577913642
22111,0.00031685910653322935
22112,0.00025106826797127724
22113,0.00023414041788782924
22114,0.00026824866654351354
22115,0.00024974526604637504
22116,0.0002042960695689544
22117,0.00022683828137814999
22118,0.00026796114980243146
22119,0.0002651328104548156
22120,0.00024795514764264226
22121,0.00025983285740949214
22122,0.00024014562950469553
22123,0.00024924491299316287
22124,0.000335693039232865
22125,0.0002560722641646862
22126,0.00023173635418061167
22127,0.0002074109943350777
22128,0.0002761775685939938
22129,0.00022667067241854966
22130,0.00022263055143412203
22131,0.0004278042761143297
22132,0.00023909812443889678
22133,0.0002637823927216232
22134,0.0002472701598890126
22135,0.00035159557592123747
22136,0.00021177815506234765
22137,0.0002161669108318165
22138,0.0003435626858845353
22139,0.0002802542003337294
22140,0.00025017536245286465
22141,0.00027007804601453245
22142,0.00019968827837146819
22143,0.0002230513491667807
22144,0.0003323436249047518
22145,0.00022143863316159695
22146,0.0003116812149528414
22147,0.0003076751308981329
22148,0.0002594822144601494
22149,0.00021313491743057966
22150,0.00023729879467282444
22151,0.0002386617416050285
22152,0.00018441023712512106
22153,0.00032230676151812077
22154,0.000284541369182989
22155,0.0003730164607986808
22156,0.000261469540419057
22157,0.0002337963378522545
22158,0.0002534756204113364
22159,0.00024282446247525513
22160,0.00028744619339704514
22161,0.00024257117183879018
22162,0.0002722688368521631
22163,0.00026518365484662354
22164,0.0002257108426420018
22165,0.00019477093883324414
22166,0.00024373600899707526
22167,0.00040885238558985293
22168,0.00024194071011152118
22169,0.0002911802439484745
22170,0.00017741833289619535
22171,0.00020638540445361286
22172,0.00045419821981340647
22173,0.00026025899569503963
22174,0.00030471052741631866
22175,0.0001988665317185223
22176,0.0002080851700156927
22177,0.0002708833198994398
22178,0.0002606500929687172
22179,0.00022336254187393934
22180,0.00027059769490733743
22181,0.000249457370955497
22182,0.00026915062335319817
22183,0.00020680994202848524
22184,0.000309504073811695
22185,0.00025357172125950456
22186,0.00022251356858760118
22187,0.0002655340067576617
22188,0.0003065829514525831
22189,0.00025136975455097854
22190,0.0002194929402321577
22191,0.0003327457816340029
22192,0.0003071203827857971
22193,0.00027876888634637
22194,0.0002446097496431321
22195,0.0002459558891132474
22196,0.00024568988010287285
22197,0.00023492150648962706
22198,0.0002556240651756525
22199,0.000240221997955814
22200,0.00031891526305116713
22201,0.0002782801748253405
22202,0.0001836507290136069
22203,0.0003065580385737121
22204,0.0002554553502704948
22205,0.00019609172886703163
22206,0.0002712816058192402
22207,0.0003147400275338441
22208,0.0002567940391600132
22209,0.0002783194649964571
22210,0.00021202814241405576
22211,0.0002489707840140909
22212,0.00017942495469469577
22213,0.00026646212791092694
22214,0.0002530482888687402
22215,0.00024723634123802185
22216,0.0003686313284561038
22217,0.0002716612070798874
22218,0.0002815210318658501
22219,0.0002449268940836191
22220,0.00023620961292181164
22221,0.00022249805624596775
22222,0.0003003304300364107
22223,0.00030653481371700764
22224,0.0002603479370009154
22225,0.00021204886434134096
22226,0.00028083755751140416
22227,0.0002680918260011822
22228,0.00028761004796251655
22229,0.0002639861486386508
22230,0.00038610975025221705
22231,0.000254513492109254
22232,0.0003220699727535248
22233,0.00023362692445516586
22234,0.00023232083185575902
22235,0.00019760223221965134
22236,0.00044696545228362083
22237,0.0003552038106136024
22238,0.0003121266490779817
22239,0.00027440398116596043
22240,0.00022800304577685893
22241,0.00023409495770465583
22242,0.0003963426861446351
22243,0.00021064266911707819
22244,0.00025200602249242365
22245,0.00021174541325308383
22246,0.00031756333191879094
22247,0.00028487457893788815
22248,0.00033883124706335366
22249,0.00026481400709599257
22250,0.00023917124781291932
22251,0.00022311646898742765
22252,0.0002990989596582949
22253,0.0003583639918360859
22254,0.00023190978390630335
22255,0.0002297563769388944
22256,0.00019247349700890481
22257,0.00033598742447793484
22258,0.0003324158606119454
22259,0.00029917561914771795
22260,0.00021017623657826334
22261,0.00026330657419748604
22262,0.0004043460066895932
22263,0.00019608122238423675
22264,0.0002510909107513726
22265,0.00021890478092245758
22266,0.00031709030736237764
22267,0.00025142732192762196
22268,0.00020506998407654464
22269,0.0002342780353501439
22270,0.00019735770183615386
22271,0.00021935727272648364
22272,0.00024853349896147847
22273,0.0002472920750733465
22274,0.0002454659843351692
22275,0.0002570620854385197
22276,0.00026775465812534094
22277,0.00022467989765573293
22278,0.00031718259560875595
22279,0.00029009743593633175
22280,0.0003238694916944951
22281,0.0003259240766055882
22282,0.0003690363955684006
22283,0.00023421480727847666
22284,0.000312059186398983
22285,0.00021104358893353492
22286,0.000417424482293427
22287,0.00025776674738153815
22288,0.00016447194502688944
22289,0.0002369104913668707
22290,0.00024128821678459644
22291,0.00023686177155468613
22292,0.0002871766628231853
22293,0.00037931042606942356
22294,0.00031522795325145125
22295,0.0002881840628106147
22296,0.00041601722477935255
22297,0.00020905176643282175
22298,0.0003204673121217638
22299,0.00022863810590934008
22300,0.00031451036920771003
22301,0.00019667373271659017
22302,0.00023219481226988137
22303,0.0003234384930692613
22304,0.0002325345267308876
22305,0.0003760010586120188
22306,0.0002606697962619364
22307,0.00027794126071967185
22308,0.00020480032253544778
22309,0.00023885858536232263
22310,0.00024359104281757027
22311,0.0002408597938483581
22312,0.00025963116786442697
22313,0.00027057825354859233
22314,0.00019405604689382017
22315,0.00027815060457214713
22316,0.0002470161416567862
22317,0.00023319729370996356
22318,0.0002258869499200955
22319,0.00026587629690766335
22320,0.00024531365488655865
22321,0.0002769282436929643
22322,0.00026767628150992095
22323,0.00028444730560295284
22324,0.00021478299458976835
22325,0.00025480761541984975
22326,0.0002493782085366547
22327,0.000242443653405644
22328,0.00026079395320266485
22329,0.000231590325711295
22330,0.00020145723829045892
22331,0.00028975727036595345
22332,0.00031680974643677473
22333,0.0002879365347325802
22334,0.0002358274214202538
22335,0.0003660819784272462
22336,0.0002510051417630166
22337,0.00019993132445961237
22338,0.00020392556325532496
22339,0.00024312990717589855
22340,0.00024523178581148386
22341,0.0002300662745255977
22342,0.0002130258799297735
22343,0.0003105793730355799
22344,0.0002512715582270175
22345,0.0003413628146518022
22346,0.00028934632427990437
22347,0.00023981413687579334
22348,0.00030531425727531314
22349,0.0002223198680439964
22350,0.00024700225912965834
22351,0.0002399729855824262
22352,0.00037760735722258687
22353,0.00020588707411661744
22354,0.00026538007659837604
22355,0.0002703051140997559
22356,0.0003011684457305819
22357,0.0002674504357855767
22358,0.00035947043215855956
22359,0.00018731273303274065
22360,0.00030013066134415567
22361,0.0003459497820585966
22362,0.00028925371589139104
22363,0.0001932312297867611
22364,0.000264271191554144
22365,0.00027321730158291757
22366,0.0002016895596170798
22367,0.00018325075507164001
22368,0.00024178736202884465
22369,0.00029433422605507076
22370,0.00016939436318352818
22371,0.00024324454716406763
22372,0.00021335571364033967
22373,0.00023195093672256917
22374,0.00023119145771488547
22375,0.00025821159943006933
22376,0.0003025926125701517
22377,0.00028686333098448813
22378,0.00021128698426764458
22379,0.00026056799106299877
22380,0.0002278111787745729
22381,0.00022734017693437636
22382,0.00031569774728268385
22383,0.00026346376398578286
22384,0.000278115359833464
22385,0.000264936126768589
22386,0.00029987163725309074
22387,0.00018739957886282355
22388,0.0002804094401653856
22389,0.00029976386576890945
22390,0.0003395442327018827
22391,0.00022656135843135417
22392,0.0002332952426513657
22393,0.00030940945725888014
22394,0.000266915129031986
22395,0.0002782927767839283
22396,0.000398275995394215
22397,0.0002740261552389711
22398,0.000329078349750489
22399,0.00025501337950117886
22400,0.0002529869962017983
22401,0.00025518261827528477
22402,0.00023735291324555874
22403,0.0002828418801072985
22404,0.00021029166236985475
22405,0.00016249678446911275
22406,0.00021544356422964483
22407,0.00019703544967342168
22408,0.0002056722587440163
22409,0.00032625257153995335
22410,0.0003225753898732364
22411,0.0002475351793691516
22412,0.00029202771838754416
22413,0.00024705386022105813
22414,0.00022316104150377214
22415,0.00043681779061444104
22416,0.0003415331884752959
22417,0.0002723759098444134
22418,0.0002766922989394516
22419,0.00022420006280299276
22420,0.00028448522789403796
22421,0.00027943315217271447
22422,0.0002486652520019561
22423,0.0002205802738899365
22424,0.00023416447220370173
22425,0.0002528618206270039
22426,0.00020701618632301688
22427,0.00026168732438236475
22428,0.0002389447472523898
22429,0.0002910315233748406
22430,0.00027578920708037913
22431,0.000262265995843336
22432,0.00025040339096449316
22433,0.00023568117467220873
22434,0.0002472466148901731
22435,0.0003531563561409712
22436,0.00023570733901578933
22437,0.00022535222524311393
22438,0.00024175576982088387
22439,0.00020430510630831122
22440,0.00020057917572557926
22441,0.00023339792096521705
22442,0.00038728665094822645
22443,0.00021630190894939005
22444,0.0001979604276129976
22445,0.0002920022525358945
22446,0.00025203273980878294
22447,0.0002083930157823488
22448,0.0002915220975410193
22449,0.00021418220421765
22450,0.00020654303079936653
22451,0.00023132708156481385
22452,0.00023919979867059737
22453,0.00025235905195586383
22454,0.000346479908330366
22455,0.0003448542847763747
22456,0.0002190268860431388
22457,0.00027677082107402384
22458,0.00020258084987290204
22459,0.00030982348835095763
22460,0.0002090120397042483
22461,0.0001943958195624873
22462,0.00019672898633871228
22463,0.00022554027964361012
22464,0.00022411526879295707
22465,0.0002513789804652333
22466,0.000281284999800846
22467,0.00020371965365484357
22468,0.00027191403205506504
22469,0.0002683507918845862
22470,0.0002497754176147282
22471,0.0003005505714099854
22472,0.0002567573101259768
22473,0.00020644607138819993
22474,0.00021032597578596324
22475,0.00023332383716478944
22476,0.0002188819635193795
22477,0.00030551612144336104
22478,0.00028424427728168666
22479,0.00026857201009988785
22480,0.0003122621274087578
22481,0.0002934360527433455
22482,0.0002277721359860152
22483,0.0003363622527103871
22484,0.00016677337407600135
22485,0.0003141961351502687
22486,0.00024762225802987814
22487,0.00019640977552626282
22488,0.00023179267009254545
22489,0.0002572199155110866
22490,0.0002871994802262634
22491,0.00022466025257017463
22492,0.0002480516559444368
22493,0.00024443265283480287
22494,0.00020586210303008556
22495,0.0002104595914715901
22496,0.0002522460126783699
22497,0.00023837183834984899
22498,0.00026101150433532894
22499,0.0002276516315760091
22500,0.00020334936561994255
22501,0.00029555271612480283
22502,0.0003413298982195556
22503,0.0001899434719234705
22504,0.0002156286354875192
22505,0.00018397245730739087
22506,0.0002859506057575345
22507,0.0002722899371292442
22508,0.0003007409395650029
22509,0.00021465233294293284
22510,0.00029197774711064994
22511,0.0002641021565068513
22512,0.0004208293976262212
22513,0.00042546630720607936
22514,0.00024087635392788798
22515,0.00026184716261923313
22516,0.0001811775437090546
22517,0.00020519582903943956
22518,0.0002155863621737808
22519,0.00022199252271093428
22520,0.00028574379393830895
22521,0.0002667867811396718
22522,0.00018936536798719317
22523,0.00023191900982055813
22524,0.0002424461708869785
22525,0.00026543019339442253
22526,0.0002801587979774922
22527,0.0003204072418157011
22528,0.00022355362307280302
22529,0.0002949286426883191
22530,0.00031605485128238797
22531,0.00022114669263828546
22532,0.00042653686250559986
22533,0.00029823827208019793
22534,0.00024151609977707267
22535,0.00040822013397701085
22536,0.00018931631348095834
22537,0.0002431737375445664
22538,0.0002570823417045176
22539,0.00026379397604614496
22540,0.00023556344967801124
22541,0.00024359948292840272
22542,0.00022509614063892514
22543,0.0003373691579326987
22544,0.0002061786944977939
22545,0.00020516298536676913
22546,0.00023705587955191731
22547,0.00032700851443223655
22548,0.00029403920052573085
22549,0.00021965487394481897
22550,0.0002840832166839391
22551,0.0003268856671638787
22552,0.000341517647029832
22553,0.00024990958627313375
22554,0.0002772883453872055
22555,0.00026201517903245986
22556,0.0003901422896888107
22557,0.00023367723042611033
22558,0.0003149286494590342
22559,0.00023248509387485683
22560,0.0002327614784007892
22561,0.00027079027495346963
22562,0.000287507165921852
22563,0.00022283504949882627
22564,0.000209735706448555
22565,0.0002114940289175138
22566,0.0002346519468119368
22567,0.0002876889193430543
22568,0.000282581546343863
22569,0.0002011955511989072
22570,0.00021984431077726185
22571,0.00017749523976817727
22572,0.00021799029491376132
22573,0.000192514227819629
22574,0.0003189549024682492
22575,0.00025700315018184483
22576,0.0002697415475267917
22577,0.00026002127560786903
22578,0.00027528428472578526
22579,0.00018664845265448093
22580,0.00028512152493931353
22581,0.0003269939625170082
22582,0.00029148318571969867
22583,0.00022786865883972496
22584,0.00022408764925785363
22585,0.00036734872264787555
22586,0.00024441618006676435
22587,0.00022119686764199287
22588,0.0002989777422044426
22589,0.00022298649128060788
22590,0.00019252965284977108
22591,0.0003286496503278613
22592,0.00023701501777395606
22593,0.00027024964219890535
22594,0.000286607799353078
22595,0.0003096151049248874
22596,0.00020679559384007007
22597,0.00025908160023391247
22598,0.00024139475135598332
22599,0.0002658897137735039
22600,0.00023500063980463892
22601,0.0003190748975612223
22602,0.0002105394669342786
22603,0.0002470557519700378
22604,0.0002416005590930581
22605,0.00021221023052930832
22606,0.0003025261394213885
22607,0.00023046792193781585
22608,0.00039407078293152153
22609,0.00023021480592433363
22610,0.0003389779885765165
22611,0.0001736330596031621
22612,0.000292556214844808
22613,0.00036297267070040107
22614,0.00032638467382639647
22615,0.00020944671996403486
22616,0.00018607499077916145
22617,0.0002738744951784611
22618,0.0004120742960367352
22619,0.0003012275556102395
22620,0.0002644654596224427
22621,0.0003161302302032709
22622,0.0003016950795426965
22623,0.0003072525723837316
22624,0.0002239958557765931
22625,0.00028385312180034816
22626,0.00029121735133230686
22627,0.00026096560759469867
22628,0.0003060365270357579
22629,0.0003552362904883921
22630,0.0002954798110295087
22631,0.00021799963724333793
22632,0.000206546756089665
22633,0.00032177031971514225
22634,0.00021817858214490116
22635,0.0002678485761862248
22636,0.00029154590447433293
22637,0.00022856975556351244
22638,0.00031574504100717604
22639,0.00021381728583946824
22640,0.0003026032354682684
22641,0.00022809043002780527
22642,0.0003303316480014473
22643,0.0004083390231244266
22644,0.000235857063671574
22645,0.00039244804065674543
22646,0.00020455704361665994
22647,0.00033142176107503474
22648,0.00027585579664446414
22649,0.00029473783797584474
22650,0.000234360879403539
22651,0.00028348920750431716
22652,0.0003047474892809987
22653,0.00020088641031179577
22654,0.00025535927852615714
22655,0.0002038742823060602
22656,0.0003062270407099277
22657,0.00021336560894269496
22658,0.0002478194364812225
22659,0.00028894341085106134
22660,0.00022768022608943284
22661,0.000258004292845726
22662,0.0003392336657270789
22663,0.0002907844609580934
22664,0.00023844855604693294
22665,0.0002746555837802589
22666,0.0002501085982657969
22667,0.00024913917877711356
22668,0.000286013848381117
22669,0.0002665876818355173
22670,0.0002345610409975052
22671,0.00022899707255419344
22672,0.0004107856657356024
22673,0.00025119740166701376
22674,0.00019413114932831377
22675,0.00029761288897134364
22676,0.0002894903882406652
22677,0.0002827071584761143
22678,0.00023527366283815354
22679,0.00020910313469357789
22680,0.0002274945582030341
22681,0.00028087577084079385
22682,0.00026469153817743063
22683,0.0002183508622692898
22684,0.0002083565923385322
22685,0.000373008573660627
22686,0.00030255818273872137
22687,0.00024119374575093389
22688,0.0003067126381210983
22689,0.00019356679695192724
22690,0.00039869314059615135
22691,0.00024270043650176376
22692,0.00028908514650538564
22693,0.00024021878198254853
22694,0.0002437950170133263
22695,0.00031338894041255116
22696,0.00024004012811928988
22697,0.00022967267432250082
22698,0.0003426072362344712
22699,0.0002540051646064967
22700,0.0002787889097817242
22701,0.0002218345325672999
22702,0.00031680698157288134
22703,0.00023701402824372053
22704,0.00020041392417624593
22705,0.00022269105829764158
22706,0.00023743219207972288
22707,0.0003327351878397167
22708,0.0001767152571119368
22709,0.00023665647313464433
22710,0.00027479525306262076
22711,0.0003362716524861753
22712,0.0002474046195857227
22713,0.00020421437511686236
22714,0.00028753926744684577
22715,0.00029717740835621953
22716,0.0002179193397751078
22717,0.0002878788800444454
22718,0.0002364058600505814
22719,0.0002755809109658003
22720,0.00025638609076850116
22721,0.0002769794373307377
22722,0.00029439988429658115
22723,0.00021729669242631644
22724,0.0002295935119036585
22725,0.00019261967099737376
22726,0.00021757595823146403
22727,0.0003179545165039599
22728,0.0002857216459233314
22729,0.0001835456641856581
22730,0.00038721904275007546
22731,0.00019011781841982156
22732,0.00022528157569468021
22733,0.0003806619206443429
22734,0.00028225957066752017
22735,0.00021498132264241576
22736,0.00034085847437381744
22737,0.00028850819217041135
22738,0.0002010590396821499
22739,0.0003001494915224612
22740,0.00036017224192619324
22741,0.00020296426373533905
22742,0.00033615337451919913
22743,0.00023494464403484017
22744,0.00026711722603067756
22745,0.00023443055397365242
22746,0.00023675855481997132
22747,0.00022717272804584354
22748,0.000256512314081192
22749,0.00023972566123120487
22750,0.00036729173734784126
22751,0.00023110782785806805
22752,0.0002685556828510016
22753,0.0001781414175638929
22754,0.00023783757933415473
22755,0.0002584291505627334
22756,0.0002865557326003909
22757,0.00022880556934978813
22758,0.0002707027888391167
22759,0.00028230156749486923
22760,0.00019541228539310396
22761,0.00019961988436989486
22762,0.000283280125586316
22763,0.000251137389568612
22764,0.00021073987591080368
22765,0.00023364405205938965
22766,0.00034948307438753545
22767,0.00024016681709326804
22768,0.0004030231211800128
22769,0.00031015308923088014
22770,0.0001764761982485652
22771,0.00025882801855914295
22772,0.00020935514476150274
22773,0.00022908694518264383
22774,0.0002678493328858167
22775,0.000306195201119408
22776,0.0002308301773155108
22777,0.0002902476699091494
22778,0.00023412363952957094
22779,0.0003064913034904748
22780,0.0002199002483393997
22781,0.00026323305792175233
22782,0.00026645511388778687
22783,0.0002630831440910697
22784,0.00027978068101219833
22785,0.0003692631726153195
22786,0.00026826656539924443
22787,0.00020143685105722398
22788,0.0002848859876394272
22789,0.0002126440085703507
22790,0.00024144313647411764
22791,0.0003305238496977836
22792,0.00033867268939502537
22793,0.0002998076961375773
22794,0.00023025245172902942
22795,0.0002224660274805501
22796,0.0005281513440422714
22797,0.0002781722287181765
22798,0.00027001454145647585
22799,0.00033157109282910824
22800,0.00022269172768574208
22801,0.0002334208256797865
22802,0.0003707925498019904
22803,0.0002067555469693616
22804,0.0002346469700569287
22805,0.0002206554781878367
22806,0.00030371517641469836
22807,0.0002185385237680748
22808,0.00024197551829274744
22809,0.00026849802816286683
22810,0.00023532893101219088
22811,0.00029172981157898903
22812,0.00046368592302314937
22813,0.00041299129952676594
22814,0.00019812831305898726
22815,0.00020094974024686962
22816,0.0002470297331456095
22817,0.0003105080104433
22818,0.00022803219326306134
22819,0.00025971082504838705
22820,0.00021015017409808934
22821,0.00037583254743367434
22822,0.0002581190492492169
22823,0.00030329698347486556
22824,0.00022064642689656466
22825,0.00028306207968853414
22826,0.00031817404669709504
22827,0.0003064533229917288
22828,0.0002722978824749589
22829,0.00024229455448221415
22830,0.00022941389761399478
22831,0.00023214575776364654
22832,0.00020346901146695018
22833,0.0002574340032879263
22834,0.00020551946363411844
22835,0.0002527136239223182
22836,0.0002347928093513474
22837,0.000253067584708333
22838,0.00032773864222690463
22839,0.00027870203484781086
22840,0.00021462494623847306
22841,0.00023548163881059736
22842,0.0003244261897634715
22843,0.0002550666977185756
22844,0.000259172375081107
22845,0.00021760948584415019
22846,0.00029241261654533446
22847,0.00022641516989097
22848,0.00039987158379517496
22849,0.0002731469285208732
22850,0.00020222077728249133
22851,0.0002473565109539777
22852,0.0003863108577206731
22853,0.00026785547379404306
22854,0.00021110881061758846
22855,0.0002615290286485106
22856,0.00027844132273457944
22857,0.0002377331256866455
22858,0.0002494029758963734
22859,0.00032416838803328574
22860,0.0003362037241458893
22861,0.00022474746219813824
22862,0.00017682762700133026
22863,0.00026609565247781575
22864,0.00027093803510069847
22865,0.0002729555999394506
22866,0.00023241927556227893
22867,0.00021375007054302841
22868,0.00022264791186898947
22869,0.00025775498943403363
22870,0.00020476800273172557
22871,0.00018714288307819515
22872,0.0002555806131567806
22873,0.00022438328596763313
22874,0.00024654369917698205
22875,0.00021613453282043338
22876,0.0002414225455140695
22877,0.00023023472749628127
22878,0.0003146695380564779
22879,0.0002518632682040334
22880,0.0004484429082367569
22881,0.0002856982755474746
22882,0.00024693249724805355
22883,0.00042522675357759
22884,0.0002249016979476437
22885,0.00025005624047480524
22886,0.00021906687470618635
22887,0.00036009191535413265
22888,0.0002163997123716399
22889,0.00029084496782161295
22890,0.0003296986105851829
22891,0.000252726225880906
22892,0.0002620308368932456
22893,0.0002882432017941028
22894,0.0002292007120558992
22895,0.0002023012057179585
22896,0.0003144526854157448
22897,0.00028722314164042473
22898,0.00022436975268647075
22899,0.00027181071345694363
22900,0.00024973382824100554
22901,0.0001976706989808008
22902,0.0004157893708907068
22903,0.00026877442724071443
22904,0.00027327678981237113
22905,0.00031396557460539043
22906,0.00023188012710306793
22907,0.000273616227786988
22908,0.00026101304683834314
22909,0.00032116862712427974
22910,0.0001854697911767289
22911,0.0002336846519028768
22912,0.00024326441052835435
22913,0.00023970268375705928
22914,0.00031633712933398783
22915,0.0002509683254174888
22916,0.0002036457444773987
22917,0.00026623750454746187
22918,0.00024311456945724785
22919,0.00021127259242348373
22920,0.00022837748110760003
22921,0.00031762130674906075
22922,0.00021230909624136984
22923,0.0002397206553723663
22924,0.00025632904726080596
22925,0.00022316792455967516
22926,0.000305154244415462
22927,0.0002793247695080936
22928,0.00019234408682677895
22929,0.0002170564403058961
22930,0.000293128308840096
22931,0.000323698011925444
22932,0.0002721142955124378
22933,0.0002827156276907772
22934,0.00026784310466609895
22935,0.0002616527781356126
22936,0.00022422493202611804
22937,0.00027130916714668274
22938,0.00018626237579155713
22939,0.00020417825726326555
22940,0.0002849413431249559
22941,0.0003192683798260987
22942,0.0002889725146815181
22943,0.0002357890916755423
22944,0.0002226612123195082
22945,0.00024042399309109896
22946,0.0003070270468015224
22947,0.00030786762363277376
22948,0.0002380096266278997
22949,0.0001908929116325453
22950,0.0002261972113046795
22951,0.0002776494948193431
22952,0.0002212343388237059
22953,0.00022799476573709399
22954,0.0003147951210848987
22955,0.00019942309882026166
22956,0.0003019395226147026
22957,0.0002824651310220361
22958,0.0001973931648535654
22959,0.0002686317602638155
22960,0.00018438750703353435
22961,0.0002856976061593741
22962,0.0002404455008218065
22963,0.00025754989474080503
22964,0.0003271665773354471
22965,0.0002532893850002438
22966,0.00023416653857566416
22967,0.00037986625102348626
22968,0.0002481892588548362
22969,0.0003309120947960764
22970,0.0003519123129080981
22971,0.00021855681552551687
22972,0.00025475549045950174
22973,0.00019918705220334232
22974,0.0002551951911300421
22975,0.00022333970991894603
22976,0.0002232633123639971
22977,0.0002146783663192764
22978,0.0002450102474540472
22979,0.00016424791829194874
22980,0.0002408297295914963
22981,0.00024642248172312975
22982,0.0003097750886809081
22983,0.00030949796200729907
22984,0.0002607850474305451
22985,0.0003144330985378474
22986,0.0001986761053558439
22987,0.0002366406552027911
22988,0.0001910851860884577
22989,0.0003041986492462456
22990,0.00022567306587006897
22991,0.0003407879557926208
22992,0.0003209564893040806
22993,0.00019468464597593993
22994,0.0002109868364641443
22995,0.00029589072801172733
22996,0.0002596951962914318
22997,0.00030593338306061924
22998,0.00022077537141740322
22999,0.00027074513491243124
23000,0.0003407399053685367
23001,0.00025084614753723145
23002,0.00019912663265131414
23003,0.0002754366141743958
23004,0.0003706960997078568
23005,0.0002161211014026776
23006,0.0002451716864015907
23007,0.00022767484188079834
23008,0.0004428703978192061
23009,0.00023699994198977947
23010,0.00031772584770806134
23011,0.0004097234341315925
23012,0.00021264096722006798
23013,0.00023890715965535492
23014,0.00027376299840398133
23015,0.00037381297443062067
23016,0.00020230865629855543
23017,0.00023707679065410048
23018,0.00024580207536928356
23019,0.00037173519376665354
23020,0.00028227895381860435
23021,0.00022988695127423853
23022,0.00034952431451529264
23023,0.00024865142768248916
23024,0.0002639512240421027
23025,0.00035847435356117785
23026,0.00029042692040093243
23027,0.000290993950329721
23028,0.00024562684120610356
23029,0.0002303888468304649
23030,0.0002995264658238739
23031,0.00030192930717021227
23032,0.0002611304516904056
23033,0.00022329467174131423
23034,0.00020175961253698915
23035,0.00021423932048492134
23036,0.00024012070207390934
23037,0.0002906738081946969
23038,0.00039549212669953704
23039,0.00036242385976947844
23040,0.000281300803180784
23041,0.0002614740515127778
23042,0.0003788240719586611
23043,0.00025467571686021984
23044,0.0002950923517346382
23045,0.0002536731190048158
23046,0.00030042260186746716
23047,0.00022533013543579727
23048,0.00024735534680075943
23049,0.0003150652046315372
23050,0.00022987007105257362
23051,0.0003611367428675294
23052,0.00029990257462486625
23053,0.0002629659720696509
23054,0.00020420199143700302
23055,0.00022761108994018286
23056,0.00032707423088140786
23057,0.0002368418063269928
23058,0.0002665062202140689
23059,0.0002587382332421839
23060,0.0002719843469094485
23061,0.0004031746066175401
23062,0.00024202057102229446
23063,0.0002564275055192411
23064,0.0002595807600300759
23065,0.0002159396099159494
23066,0.00022899611212778836
23067,0.0002901186526287347
23068,0.0002966298197861761
23069,0.000278939725831151
23070,0.00021503606694750488
23071,0.0005577271222136915
23072,0.00018671448924578726
23073,0.00017171526269521564
23074,0.00021276170446071774
23075,0.0002748373954091221
23076,0.0002814196050167084
23077,0.0002718069008551538
23078,0.00026996037922799587
23079,0.0002226287469966337
23080,0.00023104847059585154
23081,0.00037012159009464085
23082,0.00018767730216495693
23083,0.0002747942344285548
23084,0.00025607377756386995
23085,0.00021002365974709392
23086,0.00024342912365682423
23087,0.00023416511248797178
23088,0.00022947533580008894
23089,0.0002325094392290339
23090,0.0003557915042620152
23091,0.0003150984994135797
23092,0.00027725775726139545
23093,0.0001855477166827768
23094,0.00026133813662454486
23095,0.00022091261052992195
23096,0.00025613856269046664
23097,0.0002835968625731766
23098,0.00024710912839509547
23099,0.00032353674760088325
23100,0.0002199302543886006
23101,0.0002865147253032774
23102,0.00031725873122923076
23103,0.0003124416689388454
23104,0.0002490924089215696
23105,0.0002590580261312425
23106,0.0003278967342339456
23107,0.0002466195437591523
23108,0.00022286557941697538
23109,0.00023901225358713418
23110,0.00029482756508514285
23111,0.0002345666434848681
23112,0.00026175632956437767
23113,0.00024533658870495856
23114,0.0002497144159860909
23115,0.00029251689556986094
23116,0.00024056776601355523
23117,0.0002680641191545874
23118,0.00022424459166359156
23119,0.0002165722253266722
23120,0.0003538935270626098
23121,0.00020583135483320802
23122,0.0003217972698621452
23123,0.0002306500100530684
23124,0.00020041804236825556
23125,0.0002432908513583243
23126,0.00025621827808208764
23127,0.0003854126262012869
23128,0.00023868124117143452
23129,0.0003369160112924874
23130,0.00026196378166787326
23131,0.00022392433311324567
23132,0.00023913181212265044
23133,0.00021025541354902089
23134,0.0002136945549864322
23135,0.0002416434435872361
23136,0.0002900742110796273
23137,0.00025938861654140055
23138,0.0002812151797115803
23139,0.00026996401720680296
23140,0.0002343004016438499
23141,0.00044993814663030207
23142,0.00023835139290895313
23143,0.0002517547400202602
23144,0.00041459850035607815
23145,0.0002439034724375233
23146,0.00036099657882004976
23147,0.0002387368440395221
23148,0.0002589900104794651
23149,0.00025472446577623487
23150,0.00027239369228482246
23151,0.00024601834593340755
23152,0.00027085922192782164
23153,0.00027448113542050123
23154,0.0002686060033738613
23155,0.0003305841237306595
23156,0.00021179602481424809
23157,0.00021922648011241108
23158,0.00019926279492210597
23159,0.0001976753701455891
23160,0.0002129908825736493
23161,0.00031558616319671273
23162,0.00022466006339527667
23163,0.00022519062622450292
23164,0.0003157881728839129
23165,0.00023667018103878945
23166,0.00019364268518984318
23167,0.00026865897234529257
23168,0.00019645981956273317
23169,0.0002285096124978736
23170,0.00024473023950122297
23171,0.0003291174361947924
23172,0.00027659881743602455
23173,0.00025410219677723944
23174,0.0002973885857500136
23175,0.0003255730262026191
23176,0.00032478797947987914
23177,0.00022866757353767753
23178,0.0002634584088809788
23179,0.00023862415400799364
23180,0.0003000962024088949
23181,0.00024570629466325045
23182,0.0002238618180854246
23183,0.00020531188056338578
23184,0.0004857255844399333
23185,0.00021997987641952932
23186,0.00022747204639017582
23187,0.00026043245452456176
23188,0.00024192515411414206
23189,0.000302780419588089
23190,0.0002129069180227816
23191,0.00023475452326238155
23192,0.000241730798734352
23193,0.00037433410761877894
23194,0.00022844885825179517
23195,0.00028371368534862995
23196,0.000287490343907848
23197,0.0001959802903002128
23198,0.00020392426813486964
23199,0.000311156123643741
23200,0.0003156492311973125
23201,0.0002973846858367324
23202,0.00022218858066480607
23203,0.0002492071653250605
23204,0.00021536792337428778
23205,0.00022755548707209527
23206,0.0002478809910826385
23207,0.00026980540133081377
23208,0.00026744711794890463
23209,0.00023436578339897096
23210,0.00024073346867226064
23211,0.00026427506236359477
23212,0.00024357928487006575
23213,0.00023419740318786353
23214,0.0002204148768214509
23215,0.00016619426605757326
23216,0.0002597657439764589
23217,0.00019765444449149072
23218,0.00024038887931965292
23219,0.00025858639855869114
23220,0.0003040609008166939
23221,0.00023446553677786142
23222,0.00017402555386070162
23223,0.0003540979523677379
23224,0.00024068269704002887
23225,0.0002753511944320053
23226,0.00020890177984256297
23227,0.000213519626413472
23228,0.0002148727944586426
23229,0.00034831970697268844
23230,0.00028925054357387125
23231,0.00024275871692225337
23232,0.00028444730560295284
23233,0.00023970466281753033
23234,0.0002280251355841756
23235,0.0002115049574058503
23236,0.0001901726791402325
23237,0.0002256776933791116
23238,0.00024238174955826253
23239,0.00023590540513396263
23240,0.00017615144315641373
23241,0.00031338221742771566
23242,0.00038778220186941326
23243,0.00019528166740201414
23244,0.00021402168204076588
23245,0.0002556748513597995
23246,0.00023242058523464948
23247,0.0002272754063596949
23248,0.00031461138860322535
23249,0.00022428142256103456
23250,0.0002979201381094754
23251,0.00033428793540224433
23252,0.0002720757038332522
23253,0.0001815506402635947
23254,0.0002301075292052701
23255,0.00031301946728490293
23256,0.00023466107086278498
23257,0.00018905366596300155
23258,0.00018960441229864955
23259,0.00032383695361204445
23260,0.0002906977606471628
23261,0.00020489115559030324
23262,0.00022032650304026902
23263,0.0002142188895959407
23264,0.00025481588090769947
23265,0.0003606226819101721
23266,0.00023613148368895054
23267,0.0002859935339074582
23268,0.00025673728669062257
23269,0.00032322140759788454
23270,0.00023681920720264316
23271,0.0002388105494901538
23272,0.00026683302712626755
23273,0.0002911417104769498
23274,0.00034805171890184283
23275,0.00021834376093465835
23276,0.00020402237714733928
23277,0.0002566757029853761
23278,0.00026460978551767766
23279,0.000291123753413558
23280,0.0002090940688503906
23281,0.0002088732726406306
23282,0.00027041180874221027
23283,0.00026483999681659043
23284,0.0002744716766756028
23285,0.00024284355458803475
23286,0.00024603851488791406
23287,0.00024124800984282047
23288,0.0002836273633874953
23289,0.0002227078948635608
23290,0.00026806353707797825
23291,0.0002481029077898711
23292,0.00025153474416583776
23293,0.0002440080133965239
23294,0.0003491734096314758
23295,0.0004091624869033694
23296,0.00036415737122297287
23297,0.0002510696358513087
23298,0.0002296037710038945
23299,0.00033946975599974394
23300,0.0003883151803165674
23301,0.00023053587938193232
23302,0.00019858749874401838
23303,0.00031680677784606814
23304,0.0002737053146120161
23305,0.00031712590134702623
23306,0.00022735990933142602
23307,0.0004006309318356216
23308,0.00025083485525101423
23309,0.00022209878079593182
23310,0.0002179208240704611
23311,0.0003102739283349365
23312,0.00024347464204765856
23313,0.0002637936268001795
23314,0.0003983187780249864
23315,0.000239579938352108
23316,0.00025442137848585844
23317,0.0002316151512786746
23318,0.0004614143108483404
23319,0.00025685937725938857
23320,0.00026940228417515755
23321,0.0002317400649189949
23322,0.00023714284179732203
23323,0.00020803362713195384
23324,0.00023051077732816339
23325,0.00022238808742258698
23326,0.000394579692510888
23327,0.00026930184685625136
23328,0.0002486195298843086
23329,0.0002618866856209934
23330,0.00026434584287926555
23331,0.0002416656498098746
23332,0.0004334869736339897
23333,0.000242037873249501
23334,0.0003018620773218572
23335,0.00025918372557498515
23336,0.00024382706033065915
23337,0.00019946350948885083
23338,0.00031770241912454367
23339,0.0002426479331916198
23340,0.0002219130255980417
23341,0.0001891537249321118
23342,0.00021791756444144994
23343,0.0002726957609411329
23344,0.00036596888094209135
23345,0.00024794135242700577
23346,0.00026316780713386834
23347,0.0003310931206215173
23348,0.00025295940577052534
23349,0.0002259439352201298
23350,0.00022747486946173012
23351,0.00020973043865524232
23352,0.00025012725382111967
23353,0.0002476600056979805
23354,0.0002735778398346156
23355,0.0002010816242545843
23356,0.0002584691101219505
23357,0.0001995993370655924
23358,0.0004511138831730932
23359,0.00018715915211942047
23360,0.00024553111870773137
23361,0.0002805207623168826
23362,0.0002809092402458191
23363,0.00029861595248803496
23364,0.0002501709386706352
23365,0.0002570931683294475
23366,0.0003237350902054459
23367,0.0003104914794676006
23368,0.0002161099691875279
23369,0.0002251242403872311
23370,0.00031796435359865427
23371,0.00021321910026017576
23372,0.0003788429021369666
23373,0.00023364819935522974
23374,0.0002240654284832999
23375,0.00030266219982877374
23376,0.0003048492653761059
23377,0.0002135218819603324
23378,0.00032742583425715566
23379,0.00027633155696094036
23380,0.00021305678819771856
23381,0.0002283275971421972
23382,0.00023509013408329338
23383,0.00023635120305698365
23384,0.0002987741900142282
23385,0.0002537610416766256
23386,0.0002616686397232115
23387,0.00030298501951619983
23388,0.00032908126013353467
23389,0.00027439979021437466
23390,0.0002348906418774277
23391,0.0003219196223653853
23392,0.0002962133439723402
23393,0.0002486130688339472
23394,0.00023923498520161957
23395,0.00024340584059245884
23396,0.00018859213741961867
23397,0.00023667962523177266
23398,0.00028243978158570826
23399,0.0003181241045240313
23400,0.0002677895245142281
23401,0.00023153741494752467
23402,0.00021232363360468298
23403,0.00021975170238874853
23404,0.00042624081834219396
23405,0.0002309434348717332
23406,0.00026064112898893654
23407,0.0004013890866190195
23408,0.0002425862185191363
23409,0.0002693516726139933
23410,0.0002338113699806854
23411,0.00026070611784234643
23412,0.00025245200959034264
23413,0.00022578217613045126
23414,0.00029755389550700784
23415,0.00026660977164283395
23416,0.00024172963458113372
23417,0.0002849777811206877
23418,0.0002294490550411865
23419,0.0002728333056438714
23420,0.00028831398230977356
23421,0.00033422483829781413
23422,0.0003744667046703398
23423,0.0002503932046238333
23424,0.0003636601031757891
23425,0.00021577641018666327
23426,0.00021389940229710191
23427,0.0002603096654638648
23428,0.00025034943246282637
23429,0.0002807169803418219
23430,0.00027953172684647143
23431,0.0002884959685616195
23432,0.0002398551005171612
23433,0.00023346880334429443
23434,0.0002460688992869109
23435,0.0002823442919179797
23436,0.00023732312547508627
23437,0.0002488214522600174
23438,0.00021793933410663158
23439,0.0003720200329553336
23440,0.00024279621720779687
23441,0.00028164233663119376
23442,0.0002544727467466146
23443,0.000287252216367051
23444,0.00019567845447454602
23445,0.00027567220968194306
23446,0.00026492358301766217
23447,0.0002492210187483579
23448,0.0001660018606344238
23449,0.0002895300858654082
23450,0.0002150364307453856
23451,0.00029559165704995394
23452,0.00033597287256270647
23453,0.00020929667516611516
23454,0.0003077961737290025
23455,0.00024901979486458004
23456,0.00023806680110283196
23457,0.00023206793412100524
23458,0.00022042127966415137
23459,0.00035138195380568504
23460,0.0002893446071539074
23461,0.0002778824418783188
23462,0.00021831683989148587
23463,0.00022839554003439844
23464,0.00024188253155443817
23465,0.0002774038293864578
23466,0.00021536792337428778
23467,0.00021194896544329822
23468,0.00021534271945711225
23469,0.00029882063972763717
23470,0.00025247372104786336
23471,0.00030840359977446496
23472,0.00031000672606751323
23473,0.00024242214567493647
23474,0.00022731309582013637
23475,0.0003267250140197575
23476,0.0005502106505446136
23477,0.0002840641245711595
23478,0.00022175590856932104
23479,0.0002624712942633778
23480,0.0003366230521351099
23481,0.00027886044699698687
23482,0.00022135984909255058
23483,0.00029118522070348263
23484,0.0002839000662788749
23485,0.00032521167304366827
23486,0.00028882321203127503
23487,0.0002440517273498699
23488,0.00030953751411288977
23489,0.00021005012968089432
23490,0.0003485992783680558
23491,0.00032636377727612853
23492,0.00031579917413182557
23493,0.00022291143250185996
23494,0.000325031898682937
23495,0.0002775950124487281
23496,0.00026500914827920496
23497,0.0003521445905789733
23498,0.0003830552159342915
23499,0.00023488208535127342
23500,0.0002329095295863226
23501,0.0002238777233287692
23502,0.00021658072364516556
23503,0.00032628749613650143
23504,0.00024921708973124623
23505,0.0001905583485495299
23506,0.00029197416733950377
23507,0.0002434665075270459
23508,0.00028881453908979893
23509,0.00019637373043224216
23510,0.00029872445156797767
23511,0.0002594744728412479
23512,0.00021650329290423542
23513,0.0003488758811727166
23514,0.0002869838790502399
23515,0.0002355889737373218
23516,0.0002637916477397084
23517,0.00021907796326559037
23518,0.0003504327905829996
23519,0.00025128413108177483
23520,0.00027473780210129917
23521,0.00025922892382368445
23522,0.00023951995535753667
23523,0.0002134984388248995
23524,0.0002848902950063348
23525,0.000497923232614994
23526,0.0002463390992488712
23527,0.0002458642120473087
23528,0.00027565431082621217
23529,0.00030999910086393356
23530,0.00023864806280471385
23531,0.00024451559875160456
23532,0.0002087976026814431
23533,0.0004932965384796262
23534,0.00022530143905896693
23535,0.00028152280719950795
23536,0.0003697107022162527
23537,0.00027817345107905567
23538,0.0003085634671151638
23539,0.00026140414411202073
23540,0.00022654504573438317
23541,0.0002525569871068001
23542,0.00023848976707085967
23543,0.0002457098162267357
23544,0.000261936045717448
23545,0.0002498050162103027
23546,0.00027690030401572585
23547,0.00021467321494128555
23548,0.00018715935584623367
23549,0.0003458467253949493
23550,0.0002040350082097575
23551,0.00023149137268774211
23552,0.00020861976372543722
23553,0.00022607734717894346
23554,0.00021598898456431925
23555,0.00025150671717710793
23556,0.000323875603498891
23557,0.00023124330618884414
23558,0.00023851488367654383
23559,0.0002072062052320689
23560,0.0002369108551647514
23561,0.00027194508584216237
23562,0.0004065879911649972
23563,0.00025857234140858054
23564,0.0003835900570265949
23565,0.00018553664267528802
23566,0.0002474690554663539
23567,0.00022135188919492066
23568,0.0002271694247610867
23569,0.0003030200314242393
23570,0.00023740099277347326
23571,0.00021305473637767136
23572,0.00021650597045663744
23573,0.00023073365446180105
23574,0.0003645001270342618
23575,0.00019002592307515442
23576,0.0003153934085275978
23577,0.00025032288976944983
23578,0.0004420237964950502
23579,0.0002635246200952679
23580,0.0002534874656703323
23581,0.0002377667260589078
23582,0.00022408539371099323
23583,0.0002306637616129592
23584,0.00023918627994135022
23585,0.0003461232117842883
23586,0.0002776753099169582
23587,0.0002350143186049536
23588,0.0002421383251203224
23589,0.00017833919264376163
23590,0.0002569117641542107
23591,0.00021188244863878936
23592,0.00035661528818309307
23593,0.00023205361503642052
23594,0.00022189236187841743
23595,0.0003006600309163332
23596,0.0003034281835425645
23597,0.0002071187918772921
23598,0.00026065934798680246
23599,0.00023315871658269316
23600,0.00027615163708105683
23601,0.00027009870973415673
23602,0.0002438597584841773
23603,0.0003384887531865388
23604,0.00021387894230429083
23605,0.00019225628057029098
23606,0.0001952910388354212
23607,0.0002512734499759972
23608,0.00020064759883098304
23609,0.00022041915508452803
23610,0.00035799614852294326
23611,0.0002620336308609694
23612,0.00025155802723020315
23613,0.0002554874517954886
23614,0.00030459181289188564
23615,0.00026652973610907793
23616,0.00025585058028809726
23617,0.0002835512568708509
23618,0.0002530205238144845
23619,0.00021131198445800692
23620,0.00031174792093224823
23621,0.00034498429158702493
23622,0.0001621911651454866
23623,0.00019285877351649106
23624,0.0005016705836169422
23625,0.0003296793147455901
23626,0.0003451062657404691
23627,0.00022633785556536168
23628,0.00020967485033906996
23629,0.0003022068121936172
23630,0.00026103848358616233
23631,0.00022303598234429955
23632,0.0002603118773549795
23633,0.00030294025782495737
23634,0.00023581569257657975
23635,0.00016294405213557184
23636,0.00027024137671105564
23637,0.00029094351339153945
23638,0.00019371080270502716
23639,0.00020229890651535243
23640,0.00030739756766706705
23641,0.00013944762758910656
23642,0.00025206460850313306
23643,0.00022350919607561082
23644,0.00022256141528487206
23645,0.00021371524780988693
23646,0.000245510193053633
23647,0.00019635861099231988
23648,0.0003307372098788619
23649,0.000321449275361374
23650,0.00025503867072984576
23651,0.00022083109070081264
23652,0.00022425669885706156
23653,0.00019233243074268103
23654,0.000253530393820256
23655,0.00029796044691465795
23656,0.00021514089894481003
23657,0.0002213043626397848
23658,0.0002856348000932485
23659,0.0001728579809423536
23660,0.00025227159494534135
23661,0.000351642316672951
23662,0.00036733964225277305
23663,0.00022964319214224815
23664,0.0002623395121190697
23665,0.0002968318003695458
23666,0.00028410129016265273
23667,0.00033549146610312164
23668,0.00025623137480579317
23669,0.0002372352173551917
23670,0.0002802873495966196
23671,0.0003235318581573665
23672,0.00023432166199199855
23673,0.00022218657250050455
23674,0.0002412300673313439
23675,0.0003110005345661193
23676,0.00037330249324440956
23677,0.00034316180972382426
23678,0.00023753092682454735
23679,0.00021012146316934377
23680,0.00021623690554406494
23681,0.0002633086987771094
23682,0.00021552175167016685
23683,0.00024793666671030223
23684,0.00031157443299889565
23685,0.0002483971184119582
23686,0.00020763913926202804
23687,0.00018123372865375131
23688,0.00023309602693188936
23689,0.0001812405389500782
23690,0.00028682270203717053
23691,0.00025979187921620905
23692,0.00021385893342085183
23693,0.0002062952844426036
23694,0.0002927185269072652
23695,0.0002766168618109077
23696,0.00022690900368615985
23697,0.0003117783344350755
23698,0.00024867316824384034
23699,0.0002117472467944026
23700,0.00032512235338799655
23701,0.0002296650200150907
23702,0.0003224617976229638
23703,0.00023951006005518138
23704,0.00019013274868484586
23705,0.0002328047266928479
23706,0.0002114249364240095
23707,0.0002760144416242838
23708,0.00023114185023587197
23709,0.00028065533842891455
23710,0.0002984164748340845
23711,0.0003723790287040174
23712,0.0003751280019059777
23713,0.00020733661949634552
23714,0.0002876778016798198
23715,0.00023653921380173415
23716,0.0002822781098075211
23717,0.0002498214889783412
23718,0.00021384509454946965
23719,0.00023159677220974118
23720,0.0003068344376515597
23721,0.00027384853456169367
23722,0.00021739929798059165
23723,0.00022544138482771814
23724,0.00022791282390244305
23725,0.000213754057767801
23726,0.00028153008315712214
23727,0.000364757317584008
23728,0.0002807006530929357
23729,0.0001975023769773543
23730,0.0002580466971267015
23731,0.0002212182298535481
23732,0.00022355216788128018
23733,0.00022814546537119895
23734,0.00026914841146208346
23735,0.00022561333025805652
23736,0.0002296668681083247
23737,0.00036261146306060255
23738,0.0002459410752635449
23739,0.0002230004611192271
23740,0.00029973601340316236
23741,0.00028520237538032234
23742,0.00024488125927746296
23743,0.00020820595091208816
23744,0.00030939598218537867
23745,0.0004291477962397039
23746,0.00021215311426203698
23747,0.00026751807308755815
23748,0.00021836489031556994
23749,0.00028920083423145115
23750,0.00024548746296204627
23751,0.00021051737712696195
23752,0.00026851677102968097
23753,0.00024614049470983446
23754,0.00028732168721035123
23755,0.00022082478972151875
23756,0.00037749577313661575
23757,0.00025985980755649507
23758,0.00041641382267698646
23759,0.00025824562180787325
23760,0.0002842805115506053
23761,0.00023051636526361108
23762,0.00022328375780489296
23763,0.00021324092813301831
23764,0.00023107773449737579
23765,0.0002075215888908133
23766,0.0004188243765383959
23767,0.0002677786978892982
23768,0.00027860235422849655
23769,0.00023490730382036418
23770,0.0002659122401382774
23771,0.00023367564426735044
23772,0.0002931099443230778
23773,0.00023715599672868848
23774,0.00023729164968244731
23775,0.000207190154469572
23776,0.0002746294776443392
23777,0.00022997615451458842
23778,0.00031626434065401554
23779,0.00019776234694290906
23780,0.0003793103387579322
23781,0.00023557075473945588
23782,0.00024974800180643797
23783,0.00018514187831897289
23784,0.00023242663883138448
23785,0.0002954255323857069
23786,0.0002227833028882742
23787,0.0002799677604343742
23788,0.00024226823006756604
23789,0.0004173144116066396
23790,0.00022784338216297328
23791,0.000257839827099815
23792,0.00022744898160453886
23793,0.000239209461142309
23794,0.00021988341177348047
23795,0.00024518679128959775
23796,0.000230219098739326
23797,0.0002932776988018304
23798,0.0002082318824250251
23799,0.00036776901106350124
23800,0.00028496922459453344
23801,0.00020815890457015485
23802,0.000456787965958938
23803,0.00023562007118016481
23804,0.00028254283824935555
23805,0.0003186168905813247
23806,0.0002905289875343442
23807,0.0001964438270078972
23808,0.00025171972811222076
23809,0.00033204181818291545
23810,0.00042107186163775623
23811,0.00020865049737039953
23812,0.00023526352015323937
23813,0.0002958199183922261
23814,0.00034813935053534806
23815,0.00023412719019688666
23816,0.0002522067807149142
23817,0.00022452087432611734
23818,0.00023768615210428834
23819,0.0002594891411717981
23820,0.00025129213463515043
23821,0.00020981077977921814
23822,0.00025177199859172106
23823,0.00039487017784267664
23824,0.000268608215264976
23825,0.0002464861318003386
23826,0.00019725110905710608
23827,0.0002313447475899011
23828,0.0003074663400184363
23829,0.0002696403826121241
23830,0.0002664843632373959
23831,0.00030562785104848444
23832,0.00023050823074299842
23833,0.00023150518245529383
23834,0.00022006241488270462
23835,0.00030928620253689587
23836,0.00025255681248381734
23837,0.00023820385104045272
23838,0.0002601545420475304
23839,0.00018942798487842083
23840,0.0002814695762936026
23841,0.00023356408928520977
23842,0.0002458584785927087
23843,0.0002415427879896015
23844,0.0003433323581703007
23845,0.00021958541765343398
23846,0.0002746445534285158
23847,0.0002854579361155629
23848,0.00021269040007609874
23849,0.0002864944108296186
23850,0.0003116183797828853
23851,0.0002303179062437266
23852,0.00017935024516191334
23853,0.0003105816140305251
23854,0.00021339290833566338
23855,0.00019292229262646288
23856,0.00030724157113581896
23857,0.00023481421521864831
23858,0.0002792434534057975
23859,0.0003673942119348794
23860,0.0002975277602672577
23861,0.00020748247334267944
23862,0.0002354683238081634
23863,0.0002874868514481932
23864,0.0003264197730459273
23865,0.0002400263911113143
23866,0.00025212083710357547
23867,0.0002418344811303541
23868,0.00024590615066699684
23869,0.00017946348816622049
23870,0.00019910139963030815
23871,0.00022279098629951477
23872,0.00028350012144073844
23873,0.00028633512556552887
23874,0.0002567300107330084
23875,0.000247925374424085
23876,0.0003015919937752187
23877,0.0003610794083215296
23878,0.0002505838347133249
23879,0.0002020229585468769
23880,0.0002197647700086236
23881,0.0002514357620384544
23882,0.000304028217215091
23883,0.00019654128118418157
23884,0.00024151208344846964
23885,0.0001786513748811558
23886,0.00028049867250956595
23887,0.0002700846816878766
23888,0.0002951047208625823
23889,0.0003103973576799035
23890,0.00030694188899360597
23891,0.00027559316367842257
23892,0.00028903194470331073
23893,0.0003163190558552742
23894,0.0002451930777169764
23895,0.0002957116812467575
23896,0.00031531904824078083
23897,0.00024373056658077985
23898,0.0002453441557008773
23899,0.00024703817325644195
23900,0.00020987731113564223
23901,0.0003159036277793348
23902,0.00038129999302327633
23903,0.0002451541367918253
23904,0.00031795096583664417
23905,0.00035150558687746525
23906,0.0002635381242725998
23907,0.0003239081415813416
23908,0.00021933532843831927
23909,0.00024352024774998426
23910,0.00020435660553630441
23911,0.00023927207803353667
23912,0.00021527214266825467
23913,0.000304798420984298
23914,0.00024058064445853233
23915,0.0004110397712793201
23916,0.00022678650566376746
23917,0.00020536643569357693
23918,0.00033085737959481776
23919,0.00037434123805724084
23920,0.00024736864725127816
23921,0.0003012855304405093
23922,0.00023187612532638013
23923,0.0003534516436047852
23924,0.00021368182206060737
23925,0.00031826001941226423
23926,0.0002611780655570328
23927,0.00020971373305656016
23928,0.0003355166991241276
23929,0.0002981133875437081
23930,0.00023941288236528635
23931,0.000326414592564106
23932,0.00021287078561726958
23933,0.00030950646032579243
23934,0.00029774216818623245
23935,0.00025076832389459014
23936,0.00021308237046469003
23937,0.00029304518830031157
23938,0.0002846470451913774
23939,0.0002687452652025968
23940,0.00025770088541321456
23941,0.0002793725288938731
23942,0.00024189238320104778
23943,0.00020601259893737733
23944,0.000265584938460961
23945,0.00023474235786125064
23946,0.00021149058011360466
23947,0.00022016117873135954
23948,0.00022982140944804996
23949,0.0002964253362733871
23950,0.000379083096049726
23951,0.0002743654476944357
23952,0.00021811315673403442
23953,0.00030972069362178445
23954,0.00024483882589265704
23955,0.00031368632335215807
23956,0.00019949028501287103
23957,0.00022113283921498805
23958,0.0002174755063606426
23959,0.00021552611724473536
23960,0.00023086804139893502
23961,0.00029271410312503576
23962,0.00026103362324647605
23963,0.0002472260966897011
23964,0.0002229834790341556
23965,0.00023502446128986776
23966,0.00017068401211872697
23967,0.00023445909027941525
23968,0.00020126391609665006
23969,0.0002922604326158762
23970,0.0002718439791351557
23971,0.0002682515187188983
23972,0.00041367128142155707
23973,0.0003141839406453073
23974,0.00018397204985376447
23975,0.0002437496732454747
23976,0.0002371200971538201
23977,0.0003753043129108846
23978,0.0002339069324079901
23979,0.00028474870487116277
23980,0.00018769866437651217
23981,0.00025672142510302365
23982,0.00019358325516805053
23983,0.00018762907711789012
23984,0.00024730421137064695
23985,0.00019767534104175866
23986,0.00020564468286465853
23987,0.00022032050765119493
23988,0.00021135385031811893
23989,0.0003507545334286988
23990,0.0001943812967510894
23991,0.0003278370713815093
23992,0.0002722153440117836
23993,0.00026693407562561333
23994,0.0002550594217609614
23995,0.00024168130767066032
23996,0.0001897641777759418
23997,0.000266825983999297
23998,0.00021288594871293753
23999,0.00020310861873440444
24000,0.00020013077300973237
24001,0.0002464459103066474
24002,0.0001943529350683093
24003,0.00032139543327502906
24004,0.0003332420892547816
24005,0.00026660069124773145
24006,0.00023564405273646116
24007,0.0002201445313403383
24008,0.000212973915040493
24009,0.00021933567768428475
24010,0.00022584469115827233
24011,0.0002209837839473039
24012,0.00023097269877325743
24013,0.00023500480165239424
24014,0.00027698228950612247
24015,0.00028705125441774726
24016,0.00021153669513296336
24017,0.0002464332210365683
24018,0.0003017014532815665
24019,0.0003098452289123088
24020,0.00021307282440830022
24021,0.00024716061307117343
24022,0.00028414998087100685
24023,0.0003029404324479401
24024,0.00030615125433541834
24025,0.00029820966301485896
24026,0.00021815339277964085
24027,0.00019303445878904313
24028,0.00032068236032500863
24029,0.00026934611378237605
24030,0.00021201781055424362
24031,0.0002188623184338212
24032,0.0002736116584856063
24033,0.00027119493461214006
24034,0.0002616114215925336
24035,0.0002374865289311856
24036,0.00020839986973442137
24037,0.0003071978280786425
24038,0.00017476046923547983
24039,0.0002586056652944535
24040,0.00020745958318002522
24041,0.0003096947039011866
24042,0.00023275837884284556
24043,0.00021922016458120197
24044,0.0002431663597235456
24045,0.00022092188009992242
24046,0.00023827995755709708
24047,0.00020385711104609072
24048,0.00027254835003986955
24049,0.00037508588866330683
24050,0.00021536093845497817
24051,0.0002307830291101709
24052,0.00020268699154257774
24053,0.00025834646658040583
24054,0.00028269237373024225
24055,0.0004197698144707829
24056,0.0002087322500301525
24057,0.0002505593001842499
24058,0.00021158573508728296
24059,0.00022383491159416735
24060,0.00021483222371898592
24061,0.00029774545691907406
24062,0.0003335638321004808
24063,0.0001937119959620759
24064,0.00034596637124195695
24065,0.000266005692537874
24066,0.00024499374558217824
24067,0.00021825789008289576
24068,0.00019093690207228065
24069,0.00019645891734398901
24070,0.00023740054166410118
24071,0.0002469440223649144
24072,0.00024019205011427402
24073,0.0003019319847226143
24074,0.00026087614241987467
24075,0.00025207523140124977
24076,0.00022832592367194593
24077,0.00020377043983899057
24078,0.00022588888532482088
24079,0.00028661792748607695
24080,0.00019503606017678976
24081,0.00023881356173660606
24082,0.00026765067013911903
24083,0.00028736432432197034
24084,0.00016651686746627092
24085,0.0002631543029565364
24086,0.00020306101941969246
24087,0.0002577001869212836
24088,0.00025955005548894405
24089,0.00021428261243272573
24090,0.0002747619873844087
24091,0.00032897619530558586
24092,0.00023614996462129056
24093,0.00022470908879768103
24094,0.00015532225370407104
24095,0.0002220905153080821
24096,0.0002969602937810123
24097,0.0002508301695343107
24098,0.00021930254297330976
24099,0.00026263590552844107
24100,0.0002030540636042133
24101,0.00021490616200026125
24102,0.00029777889722026885
24103,0.0002136530529242009
24104,0.00025742806610651314
24105,0.00020154370577074587
24106,0.0002569674397818744
24107,0.00022846330830361694
24108,0.00028053767164237797
24109,0.00017609700444154441
24110,0.0002912057680077851
24111,0.0001816783333197236
24112,0.00028103345539420843
24113,0.00034132058499380946
24114,0.00024207129899878055
24115,0.00031385585316456854
24116,0.0002970023488160223
24117,0.0002616709971334785
24118,0.0001718997082207352
24119,0.00032603860017843544
24120,0.0002482895215507597
24121,0.00025015033315867186
24122,0.00027325612609274685
24123,0.0003323525015730411
24124,0.00036808362347073853
24125,0.00023771684209350497
24126,0.0002460968680679798
24127,0.00025143346283584833
24128,0.0002332176809431985
24129,0.00035864015808328986
24130,0.0002656854339875281
24131,0.0002998056588694453
24132,0.00022482196800410748
24133,0.00033634030842222273
24134,0.00028077306342311203
24135,0.000239198372582905
24136,0.0002552079677116126
24137,0.0002728971012402326
24138,0.00022190858726389706
24139,0.0001765388296917081
24140,0.0002390674053458497
24141,0.00024011213099583983
24142,0.0002062261919490993
24143,0.00035571277840062976
24144,0.0002480784023646265
24145,0.0002924824657384306
24146,0.00023235613480210304
24147,0.00031547065009362996
24148,0.00032610486960038543
24149,0.00021308213763404638
24150,0.00020506900909822434
24151,0.00022496991732623428
24152,0.0002387474087299779
24153,0.0002323473891010508
24154,0.00039915789966471493
24155,0.0003447009949013591
24156,0.0002568972413428128
24157,0.0002975297684315592
24158,0.0002546448667999357
24159,0.0003143828653264791
24160,0.00021718305652029812
24161,0.00035407315590418875
24162,0.00020789162954315543
24163,0.0002670768299140036
24164,0.00028270939947105944
24165,0.00036835612263530493
24166,0.00021774478955194354
24167,0.0003025303012691438
24168,0.00035993504570797086
24169,0.00032890730653889477
24170,0.0002331613068236038
24171,0.00030498564592562616
24172,0.00036518514389172196
24173,0.0002518845140002668
24174,0.00022144222748465836
24175,0.00024163156922440976
24176,0.00040109403198584914
24177,0.0003184327797498554
24178,0.00028885965002700686
24179,0.00031477425363846123
24180,0.0003839366836473346
24181,0.00028956340975128114
24182,0.00024414967629127204
24183,0.0002468397724442184
24184,0.0002643676707521081
24185,0.0002680577163118869
24186,0.00020986449089832604
24187,0.0002441077376715839
24188,0.00024913219385780394
24189,0.00024320588272530586
24190,0.00021163374185562134
24191,0.00040055805584415793
24192,0.0003056485147681087
24193,0.0002494736108928919
24194,0.00023714710550848395
24195,0.0002622977481223643
24196,0.00028317622491158545
24197,0.0002744655648712069
24198,0.00028390513034537435
24199,0.00023199318093247712
24200,0.00023828250414226204
24201,0.00022204576816875488
24202,0.0002569016069173813
24203,0.00022831490787211806
24204,0.0002820708614308387
24205,0.00024144587223418057
24206,0.0003421205619815737
24207,0.00020266482897568494
24208,0.0003012240049429238
24209,0.0002195438282797113
24210,0.00031030012178234756
24211,0.00019980354409199208
24212,0.0004209344042465091
24213,0.00027799414237961173
24214,0.0002097558171954006
24215,0.00019539207278285176
24216,0.0002745501114986837
24217,0.00024637169553898275
24218,0.0002564021269790828
24219,0.0002685142681002617
24220,0.00021404797735158354
24221,0.00025240963441319764
24222,0.00025371884112246335
24223,0.00019917997997254133
24224,0.0002644462510943413
24225,0.00027918233536183834
24226,0.0003722850524354726
24227,0.00023190489446278661
24228,0.0002783940581139177
24229,0.00019084796076640487
24230,0.0002498627291060984
24231,0.00025219356757588685
24232,0.00020611337095033377
24233,0.0002370392030570656
24234,0.00023602864530403167
24235,0.00020200236758682877
24236,0.00024221926287282258
24237,0.0002773718733806163
24238,0.00028268483583815396
24239,0.0002074470539810136
24240,0.00032423011725768447
24241,0.0002945606829598546
24242,0.0003433585225138813
24243,0.00026803489890880883
24244,0.00036203875788487494
24245,0.00032509371521882713
24246,0.00019212467304896563
24247,0.00027061268338002264
24248,0.0002769228012766689
24249,0.00022606569109484553
24250,0.00027824906283058226
24251,0.0002014731289818883
24252,0.00024313082394655794
24253,0.0002447381557431072
24254,0.00042963348096236587
24255,0.00032984447898343205
24256,0.0003918610163964331
24257,0.00022158847423270345
24258,0.0002908653696067631
24259,0.00025539580383338034
24260,0.000310795585392043
24261,0.0002961661957670003
24262,0.0002635642304085195
24263,0.00022593799803871661
24264,0.0002954060910269618
24265,0.00021709880093112588
24266,0.0002959767880383879
24267,0.000251835270319134
24268,0.00022104335948824883
24269,0.00034939873148687184
24270,0.0003362232237122953
24271,0.00027417123783379793
24272,0.0002331179566681385
24273,0.00028255334473215044
24274,0.00031682816916145384
24275,0.00020509045862127095
24276,0.00023139070253819227
24277,0.0003369943588040769
24278,0.00024317664792761207
24279,0.00028272211784496903
24280,0.00020993129874113947
24281,0.00029841886134818196
24282,0.00026941977557726204
24283,0.00027051838696934283
24284,0.0002721396740525961
24285,0.00020860206859651953
24286,0.0002713825670070946
24287,0.00026826211251318455
24288,0.00024375348584726453
24289,0.00022985505347605795
24290,0.0002344164386158809
24291,0.00022697703388985246
24292,0.00021021849534008652
24293,0.0003019177820533514
24294,0.00036120161530561745
24295,0.00023332507407758385
24296,0.00023619720013812184
24297,0.00022186168644111603
24298,0.0003253367613069713
24299,0.0002582538581918925
24300,0.0002657909062691033
24301,0.0002633132680784911
24302,0.0003259452641941607
24303,0.0003042242315132171
24304,0.00026546139270067215
24305,0.0002383877435931936
24306,0.00029895835905335844
24307,0.00025258344248868525
24308,0.00036168444785289466
24309,0.0002845233248081058
24310,0.0001775265991454944
24311,0.0003003953897859901
24312,0.0003015391994267702
24313,0.0002634553820826113
24314,0.00021154983551241457
24315,0.00033208992681466043
24316,0.00023733220587018877
24317,0.0002391541056567803
24318,0.00033647113014012575
24319,0.00034043920459225774
24320,0.00023595536185894161
24321,0.0002365486725466326
24322,0.0003286159480921924
24323,0.00020186975598335266
24324,0.00025911832926794887
24325,0.0002123718586517498
24326,0.00029174922383390367
24327,0.000246504379902035
24328,0.0002450466563459486
24329,0.00048671563854441047
24330,0.000247994321398437
24331,0.0002969994966406375
24332,0.00020355860760901123
24333,0.00045417441288009286
24334,0.000238193228142336
24335,0.00024857817334122956
24336,0.00033568014623597264
24337,0.00022484200599137694
24338,0.0002805355179589242
24339,0.0002521956921555102
24340,0.0002938111429102719
24341,0.00036645037471316755
24342,0.00022379281290341169
24343,0.0003095552674494684
24344,0.00024030749045778066
24345,0.0003162818029522896
24346,0.00023967408924363554
24347,0.0002181534218834713
24348,0.00023998873075470328
24349,0.0003455242549534887
24350,0.00027986158966086805
24351,0.00022981982328929007
24352,0.00022572446323465556
24353,0.00025625177659094334
24354,0.00030788194271735847
24355,0.00027718814089894295
24356,0.00021919060964137316
24357,0.00038410184788517654
24358,0.00017454076441936195
24359,0.00023803015938028693
24360,0.00025849713711068034
24361,0.0003483066102489829
24362,0.00024436923558823764
24363,0.0002936951641459018
24364,0.0002817152999341488
24365,0.00021362522966228426
24366,0.0003293534682597965
24367,0.0001961293164640665
24368,0.0002846895076800138
24369,0.0002908244205173105
24370,0.0002591197262518108
24371,0.0001855004084063694
24372,0.00024863207363523543
24373,0.00029396271565929055
24374,0.0002016130310948938
24375,0.000250628829235211
24376,0.00021149123494978994
24377,0.000277007493423298
24378,0.00023979679099284112
24379,0.00022894829453434795
24380,0.0001783029001671821
24381,0.00024577806470915675
24382,0.00020365322416182607
24383,0.0002530008787289262
24384,0.00023208596394397318
24385,0.000282815977698192
24386,0.0002455838257446885
24387,0.00022406171774491668
24388,0.0002483883872628212
24389,0.00029779720352962613
24390,0.00025786191690713167
24391,0.00018739841470960528
24392,0.00021123155602253973
24393,0.00023555451480206102
24394,0.00021655844466295093
24395,0.0003689757431857288
24396,0.00034159744973294437
24397,0.0002368074783589691
24398,0.00028465696959756315
24399,0.00029135477961972356
24400,0.0001724411267787218
24401,0.00021668012777809054
24402,0.00032374178408645093
24403,0.00022155483020469546
24404,0.0002912522468250245
24405,0.0003227396809961647
24406,0.00028857667348347604
24407,0.0001818301243474707
24408,0.00018847947649192065
24409,0.00026950566098093987
24410,0.0002147057093679905
24411,0.0002053680073004216
24412,0.0003508628287818283
24413,0.0003169627161696553
24414,0.00026209879433736205
24415,0.00033936285763047636
24416,0.00023138546384871006
24417,0.00030605666688643396
24418,0.00023096107179298997
24419,0.00020862127712462097
24420,0.00037721756962127984
24421,0.0002289799740538001
24422,0.00026923054247163236
24423,0.00022747059119865298
24424,0.0001843281352194026
24425,0.0002544232120271772
24426,0.00024457150720991194
24427,0.00027364102425053716
24428,0.00024222128558903933
24429,0.000272329751169309
24430,0.0003239660582039505
24431,0.0002981417055707425
24432,0.00028444957570172846
24433,0.00026316154981032014
24434,0.0002887976006604731
24435,0.00024347401631530374
24436,0.0002164076577173546
24437,0.00023274442355614156
24438,0.00018247742264065892
24439,0.00031517320894636214
24440,0.00037102223723195493
24441,0.00020690090605057776
24442,0.0001861368800746277
24443,0.00026345072546973825
24444,0.00024061209114734083
24445,0.0002772137522697449
24446,0.00022901261399965733
24447,0.0002836528583429754
24448,0.00035162732820026577
24449,0.00022328483464661986
24450,0.00040201388765126467
24451,0.0002665370993781835
24452,0.0002451131585985422
24453,0.00024748730356805027
24454,0.0002406407438684255
24455,0.0002897344820667058
24456,0.00022714950318913907
24457,0.00027866079472005367
24458,0.00021004521113354713
24459,0.00032696081325411797
24460,0.000236193067394197
24461,0.00024270905123557895
24462,0.00021752621978521347
24463,0.0003095209540333599
24464,0.0002893999044317752
24465,0.00020063792180735618
24466,0.00030151967075653374
24467,0.0002727581013459712
24468,0.0002504834264982492
24469,0.00031010585371404886
24470,0.00020286905055399984
24471,0.0002140489377779886
24472,0.00032606138847768307
24473,0.0003049391962122172
24474,0.0003091702819801867
24475,0.00031788554042577744
24476,0.00025974484742619097
24477,0.00032115602516569197
24478,0.0002910981129389256
24479,0.00022965316020417958
24480,0.0001771316456142813
24481,0.0003118147433269769
24482,0.0002523717121221125
24483,0.00030762352980673313
24484,0.00020825144019909203
24485,0.00027336349012330174
24486,0.0002922500716522336
24487,0.00033676024759188294
24488,0.00025552359875291586
24489,0.0003093416162300855
24490,0.0003294179914519191
24491,0.0002761394716799259
24492,0.00023683434119448066
24493,0.0002370961447013542
24494,0.00021304078109096736
24495,0.00026527841691859066
24496,0.0001957932545337826
24497,0.00031190458685159683
24498,0.00023413554299622774
24499,0.0002688333916012198
24500,0.00023831994622014463
24501,0.0002746467653196305
24502,0.0002003967820201069
24503,0.00022411855752579868
24504,0.00026103240088559687
24505,0.00024135065905284137
24506,0.0001962826936505735
24507,0.0003193303127773106
24508,0.0002496581291779876
24509,0.00034259475069120526
24510,0.0002578322892077267
24511,0.00022803695173934102
24512,0.00021798210218548775
24513,0.00030522968154400587
24514,0.000261252949712798
24515,0.00030143215553835034
24516,0.0002515320957172662
24517,0.00021672682487405837
24518,0.00024193480203393847
24519,0.0002124146412825212
24520,0.00023868262360338122
24521,0.000247751857386902
24522,0.0002553062222432345
24523,0.00028292747447267175
24524,0.0002489748876541853
24525,0.0002943881554529071
24526,0.00019886629888787866
24527,0.00023557366512250155
24528,0.00021651973656844348
24529,0.00024153475533239543
24530,0.00036961137084290385
24531,0.00019752737716771662
24532,0.0002518162946216762
24533,0.00025878896121867
24534,0.00036659077159129083
24535,0.0002548330230638385
24536,0.00025277119129896164
24537,0.000219999099499546
24538,0.00018458260456100106
24539,0.00020249882072675973
24540,0.00028866552747786045
24541,0.0002921275736298412
24542,0.00036931163049302995
24543,0.0002873782941605896
24544,0.0002580962027423084
24545,0.0002260473556816578
24546,0.000374115799786523
24547,0.00024351080355700105
24548,0.0002739619230851531
24549,0.0003744037530850619
24550,0.00023081013932824135
24551,0.00026666969642974436
24552,0.00023153828806243837
24553,0.00033369759330525994
24554,0.00031959518673829734
24555,0.00022715011436957866
24556,0.00030518267885781825
24557,0.0003563639766070992
24558,0.00023948447778820992
24559,0.0002316741447430104
24560,0.00021213328000158072
24561,0.00023472982866223902
24562,0.0003432486264500767
24563,0.0002492514031473547
24564,0.00033159746089950204
24565,0.000272736739134416
24566,0.0002148174389731139
24567,0.00022122269729152322
24568,0.0003091762773692608
24569,0.0002528991608414799
24570,0.00022569870634470135
24571,0.0002647345245350152
24572,0.00023828943085391074
24573,0.00025147327687591314
24574,0.0002472207706887275
24575,0.00022726597671862692
24576,0.00030344389961101115
24577,0.0003380132548045367
24578,0.00023076344223227352
24579,0.00021790555911138654
24580,0.00025858654407784343
24581,0.00022342077863868326
24582,0.0002595307305455208
24583,0.0002684607752598822
24584,0.00030930095817893744
24585,0.0003310152387712151
24586,0.0002728058025240898
24587,0.00020892269094474614
24588,0.00021442722936626524
24589,0.0002735662565100938
24590,0.0003457652637735009
24591,0.00023220267030410469
24592,0.0002534576924517751
24593,0.00022342072043102235
24594,0.0002775823522824794
24595,0.0002403159305686131
24596,0.00034787217737175524
24597,0.00022238762176129967
24598,0.000245426781475544
24599,0.00022562027152162045
24600,0.000267568975687027
24601,0.00029000331414863467
24602,0.0002360096841584891
24603,0.0002636178978718817
24604,0.0002507775789126754
24605,0.00022261175035964698
24606,0.00021579608437605202
24607,0.00028519053012132645
24608,0.0002366843109484762
24609,0.00019908766262233257
24610,0.0002784330863505602
24611,0.00026569562032818794
24612,0.00023514604254160076
24613,0.0002804030664265156
24614,0.0002293164870934561
24615,0.00017147872131317854
24616,0.0003059284936171025
24617,0.00022810565133113414
24618,0.00037490573595277965
24619,0.00024610746186226606
24620,0.00022009591339156032
24621,0.00023758772294968367
24622,0.0002062787680188194
24623,0.0002346483524888754
24624,0.00030517426785081625
24625,0.0002263637143187225
24626,0.00018236783216707408
24627,0.0002958505065180361
24628,0.00023258522560354322
24629,0.00027429810143075883
24630,0.0002849378506653011
24631,0.0003516956348903477
24632,0.00029374391306191683
24633,0.0002131292421836406
24634,0.0002707411767914891
24635,0.0003569125838112086
24636,0.0001781549071893096
24637,0.00024154574202839285
24638,0.0002576056285761297
24639,0.0002506883756723255
24640,0.00020270896493457258
24641,0.00030067667830735445
24642,0.00023971026530489326
24643,0.00019865560170728713
24644,0.0002907855960074812
24645,0.0002076463570119813
24646,0.0002232254482805729
24647,0.00025349308270961046
24648,0.00021290796576067805
24649,0.00023095517826732248
24650,0.00029735107091255486
24651,0.0002473442873451859
24652,0.000267205381533131
24653,0.0002519975823815912
24654,0.0002266294468427077
24655,0.00041572045302018523
24656,0.0003450280928518623
24657,0.00022907578386366367
24658,0.00035284485784359276
24659,0.00037721209810115397
24660,0.0002473417844157666
24661,0.00034323963336646557
24662,0.00019986339611932635
24663,0.0002966051979456097
24664,0.00020422464876901358
24665,0.0002864240377675742
24666,0.0002721250057220459
24667,0.00027475692331790924
24668,0.00034696506918407977
24669,0.0002560888242442161
24670,0.0003148139512632042
24671,0.0003738145751412958
24672,0.00023064353445079178
24673,0.0002586233604233712
24674,0.00022011485998518765
24675,0.00026822483050636947
24676,0.0002477708912920207
24677,0.0002528026816435158
24678,0.00027391582261770964
24679,0.0002439418894937262
24680,0.00020763366774190217
24681,0.00023437316121999174
24682,0.00025269933394156396
24683,0.00019535126921255141
24684,0.00029233412351459265
24685,0.0003184449451509863
24686,0.0002206742501584813
24687,0.0004091317532584071
24688,0.00027916618273593485
24689,0.0003468918730504811
24690,0.00023427029373124242
24691,0.00028510886477306485
24692,0.00020814921299461275
24693,0.00028020335594192147
24694,0.00027660312480293214
24695,0.0003370056801941246
24696,0.00027516362024471164
24697,0.00022792821982875466
24698,0.0001982041576411575
24699,0.0002463120617903769
24700,0.00019444130884949118
24701,0.00020819580822717398
24702,0.00025059920153580606
24703,0.00023003223759587854
24704,0.0002764182281680405
24705,0.00022309337509796023
24706,0.00025500316405668855
24707,0.0002908905444201082
24708,0.00029665391775779426
24709,0.00025577604537829757
24710,0.00030799591331742704
24711,0.00020941310503985733
24712,0.0002430118474876508
24713,0.0002283881913172081
24714,0.0002487321908120066
24715,0.00025452434783801436
24716,0.00021715571347158402
24717,0.00025640291278250515
24718,0.00024280424986500293
24719,0.00016761697770562023
24720,0.0002342183142900467
24721,0.0003642326046247035
24722,0.00024221946659963578
24723,0.00036067672772333026
24724,0.00023504496493842453
24725,0.00018909008940681815
24726,0.00025561763322912157
24727,0.0002868305891752243
24728,0.0002289497060701251
24729,0.0003396807296667248
24730,0.0002944988082163036
24731,0.00033058630651794374
24732,0.00031566296820528805
24733,0.0002510925114620477
24734,0.0002170407387893647
24735,0.00027739678625948727
24736,0.00023223282187245786
24737,0.00026748725213110447
24738,0.0003265195991843939
24739,0.0002224664349341765
24740,0.0002698866883292794
24741,0.00031560679781250656
24742,0.00024193669378291816
24743,0.00019762215379159898
24744,0.0002587700728327036
24745,0.00020598368428181857
24746,0.0002980151621159166
24747,0.00022593524772673845
24748,0.0002991201763506979
24749,0.00020713206322398037
24750,0.0002585577603895217
24751,0.00020586096798069775
24752,0.00027310411678627133
24753,0.00043848244240507483
24754,0.0002442997938487679
24755,0.00022432990954257548
24756,0.00045280499034561217
24757,0.0002886348229367286
24758,0.00021083574392832816
24759,0.00029639244894497097
24760,0.00021213405125308782
24761,0.00019213177438359708
24762,0.00020897944341413677
24763,0.00033527123741805553
24764,0.00033282951335422695
24765,0.00021369723253883421
24766,0.0003104424977209419
24767,0.00022996084589976817
24768,0.0002287442475790158
24769,0.0002877588849514723
24770,0.00022888282546773553
24771,0.0002620129962451756
24772,0.0001957164640771225
24773,0.0002290780103066936
24774,0.00027699480415321887
24775,0.0002012453187489882
24776,0.0003123171045444906
24777,0.00023876265913713723
24778,0.00037216904456727207
24779,0.00034824342583306134
24780,0.0002912720665335655
24781,0.0002837296051438898
24782,0.00020230210793670267
24783,0.0002978774136863649
24784,0.00026111811166629195
24785,0.0002632921969052404
24786,0.00023667175264563411
24787,0.0002443319244775921
24788,0.00025352099328301847
24789,0.0002644702326506376
24790,0.0003341636620461941
24791,0.00021029546041972935
24792,0.00036593578988686204
24793,0.00022931044804863632
24794,0.0003879558644257486
24795,0.00019067518587689847
24796,0.0002298661129316315
24797,0.0003162003122270107
24798,0.00017240652232430875
24799,0.0002858510706573725
24800,0.00040984159568324685
24801,0.00026936159702017903
24802,0.00025753775844350457
24803,0.00026339307078160346
24804,0.00017485319403931499
24805,0.00022463870118372142
24806,0.00023424318351317197
24807,0.0003917702124454081
24808,0.00018992272089235485
24809,0.0002505152951925993
24810,0.00031025122734718025
24811,0.00019244228315073997
24812,0.00025539283524267375
24813,0.00028613212634809315
24814,0.0002571916556917131
24815,0.00021304984693415463
24816,0.0002656810684129596
24817,0.0002370242145843804
24818,0.00021485118486452848
24819,0.00030817228252999485
24820,0.0003176025638822466
24821,0.00023845845134928823
24822,0.00021825474686920643
24823,0.00024014367954805493
24824,0.00027390464674681425
24825,0.00026897157658822834
24826,0.00023074007185641676
24827,0.000216312037082389
24828,0.00019354969845153391
24829,0.00020297587616369128
24830,0.0002568937779869884
24831,0.0002785088727250695
24832,0.0002422849793219939
24833,0.0003366141172591597
24834,0.00024687350378371775
24835,0.00023684577899985015
24836,0.000287809525616467
24837,0.0002674817224033177
24838,0.0002455442154314369
24839,0.0003144074871670455
24840,0.00027109900838695467
24841,0.00025624808040447533
24842,0.0003262667160015553
24843,0.00020252935064490885
24844,0.00015541609900537878
24845,0.0002111644862452522
24846,0.00025347425253130496
24847,0.0003085719363298267
24848,0.0002568790805526078
24849,0.0003846547333523631
24850,0.00028417102294042706
24851,0.0002234235726064071
24852,0.0003337046073284
24853,0.00023780543415341526
24854,0.0002715586160775274
24855,0.0003190046118106693
24856,0.0002632849500514567
24857,0.00028046712395735085
24858,0.0002905541332438588
24859,0.0002888966409955174
24860,0.0001900623319670558
24861,0.00026094261556863785
24862,0.0003410321078263223
24863,0.0002714890579227358
24864,0.0004329668590798974
24865,0.0002384395629633218
24866,0.0003148368268739432
24867,0.00029428748530335724
24868,0.0002035014476859942
24869,0.00021497817942872643
24870,0.00023448900901712477
24871,0.00031003382173366845
24872,0.00026275994605384767
24873,0.0002436240465613082
24874,0.00025755949900485575
24875,0.00023784697987139225
24876,0.00022763416927773505
24877,0.00020791836141142994
24878,0.000230378020205535
24879,0.0003002722514793277
24880,0.000383665639674291
24881,0.0002652855182532221
24882,0.00037333613727241755
24883,0.00041245835018344223
24884,0.00021619026665575802
24885,0.00026953857741318643
24886,0.0003234545001760125
24887,0.00033249123953282833
24888,0.0002772705629467964
24889,0.00025447524967603385
24890,0.00027795566711574793
24891,0.00023138530377764255
24892,0.0002611396776046604
24893,0.0003163338406011462
24894,0.00020059382950421423
24895,0.0002553834638092667
24896,0.0002827012212947011
24897,0.00016817706637084484
24898,0.0002833741018548608
24899,0.0002901872794609517
24900,0.00026198485284112394
24901,0.0003628369886428118
24902,0.0003199004859197885
24903,0.00021370098693296313
24904,0.00029171048663556576
24905,0.0004356773861218244
24906,0.00021490389190148562
24907,0.00033244441146962345
24908,0.00025193518376909196
24909,0.00026995755615644157
24910,0.00028508968534879386
24911,0.00030597197473980486
24912,0.00023277633590623736
24913,0.00021894070960115641
24914,0.0003045077028218657
24915,0.000241752146393992
24916,0.00029777971212752163
24917,0.0002460759424138814
24918,0.0003073018160648644
24919,0.00027838852838613093
24920,0.00026100262766703963
24921,0.00027162188780494034
24922,0.00022263113351073116
24923,0.00022961496142670512
24924,0.00021941089653410017
24925,0.00023250028607435524
24926,0.0002451876935083419
24927,0.00021299213403835893
24928,0.00025019317399710417
24929,0.00023600489657837898
24930,0.00023432439775206149
24931,0.00024586624931544065
24932,0.0002814847102854401
24933,0.0002741633215919137
24934,0.00024702129303477705
24935,0.00036132775130681694
24936,0.0003211534640286118
24937,0.00022779223218094558
24938,0.0003448453499004245
24939,0.0003018417628481984
24940,0.00021216284949332476
24941,0.00019919357146136463
24942,0.00024763430701568723
24943,0.00021685722458641976
24944,0.0002188656508224085
24945,0.0002013697667280212
24946,0.0002538021362852305
24947,0.0002326309186173603
24948,0.00022853647533338517
24949,0.00024478082195855677
24950,0.000259608292253688
24951,0.0003591077111195773
24952,0.0001763405161909759
24953,0.00030420778784900904
24954,0.00027422865969128907
24955,0.00034392974339425564
24956,0.0002260000619571656
24957,0.00032241313601844013
24958,0.0001628752361284569
24959,0.00023039283405523747
24960,0.00028867225046269596
24961,0.0002866900758817792
24962,0.00022475197329185903
24963,0.00020087881421204656
24964,0.00026976256049238145
24965,0.0003230870934203267
24966,0.00029128644382581115
24967,0.0003156927414238453
24968,0.00030782242538407445
24969,0.0002730686974246055
24970,0.00026104276184923947
24971,0.00022833280672784895
24972,0.0002183261967729777
24973,0.00028481738991104066
24974,0.00030446171876974404
24975,0.0002521442947909236
24976,0.00022019512834958732
24977,0.00020827037224080414
24978,0.00022719427943229675
24979,0.00023201300064101815
24980,0.0001881918142316863
24981,0.0002510636404622346
24982,0.0002493706997483969
24983,0.00023592489014845341
24984,0.00018790733884088695
24985,0.00028996035689488053
24986,0.0003342657582834363
24987,0.0002607828937470913
24988,0.00021800378453917801
24989,0.00022134346363600343
24990,0.0002473065396770835
24991,0.00034524762304499745
24992,0.0003027838247362524
24993,0.0002472178894095123
24994,0.0003218120546080172
24995,0.00022089357662480325
24996,0.000235074243391864
24997,0.00020079048408661038
24998,0.0002880242536775768
24999,0.0003150504780933261
25000,0.0003356974630150944
25001,0.000316779303830117
25002,0.00030375635833479464
25003,0.0002129505155608058
25004,0.00024033075897023082
25005,0.00022355146938934922
25006,0.00020396934996824712
25007,0.00019044516375288367
25008,0.00021184352226555347
25009,0.00021134346025064588
25010,0.00025506102247163653
25011,0.00022132525919005275
25012,0.00023708626395091414
25013,0.00030100674484856427
25014,0.0003134170256089419
25015,0.00024740659864619374
25016,0.0002454108325764537
25017,0.00018860082491301
25018,0.0002607801870908588
25019,0.00022646448633167893
25020,0.00026108039310202
25021,0.00024163648777175695
25022,0.0003755061188712716
25023,0.0002702602942008525
25024,0.0002221723407274112
25025,0.0004500637296587229
25026,0.00023524959397036582
25027,0.0002488710742909461
25028,0.00022450480901170522
25029,0.00024831941118463874
25030,0.00018898924463428557
25031,0.00020878233772236854
25032,0.00031026790384203196
25033,0.00030619825702160597
25034,0.00021136715076863766
25035,0.0002876774815376848
25036,0.00026935990899801254
25037,0.0002142753073712811
25038,0.00029043015092611313
25039,0.0003301691613160074
25040,0.0003902562602888793
25041,0.000270700897090137
25042,0.00026197859551757574
25043,0.0002592010423541069
25044,0.00028951483545824885
25045,0.00029618939151987433
25046,0.000192080537090078
25047,0.0003256670315749943
25048,0.00031503677018918097
25049,0.00029506743885576725
25050,0.0002919020189438015
25051,0.00026342549244873226
25052,0.00023131226771511137
25053,0.0004640523111447692
25054,0.00040632433956488967
25055,0.00031661722459830344
25056,0.00021090850350447
25057,0.00015110522508621216
25058,0.00024592349654994905
25059,0.00022028286184649915
25060,0.00021169745014049113
25061,0.00030298158526420593
25062,0.0003123647766187787
25063,0.00024153452250175178
25064,0.0002771469298750162
25065,0.0002270787808811292
25066,0.00022332958178594708
25067,0.0002935294760391116
25068,0.00025354520766995847
25069,0.0002679680474102497
25070,0.00023553892970085144
25071,0.0002901684201788157
25072,0.00028155287145636976
25073,0.00025208276929333806
25074,0.0002659318852238357
25075,0.0003941725881304592
25076,0.00028472390840761364
25077,0.00026405949029140174
25078,0.0001976292405743152
25079,0.00022187866852618754
25080,0.00022439371969085187
25081,0.0002795228501781821
25082,0.0003142183704767376
25083,0.00029069589800201356
25084,0.0002374439500272274
25085,0.0002631329989526421
25086,0.00018471991643309593
25087,0.00025154801551252604
25088,0.0002794758474919945
25089,0.00020164865418337286
25090,0.0002995429385919124
25091,0.00028896715957671404
25092,0.0002613515534903854
25093,0.00023884027905296534
25094,0.0003246525302529335
25095,0.0002833548351190984
25096,0.0002550041244830936
25097,0.0003065562923438847
25098,0.0002797185443341732
25099,0.0002899513638112694
25100,0.0002184281183872372
25101,0.00024005745945032686
25102,0.0001856843155110255
25103,0.000198679234017618
25104,0.00024187477538362145
25105,0.0002725040540099144
25106,0.00023176455579232424
25107,0.0002489858597982675
25108,0.00029839499620720744
25109,0.00029550911858677864
25110,0.00021927616035100073
25111,0.0003356582601554692
25112,0.0003333526838105172
25113,0.00021637145255226642
25114,0.00023289107775781304
25115,0.00020204456814099103
25116,0.00024669241975061595
25117,0.00021648856636602432
25118,0.00022529481793753803
25119,0.00025151632144115865
25120,0.00025422757607884705
25121,0.00018768943846225739
25122,0.00025676548830233514
25123,0.0002627141075208783
25124,0.00025501384516246617
25125,0.00020040632807649672
25126,0.0002538511180318892
25127,0.00028282898711040616
25128,0.00026041019009426236
25129,0.0002769329003058374
25130,0.00023957910889293998
25131,0.00024674684391357005
25132,0.0002879179664887488
25133,0.00021360199025366455
25134,0.00022745916794519871
25135,0.00036306699621491134
25136,0.00030910992063581944
25137,0.0002036344667430967
25138,0.00024113951076287776
25139,0.00021063046006020159
25140,0.00019060347403865308
25141,0.00026544174761511385
25142,0.0002567556803114712
25143,0.0002493152569513768
25144,0.00023264474293682724
25145,0.00023999926634132862
25146,0.00023867598793003708
25147,0.0002565473550930619
25148,0.00023061201500240713
25149,0.00018642016220837831
25150,0.00020961524569429457
25151,0.0002527101896703243
25152,0.000288551818812266
25153,0.00019471773703116924
25154,0.00021393850329332054
25155,0.0002686376392375678
25156,0.00028037821175530553
25157,0.00019501852511893958
25158,0.00023166759638115764
25159,0.0003357433888595551
25160,0.0003420926514081657
25161,0.0004030610143672675
25162,0.0003962272603530437
25163,0.0003712601901497692
25164,0.0002248038217658177
25165,0.0003407014883123338
25166,0.0002249301760457456
25167,0.0002250618999823928
25168,0.00027806221623905003
25169,0.00026558912941254675
25170,0.00027827778831124306
25171,0.00019840322784148157
25172,0.00023305206559598446
25173,0.00022035848814994097
25174,0.00029333229758776724
25175,0.00017968199972528964
25176,0.0002708554966375232
25177,0.0002723948273342103
25178,0.00023658292775508016
25179,0.00018785597058013082
25180,0.00024689987185411155
25181,0.0002594244433566928
25182,0.0003678934299387038
25183,0.00022417314175982028
25184,0.00026455524493940175
25185,0.00020809541456401348
25186,0.00018645849195308983
25187,0.0002725586818996817
25188,0.00024022893921937793
25189,0.00020741106709465384
25190,0.00033744366373866796
25191,0.0003128410317003727
25192,0.00021556713909376413
25193,0.00025177665520459414
25194,0.00024799900711514056
25195,0.00024310211301781237
25196,0.0003424941096454859
25197,0.0002449653693474829
25198,0.00021305035625118762
25199,0.0003080993192270398
25200,0.00032648813794367015
25201,0.00036137591814622283
25202,0.00025347896735183895
25203,0.00022307311883196235
25204,0.00023642601445317268
25205,0.00022243162675295025
25206,0.00021804899733979255
25207,0.00023375707678496838
25208,0.0002967070904560387
25209,0.00025090191047638655
25210,0.00021280803775880486
25211,0.00018350218306295574
25212,0.000219479130464606
25213,0.00024082970048766583
25214,0.0002569305070210248
25215,0.000246920419158414
25216,0.0003578740870580077
25217,0.00018386745068710297
25218,0.00024919226416386664
25219,0.00027897904510609806
25220,0.00035957922227680683
25221,0.0002822831738740206
25222,0.00020002615929115564
25223,0.0003361434501130134
25224,0.0002787540142890066
25225,0.00030204252107068896
25226,0.0001931234000949189
25227,0.00020457926439121366
25228,0.0002615727426018566
25229,0.00020215868426021188
25230,0.0003181085630785674
25231,0.00022684971918351948
25232,0.00028833418036811054
25233,0.00030241726199164987
25234,0.0002483669959474355
25235,0.0003413535305298865
25236,0.00023153593065217137
25237,0.0002906867302954197
25238,0.0002114832168444991
25239,0.00019657927623484284
25240,0.0003196615434717387
25241,0.00024113192921504378
25242,0.0002129820641130209
25243,0.00023212097585201263
25244,0.00020645244512706995
25245,0.000350863701896742
25246,0.000269294687313959
25247,0.00025338554405607283
25248,0.00025213908520527184
25249,0.00025452475529164076
25250,0.00023842378868721426
25251,0.00029436059412546456
25252,0.0002614326076582074
25253,0.000313688040478155
25254,0.0003397559921722859
25255,0.00021193163411226124
25256,0.00019385371706448495
25257,0.00030136812711134553
25258,0.0003168520051985979
25259,0.0002032010816037655
25260,0.000365233892807737
25261,0.0003797603421844542
25262,0.0002705725491978228
25263,0.0002357115299673751
25264,0.00020865495025645941
25265,0.0002611558302305639
25266,0.0003111226833425462
25267,0.0002663652994669974
25268,0.00025043555069714785
25269,0.0002645373751875013
25270,0.0005076690576970577
25271,0.0003455611877143383
25272,0.00020894028421025723
25273,0.00028633978217840195
25274,0.00023797093308530748
25275,0.00021763116819784045
25276,0.00021906076290179044
25277,0.0002624460612423718
25278,0.0002847454743459821
25279,0.0002686508814804256
25280,0.00025628230650909245
25281,0.0003500753082334995
25282,0.0002103347796946764
25283,0.0002609035582281649
25284,0.00023878586944192648
25285,0.00021232468134257942
25286,0.0002859903615899384
25287,0.0002610470401123166
25288,0.0002870594325941056
25289,0.00020866355043835938
25290,0.0003277143114246428
25291,0.00019714758673217148
25292,0.0002433614426990971
25293,0.0002840937813743949
25294,0.00030568931833840907
25295,0.00025463715428486466
25296,0.0002077914250548929
25297,0.00023430310830008239
25298,0.00024511004448868334
25299,0.0003389945486560464
25300,0.00019008902017958462
25301,0.00022899569012224674
25302,0.0003987974487245083
25303,0.0003972623962908983
25304,0.0003158237086609006
25305,0.0002625327615533024
25306,0.00022589496802538633
25307,0.00025268906028941274
25308,0.00023371449788101017
25309,0.00020469940500333905
25310,0.00029452407034114003
25311,0.00023422879166901112
25312,0.0003167162649333477
25313,0.0002624382032081485
25314,0.00025240195100195706
25315,0.00028340620337985456
25316,0.00025110566639341414
25317,0.00024148686497937888
25318,0.00023386829707305878
25319,0.00022272526985034347
25320,0.00032428474514745176
25321,0.0002319113991688937
25322,0.00019749015336856246
25323,0.0003244323015678674
25324,0.00042303427471779287
25325,0.000282748369500041
25326,0.00018715088663157076
25327,0.00021631761046592146
25328,0.00027710472932085395
25329,0.00032524028210900724
25330,0.00022555621399078518
25331,0.0002113136724801734
25332,0.00022603970137424767
25333,0.0002842662506736815
25334,0.0003143807116430253
25335,0.0002630992094054818
25336,0.00025367995840497315
25337,0.0002521650167182088
25338,0.00028509608819149435
25339,0.0002573093515820801
25340,0.00024048052728176117
25341,0.00023727805819362402
25342,0.0002504402073100209
25343,0.0003274441114626825
25344,0.00024597591254860163
25345,0.0003738837840501219
25346,0.00033864902798086405
25347,0.0003008254279848188
25348,0.0003425103786867112
25349,0.0002750314597506076
25350,0.0002447148144710809
25351,0.0001947645068867132
25352,0.00031975694582797587
25353,0.00022198310762178153
25354,0.0002007590519497171
25355,0.00025896672741509974
25356,0.00026506310678087175
25357,0.00026513333432376385
25358,0.0003871890949085355
25359,0.00020478415535762906
25360,0.00021406292216852307
25361,0.0002652774564921856
25362,0.00025226929574273527
25363,0.0002218225854448974
25364,0.00022514842567034066
25365,0.0002639307640492916
25366,0.00022418872686102986
25367,0.00021821522386744618
25368,0.0002617772261146456
25369,0.00017444064724259079
25370,0.0002927682944573462
25371,0.00020214969117660075
25372,0.00022244664432946593
25373,0.00024704166571609676
25374,0.0002715476439334452
25375,0.00027996336575597525
25376,0.00025056127924472094
25377,0.0002007902949117124
25378,0.00024179978936444968
25379,0.0002800117072183639
25380,0.0002941537240985781
25381,0.0002048722089966759
25382,0.00022447510855272412
25383,0.0003008022904396057
25384,0.0003472527314443141
25385,0.0003902753524016589
25386,0.00019708643958438188
25387,0.00026332735433243215
25388,0.0002836594358086586
25389,0.00020818805205635726
25390,0.00023792660795152187
25391,0.0002790704893413931
25392,0.00028572609880939126
25393,0.0004115448391530663
25394,0.00023249433434102684
25395,0.00023248737852554768
25396,0.0002379605866735801
25397,0.00033330125734210014
25398,0.00028809794457629323
25399,0.00017591261712368578
25400,0.00024701940128579736
25401,0.00021708477288484573
25402,0.00027084280736744404
25403,0.00028509151889011264
25404,0.0002966634929180145
25405,0.00018272880697622895
25406,0.00022568830172531307
25407,0.00023364780645351857
25408,0.00022778920538257807
25409,0.0002160986914532259
25410,0.0002566426701378077
25411,0.000248677417403087
25412,0.00029497177456505597
25413,0.00031028097146190703
25414,0.0003095908905379474
25415,0.00025549836573190987
25416,0.00027707297704182565
25417,0.00023395691823679954
25418,0.00016757924458943307
25419,0.0003051711537409574
25420,0.00021851391647942364
25421,0.0002781864022836089
25422,0.0002789378631860018
25423,0.00025382067542523146
25424,0.0002140870928997174
25425,0.00023707689251750708
25426,0.00026763908681459725
25427,0.0002553981321398169
25428,0.0003000642464030534
25429,0.00028401328017935157
25430,0.00023849385615903884
25431,0.0004150794993620366
25432,0.00035805432708002627
25433,0.0003084488562308252
25434,0.00020480078819673508
25435,0.00032106731669045985
25436,0.00023293822596315295
25437,0.00023604756279382855
25438,0.00041984085692092776
25439,0.00025665207067504525
25440,0.00019585416885092854
25441,0.00028950159321539104
25442,0.00025403176550753415
25443,0.0001738612336339429
25444,0.00026255007833242416
25445,0.00020792902796529233
25446,0.00023893693287391216
25447,0.0002676862641237676
25448,0.000299644423648715
25449,0.0002230918762506917
25450,0.00020776154997292906
25451,0.00037293083732947707
25452,0.000210935395443812
25453,0.0003322959819342941
25454,0.00022522358631249517
25455,0.0002481397823430598
25456,0.0003036059788428247
25457,0.00023670427617616951
25458,0.00025416421703994274
25459,0.00021289644064381719
25460,0.0002391983289271593
25461,0.0002337434416403994
25462,0.00030985139892436564
25463,0.00033490388887003064
25464,0.00029388986877165735
25465,0.00025000516325235367
25466,0.0002479621034581214
25467,0.00022785043984185904
25468,0.00026077794609591365
25469,0.00021924273460172117
25470,0.0002954003866761923
25471,0.0003586816310416907
25472,0.000281173677649349
25473,0.00022233642812352628
25474,0.0001952230668393895
25475,0.00024051776563283056
25476,0.00022220902610570192
25477,0.00020717694133054465
25478,0.0002780040667857975
25479,0.00023951023467816412
25480,0.0002547167823649943
25481,0.00027179456083104014
25482,0.0003269799053668976
25483,0.00027268676785752177
25484,0.0003096829168498516
25485,0.00027955329278483987
25486,0.00028939341427758336
25487,0.0002352461451664567
25488,0.00020977416716050357
25489,0.0002451598411425948
25490,0.0002786761033348739
25491,0.00025996763724833727
25492,0.0002227463701274246
25493,0.00023568140750285238
25494,0.0002556014514993876
25495,0.00023880497610662133
25496,0.000376073585357517
25497,0.00027651377604342997
25498,0.00021265803661663085
25499,0.0003273499314673245
25500,0.0002382997190579772
25501,0.0003644377284217626
25502,0.00023321704065892845
25503,0.0002762538206297904
25504,0.00021105349878780544
25505,0.0002826657146215439
25506,0.0002605816989671439
25507,0.00028982729418203235
25508,0.00021111305977683514
25509,0.0002456106012687087
25510,0.00038678254350088537
25511,0.00020322614000178874
25512,0.0002306594542460516
25513,0.00026998683460988104
25514,0.0003080290334764868
25515,0.00021419058612082154
25516,0.00022163643734529614
25517,0.00020552732166834176
25518,0.0003601299540605396
25519,0.0002441260585328564
25520,0.00022150481527205557
25521,0.0002475235960446298
25522,0.00020007019338663667
25523,0.0002561240107752383
25524,0.00024976045824587345
25525,0.0002408485597698018
25526,0.00025239825481548905
25527,0.00022495159646496177
25528,0.00023924493871163577
25529,0.00027922497247345746
25530,0.0004204056167509407
25531,0.00018828135216608644
25532,0.0002539199485909194
25533,0.0002185976190958172
25534,0.0002147146442439407
25535,0.000220411442569457
25536,0.0002910769253503531
25537,0.0001951969607034698
25538,0.00022502592764794827
25539,0.00020971092453692108
25540,0.00028623390244320035
25541,0.00037249113665893674
25542,0.00024282585945911705
25543,0.00021512348030228168
25544,0.00021016859682276845
25545,0.0001982878166018054
25546,0.00023611524375155568
25547,0.0002555488026700914
25548,0.00026066575082950294
25549,0.00025363193708471954
25550,0.00025121564976871014
25551,0.00039088749326765537
25552,0.0003031793748959899
25553,0.0004518596106208861
25554,0.0002840021625161171
25555,0.0002546627074480057
25556,0.0002680853649508208
25557,0.00022853410337120295
25558,0.00021906639449298382
25559,0.00026046368293464184
25560,0.00023233270621858537
25561,0.0002513983636163175
25562,0.00027903937734663486
25563,0.00031104462686926126
25564,0.00024496932746842504
25565,0.0003042684984393418
25566,0.00026655744295567274
25567,0.0003098688321188092
25568,0.00018993015692103654
25569,0.00034690150641836226
25570,0.00035833893343806267
25571,0.00020914892957080156
25572,0.00020083022536709905
25573,0.00027337230858393013
25574,0.0002638517471496016
25575,0.0002732186985667795
25576,0.0002667382941581309
25577,0.0002500060945749283
25578,0.00018610816914588213
25579,0.0003139409236609936
25580,0.00017903512343764305
25581,0.00034823681926354766
25582,0.00016612309264019132
25583,0.00021777249639853835
25584,0.00019287783652544022
25585,0.0002973278460558504
25586,0.0002360596408834681
25587,0.00024096416018437594
25588,0.00033086404437199235
25589,0.00022134309983812273
25590,0.00023520646209362894
25591,0.00022603858087677509
25592,0.00023592101933900267
25593,0.00020493754709605128
25594,0.00023796269670128822
25595,0.00028778295381926
25596,0.00026262106257490814
25597,0.0004276077379472554
25598,0.0002401023084530607
25599,0.0002344419772271067
25600,0.00020744712674058974
25601,0.0002129849890479818
25602,0.0002227104123448953
25603,0.0002689904358703643
25604,0.00016730140487197787
25605,0.00023290868557523936
25606,0.00026730363606475294
25607,0.0003081535396631807
25608,0.00045500777196139097
25609,0.0002777365443762392
25610,0.00028107696562074125
25611,0.0003079383750446141
25612,0.0002684072533156723
25613,0.00026076030917465687
25614,0.0002469342725817114
25615,0.00022725768212694675
25616,0.00026657310081645846
25617,0.00020236025738995522
25618,0.00021030762582086027
25619,0.00029649987118318677
25620,0.00016705745656508952
25621,0.00022607958817388862
25622,0.00027776890783570707
25623,0.0002652831608429551
25624,0.00023738057643640786
25625,0.0001989066367968917
25626,0.00020915507047902793
25627,0.0002363577950745821
25628,0.00019623446860350668
25629,0.00026377072208561003
25630,0.00022167454881127924
25631,0.00030801803222857416
25632,0.00022459101455751806
25633,0.0002344642416574061
25634,0.0002582972520031035
25635,0.0002466619771439582
25636,0.0004224868898745626
25637,0.0002922635176219046
25638,0.00026612545480020344
25639,0.0002341691288165748
25640,0.00031293340725824237
25641,0.00022157574130687863
25642,0.0002784318057820201
25643,0.00021374064090196043
25644,0.0002736975147854537
25645,0.00021522093447856605
25646,0.0002356555050937459
25647,0.00021347157598938793
25648,0.0002647128712851554
25649,0.0002572225930634886
25650,0.0002083419094560668
25651,0.000275273370789364
25652,0.00022676197113469243
25653,0.00020944353309459984
25654,0.00024395942455157638
25655,0.00025455121067352593
25656,0.0002469253959134221
25657,0.00025382000603713095
25658,0.0002367056004004553
25659,0.00017399857460986823
25660,0.000215451858821325
25661,0.00034085361403413117
25662,0.0002598809660412371
25663,0.00027186027728021145
25664,0.0001688644988462329
25665,0.0003967731900047511
25666,0.000162002383149229
25667,0.00034182920353487134
25668,0.0002699020551517606
25669,0.0003678050125017762
25670,0.0003318983654025942
25671,0.00023133314971346408
25672,0.00023328493989538401
25673,0.00022332665685098618
25674,0.000221731883357279
25675,0.00022105542302597314
25676,0.0002618458529468626
25677,0.00021790280879940838
25678,0.0002312137366971001
25679,0.00029428707784973085
25680,0.00024874985683709383
25681,0.00025749948690645397
25682,0.00035824941005557775
25683,0.000313443539198488
25684,0.00030279086786322296
25685,0.00026166296447627246
25686,0.00027729023713618517
25687,0.0003037634596694261
25688,0.00029859994538128376
25689,0.0003029248910024762
25690,0.0002515807282179594
25691,0.00040386393084190786
25692,0.0002539593551773578
25693,0.00020633282838389277
25694,0.0002777809277176857
25695,0.0002563581510912627
25696,0.0002429406886221841
25697,0.00026080524548888206
25698,0.00023791273997630924
25699,0.00029374018777161837
25700,0.000336761208018288
25701,0.00027560757007449865
25702,0.00023382810468319803
25703,0.00026752459234558046
25704,0.00020931128528900445
25705,0.0002950833586510271
25706,0.00022719263506587595
25707,0.00022396647545974702
25708,0.00021484510216396302
25709,0.00023748140665702522
25710,0.0002641295432113111
25711,0.0002341476792935282
25712,0.00023405198589898646
25713,0.00021095512784086168
25714,0.0003033991961274296
25715,0.00028924935031682253
25716,0.0002824803232215345
25717,0.00023642211453989148
25718,0.00019921967759728432
25719,0.00022122244990896434
25720,0.00015777505177538842
25721,0.000203973802854307
25722,0.00021874142112210393
25723,0.00026722598704509437
25724,0.000243730639340356
25725,0.00022070709383115172
25726,0.0003074728592764586
25727,0.0002592639357317239
25728,0.000253268051892519
25729,0.00023785240773577243
25730,0.00032422374351881444
25731,0.00024671340361237526
25732,0.0003473501419648528
25733,0.00022113049635663629
25734,0.00023867485288064927
25735,0.00019520176283549517
25736,0.00025345460744574666
25737,0.00019570028234738857
25738,0.00031448202207684517
25739,0.00015472478116862476
25740,0.00026157606043852866
25741,0.00024813719210214913
25742,0.00020431909069884568
25743,0.00024164712522178888
25744,0.0002838255895767361
25745,0.00022090993297751993
25746,0.0002712710411287844
25747,0.00037286471342667937
25748,0.0002499243419151753
25749,0.0003533536219038069
25750,0.0003284626000095159
25751,0.00024497383856214583
25752,0.0002790105645544827
25753,0.00022084264492150396
25754,0.00025649365852586925
25755,0.00019857495499309152
25756,0.000235541578149423
25757,0.000276675185887143
25758,0.00042894200305454433
25759,0.0002444922283757478
25760,0.000219007080886513
25761,0.00024905262398533523
25762,0.00036941521102562547
25763,0.0003160750784445554
25764,0.000258847139775753
25765,0.0003452270175330341
25766,0.00025760664721019566
25767,0.0002338862104807049
25768,0.00027123355539515615
25769,0.0003776758094318211
25770,0.0002784727548714727
25771,0.0002957983233500272
25772,0.0003298757947050035
25773,0.00022527034161612391
25774,0.00031884131021797657
25775,0.00034328343463130295
25776,0.00031911779660731554
25777,0.00032060305238701403
25778,0.00021355596254579723
25779,0.000291543488856405
25780,0.00018340584938414395
25781,0.00019959434575866908
25782,0.00034245819551870227
25783,0.00023718018201179802
25784,0.0003078446607105434
25785,0.00022393478138837963
25786,0.00021650095004588366
25787,0.00021947930508758873
25788,0.00021766663121525198
25789,0.000324191409163177
25790,0.00031142268562689424
25791,0.00022596294002141804
25792,0.00022231030743569136
25793,0.00026332182460464537
25794,0.00020478539227042347
25795,0.0002305637754034251
25796,0.0002910517796408385
25797,0.00039245220250450075
25798,0.00027167765074409544
25799,0.00020817627955693752
25800,0.00023137668904382735
25801,0.00031867067446000874
25802,0.00023526747827418149
25803,0.00020513877097982913
25804,0.00022394483676180243
25805,0.00026346283266320825
25806,0.00027934531681239605
25807,0.0002328371483599767
25808,0.00021462456788867712
25809,0.0003151614509988576
25810,0.0003344340075273067
25811,0.0003265033010393381
25812,0.00022575371258426458
25813,0.00028434194973669946
25814,0.00019339421123731881
25815,0.0002238660235889256
25816,0.00025422213366255164
25817,0.00028359529096633196
25818,0.00024315292830578983
25819,0.0002596934209577739
25820,0.00026876191259361804
25821,0.00029649637872353196
25822,0.0002733013825491071
25823,0.00021850885241292417
25824,0.00031410163501277566
25825,0.00020065135322511196
25826,0.00020937052613589913
25827,0.00026528621674515307
25828,0.00022824954066891223
25829,0.00026629320927895606
25830,0.0003400679270271212
25831,0.00024327280698344111
25832,0.0003605334786698222
25833,0.0003420142747927457
25834,0.00025253123021684587
25835,0.00024509814102202654
25836,0.00023897565552033484
25837,0.00030166079523041844
25838,0.00030483296723105013
25839,0.0002804417163133621
25840,0.00022462880588136613
25841,0.0002498887770343572
25842,0.00020549494365695864
25843,0.0002380075748078525
25844,0.0002629431546665728
25845,0.00024791774922050536
25846,0.0003283307596575469
25847,0.0002794048632495105
25848,0.0002447310253046453
25849,0.0002873910416383296
25850,0.00016865342331584543
25851,0.0002591209195088595
25852,0.00023174603120423853
25853,0.0002747418184299022
25854,0.0001931581791723147
25855,0.00023683859035372734
25856,0.00029449781868606806
25857,0.00021472801745403558
25858,0.00021654099691659212
25859,0.00021292279416229576
25860,0.00031342264264822006
25861,0.0002527153701521456
25862,0.00022703812282998115
25863,0.00025073258439078927
25864,0.00024339411174878478
25865,0.00023838982451707125
25866,0.0002643867628648877
25867,0.0002556301769800484
25868,0.00020956152002327144
25869,0.0002498272224329412
25870,0.00025333036319352686
25871,0.00025940590421669185
25872,0.00024987684446386993
25873,0.0003196460602339357
25874,0.0003598880139179528
25875,0.00019169376173522323
25876,0.00027666232199408114
25877,0.00023186038015410304
25878,0.00025226359139196575
25879,0.00022835671552456915
25880,0.0003076744615100324
25881,0.00034019394661299884
25882,0.00029455614276230335
25883,0.0002264825307065621
25884,0.00022509855625685304
25885,0.00028730672784149647
25886,0.0002917690435424447
25887,0.0002850910241249949
25888,0.00016710923227947205
25889,0.00021973972616251558
25890,0.0002723085635807365
25891,0.00036945362808182836
25892,0.00027493381639942527
25893,0.00035411209682933986
25894,0.0004171786131337285
25895,0.00027256752946414053
25896,0.00023689451336394995
25897,0.00027894042432308197
25898,0.00021970504894852638
25899,0.0002345261600567028
25900,0.0003877897106576711
25901,0.0003475153062026948
25902,0.0003138150495942682
25903,0.00027741555823013186
25904,0.0002458590897731483
25905,0.0002860326785594225
25906,0.00032178766559809446
25907,0.00024553824914619327
25908,0.00024692501756362617
25909,0.00023176480317488313
25910,0.0002603002358227968
25911,0.00023701855388935655
25912,0.0002627909416332841
25913,0.00022750299831386656
25914,0.00027034146478399634
25915,0.0003682017559185624
25916,0.0002109684282913804
25917,0.00027860738919116557
25918,0.00025281653506681323
25919,0.00027992771356366575
25920,0.0003245603875257075
25921,0.00020209465583320707
25922,0.00038567627780139446
25923,0.00035274968831799924
25924,0.00022730456839781255
25925,0.00021521186863537878
25926,0.00028249318711459637
25927,0.0003732342447619885
25928,0.00023857870837673545
25929,0.00020731767290271819
25930,0.0002568899653851986
25931,0.0002881228574551642
25932,0.00025914664729498327
25933,0.0002527121687307954
25934,0.00023673023679293692
25935,0.00024861207930371165
25936,0.00021782470867037773
25937,0.0002254731662105769
25938,0.00022572169837076217
25939,0.00024223088985309005
25940,0.00031647560535930097
25941,0.0002092466747853905
25942,0.0003078419540543109
25943,0.00028332756482996047
25944,0.00025333912344649434
25945,0.0002538427070248872
25946,0.00021044531604275107
25947,0.00030148608493618667
25948,0.00022989198623690754
25949,0.00024391918850596994
25950,0.0002578804560471326
25951,0.00030358516960404813
25952,0.00025844218907877803
25953,0.0002479930699337274
25954,0.00023383238294627517
25955,0.00022121830261312425
25956,0.00024131895042955875
25957,0.0003565027145668864
25958,0.00028480650507844985
25959,0.00026894459733739495
25960,0.00023201796284411103
25961,0.00032425063545815647
25962,0.00028613011818379164
25963,0.00021108762302901596
25964,0.00022574163449462503
25965,0.00023928438895381987
25966,0.00027667699032463133
25967,0.00035967526491731405
25968,0.00019267474999651313
25969,0.00023265233903657645
25970,0.00033546160557307303
25971,0.0002784239477477968
25972,0.0002629545924719423
25973,0.0002756653993856162
25974,0.0002894229837693274
25975,0.0002699446922633797
25976,0.00030645495280623436
25977,0.0002436976647004485
25978,0.00022034185531083494
25979,0.00020988917094655335
25980,0.00021295019541867077
25981,0.0002028812450589612
25982,0.00034170900471508503
25983,0.00018220400670543313
25984,0.00029976628138683736
25985,0.00033776360214687884
25986,0.0003627529658842832
25987,0.00026543164858594537
25988,0.00023747363593429327
25989,0.00021318759536370635
25990,0.00023070313909556717
25991,0.00024064589524641633
25992,0.00020469844457693398
25993,0.0002621604362502694
25994,0.0002313759905518964
25995,0.0001999989035539329
25996,0.00031561104697175324
25997,0.00027680941275320947
25998,0.0002458857197780162
25999,0.00029217818519100547
26000,0.00021005686721764505
26001,0.00024373062478844076
26002,0.00023987815075088292
26003,0.0003699613153003156
26004,0.0001902496296679601
26005,0.0002047902817139402
26006,0.00027109961956739426
26007,0.0003285297134425491
26008,0.00027560608577914536
26009,0.00031830256921239197
26010,0.0002528247714508325
26011,0.00020521579426713288
26012,0.00019929489644709975
26013,0.0003345104050822556
26014,0.00019512907601892948
26015,0.0003009476058650762
26016,0.00029017002088949084
26017,0.00023058225633576512
26018,0.0002261484187329188
26019,0.0002678108576219529
26020,0.0002309920673724264
26021,0.00021451500651892275
26022,0.0002223746560048312
26023,0.00022345769684761763
26024,0.00027382271946407855
26025,0.0003945767821278423
26026,0.0003125590446870774
26027,0.00024208510876633227
26028,0.0002304227091372013
26029,0.00022122234804555774
26030,0.0003220515209250152
26031,0.0004069080459885299
26032,0.0002428786247037351
26033,0.00029663622262887657
26034,0.0002366177795920521
26035,0.0002358184428885579
26036,0.0002740151830948889
26037,0.00026837651967070997
26038,0.0002596415579319
26039,0.0002597136190161109
26040,0.00025967962574213743
26041,0.0002061933628283441
26042,0.00039253453724086285
26043,0.00029764496139250696
26044,0.0003302678815089166
26045,0.00026001091464422643
26046,0.0002958783006761223
26047,0.0002609493676573038
26048,0.00025934100267477334
26049,0.00033063680166378617
26050,0.0002843170950654894
26051,0.00029210327193140984
26052,0.0003868594067171216
26053,0.00022528020781464875
26054,0.00024575283168815076
26055,0.00019981429795734584
26056,0.00021262562950141728
26057,0.00030257285106927156
26058,0.00022501780767925084
26059,0.00026306341169402003
26060,0.00029769830871373415
26061,0.00022274166985880584
26062,0.00022515216551255435
26063,0.00025358767015859485
26064,0.00022907204402144998
26065,0.0001953954779310152
26066,0.00021583416673820466
26067,0.00032610754715278745
26068,0.00021166617807466537
26069,0.00023498076188843697
26070,0.00022847189393360168
26071,0.0002457703521940857
26072,0.0001886332465801388
26073,0.0002590382064227015
26074,0.00024303962709382176
26075,0.000230714853387326
26076,0.00025437455042265356
26077,0.00021329968876671046
26078,0.00022341350268106908
26079,0.0002479317190591246
26080,0.00029231683583930135
26081,0.0002500602859072387
26082,0.0002322012442164123
26083,0.0003398843400646001
26084,0.0002366574772167951
26085,0.00025595194892957807
26086,0.00029815291054546833
26087,0.00027689291164278984
26088,0.00025725385057739913
26089,0.0002073788782581687
26090,0.000351211114320904
26091,0.0002163120952900499
26092,0.0002401833626208827
26093,0.00044225421152077615
26094,0.0003088170778937638
26095,0.0002254958963021636
26096,0.00020082859555259347
26097,0.00023956199584063143
26098,0.00021166338410694152
26099,0.00023563153808936477
26100,0.00044000521302223206
26101,0.00021191583073232323
26102,0.0002233552368124947
26103,0.0002899823593907058
26104,0.0002449135354254395
26105,0.00022061806521378458
26106,0.0002639176673255861
26107,0.00025125747197307646
26108,0.0003509691741783172
26109,0.00022011787223163992
26110,0.00021940661827102304
26111,0.00023689235968049616
26112,0.00022891235130373389
26113,0.0002315067540621385
26114,0.00041969213634729385
26115,0.00028800638392567635
26116,0.00027010287158191204
26117,0.00025241117691621184
26118,0.000219809910049662
26119,0.000276146485703066
26120,0.0002574692480266094
26121,0.00020697462605312467
26122,0.00024921284057199955
26123,0.00028915383154526353
26124,0.0002641575410962105
26125,0.0002491995692253113
26126,0.0003176831523887813
26127,0.0002239120367448777
26128,0.00021994038252159953
26129,0.0004925379762426019
26130,0.0002158295683329925
26131,0.00024037979892455041
26132,0.0002316976897418499
26133,0.00022035156143829226
26134,0.0002826185373123735
26135,0.00023117943783290684
26136,0.00023982999846339226
26137,0.00032611750066280365
26138,0.00028000009479001164
26139,0.00025434180861338973
26140,0.0002827749995049089
26141,0.00022186165733728558
26142,0.00021785596618428826
26143,0.00019957157201133668
26144,0.0002770058927126229
26145,0.0002092567883664742
26146,0.00022059705224819481
26147,0.00026225874898955226
26148,0.00023400376085191965
26149,0.0002712270070333034
26150,0.00034908149973489344
26151,0.0002035329380305484
26152,0.00038674561074003577
26153,0.0002464093267917633
26154,0.00047023541992530227
26155,0.00039740579086355865
26156,0.00021267020201776177
26157,0.0003017899871338159
26158,0.00023910688469186425
26159,0.00023387398687191308
26160,0.00022198214719537646
26161,0.0003138022148050368
26162,0.00020692050748039037
26163,0.0002950997732114047
26164,0.0002502233546692878
26165,0.0002513528452254832
26166,0.00027166138170287013
26167,0.0002802835952024907
26168,0.00023988308385014534
26169,0.00019610162416938692
26170,0.0003824966261163354
26171,0.0003090830869041383
26172,0.0002500132250133902
26173,0.00022563140373677015
26174,0.00019403564510867
26175,0.00025103395455516875
26176,0.00025742605794221163
26177,0.00027395691722631454
26178,0.00023267323558684438
26179,0.00027876856620423496
26180,0.00017369940178468823
26181,0.00021590371034108102
26182,0.00027696174220182
26183,0.0002048540482064709
26184,0.00030612022965215147
26185,0.00024278060300275683
26186,0.0002548415504861623
26187,0.00026015634648501873
26188,0.0002520908310543746
26189,0.00031664062407799065
26190,0.0002209148369729519
26191,0.0002759693015832454
26192,0.00034064718056470156
26193,0.00022872642148286104
26194,0.0002841141540557146
26195,0.0002012439799727872
26196,0.0004384355270303786
26197,0.00020911141473334283
26198,0.00021981453755870461
26199,0.00022035089205019176
26200,0.0002502322313375771
26201,0.0001968449796549976
26202,0.0002705212391447276
26203,0.00023588932526763529
26204,0.00024156519793905318
26205,0.0003513922856654972
26206,0.00023654331744182855
26207,0.00027883268194273114
26208,0.00022305772290565073
26209,0.00021858200489077717
26210,0.0002449656021781266
26211,0.00023333137505687773
26212,0.00024327206483576447
26213,0.0002828619908541441
26214,0.00019176185014657676
26215,0.00026418326888233423
26216,0.00019714650989044458
26217,0.0002834861516021192
26218,0.00025030120741575956
26219,0.0002625171036925167
26220,0.0002388843713561073
26221,0.0002235207794001326
26222,0.0003236894845031202
26223,0.00022925481607671827
26224,0.00024575827410444617
26225,0.0003140802145935595
26226,0.0004059009370394051
26227,0.00025155796902254224
26228,0.0002764200035016984
26229,0.0002852795005310327
26230,0.0003189030976500362
26231,0.0002400000230409205
26232,0.00029937579529359937
26233,0.00030827836599200964
26234,0.00032845267560333014
26235,0.0003932083200197667
26236,0.00023204507306218147
26237,0.0002121676370734349
26238,0.00029724359046667814
26239,0.0002621132298372686
26240,0.0003331391781102866
26241,0.00026075393543578684
26242,0.00026301387697458267
26243,0.00023518952366430312
26244,0.000214552172110416
26245,0.00019216214423067868
26246,0.0002685807703528553
26247,0.0002526437456253916
26248,0.00023595734091941267
26249,0.00024090711667668074
26250,0.00026711603277362883
26251,0.00024854170624166727
26252,0.00024745287373661995
26253,0.00018906711193267256
26254,0.00026279655867256224
26255,0.00022181254462338984
26256,0.00021588488016277552
26257,0.00023134506773203611
26258,0.00020782514184247702
26259,0.00016531262372154742
26260,0.0002455366775393486
26261,0.00023739754396956414
26262,0.0002465706202201545
26263,0.00020158635743428022
26264,0.00022596957569476217
26265,0.00023071317991707474
26266,0.00023469130974262953
26267,0.0002265241782879457
26268,0.00025140694924630225
26269,0.00042965784086845815
26270,0.00024183218192774802
26271,0.0001889474515337497
26272,0.00018421759887132794
26273,0.00030878264806233346
26274,0.0002579535939730704
26275,0.00033121739397756755
26276,0.0002522209833841771
26277,0.00026377892936579883
26278,0.00023209795472212136
26279,0.0002849606389645487
26280,0.0003587452520150691
26281,0.0002150773216271773
26282,0.0002698767639230937
26283,0.00024869260960258543
26284,0.0002172619424527511
26285,0.00021027351613156497
26286,0.0002694514114409685
26287,0.00025586094125173986
26288,0.0003594675217755139
26289,0.000321174185955897
26290,0.000301410531392321
26291,0.00031323282746598125
26292,0.0002435930073261261
26293,0.00023109043831937015
26294,0.00023720355238765478
26295,0.0002759812632575631
26296,0.000358211895218119
26297,0.0002568672352936119
26298,0.00027118061552755535
26299,0.0002385518600931391
26300,0.0003714266640599817
26301,0.00019142840756103396
26302,0.0002517430984880775
26303,0.0003813070070464164
26304,0.00023357983445748687
26305,0.00022843493206892163
26306,0.0003357538371346891
26307,0.0002560747670941055
26308,0.00023990293266251683
26309,0.00021946680499240756
26310,0.0003123848873656243
26311,0.00018937821732833982
26312,0.00021141671459190547
26313,0.0002775896864477545
26314,0.0002341984654776752
26315,0.00019517405598890036
26316,0.00022064230870455503
26317,0.00024014936934690922
26318,0.00027675306773744524
26319,0.0003908922371920198
26320,0.00034810113720595837
26321,0.0002858970547094941
26322,0.00023058243095874786
26323,0.0002395393094047904
26324,0.0002654966665431857
26325,0.00031877207220532
26326,0.00021567851945292205
26327,0.00021770539751742035
26328,0.000227205891860649
26329,0.00017274677520617843
26330,0.00032874042517505586
26331,0.00023675235570408404
26332,0.0002743525546975434
26333,0.00018794307834468782
26334,0.00022973871091380715
26335,0.0003001494624186307
26336,0.00016378643340431154
26337,0.0003008473722729832
26338,0.00020983672584407032
26339,0.000247811694862321
26340,0.00033724354580044746
26341,0.00024386070435866714
26342,0.00023286968644242734
26343,0.0002687020169105381
26344,0.00023390474962070584
26345,0.0002831626043189317
26346,0.00021944669424556196
26347,0.0002061107661575079
26348,0.0002253778075100854
26349,0.0002768182603176683
26350,0.00028888852102681994
26351,0.0002119919372489676
26352,0.00024182048218790442
26353,0.0003116901789326221
26354,0.0003168054681736976
26355,0.0002400775847490877
26356,0.0002371389709878713
26357,0.0004041485080961138
26358,0.0002152937086066231
26359,0.00031679694075137377
26360,0.0002178890717914328
26361,0.0003602521028369665
26362,0.00021083978936076164
26363,0.0002514712105039507
26364,0.0003051500243600458
26365,0.0002807344717439264
26366,0.00027378404047340155
26367,0.0002632259565871209
26368,0.0002011428732657805
26369,0.0002931762719526887
26370,0.00027062694425694644
26371,0.0003040247829630971
26372,0.0002655113930813968
26373,0.0002558346895966679
26374,0.00022827887733001262
26375,0.00024436545209027827
26376,0.00021512300008907914
26377,0.0002350520808249712
26378,0.00031099285115487874
26379,0.0002417509676888585
26380,0.00024964031763374805
26381,0.0004790623497683555
26382,0.00037536866148002446
26383,0.0002538325497880578
26384,0.00027726098778657615
26385,0.0003002271114382893
26386,0.00020610705541912466
26387,0.00025281330454163253
26388,0.0002468518214300275
26389,0.00019835814600810409
26390,0.00026035826886072755
26391,0.00031436848803423345
26392,0.00021923979511484504
26393,0.00028629842563532293
26394,0.00019055019947700202
26395,0.0003169914707541466
26396,0.00026551351766102016
26397,0.0002462246920913458
26398,0.0002458544331602752
26399,0.0002263925998704508
26400,0.00023554505605716258
26401,0.00025238707894459367
26402,0.0002654986747074872
26403,0.0002877458173315972
26404,0.00029561403789557517
26405,0.00022941525094211102
26406,0.00023897011124063283
26407,0.00021702823869418353
26408,0.0002465686993673444
26409,0.0003032904933206737
26410,0.0002269537653774023
26411,0.0002625288034323603
26412,0.00021482305601239204
26413,0.00024280801881104708
26414,0.00023996137315407395
26415,0.00033239141339436173
26416,0.00022187373542692512
26417,0.00040327213355340064
26418,0.00020128388132434338
26419,0.00021568518423009664
26420,0.0001917614572448656
26421,0.000246218143729493
26422,0.0002438930532662198
26423,0.00021090723748784512
26424,0.0002639566664583981
26425,0.00017277580627705902
26426,0.0003341756819281727
26427,0.00023575415252707899
26428,0.00023945997236296535
26429,0.0002586840419098735
26430,0.0002579389256425202
26431,0.00020023529941681772
26432,0.00022266847372520715
26433,0.00035028025740757585
26434,0.00025962566724047065
26435,0.000219638881389983
26436,0.0003300734970252961
26437,0.0003493440162856132
26438,0.00020296016009524465
26439,0.00019800518930424005
26440,0.0002709721156861633
26441,0.00028476084116846323
26442,0.0002584933827165514
26443,0.00031037547159940004
26444,0.0002216082502854988
26445,0.0002203179756179452
26446,0.00024115783162415028
26447,0.00022817727585788816
26448,0.00021492392988875508
26449,0.00020463168038986623
26450,0.0002235296560684219
26451,0.0003046106139663607
26452,0.00028822332387790084
26453,0.00026742613408714533
26454,0.0002189955994253978
26455,0.00029930684831924736
26456,0.000385352032026276
26457,0.0002901136176660657
26458,0.00025364497560076416
26459,0.00020856058108620346
26460,0.00030377713846974075
26461,0.00021334964549168944
26462,0.0002125917380908504
26463,0.00021477903646882623
26464,0.0002555560495238751
26465,0.0002137345727533102
26466,0.000237946878769435
26467,0.00033976478152908385
26468,0.00031936989398673177
26469,0.00028402003226801753
26470,0.0002977203403133899
26471,0.0004936059704050422
26472,0.0002578124403953552
26473,0.00032023515086621046
26474,0.00033092551166191697
26475,0.000192964929738082
26476,0.00020884184050373733
26477,0.00026217286358587444
26478,0.0002519888221286237
26479,0.00022508464462589473
26480,0.000275822589173913
26481,0.00022424447524826974
26482,0.0003167952527292073
26483,0.00023238308494910598
26484,0.00025006805662997067
26485,0.00019205010903533548
26486,0.0002603553293738514
26487,0.00019878664170391858
26488,0.0002610288211144507
26489,0.0002170995285268873
26490,0.00023730560496915132
26491,0.000345555687090382
26492,0.0002713713329285383
26493,0.00025113875744864345
26494,0.000236288586165756
26495,0.00025447027292102575
26496,0.0002124151651514694
26497,0.0002007585426326841
26498,0.0003072379040531814
26499,0.00028378982096910477
26500,0.0004506628611125052
26501,0.0003524910716805607
26502,0.0004153429181315005
26503,0.00030214054277166724
26504,0.00017424256657250226
26505,0.00020905303244944662
26506,0.00020128769392613322
26507,0.0002152926754206419
26508,0.00023442614474333823
26509,0.00023336852609645575
26510,0.00024708747514523566
26511,0.0001959977380465716
26512,0.00028741004643961787
26513,0.00020732515258714557
26514,0.00020639403373934329
26515,0.0002452022163197398
26516,0.00023166186292655766
26517,0.00026669175713323057
26518,0.0002510440244805068
26519,0.00019856728613376617
26520,0.00021258124615997076
26521,0.00024324028345290571
26522,0.0003117888409178704
26523,0.00022136657207738608
26524,0.0003275343915447593
26525,0.0003078303125221282
26526,0.0002778956841211766
26527,0.0003108861274085939
26528,0.00023146512103267014
26529,0.0002500318514648825
26530,0.0003130028781015426
26531,0.00028824282344430685
26532,0.00033179338788613677
26533,0.0002597498241811991
26534,0.00023914017947390676
26535,0.00028933276189491153
26536,0.0002226558281108737
26537,0.000272531557129696
26538,0.00024185837537515908
26539,0.0002386601991020143
26540,0.00022332156368065625
26541,0.00029538420494645834
26542,0.00021203425421845168
26543,0.0002769905258901417
26544,0.00019517965847626328
26545,0.00024877177202142775
26546,0.00024180032778531313
26547,0.00024768136790953577
26548,0.000341189035680145
26549,0.0002972599759232253
26550,0.00024665516684763134
26551,0.00019035600416827947
26552,0.00022066042583901435
26553,0.00020419021893758327
26554,0.00023326727387029678
26555,0.0003735971113201231
26556,0.0002554799721110612
26557,0.0002879011444747448
26558,0.0002244735514977947
26559,0.00022498422185890377
26560,0.00023406877880916
26561,0.0002461494877934456
26562,0.00036362960236147046
26563,0.00022655415523331612
26564,0.0002944206935353577
26565,0.0002923647116404027
26566,0.0003163483343087137
26567,0.0002662918413989246
26568,0.0002586526679806411
26569,0.0002540770510677248
26570,0.0002326707326574251
26571,0.00029039138462394476
26572,0.0001931595616042614
26573,0.0003306843573227525
26574,0.00023928776499815285
26575,0.0002589130599517375
26576,0.00021027297771070153
26577,0.0002624501648824662
26578,0.0002632786927279085
26579,0.00023810667335055768
26580,0.0002923236461356282
26581,0.00024492983357049525
26582,0.00028621891397051513
26583,0.00021722071687690914
26584,0.0002685521321836859
26585,0.00022275344235822558
26586,0.00027395266806706786
26587,0.0002456466609146446
26588,0.00024708628188818693
26589,0.00025645949062891304
26590,0.00023384035739582032
26591,0.0002774689346551895
26592,0.00020926070283167064
26593,0.00023545324802398682
26594,0.00024133530678227544
26595,0.0002580363943707198
26596,0.0002052618656307459
26597,0.00019747778424061835
26598,0.00026151927886530757
26599,0.00021298544015735388
26600,0.0002974917588289827
26601,0.0002250375400763005
26602,0.00022109564451966435
26603,0.00021655713499058038
26604,0.00034842523746192455
26605,0.00024290899455081671
26606,0.00023530882026534528
26607,0.0002575248945504427
26608,0.00021445420861709863
26609,0.0003321674303151667
26610,0.00016825941565912217
26611,0.00018868292681872845
26612,0.00023449352011084557
26613,0.00024279989884234965
26614,0.0002918495156336576
26615,0.00025024070055224
26616,0.00016692739154677838
26617,0.00023508477897848934
26618,0.000351734459400177
26619,0.00026482235989533365
26620,0.0002725106314755976
26621,0.00024669512640684843
26622,0.00035138140083290637
26623,0.00020574452355504036
26624,0.00023834843887016177
26625,0.000317987083690241
26626,0.00026491627795621753
26627,0.0002685690706130117
26628,0.00027953280368819833
26629,0.00026127841556444764
26630,0.00023291351681109518
26631,0.0002187095960834995
26632,0.0003242290986236185
26633,0.0003353264764882624
26634,0.00036708288826048374
26635,0.00031253599445335567
26636,0.000255642895353958
26637,0.0002986914769280702
26638,0.0002241593028884381
26639,0.00024601767654530704
26640,0.00023466043057851493
26641,0.0003492248069960624
26642,0.0002774416352622211
26643,0.0003663398965727538
26644,0.0002607361238915473
26645,0.0002544483286328614
26646,0.00025730361812748015
26647,0.00037484909989871085
26648,0.0002792215964291245
26649,0.00036875149817205966
26650,0.00023627420887351036
26651,0.00024868405307643116
26652,0.00021708288113586605
26653,0.00027555058477446437
26654,0.0002231827675132081
26655,0.00020358554320409894
26656,0.000285763933788985
26657,0.0003247888234909624
26658,0.00024500314611941576
26659,0.0002501062990631908
26660,0.00017925283464137465
26661,0.00021687230037059635
26662,0.0002313575241714716
26663,0.0002692037378437817
26664,0.0002709107648115605
26665,0.00020544286235235631
26666,0.0003616475441958755
26667,0.0002536719257477671
26668,0.00027273184969089925
26669,0.00031506549566984177
26670,0.00021101519814692438
26671,0.00018227861437480897
26672,0.00017713986744638532
26673,0.00023846937983762473
26674,0.00022658539819531143
26675,0.0002340045029995963
26676,0.0002535698586143553
26677,0.00022841421014163643
26678,0.00024081450828816742
26679,0.0002620277227833867
26680,0.00022308867482934147
26681,0.0002484190627001226
26682,0.0002308709517819807
26683,0.00035549147287383676
26684,0.0002710852131713182
26685,0.00024154067796189338
26686,0.00028260095859877765
26687,0.00024211824347730726
26688,0.00021888122137170285
26689,0.00031914102146402
26690,0.0002702347410377115
26691,0.0001654071529628709
26692,0.0002648797526489943
26693,0.0002519741246942431
26694,0.00021017288963776082
26695,0.0002564778842497617
26696,0.0002544363960623741
26697,0.0002645986096467823
26698,0.00020096782827749848
26699,0.00020414756727404892
26700,0.00021747013670392334
26701,0.00024589922395534813
26702,0.00026807101676240563
26703,0.00019732004147954285
26704,0.00025043272762559354
26705,0.00028992138686589897
26706,0.00042171814129687846
26707,0.00027348389266990125
26708,0.0003201782237738371
26709,0.0002177791902795434
26710,0.00022271346824709326
26711,0.00026177262770943344
26712,0.0002903145214077085
26713,0.00025189697043970227
26714,0.0002655807475093752
26715,0.00022791733499616385
26716,0.00027228411636315286
26717,0.00024846961605362594
26718,0.0002443832054268569
26719,0.00030520721338689327
26720,0.0001815809082472697
26721,0.00026648188941180706
26722,0.00024811827461235225
26723,0.0002525341114960611
26724,0.0002107469190377742
26725,0.00023897827486507595
26726,0.00019391020759940147
26727,0.0002529233752284199
26728,0.0002632219984661788
26729,0.0002814535691868514
26730,0.00021738948998972774
26731,0.00022103096125647426
26732,0.0002225963689852506
26733,0.00039240741170942783
26734,0.00031212024623528123
26735,0.00023634269018657506
26736,0.0002229375677416101
26737,0.00022376292326953262
26738,0.00028484230278991163
26739,0.000277817394817248
26740,0.00026020262157544494
26741,0.00019593382603488863
26742,0.0002451349573675543
26743,0.000336369383148849
26744,0.0002678008459042758
26745,0.00024084252072498202
26746,0.000204309297259897
26747,0.00020008464343845844
26748,0.0002447108272463083
26749,0.00022206078574527055
26750,0.00029070579330436885
26751,0.0003738464438356459
26752,0.0003499445447232574
26753,0.00022881913173478097
26754,0.00023830124700907618
26755,0.00024105193733703345
26756,0.0003070684615522623
26757,0.0002544555754866451
26758,0.0002067837049253285
26759,0.0003295857459306717
26760,0.00024823338026180863
26761,0.00018433322838973254
26762,0.00018984690541401505
26763,0.00029305569478310645
26764,0.00026734438142739236
26765,0.00021317912614904344
26766,0.0002172518870793283
26767,0.00024165025388356298
26768,0.000275088706985116
26769,0.0002667107619345188
26770,0.00022569448628928512
26771,0.00023999162658583373
26772,0.0002052776253549382
26773,0.0003034899418707937
26774,0.00035109437885694206
26775,0.00032228007330559194
26776,0.0002024747955147177
26777,0.00023086612054612488
26778,0.00022989559511188418
26779,0.00025784570607356727
26780,0.00026836691540665925
26781,0.0002501952985767275
26782,0.00025260570691898465
26783,0.00035337446024641395
26784,0.00022754952078685164
26785,0.00020808838598895818
26786,0.0002077177632600069
26787,0.00021781893156003207
26788,0.00023424977553077042
26789,0.00027832688647322357
26790,0.00030499204876832664
26791,0.0002062326529994607
26792,0.0002336289471713826
26793,0.00036964277387596667
26794,0.0002013272314798087
26795,0.0002788669371511787
26796,0.00023292461992241442
26797,0.0003024855686817318
26798,0.00021988146181683987
26799,0.0002801973605528474
26800,0.0002182714088121429
26801,0.0002294086298206821
26802,0.0001847594539867714
26803,0.00021359213860705495
26804,0.0002483550924807787
26805,0.0001730514777591452
26806,0.0002294189907843247
26807,0.0002526213356759399
26808,0.0002809822908602655
26809,0.00029442718368954957
26810,0.00026324333157390356
26811,0.0002525947929825634
26812,0.0002414037735434249
26813,0.00032001163344830275
26814,0.0002373011375311762
26815,0.00023061111278366297
26816,0.00024285037943627685
26817,0.00029577757231891155
26818,0.0002753392036538571
26819,0.00019390920351725072
26820,0.0002494515210855752
26821,0.0002930502232629806
26822,0.0002874611527658999
26823,0.0002016114303842187
26824,0.00028360658325254917
26825,0.0002749714476522058
26826,0.0002177978603867814
26827,0.00021121079043950886
26828,0.0002704983053263277
26829,0.0003462999011389911
26830,0.00019874692952726036
26831,0.00027025697636418045
26832,0.0002113216178258881
26833,0.00027384425629861653
26834,0.0002784325915854424
26835,0.00017886819841805845
26836,0.00020050577586516738
26837,0.0003252211317885667
26838,0.00035216714604757726
26839,0.00020808284170925617
26840,0.0002816014748532325
26841,0.00017560676496941596
26842,0.00021241277863737196
26843,0.00026281492318958044
26844,0.00025512141291983426
26845,0.0002145426842616871
26846,0.0002802319941110909
26847,0.0003001343575306237
26848,0.00023891363525763154
26849,0.0003989785036537796
26850,0.0002453635388519615
26851,0.0001880294003058225
26852,0.00027264709933660924
26853,0.0002172356762457639
26854,0.0002349832357140258
26855,0.0003244233375880867
26856,0.00022467596863862127
26857,0.00026695450651459396
26858,0.0002526725875213742
26859,0.00022002635523676872
26860,0.00019162050739396363
26861,0.0002720218035392463
26862,0.0003053620457649231
26863,0.0002606196503620595
26864,0.0003044374461751431
26865,0.00021121355530340225
26866,0.00031696120277047157
26867,0.00026869107387028635
26868,0.0002196205750806257
26869,0.00022878537129145116
26870,0.00032701209420338273
26871,0.0002227872028015554
26872,0.00029543478740379214
26873,0.0002324850211152807
26874,0.00023071204486768693
26875,0.00018200802151113749
26876,0.00023969277390278876
26877,0.00025797789567150176
26878,0.00031690634205006063
26879,0.00031378809944726527
26880,0.00025841122260317206
26881,0.0003142518980894238
26882,0.000202134222490713
26883,0.00024279470380861312
26884,0.00025648032897152007
26885,0.0002348132838960737
26886,0.00027468460029922426
26887,0.00020029625738970935
26888,0.0003201586951036006
26889,0.0002921548730228096
26890,0.000290675408905372
26891,0.00019822450121864676
26892,0.0003211360890418291
26893,0.0003185956447850913
26894,0.00018914468819275498
26895,0.00032408954575657845
26896,0.00029547172016464174
26897,0.000389438821002841
26898,0.00021660253696609288
26899,0.00021121694589965045
26900,0.0004357348079793155
26901,0.00030884204898029566
26902,0.00021304468100424856
26903,0.000239657805650495
26904,0.000380884506739676
26905,0.0003086772921960801
26906,0.0003159180632792413
26907,0.00021214259322732687
26908,0.00027277390472590923
26909,0.0002681027399376035
26910,0.00022825543419457972
26911,0.00023576994135510176
26912,0.0002665802603587508
26913,0.00022347542108036578
26914,0.00026031999732367694
26915,0.00016111972217913717
26916,0.0002199054870288819
26917,0.0003581034834496677
26918,0.00023444699763786048
26919,0.0002021902473643422
26920,0.0002892450720537454
26921,0.0003318778472021222
26922,0.00017561126151122153
26923,0.000240701439906843
26924,0.00023342875647358596
26925,0.00025776182883419096
26926,0.0003797487006522715
26927,0.00027808788581751287
26928,0.0002008962183026597
26929,0.00016507337568327785
26930,0.00025234182248823345
26931,0.000229347831918858
26932,0.00028913465212099254
26933,0.0002603853936307132
26934,0.0002899116952903569
26935,0.00024117091379594058
26936,0.0002872563200071454
26937,0.0002482245326973498
26938,0.00041906419210135937
26939,0.0002676121948752552
26940,0.00020267895888537169
26941,0.0002858667867258191
26942,0.00018546772480476648
26943,0.0002105818421114236
26944,0.0002882191620301455
26945,0.00030682183569297194
26946,0.00021955405827611685
26947,0.00022033606364857405
26948,0.00029873050516471267
26949,0.0002539450069889426
26950,0.0002150777290808037
26951,0.00021383562125265598
26952,0.0002672601258382201
26953,0.00027304713148623705
26954,0.0002346024411963299
26955,0.00022313868976198137
26956,0.0003469281946308911
26957,0.0002799012581817806
26958,0.0002621779858600348
26959,0.0003451059164945036
26960,0.00019988186249975115
26961,0.00030689709819853306
26962,0.0002643144689500332
26963,0.000205089250812307
26964,0.00021900920546613634
26965,0.00028371423832140863
26966,0.00027078329003416
26967,0.0004086582630407065
26968,0.00030157226137816906
26969,0.00021366868168115616
26970,0.0001925652613863349
26971,0.00026698230067268014
26972,0.0001892207219498232
26973,0.00025525284581817687
26974,0.00028096523601561785
26975,0.0002491349005140364
26976,0.00020192278316244483
26977,0.0002724016667343676
26978,0.00020100637630093843
26979,0.0002906046574935317
26980,0.00018103301408700645
26981,0.000244953203946352
26982,0.00023441440134774894
26983,0.00027866882737725973
26984,0.00024885148741304874
26985,0.00027323176618665457
26986,0.0004273378581274301
26987,0.00019967660773545504
26988,0.00035188949550502
26989,0.00022677012020722032
26990,0.0002349453279748559
26991,0.0002575499820522964
26992,0.00025181027012877166
26993,0.00028581739752553403
26994,0.0003426914045121521
26995,0.00020739171304740012
26996,0.00032288304646499455
26997,0.00024470200878567994
26998,0.00021233056031633168
26999,0.0002746691752690822
27000,0.0003485778870526701
27001,0.00025271682534366846
27002,0.00031838781433179975
27003,0.00023697353026364
27004,0.00023460862576030195
27005,0.00021266035037115216
27006,0.00024954829132184386
27007,0.00024972925893962383
27008,0.00021321105305105448
27009,0.0003017277049366385
27010,0.00021288216521497816
27011,0.0002763080701697618
27012,0.00027720569050870836
27013,0.00022340076975524426
27014,0.00024664789089001715
27015,0.00020983957801945508
27016,0.00021175357687752694
27017,0.0002144015161320567
27018,0.00019160467491019517
27019,0.00022053623979445547
27020,0.00027537287678569555
27021,0.000414370559155941
27022,0.0003180293133482337
27023,0.0002356956247240305
27024,0.0003238406789023429
27025,0.00037406390765681863
27026,0.00023198519193101674
27027,0.00023429056454915553
27028,0.00026529343449510634
27029,0.00023473029432352632
27030,0.00023540084657724947
27031,0.0003584107616916299
27032,0.00019151889136992395
27033,0.00017302633204963058
27034,0.00035101280082017183
27035,0.000221623748075217
27036,0.0002779821224976331
27037,0.00018695960170589387
27038,0.00023025770497042686
27039,0.00019465512013994157
27040,0.00020543465507216752
27041,0.0003157179453410208
27042,0.0002780311042442918
27043,0.0003455689875409007
27044,0.00025786549667827785
27045,0.0002519896952435374
27046,0.000290162191959098
27047,0.00023191134096123278
27048,0.0004391529655549675
27049,0.00021343414846342057
27050,0.00021130924869794399
27051,0.00019180099479854107
27052,0.0002825752890203148
27053,0.0002010440657613799
27054,0.0002678765158634633
27055,0.00022585314582102
27056,0.00031050355755724013
27057,0.0002591248194221407
27058,0.00034021210740320385
27059,0.0002545104071032256
27060,0.00024286552798002958
27061,0.00029158900724723935
27062,0.00029454342438839376
27063,0.00037075503496453166
27064,0.00024093221873044968
27065,0.00030001357663422823
27066,0.00022323758457787335
27067,0.00036371347960084677
27068,0.0003102690970990807
27069,0.00025071745039895177
27070,0.0003652969317045063
27071,0.00022667559096589684
27072,0.000280269596260041
27073,0.0002533284423407167
27074,0.0002944307925645262
27075,0.00026019272627308965
27076,0.0002377937635174021
27077,0.00020575273083522916
27078,0.0002823878894560039
27079,0.00018742730026133358
27080,0.00021510201622731984
27081,0.00024950041552074254
27082,0.00025727515458129346
27083,0.00026999192778021097
27084,0.0003865366452373564
27085,0.00024745927657932043
27086,0.00022226177679840475
27087,0.0002697446325328201
27088,0.0002575489052105695
27089,0.0002234211133327335
27090,0.00024541077436879277
27091,0.0002484243013896048
27092,0.0002655270218383521
27093,0.00031844977638684213
27094,0.0003077709989156574
27095,0.0002565927861724049
27096,0.00022495265875477344
27097,0.00022937176981940866
27098,0.00023899314692243934
27099,0.00023264596529770643
27100,0.0002676423464436084
27101,0.00024523911997675896
27102,0.0002436621143715456
27103,0.00020338677859399468
27104,0.00025452690897509456
27105,0.00025377707788720727
27106,0.00021461499272845685
27107,0.0002094056544592604
27108,0.00018830527551472187
27109,0.00021854974329471588
27110,0.0002102447033394128
27111,0.00041372509440407157
27112,0.00020118916290812194
27113,0.00019843441259581596
27114,0.0002699739998206496
27115,0.00028484369977377355
27116,0.0003197220794390887
27117,0.00020864848920609802
27118,0.0002382713573751971
27119,0.0004294399986974895
27120,0.00021340863895602524
27121,0.0002335447061341256
27122,0.0002667499938979745
27123,0.0003001801669597626
27124,0.00016316249093506485
27125,0.0003104690695181489
27126,0.0002281002380186692
27127,0.0003031691303476691
27128,0.0003231819428037852
27129,0.0002008736482821405
27130,0.0002790458092931658
27131,0.00023682367464061826
27132,0.0002146320475731045
27133,0.0002726498350966722
27134,0.00024997704895213246
27135,0.00029247606289573014
27136,0.0002490573679096997
27137,0.0003062920004595071
27138,0.00024979375302791595
27139,0.00027521970332600176
27140,0.00027097249403595924
27141,0.0002965399471577257
27142,0.00022018872550688684
27143,0.0002495340595487505
27144,0.0001802003534976393
27145,0.00021996289433445781
27146,0.0002416686766082421
27147,0.00029900966910645366
27148,0.0002070203045150265
27149,0.0002702147467061877
27150,0.00021017604740336537
27151,0.000361363374395296
27152,0.0003148317919112742
27153,0.00025985902175307274
27154,0.00029354571597650647
27155,0.0002619619481265545
27156,0.0003715833881869912
27157,0.0003378880792297423
27158,0.0003278329677414149
27159,0.0002553453668951988
27160,0.0002678669698070735
27161,0.0001989416341530159
27162,0.0002842150570359081
27163,0.00021643086802214384
27164,0.00023182267614174634
27165,0.0003094045096077025
27166,0.00021184906654525548
27167,0.00024385510187130421
27168,0.00020601942378561944
27169,0.00025295992963947356
27170,0.0002502774295862764
27171,0.0002520389680285007
27172,0.0003855148679576814
27173,0.00023016409249976277
27174,0.0002733944565989077
27175,0.0003115593281108886
27176,0.00020594785746652633
27177,0.00028437431319616735
27178,0.0002590445801615715
27179,0.00026040070224553347
27180,0.0002728280087467283
27181,0.00022761672153137624
27182,0.00024813765776343644
27183,0.00024508978822268546
27184,0.0002667191147338599
27185,0.00030744768446311355
27186,0.00023032671015243977
27187,0.00037658592918887734
27188,0.0002726505044847727
27189,0.00027160978061147034
27190,0.00022769268252886832
27191,0.00023812112340237945
27192,0.00022767993505112827
27193,0.00023192929802462459
27194,0.00021030886273365468
27195,0.00030473264632746577
27196,0.00022389051446225494
27197,0.00024101640156004578
27198,0.0002543121518101543
27199,0.000317282130708918
27200,0.00025381005252711475
27201,0.00023933891498018056
27202,0.00021181476768106222
27203,0.00019672435882966965
27204,0.0002804989635478705
27205,0.000314405100652948
27206,0.0003033137181773782
27207,0.0003580619813874364
27208,0.00021601993648801
27209,0.00023167261679191142
27210,0.0002530944184400141
27211,0.00025634447229094803
27212,0.0003175521269440651
27213,0.00023690430680289865
27214,0.00030737396446056664
27215,0.0002672175760380924
27216,0.00024424566072411835
27217,0.0002984877792187035
27218,0.00021886214381083846
27219,0.0001626756420591846
27220,0.00021006508904974908
27221,0.00019914937729481608
27222,0.00024807429872453213
27223,0.00020890572341158986
27224,0.0002018808590946719
27225,0.00023831764701753855
27226,0.00029770898981951177
27227,0.00040887363138608634
27228,0.000220414629438892
27229,0.00021743217075709254
27230,0.0002450878673698753
27231,0.00040975387673825026
27232,0.0002159869036404416
27233,0.000348093977663666
27234,0.00021456665126606822
27235,0.00023715234419796616
27236,0.00025989997084252536
27237,0.0002529418852645904
27238,0.0002508551406208426
27239,0.00031541529460810125
27240,0.00022129705757834017
27241,0.00021497355191968381
27242,0.0002434377238387242
27243,0.0003056996501982212
27244,0.0002740365162026137
27245,0.00027120640152134
27246,0.00023704356863163412
27247,0.00024002548889257014
27248,0.0002520802663639188
27249,0.00034085591323673725
27250,0.0002589146897662431
27251,0.0003124534559901804
27252,0.000258005631621927
27253,0.0002679102763067931
27254,0.0003287635918240994
27255,0.00023636699188500643
27256,0.0002114093949785456
27257,0.00023623766901437193
27258,0.0005214346456341445
27259,0.0002337285113753751
27260,0.00025091259158216417
27261,0.0003265241102781147
27262,0.0002627969952300191
27263,0.0002143971505574882
27264,0.0002741573262028396
27265,0.0002555896353442222
27266,0.00021258817287161946
27267,0.0003087078803218901
27268,0.0002589999348856509
27269,0.00021119530720170587
27270,0.0002563716843724251
27271,0.00028899178141728044
27272,0.00028221309185028076
27273,0.00019399072334636003
27274,0.00020035677880514413
27275,0.00022549300047103316
27276,0.000229291821597144
27277,0.00024258116900455207
27278,0.00038644130108878016
27279,0.00018969341181218624
27280,0.00021831040794495493
27281,0.0002645273052621633
27282,0.00026566535234451294
27283,0.00036860298132523894
27284,0.0002322134532732889
27285,0.00027642329223454
27286,0.00024171129916794598
27287,0.0003023844037670642
27288,0.00031439069425687194
27289,0.0003188712289556861
27290,0.00026891956804320216
27291,0.0002163111203117296
27292,0.00038057402707636356
27293,0.0001962452952284366
27294,0.0002148977218894288
27295,0.0003689826116897166
27296,0.00022679840913042426
27297,0.00030670806881971657
27298,0.00022179787629283965
27299,0.0003218869387637824
27300,0.00022895161237102002
27301,0.00021019797713961452
27302,0.00023570981284137815
27303,0.00034279379178769886
27304,0.00023304509522859007
27305,0.000294531142571941
27306,0.00021416931122075766
27307,0.0001587228907737881
27308,0.000254189275437966
27309,0.00024315431073773652
27310,0.00033640878973528743
27311,0.0002187522768508643
27312,0.00021759197989013046
27313,0.00035247154301032424
27314,0.0002653802221175283
27315,0.00020199849677737802
27316,0.00024679378839209676
27317,0.0002315573365194723
27318,0.0002333486918359995
27319,0.0003229309804737568
27320,0.00031575403409078717
27321,0.0002697731542866677
27322,0.00026229454670101404
27323,0.00020431703887879848
27324,0.00020206042972858995
27325,0.0003451342636253685
27326,0.0003903189499396831
27327,0.00031403140746988356
27328,0.00021364619897212833
27329,0.0002261133777210489
27330,0.00020781744387932122
27331,0.0001696660474408418
27332,0.000277998682577163
27333,0.00030511117074638605
27334,0.0002791598963085562
27335,0.00017751716950442642
27336,0.00021673698211088777
27337,0.00023949470778461546
27338,0.00022563581296708435
27339,0.00042825008858926594
27340,0.00026127533055841923
27341,0.0002613746328279376
27342,0.00020271771063562483
27343,0.00024295363982673734
27344,0.0002743338991422206
27345,0.00024019430566113442
27346,0.000246472773142159
27347,0.00018790843023452908
27348,0.00023720147146377712
27349,0.00037312472704797983
27350,0.00031232231413014233
27351,0.0002552298828959465
27352,0.00024149999080691487
27353,0.00023645072360523045
27354,0.0002687180822249502
27355,0.00019693459034897387
27356,0.00027287896955385804
27357,0.00021535369160119444
27358,0.00028190328157506883
27359,0.00044291900121606886
27360,0.00024559139274060726
27361,0.00034000829327851534
27362,0.0002506821183487773
27363,0.0002189363876823336
27364,0.00022871955297887325
27365,0.0002239833993371576
27366,0.00027060325373895466
27367,0.00017936206131707877
27368,0.00020603733719326556
27369,0.0003390151250641793
27370,0.0003493645926937461
27371,0.00031788108753971756
27372,0.00021693826420232654
27373,0.0002261702757095918
27374,0.00023818571935407817
27375,0.00019754422828555107
27376,0.00037003669422119856
27377,0.0002617526042740792
27378,0.0001932496961671859
27379,0.00025294837541878223
27380,0.000351740833139047
27381,0.00022035115398466587
27382,0.00036057023680768907
27383,0.00028313646907918155
27384,0.00021226974786259234
27385,0.00025007425574585795
27386,0.00025605541304685175
27387,0.00019333991804160178
27388,0.00030532164964824915
27389,0.00035796299926005304
27390,0.0002921205305028707
27391,0.00025294069200754166
27392,0.00041898011113516986
27393,0.00026133909705094993
27394,0.0002668414090294391
27395,0.00030394725035876036
27396,0.00022905642981640995
27397,0.00022228964371606708
27398,0.00028391662635840476
27399,0.0002621357562020421
27400,0.00032283313339576125
27401,0.00022079283371567726
27402,0.0003131142584607005
27403,0.00020255982235539705
27404,0.00021689666027668864
27405,0.00038027443224564195
27406,0.0002895244106184691
27407,0.00021968323562759906
27408,0.00027740784571506083
27409,0.00020553766808006912
27410,0.00033402061671949923
27411,0.0002472620108164847
27412,0.00040972186252474785
27413,0.00018472444207873195
27414,0.00032058419310487807
27415,0.00021215065498836339
27416,0.00026226736372336745
27417,0.0002870789321605116
27418,0.0002212986146332696
27419,0.000247809337452054
27420,0.00030013546347618103
27421,0.0002098177355946973
27422,0.0002617913705762476
27423,0.0002794377796817571
27424,0.00026704216725192964
27425,0.00029213930247351527
27426,0.0003388524637557566
27427,0.00022977835033088923
27428,0.00031476563890464604
27429,0.000269022275460884
27430,0.00019338849233463407
27431,0.00025843706680461764
27432,0.0002175072586396709
27433,0.00035015714820474386
27434,0.00023533683270215988
27435,0.0003144975926261395
27436,0.0001924606622196734
27437,0.0002461325202602893
27438,0.00023251936363521963
27439,0.00029164302395656705
27440,0.00016690358461346477
27441,0.0003468155628070235
27442,0.00019519530178513378
27443,0.00029709856607951224
27444,0.00028941850177943707
27445,0.0003098303568549454
27446,0.00030463410075753927
27447,0.0002837221836671233
27448,0.0003042855823878199
27449,0.00021170213585719466
27450,0.00023722405603621155
27451,0.0002913910720963031
27452,0.00020199167192913592
27453,0.00022092244762461632
27454,0.00025291831116192043
27455,0.00034361743018962443
27456,0.00034366175532341003
27457,0.00020522784325294197
27458,0.0002832421741914004
27459,0.000365568557754159
27460,0.0002508762991055846
27461,0.00023666530614718795
27462,0.0003824929881375283
27463,0.0003034760302398354
27464,0.0002311352000106126
27465,0.00018056108092423528
27466,0.00031132588628679514
27467,0.00023542526469100267
27468,0.00038512787432409823
27469,0.00025502676726318896
27470,0.00024023604055400938
27471,0.0002520776179153472
27472,0.00017126240709330887
27473,0.0002745894016698003
27474,0.0002652856055647135
27475,0.00024056342954281718
27476,0.0004203214484732598
27477,0.00029137349338270724
27478,0.0003316621878184378
27479,0.00029047008138149977
27480,0.00030785478884354234
27481,0.0002963357255794108
27482,0.00017537150415591896
27483,0.0002777621557470411
27484,0.0001941005466505885
27485,0.00022480015468318015
27486,0.0003181530919391662
27487,0.00025390362134203315
27488,0.0003446747432462871
27489,0.00026463752146810293
27490,0.0002534360974095762
27491,0.0002269249380333349
27492,0.0002497706445865333
27493,0.00021165935322642326
27494,0.00020699325250461698
27495,0.00023961449915077537
27496,0.00033866011654026806
27497,0.00026379679911769927
27498,0.0002939900441560894
27499,0.00018445364548824728
27500,0.00026601686840876937
27501,0.00027092790696769953
27502,0.0002214906708104536
27503,0.00020820132340304554
27504,0.00024431105703115463
27505,0.000319395971018821
27506,0.000326034874888137
27507,0.00020099838729947805
27508,0.00035188227775506675
27509,0.00030076122493483126
27510,0.00028298862162046134
27511,0.00024643997312523425
27512,0.00035578469396568835
27513,0.0002931608469225466
27514,0.0002277084713568911
27515,0.00021985462808515877
27516,0.00031629775185137987
27517,0.00025354058016091585
27518,0.00021175754955038428
27519,0.0002567932824604213
27520,0.0002469488827046007
27521,0.0002900756080634892
27522,0.00020218946156091988
27523,0.0002020935353357345
27524,0.000292757002171129
27525,0.00023596563551109284
27526,0.0002913550997618586
27527,0.0001789348607417196
27528,0.00021463751909323037
27529,0.0002522550930734724
27530,0.00024168977688532323
27531,0.0002192198153352365
27532,0.00030394099303521216
27533,0.0002220721507910639
27534,0.00022633897606283426
27535,0.00027386448346078396
27536,0.00029493350302800536
27537,0.0002797943016048521
27538,0.0002630374801810831
27539,0.0002485911827534437
27540,0.000305137102259323
27541,0.00023512747429776937
27542,0.00030022955616004765
27543,0.00023416761541739106
27544,0.00028493654099293053
27545,0.00030854641227051616
27546,0.00028725797892548144
27547,0.0002184719778597355
27548,0.00022614675981458277
27549,0.0003000881988555193
27550,0.0003242777893319726
27551,0.00024870631750673056
27552,0.00028789674979634583
27553,0.0002674094575922936
27554,0.00035310728708282113
27555,0.00039454028592444956
27556,0.0002694701834116131
27557,0.0002866930444724858
27558,0.0002500765258446336
27559,0.0002538228000048548
27560,0.00023334636352956295
27561,0.0002433023473713547
27562,0.0002938474644906819
27563,0.00021965987980365753
27564,0.00031070815748535097
27565,0.00024278349883388728
27566,0.0002488434547558427
27567,0.00028582222876138985
27568,0.0002492915082257241
27569,0.00019447554950602353
27570,0.00042036737431772053
27571,0.00023989143664948642
27572,0.0002250874531455338
27573,0.0001937136985361576
27574,0.0002734099398367107
27575,0.00033163579064421356
27576,0.0002557363186497241
27577,0.0001887011167127639
27578,0.0002363672392675653
27579,0.0001966308191185817
27580,0.00026409755810163915
27581,0.0002577904087956995
27582,0.00029724527848884463
27583,0.00024637687602080405
27584,0.0003499265294522047
27585,0.00030433127540163696
27586,0.0002531454374548048
27587,0.00023433714522980154
27588,0.00020741373009514064
27589,0.0002357375924475491
27590,0.00017764989752322435
27591,0.00023669285292271525
27592,0.00022791826631873846
27593,0.00023286901705432683
27594,0.0003175798337906599
27595,0.00036631073453463614
27596,0.0003531497495714575
27597,0.000245030561927706
27598,0.00025225646095350385
27599,0.0002868768060579896
27600,0.0002785731921903789
27601,0.00022013830312062055
27602,0.00017821294022724032
27603,0.00021207939425949007
27604,0.00019808468641713262
27605,0.00026782427448779345
27606,0.0002557982224971056
27607,0.00024516929988749325
27608,0.000290251657133922
27609,0.00023426726693287492
27610,0.00019288394832983613
27611,0.0002503447176422924
27612,0.0002478863170836121
27613,0.00025743531296029687
27614,0.0002010372409131378
27615,0.000329645408783108
27616,0.00019968820561189204
27617,0.00032055212068371475
27618,0.00022465683287009597
27619,0.0002847305149771273
27620,0.0002999469870701432
27621,0.0002798021014314145
27622,0.00022665804135613143
27623,0.0003017637936864048
27624,0.0002722447970882058
27625,0.00026385593810118735
27626,0.00029036920750513673
27627,0.00025068511604331434
27628,0.00024196834419853985
27629,0.0002812791208270937
27630,0.0002125156024703756
27631,0.00023955063079483807
27632,0.00024418040993623435
27633,0.00033069707569666207
27634,0.0002807221026159823
27635,0.0002502990246284753
27636,0.00042937989928759634
27637,0.00024150054377969354
27638,0.00028938218019902706
27639,0.00029087375150993466
27640,0.0002644863852765411
27641,0.0002590387302916497
27642,0.0003435278485994786
27643,0.0001966988347703591
27644,0.0002835011691786349
27645,0.00020557647803798318
27646,0.0003347601741552353
27647,0.0002866188297048211
27648,0.00029592140344902873
27649,0.00028407355421222746
27650,0.0002832699101418257
27651,0.000263294146861881
27652,0.00021818386449012905
27653,0.00021267973352223635
27654,0.00024600146571174264
27655,0.0002504789154045284
27656,0.00025803851895034313
27657,0.00023992934438865632
27658,0.00022518751211464405
27659,0.0002612223324831575
27660,0.0002080682897940278
27661,0.00028116072644479573
27662,0.00023735758441034704
27663,0.00037269885069690645
27664,0.00025397914578206837
27665,0.00021275873587001115
27666,0.0002724466030485928
27667,0.0002196552959503606
27668,0.00030401599360629916
27669,0.0003009522915817797
27670,0.00039111846126616
27671,0.00016702496213838458
27672,0.0003300725657027215
27673,0.0001937991037266329
27674,0.00025321231805719435
27675,0.0003280448727309704
27676,0.00025714930961839855
27677,0.0003267900610808283
27678,0.0002373891620663926
27679,0.0003684066468849778
27680,0.0003930383245460689
27681,0.00020490722090471536
27682,0.0001951527810888365
27683,0.00020954398496542126
27684,0.00024046801263466477
27685,0.00020395152387209237
27686,0.00026608278858475387
27687,0.00028760230634361506
27688,0.00037464211345650256
27689,0.000333385105477646
27690,0.00031617071363143623
27691,0.00022750916832592338
27692,0.0003460040898062289
27693,0.0002650811511557549
27694,0.0002286095987074077
27695,0.00030767801217734814
27696,0.0002425910934107378
27697,0.0003724213456735015
27698,0.0003009843057952821
27699,0.00023994212097022682
27700,0.00021430889319162816
27701,0.00023607451294083148
27702,0.0002792647574096918
27703,0.0002486454613972455
27704,0.0002006315189646557
27705,0.0001926991535583511
27706,0.00032902153907343745
27707,0.00022213676129467785
27708,0.0002520723210182041
27709,0.00024743896210566163
27710,0.00020208083151374012
27711,0.00025458092568442225
27712,0.0002439649833831936
27713,0.00020431159646250308
27714,0.0002476983063388616
27715,0.00023063653497956693
27716,0.0003192611620761454
27717,0.0002432061155559495
27718,0.0002153939421987161
27719,0.0003796093806158751
27720,0.00023678572324570268
27721,0.00018001292482949793
27722,0.0002373578754486516
27723,0.0002204853662988171
27724,0.00022207765141502023
27725,0.0002125167375197634
27726,0.00023544127179775387
27727,0.00026636640541255474
27728,0.00026200240245088935
27729,0.00022443073976319283
27730,0.00022247472952585667
27731,0.00018428271869197488
27732,0.0002472209744155407
27733,0.00022259325487539172
27734,0.0002730390406213701
27735,0.0002065480366582051
27736,0.00022034022549632937
27737,0.0002875311183743179
27738,0.00022788977366872132
27739,0.0003625917015597224
27740,0.0002066921879304573
27741,0.0003181026841048151
27742,0.00024863070575520396
27743,0.00025776229449547827
27744,0.0002288139658048749
27745,0.0001788847876014188
27746,0.00025217951042577624
27747,0.00024040378048084676
27748,0.00020898693765047938
27749,0.00027635064907372
27750,0.00016762714949436486
27751,0.0002619451843202114
27752,0.00020488443260546774
27753,0.00020667519129347056
27754,0.00031713105272501707
27755,0.00018331481260247529
27756,0.00023908181174192578
27757,0.0002762308286037296
27758,0.00018359335081186146
27759,0.000244961614953354
27760,0.0002001473039854318
27761,0.0002797626657411456
27762,0.00031632278114557266
27763,0.000344268511980772
27764,0.0003151965793222189
27765,0.00023197618429549038
27766,0.00023822458751965314
27767,0.00026442407397553325
27768,0.000262423069216311
27769,0.00029533644556067884
27770,0.0003276279312558472
27771,0.00018857265240512788
27772,0.0002906762238126248
27773,0.00024220750492531806
27774,0.00021272011508699507
27775,0.0003836791147477925
27776,0.00020936373039148748
27777,0.00026975685614161193
27778,0.00033433784847147763
27779,0.0003092115221079439
27780,0.0002276529121445492
27781,0.00032364195794798434
27782,0.0002178728173021227
27783,0.0003353455394972116
27784,0.00022701721172779799
27785,0.0002485811128281057
27786,0.0003492117393761873
27787,0.0002987920306622982
27788,0.00035189211484976113
27789,0.0002701249031815678
27790,0.0002776687906589359
27791,0.0002105119201587513
27792,0.0002664297353476286
27793,0.00019965389219578356
27794,0.00030530558433383703
27795,0.0002657246950548142
27796,0.0003218096389900893
27797,0.0002272597048431635
27798,0.0002750814310275018
27799,0.00022776312835048884
27800,0.00030604758649133146
27801,0.00024872261565178633
27802,0.00022411209647543728
27803,0.00028096692403778434
27804,0.00027828558813780546
27805,0.00023607096227351576
27806,0.00021433403890114278
27807,0.00019471015548333526
27808,0.0003147850220557302
27809,0.00023691209207754582
27810,0.00020461918029468507
27811,0.00029154971707612276
27812,0.00021841662237420678
27813,0.00022340782743413
27814,0.00025481299962848425
27815,0.00021941098384559155
27816,0.00045416568173095584
27817,0.00022088753757998347
27818,0.0002662031620275229
27819,0.0003360066330060363
27820,0.00015741991228424013
27821,0.0002613315300550312
27822,0.0002496640954632312
27823,0.00021811967599205673
27824,0.0002806501870509237
27825,0.0002395263290964067
27826,0.00023127156600821763
27827,0.0002494537038728595
27828,0.00025649581220932305
27829,0.00034999611671082675
27830,0.0002302702487213537
27831,0.0002673991257324815
27832,0.0002913283242378384
27833,0.000201221409952268
27834,0.0002601071901153773
27835,0.0002254737919429317
27836,0.00025044241920113564
27837,0.0002001380198635161
27838,0.0001871012500487268
27839,0.0003268965519964695
27840,0.00022333946253638715
27841,0.00029597783577628434
27842,0.00024137903528753668
27843,0.0002585684705991298
27844,0.00021340764942578971
27845,0.00027048680931329727
27846,0.00022035776055417955
27847,0.0002453328634146601
27848,0.0001726065092952922
27849,0.00021201075287535787
27850,0.00023969964240677655
27851,0.00023186346516013145
27852,0.00026823810185305774
27853,0.0002522766008041799
27854,0.0002670200483407825
27855,0.00029054598417133093
27856,0.00034160929499194026
27857,0.0002320255880476907
27858,0.00020610853971447796
27859,0.00022154959151521325
27860,0.00023168664483819157
27861,0.00024564031627960503
27862,0.0002148677594959736
27863,0.0003208665584679693
27864,0.0002621508901938796
27865,0.0002572718949522823
27866,0.00021347994334064424
27867,0.00028738524997606874
27868,0.00022621038078796118
27869,0.00022252215421758592
27870,0.00022851805260870606
27871,0.0002465016732458025
27872,0.00022603121760766953
27873,0.0003037914866581559
27874,0.00020933966152369976
27875,0.00018531167006585747
27876,0.00027849723119288683
27877,0.00025587616255506873
27878,0.0002949497429654002
27879,0.0002479660324752331
27880,0.0002854843914974481
27881,0.00020285016216803342
27882,0.000330400129314512
27883,0.00028747619944624603
27884,0.0002516787208151072
27885,0.0002449238672852516
27886,0.00020391367434058338
27887,0.00028813889366574585
27888,0.0003127999370917678
27889,0.0003448152565397322
27890,0.0003319338720757514
27891,0.0002893687633331865
27892,0.00019979198987130076
27893,0.00023188140767160803
27894,0.00021415950322989374
27895,0.0002728736726567149
27896,0.0002097442775266245
27897,0.0002796287299133837
27898,0.00022129643184598535
27899,0.00022473126591648906
27900,0.0003127223753836006
27901,0.0002525714517105371
27902,0.00023787585087120533
27903,0.00027608886011876166
27904,0.00024244973610620946
27905,0.0002610221563372761
27906,0.00034471304388716817
27907,0.000216018088394776
27908,0.0002836089988704771
27909,0.00022002230980433524
27910,0.00023646166664548218
27911,0.00023538082314189523
27912,0.00024072769156191498
27913,0.0003044194309040904
27914,0.00025364846806041896
27915,0.0002759603667072952
27916,0.00022933816944714636
27917,0.0003246767446398735
27918,0.0002828636788763106
27919,0.0002249007811769843
27920,0.0002467333397362381
27921,0.0002041605912381783
27922,0.00025785743491724133
27923,0.00029702248866669834
27924,0.00031123211374506354
27925,0.00024873335496522486
27926,0.0002258005551993847
27927,0.00021903679589740932
27928,0.0003139622858725488
27929,0.0002734068548306823
27930,0.0002562615554779768
27931,0.00024015153758227825
27932,0.0002327401889488101
27933,0.00018770054157357663
27934,0.00025167246349155903
27935,0.00025834314874373376
27936,0.0002834192127920687
27937,0.00043356887181289494
27938,0.00025195477064698935
27939,0.0002762358053587377
27940,0.0003585082304198295
27941,0.00020549949840642512
27942,0.00027657393366098404
27943,0.00032483224640600383
27944,0.00023546049487777054
27945,0.00026753745623864233
27946,0.0003481574822217226
27947,0.00022121379151940346
27948,0.0002270036202389747
27949,0.0002425801649224013
27950,0.00018002733122557402
27951,0.0003110209945589304
27952,0.0001956355117727071
27953,0.0002221140603069216
27954,0.00027429015608504415
27955,0.00024186277005355805
27956,0.00026491726748645306
27957,0.00023131159832701087
27958,0.0002794451720546931
27959,0.0002373244788032025
27960,0.0002765239041764289
27961,0.0001961628586286679
27962,0.0002475312794558704
27963,0.0003556761075742543
27964,0.00019505467207636684
27965,0.0003613776352722198
27966,0.000380106212105602
27967,0.00030521335429511964
27968,0.00023454808979295194
27969,0.00018299494695384055
27970,0.00023150123888626695
27971,0.00020860388758592308
27972,0.00021431037748698145
27973,0.00023873595637269318
27974,0.00029288578662090003
27975,0.00023595508537255228
27976,0.0003536694566719234
27977,0.00022131545119918883
27978,0.00025565107353031635
27979,0.00022510784037876874
27980,0.00026613008230924606
27981,0.0003350148326717317
27982,0.00029036152409389615
27983,0.0003316508373245597
27984,0.00019239824905525893
27985,0.000191733444808051
27986,0.00027092540403828025
27987,0.0002935748780146241
27988,0.00021304242545738816
27989,0.0002876974467653781
27990,0.0003424685855861753
27991,0.00034708049497567117
27992,0.0002767589467111975
27993,0.00019970739958807826
27994,0.0003221769875381142
27995,0.00022429927776101977
27996,0.0002489427279215306
27997,0.0002334805321879685
27998,0.00025214924244210124
27999,0.00039069747435860336
28000,0.00029770241235382855
