epoch,loss
1,20.528596878051758
2,5.436275959014893
3,0.5544282793998718
4,0.24245703220367432
5,0.14700782299041748
6,0.13764327764511108
7,0.13501259684562683
8,0.1344846785068512
9,0.1356983333826065
10,0.1382509469985962
11,0.14170455932617188
12,0.14559602737426758
13,0.14945772290229797
14,0.15581656992435455
15,0.16036488115787506
16,0.16224022209644318
17,0.15971794724464417
18,0.15500491857528687
19,0.1524890661239624
20,0.1491837203502655
21,0.14536286890506744
22,0.14128652215003967
23,0.13717615604400635
24,0.13320119678974152
25,0.12947525084018707
26,0.126060351729393
27,0.12297575175762177
28,0.12020882964134216
29,0.1177259013056755
30,0.11548160016536713
31,0.11342630535364151
32,0.11151131242513657
33,0.10969222337007523
34,0.10793080925941467
35,0.10619574040174484
36,0.10446249693632126
37,0.10271290689706802
38,0.10093441605567932
39,0.09911919385194778
40,0.09726331382989883
41,0.09536593407392502
42,0.0934285894036293
43,0.09176944941282272
44,0.09156090766191483
45,0.09165313839912415
46,0.08956388384103775
47,0.08707506954669952
48,0.08650296926498413
49,0.08576062321662903
50,0.08486047387123108
51,0.08381607383489609
52,0.0826415866613388
53,0.08232354372739792
54,0.08383265882730484
55,0.08049791306257248
56,0.08049320429563522
57,0.0802784264087677
58,0.07987677305936813
59,0.07930975407361984
60,0.07859717309474945
61,0.07775704562664032
62,0.07680555433034897
63,0.0764331966638565
64,0.07569214701652527
65,0.07544024288654327
66,0.0750209167599678
67,0.0744519755244255
68,0.07374951243400574
69,0.0729280337691307
70,0.07200053334236145
71,0.07097858190536499
72,0.07305856794118881
73,0.07270397245883942
74,0.07510644197463989
75,0.07711036503314972
76,0.07874622195959091
77,0.08004359900951385
78,0.08103073388338089
79,0.08173421770334244
80,0.0821789801120758
81,0.0823882669210434
82,0.08238377422094345
83,0.08218570053577423
84,0.08181283622980118
85,0.08128271251916885
86,0.08061164617538452
87,0.07981476187705994
88,0.0789060965180397
89,0.07789859920740128
90,0.07680418342351913
91,0.07563374936580658
92,0.07439722120761871
93,0.07310359179973602
94,0.07176093757152557
95,0.07037649303674698
96,0.07962913811206818
97,0.07089968770742416
98,0.07250787317752838
99,0.0738053247332573
100,0.07481531798839569
101,0.07556015253067017
102,0.07606109976768494
103,0.07633844017982483
104,0.07641135901212692
105,0.07629802823066711
106,0.07601548731327057
107,0.07557978481054306
108,0.07500585913658142
109,0.07430762052536011
110,0.07349791377782822
111,0.07258863747119904
112,0.07159065455198288
113,0.07051394134759903
114,0.06936757266521454
115,0.06815978139638901
116,0.06689804047346115
117,0.0655890703201294
118,0.06423894315958023
119,0.06285309046506882
120,0.061436377465724945
121,0.07648679614067078
122,0.06599210947751999
123,0.07134107500314713
124,0.07607079297304153
125,0.08020859956741333
126,0.08377611637115479
127,0.08679139614105225
128,0.08927274495363235
129,0.0912422314286232
130,0.09272818267345428
131,0.09976742416620255
132,0.09555882215499878
133,0.09690272808074951
134,0.0978473350405693
135,0.0984419658780098
136,0.09873337298631668
137,0.09876418858766556
138,0.09857191890478134
139,0.09818881005048752
140,0.0976419448852539
141,0.09695393592119217
142,0.09614349156618118
143,0.09522626549005508
144,0.09421547502279282
145,0.09312258660793304
146,0.09195771813392639
147,0.09073004871606827
148,0.08944808691740036
149,0.08811987936496735
150,0.0867530032992363
151,0.08535472303628922
152,0.08393190801143646
153,0.08249106258153915
154,0.08103827387094498
155,0.07957915961742401
156,0.08016689866781235
157,0.07781416177749634
158,0.07740533351898193
159,0.07690361142158508
160,0.07631916552782059
161,0.07566113024950027
162,0.07493764907121658
163,0.07442023605108261
164,0.07338148355484009
165,0.07255479693412781
166,0.07168207317590714
167,0.07076893746852875
168,0.0698205754160881
169,0.06884182244539261
170,0.06783711910247803
171,0.06763675808906555
172,0.06659047305583954
173,0.06627319753170013
174,0.06586680561304092
175,0.06537909060716629
176,0.06481777131557465
177,0.06475844234228134
178,0.06434506177902222
179,0.06436517089605331
180,0.06426089257001877
181,0.06404265761375427
182,0.06372102349996567
183,0.063306525349617
184,0.06280951201915741
185,0.06223993003368378
186,0.06212194636464119
187,0.061623767018318176
188,0.061326950788497925
189,0.061524875462055206
190,0.061596646904945374
191,0.061563700437545776
192,0.06141166016459465
193,0.06115228310227394
194,0.06079695746302605
195,0.060356590896844864
196,0.059841446578502655
197,0.0627037063241005
198,0.060585539788007736
199,0.061675574630498886
200,0.06254340708255768
201,0.06320244073867798
202,0.0636671856045723
203,0.06395310163497925
204,0.06416076421737671
205,0.06411956995725632
206,0.06402573734521866
207,0.06381068378686905
208,0.063489630818367
209,0.06307680904865265
210,0.06258523464202881
211,0.06202654913067818
212,0.06141095235943794
213,0.06074724718928337
214,0.06004287675023079
215,0.060311414301395416
216,0.058638524264097214
217,0.05793967470526695
218,0.059570781886577606
219,0.057966895401477814
220,0.05855335667729378
221,0.05898188054561615
222,0.05926322191953659
223,0.05940787494182587
224,0.059426311403512955
225,0.05932911857962608
226,0.05918673798441887
227,0.058895815163850784
228,0.058573897927999496
229,0.05817154794931412
230,0.05769878253340721
231,0.05716508626937866
232,0.056732162833213806
233,0.05896828696131706
234,0.05747981742024422
235,0.05854841321706772
236,0.059408314526081085
237,0.06007075682282448
238,0.06054845452308655
239,0.060855548828840256
240,0.06100737676024437
241,0.061020057648420334
242,0.06090985983610153
243,0.06069271266460419
244,0.06038360670208931
245,0.059996262192726135
246,0.05954281985759735
247,0.05939367786049843
248,0.05853600427508354
249,0.05799185112118721
250,0.057407718151807785
251,0.056788861751556396
252,0.05613961070775986
253,0.055545784533023834
254,0.05504060536623001
255,0.05799258127808571
256,0.05600477755069733
257,0.05724311247467995
258,0.05828922986984253
259,0.05914821848273277
260,0.05982566997408867
261,0.06032862886786461
262,0.06066609174013138
263,0.06084918975830078
264,0.06089099496603012
265,0.060805998742580414
266,0.06060950458049774
267,0.06031688675284386
268,0.05994286760687828
269,0.05950101464986801
270,0.05947434529662132
271,0.05851928889751434
272,0.05799064785242081
273,0.05742457136511803
274,0.056826796382665634
275,0.056201811879873276
276,0.05555301532149315
277,0.05488301068544388
278,0.054193753749132156
279,0.054379601031541824
280,0.05358129367232323
281,0.05357714369893074
282,0.05348408967256546
283,0.05331077799201012
284,0.05330967158079147
285,0.05327561870217323
286,0.053379449993371964
287,0.05338431894779205
288,0.05329760164022446
289,0.05312643200159073
290,0.053390443325042725
291,0.05267905443906784
292,0.05286732316017151
293,0.05309779942035675
294,0.05362881347537041
295,0.05421650409698486
296,0.05432748794555664
297,0.05450377240777016
298,0.05455237254500389
299,0.05448479577898979
300,0.05434049293398857
301,0.05420373007655144
302,0.05399823933839798
303,0.053709931671619415
304,0.0533553808927536
305,0.05300557240843773
306,0.052611835300922394
307,0.05615394562482834
308,0.05479862168431282
309,0.057113274931907654
310,0.05914974957704544
311,0.060900602489709854
312,0.06236457824707031
313,0.06354804337024689
314,0.0644652396440506
315,0.06513731181621552
316,0.06559044122695923
317,0.06647218018770218
318,0.06602893024682999
319,0.0660606101155281
320,0.06597254425287247
321,0.06578563153743744
322,0.06551714986562729
323,0.06518065184354782
324,0.06478635221719742
325,0.0643417239189148
326,0.06385216116905212
327,0.06332167983055115
328,0.06275350600481033
329,0.062150534242391586
330,0.061515677720308304
331,0.06169905140995979
332,0.0604102797806263
333,0.05999322235584259
334,0.059584036469459534
335,0.0591643750667572
336,0.059063516557216644
337,0.05846714973449707
338,0.058246925473213196
339,0.05796658247709274
340,0.05759645998477936
341,0.05713985115289688
342,0.05660606920719147
343,0.056008730083703995
344,0.05536358803510666
345,0.05468633770942688
346,0.05941179767251015
347,0.055880915373563766
348,0.057612936943769455
349,0.059147607535123825
350,0.06045254319906235
351,0.06150783970952034
352,0.062308888882398605
353,0.06286615133285522
354,0.06320251524448395
355,0.06334895640611649
356,0.06367816776037216
357,0.06330543756484985
358,0.06316128373146057
359,0.06293005496263504
360,0.06262974441051483
361,0.062273260205984116
362,0.06186891347169876
363,0.061421334743499756
364,0.06093262508511543
365,0.06091488152742386
366,0.06030316650867462
367,0.060110557824373245
368,0.05983499437570572
369,0.05948568135499954
370,0.059071727097034454
371,0.05860196053981781
372,0.05808478221297264
373,0.05752800777554512
374,0.058149587363004684
375,0.05715721845626831
376,0.05728166550397873
377,0.05732076242566109
378,0.05728122591972351
379,0.057168394327163696
380,0.05698687583208084
381,0.056741029024124146
382,0.056435391306877136
383,0.05607488006353378
384,0.05566486343741417
385,0.05521106719970703
386,0.054961517453193665
387,0.05428772419691086
388,0.053819265216588974
389,0.05331825092434883
390,0.05278901383280754
391,0.05223579704761505
392,0.05278734862804413
393,0.05173686146736145
394,0.05183812975883484
395,0.051815155893564224
396,0.05179663375020027
397,0.051705796271562576
398,0.05154874548316002
399,0.05133133381605148
400,0.05111447721719742
401,0.05103328451514244
402,0.051063258200883865
403,0.05103446543216705
404,0.05092862620949745
405,0.05075351893901825
406,0.05083591863512993
407,0.05058181658387184
408,0.05065765231847763
409,0.05072842165827751
410,0.050715379416942596
411,0.05062481015920639
412,0.05046306177973747
413,0.05023663118481636
414,0.049994152039289474
415,0.05094214901328087
416,0.0502326674759388
417,0.05062582716345787
418,0.05089723691344261
419,0.051056962460279465
420,0.051115576177835464
421,0.05108387768268585
422,0.05097243934869766
423,0.051072023808956146
424,0.050641994923353195
425,0.05042681097984314
426,0.05015197768807411
427,0.04982394352555275
428,0.04944910854101181
429,0.04956141114234924
430,0.04874641075730324
431,0.04993007704615593
432,0.04938831925392151
433,0.050098516047000885
434,0.05066407099366188
435,0.051092978566884995
436,0.05139418691396713
437,0.05157768353819847
438,0.051654212176799774
439,0.05163494125008583
440,0.051530953496694565
441,0.05135276913642883
442,0.05125097557902336
443,0.0508992075920105
444,0.05063294991850853
445,0.050316013395786285
446,0.049952663481235504
447,0.04954690486192703
448,0.049102652817964554
449,0.048623863607645035
450,0.04811450093984604
451,0.047923602163791656
452,0.052536044269800186
453,0.04915851727128029
454,0.05086042359471321
455,0.052342839539051056
456,0.053605906665325165
457,0.054653383791446686
458,0.055493760854005814
459,0.05614040046930313
460,0.05661069229245186
461,0.05692450329661369
462,0.05710231140255928
463,0.05716349929571152
464,0.05712512880563736
465,0.05700129643082619
466,0.056803084909915924
467,0.056539010256528854
468,0.05621570348739624
469,0.056609731167554855
470,0.055716488510370255
471,0.05566417798399925
472,0.055651865899562836
473,0.0556291788816452
474,0.05553857982158661
475,0.055331382900476456
476,0.05498109012842178
477,0.05448957160115242
478,0.0538841113448143
479,0.053207360208034515
480,0.05250442400574684
481,0.051812008023262024
482,0.051152244210243225
483,0.05053182691335678
484,0.04994504898786545
485,0.05028238147497177
486,0.04905492812395096
487,0.048719100654125214
488,0.04835100471973419
489,0.050509609282016754
490,0.04876792058348656
491,0.049445174634456635
492,0.0499851368367672
493,0.05040209740400314
494,0.05070672184228897
495,0.050906646996736526
496,0.05100753903388977
497,0.05101446434855461
498,0.05093313381075859
499,0.05077054724097252
500,0.050535183399915695
501,0.05023638904094696
502,0.049883678555488586
503,0.05044608935713768
504,0.04972481355071068
505,0.049860481172800064
506,0.04990348964929581
507,0.050268709659576416
508,0.05143416300415993
509,0.05458011478185654
510,0.05877385661005974
511,0.06291332095861435
512,0.06572102755308151
513,0.0663752630352974
514,0.06492610275745392
515,0.062166064977645874
516,0.05911105498671532
517,0.05652552843093872
518,0.05474661663174629
519,0.05376015603542328
520,0.0533645935356617
521,0.05330869182944298
522,0.05336950346827507
523,0.05422518402338028
524,0.05404986813664436
525,0.054457686841487885
526,0.05459561198949814
527,0.054473672062158585
528,0.05411963537335396
529,0.05357617884874344
530,0.05289649963378906
531,0.05213840305805206
532,0.05135765299201012
533,0.050601597875356674
534,0.04990421235561371
535,0.04928344488143921
536,0.049335580319166183
537,0.048459067940711975
538,0.04818739369511604
539,0.04790128394961357
540,0.04757900536060333
541,0.04865216091275215
542,0.04775623604655266
543,0.04814615100622177
544,0.048376940190792084
545,0.048463158309459686
546,0.048429232090711594
547,0.04830431193113327
548,0.04811696708202362
549,0.047891028225421906
550,0.04850650578737259
551,0.04761173948645592
552,0.04842909425497055
553,0.047561824321746826
554,0.047543615102767944
555,0.04747602716088295
556,0.047356851398944855
557,0.0471845306456089
558,0.046959325671195984
559,0.04695725440979004
560,0.046571798622608185
561,0.04632018133997917
562,0.046117424964904785
563,0.04587024077773094
564,0.04558437690138817
565,0.04549136012792587
566,0.04554397612810135
567,0.045452218502759933
568,0.04564564302563667
569,0.04575132951140404
570,0.04577593505382538
571,0.04572639614343643
572,0.04560991749167442
573,0.04543379321694374
574,0.045205261558294296
575,0.04650432616472244
576,0.04519142955541611
577,0.045598022639751434
578,0.046029362827539444
579,0.04634549468755722
580,0.04643384367227554
581,0.04676946997642517
582,0.046062320470809937
583,0.04679403454065323
584,0.0464775525033474
585,0.04705969616770744
586,0.047494951635599136
587,0.047837693244218826
588,0.04812035709619522
589,0.048353057354688644
590,0.04852936789393425
591,0.048634566366672516
592,0.04865332692861557
593,0.04857514798641205
594,0.04839727282524109
595,0.04812520742416382
596,0.04777159169316292
597,0.04735391587018967
598,0.046891771256923676
599,0.04640405252575874
600,0.04590662568807602
601,0.04869682714343071
602,0.04655143618583679
603,0.04851193726062775
604,0.050949398428201675
605,0.05331655219197273
606,0.05503132566809654
607,0.05569751560688019
608,0.0552530512213707
609,0.05395682156085968
610,0.05286165326833725
611,0.051043443381786346
612,0.05003011226654053
613,0.04932484030723572
614,0.04892951250076294
615,0.04877008497714996
616,0.050641633570194244
617,0.04934220761060715
618,0.04981066286563873
619,0.050115980207920074
620,0.05024378374218941
621,0.05019552260637283
622,0.04998546093702316
623,0.049637094140052795
624,0.04917967692017555
625,0.04864499345421791
626,0.04901248961687088
627,0.047579146921634674
628,0.04708452150225639
629,0.047175876796245575
630,0.04634661227464676
631,0.04711924120783806
632,0.04670606181025505
633,0.04722026735544205
634,0.04760956019163132
635,0.04783749207854271
636,0.047891709953546524
637,0.04778489097952843
638,0.04754858464002609
639,0.04722299054265022
640,0.047000497579574585
641,0.04676224663853645
642,0.04628928378224373
643,0.04599851369857788
644,0.04567927494645119
645,0.04533844441175461
646,0.04547581821680069
647,0.04545360058546066
648,0.04489925131201744
649,0.044882070273160934
650,0.04479670897126198
651,0.044649284332990646
652,0.04454438388347626
653,0.044267646968364716
654,0.04404429718852043
655,0.04524554684758186
656,0.044459547847509384
657,0.045032646507024765
658,0.04548494890332222
659,0.04580726474523544
660,0.04599916189908981
661,0.046070050448179245
662,0.046037279069423676
663,0.04592232406139374
664,0.04574650526046753
665,0.046801574528217316
666,0.04561645910143852
667,0.04565497487783432
668,0.04562460631132126
669,0.04551316425204277
670,0.04531842842698097
671,0.04504840821027756
672,0.04471852630376816
673,0.045111630111932755
674,0.04413047805428505
675,0.04396732151508331
676,0.04372463375329971
677,0.04352017119526863
678,0.04333633929491043
679,0.04316503182053566
680,0.043004460632801056
681,0.04320796951651573
682,0.043136633932590485
683,0.0430745854973793
684,0.04335368424654007
685,0.04352143034338951
686,0.04358036816120148
687,0.04353883117437363
688,0.043409354984760284
689,0.04320641607046127
690,0.04294414818286896
691,0.04265197366476059
692,0.04450817033648491
693,0.04347750172019005
694,0.044442109763622284
695,0.04525386914610863
696,0.045904893428087234
697,0.046394240111112595
698,0.046729374676942825
699,0.04692525044083595
700,0.04700172692537308
701,0.046980224549770355
702,0.047057390213012695
703,0.04700330272316933
704,0.047428153455257416
705,0.04739140346646309
706,0.04762384295463562
707,0.04773121699690819
708,0.04771217331290245
709,0.04757516458630562
710,0.047335777431726456
711,0.047012947499752045
712,0.04662533476948738
713,0.047337375581264496
714,0.04610243812203407
715,0.04597943276166916
716,0.045803286135196686
717,0.04555807635188103
718,0.045234620571136475
719,0.04530534893274307
720,0.04489882290363312
721,0.044883791357278824
722,0.04477296397089958
723,0.044576678425073624
724,0.044313739985227585
725,0.044121455401182175
726,0.04375378414988518
727,0.04379648342728615
728,0.04332618787884712
729,0.04360534995794296
730,0.04355637729167938
731,0.043933503329753876
732,0.04420722275972366
733,0.04435446858406067
734,0.044363610446453094
735,0.044236984103918076
736,0.043989844620227814
737,0.043646231293678284
738,0.0438210628926754
739,0.04298870265483856
740,0.042694997042417526
741,0.043722644448280334
742,0.042641252279281616
743,0.04313432797789574
744,0.043523017317056656
745,0.04390782490372658
746,0.04402954876422882
747,0.04426588490605354
748,0.043683115392923355
749,0.04333517700433731
750,0.042931560426950455
751,0.042537346482276917
752,0.04218478500843048
753,0.04187561944127083
754,0.04432571306824684
755,0.04250999167561531
756,0.04335583373904228
757,0.044101532548666
758,0.04471319541335106
759,0.045414164662361145
760,0.04556172713637352
761,0.04578118026256561
762,0.04582670331001282
763,0.045722585171461105
764,0.045503661036491394
765,0.04520677030086517
766,0.04486355558037758
767,0.045972876250743866
768,0.04528627172112465
769,0.04597979784011841
770,0.04654020816087723
771,0.0469440221786499
772,0.04718274623155594
773,0.04726271331310272
774,0.047202304005622864
775,0.04702707752585411
776,0.04676416143774986
777,0.04643765091896057
778,0.046914491802453995
779,0.04599859192967415
780,0.045937638729810715
781,0.045850321650505066
782,0.04569942131638527
783,0.045455314218997955
784,0.04510437324643135
785,0.044651467353105545
786,0.044116612523794174
787,0.04352792724967003
788,0.043304119259119034
789,0.043179385364055634
790,0.042094405740499496
791,0.04184761643409729
792,0.041623298078775406
793,0.041399091482162476
794,0.04810617119073868
795,0.04399960860610008
796,0.04694773256778717
797,0.04971390590071678
798,0.05202384665608406
799,0.05369915813207626
800,0.05471207574009895
801,0.055179987102746964
802,0.05839125066995621
803,0.056294091045856476
804,0.05745675042271614
805,0.05874241515994072
806,0.06003998965024948
807,0.06120436266064644
808,0.06209772452712059
809,0.06262936443090439
810,0.06277689337730408
811,0.06258206069469452
812,0.06212702766060829
813,0.06744559109210968
814,0.06799214333295822
815,0.0878564789891243
816,0.11529085785150528
817,0.13356027007102966
818,0.13001292943954468
819,0.1104668453335762
820,0.08941155672073364
821,0.075186587870121
822,0.06843655556440353
823,0.06669779866933823
824,0.06745024025440216
825,0.06899324059486389
826,0.07038670033216476
827,0.07119645923376083
828,0.07128100842237473
829,0.07065442949533463
830,0.06940792500972748
831,0.06803521513938904
832,0.0673014372587204
833,0.06544417887926102
834,0.06419821083545685
835,0.06267961114645004
836,0.0609678253531456
837,0.05914408713579178
838,0.059320058673620224
839,0.056915558874607086
840,0.0556308887898922
841,0.05481942370533943
842,0.05400192365050316
843,0.0569244921207428
844,0.053388647735118866
845,0.0537722185254097
846,0.05428009852766991
847,0.054864563047885895
848,0.05545276030898094
849,0.05596066266298294
850,0.056311123073101044
851,0.05645099654793739
852,0.056361809372901917
853,0.056396715342998505
854,0.0558958500623703
855,0.05562489852309227
856,0.055330075323581696
857,0.05497526377439499
858,0.05459943041205406
859,0.054225724190473557
860,0.05386272445321083
861,0.05350806564092636
862,0.05315278843045235
863,0.05278545245528221
864,0.052395232021808624
865,0.05197395384311676
866,0.05151716619729996
867,0.05116778612136841
868,0.050662655383348465
869,0.05082440376281738
870,0.05012144148349762
871,0.04990017041563988
872,0.04970671236515045
873,0.049446992576122284
874,0.04912753403186798
875,0.04875832796096802
876,0.04866613447666168
877,0.04805935546755791
878,0.04772249609231949
879,0.048417460173368454
880,0.04733587056398392
881,0.04727087914943695
882,0.04715437442064285
883,0.04698937013745308
884,0.048043638467788696
885,0.04710385948419571
886,0.04746503010392189
887,0.04834599420428276
888,0.04793373867869377
889,0.04793933033943176
890,0.04784673452377319
891,0.04768219217658043
892,0.047473058104515076
893,0.047242943197488785
894,0.04700856655836105
895,0.0489051379263401
896,0.04710277542471886
897,0.04748549684882164
898,0.047880709171295166
899,0.04823555797338486
900,0.04850154370069504
901,0.04864509031176567
902,0.048653967678546906
903,0.04853755980730057
904,0.048321280628442764
905,0.048037901520729065
906,0.047718875110149384
907,0.04738833010196686
908,0.047060489654541016
909,0.04674012213945389
910,0.04642491042613983
911,0.04610845446586609
912,0.04578309506177902
913,0.0454421229660511
914,0.04612535610795021
915,0.04501059651374817
916,0.04493045434355736
917,0.04539214074611664
918,0.044923797249794006
919,0.04498482868075371
920,0.044977348297834396
921,0.044880080968141556
922,0.04506995901465416
923,0.044680580496788025
924,0.04462060332298279
925,0.04451515153050423
926,0.044421907514333725
927,0.04435084015130997
928,0.04428064823150635
929,0.04434863477945328
930,0.04414351284503937
931,0.04406487196683884
932,0.04393390193581581
933,0.04376349598169327
934,0.04371585324406624
935,0.04346371442079544
936,0.04333388805389404
937,0.04346024617552757
938,0.04308192804455757
939,0.04317644611001015
940,0.042994413524866104
941,0.04300302267074585
942,0.0433221310377121
943,0.04308824613690376
944,0.043123431503772736
945,0.04308862239122391
946,0.044298216700553894
947,0.04375194385647774
948,0.04478295147418976
949,0.045855049043893814
950,0.04672345146536827
951,0.04720732197165489
952,0.047256480902433395
953,0.047050200402736664
954,0.046626195311546326
955,0.04626711457967758
956,0.04602837190032005
957,0.04588301479816437
958,0.046050213277339935
959,0.046378664672374725
960,0.04630274325609207
961,0.04609992727637291
962,0.04612022638320923
963,0.046034906059503555
964,0.04588954523205757
965,0.04571610316634178
966,0.04537968337535858
967,0.04510030522942543
968,0.04479718580842018
969,0.044484999030828476
970,0.04417251795530319
971,0.04386255517601967
972,0.04355306550860405
973,0.04386672377586365
974,0.04354056715965271
975,0.04365825653076172
976,0.043485939502716064
977,0.043605737388134
978,0.043705254793167114
979,0.04369677975773811
980,0.04359181970357895
981,0.043414078652858734
982,0.04319172352552414
983,0.042950209230184555
984,0.04270745813846588
985,0.042797382920980453
986,0.04251210018992424
987,0.04238493740558624
988,0.042354483157396317
989,0.042284704744815826
990,0.04291209205985069
991,0.04221617057919502
992,0.042280424386262894
993,0.044875264167785645
994,0.04355143755674362
995,0.04515744745731354
996,0.04679429158568382
997,0.04807630181312561
998,0.04873617738485336
999,0.04872697964310646
1000,0.048784561455249786
1001,0.04788321629166603
1002,0.0474257729947567
1003,0.047033000737428665
1004,0.0467974953353405
1005,0.046724483370780945
1006,0.04676312580704689
1007,0.04684041440486908
1008,0.046886179596185684
1009,0.04684726148843765
1010,0.046693019568920135
1011,0.04641519486904144
1012,0.04602465778589249
1013,0.04595927521586418
1014,0.04544634371995926
1015,0.044749997556209564
1016,0.04443015903234482
1017,0.04528898373246193
1018,0.045046545565128326
1019,0.046656589955091476
1020,0.048385076224803925
1021,0.04964016005396843
1022,0.050069648772478104
1023,0.04966164380311966
1024,0.04868071898818016
1025,0.047502387315034866
1026,0.047275032848119736
1027,0.0467359721660614
1028,0.04596022143959999
1029,0.046000007539987564
1030,0.04608229920268059
1031,0.04617178067564964
1032,0.04623137041926384
1033,0.046231575310230255
1034,0.04615465924143791
1035,0.04599510878324509
1036,0.04579071328043938
1037,0.0455520935356617
1038,0.04528842866420746
1039,0.04498786851763725
1040,0.04466944932937622
1041,0.044348228722810745
1042,0.04403407871723175
1043,0.04393796622753143
1044,0.043565843254327774
1045,0.043528780341148376
1046,0.04331305995583534
1047,0.04321032762527466
1048,0.04308902844786644
1049,0.04294734448194504
1050,0.04278261214494705
1051,0.04419097676873207
1052,0.04279671609401703
1053,0.042997781187295914
1054,0.04317759722471237
1055,0.04331347718834877
1056,0.043385159224271774
1057,0.04338056594133377
1058,0.043853458017110825
1059,0.04357833415269852
1060,0.043780550360679626
1061,0.04388469085097313
1062,0.04388820752501488
1063,0.04380393400788307
1064,0.043654054403305054
1065,0.043462857604026794
1066,0.0432504266500473
1067,0.04302899166941643
1068,0.04280219227075577
1069,0.04256679490208626
1070,0.04231564700603485
1071,0.04204089939594269
1072,0.041796013712882996
1073,0.041743241250514984
1074,0.04121015965938568
1075,0.04095572605729103
1076,0.04161582514643669
1077,0.0409243144094944
1078,0.04075971245765686
1079,0.0409037247300148
1080,0.041012536734342575
1081,0.041318781673908234
1082,0.041345346719026566
1083,0.04174871742725372
1084,0.041968684643507004
1085,0.042225562036037445
1086,0.04232357069849968
1087,0.04227466508746147
1088,0.04217666760087013
1089,0.042003728449344635
1090,0.04185381159186363
1091,0.042218953371047974
1092,0.041847169399261475
1093,0.04192853718996048
1094,0.04195345938205719
1095,0.041923411190509796
1096,0.041839249432086945
1097,0.04187638312578201
1098,0.041786257177591324
1099,0.04171966016292572
1100,0.041417840868234634
1101,0.04139230400323868
1102,0.041365668177604675
1103,0.041514649987220764
1104,0.0416431650519371
1105,0.04168177396059036
1106,0.04161997139453888
1107,0.04146558418869972
1108,0.041239894926548004
1109,0.04096973314881325
1110,0.040853351354599
1111,0.040825702250003815
1112,0.04036279022693634
1113,0.04024626314640045
1114,0.04010118916630745
1115,0.04022302106022835
1116,0.03990079089999199
1117,0.03981796279549599
1118,0.039729680866003036
1119,0.03971482440829277
1120,0.03964602202177048
1121,0.03964093700051308
1122,0.03963201493024826
1123,0.03961532935500145
1124,0.039576828479766846
1125,0.03982946649193764
1126,0.039561882615089417
1127,0.03960079327225685
1128,0.03956398740410805
1129,0.039591558277606964
1130,0.03959808871150017
1131,0.03942326456308365
1132,0.03938307985663414
1133,0.03928646817803383
1134,0.04048125818371773
1135,0.03988024219870567
1136,0.0405738465487957
1137,0.04116426408290863
1138,0.04160808399319649
1139,0.0418919175863266
1140,0.042028237134218216
1141,0.042319994419813156
1142,0.04210691899061203
1143,0.042081382125616074
1144,0.041991692036390305
1145,0.04185452312231064
1146,0.041679754853248596
1147,0.04156620055437088
1148,0.04134072735905647
1149,0.041539762169122696
1150,0.04113372415304184
1151,0.04108254611492157
1152,0.04103418439626694
1153,0.04094609245657921
1154,0.04080652445554733
1155,0.04060927405953407
1156,0.04035567864775658
1157,0.04005434364080429
1158,0.0397188737988472
1159,0.03953797370195389
1160,0.03937526419758797
1161,0.04161984845995903
1162,0.0399031825363636
1163,0.04111122712492943
1164,0.04232131317257881
1165,0.04329192265868187
1166,0.04452674090862274
1167,0.04457194358110428
1168,0.04487009719014168
1169,0.04484483599662781
1170,0.04465408995747566
1171,0.04444737732410431
1172,0.044656913727521896
1173,0.04437248408794403
1174,0.044502757489681244
1175,0.04632848873734474
1176,0.04502399265766144
1177,0.04531988501548767
1178,0.04811960831284523
1179,0.045713383704423904
1180,0.046850770711898804
1181,0.04841773211956024
1182,0.05033200606703758
1183,0.050922244787216187
1184,0.05079049989581108
1185,0.05039152875542641
1186,0.04977560043334961
1187,0.04914393648505211
1188,0.04867713153362274
1189,0.04848248139023781
1190,0.04855344444513321
1191,0.0487656332552433
1192,0.04892416298389435
1193,0.048848774284124374
1194,0.048453666269779205
1195,0.04777681455016136
1196,0.046945907175540924
1197,0.05598159506917
1198,0.047593582421541214
1199,0.05027616769075394
1200,0.05372927337884903
1201,0.057180993258953094
1202,0.059763625264167786
1203,0.06096021085977554
1204,0.06088123470544815
1205,0.06395226716995239
1206,0.060227684676647186
1207,0.06057264655828476
1208,0.061222150921821594
1209,0.06205233186483383
1210,0.06285106390714645
1211,0.06342989206314087
1212,0.06368525326251984
1213,0.06360474228858948
1214,0.06323883682489395
1215,0.06266389787197113
1216,0.06195399537682533
1217,0.06116727739572525
1218,0.060344282537698746
1219,0.05951213091611862
1220,0.06205912306904793
1221,0.05810648202896118
1222,0.057714417576789856
1223,0.05746259167790413
1224,0.0572720505297184
1225,0.05705960839986801
1226,0.056760720908641815
1227,0.05634377896785736
1228,0.055812232196331024
1229,0.05519583821296692
1230,0.05453614145517349
1231,0.05387234315276146
1232,0.053231801837682724
1233,0.05262647941708565
1234,0.05205463990569115
1235,0.05150538682937622
1236,0.05096416175365448
1237,0.050417449325323105
1238,0.049856036901474
1239,0.049276549369096756
1240,0.04868139699101448
1241,0.0480775460600853
1242,0.04747457429766655
1243,0.04688239470124245
1244,0.046309228986501694
1245,0.0457601472735405
1246,0.045236438512802124
1247,0.044735945761203766
1248,0.04425417259335518
1249,0.04541446268558502
1250,0.04380200803279877
1251,0.043904390186071396
1252,0.04402453452348709
1253,0.04434903711080551
1254,0.04437477886676788
1255,0.04451119527220726
1256,0.044478967785835266
1257,0.04428882524371147
1258,0.04398300126194954
1259,0.043618764728307724
1260,0.04334312677383423
1261,0.043214499950408936
1262,0.04315205290913582
1263,0.04307356849312782
1264,0.04298008605837822
1265,0.04286643862724304
1266,0.04282364621758461
1267,0.04259787127375603
1268,0.042438242584466934
1269,0.042253199964761734
1270,0.04204804077744484
1271,0.04199610650539398
1272,0.041708845645189285
1273,0.04156859591603279
1274,0.04140261933207512
1275,0.04140525683760643
1276,0.041308674961328506
1277,0.041383177042007446
1278,0.041386500000953674
1279,0.04129109904170036
1280,0.04109427332878113
1281,0.04117391258478165
1282,0.0406511053442955
1283,0.04109656810760498
1284,0.04050352796912193
1285,0.04049478471279144
1286,0.040434371680021286
1287,0.04099403694272041
1288,0.040446676313877106
1289,0.04071768373250961
1290,0.04091206192970276
1291,0.04100453108549118
1292,0.04099112004041672
1293,0.040886834263801575
1294,0.04071884974837303
1295,0.040517136454582214
1296,0.04093058407306671
1297,0.040256962180137634
1298,0.040184136480093
1299,0.04019586741924286
1300,0.04018357768654823
1301,0.03997763991355896
1302,0.039901115000247955
1303,0.03979526460170746
1304,0.03966144472360611
1305,0.0395006388425827
1306,0.03931409493088722
1307,0.04043908044695854
1308,0.039670493453741074
1309,0.04079808294773102
1310,0.041386548429727554
1311,0.04236492142081261
1312,0.0429888591170311
1313,0.04342168569564819
1314,0.04355098679661751
1315,0.0434408001601696
1316,0.04566223546862602
1317,0.04574771970510483
1318,0.05140259861946106
1319,0.05844198167324066
1320,0.05460868030786514
1321,0.05260704830288887
1322,0.05129893124103546
1323,0.05083971470594406
1324,0.05093808099627495
1325,0.05161536857485771
1326,0.05268416181206703
1327,0.05388064682483673
1328,0.0549650602042675
1329,0.05577130988240242
1330,0.05621772259473801
1331,0.05629736930131912
1332,0.05606082081794739
1333,0.05559711158275604
1334,0.05501418560743332
1335,0.05441868305206299
1336,0.053895775228738785
1337,0.05349215865135193
1338,0.053207267075777054
1339,0.05299750715494156
1340,0.052794165909290314
1341,0.052529510110616684
1342,0.05216059461236
1343,0.05168089643120766
1344,0.05111633986234665
1345,0.050510283559560776
1346,0.050023190677165985
1347,0.04998984932899475
1348,0.049241553992033005
1349,0.04907616600394249
1350,0.04888100549578667
1351,0.04866033047437668
1352,0.048419345170259476
1353,0.04816310480237007
1354,0.047895729541778564
1355,0.04762008786201477
1356,0.0473378449678421
1357,0.047049716114997864
1358,0.046755898743867874
1359,0.04645637422800064
1360,0.04615122079849243
1361,0.0458407886326313
1362,0.045525722205638885
1363,0.04520696401596069
1364,0.04606989398598671
1365,0.044709596782922745
1366,0.044517483562231064
1367,0.04431132599711418
1368,0.04409287869930267
1369,0.04386363923549652
1370,0.044182371348142624
1371,0.043642837554216385
1372,0.04364145174622536
1373,0.04361274465918541
1374,0.04354984685778618
1375,0.04344892129302025
1376,0.043540943413972855
1377,0.04320785030722618
1378,0.04306982085108757
1379,0.04290280491113663
1380,0.042714543640613556
1381,0.042512327432632446
1382,0.042301956564188004
1383,0.04215966910123825
1384,0.041944656521081924
1385,0.0419035479426384
1386,0.041684724390506744
1387,0.04156527668237686
1388,0.04163682460784912
1389,0.04154504835605621
1390,0.041327424347400665
1391,0.04127369076013565
1392,0.04119664058089256
1393,0.041098661720752716
1394,0.04098142310976982
1395,0.0408460833132267
1396,0.040693625807762146
1397,0.04052510857582092
1398,0.04043244197964668
1399,0.04027866572141647
1400,0.04019562155008316
1401,0.040476590394973755
1402,0.040841907262802124
1403,0.0405406579375267
1404,0.04072856158018112
1405,0.040854960680007935
1406,0.04091976583003998
1407,0.04092881828546524
1408,0.04145342856645584
1409,0.041084207594394684
1410,0.04122800752520561
1411,0.04131980240345001
1412,0.041360240429639816
1413,0.04135303199291229
1414,0.041303571313619614
1415,0.04121766611933708
1416,0.0411006398499012
1417,0.04095681756734848
1418,0.0407894067466259
1419,0.04060067608952522
1420,0.04039228707551956
1421,0.04016563296318054
1422,0.03992213308811188
1423,0.0396634079515934
1424,0.04046154022216797
1425,0.03947347030043602
1426,0.039535798132419586
1427,0.03957337513566017
1428,0.03969312459230423
1429,0.04094701260328293
1430,0.04003288969397545
1431,0.04053577408194542
1432,0.041009288281202316
1433,0.041334379464387894
1434,0.04144810512661934
1435,0.04136163741350174
1436,0.04114527255296707
1437,0.040891021490097046
1438,0.041072603315114975
1439,0.0423089824616909
1440,0.04125090688467026
1441,0.041500478982925415
1442,0.04184669628739357
1443,0.042083702981472015
1444,0.0422123558819294
1445,0.0422445572912693
1446,0.04219919815659523
1447,0.0420968160033226
1448,0.04195505008101463
1449,0.04178608953952789
1450,0.04159639775753021
1451,0.04138796404004097
1452,0.041245926171541214
1453,0.040925778448581696
1454,0.04066845774650574
1455,0.040685251355171204
1456,0.04019131511449814
1457,0.03994991257786751
1458,0.039753179997205734
1459,0.03971037268638611
1460,0.03943699598312378
1461,0.039313025772571564
1462,0.03917783498764038
1463,0.03902348875999451
1464,0.038845036178827286
1465,0.03864150121808052
1466,0.03841565549373627
1467,0.03833472356200218
1468,0.03827643766999245
1469,0.038007352501153946
1470,0.03792732581496239
1471,0.037837352603673935
1472,0.037734273821115494
1473,0.03761376813054085
1474,0.037763811647892
1475,0.037446536123752594
1476,0.038649782538414
1477,0.03792307898402214
1478,0.038466136902570724
1479,0.04010969400405884
1480,0.04023650661110878
1481,0.04153328016400337
1482,0.042500853538513184
1483,0.04291343688964844
1484,0.04276394471526146
1485,0.04223843663930893
1486,0.04160105809569359
1487,0.041242584586143494
1488,0.04083454608917236
1489,0.04081427678465843
1490,0.04142702743411064
1491,0.041217148303985596
1492,0.0414239801466465
1493,0.04153420403599739
1494,0.041541144251823425
1495,0.0414542555809021
1496,0.04129422456026077
1497,0.04108726233243942
1498,0.040859404951334
1499,0.040631577372550964
1500,0.040416229516267776
1501,0.04021615535020828
1502,0.04002562537789345
1503,0.04116608574986458
1504,0.04016944020986557
1505,0.040491439402103424
1506,0.04074404761195183
1507,0.04089139401912689
1508,0.04092468321323395
1509,0.04085979983210564
1510,0.0434415340423584
1511,0.0410335510969162
1512,0.0412604920566082
1513,0.04139745980501175
1514,0.04144718870520592
1515,0.04142262041568756
1516,0.04134141653776169
1517,0.04122082516551018
1518,0.04107416421175003
1519,0.04090959206223488
1520,0.040730614215135574
1521,0.04053761810064316
1522,0.0403296984732151
1523,0.04046398028731346
1524,0.04093293100595474
1525,0.04022640362381935
1526,0.040377646684646606
1527,0.04048049822449684
1528,0.040529731661081314
1529,0.040528442710638046
1530,0.04048464819788933
1531,0.04040754586458206
1532,0.04030439257621765
1533,0.04017859324812889
1534,0.04002941772341728
1535,0.039853256195783615
1536,0.0416562482714653
1537,0.04016318544745445
1538,0.0407351516187191
1539,0.04118279740214348
1540,0.04138949140906334
1541,0.041304443031549454
1542,0.041006237268447876
1543,0.040597882121801376
1544,0.04019289091229439
1545,0.03986233472824097
1546,0.039624523371458054
1547,0.039456747472286224
1548,0.03931610286235809
1549,0.039158761501312256
1550,0.038952745497226715
1551,0.03868354484438896
1552,0.038500040769577026
1553,0.03809302672743797
1554,0.037823859602212906
1555,0.03763166069984436
1556,0.03739441931247711
1557,0.03727516159415245
1558,0.037205878645181656
1559,0.03712362423539162
1560,0.0369916707277298
1561,0.03678952157497406
1562,0.03651811182498932
1563,0.05490824580192566
1564,0.06028880178928375
1565,0.11724762618541718
1566,0.11112771183252335
1567,0.12511424720287323
1568,0.1255016177892685
1569,0.11407461762428284
1570,0.09921087324619293
1571,0.08779055625200272
1572,0.2299571931362152
1573,0.09989017993211746
1574,0.11775821447372437
1575,0.1301233023405075
1576,0.1338144689798355
1577,0.1301586627960205
1578,0.12350796908140182
1579,0.11778431385755539
1580,0.1147032156586647
1581,0.11415842920541763
1582,0.11525994539260864
1583,0.11704541742801666
1584,0.11875959485769272
1585,0.11989492177963257
1586,0.12015025317668915
1587,0.11937904357910156
1588,0.11754830926656723
1589,0.11471143364906311
1590,0.11099131405353546
1591,0.10657047480344772
1592,0.1016828790307045
1593,0.09660185128450394
1594,0.09161650389432907
1595,0.08915673941373825
1596,0.08499874919652939
1597,0.0815010666847229
1598,0.07966593652963638
1599,0.0779518261551857
1600,0.07614051550626755
1601,0.07404918968677521
1602,0.07158514857292175
1603,0.06875904649496078
1604,0.1695164442062378
1605,0.08780865371227264
1606,0.1118178740143776
1607,0.1313706934452057
1608,0.14202292263507843
1609,0.1433393508195877
1610,0.13810117542743683
1611,0.13006265461444855
1612,0.12212102115154266
1613,0.11573050916194916
1614,0.1112024262547493
1615,0.10824088752269745
1616,0.10635291039943695
1617,0.10506665706634521
1618,0.10401399433612823
1619,0.10294439643621445
1620,0.10171306133270264
1621,0.10026315599679947
1622,0.09860783070325851
1623,0.09947439283132553
1624,0.09588898718357086
1625,0.09500568360090256
1626,0.094215527176857
1627,0.09352470189332962
1628,0.0928998813033104
1629,0.09228215366601944
1630,0.09160476177930832
1631,0.09081092476844788
1632,0.08986645191907883
1633,0.08876381069421768
1634,0.0875178873538971
1635,0.08615634590387344
1636,0.08470935374498367
1637,0.08320228010416031
1638,0.08165235072374344
1639,0.0800691619515419
1640,0.07845699787139893
1641,0.07681791484355927
1642,0.07515431195497513
1643,0.0734705999493599
1644,0.07177410274744034
1645,0.07727234810590744
1646,0.07095745205879211
1647,0.07164851576089859
1648,0.07212390750646591
1649,0.07236922532320023
1650,0.07237954437732697
1651,0.07216012477874756
1652,0.07172644138336182
1653,0.07110298424959183
1654,0.07032036036252975
1655,0.06941189616918564
1656,0.06840992718935013
1657,0.06734293699264526
1658,0.06623375415802002
1659,0.06509892642498016
1660,0.06394898146390915
1661,0.06278941035270691
1662,0.06162185221910477
1663,0.06118335574865341
1664,0.05998925864696503
1665,0.05946820601820946
1666,0.0588819794356823
1667,0.058227747678756714
1668,0.05750206857919693
1669,0.05670240893959999
1670,0.06587935239076614
1671,0.06095128506422043
1672,0.06607519835233688
1673,0.07084274291992188
1674,0.07492368668317795
1675,0.07807604968547821
1676,0.08020161092281342
1677,0.08135708421468735
1678,0.08171547204256058
1679,0.08150193840265274
1680,0.08093500882387161
1681,0.08019140362739563
1682,0.07939483970403671
1683,0.07862051576375961
1684,0.07790593802928925
1685,0.0772625058889389
1686,0.07668524235486984
1687,0.07616017758846283
1688,0.0756695568561554
1689,0.07519526779651642
1690,0.07472091913223267
1691,0.07423301786184311
1692,0.07372135668992996
1693,0.07317903637886047
1694,0.07260210812091827
1695,0.07198914140462875
1696,0.0713406354188919
1697,0.07065848261117935
1698,0.06994549930095673
1699,0.06920494139194489
1700,0.0684402734041214
1701,0.06765496730804443
1702,0.0668523907661438
1703,0.06603588908910751
1704,0.06520882248878479
1705,0.06437475979328156
1706,0.06353747844696045
1707,0.0627010241150856
1708,0.06186966598033905
1709,0.06104765832424164
1710,0.060238976031541824
1711,0.059446919709444046
1712,0.058673642575740814
1713,0.057919714599847794
1714,0.05718383565545082
1715,0.05646265298128128
1716,0.05575108900666237
1717,0.055042799562215805
1718,0.05433116853237152
1719,0.053610287606716156
1720,0.052876029163599014
1721,0.052126720547676086
1722,0.051363423466682434
1723,0.05058969184756279
1724,0.05150829628109932
1725,0.04999222606420517
1726,0.049409154802560806
1727,0.04922078549861908
1728,0.04896548390388489
1729,0.0486462339758873
1730,0.048269517719745636
1731,0.047844238579273224
1732,0.04738051816821098
1733,0.04688846319913864
1734,0.04637724533677101
1735,0.04781067371368408
1736,0.046757303178310394
1737,0.047560807317495346
1738,0.048246026039123535
1739,0.048807598650455475
1740,0.04924711957573891
1741,0.04956987127661705
1742,0.04978340491652489
1743,0.0498967207968235
1744,0.049919746816158295
1745,0.049862708896398544
1746,0.04973560944199562
1747,0.04954763129353523
1748,0.049306731671094894
1749,0.049019474536180496
1750,0.048691026866436005
1751,0.04832536727190018
1752,0.04792556166648865
1753,0.047494158148765564
1754,0.04703351482748985
1755,0.0465460829436779
1756,0.04603453725576401
1757,0.04550192132592201
1758,0.044951606541872025
1759,0.049958236515522
1760,0.04604822397232056
1761,0.04797633737325668
1762,0.04996423050761223
1763,0.05179818719625473
1764,0.05330689623951912
1765,0.05439571291208267
1766,0.0550546869635582
1767,0.055340927094221115
1768,0.05534681677818298
1769,0.05516810715198517
1770,0.05488194525241852
1771,0.05453762784600258
1772,0.05415770784020424
1773,0.053745172917842865
1774,0.05329245328903198
1775,0.05278962850570679
1776,0.05223040655255318
1777,0.051615454256534576
1778,0.05095324665307999
1779,0.054203100502491
1780,0.05093131214380264
1781,0.051497865468263626
1782,0.051868390291929245
1783,0.05200005695223808
1784,0.051891226321458817
1785,0.05254532769322395
1786,0.051756083965301514
1787,0.0518357940018177
1788,0.051866285502910614
1789,0.05188724398612976
1790,0.05191520228981972
1791,0.05194178223609924
1792,0.05193879455327988
1793,0.051868874579668045
1794,0.05169856175780296
1795,0.05140943080186844
1796,0.05100348964333534
1797,0.05050152912735939
1798,0.049935922026634216
1799,0.04934128373861313
1800,0.04874642193317413
1801,0.04816984012722969
1802,0.047618988901376724
1803,0.04735305905342102
1804,0.047799743711948395
1805,0.04709871858358383
1806,0.04752258211374283
1807,0.04785974323749542
1808,0.04802999272942543
1809,0.04819243401288986
1810,0.048256441950798035
1811,0.04834994301199913
1812,0.04832638427615166
1813,0.04823915660381317
1814,0.04813427850604057
1815,0.04804182052612305
1816,0.04797108843922615
1817,0.047910697758197784
1818,0.04783410578966141
1819,0.0477091483771801
1820,0.04750889167189598
1821,0.047220099717378616
1822,0.046846654266119
1823,0.04640711843967438
1824,0.04592828452587128
1825,0.045437347143888474
1826,0.045047108083963394
1827,0.045473095029592514
1828,0.04462837800383568
1829,0.044774848967790604
1830,0.04491574317216873
1831,0.04499005153775215
1832,0.044959068298339844
1833,0.04480789974331856
1834,0.04454292729496956
1835,0.044186826795339584
1836,0.04857642948627472
1837,0.04431851580739021
1838,0.0449494868516922
1839,0.045617569237947464
1840,0.046268660575151443
1841,0.046843186020851135
1842,0.04728759080171585
1843,0.04756821319460869
1844,0.04767976328730583
1845,0.04764450341463089
1846,0.04750287905335426
1847,0.04730016738176346
1848,0.047074586153030396
1849,0.0468502901494503
1850,0.04686291143298149
1851,0.04660017415881157
1852,0.0465492345392704
1853,0.04646891728043556
1854,0.04634746536612511
1855,0.04617864638566971
1856,0.04596279561519623
1857,0.045883286744356155
1858,0.04567110911011696
1859,0.04552004113793373
1860,0.04538022726774216
1861,0.045193810015916824
1862,0.04507953301072121
1863,0.04491380602121353
1864,0.04481064900755882
1865,0.044668663293123245
1866,0.044495392590761185
1867,0.04429813101887703
1868,0.04408733919262886
1869,0.04393991082906723
1870,0.04375694319605827
1871,0.04364102706313133
1872,0.04349491745233536
1873,0.04337756335735321
1874,0.04323358088731766
1875,0.04306581988930702
1876,0.042877353727817535
1877,0.04267137497663498
1878,0.04255101829767227
1879,0.04236819967627525
1880,0.0422578901052475
1881,0.04212161898612976
1882,0.041961751878261566
1883,0.04180788993835449
1884,0.04169566184282303
1885,0.04154215380549431
1886,0.04143115505576134
1887,0.04129345715045929
1888,0.04125991836190224
1889,0.0410895012319088
1890,0.04101646691560745
1891,0.04091523215174675
1892,0.04078955948352814
1893,0.04064304754137993
1894,0.04286664351820946
1895,0.04107487574219704
1896,0.04171366989612579
1897,0.04230204597115517
1898,0.04275897890329361
1899,0.04303932934999466
1900,0.04314334690570831
1901,0.04310913383960724
1902,0.04303939640522003
1903,0.04290744289755821
1904,0.04285315424203873
1905,0.04283205419778824
1906,0.042825113981962204
1907,0.0428052581846714
1908,0.04289183393120766
1909,0.042996350675821304
1910,0.04304104670882225
1911,0.04321371018886566
1912,0.04325518384575844
1913,0.04317604750394821
1914,0.0430070236325264
1915,0.042788855731487274
1916,0.042561665177345276
1917,0.0423554889857769
1918,0.04218393564224243
1919,0.04204263538122177
1920,0.041913073509931564
1921,0.04195282980799675
1922,0.041934944689273834
1923,0.04154036194086075
1924,0.04133082553744316
1925,0.04120456427335739
1926,0.04108709841966629
1927,0.041098881512880325
1928,0.04096309840679169
1929,0.04091964662075043
1930,0.04083383083343506
1931,0.04070577025413513
1932,0.040540825575590134
1933,0.040347855538129807
1934,0.04013679549098015
1935,0.03997696563601494
1936,0.039798736572265625
1937,0.03966321796178818
1938,0.03957391902804375
1939,0.03942941129207611
1940,0.0393199548125267
1941,0.03918471559882164
1942,0.039095859974622726
1943,0.03896568715572357
1944,0.03879775106906891
1945,0.03868360072374344
1946,0.03899751976132393
1947,0.03865697234869003
1948,0.03873826563358307
1949,0.03883109241724014
1950,0.038867417722940445
1951,0.03890709578990936
1952,0.03891533985733986
1953,0.038881562650203705
1954,0.0388115756213665
1955,0.03871135041117668
1956,0.0387377068400383
1957,0.03863503411412239
1958,0.03850729390978813
1959,0.0384601354598999
1960,0.038377922028303146
1961,0.03837702423334122
1962,0.038412123918533325
1963,0.0385100394487381
1964,0.03855348378419876
1965,0.03854497894644737
1966,0.038490522652864456
1967,0.03839758411049843
1968,0.03827328979969025
1969,0.038123272359371185
1970,0.03795132786035538
1971,0.03792769834399223
1972,0.038151584565639496
1973,0.03855215385556221
1974,0.038873933255672455
1975,0.039058104157447815
1976,0.039158545434474945
1977,0.039039481431245804
1978,0.03895575925707817
1979,0.03888840973377228
1980,0.03885520249605179
1981,0.038901764899492264
1982,0.03894447535276413
1983,0.038934435695409775
1984,0.03893261402845383
1985,0.0389019250869751
1986,0.038899846374988556
1987,0.038688838481903076
1988,0.038583774119615555
1989,0.03845326974987984
1990,0.03832485154271126
1991,0.03820870816707611
1992,0.03809691593050957
1993,0.03925207257270813
1994,0.039203010499477386
1995,0.041226569563150406
1996,0.04325989633798599
1997,0.044867824763059616
1998,0.04588666930794716
1999,0.04634120315313339
2000,0.046374060213565826
2001,0.04656234756112099
2002,0.04613662511110306
2003,0.04627503082156181
2004,0.04658609628677368
2005,0.04694308713078499
2006,0.04717117175459862
2007,0.04781268164515495
2008,0.04713219776749611
2009,0.04691947624087334
2010,0.04648726060986519
2011,0.04592069983482361
2012,0.04532228037714958
2013,0.04976417496800423
2014,0.047506872564554214
2015,0.050990030169487
2016,0.05405396968126297
2017,0.05573161318898201
2018,0.055662527680397034
2019,0.054187022149562836
2020,0.052056461572647095
2021,0.050010159611701965
2022,0.04849930480122566
2023,0.04764050245285034
2024,0.04731554538011551
2025,0.047304585576057434
2026,0.04738860949873924
2027,0.04740627110004425
2028,0.04727398604154587
2029,0.046982575207948685
2030,0.04658013954758644
2031,0.046147026121616364
2032,0.04576699808239937
2033,0.045499444007873535
2034,0.0453592985868454
2035,0.045311979949474335
2036,0.04528716206550598
2037,0.045207370072603226
2038,0.04501943662762642
2039,0.04577936977148056
2040,0.04484590142965317
2041,0.04490293562412262
2042,0.04486368969082832
2043,0.044760171324014664
2044,0.04464883357286453
2045,0.04457790404558182
2046,0.044566959142684937
2047,0.044603899121284485
2048,0.0446549691259861
2049,0.044679734855890274
2050,0.04464458301663399
2051,0.04453115165233612
2052,0.04433918744325638
2053,0.04408460855484009
2054,0.04379413276910782
2055,0.04349812492728233
2056,0.04577982425689697
2057,0.04429778456687927
2058,0.045554231852293015
2059,0.046721797436475754
2060,0.04763215780258179
2061,0.04821446165442467
2062,0.04847745969891548
2063,0.048486240208148956
2064,0.048336341977119446
2065,0.0481271967291832
2066,0.04793771356344223
2067,0.04780900478363037
2068,0.04773943871259689
2069,0.0476943664252758
2070,0.04762726277112961
2071,0.047503095120191574
2072,0.04731304943561554
2073,0.047074805945158005
2074,0.046820394694805145
2075,0.04657989367842674
2076,0.0463692769408226
2077,0.04618671163916588
2078,0.046016525477170944
2079,0.04583718627691269
2080,0.04562949389219284
2081,0.04538235440850258
2082,0.045094963163137436
2083,0.04477577283978462
2084,0.04443901777267456
2085,0.04410021752119064
2086,0.04377194121479988
2087,0.04348410665988922
2088,0.04380309581756592
2089,0.043354544788599014
2090,0.0436025895178318
2091,0.043822288513183594
2092,0.04393036663532257
2093,0.04389706254005432
2094,0.043746065348386765
2095,0.04353182390332222
2096,0.04330984503030777
2097,0.04311515763401985
2098,0.04295537248253822
2099,0.04281642660498619
2100,0.04267433285713196
2101,0.04250707849860191
2102,0.042302776128053665
2103,0.04206272214651108
2104,0.04179990664124489
2105,0.041533973067998886
2106,0.04128462076187134
2107,0.04172004386782646
2108,0.0411604568362236
2109,0.04123981297016144
2110,0.041291143745183945
2111,0.0413072444498539
2112,0.041286811232566833
2113,0.04123355820775032
2114,0.041154228150844574
2115,0.041056253015995026
2116,0.040945738554000854
2117,0.04082636162638664
2118,0.040699295699596405
2119,0.04056407883763313
2120,0.04041992872953415
2121,0.040266867727041245
2122,0.04010629281401634
2123,0.04076386243104935
2124,0.03996657580137253
2125,0.0399789996445179
2126,0.039971865713596344
2127,0.03994198143482208
2128,0.03988904878497124
2129,0.0398147813975811
2130,0.039721883833408356
2131,0.040535010397434235
2132,0.04030948504805565
2133,0.04121585562825203
2134,0.04204608127474785
2135,0.042614396661520004
2136,0.04284670948982239
2137,0.042765237390995026
2138,0.04246031120419502
2139,0.04205607622861862
2140,0.0416741780936718
2141,0.041400715708732605
2142,0.041264574974775314
2143,0.04123526066541672
2144,0.04124309495091438
2145,0.0412142351269722
2146,0.04110383614897728
2147,0.04091092199087143
2148,0.04096568003296852
2149,0.040573231875896454
2150,0.040449462831020355
2151,0.04032471776008606
2152,0.04021044448018074
2153,0.0401119701564312
2154,0.04003056138753891
2155,0.039881762117147446
2156,0.039744965732097626
2157,0.039590269327163696
2158,0.039425693452358246
2159,0.039259590208530426
2160,0.03909797593951225
2161,0.03894282877445221
2162,0.03879202529788017
2163,0.03870292752981186
2164,0.03859996795654297
2165,0.038543205708265305
2166,0.03845728933811188
2167,0.03833834081888199
2168,0.03819209709763527
2169,0.038053836673498154
2170,0.03798912838101387
2171,0.037885405123233795
2172,0.03789970651268959
2173,0.037905093282461166
2174,0.03787088021636009
2175,0.03823290020227432
2176,0.038381606340408325
2177,0.03892607241868973
2178,0.039284948259592056
2179,0.03941328451037407
2180,0.03934026136994362
2181,0.039143454283475876
2182,0.03891652822494507
2183,0.040362145751714706
2184,0.040204163640737534
2185,0.04281039535999298
2186,0.04558798298239708
2187,0.04749012365937233
2188,0.04784337058663368
2189,0.046653952449560165
2190,0.04455851763486862
2191,0.04256709665060043
2192,0.041671350598335266
2193,0.03990863636136055
2194,0.03917800635099411
2195,0.03917428478598595
2196,0.039363499730825424
2197,0.040987201035022736
2198,0.04024587944149971
2199,0.040746062994003296
2200,0.04106619581580162
2201,0.04119284078478813
2202,0.041159022599458694
2203,0.04102454334497452
2204,0.04085305705666542
2205,0.04069189727306366
2206,0.04056023061275482
2207,0.04044930636882782
2208,0.040334008634090424
2209,0.04018985107541084
2210,0.0400066077709198
2211,0.03979213535785675
2212,0.03956574574112892
2213,0.03934670612215996
2214,0.039144620299339294
2215,0.03895605728030205
2216,0.03876768797636032
2217,0.038562946021556854
2218,0.03901316970586777
2219,0.038342200219631195
2220,0.038360245525836945
2221,0.038376204669475555
2222,0.03836873173713684
2223,0.038525719195604324
2224,0.038461655378341675
2225,0.03874727338552475
2226,0.03907998651266098
2227,0.039359550923109055
2228,0.03951553627848625
2229,0.0395231768488884
2230,0.03940139710903168
2231,0.039199136197566986
2232,0.0390017107129097
2233,0.03885607793927193
2234,0.03872494772076607
2235,0.03867487981915474
2236,0.03865131735801697
2237,0.03859133645892143
2238,0.03847071900963783
2239,0.03830547258257866
2240,0.0381275936961174
2241,0.037832122296094894
2242,0.037618182599544525
2243,0.03751015290617943
2244,0.03794649615883827
2245,0.037281300872564316
2246,0.03729664161801338
2247,0.03728479892015457
2248,0.037245120853185654
2249,0.03717740252614021
2250,0.0370827242732048
2251,0.03696355223655701
2252,0.03788839653134346
2253,0.03736184537410736
2254,0.038140472024679184
2255,0.038866959512233734
2256,0.03934386000037193
2257,0.03949347883462906
2258,0.039344124495983124
2259,0.03899707272648811
2260,0.03858467936515808
2261,0.03822629153728485
2262,0.037990737706422806
2263,0.037877053022384644
2264,0.037823181599378586
2265,0.04033666104078293
2266,0.042015884071588516
2267,0.046853091567754745
2268,0.05025476589798927
2269,0.05087602883577347
2270,0.049087777733802795
2271,0.04640120640397072
2272,0.04420296102762222
2273,0.04308537021279335
2274,0.04294361174106598
2275,0.04335269331932068
2276,0.043864939361810684
2277,0.04415281116962433
2278,0.04404754564166069
2279,0.04353002831339836
2280,0.04270310699939728
2281,0.042015399783849716
2282,0.04090035706758499
2283,0.04059358686208725
2284,0.04086270183324814
2285,0.04136766493320465
2286,0.041930731385946274
2287,0.042321234941482544
2288,0.0423494316637516
2289,0.042048919945955276
2290,0.04158128425478935
2291,0.04113480821251869
2292,0.04083714261651039
2293,0.04072141274809837
2294,0.04074227809906006
2295,0.040815964341163635
2296,0.04085984081029892
2297,0.04081874340772629
2298,0.04067543148994446
2299,0.04044784978032112
2300,0.04017746075987816
2301,0.039912886917591095
2302,0.03969345986843109
2303,0.04326191544532776
2304,0.04106451943516731
2305,0.04384389519691467
2306,0.04674680158495903
2307,0.0490589402616024
2308,0.050438042730093
2309,0.05082044377923012
2310,0.05034023895859718
2311,0.049268029630184174
2312,0.04795326665043831
2313,0.04675304517149925
2314,0.04594239965081215
2315,0.04562634229660034
2316,0.04569922015070915
2317,0.04589765891432762
2318,0.04594353586435318
2319,0.0456969290971756
2320,0.045214876532554626
2321,0.044682577252388
2322,0.04428401216864586
2323,0.04410649091005325
2324,0.044122252613306046
2325,0.04422849789261818
2326,0.044795818626880646
2327,0.044323455542325974
2328,0.04418879747390747
2329,0.04390323534607887
2330,0.04351545497775078
2331,0.043098777532577515
2332,0.04272560030221939
2333,0.04244453087449074
2334,0.0422668419778347
2335,0.04216662794351578
2336,0.04212355241179466
2337,0.04215174913406372
2338,0.04208390787243843
2339,0.04191385209560394
2340,0.04174640774726868
2341,0.0415644496679306
2342,0.041377097368240356
2343,0.0412052720785141
2344,0.041053757071495056
2345,0.040916189551353455
2346,0.04085272178053856
2347,0.04070776700973511
2348,0.04053483158349991
2349,0.04038257524371147
2350,0.040216296911239624
2351,0.040048062801361084
2352,0.039898887276649475
2353,0.03977199271321297
2354,0.039650607854127884
2355,0.03952709585428238
2356,0.03939437493681908
2357,0.03927646204829216
2358,0.03925613313913345
2359,0.03917158395051956
2360,0.03917219117283821
2361,0.03914368897676468
2362,0.039158131927251816
2363,0.03906277194619179
2364,0.03903539106249809
2365,0.039007775485515594
2366,0.03897803649306297
2367,0.038940273225307465
2368,0.03888767212629318
2369,0.038815319538116455
2370,0.03872188180685043
2371,0.03860983997583389
2372,0.03848445415496826
2373,0.03835202008485794
2374,0.03958350047469139
2375,0.03883471339941025
2376,0.039632175117731094
2377,0.04043757915496826
2378,0.04111884534358978
2379,0.041597045958042145
2380,0.04184609279036522
2381,0.04188404232263565
2382,0.04175902530550957
2383,0.04153279960155487
2384,0.04126482456922531
2385,0.041000451892614365
2386,0.04076537862420082
2387,0.0405670590698719
2388,0.040445368736982346
2389,0.04054764658212662
2390,0.0403682217001915
2391,0.04011381044983864
2392,0.040073707699775696
2393,0.04004856199026108
2394,0.04002826660871506
2395,0.03999873995780945
2396,0.039946913719177246
2397,0.039864681661129
2398,0.039750706404447556
2399,0.03960985690355301
2400,0.03945095092058182
2401,0.03938214108347893
2402,0.03920942172408104
2403,0.03916862607002258
2404,0.03913787752389908
2405,0.0400136336684227
2406,0.039302561432123184
2407,0.04034680873155594
2408,0.041663382202386856
2409,0.04281104356050491
2410,0.04353461042046547
2411,0.043756451457738876
2412,0.04353813827037811
2413,0.043033111840486526
2414,0.042435139417648315
2415,0.041923049837350845
2416,0.04160819202661514
2417,0.04150031507015228
2418,0.04151187092065811
2419,0.04150771722197533
2420,0.04137948900461197
2421,0.04110155627131462
2422,0.04073471203446388
2423,0.04038068652153015
2424,0.04207034409046173
2425,0.04067874327301979
2426,0.04119852930307388
2427,0.041597045958042145
2428,0.04183795303106308
2429,0.041942499577999115
2430,0.04196872562170029
2431,0.04197808727622032
2432,0.04200931638479233
2433,0.0420694500207901
2434,0.042140521109104156
2435,0.04219378903508186
2436,0.04220380634069443
2437,0.04215739294886589
2438,0.042056333273649216
2439,0.04191448912024498
2440,0.041751570999622345
2441,0.04158593714237213
2442,0.041428979486227036
2443,0.04128261283040047
2444,0.041140660643577576
2445,0.04099308326840401
2446,0.04083113744854927
2447,0.04065120965242386
2448,0.040455833077430725
2449,0.0402519516646862
2450,0.04004763811826706
2451,0.039848968386650085
2452,0.039658334106206894
2453,0.039474502205848694
2454,0.03929409012198448
2455,0.039113447070121765
2456,0.038930267095565796
2457,0.03874433785676956
2458,0.03855731710791588
2459,0.03837187960743904
2460,0.03819061070680618
2461,0.041842635720968246
2462,0.04021981358528137
2463,0.04441700130701065
2464,0.04867313429713249
2465,0.0519108921289444
2466,0.05369753763079643
2467,0.05400263890624046
2468,0.05303986743092537
2469,0.05118550732731819
2470,0.048930004239082336
2471,0.046815212815999985
2472,0.0453224703669548
2473,0.04471268877387047
2474,0.04488610103726387
2475,0.04538851976394653
2476,0.045646119862794876
2477,0.04751499369740486
2478,0.0445375069975853
2479,0.04470108076930046
2480,0.045710206031799316
2481,0.047200027853250504
2482,0.048758767545223236
2483,0.050061728805303574
2484,0.05092063918709755
2485,0.05128247290849686
2486,0.051205214112997055
2487,0.05082385614514351
2488,0.050310831516981125
2489,0.04983283951878548
2490,0.049509160220623016
2491,0.049381934106349945
2492,0.049410950392484665
2493,0.04949953779578209
2494,0.04954308271408081
2495,0.04947669059038162
2496,0.04929717630147934
2497,0.04905061796307564
2498,0.048798203468322754
2499,0.048583123832941055
2500,0.0484146811068058
2501,0.04827194660902023
2502,0.048119254410266876
2503,0.047923650592565536
2504,0.04766714572906494
2505,0.04735122621059418
2506,0.04699396342039108
2507,0.04662235081195831
2508,0.046262793242931366
2509,0.04593316465616226
2510,0.04563862830400467
2511,0.04537244886159897
2512,0.04519452899694443
2513,0.04515140876173973
2514,0.04487001895904541
2515,0.04453296586871147
2516,0.044347915798425674
2517,0.04415654018521309
2518,0.04396507889032364
2519,0.04377628490328789
2520,0.043589070439338684
2521,0.04344404116272926
2522,0.0433090440928936
2523,0.04307398572564125
2524,0.042897552251815796
2525,0.04272731766104698
2526,0.042553968727588654
2527,0.042380549013614655
2528,0.04220851883292198
2529,0.042037952691316605
2530,0.04186815023422241
2531,0.04171542450785637
2532,0.04156989976763725
2533,0.04142479598522186
2534,0.04129151999950409
2535,0.04115217551589012
2536,0.04100838303565979
2537,0.04086216539144516
2538,0.04073042422533035
2539,0.04060649126768112
2540,0.0404718779027462
2541,0.0403570719063282
2542,0.040237922221422195
2543,0.04012054204940796
2544,0.040009643882513046
2545,0.039890583604574203
2546,0.03977774828672409
2547,0.03966614603996277
2548,0.039550986140966415
2549,0.03943272680044174
2550,0.03931743651628494
2551,0.039204325526952744
2552,0.03912287577986717
2553,0.03900301083922386
2554,0.038916196674108505
2555,0.038825828582048416
2556,0.03872997313737869
2557,0.03863992542028427
2558,0.03855673223733902
2559,0.03851315751671791
2560,0.03840005397796631
2561,0.038346122950315475
2562,0.03827938064932823
2563,0.03820658475160599
2564,0.03813205659389496
2565,0.03805914893746376
2566,0.03798478841781616
2567,0.037905801087617874
2568,0.0378238745033741
2569,0.038996193557977676
2570,0.038050781935453415
2571,0.038407206535339355
2572,0.038756851106882095
2573,0.039055805653333664
2574,0.03927479311823845
2575,0.039403390139341354
2576,0.03944912552833557
2577,0.03943168371915817
2578,0.039875879883766174
2579,0.03951901197433472
2580,0.0396147184073925
2581,0.03965999558568001
2582,0.03966080769896507
2583,0.03962979093194008
2584,0.03958237171173096
2585,0.039532147347927094
2586,0.039487503468990326
2587,0.03945048898458481
2588,0.039417948573827744
2589,0.03940268233418465
2590,0.039369311183691025
2591,0.0393550880253315
2592,0.03932463005185127
2593,0.039273813366889954
2594,0.03920641914010048
2595,0.03912826627492905
2596,0.03904500976204872
2597,0.03896037116646767
2598,0.03887540474534035
2599,0.03878891095519066
2600,0.038698676973581314
2601,0.038620300590991974
2602,0.03851376101374626
2603,0.038498349487781525
2604,0.03845760226249695
2605,0.038351986557245255
2606,0.03825043886899948
2607,0.03820168972015381
2608,0.03814392909407616
2609,0.03807799890637398
2610,0.03800540789961815
2611,0.03792773559689522
2612,0.0378461554646492
2613,0.03777531161904335
2614,0.0376916266977787
2615,0.03762231767177582
2616,0.037549667060375214
2617,0.037480760365724564
2618,0.03741025924682617
2619,0.037406932562589645
2620,0.03732718899846077
2621,0.03731134161353111
2622,0.03728477656841278
2623,0.03724466636776924
2624,0.03719102218747139
2625,0.03712650015950203
2626,0.03705516457557678
2627,0.036980804055929184
2628,0.03691549599170685
2629,0.0368809774518013
2630,0.03681715577840805
2631,0.036785904318094254
2632,0.03676494210958481
2633,0.03674925118684769
2634,0.036729615181684494
2635,0.036690305918455124
2636,0.036632683128118515
2637,0.036843739449977875
2638,0.036750677973032
2639,0.03693697229027748
2640,0.03707364946603775
2641,0.0371364988386631
2642,0.03712555021047592
2643,0.03705883398652077
2644,0.03696237504482269
2645,0.03685986250638962
2646,0.03676537424325943
2647,0.03668119013309479
2648,0.03660091385245323
2649,0.03725328668951988
2650,0.036974988877773285
2651,0.037240516394376755
2652,0.03773345798254013
2653,0.038108453154563904
2654,0.03831331804394722
2655,0.038351044058799744
2656,0.03826490789651871
2657,0.03811666741967201
2658,0.03796421363949776
2659,0.03784409910440445
2660,0.03776414319872856
2661,0.037708207964897156
2662,0.03765052184462547
2663,0.03757210448384285
2664,0.03747079521417618
2665,0.037360187619924545
2666,0.03725985437631607
2667,0.037183623760938644
2668,0.03713265061378479
2669,0.03709583356976509
2670,0.03705593943595886
2671,0.03699736297130585
2672,0.037150535732507706
2673,0.036875490099191666
2674,0.03681550547480583
2675,0.0367429219186306
2676,0.036769431084394455
2677,0.036759667098522186
2678,0.036875318735837936
2679,0.03698255866765976
2680,0.03706013411283493
2681,0.037101343274116516
2682,0.03711016848683357
2683,0.03709477186203003
2684,0.03706172853708267
2685,0.03701304644346237
2686,0.03694681450724602
2687,0.03686043620109558
2688,0.036754310131073
2689,0.036642495542764664
2690,0.036529041826725006
2691,0.03642585873603821
2692,0.0363265797495842
2693,0.03629292547702789
2694,0.03777657449245453
2695,0.037625640630722046
2696,0.04375242069363594
2697,0.04225567728281021
2698,0.0430876687169075
2699,0.04311860352754593
2700,0.04260983690619469
2701,0.04191052168607712
2702,0.04134625196456909
2703,0.04111785814166069
2704,0.04123273119330406
2705,0.041509371250867844
2706,0.04167903959751129
2707,0.041545066982507706
2708,0.04109890013933182
2709,0.040509555488824844
2710,0.04000358656048775
2711,0.039733223617076874
2712,0.03971641883254051
2713,0.0398603156208992
2714,0.04002784937620163
2715,0.04010246321558952
2716,0.040026262402534485
2717,0.039807312190532684
2718,0.03950246050953865
2719,0.03918640315532684
2720,0.03891903907060623
2721,0.038964297622442245
2722,0.03859204053878784
2723,0.038476262241601944
2724,0.038372110575437546
2725,0.03827783465385437
2726,0.03819345682859421
2727,0.038118910044431686
2728,0.03805213421583176
2729,0.03798830509185791
2730,0.03792060166597366
2731,0.03784196078777313
2732,0.0386943519115448
2733,0.03802730515599251
2734,0.0385296456515789
2735,0.03901933878660202
2736,0.03928780183196068
2737,0.0392533503472805
2738,0.038982607424259186
2739,0.0386296771466732
2740,0.03834375739097595
2741,0.03820354491472244
2742,0.03820326551795006
2743,0.038279350847005844
2744,0.03835194930434227
2745,0.03835996985435486
2746,0.03827952966094017
2747,0.038124751299619675
2748,0.04170633852481842
2749,0.04054483771324158
2750,0.04424421861767769
2751,0.047874562442302704
2752,0.05084356665611267
2753,0.05292700231075287
2754,0.05409785360097885
2755,0.054425403475761414
2756,0.0540350116789341
2757,0.05310092866420746
2758,0.0518403984606266
2759,0.05048787593841553
2760,0.04924936592578888
2761,0.04825714975595474
2762,0.04755081236362457
2763,0.04709598049521446
2764,0.0468282625079155
2765,0.046694330871105194
2766,0.04666731879115105
2767,0.0467350147664547
2768,0.046877674758434296
2769,0.047054655849933624
2770,0.047207824885845184
2771,0.04727724939584732
2772,0.04721934348344803
2773,0.047018785029649734
2774,0.046690549701452255
2775,0.046272680163383484
2776,0.04581321030855179
2777,0.04535612463951111
2778,0.04493102803826332
2779,0.04454950988292694
2780,0.04420854151248932
2781,0.043898262083530426
2782,0.04360995441675186
2783,0.04334066063165665
2784,0.04309293255209923
2785,0.042871277779340744
2786,0.043162163347005844
2787,0.042621564120054245
2788,0.042601555585861206
2789,0.04258427396416664
2790,0.04253952577710152
2791,0.042448990046978
2792,0.042309366166591644
2793,0.042130306363105774
2794,0.04192894697189331
2795,0.04172319173812866
2796,0.04152616858482361
2797,0.041343383491039276
2798,0.04117323458194733
2799,0.04101008549332619
2800,0.04105861857533455
2801,0.04088590294122696
2802,0.04091459512710571
2803,0.04088837280869484
2804,0.040792517364025116
2805,0.04064512625336647
2806,0.04048240929841995
2807,0.04033830389380455
2808,0.040229681879282
2809,0.04015285521745682
2810,0.040089841932058334
2811,0.0400192029774189
2812,0.039925720542669296
2813,0.03980545327067375
2814,0.039665352553129196
2815,0.03951871395111084
2816,0.03937890753149986
2817,0.03925406560301781
2818,0.03914468362927437
2819,0.039044786244630814
2820,0.03894568234682083
2821,0.038840312510728836
2822,0.038726165890693665
2823,0.03861445188522339
2824,0.038497600704431534
2825,0.038409821689128876
2826,0.039332468062639236
2827,0.03885945677757263
2828,0.039873793721199036
2829,0.04082801565527916
2830,0.0412723682820797
2831,0.04108641296625137
2832,0.040487680584192276
2833,0.039841681718826294
2834,0.03943905606865883
2835,0.03938021510839462
2836,0.039589714258909225
2837,0.03990158066153526
2838,0.04014983028173447
2839,0.04022853821516037
2840,0.04011380672454834
2841,0.03985454887151718
2842,0.03954259306192398
2843,0.03927382454276085
2844,0.039111994206905365
2845,0.03906727209687233
2846,0.03909766674041748
2847,0.03934869170188904
2848,0.03902680054306984
2849,0.03889505937695503
2850,0.0387725792825222
2851,0.03868165239691734
2852,0.03862488642334938
2853,0.03858810290694237
2854,0.03854963183403015
2855,0.03849043324589729
2856,0.038401100784540176
2857,0.03828389197587967
2858,0.03815003111958504
2859,0.03801415488123894
2860,0.0378882996737957
2861,0.037777770310640335
2862,0.037680305540561676
2863,0.03770385682582855
2864,0.037530120462179184
2865,0.037464842200279236
2866,0.03739646077156067
2867,0.03732794150710106
2868,0.037260375916957855
2869,0.03719295188784599
2870,0.03712370991706848
2871,0.037050679326057434
2872,0.03697275370359421
2873,0.036890074610710144
2874,0.03680378943681717
2875,0.03671543300151825
2876,0.03662627190351486
2877,0.036536868661642075
2878,0.036447081714868546
2879,0.037147488445043564
2880,0.03678097203373909
2881,0.04025082290172577
2882,0.03763171657919884
2883,0.0377047099173069
2884,0.03800753876566887
2885,0.038532182574272156
2886,0.03915110230445862
2887,0.0396818183362484
2888,0.039981044828891754
2889,0.040013961493968964
2890,0.039858244359493256
2891,0.039647337049245834
2892,0.0394957959651947
2893,0.0394517257809639
2894,0.039493560791015625
2895,0.039559390395879745
2896,0.03958558663725853
2897,0.03953567519783974
2898,0.03941087797284126
2899,0.039242953062057495
2900,0.03907547891139984
2901,0.03894263133406639
2902,0.038854509592056274
2903,0.03879502788186073
2904,0.03873259946703911
2905,0.03863757848739624
2906,0.03867180272936821
2907,0.03835933282971382
2908,0.03822563961148262
2909,0.038115471601486206
2910,0.03803502023220062
2911,0.03797721117734909
2912,0.03792748600244522
2913,0.03787098079919815
2914,0.0377979576587677
2915,0.03770596534013748
2916,0.03759869933128357
2917,0.03748290613293648
2918,0.03736497089266777
2919,0.03726061061024666
2920,0.03721468523144722
2921,0.03720825910568237
2922,0.03725290670990944
2923,0.037274718284606934
2924,0.03727144002914429
2925,0.03724360093474388
2926,0.03719364106655121
2927,0.03715083748102188
2928,0.03710130974650383
2929,0.03701096028089523
2930,0.036944303661584854
2931,0.03687363490462303
2932,0.03680883347988129
2933,0.03678836673498154
2934,0.036757826805114746
2935,0.03671490401029587
2936,0.03666140139102936
2937,0.037160925567150116
2938,0.03706195950508118
2939,0.03757788613438606
2940,0.038067907094955444
2941,0.038477685302495956
2942,0.0387783944606781
2943,0.03896221145987511
2944,0.03903622552752495
2945,0.03901677951216698
2946,0.038924966007471085
2947,0.03878340870141983
2948,0.038614001125097275
2949,0.03843625262379646
2950,0.038266126066446304
2951,0.038115233182907104
2952,0.03799048438668251
2953,0.037894107401371
2954,0.03827538713812828
2955,0.037837591022253036
2956,0.03785838931798935
2957,0.03787378594279289
2958,0.037871673703193665
2959,0.037845809012651443
2960,0.0377974770963192
2961,0.03776161000132561
2962,0.03768708184361458
2963,0.03767853602766991
2964,0.037687644362449646
2965,0.037685781717300415
2966,0.03765112906694412
2967,0.03757824748754501
2968,0.0374780036509037
2969,0.037369728088378906
2970,0.03727079555392265
2971,0.037189383059740067
2972,0.037123046815395355
2973,0.03706223890185356
2974,0.03699616342782974
2975,0.03691776096820831
2976,0.036894291639328
2977,0.03675167262554169
2978,0.03673966974020004
2979,0.03676067292690277
2980,0.03677282854914665
2981,0.038087259978055954
2982,0.03745964542031288
2983,0.03968875855207443
2984,0.04223935678601265
2985,0.044908616691827774
2986,0.044667214155197144
2987,0.0450344979763031
2988,0.04553740844130516
2989,0.04601717367768288
2990,0.04619864746928215
2991,0.04587133228778839
2992,0.04502444341778755
2993,0.04385272040963173
2994,0.04264833405613899
2995,0.04166572540998459
2996,0.04103812575340271
2997,0.04076794534921646
2998,0.040767814964056015
2999,0.04091654717922211
3000,0.04110465198755264
3001,0.04125886783003807
3002,0.041346315294504166
3003,0.041364364326000214
3004,0.041324615478515625
3005,0.04124149680137634
3006,0.041088350117206573
3007,0.04090602695941925
3008,0.04068663343787193
3009,0.04043055325746536
3010,0.040148038417100906
3011,0.03985777124762535
3012,0.039580993354320526
3013,0.03933475539088249
3014,0.03912762552499771
3015,0.03895905986428261
3016,0.038821741938591
3017,0.03870529308915138
3018,0.0385996550321579
3019,0.03849717974662781
3020,0.038393255323171616
3021,0.03828569874167442
3022,0.03817376121878624
3023,0.03805714473128319
3024,0.03793559968471527
3025,0.03780895844101906
3026,0.03767751529812813
3027,0.03772398456931114
3028,0.037524931132793427
3029,0.03749530017375946
3030,0.03745551034808159
3031,0.03740791603922844
3032,0.037354614585638046
3033,0.03729712590575218
3034,0.037236329168081284
3035,0.037172552198171616
3036,0.03710582107305527
3037,0.03703602775931358
3038,0.03705880418419838
3039,0.03696190565824509
3040,0.036950480192899704
3041,0.0369289256632328
3042,0.03689774498343468
3043,0.03685774281620979
3044,0.03680982068181038
3045,0.03675483539700508
3046,0.0366935096681118
3047,0.03662640228867531
3048,0.03655405342578888
3049,0.036476992070674896
3050,0.0363958366215229
3051,0.036311302334070206
3052,0.03622410073876381
3053,0.036134954541921616
3054,0.036044441163539886
3055,0.036144014447927475
3056,0.035956207662820816
3057,0.0360884927213192
3058,0.03606727346777916
3059,0.03610899671912193
3060,0.03611276298761368
3061,0.03609258309006691
3062,0.03606553003191948
3063,0.03604326769709587
3064,0.03602806106209755
3065,0.036013998091220856
3066,0.03599169850349426
3067,0.03595351427793503
3068,0.03589700534939766
3069,0.03582552447915077
3070,0.03574623167514801
3071,0.03566679358482361
3072,0.03559238463640213
3073,0.03552410006523132
3074,0.03545943275094032
3075,0.03539419174194336
3076,0.035324856638908386
3077,0.03525019809603691
3078,0.036179255694150925
3079,0.035502370446920395
3080,0.03592092543840408
3081,0.03637020289897919
3082,0.03679980710148811
3083,0.03717467561364174
3084,0.03747713938355446
3085,0.0377039760351181
3086,0.03786097839474678
3087,0.03795753791928291
3088,0.03809971734881401
3089,0.038151465356349945
3090,0.038123711943626404
3091,0.03813261166214943
3092,0.03809673711657524
3093,0.03802691027522087
3094,0.03793388977646828
3095,0.037827588617801666
3096,0.03771652281284332
3097,0.03760751336812973
3098,0.0375053733587265
3099,0.037412744015455246
3100,0.03733012452721596
3101,0.03767452761530876
3102,0.03808655962347984
3103,0.03786390647292137
3104,0.03807112202048302
3105,0.03827229514718056
3106,0.03847764432430267
3107,0.0386972650885582
3108,0.03892621770501137
3109,0.039142437279224396
3110,0.03931538015604019
3111,0.03941892832517624
3112,0.03944190964102745
3113,0.03939191997051239
3114,0.039291832596063614
3115,0.0391710139811039
3116,0.0390549898147583
3117,0.0389578640460968
3118,0.03888007998466492
3119,0.03881213068962097
3120,0.038741737604141235
3121,0.03866076096892357
3122,0.03856843709945679
3123,0.038469936698675156
3124,0.03837200999259949
3125,0.03827856481075287
3126,0.03818855807185173
3127,0.03809695690870285
3128,0.037997640669345856
3129,0.03788646683096886
3130,0.037763066589832306
3131,0.03763066604733467
3132,0.03749440610408783
3133,0.037359096109867096
3134,0.037227556109428406
3135,0.0371001735329628
3136,0.0369756706058979
3137,0.03685246407985687
3138,0.03744708001613617
3139,0.03670227527618408
3140,0.036687519401311874
3141,0.03667936846613884
3142,0.03667102009057999
3143,0.0366571769118309
3144,0.03663499653339386
3145,0.036603860557079315
3146,0.036564286798238754
3147,0.03651686757802963
3148,0.03646157309412956
3149,0.03639780357480049
3150,0.03632492199540138
3151,0.036242835223674774
3152,0.03615237772464752
3153,0.03605513274669647
3154,0.03595300391316414
3155,0.035847678780555725
3156,0.03574032709002495
3157,0.03563160449266434
3158,0.03552189841866493
3159,0.03667958453297615
3160,0.0360395647585392
3161,0.03729819878935814
3162,0.038359951227903366
3163,0.038633476942777634
3164,0.038100168108940125
3165,0.03721136599779129
3166,0.036501288414001465
3167,0.03626294061541557
3168,0.03647071123123169
3169,0.036895040422677994
3170,0.037269044667482376
3171,0.037411320954561234
3172,0.03727604076266289
3173,0.03694026172161102
3174,0.03758388012647629
3175,0.03692439943552017
3176,0.037263352423906326
3177,0.03758164122700691
3178,0.03789989650249481
3179,0.03822322562336922
3180,0.03853278234601021
3181,0.03879302367568016
3182,0.038969241082668304
3183,0.03904497250914574
3184,0.039029479026794434
3185,0.03895227611064911
3186,0.0388491228222847
3187,0.03874802216887474
3188,0.03866182640194893
3189,0.03858907148241997
3190,0.03916752710938454
3191,0.038605477660894394
3192,0.03867841884493828
3193,0.03867992386221886
3194,0.03859250992536545
3195,0.03843967989087105
3196,0.038267962634563446
3197,0.03812205791473389
3198,0.038024235516786575
3199,0.03796689584851265
3200,0.037920959293842316
3201,0.03785454481840134
3202,0.037894558161497116
3203,0.03770575672388077
3204,0.037619248032569885
3205,0.03750155493617058
3206,0.03737799823284149
3207,0.037271931767463684
3208,0.037192344665527344
3209,0.03713172301650047
3210,0.03707299754023552
3211,0.03699994832277298
3212,0.036905042827129364
3213,0.03679165989160538
3214,0.036670539528131485
3215,0.03655339032411575
3216,0.03644704073667526
3217,0.03635099530220032
3218,0.036259230226278305
3219,0.03616458922624588
3220,0.036063052713871
3221,0.03595553711056709
3222,0.03584661707282066
3223,0.03574143722653389
3224,0.035642869770526886
3225,0.03555040806531906
3226,0.035733308643102646
3227,0.035440701991319656
3228,0.03544417396187782
3229,0.03536541014909744
3230,0.03531878441572189
3231,0.035281624644994736
3232,0.03524942323565483
3233,0.03521411865949631
3234,0.035167623311281204
3235,0.03510649874806404
3236,0.03503335639834404
3237,0.03495461866259575
3238,0.03487654775381088
3239,0.035030487924814224
3240,0.03485969081521034
3241,0.034862738102674484
3242,0.03492465242743492
3243,0.03498696908354759
3244,0.035041458904743195
3245,0.035079292953014374
3246,0.03509358689188957
3247,0.03508131206035614
3248,0.03504377603530884
3249,0.034985676407814026
3250,0.03491319343447685
3251,0.034832075238227844
3252,0.03474654257297516
3253,0.03465903922915459
3254,0.03507652506232262
3255,0.03536765277385712
3256,0.04048989340662956
3257,0.03678315505385399
3258,0.039271146059036255
3259,0.042765334248542786
3260,0.04616907611489296
3261,0.04887165501713753
3262,0.05062951520085335
3263,0.05143006891012192
3264,0.05129826068878174
3265,0.05063725262880325
3266,0.049642328172922134
3267,0.04854239523410797
3268,0.04753953963518143
3269,0.04677441343665123
3270,0.04628976806998253
3271,0.046027664095163345
3272,0.04588281363248825
3273,0.04619905352592468
3274,0.045784980058670044
3275,0.04559307545423508
3276,0.045236289501190186
3277,0.04479962959885597
3278,0.04434730112552643
3279,0.043900538235902786
3280,0.04345740005373955
3281,0.04302024841308594
3282,0.04260697960853577
3283,0.042243316769599915
3284,0.041946493089199066
3285,0.04171353206038475
3286,0.04152177274227142
3287,0.04220142960548401
3288,0.041467517614364624
3289,0.04156239330768585
3290,0.041592665016651154
3291,0.041559744626283646
3292,0.041486453264951706
3293,0.04139682278037071
3294,0.041301652789115906
3295,0.041196566075086594
3296,0.04107004776597023
3297,0.040914230048656464
3298,0.04073148965835571
3299,0.04053390026092529
3300,0.0403369702398777
3301,0.040151871740818024
3302,0.03998064249753952
3303,0.039816830307245255
3304,0.03965055197477341
3305,0.03947461023926735
3306,0.039287980645895004
3307,0.03909509629011154
3308,0.038902249187231064
3309,0.038713812828063965
3310,0.039153508841991425
3311,0.03876081109046936
3312,0.03937235847115517
3313,0.03986096754670143
3314,0.039876461029052734
3315,0.039426349103450775
3316,0.03880264237523079
3317,0.03833412751555443
3318,0.03817986324429512
3319,0.03828474506735802
3320,0.03855819255113602
3321,0.03847051039338112
3322,0.03832346200942993
3323,0.03809460252523422
3324,0.03787773475050926
3325,0.03774099051952362
3326,0.03769463300704956
3327,0.037693992257118225
3328,0.03767307847738266
3329,0.037586502730846405
3330,0.03743307664990425
3331,0.03724881634116173
3332,0.03818012401461601
3333,0.037906914949417114
3334,0.03922756761312485
3335,0.04054269194602966
3336,0.04138898476958275
3337,0.04160366952419281
3338,0.041404563933610916
3339,0.041206374764442444
3340,0.04131835326552391
3341,0.041765183210372925
3342,0.04233042150735855
3343,0.0427309051156044
3344,0.04278018698096275
3345,0.042463209480047226
3346,0.041916437447071075
3347,0.04134462773799896
3348,0.04091780260205269
3349,0.04069487005472183
3350,0.040610142052173615
3351,0.040528781712055206
3352,0.04033510759472847
3353,0.039996437728405
3354,0.03956559672951698
3355,0.03913256153464317
3356,0.03876686841249466
3357,0.0384870320558548
3358,0.03826569393277168
3359,0.038056693971157074
3360,0.03782395273447037
3361,0.037557926028966904
3362,0.037275537848472595
3363,0.03700719401240349
3364,0.03677913919091225
3365,0.03660021349787712
3366,0.03645893186330795
3367,0.036331456154584885
3368,0.03619507700204849
3369,0.03603918477892876
3370,0.03594726324081421
3371,0.03597154840826988
3372,0.03571387007832527
3373,0.03557157143950462
3374,0.035948097705841064
3375,0.03559092804789543
3376,0.035680703818798065
3377,0.03569792956113815
3378,0.035645876079797745
3379,0.03556424751877785
3380,0.035498037934303284
3381,0.035470589995384216
3382,0.0354749821126461
3383,0.03548353537917137
3384,0.03546601161360741
3385,0.03542495518922806
3386,0.03530421480536461
3387,0.03518841415643692
3388,0.035093292593955994
3389,0.03502091392874718
3390,0.03496105968952179
3391,0.03489658981561661
3392,0.034884482622146606
3393,0.0348663367331028
3394,0.034827932715415955
3395,0.034837350249290466
3396,0.03477480262517929
3397,0.034660454839468
3398,0.034536056220531464
3399,0.034437887370586395
3400,0.034378718584775925
3401,0.03437042608857155
3402,0.03430206701159477
3403,0.0342489555478096
3404,0.034193843603134155
3405,0.03417481109499931
3406,0.03415977209806442
3407,0.034139588475227356
3408,0.03416259214282036
3409,0.0341515839099884
3410,0.03412077948451042
3411,0.03405100479722023
3412,0.03396708518266678
3413,0.033944547176361084
3414,0.03389104828238487
3415,0.03388011455535889
3416,0.03387896344065666
3417,0.03386171907186508
3418,0.033847831189632416
3419,0.033828720450401306
3420,0.033797845244407654
3421,0.03411930054426193
3422,0.03415677323937416
3423,0.03462085872888565
3424,0.03502141684293747
3425,0.03538510203361511
3426,0.03558194637298584
3427,0.03564530611038208
3428,0.03565489128232002
3429,0.03567073866724968
3430,0.03574656695127487
3431,0.035802628844976425
3432,0.035828474909067154
3433,0.03577664494514465
3434,0.035663310438394547
3435,0.03551967442035675
3436,0.03537847846746445
3437,0.03526119142770767
3438,0.03517209365963936
3439,0.035101406276226044
3440,0.03503478690981865
3441,0.03510109335184097
3442,0.03497883304953575
3443,0.03497052565217018
3444,0.035684019327163696
3445,0.03494488075375557
3446,0.03513617813587189
3447,0.03546607121825218
3448,0.03559014946222305
3449,0.03585309535264969
3450,0.03605017066001892
3451,0.03617559000849724
3452,0.036239832639694214
3453,0.03625786677002907
3454,0.036240048706531525
3455,0.03618993982672691
3456,0.0361081026494503
3457,0.035997744649648666
3458,0.03586805984377861
3459,0.03573422506451607
3460,0.035609256476163864
3461,0.03550846874713898
3462,0.035430680960416794
3463,0.03538156673312187
3464,0.035335756838321686
3465,0.03536073863506317
3466,0.03533388674259186
3467,0.035294439643621445
3468,0.03525308892130852
3469,0.0351751409471035
3470,0.03515750169754028
3471,0.035050470381975174
3472,0.03497525677084923
3473,0.03492070734500885
3474,0.03485695272684097
3475,0.03478823974728584
3476,0.03471846505999565
3477,0.034649644047021866
3478,0.03465724363923073
3479,0.03455435484647751
3480,0.03452310338616371
3481,0.034487299621105194
3482,0.03444679081439972
3483,0.034401457756757736
3484,0.03435096889734268
3485,0.03429476544260979
3486,0.03431478887796402
3487,0.03426714241504669
3488,0.034327179193496704
3489,0.034341711550951004
3490,0.03430270403623581
3491,0.03419455140829086
3492,0.03408259153366089
3493,0.03398710489273071
3494,0.03393115475773811
3495,0.0339980311691761
3496,0.03390692546963692
3497,0.03388733044266701
3498,0.03385395184159279
3499,0.03381596878170967
3500,0.033779192715883255
3501,0.03374354541301727
3502,0.03370450437068939
3503,0.03366450220346451
3504,0.03362181782722473
3505,0.03357579559087753
3506,0.033541105687618256
3507,0.033515915274620056
3508,0.033496737480163574
3509,0.03347541764378548
3510,0.033460553735494614
3511,0.03338688611984253
3512,0.033413030207157135
3513,0.033350732177495956
3514,0.033355895429849625
3515,0.033357053995132446
3516,0.033351048827171326
3517,0.03333441913127899
3518,0.03330562636256218
3519,0.03326579928398132
3520,0.03321788087487221
3521,0.033164869993925095
3522,0.03328884020447731
3523,0.0331493504345417
3524,0.03318535536527634
3525,0.0332004614174366
3526,0.0332733690738678
3527,0.03320441395044327
3528,0.03384954109787941
3529,0.03983196243643761
3530,0.05128317326307297
3531,0.09078095108270645
3532,0.1166592687368393
3533,0.09854774177074432
3534,0.0630372017621994
3535,0.0543825663626194
3536,0.04842953756451607
3537,0.055308036506175995
3538,0.070269875228405
3539,0.06248514726758003
3540,0.06493502855300903
3541,0.06851139664649963
3542,0.07097100466489792
3543,0.07040666043758392
3544,0.06701820343732834
3545,0.06262736022472382
3546,0.05894540250301361
3547,0.05666809901595116
3548,0.05567316338419914
3549,0.05552997440099716
3550,0.055827971547842026
3551,0.05627775564789772
3552,0.05669065937399864
3553,0.05693194642663002
3554,0.05689838528633118
3555,0.056528326123952866
3556,0.0558217391371727
3557,0.05484246462583542
3558,0.053694404661655426
3559,0.05248652398586273
3560,0.051306549459695816
3561,0.050211552530527115
3562,0.04923093318939209
3563,0.04837338998913765
3564,0.04763238504528999
3565,0.04698944091796875
3566,0.04641706123948097
3567,0.04588327184319496
3568,0.04535769671201706
3569,0.044817809015512466
3570,0.04425274580717087
3571,0.0436633937060833
3572,0.04305900260806084
3573,0.04245226830244064
3574,0.041855208575725555
3575,0.0412772111594677
3576,0.040725164115428925
3577,0.056754276156425476
3578,0.049562688916921616
3579,0.07018034160137177
3580,0.08961235731840134
3581,0.09377311915159225
3582,0.08206132799386978
3583,0.06639546155929565
3584,0.056609828025102615
3585,0.054417047649621964
3586,0.05697788670659065
3587,0.0609719380736351
3588,0.06417609006166458
3589,0.06554699689149857
3590,0.06489770859479904
3591,0.06260012835264206
3592,0.059381578117609024
3593,0.05616004019975662
3594,0.053834281861782074
3595,0.052972473204135895
3596,0.05347656458616257
3597,0.054518766701221466
3598,0.055025529116392136
3599,0.054421018809080124
3600,0.05291462689638138
3601,0.05114557966589928
3602,0.049686066806316376
3603,0.04880724102258682
3604,0.0484960600733757
3605,0.04856839030981064
3606,0.048783980309963226
3607,0.04893112927675247
3608,0.04887492209672928
3609,0.048572637140750885
3610,0.04806322976946831
3611,0.04743899405002594
3612,0.046807847917079926
3613,0.04625605419278145
3614,0.04582207649946213
3615,0.04549044370651245
3616,0.0452079176902771
3617,0.04590484872460365
3618,0.04507753998041153
3619,0.04507463052868843
3620,0.04490627348423004
3621,0.044637735933065414
3622,0.0443563275039196
3623,0.04412853345274925
3624,0.04397723078727722
3625,0.04388352856040001
3626,0.043804995715618134
3627,0.04369817301630974
3628,0.04353569820523262
3629,0.04331350326538086
3630,0.04330936074256897
3631,0.04290234297513962
3632,0.042959656566381454
3633,0.043117597699165344
3634,0.0432332381606102
3635,0.04319532960653305
3636,0.04297374561429024
3637,0.042621105909347534
3638,0.04223253205418587
3639,0.04189300909638405
3640,0.04188966751098633
3641,0.04168255254626274
3642,0.04170578345656395
3643,0.04170523211359978
3644,0.04167742654681206
3645,0.04162146896123886
3646,0.04153808578848839
3647,0.04142865166068077
3648,0.041294410824775696
3649,0.0411362387239933
3650,0.04095474258065224
3651,0.040750738233327866
3652,0.04052558168768883
3653,0.04028133302927017
3654,0.0400206558406353
3655,0.03989715501666069
3656,0.03956827148795128
3657,0.03936656937003136
3658,0.039167191833257675
3659,0.03893277049064636
3660,0.03866094350814819
3661,0.04787895455956459
3662,0.04357129707932472
3663,0.05266532674431801
3664,0.060945771634578705
3665,0.0639459639787674
3666,0.061009086668491364
3667,0.05528135597705841
3668,0.05040820688009262
3669,0.048130448907613754
3670,0.04829075559973717
3671,0.04986605420708656
3672,0.1274353265762329
3673,0.0788971409201622
3674,0.21544761955738068
3675,0.38458549976348877
3676,0.408625066280365
3677,0.27875369787216187
3678,0.14882473647594452
3679,0.08562450855970383
3680,0.06622527539730072
3681,0.06523364782333374
3682,0.07105773687362671
3683,0.07882337272167206
3684,0.08643000572919846
3685,0.09301824867725372
3686,0.09829707443714142
3687,0.10223205387592316
3688,0.10489993542432785
3689,0.10641949623823166
3690,0.10691806674003601
3691,0.10651614516973495
3692,0.10532182455062866
3693,0.10343076288700104
3694,0.1009293720126152
3695,0.09789946675300598
3696,0.09442354738712311
3697,0.09058987349271774
3698,0.08649655431509018
3699,0.0822538435459137
3700,0.07798387110233307
3701,0.07381676882505417
3702,0.06988324224948883
3703,0.0663037821650505
3704,0.06317706406116486
3705,0.06057067960500717
3706,0.05851774290204048
3707,0.05701971426606178
3708,0.05605029687285423
3709,0.055551666766405106
3710,0.055419810116291046
3711,0.05549211800098419
3712,0.05556228756904602
3713,0.055433738976716995
3714,0.05498715862631798
3715,0.05425164848566055
3716,0.0546598918735981
3717,0.05254748463630676
3718,0.051874540746212006
3719,0.051299359649419785
3720,0.050850968807935715
3721,0.05052238330245018
3722,0.050289105623960495
3723,0.05012201517820358
3724,0.049994297325611115
3725,0.04988384619355202
3726,0.04977370798587799
3727,0.04965156316757202
3728,0.049509063363075256
3729,0.04934130981564522
3730,0.04914627596735954
3731,0.04892445355653763
3732,0.048678312450647354
3733,0.048411909490823746
3734,0.04813031107187271
3735,0.04783913865685463
3736,0.04754403606057167
3737,0.04725024476647377
3738,0.046962227672338486
3739,0.04668340086936951
3740,0.04641598463058472
3741,0.04616101086139679
3742,0.046567898243665695
3743,0.045962098985910416
3744,0.04600534960627556
3745,0.046037085354328156
3746,0.04604652523994446
3747,0.046025361865758896
3748,0.04596929997205734
3749,0.04587849974632263
3750,0.045757047832012177
3751,0.045611634850502014
3752,0.04544994235038757
3753,0.04527918994426727
3754,0.045105088502168655
3755,0.044931378215551376
3756,0.0447598397731781
3757,0.04459066689014435
3758,0.04442304000258446
3759,0.04425564408302307
3760,0.044087138026952744
3761,0.04476620629429817
3762,0.04399213194847107
3763,0.044064078480005264
3764,0.04412819817662239
3765,0.04417838528752327
3766,0.04420819133520126
3767,0.04421231523156166
3768,0.04418770968914032
3769,0.04413411021232605
3770,0.04405388981103897
3771,0.04395146667957306
3772,0.04383232071995735
3773,0.04370203986763954
3774,0.04356551542878151
3775,0.043426331132650375
3776,0.04328665882349014
3777,0.04314727708697319
3778,0.043007899075746536
3779,0.04286755248904228
3780,0.04272501543164253
3781,0.04257916286587715
3782,0.04242928326129913
3783,0.042275186628103256
3784,0.042484838515520096
3785,0.04215393587946892
3786,0.04194587096571922
3787,0.04188721254467964
3788,0.04182933643460274
3789,0.04176865518093109
3790,0.041700709611177444
3791,0.04162156954407692
3792,0.04152880981564522
3793,0.04142206162214279
3794,0.04130293428897858
3795,0.0411745123565197
3796,0.0410405658185482
3797,0.040904730558395386
3798,0.0408581905066967
3799,0.04087008535861969
3800,0.040813978761434555
3801,0.04096606373786926
3802,0.04111141338944435
3803,0.041218072175979614
3804,0.04126676917076111
3805,0.041251908987760544
3806,0.04117964953184128
3807,0.04106404632329941
3808,0.04092242568731308
3809,0.04077139124274254
3810,0.040623992681503296
3811,0.04126469045877457
3812,0.040633928030729294
3813,0.0407547801733017
3814,0.04086339473724365
3815,0.04099969565868378
3816,0.041123755276203156
3817,0.041220009326934814
3818,0.04128678888082504
3819,0.04132436215877533
3820,0.041334718465805054
3821,0.0413210354745388
3822,0.04128709435462952
3823,0.04123660549521446
3824,0.04117283970117569
3825,0.041226569563150406
3826,0.041090723127126694
3827,0.041063882410526276
3828,0.04101940244436264
3829,0.040959134697914124
3830,0.04088515415787697
3831,0.04079965874552727
3832,0.040704820305109024
3833,0.0406026616692543
3834,0.04049491882324219
3835,0.04078255593776703
3836,0.0404047928750515
3837,0.040454961359500885
3838,0.0405082032084465
3839,0.04054334759712219
3840,0.040545687079429626
3841,0.040507972240448
3842,0.04081820324063301
3843,0.04047371819615364
3844,0.04047539085149765
3845,0.04043547809123993
3846,0.04055698961019516
3847,0.040366031229496
3848,0.040311433374881744
3849,0.04025249183177948
3850,0.0401792898774147
3851,0.04010060429573059
3852,0.04002248868346214
3853,0.039947789162397385
3854,0.039876457303762436
3855,0.03981811925768852
3856,0.03986873850226402
3857,0.03971719741821289
3858,0.039669960737228394
3859,0.03960902988910675
3860,0.039536599069833755
3861,0.0396338626742363
3862,0.03943268582224846
3863,0.039418332278728485
3864,0.039405692368745804
3865,0.03938684239983559
3866,0.03935433179140091
3867,0.039754267781972885
3868,0.03966061398386955
3869,0.04006989300251007
3870,0.04043589159846306
3871,0.04069356992840767
3872,0.040814489126205444
3873,0.04080407693982124
3874,0.04088107496500015
3875,0.04063710942864418
3876,0.040527794510126114
3877,0.04039668291807175
3878,0.04026941582560539
3879,0.0401618592441082
3880,0.04008018225431442
3881,0.04002263769507408
3882,0.040031157433986664
3883,0.03996914625167847
3884,0.03994721546769142
3885,0.03991425782442093
3886,0.039868440479040146
3887,0.03980862349271774
3888,0.03973463922739029
3889,0.03964732587337494
3890,0.03954838588833809
3891,0.03948285058140755
3892,0.039369530975818634
3893,0.03938714787364006
3894,0.03928132355213165
3895,0.03925902396440506
3896,0.03922336921095848
3897,0.0391702838242054
3898,0.03909828141331673
3899,0.03900867700576782
3900,0.03932778537273407
3901,0.03977041319012642
3902,0.04094232618808746
3903,0.042090680450201035
3904,0.042907796800136566
3905,0.043228454887866974
3906,0.04306114837527275
3907,0.042544372379779816
3908,0.04186924919486046
3909,0.041209347546100616
3910,0.04068060219287872
3911,0.04033312946557999
3912,0.04018444940447807
3913,0.042718153446912766
3914,0.040944404900074005
3915,0.04187922552227974
3916,0.042879655957221985
3917,0.04387981817126274
3918,0.044823188334703445
3919,0.045668717473745346
3920,0.04639352858066559
3921,0.046991992741823196
3922,0.04747183993458748
3923,0.04784886911511421
3924,0.048141635954380035
3925,0.04836735501885414
3926,0.048539407551288605
3927,0.04866650328040123
3928,0.048753030598163605
3929,0.04880010709166527
3930,0.04880689084529877
3931,0.04877185821533203
3932,0.04869375750422478
3933,0.04857237637042999
3934,0.04840889945626259
3935,0.04820604994893074
3936,0.04837968945503235
3937,0.04773765429854393
3938,0.04753889515995979
3939,0.0473657064139843
3940,0.04720631241798401
3941,0.04704601317644119
3942,0.04687025398015976
3943,0.046667471528053284
3944,0.04643112048506737
3945,0.046160515397787094
3946,0.045860406011343
3947,0.045539550483226776
3948,0.045208677649497986
3949,0.04487842693924904
3950,0.04455763101577759
3951,0.04425225034356117
3952,0.043965067714452744
3953,0.04369589686393738
3954,0.04344231262803078
3955,0.04320055991411209
3956,0.044470541179180145
3957,0.04356910660862923
3958,0.045141756534576416
3959,0.047190193086862564
3960,0.04915725812315941
3961,0.05055953934788704
3962,0.05111849308013916
3963,0.05081889405846596
3964,0.04986603185534477
3965,0.048573628067970276
3966,0.04724603146314621
3967,0.046102769672870636
3968,0.04525642842054367
3969,0.04472823441028595
3970,0.04447874426841736
3971,0.044437967240810394
3972,0.04452773556113243
3973,0.04467564448714256
3974,0.044822126626968384
3975,0.04492327198386192
3976,0.04495092108845711
3977,0.04489142820239067
3978,0.04474363476037979
3979,0.04451637715101242
3980,0.04422588273882866
3981,0.043892957270145416
3982,0.04354029893875122
3983,0.043189942836761475
3984,0.042861003428697586
3985,0.04256787896156311
3986,0.04231899231672287
3987,0.042116373777389526
3988,0.04195593297481537
3989,0.04182862862944603
3990,0.04172223061323166
3991,0.041623570024967194
3992,0.041520651429891586
3993,0.04140454903244972
3994,0.041270386427640915
3995,0.04111761227250099
3996,0.04094935208559036
3997,0.0407712385058403
3998,0.04058995842933655
3999,0.04041189327836037
4000,0.04026351869106293
4001,0.040466051548719406
4002,0.040147971361875534
4003,0.04011799395084381
4004,0.0400371253490448
4005,0.039928264915943146
4006,0.039807237684726715
4007,0.03968307748436928
4008,0.03955911844968796
4009,0.03943485766649246
4010,0.03930811956524849
4011,0.04348718002438545
4012,0.039204906672239304
4013,0.039238341152668
4014,0.03927503898739815
4015,0.03931277617812157
4016,0.03934936597943306
4017,0.03938278555870056
4018,0.0394112654030323
4019,0.039433419704437256
4020,0.03944826126098633
4021,0.03945525363087654
4022,0.03945428133010864
4023,0.03944560885429382
4024,0.03942982852458954
4025,0.039407745003700256
4026,0.039380334317684174
4027,0.03934863209724426
4028,0.03931369632482529
4029,0.039276499301195145
4030,0.03923790901899338
4031,0.03919864818453789
4032,0.03915926814079285
4033,0.03912016749382019
4034,0.039081551134586334
4035,0.03904349356889725
4036,0.03900595009326935
4037,0.03896874189376831
4038,0.03893166407942772
4039,0.03889445587992668
4040,0.03888474404811859
4041,0.038917072117328644
4042,0.03882668912410736
4043,0.038801390677690506
4044,0.0387844480574131
4045,0.03876445069909096
4046,0.038741640746593475
4047,0.038716260343790054
4048,0.03868849575519562
4049,0.03865853697061539
4050,0.03862656280398369
4051,0.038592711091041565
4052,0.038557108491659164
4053,0.03851987421512604
4054,0.03848259896039963
4055,0.03847605735063553
4056,0.038419678807258606
4057,0.03839438408613205
4058,0.038369469344615936
4059,0.03834168612957001
4060,0.03831110894680023
4061,0.038277845829725266
4062,0.03824203088879585
4063,0.038203805685043335
4064,0.03816332295536995
4065,0.038128528743982315
4066,0.03811545670032501
4067,0.03807228058576584
4068,0.03802454099059105
4069,0.037998348474502563
4070,0.03796965628862381
4071,0.03793731704354286
4072,0.03795900568366051
4073,0.037966080009937286
4074,0.0378875769674778
4075,0.03789130225777626
4076,0.03789384290575981
4077,0.03789031133055687
4078,0.03788057714700699
4079,0.037922296673059464
4080,0.03786979988217354
4081,0.037867121398448944
4082,0.03785713016986847
4083,0.03784049302339554
4084,0.037820205092430115
4085,0.037811584770679474
4086,0.0378006286919117
4087,0.037783510982990265
4088,0.037760473787784576
4089,0.037750277668237686
4090,0.03773646429181099
4091,0.03773651272058487
4092,0.03773786872625351
4093,0.03781795874238014
4094,0.037757325917482376
4095,0.03777369111776352
4096,0.03778138756752014
4097,0.037780821323394775
4098,0.03777267411351204
4099,0.03775783255696297
4100,0.03773730993270874
4101,0.03771214187145233
4102,0.037683311849832535
4103,0.03765305131673813
4104,0.03764447569847107
4105,0.0376332588493824
4106,0.03760882094502449
4107,0.037612881511449814
4108,0.03762158378958702
4109,0.03762991353869438
4110,0.03763669729232788
4111,0.03763633966445923
4112,0.03762922063469887
4113,0.03761587291955948
4114,0.037596963346004486
4115,0.037573203444480896
4116,0.03760701045393944
4117,0.037562184035778046
4118,0.03755923733115196
4119,0.03756259009242058
4120,0.037570931017398834
4121,0.03757360577583313
4122,0.03756856918334961
4123,0.03756241500377655
4124,0.037555087357759476
4125,0.037546318024396896
4126,0.03753100335597992
4127,0.03751005604863167
4128,0.03748730197548866
4129,0.03747330605983734
4130,0.03748765587806702
4131,0.037452828139066696
4132,0.03744520619511604
4133,0.03745676204562187
4134,0.037433475255966187
4135,0.03742844983935356
4136,0.03741707280278206
4137,0.03741385042667389
4138,0.037400949746370316
4139,0.03739175200462341
4140,0.037414878606796265
4141,0.037391968071460724
4142,0.03739340975880623
4143,0.03738716244697571
4144,0.037373773753643036
4145,0.03735997527837753
4146,0.0373501181602478
4147,0.037329256534576416
4148,0.03734224662184715
4149,0.03735332936048508
4150,0.0373556911945343
4151,0.03738456964492798
4152,0.0374026745557785
4153,0.037409864366054535
4154,0.03740665316581726
4155,0.037394072860479355
4156,0.03737355023622513
4157,0.03738521784543991
4158,0.03733924403786659
4159,0.037324778735637665
4160,0.03731515631079674
4161,0.037294212728738785
4162,0.0372779555618763
4163,0.03729201853275299
4164,0.0372602641582489
4165,0.037256885319948196
4166,0.03724772483110428
4167,0.037250030785799026
4168,0.0372457318007946
4169,0.037261392921209335
4170,0.03724667429924011
4171,0.03725037723779678
4172,0.03724585846066475
4173,0.037234921008348465
4174,0.0372270867228508
4175,0.03720758855342865
4176,0.0371890626847744
4177,0.03716664016246796
4178,0.03748125582933426
4179,0.03726033493876457
4180,0.037384215742349625
4181,0.03750010207295418
4182,0.03759864717721939
4183,0.037673287093639374
4184,0.037723395973443985
4185,0.0377819761633873
4186,0.03777996823191643
4187,0.037789180874824524
4188,0.037777625024318695
4189,0.03775113821029663
4190,0.03771555423736572
4191,0.037681546062231064
4192,0.03766193240880966
4193,0.03763497993350029
4194,0.03761869668960571
4195,0.0376017764210701
4196,0.03758477792143822
4197,0.03758496791124344
4198,0.03756394237279892
4199,0.03755630552768707
4200,0.037544865161180496
4201,0.03752966970205307
4202,0.03751083090901375
4203,0.037488456815481186
4204,0.037468601018190384
4205,0.037507563829422
4206,0.0374375656247139
4207,0.037431348115205765
4208,0.03742179274559021
4209,0.03740888833999634
4210,0.03739255666732788
4211,0.03737848624587059
4212,0.037365347146987915
4213,0.03734298795461655
4214,0.037322357296943665
4215,0.03730403259396553
4216,0.037284109741449356
4217,0.03726743161678314
4218,0.03724708408117294
4219,0.03722624108195305
4220,0.037200432270765305
4221,0.03717301785945892
4222,0.03716857358813286
4223,0.0371452234685421
4224,0.037129420787096024
4225,0.037119101732969284
4226,0.037102799862623215
4227,0.03708113729953766
4228,0.03706962615251541
4229,0.03704681247472763
4230,0.037017762660980225
4231,0.03699668124318123
4232,0.03697274252772331
4233,0.036956220865249634
4234,0.036935996264219284
4235,0.036912959069013596
4236,0.03707354888319969
4237,0.037035223096609116
4238,0.03717418015003204
4239,0.03730439022183418
4240,0.0374167375266552
4241,0.037504833191633224
4242,0.03756559640169144
4243,0.037599191069602966
4244,0.037608470767736435
4245,0.037598174065351486
4246,0.0375739149749279
4247,0.03754131868481636
4248,0.037505295127630234
4249,0.03749941289424896
4250,0.037492040544748306
4251,0.03744586184620857
4252,0.03743496909737587
4253,0.03742567449808121
4254,0.03741420432925224
4255,0.03740036115050316
4256,0.03739002346992493
4257,0.037409707903862
4258,0.03738535940647125
4259,0.037350043654441833
4260,0.037339821457862854
4261,0.03732519596815109
4262,0.03730671852827072
4263,0.03728480264544487
4264,0.0372597835958004
4265,0.037231914699077606
4266,0.03720139339566231
4267,0.03717196732759476
4268,0.037144724279642105
4269,0.03728257119655609
4270,0.037163835018873215
4271,0.03722750023007393
4272,0.037287261337041855
4273,0.037336889654397964
4274,0.03737178072333336
4275,0.03738937899470329
4276,0.037389256060123444
4277,0.03737287595868111
4278,0.03734306991100311
4279,0.03730345144867897
4280,0.037257783114910126
4281,0.03722497448325157
4282,0.03722161799669266
4283,0.03715857118368149
4284,0.0371415875852108
4285,0.037121713161468506
4286,0.037099745124578476
4287,0.03707614541053772
4288,0.03705105930566788
4289,0.037024401128292084
4290,0.03699597716331482
4291,0.03696553036570549
4292,0.036932844668626785
4293,0.03689776733517647
4294,0.03686026111245155
4295,0.03682038560509682
4296,0.03677830472588539
4297,0.036734264343976974
4298,0.03678439185023308
4299,0.036686744540929794
4300,0.03666919842362404
4301,0.03666255995631218
4302,0.0366537943482399
4303,0.036641791462898254
4304,0.036625590175390244
4305,0.03661123290657997
4306,0.036597833037376404
4307,0.03664739429950714
4308,0.036601368337869644
4309,0.03660968318581581
4310,0.03660794720053673
4311,0.03659595549106598
4312,0.03668682649731636
4313,0.03660481050610542
4314,0.03662598133087158
4315,0.036658160388469696
4316,0.03665296360850334
4317,0.03664165362715721
4318,0.03663581237196922
4319,0.03662020340561867
4320,0.03659733384847641
4321,0.03659142181277275
4322,0.03657851740717888
4323,0.036542054265737534
4324,0.036544494330883026
4325,0.03657831251621246
4326,0.03662289306521416
4327,0.03665698319673538
4328,0.036679789423942566
4329,0.03669125214219093
4330,0.036691971123218536
4331,0.036683090031147
4332,0.036666139960289
4333,0.036642786115407944
4334,0.03663937374949455
4335,0.036645885556936264
4336,0.036602456122636795
4337,0.03659173846244812
4338,0.03658346086740494
4339,0.0365704670548439
4340,0.03655688092112541
4341,0.036554113030433655
4342,0.03654060512781143
4343,0.0365368127822876
4344,0.036526814103126526
4345,0.03651116043329239
4346,0.03649047389626503
4347,0.03687376156449318
4348,0.03663444519042969
4349,0.03681102395057678
4350,0.03697987273335457
4351,0.03712780773639679
4352,0.03724544122815132
4353,0.037328120321035385
4354,0.03737584501504898
4355,0.03739255294203758
4356,0.03738477826118469
4357,0.03736027330160141
4358,0.03736414760351181
4359,0.037371791899204254
4360,0.037323255091905594
4361,0.03728765249252319
4362,0.03728164732456207
4363,0.03727424144744873
4364,0.037265848368406296
4365,0.0372561477124691
4366,0.03724438324570656
4367,0.037231191992759705
4368,0.03723395615816116
4369,0.037210457026958466
4370,0.03717995434999466
4371,0.03715667873620987
4372,0.03712884336709976
4373,0.037097226828336716
4374,0.03711530193686485
4375,0.03708058223128319
4376,0.03709925338625908
4377,0.03711605444550514
4378,0.03712841123342514
4379,0.03713405504822731
4380,0.03713132068514824
4381,0.03729603812098503
4382,0.037176620215177536
4383,0.03722110018134117
4384,0.037249114364385605
4385,0.03725907951593399
4386,0.03725152835249901
4387,0.037228669971227646
4388,0.03719383850693703
4389,0.03715085610747337
4390,0.03710341081023216
4391,0.03705462068319321
4392,0.03700673207640648
4393,0.03696103394031525
4394,0.03691790625452995
4395,0.036876991391181946
4396,0.036837443709373474
4397,0.036798156797885895
4398,0.03675799444317818
4399,0.03671598061919212
4400,0.03667142987251282
4401,0.03662396967411041
4402,0.036573585122823715
4403,0.03682593256235123
4404,0.0365242138504982
4405,0.03653637319803238
4406,0.03655406832695007
4407,0.03657420352101326
4408,0.036608364433050156
4409,0.03662296384572983
4410,0.03664479777216911
4411,0.03665691986680031
4412,0.0366542674601078
4413,0.03663703799247742
4414,0.03660696744918823
4415,0.03657997027039528
4416,0.036583613604307175
4417,0.036524415016174316
4418,0.036499809473752975
4419,0.03648275136947632
4420,0.03645931929349899
4421,0.036439113318920135
4422,0.03642744943499565
4423,0.0364062562584877
4424,0.036370351910591125
4425,0.03634170442819595
4426,0.03631846234202385
4427,0.03643408417701721
4428,0.0363682396709919
4429,0.03644194453954697
4430,0.03650866821408272
4431,0.03656433895230293
4432,0.03660598769783974
4433,0.03663215786218643
4434,0.03664294630289078
4435,0.036639828234910965
4436,0.03663435950875282
4437,0.03664151206612587
4438,0.036614276468753815
4439,0.036593902856111526
4440,0.036575283855199814
4441,0.03655695170164108
4442,0.036535028368234634
4443,0.03651062771677971
4444,0.036488790065050125
4445,0.036471448838710785
4446,0.0364646315574646
4447,0.036447443068027496
4448,0.036413248628377914
4449,0.03639695420861244
4450,0.036376211792230606
4451,0.03635144606232643
4452,0.03632299602031708
4453,0.03635518625378609
4454,0.03629317134618759
4455,0.03629176318645477
4456,0.03628603741526604
4457,0.03627515584230423
4458,0.03626353666186333
4459,0.036265332251787186
4460,0.03622404485940933
4461,0.036202557384967804
4462,0.03617481142282486
4463,0.036141686141490936
4464,0.03622300177812576
4465,0.03614049777388573
4466,0.03616869077086449
4467,0.03618663176894188
4468,0.036193206906318665
4469,0.03618842363357544
4470,0.0361732579767704
4471,0.03632314130663872
4472,0.03619656339287758
4473,0.03622891381382942
4474,0.036246635019779205
4475,0.036380209028720856
4476,0.036321595311164856
4477,0.03637484461069107
4478,0.036409683525562286
4479,0.03642680495977402
4480,0.03642837703227997
4481,0.03641747683286667
4482,0.03639757260680199
4483,0.03637195751070976
4484,0.03634332865476608
4485,0.03631358966231346
4486,0.036283764988183975
4487,0.03625410050153732
4488,0.036224253475666046
4489,0.03713781386613846
4490,0.0363350436091423
4491,0.03649692237377167
4492,0.03666488826274872
4493,0.03682459890842438
4494,0.036963801831007004
4495,0.037073954939842224
4496,0.03715099021792412
4497,0.03719520941376686
4498,0.03727102652192116
4499,0.037239670753479004
4500,0.037230316549539566
4501,0.03722032159566879
4502,0.037198979407548904
4503,0.03717176616191864
4504,0.03714292123913765
4505,0.0371151901781559
4506,0.03708979859948158
4507,0.03706667572259903
4508,0.03714441880583763
4509,0.0370434932410717
4510,0.037026070058345795
4511,0.037008531391620636
4512,0.036985330283641815
4513,0.03695707023143768
4514,0.0369243398308754
4515,0.036887750029563904
4516,0.036847859621047974
4517,0.036805178970098495
4518,0.03676015883684158
4519,0.03671314939856529
4520,0.036667581647634506
4521,0.036625027656555176
4522,0.03662387654185295
4523,0.03662718087434769
4524,0.036629706621170044
4525,0.03669854626059532
4526,0.03676164895296097
4527,0.036811068654060364
4528,0.036841295659542084
4529,0.036849815398454666
4530,0.03683703392744064
4531,0.03680575639009476
4532,0.036760371178388596
4533,0.036705952137708664
4534,0.03664734214544296
4535,0.03658856824040413
4536,0.03653242439031601
4537,0.0364803671836853
4538,0.03643261268734932
4539,0.03638841584324837
4540,0.03634638339281082
4541,0.03630485758185387
4542,0.03626221418380737
4543,0.036286674439907074
4544,0.03624172508716583
4545,0.036158978939056396
4546,0.036131370812654495
4547,0.03610778599977493
4548,0.03609098121523857
4549,0.03607708215713501
4550,0.03606108948588371
4551,0.03604215383529663
4552,0.03601991757750511
4553,0.03601351007819176
4554,0.03600135073065758
4555,0.03598211333155632
4556,0.035955626517534256
4557,0.03592228516936302
4558,0.03588296100497246
4559,0.03583976626396179
4560,0.03586919605731964
4561,0.03587620332837105
4562,0.03582991659641266
4563,0.03581491857767105
4564,0.0358172282576561
4565,0.035811711102724075
4566,0.035800110548734665
4567,0.03578069806098938
4568,0.03575962781906128
4569,0.03573214262723923
4570,0.03584308549761772
4571,0.03574586659669876
4572,0.03578117489814758
4573,0.03580445796251297
4574,0.03581552952528
4575,0.035814978182315826
4576,0.03589232638478279
4577,0.0358261875808239
4578,0.03583555668592453
4579,0.035833388566970825
4580,0.03582140803337097
4581,0.03580155223608017
4582,0.0357757993042469
4583,0.03576495870947838
4584,0.03575419634580612
4585,0.03573211282491684
4586,0.0357341468334198
4587,0.03572893142700195
4588,0.03572213649749756
4589,0.03570891544222832
4590,0.035689905285835266
4591,0.03566587716341019
4592,0.03564302995800972
4593,0.03561583533883095
4594,0.03558303788304329
4595,0.035596176981925964
4596,0.035561222583055496
4597,0.03556940704584122
4598,0.03569317236542702
4599,0.03565005213022232
4600,0.03572322428226471
4601,0.03578322008252144
4602,0.035824865102767944
4603,0.03584570065140724
4604,0.0358460433781147
4605,0.035833992063999176
4606,0.03590594604611397
4607,0.0357995480298996
4608,0.03578807786107063
4609,0.03576705977320671
4610,0.03573938086628914
4611,0.03570803627371788
4612,0.03567522391676903
4613,0.03564225509762764
4614,0.035646408796310425
4615,0.03563134744763374
4616,0.03560401126742363
4617,0.035604242235422134
4618,0.0355980210006237
4619,0.035589538514614105
4620,0.03557392954826355
4621,0.03555331379175186
4622,0.035530801862478256
4623,0.03550378233194351
4624,0.035517431795597076
4625,0.035468436777591705
4626,0.03545887768268585
4627,0.03544501215219498
4628,0.03543343394994736
4629,0.03543248027563095
4630,0.035421401262283325
4631,0.03541748970746994
4632,0.03540464863181114
4633,0.03538322448730469
4634,0.03547891974449158
4635,0.0353991836309433
4636,0.035431403666734695
4637,0.035449471324682236
4638,0.03545577824115753
4639,0.03545462712645531
4640,0.03544222563505173
4641,0.03547436371445656
4642,0.03544991835951805
4643,0.035467490553855896
4644,0.03547164797782898
4645,0.03546421229839325
4646,0.03544745221734047
4647,0.03542378172278404
4648,0.035395339131355286
4649,0.0355692021548748
4650,0.03542395308613777
4651,0.035481490194797516
4652,0.035529859364032745
4653,0.035572756081819534
4654,0.035629164427518845
4655,0.03567221760749817
4656,0.03569156304001808
4657,0.035688649863004684
4658,0.035667210817337036
4659,0.03563227877020836
4660,0.035718996077775955
4661,0.035668037831783295
4662,0.035768356174230576
4663,0.03588206321001053
4664,0.03596844524145126
4665,0.03602646663784981
4666,0.03605799749493599
4667,0.0360671691596508
4668,0.03605939820408821
4669,0.036040350794792175
4670,0.036015089601278305
4671,0.03598744049668312
4672,0.03595976158976555
4673,0.03593296557664871
4674,0.03590675815939903
4675,0.035880059003829956
4676,0.03585139662027359
4677,0.03603772446513176
4678,0.035796310752630234
4679,0.03577318415045738
4680,0.035748839378356934
4681,0.0357220396399498
4682,0.035691551864147186
4683,0.035656269639730453
4684,0.03561531752347946
4685,0.036616504192352295
4686,0.035987939685583115
4687,0.036504633724689484
4688,0.03704234957695007
4689,0.037529356777668
4690,0.037910476326942444
4691,0.03815503045916557
4692,0.038258686661720276
4693,0.0382395014166832
4694,0.03813023492693901
4695,0.037969451397657394
4696,0.03779374435544014
4697,0.03779267892241478
4698,0.03754527121782303
4699,0.03748156875371933
4700,0.037445176392793655
4701,0.03743457794189453
4702,0.037444453686475754
4703,0.03746743127703667
4704,0.03749561309814453
4705,0.03752174228429794
4706,0.03754004091024399
4707,0.03754650801420212
4708,0.03753913938999176
4709,0.03751765564084053
4710,0.037483226507902145
4711,0.03743807598948479
4712,0.037384994328022
4713,0.03732694685459137
4714,0.03726667910814285
4715,0.0372065007686615
4716,0.03714804723858833
4717,0.03709227591753006
4718,0.03703942149877548
4719,0.037040144205093384
4720,0.036977991461753845
4721,0.03692986071109772
4722,0.0369076244533062
4723,0.03688330948352814
4724,0.03685479611158371
4725,0.03682074323296547
4726,0.03678060695528984
4727,0.03673465549945831
4728,0.036687228828668594
4729,0.036658696830272675
4730,0.03662602975964546
4731,0.036574289202690125
4732,0.036510828882455826
4733,0.03650415688753128
4734,0.036450594663619995
4735,0.03642992675304413
4736,0.03640458732843399
4737,0.03637529909610748
4738,0.0363427959382534
4739,0.036307793110609055
4740,0.036270871758461
4741,0.03623248636722565
4742,0.036192961037158966
4743,0.03615772724151611
4744,0.03613610938191414
4745,0.0361161008477211
4746,0.03610248863697052
4747,0.036075469106435776
4748,0.03604910522699356
4749,0.03602449968457222
4750,0.0359966978430748
4751,0.0359659269452095
4752,0.03593246638774872
4753,0.03589659929275513
4754,0.03585865721106529
4755,0.03583221510052681
4756,0.035794131457805634
4757,0.03575247898697853
4758,0.0357188880443573
4759,0.035797230899333954
4760,0.035733386874198914
4761,0.03578629344701767
4762,0.035835154354572296
4763,0.03587418794631958
4764,0.0358993299305439
4765,0.035908594727516174
4766,0.03590209782123566
4767,0.03588166460394859
4768,0.03586114943027496
4769,0.03584640473127365
4770,0.03580303117632866
4771,0.03577809035778046
4772,0.035748664289712906
4773,0.03571691736578941
4774,0.03568445146083832
4775,0.03565221279859543
4776,0.03562280908226967
4777,0.03560354560613632
4778,0.035580847412347794
4779,0.03554799035191536
4780,0.03551077842712402
4781,0.035480234771966934
4782,0.03544872999191284
4783,0.03541480004787445
4784,0.0353805236518383
4785,0.0353483185172081
4786,0.03531454876065254
4787,0.03527972102165222
4788,0.03524424508213997
4789,0.03520847484469414
4790,0.03517532721161842
4791,0.035143740475177765
4792,0.03511247783899307
4793,0.03508257493376732
4794,0.03505110740661621
4795,0.03502533584833145
4796,0.03499652072787285
4797,0.03497545048594475
4798,0.03494282066822052
4799,0.03491708263754845
4800,0.03493533283472061
4801,0.034905385226011276
4802,0.03491613641381264
4803,0.03491928428411484
4804,0.034914787858724594
4805,0.03586294502019882
4806,0.03540407121181488
4807,0.036083292216062546
4808,0.03683573380112648
4809,0.037555817514657974
4810,0.03815460577607155
4811,0.03857336565852165
4812,0.03878985717892647
4813,0.03881633281707764
4814,0.03869091719388962
4815,0.03846565634012222
4816,0.03819465637207031
4817,0.038244765251874924
4818,0.037838973104953766
4819,0.037745241075754166
4820,0.03766040503978729
4821,0.03759438171982765
4822,0.037550751119852066
4823,0.037528108805418015
4824,0.03752170503139496
4825,0.03752509132027626
4826,0.03753158450126648
4827,0.037535250186920166
4828,0.037531640380620956
4829,0.03751804679632187
4830,0.037493523210287094
4831,0.03745867684483528
4832,0.03741525486111641
4833,0.037365783005952835
4834,0.0373130738735199
4835,0.03725985065102577
4836,0.0372084379196167
4837,0.03716055303812027
4838,0.03711714968085289
4839,0.03707844018936157
4840,0.03704399988055229
4841,0.03701283782720566
4842,0.036983683705329895
4843,0.03697412461042404
4844,0.03694859519600868
4845,0.03690362349152565
4846,0.037076953798532486
4847,0.036892544478178024
4848,0.03690188750624657
4849,0.036903124302625656
4850,0.036894477903842926
4851,0.036875493824481964
4852,0.036846913397312164
4853,0.03681039437651634
4854,0.03676814213395119
4855,0.03672250360250473
4856,0.03667571395635605
4857,0.036629561334848404
4858,0.03660031780600548
4859,0.036571938544511795
4860,0.03654074668884277
4861,0.03650719299912453
4862,0.036471858620643616
4863,0.03643522411584854
4864,0.036398887634277344
4865,0.03637145832180977
4866,0.0363425686955452
4867,0.03631215542554855
4868,0.03628021478652954
4869,0.03633543848991394
4870,0.03624018281698227
4871,0.03623387962579727
4872,0.0362270213663578
4873,0.036218561232089996
4874,0.03620751574635506
4875,0.03619306907057762
4876,0.0361831896007061
4877,0.03616967424750328
4878,0.03614964708685875
4879,0.03612733259797096
4880,0.03610873967409134
4881,0.03608602285385132
4882,0.03606065735220909
4883,0.03603310137987137
4884,0.03600536286830902
4885,0.035975195467472076
4886,0.03594180941581726
4887,0.035908833146095276
4888,0.03587503358721733
4889,0.0358407199382782
4890,0.035806458443403244
4891,0.035769931972026825
4892,0.03576873242855072
4893,0.035724472254514694
4894,0.03571097552776337
4895,0.035693999379873276
4896,0.03567381203174591
4897,0.03565065562725067
4898,0.03562479838728905
4899,0.03559650108218193
4900,0.035566020756959915
4901,0.0355336032807827
4902,0.035553477704524994
4903,0.03551255539059639
4904,0.03552594035863876
4905,0.035536881536245346
4906,0.035543009638786316
4907,0.03554264083504677
4908,0.035534895956516266
4909,0.03556434065103531
4910,0.035529591143131256
4911,0.035525038838386536
4912,0.035516783595085144
4913,0.035500381141901016
4914,0.03547720983624458
4915,0.03544902428984642
4916,0.03541763126850128
4917,0.03547590970993042
4918,0.03538693115115166
4919,0.03538305684924126
4920,0.03537368401885033
4921,0.03535960242152214
4922,0.03534165397286415
4923,0.035320647060871124
4924,0.035297293215990067
4925,0.03527214750647545
4926,0.035245612263679504
4927,0.035217948257923126
4928,0.03518928959965706
4929,0.03515966981649399
4930,0.03512907028198242
4931,0.0351141020655632
4932,0.03510482609272003
4933,0.035077136009931564
4934,0.03503228724002838
4935,0.0350055918097496
4936,0.0349857397377491
4937,0.034964144229888916
4938,0.03494086116552353
4939,0.03491592034697533
4940,0.034889351576566696
4941,0.034861207008361816
4942,0.03483155369758606
4943,0.03480049967765808
4944,0.03478110581636429
4945,0.03474718704819679
4946,0.03472395986318588
4947,0.03470063954591751
4948,0.03475486487150192
4949,0.034675441682338715
4950,0.03468016907572746
4951,0.03467172011733055
4952,0.03466694802045822
4953,0.0346592552959919
4954,0.034759096801280975
4955,0.03466709703207016
4956,0.0346897728741169
4957,0.03470813110470772
4958,0.03471794351935387
4959,0.034723203629255295
4960,0.03475815802812576
4961,0.034774672240018845
4962,0.03481359779834747
4963,0.03483299911022186
4964,0.034834157675504684
4965,0.03482075780630112
4966,0.03489760309457779
4967,0.03480824455618858
4968,0.03480404615402222
4969,0.03479265794157982
4970,0.034779906272888184
4971,0.03476371616125107
4972,0.03474937006831169
4973,0.03473256528377533
4974,0.03471215441823006
4975,0.03468935564160347
4976,0.034665051847696304
4977,0.03463979437947273
4978,0.03526303544640541
4979,0.03473643958568573
4980,0.0348842516541481
4981,0.03503887355327606
4982,0.035183135420084
4983,0.03537307679653168
4984,0.03554470092058182
4985,0.03556680679321289
4986,0.03562883660197258
4987,0.035679202526807785
4988,0.03568582609295845
4989,0.03565726801753044
4990,0.035604652017354965
4991,0.03553953394293785
4992,0.03547215089201927
4993,0.035410236567258835
4994,0.03535853698849678
4995,0.035428211092948914
4996,0.03540349751710892
4997,0.03532736748456955
4998,0.035324327647686005
4999,0.03532715514302254
5000,0.0353257842361927
5001,0.035320717841386795
5002,0.03531235456466675
5003,0.03530104085803032
5004,0.035287048667669296
5005,0.03527059406042099
5006,0.03525187075138092
5007,0.03523103892803192
5008,0.03520822152495384
5009,0.035183556377887726
5010,0.035157158970832825
5011,0.0351291261613369
5012,0.035099588334560394
5013,0.035074930638074875
5014,0.03504691272974014
5015,0.0350235290825367
5016,0.035004064440727234
5017,0.034989237785339355
5018,0.034977491945028305
5019,0.034962594509124756
5020,0.03494415432214737
5021,0.0349220409989357
5022,0.03489640727639198
5023,0.03487537056207657
5024,0.03485072776675224
5025,0.03483046963810921
5026,0.03483008220791817
5027,0.03479795902967453
5028,0.03478282317519188
5029,0.03476349636912346
5030,0.03474167734384537
5031,0.034725215286016464
5032,0.03469765931367874
5033,0.03468037396669388
5034,0.03466256707906723
5035,0.03464436158537865
5036,0.03462314233183861
5037,0.0346657857298851
5038,0.03460949659347534
5039,0.034614529460668564
5040,0.034614358097314835
5041,0.0346091091632843
5042,0.034599095582962036
5043,0.03458480164408684
5044,0.03461436927318573
5045,0.03456743806600571
5046,0.0345628596842289
5047,0.034553270787000656
5048,0.03453906252980232
5049,0.03452078253030777
5050,0.03449905663728714
5051,0.03464494273066521
5052,0.034509848803281784
5053,0.03455164656043053
5054,0.03459152206778526
5055,0.034622419625520706
5056,0.03466732054948807
5057,0.03473681956529617
5058,0.03469731658697128
5059,0.03471783548593521
5060,0.03471679985523224
5061,0.03469732776284218
5062,0.03466419503092766
5063,0.03462287038564682
5064,0.03457850590348244
5065,0.034535299986600876
5066,0.03451009467244148
5067,0.0345374271273613
5068,0.03448311239480972
5069,0.0344894602894783
5070,0.03449074551463127
5071,0.03448733314871788
5072,0.034479569643735886
5073,0.03446783125400543
5074,0.034473538398742676
5075,0.03444831073284149
5076,0.0344393327832222
5077,0.03446236252784729
5078,0.03443468362092972
5079,0.03443824127316475
5080,0.034436509013175964
5081,0.03442949056625366
5082,0.034417349845170975
5083,0.03440042585134506
5084,0.034382808953523636
5085,0.03436693549156189
5086,0.03435662388801575
5087,0.03434339165687561
5088,0.03432547301054001
5089,0.03430343419313431
5090,0.034277938306331635
5091,0.03431413322687149
5092,0.03425551578402519
5093,0.034264132380485535
5094,0.034264352172613144
5095,0.034266047179698944
5096,0.03433657065033913
5097,0.03431981801986694
5098,0.03436797112226486
5099,0.034402988851070404
5100,0.03442411124706268
5101,0.034431979060173035
5102,0.03442835435271263
5103,0.03441569209098816
5104,0.034406378865242004
5105,0.03446842357516289
5106,0.03439878672361374
5107,0.03440913185477257
5108,0.03441072627902031
5109,0.03440415859222412
5110,0.034390535205602646
5111,0.03437123820185661
5112,0.03434770926833153
5113,0.03432125970721245
5114,0.03429291024804115
5115,0.03426338732242584
5116,0.03423304483294487
5117,0.03421199694275856
5118,0.034246135503053665
5119,0.034166865050792694
5120,0.03415520116686821
5121,0.03414022922515869
5122,0.034122150391340256
5123,0.03412114828824997
5124,0.03409161418676376
5125,0.03408167138695717
5126,0.03406895324587822
5127,0.034082602709531784
5128,0.034056685864925385
5129,0.03476564958691597
5130,0.03448820859193802
5131,0.03498959168791771
5132,0.03548135235905647
5133,0.035898011177778244
5134,0.0361957885324955
5135,0.03635755926370621
5136,0.03639160469174385
5137,0.036325257271528244
5138,0.03619956225156784
5139,0.03655901178717613
5140,0.036246974021196365
5141,0.03634970262646675
5142,0.036457985639572144
5143,0.03645501658320427
5144,0.03647231310606003
5145,0.03646086901426315
5146,0.03643481433391571
5147,0.036405812948942184
5148,0.03638194128870964
5149,0.03636745736002922
5150,0.03636316582560539
5151,0.0363672636449337
5152,0.03637632727622986
5153,0.036386292427778244
5154,0.036393262445926666
5155,0.03643526881933212
5156,0.03638678789138794
5157,0.036370787769556046
5158,0.036347683519124985
5159,0.036319322884082794
5160,0.036287643015384674
5161,0.036254364997148514
5162,0.03622087836265564
5163,0.036188121885061264
5164,0.03615656867623329
5165,0.03612624481320381
5166,0.036096833646297455
5167,0.036067768931388855
5168,0.03603840619325638
5169,0.03600809723138809
5170,0.03597632795572281
5171,0.035942740738391876
5172,0.03594495728611946
5173,0.03588781878352165
5174,0.03586375713348389
5175,0.03583887591958046
5176,0.035810258239507675
5177,0.035778239369392395
5178,0.03574340045452118
5179,0.035706423223018646
5180,0.0356680303812027
5181,0.03562885895371437
5182,0.035589445382356644
5183,0.035558298230171204
5184,0.035525500774383545
5185,0.03548666089773178
5186,0.03549359738826752
5187,0.03543195128440857
5188,0.03540634363889694
5189,0.035379085689783096
5190,0.035350263118743896
5191,0.03531999886035919
5192,0.03528842702507973
5193,0.03525567799806595
5194,0.03522191569209099
5195,0.03518729284405708
5196,0.035151947289705276
5197,0.03512096777558327
5198,0.035096317529678345
5199,0.03505543991923332
5200,0.03502744063735008
5201,0.034999385476112366
5202,0.03496994823217392
5203,0.03493919223546982
5204,0.03490723669528961
5205,0.03487421199679375
5206,0.03486354276537895
5207,0.034814849495887756
5208,0.034787971526384354
5209,0.0347595289349556
5210,0.034729551523923874
5211,0.03469812497496605
5212,0.03467487543821335
5213,0.03465007245540619
5214,0.03462671861052513
5215,0.03461671248078346
5216,0.034604642540216446
5217,0.034588512033224106
5218,0.03456714376807213
5219,0.03454021364450455
5220,0.03450816124677658
5221,0.03447195515036583
5222,0.03443286567926407
5223,0.034411583095788956
5224,0.03436989709734917
5225,0.034333985298871994
5226,0.034303925931453705
5227,0.0342724472284317
5228,0.03424006327986717
5229,0.034209638833999634
5230,0.03419465571641922
5231,0.034181736409664154
5232,0.03416707366704941
5233,0.03414961323142052
5234,0.03412867709994316
5235,0.03410403057932854
5236,0.03407750278711319
5237,0.03405647724866867
5238,0.03403100371360779
5239,0.034003280103206635
5240,0.033979397267103195
5241,0.03395441174507141
5242,0.03392983600497246
5243,0.033901557326316833
5244,0.03393833711743355
5245,0.033900778740644455
5246,0.03396886959671974
5247,0.03396255522966385
5248,0.033972252160310745
5249,0.0339990109205246
5250,0.034011926501989365
5251,0.03401093930006027
5252,0.03399764373898506
5253,0.033974695950746536
5254,0.033945295959711075
5255,0.033912573009729385
5256,0.033879123628139496
5257,0.03384676203131676
5258,0.0338660292327404
5259,0.03381405770778656
5260,0.03380756825208664
5261,0.03379743918776512
5262,0.033784061670303345
5263,0.033767759799957275
5264,0.03381706401705742
5265,0.033766817301511765
5266,0.03374829515814781
5267,0.033754292875528336
5268,0.03376660495996475
5269,0.0337778739631176
5270,0.03379151225090027
5271,0.033798035234212875
5272,0.03379635512828827
5273,0.0337863527238369
5274,0.033768750727176666
5275,0.03374490886926651
5276,0.033716537058353424
5277,0.03368537873029709
5278,0.03375162184238434
5279,0.03372635692358017
5280,0.033772584050893784
5281,0.03377918154001236
5282,0.033821217715740204
5283,0.033848635852336884
5284,0.03386029601097107
5285,0.03385710343718529
5286,0.033841561526060104
5287,0.03381707891821861
5288,0.03381931781768799
5289,0.033773742616176605
5290,0.033755723387002945
5291,0.03375120088458061
5292,0.03378002718091011
5293,0.03372730687260628
5294,0.033729881048202515
5295,0.03373217582702637
5296,0.03372832015156746
5297,0.0337243527173996
5298,0.03371589258313179
5299,0.03370349854230881
5300,0.03368773311376572
5301,0.033684827387332916
5302,0.03366658091545105
5303,0.0336432158946991
5304,0.033630020916461945
5305,0.03361421823501587
5306,0.03359539061784744
5307,0.03357619047164917
5308,0.033645953983068466
5309,0.03359195590019226
5310,0.03363574668765068
5311,0.03367684781551361
5312,0.033708322793245316
5313,0.033893294632434845
5314,0.033827509731054306
5315,0.03390556946396828
5316,0.033953871577978134
5317,0.033971838653087616
5318,0.033963385969400406
5319,0.033978428691625595
5320,0.033927660435438156
5321,0.033900316804647446
5322,0.03390263020992279
5323,0.03399394825100899
5324,0.033997949212789536
5325,0.0341360941529274
5326,0.03426094353199005
5327,0.03435596451163292
5328,0.034411948174238205
5329,0.034427158534526825
5330,0.03448406979441643
5331,0.03441804274916649
5332,0.03439822047948837
5333,0.03435591235756874
5334,0.03430105745792389
5335,0.03424684330821037
5336,0.03419976308941841
5337,0.03416239842772484
5338,0.03413521870970726
5339,0.03411247208714485
5340,0.03409145772457123
5341,0.03407137840986252
5342,0.03440696746110916
5343,0.034123148769140244
5344,0.03427965193986893
5345,0.03448472172021866
5346,0.03470054641366005
5347,0.03489317744970322
5348,0.03503718599677086
5349,0.03511840105056763
5350,0.035134270787239075
5351,0.03509223833680153
5352,0.035006631165742874
5353,0.034895043820142746
5354,0.03477492928504944
5355,0.03490748628973961
5356,0.03464144840836525
5357,0.03461705893278122
5358,0.034593261778354645
5359,0.03460961952805519
5360,0.03462335467338562
5361,0.03466257452964783
5362,0.03469206392765045
5363,0.03471283242106438
5364,0.03472587466239929
5365,0.0347343347966671
5366,0.03479217365384102
5367,0.034760598093271255
5368,0.034775517880916595
5369,0.03478236123919487
5370,0.0347817987203598
5371,0.03477456420660019
5372,0.034761376678943634
5373,0.034742970019578934
5374,0.03472012281417847
5375,0.03470148891210556
5376,0.03468160331249237
5377,0.0346614345908165
5378,0.034639932215213776
5379,0.03461449593305588
5380,0.03458559513092041
5381,0.034553661942481995
5382,0.03451909124851227
5383,0.03448227047920227
5384,0.03450293838977814
5385,0.034427933394908905
5386,0.034408606588840485
5387,0.03438567370176315
5388,0.03435931354761124
5389,0.03433246538043022
5390,0.03431800752878189
5391,0.034288451075553894
5392,0.034268949180841446
5393,0.034245170652866364
5394,0.0342218354344368
5395,0.03422318026423454
5396,0.03419346734881401
5397,0.034177616238594055
5398,0.034165773540735245
5399,0.034147750586271286
5400,0.03414485603570938
5401,0.03411132097244263
5402,0.03411028906702995
5403,0.034082747995853424
5404,0.034066565334796906
5405,0.034044623374938965
5406,0.03401785343885422
5407,0.03400401026010513
5408,0.03412356227636337
5409,0.03405497968196869
5410,0.0341377891600132
5411,0.034209247678518295
5412,0.03426514193415642
5413,0.03430315479636192
5414,0.03432299941778183
5415,0.03432616591453552
5416,0.03431544825434685
5417,0.034308090806007385
5418,0.03432950749993324
5419,0.034284330904483795
5420,0.03427579253911972
5421,0.03426508978009224
5422,0.03424913063645363
5423,0.03425806015729904
5424,0.03422653302550316
5425,0.03421805426478386
5426,0.03420519083738327
5427,0.03418872505426407
5428,0.03416924923658371
5429,0.03414720296859741
5430,0.034461285918951035
5431,0.03426790609955788
5432,0.03447844833135605
5433,0.03471871465444565
5434,0.03495323657989502
5435,0.03515208885073662
5436,0.035294853150844574
5437,0.035372525453567505
5438,0.03538710996508598
5439,0.03534939885139465
5440,0.035275451838970184
5441,0.03527648746967316
5442,0.03526034951210022
5443,0.035088058561086655
5444,0.035056695342063904
5445,0.035028718411922455
5446,0.03500741720199585
5447,0.03499353677034378
5448,0.03498586267232895
5449,0.03498193249106407
5450,0.03497874364256859
5451,0.03497336804866791
5452,0.034963395446538925
5453,0.034947190433740616
5454,0.034923989325761795
5455,0.03518427908420563
5456,0.034917328506708145
5457,0.03499053791165352
5458,0.035098351538181305
5459,0.035222653299570084
5460,0.03534528240561485
5461,0.035450682044029236
5462,0.0355277881026268
5463,0.035570960491895676
5464,0.03557997941970825
5465,0.03555907681584358
5466,0.035515543073415756
5467,0.0354580320417881
5468,0.0353950597345829
5469,0.035333797335624695
5470,0.03527934104204178
5471,0.0352344736456871
5472,0.035209644585847855
5473,0.03526782989501953
5474,0.03532179817557335
5475,0.035190969705581665
5476,0.035208240151405334
5477,0.035220205783843994
5478,0.035227034240961075
5479,0.03522888571023941
5480,0.03522590547800064
5481,0.035218287259340286
5482,0.03520626947283745
5483,0.035190146416425705
5484,0.035170264542102814
5485,0.035147011280059814
5486,0.035120777785778046
5487,0.035091958940029144
5488,0.03506091982126236
5489,0.035027991980314255
5490,0.03499344736337662
5491,0.03495752066373825
5492,0.03492039442062378
5493,0.03488220274448395
5494,0.03484304994344711
5495,0.03480302169919014
5496,0.0347621850669384
5497,0.03472059592604637
5498,0.034678325057029724
5499,0.03463543578982353
5500,0.034592002630233765
5501,0.034548092633485794
5502,0.034503787755966187
5503,0.03445916622877121
5504,0.034414295107126236
5505,0.03436923399567604
5506,0.034324049949645996
5507,0.03427877277135849
5508,0.034233447164297104
5509,0.03418809175491333
5510,0.03414272144436836
5511,0.0341353639960289
5512,0.034101489931344986
5513,0.03404305875301361
5514,0.03398965299129486
5515,0.033957723528146744
5516,0.033938802778720856
5517,0.033903684467077255
5518,0.03387591615319252
5519,0.033850423991680145
5520,0.033821288496255875
5521,0.03379589691758156
5522,0.03376479819417
5523,0.0337316058576107
5524,0.033702388405799866
5525,0.03366946429014206
5526,0.0336335115134716
5527,0.03360801562666893
5528,0.03356875479221344
5529,0.033538613468408585
5530,0.033509399741888046
5531,0.033477865159511566
5532,0.03344449773430824
5533,0.03340970724821091
5534,0.033373814076185226
5535,0.033348605036735535
5536,0.033356308937072754
5537,0.03330349549651146
5538,0.033301401883363724
5539,0.03329741954803467
5540,0.03328952193260193
5541,0.03327620401978493
5542,0.033256661146879196
5543,0.03323080390691757
5544,0.03357205167412758
5545,0.03330444544553757
5546,0.033400632441043854
5547,0.03347979858517647
5548,0.03353689983487129
5549,0.03358031064271927
5550,0.033632926642894745
5551,0.03366933390498161
5552,0.033709775656461716
5553,0.03370462730526924
5554,0.03370518609881401
5555,0.033686164766550064
5556,0.03365404158830643
5557,0.03361525386571884
5558,0.033575255423784256
5559,0.03360209986567497
5560,0.03353177383542061
5561,0.0335233099758625
5562,0.03351537138223648
5563,0.03351331129670143
5564,0.0334986113011837
5565,0.03349311277270317
5566,0.03348017856478691
5567,0.03346479311585426
5568,0.03344828635454178
5569,0.03342801705002785
5570,0.033404503017663956
5571,0.03337819501757622
5572,0.03334948047995567
5573,0.033318668603897095
5574,0.033285997807979584
5575,0.03325166925787926
5576,0.03324717655777931
5577,0.03320656716823578
5578,0.03319944813847542
5579,0.03319133073091507
5580,0.03323396295309067
5581,0.03319505229592323
5582,0.033202122896909714
5583,0.03319818153977394
5584,0.033192962408065796
5585,0.03316968306899071
5586,0.0331454835832119
5587,0.03311516344547272
5588,0.033542804419994354
5589,0.03321969136595726
5590,0.03334469720721245
5591,0.03344612196087837
5592,0.03351980075240135
5593,0.03356531634926796
5594,0.03358552232384682
5595,0.03358560428023338
5596,0.03357184678316116
5597,0.03406602144241333
5598,0.033778753131628036
5599,0.03400631994009018
5600,0.03420859947800636
5601,0.034367699176073074
5602,0.03447449207305908
5603,0.03452876955270767
5604,0.03453773632645607
5605,0.0346049889922142
5606,0.03452450782060623
5607,0.03450240194797516
5608,0.034477438777685165
5609,0.034448739141225815
5610,0.034422677010297775
5611,0.03441322222352028
5612,0.03441031649708748
5613,0.03440188616514206
5614,0.034405000507831573
5615,0.034405507147312164
5616,0.034402381628751755
5617,0.034394748508930206
5618,0.034382082521915436
5619,0.034364260733127594
5620,0.034341584891080856
5621,0.034314654767513275
5622,0.0342843197286129
5623,0.03425149992108345
5624,0.034217070788145065
5625,0.034221209585666656
5626,0.034155916422605515
5627,0.0341351181268692
5628,0.034117333590984344
5629,0.03410009294748306
5630,0.03408101573586464
5631,0.03405812755227089
5632,0.03403017669916153
5633,0.03399668633937836
5634,0.033962320536375046
5635,0.03397894650697708
5636,0.0339130163192749
5637,0.03389587998390198
5638,0.03387146443128586
5639,0.033888328820466995
5640,0.03386161848902702
5641,0.03387386351823807
5642,0.03392038121819496
5643,0.03390370309352875
5644,0.03391701355576515
5645,0.033914148807525635
5646,0.033896442502737045
5647,0.033866774290800095
5648,0.033828895539045334
5649,0.03378663957118988
5650,0.033743392676115036
5651,0.03370166942477226
5652,0.03366289660334587
5653,0.03362748771905899
5654,0.033594995737075806
5655,0.03356438875198364
5656,0.03383178263902664
5657,0.033581990748643875
5658,0.03363346308469772
5659,0.0336855985224247
5660,0.03374495357275009
5661,0.033790573477745056
5662,0.03400138393044472
5663,0.033929817378520966
5664,0.034012481570243835
5665,0.034075118601322174
5666,0.03411180153489113
5667,0.034121058881282806
5668,0.03410536050796509
5669,0.03408244252204895
5670,0.03404692932963371
5671,0.03401051089167595
5672,0.03399452939629555
5673,0.03397660329937935
5674,0.033928047865629196
5675,0.0339042991399765
5676,0.03387749567627907
5677,0.03384942561388016
5678,0.03382117301225662
5679,0.03379315510392189
5680,0.03376526013016701
5681,0.033770352602005005
5682,0.03371458500623703
5683,0.03370115906000137
5684,0.03366955369710922
5685,0.0336475744843483
5686,0.03362341225147247
5687,0.03359714895486832
5688,0.03356877341866493
5689,0.03353829309344292
5690,0.03350570797920227
5691,0.033471062779426575
5692,0.033434461802244186
5693,0.03339605778455734
5694,0.033356040716171265
5695,0.03331461176276207
5696,0.033271998167037964
5697,0.03323547914624214
5698,0.033198826014995575
5699,0.033167704939842224
5700,0.033553704619407654
5701,0.03333820030093193
5702,0.03362467512488365
5703,0.03393969684839249
5704,0.034235164523124695
5705,0.034472979605197906
5706,0.03463020548224449
5707,0.034700799733400345
5708,0.03469371050596237
5709,0.034628480672836304
5710,0.03452957421541214
5711,0.03442099690437317
5712,0.03535809740424156
5713,0.03442179411649704
5714,0.03449001908302307
5715,0.0345451794564724
5716,0.0345923975110054
5717,0.03461312875151634
5718,0.03461621701717377
5719,0.03462256118655205
5720,0.03462940827012062
5721,0.03463047370314598
5722,0.03462783247232437
5723,0.034622740000486374
5724,0.03461572155356407
5725,0.03461248427629471
5726,0.034651000052690506
5727,0.034598954021930695
5728,0.03459564223885536
5729,0.03458879888057709
5730,0.03457809239625931
5731,0.03456393629312515
5732,0.03454664722084999
5733,0.034526433795690536
5734,0.034503478556871414
5735,0.034477926790714264
5736,0.034449946135282516
5737,0.0344197079539299
5738,0.03438740596175194
5739,0.03435554355382919
5740,0.03433220088481903
5741,0.034294646233320236
5742,0.03426457196474075
5743,0.03423221409320831
5744,0.0342353880405426
5745,0.034187376499176025
5746,0.034173544496297836
5747,0.034155625849962234
5748,0.03413327410817146
5749,0.0341065414249897
5750,0.03408890962600708
5751,0.034068845212459564
5752,0.03405708074569702
5753,0.03403922915458679
5754,0.03401486203074455
5755,0.03398431837558746
5756,0.03394855186343193
5757,0.03390888124704361
5758,0.0338667556643486
5759,0.03394539654254913
5760,0.033830173313617706
5761,0.033837635070085526
5762,0.03384091332554817
5763,0.03383643552660942
5764,0.03382228687405586
5765,0.033798158168792725
5766,0.03376506641507149
5767,0.03372496739029884
5768,0.03368019685149193
5769,0.03363307565450668
5770,0.033608000725507736
5771,0.03383683040738106
5772,0.03358466178178787
5773,0.033620163798332214
5774,0.033647071570158005
5775,0.033662863075733185
5776,0.03366636857390404
5777,0.03367789462208748
5778,0.03373009338974953
5779,0.03378523141145706
5780,0.03382027521729469
5781,0.03383496403694153
5782,0.03383135050535202
5783,0.03381311893463135
5784,0.03378472849726677
5785,0.03375066816806793
5786,0.03371476009488106
5787,0.0336797796189785
5788,0.03371110558509827
5789,0.033647969365119934
5790,0.03364286944270134
5791,0.0336323007941246
5792,0.033616725355386734
5793,0.033596668392419815
5794,0.033572692424058914
5795,0.0335453636944294
5796,0.03351518139243126
5797,0.03348259627819061
5798,0.03344794735312462
5799,0.033411502838134766
5800,0.033373452723026276
5801,0.0333339162170887
5802,0.0332929790019989
5803,0.03325071185827255
5804,0.03320716693997383
5805,0.033162422478199005
5806,0.03311655670404434
5807,0.0330696702003479
5808,0.03302188217639923
5809,0.03297329694032669
5810,0.032973114401102066
5811,0.03290393576025963
5812,0.033010609447956085
5813,0.032904237508773804
5814,0.03293045982718468
5815,0.032954584807157516
5816,0.03297015652060509
5817,0.03297269344329834
5818,0.03296014294028282
5819,0.03293287754058838
5820,0.032893192023038864
5821,0.03301406279206276
5822,0.03286591172218323
5823,0.03287269547581673
5824,0.03286655992269516
5825,0.03285009041428566
5826,0.03282632306218147
5827,0.03329000249505043
5828,0.032905369997024536
5829,0.03303452208638191
5830,0.033159054815769196
5831,0.033304113894701004
5832,0.033418603241443634
5833,0.033493153750896454
5834,0.03352558612823486
5835,0.03352009505033493
5836,0.033485427498817444
5837,0.0335029698908329
5838,0.03351267799735069
5839,0.03340775892138481
5840,0.03339877352118492
5841,0.03338427096605301
5842,0.033363375812768936
5843,0.033340003341436386
5844,0.03331686556339264
5845,0.03330712765455246
5846,0.03328432887792587
5847,0.033271655440330505
5848,0.0332571342587471
5849,0.033243365585803986
5850,0.033225204795598984
5851,0.03320636600255966
5852,0.03318408131599426
5853,0.03315864875912666
5854,0.033130452036857605
5855,0.03311282768845558
5856,0.03307642787694931
5857,0.033051446080207825
5858,0.033025115728378296
5859,0.03299742564558983
5860,0.03296823054552078
5861,0.03293735533952713
5862,0.03293732926249504
5863,0.032900456339120865
5864,0.032933641225099564
5865,0.032923247665166855
5866,0.0329509973526001
5867,0.03297022357583046
5868,0.03297649323940277
5869,0.03296779468655586
5870,0.03294448181986809
5871,0.03290882706642151
5872,0.032864343374967575
5873,0.032839640974998474
5874,0.03282330557703972
5875,0.032811567187309265
5876,0.032781414687633514
5877,0.03272631764411926
5878,0.032710205763578415
5879,0.03269227221608162
5880,0.03264142572879791
5881,0.032666563987731934
5882,0.03264700248837471
5883,0.03265856206417084
5884,0.03266322985291481
5885,0.032660238444805145
5886,0.03265576809644699
5887,0.03265966475009918
5888,0.03264494240283966
5889,0.03263651579618454
5890,0.032619353383779526
5891,0.03259463980793953
5892,0.03264552354812622
5893,0.03270720690488815
5894,0.03286931291222572
5895,0.0330214723944664
5896,0.03314037248492241
5897,0.03321157023310661
5898,0.03323065862059593
5899,0.03320237249135971
5900,0.033616919070482254
5901,0.03356793522834778
5902,0.033956121653318405
5903,0.03426257148385048
5904,0.03446635231375694
5905,0.03456634283065796
5906,0.03457790985703468
5907,0.03452683240175247
5908,0.03444243222475052
5909,0.03435149043798447
5910,0.03458266332745552
5911,0.03431034833192825
5912,0.03433200716972351
5913,0.03434519097208977
5914,0.03435411676764488
5915,0.0343610979616642
5916,0.03436679765582085
5917,0.03437070921063423
5918,0.03484313562512398
5919,0.034475941210985184
5920,0.03459242358803749
5921,0.03471226990222931
5922,0.034825485199689865
5923,0.03492290526628494
5924,0.03499772399663925
5925,0.03504643589258194
5926,0.03506896272301674
5927,0.03526725620031357
5928,0.035113006830215454
5929,0.0351320318877697
5930,0.03512826934456825
5931,0.03510669618844986
5932,0.0350731797516346
5933,0.03503350168466568
5934,0.034992516040802
5935,0.03495366871356964
5936,0.03491882607340813
5937,0.03488839417695999
5938,0.03486160933971405
5939,0.03483697026968002
5940,0.034812621772289276
5941,0.03478676825761795
5942,0.03475796431303024
5943,0.03472524881362915
5944,0.03468824923038483
5945,0.03464711830019951
5946,0.03460245579481125
5947,0.03455512970685959
5948,0.03450614959001541
5949,0.03445646911859512
5950,0.03440692275762558
5951,0.03435807675123215
5952,0.03431026637554169
5953,0.03426354378461838
5954,0.03423372656106949
5955,0.0342974029481411
5956,0.03417645022273064
5957,0.034183137118816376
5958,0.03419072926044464
5959,0.03419250622391701
5960,0.03418423607945442
5961,0.034163765609264374
5962,0.03413105383515358
5963,0.03408777713775635
5964,0.034036774188280106
5965,0.0339994914829731
5966,0.03396518528461456
5967,0.03390347212553024
5968,0.03386785089969635
5969,0.03383200988173485
5970,0.03379564732313156
5971,0.033759552985429764
5972,0.03372404724359512
5973,0.033689070492982864
5974,0.0336671844124794
5975,0.03363027423620224
5976,0.03359613195061684
5977,0.03356539085507393
5978,0.03353262320160866
5979,0.033498071134090424
5980,0.033461980521678925
5981,0.03342457488179207
5982,0.03338608518242836
5983,0.033346693962812424
5984,0.03331582620739937
5985,0.033276356756687164
5986,0.03324044495820999
5987,0.033207718282938004
5988,0.03317386656999588
5989,0.03314190357923508
5990,0.03311283886432648
5991,0.03308483213186264
5992,0.03305422142148018
5993,0.03309706225991249
5994,0.03307286649942398
5995,0.033132921904325485
5996,0.03318750858306885
5997,0.03322587162256241
5998,0.03324137255549431
5999,0.033231914043426514
6000,0.033199530094861984
6001,0.03314930573105812
6002,0.033130016177892685
6003,0.03311285376548767
6004,0.033348191529512405
6005,0.033071521669626236
6006,0.03304453566670418
6007,0.033054664731025696
6008,0.03305934742093086
6009,0.03305106982588768
6010,0.03303241729736328
6011,0.033006444573402405
6012,0.03297612816095352
6013,0.03294394910335541
6014,0.03355908393859863
6015,0.033032145351171494
6016,0.033151283860206604
6017,0.03325946629047394
6018,0.03334905579686165
6019,0.033415358513593674
6020,0.03345702216029167
6021,0.033475715667009354
6022,0.03347541764378548
6023,0.033461377024650574
6024,0.033439088612794876
6025,0.033413443714380264
6026,0.033389825373888016
6027,0.03345378115773201
6028,0.033502865582704544
6029,0.03344288095831871
6030,0.03350820764899254
6031,0.03356577455997467
6032,0.033609841018915176
6033,0.03363689407706261
6034,0.033645886927843094
6035,0.03363805636763573
6036,0.03361637890338898
6037,0.033584803342819214
6038,0.03354752063751221
6039,0.03350827470421791
6040,0.033469945192337036
6041,0.03343427553772926
6042,0.03370543196797371
6043,0.03346802666783333
6044,0.0335327573120594
6045,0.03359121456742287
6046,0.03363928198814392
6047,0.0336742103099823
6048,0.033694833517074585
6049,0.0337015725672245
6050,0.03369612619280815
6051,0.0336809903383255
6052,0.033659014850854874
6053,0.03363291919231415
6054,0.033679135143756866
6055,0.03361274674534798
6056,0.03361319750547409
6057,0.03360690549015999
6058,0.03359469771385193
6059,0.03357750549912453
6060,0.0335562601685524
6061,0.0335317961871624
6062,0.03350481763482094
6063,0.0334758386015892
6064,0.033445198088884354
6065,0.03341306373476982
6066,0.03337950259447098
6067,0.03334449976682663
6068,0.03330802544951439
6069,0.03327006474137306
6070,0.03323062136769295
6071,0.033189766108989716
6072,0.03314761817455292
6073,0.03310433402657509
6074,0.03344729170203209
6075,0.03321114555001259
6076,0.033507656306028366
6077,0.033878348767757416
6078,0.03425006568431854
6079,0.03455992788076401
6080,0.03476481884717941
6081,0.03484601527452469
6082,0.034808509051799774
6083,0.034675803035497665
6084,0.034482140094041824
6085,0.03426430746912956
6086,0.034054841846227646
6087,0.033877626061439514
6088,0.033746037632226944
6089,0.03368860483169556
6090,0.033907704055309296
6091,0.03372293710708618
6092,0.033795662224292755
6093,0.0338560976088047
6094,0.03390488028526306
6095,0.033942725509405136
6096,0.0339704193174839
6097,0.03398878499865532
6098,0.03399866074323654
6099,0.03400089591741562
6100,0.03399629890918732
6101,0.03398561850190163
6102,0.03396955877542496
6103,0.03394872322678566
6104,0.03392363712191582
6105,0.03389475867152214
6106,0.033862486481666565
6107,0.03382715582847595
6108,0.033789053559303284
6109,0.03374844789505005
6110,0.03370557352900505
6111,0.034571416676044464
6112,0.03382183238863945
6113,0.03408883884549141
6114,0.034411873668432236
6115,0.034740597009658813
6116,0.03503124415874481
6117,0.03525226563215256
6118,0.03538745269179344
6119,0.03546759486198425
6120,0.035479381680488586
6121,0.03548746928572655
6122,0.03543674573302269
6123,0.0353761725127697
6124,0.03528963029384613
6125,0.035195186734199524
6126,0.03510645776987076
6127,0.035031720995903015
6128,0.03497407212853432
6129,0.034932371228933334
6130,0.03490259870886803
6131,0.03487924113869667
6132,0.0348566509783268
6133,0.03482992574572563
6134,0.03504842147231102
6135,0.034799400717020035
6136,0.03482772782444954
6137,0.03487715125083923
6138,0.03494061157107353
6139,0.03500910848379135
6140,0.0350734181702137
6141,0.03512556850910187
6142,0.03515993803739548
6143,0.035173770040273666
6144,0.0351671539247036
6145,0.035142574459314346
6146,0.03579788655042648
6147,0.03525766730308533
6148,0.03539770469069481
6149,0.0355079211294651
6150,0.03557863086462021
6151,0.03560701012611389
6152,0.03559621423482895
6153,0.03555377945303917
6154,0.035489607602357864
6155,0.03541407361626625
6156,0.03533643111586571
6157,0.03526374325156212
6158,0.03520042076706886
6159,0.035148199647665024
6160,0.03510656952857971
6161,0.035073354840278625
6162,0.03504541516304016
6163,0.03501931577920914
6164,0.03499189019203186
6165,0.034960586577653885
6166,0.0349237285554409
6167,0.03488057479262352
6168,0.03483123704791069
6169,0.034776538610458374
6170,0.034722477197647095
6171,0.03466220572590828
6172,0.034607745707035065
6173,0.03455565497279167
6174,0.03450651839375496
6175,0.034460317343473434
6176,0.034416522830724716
6177,0.034374307841062546
6178,0.03433269262313843
6179,0.03429069742560387
6180,0.034247517585754395
6181,0.03420258313417435
6182,0.03415561094880104
6183,0.034106578677892685
6184,0.03407716378569603
6185,0.03409324213862419
6186,0.03400229662656784
6187,0.03395121544599533
6188,0.03392137959599495
6189,0.03388718515634537
6190,0.03384893760085106
6191,0.03380725160241127
6192,0.03379177302122116
6193,0.03373865410685539
6194,0.03371000662446022
6195,0.03367741033434868
6196,0.03364148736000061
6197,0.033602941781282425
6198,0.03356246277689934
6199,0.0335206538438797
6200,0.03347830846905708
6201,0.033443253487348557
6202,0.03340950608253479
6203,0.03337756544351578
6204,0.03334607183933258
6205,0.03331223875284195
6206,0.03327624499797821
6207,0.03323828801512718
6208,0.03319860249757767
6209,0.03315739706158638
6210,0.033114898949861526
6211,0.03333650901913643
6212,0.03316657990217209
6213,0.0333079993724823
6214,0.03346655145287514
6215,0.03361503779888153
6216,0.03373166546225548
6217,0.0338025763630867
6218,0.03382259979844093
6219,0.03379571810364723
6220,0.03380594775080681
6221,0.03382529318332672
6222,0.033680155873298645
6223,0.033596817404031754
6224,0.033544812351465225
6225,0.03348693996667862
6226,0.033430710434913635
6227,0.03338121622800827
6228,0.03334095701575279
6229,0.03331012278795242
6230,0.03329700604081154
6231,0.03329043835401535
6232,0.03334997966885567
6233,0.03327038139104843
6234,0.03327195346355438
6235,0.033266160637140274
6236,0.03325388953089714
6237,0.03323609009385109
6238,0.03321364149451256
6239,0.03318735584616661
6240,0.033157896250486374
6241,0.03312581777572632
6242,0.03309149295091629
6243,0.03305519372224808
6244,0.03301709145307541
6245,0.03300180658698082
6246,0.032948873937129974
6247,0.032926786690950394
6248,0.03291003778576851
6249,0.032896190881729126
6250,0.03288375213742256
6251,0.03287581354379654
6252,0.03284493833780289
6253,0.03284520283341408
6254,0.03283721208572388
6255,0.032820262014865875
6256,0.0327945239841938
6257,0.03276096284389496
6258,0.03272107243537903
6259,0.03267659991979599
6260,0.03287181630730629
6261,0.03273778408765793
6262,0.03285728394985199
6263,0.03296901285648346
6264,0.03305794671177864
6265,0.03311435878276825
6266,0.0331343337893486
6267,0.03311939910054207
6268,0.03319047763943672
6269,0.033246252685785294
6270,0.03337034583091736
6271,0.033447399735450745
6272,0.03348233923316002
6273,0.03348368778824806
6274,0.03346174582839012
6275,0.03342686593532562
6276,0.03338802233338356
6277,0.03335199132561684
6278,0.033334456384181976
6279,0.03339572623372078
6280,0.03349456191062927
6281,0.033397093415260315
6282,0.03336475044488907
6283,0.0333876833319664
6284,0.03340281546115875
6285,0.03341100364923477
6286,0.033413007855415344
6287,0.03340953215956688
6288,0.033401183784008026
6289,0.03338852897286415
6290,0.03337205946445465
6291,0.03335219621658325
6292,0.033329322934150696
6293,0.03330377861857414
6294,0.03327583521604538
6295,0.033245764672756195
6296,0.033213771879673004
6297,0.03318004682660103
6298,0.0331762321293354
6299,0.03313738480210304
6300,0.033125944435596466
6301,0.03311822563409805
6302,0.033107414841651917
6303,0.03309232369065285
6304,0.03307221457362175
6305,0.03304698318243027
6306,0.03303947299718857
6307,0.03300014138221741
6308,0.03297582268714905
6309,0.0329461432993412
6310,0.0329120047390461
6311,0.03288315609097481
6312,0.03285549581050873
6313,0.03281832113862038
6314,0.032808203250169754
6315,0.03278982266783714
6316,0.03274817764759064
6317,0.03272563964128494
6318,0.03269932419061661
6319,0.03266974538564682
6320,0.03263742849230766
6321,0.032606396824121475
6322,0.03258249908685684
6323,0.032558538019657135
6324,0.032531268894672394
6325,0.03250101953744888
6326,0.03252539411187172
6327,0.03249984234571457
6328,0.03253350779414177
6329,0.03256318345665932
6330,0.03258393704891205
6331,0.03259239345788956
6332,0.03260180726647377
6333,0.03261017054319382
6334,0.0326077900826931
6335,0.03259251266717911
6336,0.03256261721253395
6337,0.03251894190907478
6338,0.032465871423482895
6339,0.032482847571372986
6340,0.03242306411266327
6341,0.03242218866944313
6342,0.032414164394140244
6343,0.03240770846605301
6344,0.03239670395851135
6345,0.032389670610427856
6346,0.032386474311351776
6347,0.03237975388765335
6348,0.0324079692363739
6349,0.032384198158979416
6350,0.032353658229112625
6351,0.03235197812318802
6352,0.03233838826417923
6353,0.03232836350798607
6354,0.03231233358383179
6355,0.03229659050703049
6356,0.03227263316512108
6357,0.03241695836186409
6358,0.03229806199669838
6359,0.03233470395207405
6360,0.03235964849591255
6361,0.03241216763854027
6362,0.03240583464503288
6363,0.03243354707956314
6364,0.03245687112212181
6365,0.032463643699884415
6366,0.032455530017614365
6367,0.03243526443839073
6368,0.0324486680328846
6369,0.03242708742618561
6370,0.032434720546007156
6371,0.03243022784590721
6372,0.03241555765271187
6373,0.03239303082227707
6374,0.032410625368356705
6375,0.032354142516851425
6376,0.03233674541115761
6377,0.0323142483830452
6378,0.032288093119859695
6379,0.03227941319346428
6380,0.03224276378750801
6381,0.032220661640167236
6382,0.03244185447692871
6383,0.032256171107292175
6384,0.032325126230716705
6385,0.03263094276189804
6386,0.032705582678318024
6387,0.03301902860403061
6388,0.033296264708042145
6389,0.03351088613271713
6390,0.033648841083049774
6391,0.033708930015563965
6392,0.0337008461356163
6393,0.03364172577857971
6394,0.033552028238773346
6395,0.03372269868850708
6396,0.03361132740974426
6397,0.033728376030921936
6398,0.033799588680267334
6399,0.03382783383131027
6400,0.03382058069109917
6401,0.033787887543439865
6402,0.03374049812555313
6403,0.033688176423311234
6404,0.03380085900425911
6405,0.033639173954725266
6406,0.0336352214217186
6407,0.033629197627305984
6408,0.03362252190709114
6409,0.03361567109823227
6410,0.03360837697982788
6411,0.0335998609662056
6412,0.033589161932468414
6413,0.03357527032494545
6414,0.033557403832674026
6415,0.033535026013851166
6416,0.03350796550512314
6417,0.03350040316581726
6418,0.033465027809143066
6419,0.03341991454362869
6420,0.03339096158742905
6421,0.033360518515110016
6422,0.03332900628447533
6423,0.03329656273126602
6424,0.03326309844851494
6425,0.03322841599583626
6426,0.03319225087761879
6427,0.03315434604883194
6428,0.03311453387141228
6429,0.033072736114263535
6430,0.033079613000154495
6431,0.03301050886511803
6432,0.03299414739012718
6433,0.03297380730509758
6434,0.0329585075378418
6435,0.032939184457063675
6436,0.032923467457294464
6437,0.03290092572569847
6438,0.032871756702661514
6439,0.032836709171533585
6440,0.032796867191791534
6441,0.03275349363684654
6442,0.0327078178524971
6443,0.03269200772047043
6444,0.032655537128448486
6445,0.03261575847864151
6446,0.032598137855529785
6447,0.03257596492767334
6448,0.03254973515868187
6449,0.03251996263861656
6450,0.03250659257173538
6451,0.03250417485833168
6452,0.032519277185201645
6453,0.032529085874557495
6454,0.03253096342086792
6455,0.03252328559756279
6456,0.03250552713871002
6457,0.0324782133102417
6458,0.03244265168905258
6459,0.03241969645023346
6460,0.032431188970804214
6461,0.03235821798443794
6462,0.03235616907477379
6463,0.03235586732625961
6464,0.0323515385389328
6465,0.03233847767114639
6466,0.032323963940143585
6467,0.032324496656656265
6468,0.03231514245271683
6469,0.03230179846286774
6470,0.03229501470923424
6471,0.03228340670466423
6472,0.032264914363622665
6473,0.03228091448545456
6474,0.032297346740961075
6475,0.032343313097953796
6476,0.032377488911151886
6477,0.032399557530879974
6478,0.032409992069005966
6479,0.032648488879203796
6480,0.03255986049771309
6481,0.032694630324840546
6482,0.032806798815727234
6483,0.032891713082790375
6484,0.03294791281223297
6485,0.032976943999528885
6486,0.03298277407884598
6487,0.03308923542499542
6488,0.032995857298374176
6489,0.03300270810723305
6490,0.032995566725730896
6491,0.03297882154583931
6492,0.03295649588108063
6493,0.03324192389845848
6494,0.03300001844763756
6495,0.033059220761060715
6496,0.03310486674308777
6497,0.033134154975414276
6498,0.03314627334475517
6499,0.03314220532774925
6500,0.03312435746192932
6501,0.03309599682688713
6502,0.03308563679456711
6503,0.03304184973239899
6504,0.03301702439785004
6505,0.03298841044306755
6506,0.03295780345797539
6507,0.032926447689533234
6508,0.0328950360417366
6509,0.032863739877939224
6510,0.03297271952033043
6511,0.03282589837908745
6512,0.032815560698509216
6513,0.03280142694711685
6514,0.03278356045484543
6515,0.03276201710104942
6516,0.032736893743276596
6517,0.0327133983373642
6518,0.03268253430724144
6519,0.03265457972884178
6520,0.03262578323483467
6521,0.03259855508804321
6522,0.03256916254758835
6523,0.03253600746393204
6524,0.03249935805797577
6525,0.032484352588653564
6526,0.03244058042764664
6527,0.0324171744287014
6528,0.03238905966281891
6529,0.03235621377825737
6530,0.032436419278383255
6531,0.03233003988862038
6532,0.03233346343040466
6533,0.03232825547456741
6534,0.0323142483830452
6535,0.03229198232293129
6536,0.03226255625486374
6537,0.03227483481168747
6538,0.0322827510535717
6539,0.03223278746008873
6540,0.03216277062892914
6541,0.03216923773288727
6542,0.03214968740940094
6543,0.03211861476302147
6544,0.032147035002708435
6545,0.03212042897939682
6546,0.03213071823120117
6547,0.03213230147957802
6548,0.03212720900774002
6549,0.032121218740940094
6550,0.032108038663864136
6551,0.03208601474761963
6552,0.032056525349617004
6553,0.03202122449874878
6554,0.03201281279325485
6555,0.03205810487270355
6556,0.03204731643199921
6557,0.03212511166930199
6558,0.032190870493650436
6559,0.03223662078380585
6560,0.032257888466119766
6561,0.03227800875902176
6562,0.03229425102472305
6563,0.03230614960193634
6564,0.03229306638240814
6565,0.032274551689624786
6566,0.03229561448097229
6567,0.03226662799715996
6568,0.032283809036016464
6569,0.032285865396261215
6570,0.032277099788188934
6571,0.0322614349424839
6572,0.03224201127886772
6573,0.03227578476071358
6574,0.03223139047622681
6575,0.032233867794275284
6576,0.03223240748047829
6577,0.03222412243485451
6578,0.032212235033512115
6579,0.032226916402578354
6580,0.032243892550468445
6581,0.03224973753094673
6582,0.0322561115026474
6583,0.03225994110107422
6584,0.03225969150662422
6585,0.03225666284561157
6586,0.03224566578865051
6587,0.032227035611867905
6588,0.03220145404338837
6589,0.0321698859333992
6590,0.032141122967004776
6591,0.03211234509944916
6592,0.0320916511118412
6593,0.03206092119216919
6594,0.032035909593105316
6595,0.03203240782022476
6596,0.03200789541006088
6597,0.031986676156520844
6598,0.031975556164979935
6599,0.03195897117257118
6600,0.03214117884635925
6601,0.03213141858577728
6602,0.03232960402965546
6603,0.03251228109002113
6604,0.032663337886333466
6605,0.03277307003736496
6606,0.03369640186429024
6607,0.03324253484606743
6608,0.033581677824258804
6609,0.033833637833595276
6610,0.03399045020341873
6611,0.03405802324414253
6612,0.03405294939875603
6613,0.033997949212789536
6614,0.03391697630286217
6615,0.03383122757077217
6616,0.03375871852040291
6617,0.03398413583636284
6618,0.03374131768941879
6619,0.033762600272893906
6620,0.033777862787246704
6621,0.034219011664390564
6622,0.03398268297314644
6623,0.03423021361231804
6624,0.03449438884854317
6625,0.034740645438432693
6626,0.03494151681661606
6627,0.03507975861430168
6628,0.035149361938238144
6629,0.0351545624434948
6630,0.0351073294878006
6631,0.035024046897888184
6632,0.03492217883467674
6633,0.03481751307845116
6634,0.03472220525145531
6635,0.034643951803445816
6636,0.03458591178059578
6637,0.034547358751297
6638,0.034524720162153244
6639,0.034512702375650406
6640,0.03450542688369751
6641,0.034540947526693344
6642,0.03448489308357239
6643,0.03446689620614052
6644,0.034445323050022125
6645,0.03442155942320824
6646,0.03439640253782272
6647,0.034370120614767075
6648,0.034342553466558456
6649,0.03431325405836105
6650,0.03428167104721069
6651,0.03424723073840141
6652,0.03420952335000038
6653,0.0341683030128479
6654,0.03412357345223427
6655,0.0340755470097065
6656,0.03402459993958473
6657,0.03397125378251076
6658,0.03391604870557785
6659,0.03389155864715576
6660,0.03393300250172615
6661,0.03379732742905617
6662,0.033777929842472076
6663,0.03375345841050148
6664,0.03372360020875931
6665,0.033688418567180634
6666,0.033648330718278885
6667,0.03360398858785629
6668,0.033556193113327026
6669,0.03350581228733063
6670,0.03345363214612007
6671,0.03340032324194908
6672,0.03334638103842735
6673,0.03333701938390732
6674,0.03326631337404251
6675,0.033219657838344574
6676,0.03318579122424126
6677,0.033148881047964096
6678,0.03310898691415787
6679,0.03306625410914421
6680,0.033020880073308945
6681,0.03297313675284386
6682,0.03292331472039223
6683,0.032910510897636414
6684,0.03283623978495598
6685,0.03279782459139824
6686,0.032756365835666656
6687,0.03275400400161743
6688,0.03268078714609146
6689,0.032645612955093384
6690,0.03260637819766998
6691,0.032563284039497375
6692,0.03254486620426178
6693,0.03255564346909523
6694,0.03251267597079277
6695,0.0325298011302948
6696,0.032546501606702805
6697,0.032550834119319916
6698,0.03260345384478569
6699,0.03257694095373154
6700,0.03259365260601044
6701,0.03259081020951271
6702,0.032570451498031616
6703,0.032553791999816895
6704,0.032530397176742554
6705,0.03250274062156677
6706,0.032479144632816315
6707,0.03244144096970558
6708,0.03239903226494789
6709,0.03237459808588028
6710,0.03237372636795044
6711,0.0323520191013813
6712,0.03233065828680992
6713,0.03231720253825188
6714,0.032298024743795395
6715,0.03227389231324196
6716,0.03234202787280083
6717,0.03237494081258774
6718,0.032506659626960754
6719,0.032630812376737595
6720,0.03273862227797508
6721,0.03282363712787628
6722,0.032882556319236755
6723,0.03291526064276695
6724,0.03304023668169975
6725,0.033015135675668716
6726,0.03304003179073334
6727,0.03309198468923569
6728,0.033117081969976425
6729,0.03311960771679878
6730,0.03310522064566612
6731,0.03323613479733467
6732,0.03313562273979187
6733,0.03317203000187874
6734,0.033190175890922546
6735,0.0331924669444561
6736,0.03318222984671593
6737,0.03316309303045273
6738,0.03313849866390228
6739,0.033111292868852615
6740,0.03308350220322609
6741,0.03305627405643463
6742,0.03311297297477722
6743,0.0330287329852581
6744,0.033062756061553955
6745,0.03304063156247139
6746,0.03305306285619736
6747,0.0330595038831234
6748,0.03305989131331444
6749,0.03305429592728615
6750,0.03304293751716614
6751,0.03302622213959694
6752,0.03300466015934944
6753,0.03297887369990349
6754,0.03294950723648071
6755,0.03291719779372215
6756,0.032882481813430786
6757,0.032845839858055115
6758,0.03280762583017349
6759,0.03276808187365532
6760,0.03272736445069313
6761,0.03268555924296379
6762,0.03264268860220909
6763,0.03265047073364258
6764,0.03258484601974487
6765,0.03257208317518234
6766,0.03255866467952728
6767,0.03254275768995285
6768,0.03252280130982399
6769,0.032497700303792953
6770,0.032466989010572433
6771,0.03243076428771019
6772,0.03243101015686989
6773,0.032383330166339874
6774,0.03238265961408615
6775,0.032391369342803955
6776,0.032389260828495026
6777,0.03237530589103699
6778,0.03237936645746231
6779,0.032337725162506104
6780,0.03231395035982132
6781,0.03228047862648964
6782,0.03223976492881775
6783,0.032194413244724274
6784,0.032146744430065155
6785,0.03209860250353813
6786,0.03205117583274841
6787,0.03200497478246689
6788,0.03204857558012009
6789,0.03194425627589226
6790,0.03198031336069107
6791,0.03192619979381561
6792,0.03197229653596878
6793,0.0319850854575634
6794,0.03195616975426674
6795,0.031970907002687454
6796,0.031976643949747086
6797,0.031972452998161316
6798,0.03205244615674019
6799,0.0319957509636879
6800,0.03201965242624283
6801,0.03202894702553749
6802,0.03210217133164406
6803,0.03204847127199173
6804,0.03207897022366524
6805,0.03214763477444649
6806,0.03221898525953293
6807,0.03226429969072342
6808,0.032281484454870224
6809,0.032272253185510635
6810,0.03224119544029236
6811,0.0321945920586586
6812,0.03213915601372719
6813,0.03208092600107193
6814,0.0320245660841465
6815,0.0319729782640934
6816,0.03210148215293884
6817,0.03197327256202698
6818,0.032011765986680984
6819,0.03204076364636421
6820,0.032058898359537125
6821,0.03206555172801018
6822,0.032060928642749786
6823,0.03482477739453316
6824,0.032667748630046844
6825,0.03344497084617615
6826,0.0342588946223259
6827,0.034996822476387024
6828,0.03557119145989418
6829,0.035932380706071854
6830,0.0362783744931221
6831,0.03646261990070343
6832,0.03661542758345604
6833,0.036563511937856674
6834,0.03636401891708374
6835,0.03608357533812523
6836,0.03578495606780052
6837,0.035977669060230255
6838,0.03545736148953438
6839,0.03540218621492386
6840,0.035365067422389984
6841,0.03535187616944313
6842,0.035362597554922104
6843,0.03539302945137024
6844,0.03559752181172371
6845,0.03549569100141525
6846,0.03554356470704079
6847,0.03558015450835228
6848,0.0356060191988945
6849,0.03562837466597557
6850,0.03563471511006355
6851,0.03563901036977768
6852,0.03563663735985756
6853,0.035629112273454666
6854,0.03561770170927048
6855,0.035603392869234085
6856,0.035586871206760406
6857,0.03556853160262108
6858,0.03554853796958923
6859,0.035526882857084274
6860,0.03550344705581665
6861,0.03547809273004532
6862,0.03545067086815834
6863,0.03542111814022064
6864,0.035389434546232224
6865,0.03535570204257965
6866,0.03532009571790695
6867,0.035282839089632034
6868,0.03524420037865639
6869,0.0352044478058815
6870,0.03516384959220886
6871,0.03512261435389519
6872,0.035080939531326294
6873,0.035150010138750076
6874,0.035041432827711105
6875,0.03505079448223114
6876,0.03506169095635414
6877,0.03506923466920853
6878,0.03506961837410927
6879,0.035060424357652664
6880,0.03504076227545738
6881,0.03501109406352043
6882,0.034972984343767166
6883,0.03492866829037666
6884,0.03488064929842949
6885,0.03483130782842636
6886,0.034782618284225464
6887,0.03483262285590172
6888,0.034731581807136536
6889,0.034722451120615005
6890,0.03470858186483383
6891,0.0346902459859848
6892,0.034667931497097015
6893,0.03464223071932793
6894,0.03461379557847977
6895,0.03458325192332268
6896,0.03455115854740143
6897,0.034557513892650604
6898,0.03452505171298981
6899,0.03448348119854927
6900,0.03446626663208008
6901,0.0344458669424057
6902,0.034422554075717926
6903,0.03439662978053093
6904,0.034368403255939484
6905,0.034339163452386856
6906,0.034315694123506546
6907,0.034287624061107635
6908,0.034261129796504974
6909,0.03423517569899559
6910,0.034207046031951904
6911,0.03417697176337242
6912,0.03415195643901825
6913,0.0341237410902977
6914,0.03409126400947571
6915,0.034063685685396194
6916,0.03403417021036148
6917,0.03400520235300064
6918,0.033975303173065186
6919,0.033945780247449875
6920,0.03391899913549423
6921,0.033887214958667755
6922,0.03385797515511513
6923,0.03382924571633339
6924,0.03380009904503822
6925,0.033771246671676636
6926,0.0337594673037529
6927,0.03371863067150116
6928,0.033750321716070175
6929,0.03372257202863693
6930,0.033752620220184326
6931,0.033778849989175797
6932,0.03379673883318901
6933,0.0338033102452755
6934,0.03379732370376587
6935,0.033779166638851166
6936,0.033750519156455994
6937,0.03371390700340271
6938,0.033672213554382324
6939,0.03362824022769928
6940,0.03358432278037071
6941,0.03361399844288826
6942,0.033533647656440735
6943,0.033528029918670654
6944,0.033518433570861816
6945,0.0335046611726284
6946,0.03348732367157936
6947,0.033467017114162445
6948,0.033444251865148544
6949,0.03341945260763168
6950,0.03339293971657753
6951,0.033364951610565186
6952,0.033335622400045395
6953,0.03330504521727562
6954,0.0336221382021904
6955,0.03334231302142143
6956,0.03344899043440819
6957,0.03357221186161041
6958,0.03369162604212761
6959,0.03379034250974655
6960,0.03385688364505768
6961,0.03388595953583717
6962,0.03387821838259697
6963,0.03383911773562431
6964,0.03377719223499298
6965,0.03370222449302673
6966,0.03362356871366501
6967,0.03354892134666443
6968,0.03362145274877548
6969,0.033462896943092346
6970,0.03344254195690155
6971,0.03342345356941223
6972,0.033405765891075134
6973,0.03338893875479698
6974,0.03337204456329346
6975,0.03335396945476532
6976,0.033333670347929
6977,0.03336825594305992
6978,0.03329481557011604
6979,0.03327551111578941
6980,0.0332532674074173
6981,0.033228784799575806
6982,0.03320257365703583
6983,0.033174965530633926
6984,0.03314611688256264
6985,0.03311607986688614
6986,0.033084820955991745
6987,0.03305225446820259
6988,0.0330183282494545
6989,0.03349735215306282
6990,0.03314933553338051
6991,0.033385612070560455
6992,0.03364674746990204
6993,0.03389070928096771
6994,0.03408430516719818
6995,0.03420679643750191
6996,0.03425106406211853
6997,0.0342223085463047
6998,0.03413498029112816
6999,0.03400879725813866
7000,0.03386475518345833
7001,0.03372581675648689
7002,0.03366290405392647
7003,0.033587515354156494
7004,0.03348587453365326
7005,0.033442527055740356
7006,0.03342481330037117
7007,0.033416543155908585
7008,0.03341430798172951
7009,0.03341423347592354
7010,0.033412594348192215
7011,0.03340626507997513
7012,0.03339304402470589
7013,0.03337172046303749
7014,0.03334210067987442
7015,0.03330482915043831
7016,0.03326117992401123
7017,0.0332128144800663
7018,0.033161528408527374
7019,0.03310900926589966
7020,0.03306414186954498
7021,0.03302322328090668
7022,0.03297934681177139
7023,0.032933466136455536
7024,0.03289531543850899
7025,0.0328645184636116
7026,0.032833799719810486
7027,0.03280208632349968
7028,0.03276846185326576
7029,0.03273232281208038
7030,0.032693397253751755
7031,0.03266659379005432
7032,0.03264511376619339
7033,0.03261217474937439
7034,0.032588180154561996
7035,0.03258282691240311
7036,0.032570477575063705
7037,0.03260635957121849
7038,0.03256426379084587
7039,0.03256821259856224
7040,0.03256164491176605
7041,0.03254900127649307
7042,0.032541632652282715
7043,0.032527368515729904
7044,0.03250322863459587
7045,0.032469894737005234
7046,0.03243645280599594
7047,0.03241071477532387
7048,0.032384052872657776
7049,0.032362766563892365
7050,0.03233393654227257
7051,0.032320693135261536
7052,0.0323040634393692
7053,0.03231494128704071
7054,0.03228935971856117
7055,0.03228091821074486
7056,0.03227060288190842
7057,0.03226061165332794
7058,0.03224708512425423
7059,0.032233115285634995
7060,0.032214850187301636
7061,0.03219285607337952
7062,0.0322529636323452
7063,0.0321771539747715
7064,0.03218242526054382
7065,0.032182175666093826
7066,0.0321960523724556
7067,0.03217637538909912
7068,0.03216930478811264
7069,0.03215469419956207
7070,0.03213340789079666
7071,0.03210664168000221
7072,0.03209981322288513
7073,0.032285820692777634
7074,0.0323275625705719
7075,0.03252972289919853
7076,0.03266685828566551
7077,0.03288019075989723
7078,0.033050667494535446
7079,0.03316732496023178
7080,0.03322802856564522
7081,0.033238254487514496
7082,0.03321204334497452
7083,0.033264219760894775
7084,0.0331423357129097
7085,0.03311001509428024
7086,0.033069364726543427
7087,0.033054523169994354
7088,0.0330251008272171
7089,0.03323464095592499
7090,0.0331006795167923
7091,0.03316715359687805
7092,0.03321738541126251
7093,0.033251307904720306
7094,0.03326984494924545
7095,0.03327472507953644
7096,0.033268220722675323
7097,0.033252812922000885
7098,0.033230967819690704
7099,0.03320486098527908
7100,0.03321040794253349
7101,0.033152565360069275
7102,0.03312661498785019
7103,0.03309890627861023
7104,0.03306970000267029
7105,0.03303902596235275
7106,0.033006809651851654
7107,0.032972924411296844
7108,0.032937269657850266
7109,0.03289981931447983
7110,0.03297173231840134
7111,0.03284570202231407
7112,0.03283068537712097
7113,0.032815273851156235
7114,0.03279885649681091
7115,0.032780688256025314
7116,0.03276006132364273
7117,0.03273642808198929
7118,0.03270947188138962
7119,0.03267946094274521
7120,0.032648175954818726
7121,0.03261394426226616
7122,0.03257697448134422
7123,0.032591916620731354
7124,0.032534532248973846
7125,0.032526519149541855
7126,0.0325130932033062
7127,0.032494015991687775
7128,0.03247247636318207
7129,0.03247588872909546
7130,0.03244265168905258
7131,0.032427817583084106
7132,0.03241279348731041
7133,0.032401569187641144
7134,0.032383181154727936
7135,0.03235839307308197
7136,0.03232833743095398
7137,0.03229435905814171
7138,0.03227178752422333
7139,0.03226019814610481
7140,0.03225650265812874
7141,0.03224622830748558
7142,0.03222943842411041
7143,0.03220715373754501
7144,0.03219255059957504
7145,0.03217769414186478
7146,0.032165348529815674
7147,0.03216834366321564
7148,0.03214462846517563
7149,0.032137125730514526
7150,0.03212505578994751
7151,0.03210725262761116
7152,0.032084669917821884
7153,0.032058313488960266
7154,0.032029155641794205
7155,0.03200243413448334
7156,0.03197191655635834
7157,0.032140061259269714
7158,0.03201558068394661
7159,0.032072219997644424
7160,0.032140009105205536
7161,0.032196689397096634
7162,0.032236311584711075
7163,0.03226213902235031
7164,0.03226505219936371
7165,0.032255351543426514
7166,0.03223653510212898
7167,0.0322045162320137
7168,0.03216305747628212
7169,0.03211687505245209
7170,0.03207115828990936
7171,0.032031625509262085
7172,0.03202075883746147
7173,0.03197711706161499
7174,0.031956613063812256
7175,0.031934045255184174
7176,0.032152384519577026
7177,0.03196217492222786
7178,0.0320131741464138
7179,0.03205934911966324
7180,0.03209764137864113
7181,0.03212578222155571
7182,0.03214256465435028
7183,0.032147880643606186
7184,0.03214259445667267
7185,0.03217272460460663
7186,0.03216933459043503
7187,0.03212869167327881
7188,0.03216475620865822
7189,0.032167911529541016
7190,0.032199129462242126
7191,0.03221624717116356
7192,0.03221960738301277
7193,0.03221073001623154
7194,0.0321919247508049
7195,0.0321870781481266
7196,0.03214964270591736
7197,0.03212771937251091
7198,0.032102037221193314
7199,0.03207414969801903
7200,0.032084010541439056
7201,0.03204021975398064
7202,0.032030172646045685
7203,0.03202838450670242
7204,0.032014116644859314
7205,0.03199336677789688
7206,0.03197883442044258
7207,0.03196200728416443
7208,0.031960662454366684
7209,0.03195613622665405
7210,0.03196164220571518
7211,0.031961631029844284
7212,0.03195496276021004
7213,0.03194114938378334
7214,0.03192031756043434
7215,0.03189314901828766
7216,0.03186073154211044
7217,0.03182793781161308
7218,0.031807105988264084
7219,0.03178039938211441
7220,0.03179942071437836
7221,0.031752124428749084
7222,0.03174269571900368
7223,0.031726814806461334
7224,0.03180141746997833
7225,0.031713709235191345
7226,0.031714241951704025
7227,0.03170638158917427
7228,0.03169562667608261
7229,0.031708985567092896
7230,0.03168695047497749
7231,0.03168283402919769
7232,0.03167008236050606
7233,0.03214162960648537
7234,0.03199680522084236
7235,0.03240160644054413
7236,0.03280411288142204
7237,0.033156443387269974
7238,0.033481523394584656
7239,0.03369594365358353
7240,0.03378928080201149
7241,0.03377480432391167
7242,0.03399600833654404
7243,0.03375878185033798
7244,0.03376069664955139
7245,0.03370792418718338
7246,0.03362549468874931
7247,0.033721569925546646
7248,0.03353794664144516
7249,0.03352922201156616
7250,0.03351905941963196
7251,0.03351334482431412
7252,0.0335148386657238
7253,0.03352358937263489
7254,0.03365079686045647
7255,0.03356580436229706
7256,0.03359532356262207
7257,0.03360716253519058
7258,0.03361846134066582
7259,0.033621445298194885
7260,0.033616818487644196
7261,0.03360550478100777
7262,0.03358856961131096
7263,0.03356711566448212
7264,0.03355632349848747
7265,0.03353140875697136
7266,0.033525072038173676
7267,0.03352129086852074
7268,0.03351768106222153
7269,0.033511824905872345
7270,0.03350166231393814
7271,0.033485762774944305
7272,0.03346346318721771
7273,0.033434852957725525
7274,0.033400651067495346
7275,0.03336203098297119
7276,0.03332037478685379
7277,0.03327707201242447
7278,0.033233340829610825
7279,0.03319009393453598
7280,0.03315836563706398
7281,0.03312531113624573
7282,0.03310389444231987
7283,0.03308448940515518
7284,0.033062200993299484
7285,0.03307366743683815
7286,0.033020637929439545
7287,0.03300091624259949
7288,0.032978035509586334
7289,0.03295211121439934
7290,0.0329233780503273
7291,0.03289218246936798
7292,0.032878197729587555
7293,0.03284827619791031
7294,0.03281179815530777
7295,0.032787736505270004
7296,0.032760653644800186
7297,0.032730840146541595
7298,0.03269865736365318
7299,0.0326702818274498
7300,0.032731249928474426
7301,0.03266071155667305
7302,0.032681141048669815
7303,0.03269589692354202
7304,0.032702475786209106
7305,0.03269951045513153
7306,0.03268679231405258
7307,0.032665152102708817
7308,0.03263617679476738
7309,0.03260185196995735
7310,0.032564256340265274
7311,0.0334777794778347
7312,0.032918717712163925
7313,0.033478379249572754
7314,0.03409932926297188
7315,0.03468284010887146
7316,0.03515039011836052
7317,0.03545306622982025
7318,0.03557465225458145
7319,0.03552853316068649
7320,0.03538942337036133
7321,0.0351543128490448
7322,0.03488367423415184
7323,0.034624237567186356
7324,0.03438408672809601
7325,0.03418740630149841
7326,0.03404673561453819
7327,0.03396415710449219
7328,0.033933576196432114
7329,0.03394348546862602
7330,0.03397972881793976
7331,0.034053903073072433
7332,0.034074727445840836
7333,0.03410826623439789
7334,0.034123025834560394
7335,0.034116510301828384
7336,0.034088846296072006
7337,0.03404230251908302
7338,0.0339806042611599
7339,0.033908337354660034
7340,0.033830251544713974
7341,0.03375076875090599
7342,0.03367355465888977
7343,0.03360125422477722
7344,0.03353535383939743
7345,0.03347625583410263
7346,0.03342340141534805
7347,0.033375490456819534
7348,0.03333082050085068
7349,0.03328752890229225
7350,0.033256132155656815
7351,0.03321124613285065
7352,0.03317553177475929
7353,0.033135268837213516
7354,0.03309759125113487
7355,0.03305666521191597
7356,0.03301684185862541
7357,0.03297048807144165
7358,0.03291849419474602
7359,0.03288794681429863
7360,0.03287796676158905
7361,0.032908178865909576
7362,0.032827820628881454
7363,0.03278213366866112
7364,0.03276864066720009
7365,0.03274645656347275
7366,0.0327167883515358
7367,0.0326811708509922
7368,0.03264124318957329
7369,0.032824717462062836
7370,0.03260961174964905
7371,0.03261338174343109
7372,0.03260886296629906
7373,0.03259580209851265
7374,0.03261104226112366
7375,0.03262297809123993
7376,0.0325644426047802
7377,0.03254106268286705
7378,0.03252328559756279
7379,0.032498493790626526
7380,0.03249821439385414
7381,0.03245275095105171
7382,0.03243114799261093
7383,0.03240657225251198
7384,0.03237799182534218
7385,0.032346319407224655
7386,0.03234006091952324
7387,0.032293159514665604
7388,0.03227240592241287
7389,0.03224850818514824
7390,0.03222100809216499
7391,0.03231176733970642
7392,0.03233078494668007
7393,0.03229887783527374
7394,0.032398298382759094
7395,0.03249368444085121
7396,0.032574400305747986
7397,0.032632727175951004
7398,0.032664503902196884
7399,0.03266916051506996
7400,0.03264923766255379
7401,0.03262948989868164
7402,0.03258860483765602
7403,0.032571036368608475
7404,0.03254467621445656
7405,0.032510023564100266
7406,0.032471511512994766
7407,0.032432593405246735
7408,0.03239557147026062
7409,0.032361552119255066
7410,0.032330628484487534
7411,0.03234988451004028
7412,0.03229333460330963
7413,0.03227968141436577
7414,0.03227143734693527
7415,0.03224295750260353
7416,0.032269783318042755
7417,0.032233718782663345
7418,0.03224286064505577
7419,0.03224719315767288
7420,0.032246168702840805
7421,0.0322393961250782
7422,0.03222668915987015
7423,0.03220813721418381
7424,0.032184068113565445
7425,0.032155029475688934
7426,0.03215644881129265
7427,0.032138410955667496
7428,0.032089754939079285
7429,0.03207600489258766
7430,0.03205655887722969
7431,0.03212125226855278
7432,0.03205915167927742
7433,0.032079242169857025
7434,0.03209029138088226
7435,0.03209111839532852
7436,0.03208893910050392
7437,0.03208278492093086
7438,0.03208546340465546
7439,0.032096825540065765
7440,0.032057326287031174
7441,0.032043974846601486
7442,0.03202062472701073
7443,0.031989261507987976
7444,0.031952086836099625
7445,0.03192426264286041
7446,0.03189389780163765
7447,0.03204413503408432
7448,0.03195350617170334
7449,0.032289404422044754
7450,0.03218819946050644
7451,0.03233010321855545
7452,0.03244524449110031
7453,0.03252871707081795
7454,0.0325794480741024
7455,0.03259982913732529
7456,0.032594818621873856
7457,0.032570891082286835
7458,0.032534897327423096
7459,0.03253232687711716
7460,0.03248034790158272
7461,0.03243155777454376
7462,0.032677777111530304
7463,0.0324539951980114
7464,0.032491251826286316
7465,0.03251705318689346
7466,0.032531265169382095
7467,0.032534364610910416
7468,0.03252730891108513
7469,0.03251144289970398
7470,0.032489076256752014
7471,0.03248383849859238
7472,0.0324433259665966
7473,0.03241804242134094
7474,0.0323883593082428
7475,0.032355304807424545
7476,0.032319750636816025
7477,0.032363273203372955
7478,0.03226539492607117
7479,0.03224436193704605
7480,0.03221961483359337
7481,0.03219151124358177
7482,0.03216041624546051
7483,0.032126687467098236
7484,0.032090671360492706
7485,0.03205268830060959
7486,0.03202863410115242
7487,0.03199796751141548
7488,0.03195812553167343
7489,0.03193407505750656
7490,0.031906839460134506
7491,0.031876400113105774
7492,0.03184286132454872
7493,0.03182675689458847
7494,0.03178314119577408
7495,0.031755927950143814
7496,0.0317249596118927
7497,0.031715571880340576
7498,0.03167068958282471
7499,0.03164282068610191
7500,0.03161758929491043
7501,0.0320102795958519
7502,0.031941644847393036
7503,0.03243405744433403
7504,0.03297499567270279
7505,0.03347783535718918
7506,0.03387296199798584
7507,0.03411722183227539
7508,0.03419753536581993
7509,0.034223489463329315
7510,0.034092701971530914
7511,0.03381767496466637
7512,0.0336032509803772
7513,0.033384036272764206
7514,0.03318280726671219
7515,0.033021263778209686
7516,0.032909877598285675
7517,0.03284927085042
7518,0.032837457954883575
7519,0.03292496129870415
7520,0.03296974301338196
7521,0.032955147325992584
7522,0.03298167139291763
7523,0.033004824072122574
7524,0.03301040828227997
7525,0.03299863263964653
7526,0.03297121450304985
7527,0.03296564891934395
7528,0.03289227932691574
7529,0.03285478800535202
7530,0.032821305096149445
7531,0.032793041318655014
7532,0.03276979923248291
7533,0.032750263810157776
7534,0.03273242712020874
7535,0.032714009284973145
7536,0.032692860811948776
7537,0.03266725689172745
7538,0.032636091113090515
7539,0.03259894996881485
7540,0.032556094229221344
7541,0.032508280128240585
7542,0.0324566513299942
7543,0.03247266635298729
7544,0.03237099200487137
7545,0.03233490511775017
7546,0.032295044511556625
7547,0.03225868567824364
7548,0.032290369272232056
7549,0.03220026567578316
7550,0.03218383342027664
7551,0.03216203674674034
7552,0.03213516250252724
7553,0.03210371732711792
7554,0.032152675092220306
7555,0.032070986926555634
7556,0.03206684812903404
7557,0.03205593675374985
7558,0.032061703503131866
7559,0.032033953815698624
7560,0.03202211856842041
7561,0.03200381621718407
7562,0.031979985535144806
7563,0.031987935304641724
7564,0.03193819895386696
7565,0.03191933035850525
7566,0.03189583495259285
7567,0.03186849504709244
7568,0.03192427381873131
7569,0.03183140233159065
7570,0.031819675117731094
7571,0.031802814453840256
7572,0.031780991703271866
7573,0.031754568219184875
7574,0.03172403573989868
7575,0.03168999031186104
7576,0.03170233592391014
7577,0.03163710981607437
7578,0.03161653131246567
7579,0.031591787934303284
7580,0.0315634123980999
7581,0.031551580876111984
7582,0.03156270086765289
7583,0.03151640295982361
7584,0.03151623532176018
7585,0.031510088592767715
7586,0.031497757881879807
7587,0.0314793735742569
7588,0.03149177134037018
7589,0.031521983444690704
7590,0.03158845379948616
7591,0.03164619952440262
7592,0.03168854862451553
7593,0.03240695968270302
7594,0.03231532871723175
7595,0.03292171657085419
7596,0.03356201946735382
7597,0.03410479053854942
7598,0.03450224921107292
7599,0.03473507985472679
7600,0.03481069579720497
7601,0.0347571037709713
7602,0.034614358097314835
7603,0.03443100303411484
7604,0.03428906947374344
7605,0.03415327146649361
7606,0.034039635211229324
7607,0.03396003693342209
7608,0.033917613327503204
7609,0.034336771816015244
7610,0.03401355817914009
7611,0.03409706801176071
7612,0.034161463379859924
7613,0.03420896828174591
7614,0.034241680055856705
7615,0.0342615507543087
7616,0.03427039459347725
7617,0.03426988050341606
7618,0.03427664190530777
7619,0.03426448255777359
7620,0.0342596173286438
7621,0.034257419407367706
7622,0.03423995152115822
7623,0.03422614932060242
7624,0.034207865595817566
7625,0.034185606986284256
7626,0.0341598279774189
7627,0.03413093835115433
7628,0.03409935161471367
7629,0.03406544402241707
7630,0.034029603004455566
7631,0.03399219363927841
7632,0.03395356610417366
7633,0.03391401842236519
7634,0.0338737927377224
7635,0.033838607370853424
7636,0.033804457634687424
7637,0.03376501053571701
7638,0.03373206779360771
7639,0.03369782492518425
7640,0.033662378787994385
7641,0.03362584859132767
7642,0.033588334918022156
7643,0.03357057273387909
7644,0.03351808339357376
7645,0.03348463401198387
7646,0.03347728028893471
7647,0.033430926501750946
7648,0.033410072326660156
7649,0.03338666632771492
7650,0.03336041048169136
7651,0.03333120420575142
7652,0.03329912945628166
7653,0.033266350626945496
7654,0.03324999660253525
7655,0.03321775794029236
7656,0.03319865092635155
7657,0.033175382763147354
7658,0.03314819559454918
7659,0.0331508070230484
7660,0.033099547028541565
7661,0.03307719528675079
7662,0.0330507792532444
7663,0.03302079066634178
7664,0.032987870275974274
7665,0.0331442765891552
7666,0.03300643339753151
7667,0.03306175023317337
7668,0.03311089426279068
7669,0.033147770911455154
7670,0.0331684872508049
7671,0.033171527087688446
7672,0.033157553523778915
7673,0.03314690664410591
7674,0.033107031136751175
7675,0.033074188977479935
7676,0.03303408995270729
7677,0.032990261912345886
7678,0.03294568508863449
7679,0.03290252760052681
7680,0.03286909684538841
7681,0.03295128419995308
7682,0.032831985503435135
7683,0.03282669186592102
7684,0.03281651809811592
7685,0.0328017920255661
7686,0.0327829085290432
7687,0.032760292291641235
7688,0.032734379172325134
7689,0.032705605030059814
7690,0.032674357295036316
7691,0.032641008496284485
7692,0.0326058566570282
7693,0.03256915882229805
7694,0.032532889395952225
7695,0.032509271055459976
7696,0.03247399255633354
7697,0.032429661601781845
7698,0.03239763528108597
7699,0.03236379846930504
7700,0.03234098106622696
7701,0.0323144793510437
7702,0.032297879457473755
7703,0.032274551689624786
7704,0.032256387174129486
7705,0.03225858882069588
7706,0.03222706541419029
7707,0.03221840783953667
7708,0.03223469480872154
7709,0.03225274011492729
7710,0.03228467330336571
7711,0.032277848571538925
7712,0.0322706438601017
7713,0.03226000815629959
7714,0.03223690018057823
7715,0.03220374882221222
7716,0.03216351196169853
7717,0.03211916238069534
7718,0.032073356211185455
7719,0.03204862028360367
7720,0.03243012726306915
7721,0.032353587448596954
7722,0.03283779323101044
7723,0.03336557373404503
7724,0.033858772367239
7725,0.034255485981702805
7726,0.03451697528362274
7727,0.03463001176714897
7728,0.034604597836732864
7729,0.034468092024326324
7730,0.03425769880414009
7731,0.03401274234056473
7732,0.033768489956855774
7733,0.033552031964063644
7734,0.033434510231018066
7735,0.03339618071913719
7736,0.033355988562107086
7737,0.03328673169016838
7738,0.03324056789278984
7739,0.03327041491866112
7740,0.033302780240774155
7741,0.03332996740937233
7742,0.033347807824611664
7743,0.03335356339812279
7744,0.03334599733352661
7745,0.033325232565402985
7746,0.03329252079129219
7747,0.03324992582201958
7748,0.0331999734044075
7749,0.033145301043987274
7750,0.033088408410549164
7751,0.03303137421607971
7752,0.03297576308250427
7753,0.03292252495884895
7754,0.032872024923563004
7755,0.03282412886619568
7756,0.03279588744044304
7757,0.03274381160736084
7758,0.032710000872612
7759,0.03267544507980347
7760,0.032638952136039734
7761,0.032599639147520065
7762,0.03255704417824745
7763,0.03251107782125473
7764,0.03250709921121597
7765,0.03243282064795494
7766,0.03248149901628494
7767,0.03240608796477318
7768,0.032406073063611984
7769,0.03239740803837776
7770,0.03238706290721893
7771,0.03238670155405998
7772,0.032353613525629044
7773,0.03233718127012253
7774,0.03231179714202881
7775,0.03227924928069115
7776,0.03224153071641922
7777,0.03220055624842644
7778,0.032158005982637405
7779,0.03213721886277199
7780,0.032111525535583496
7781,0.03207295387983322
7782,0.032054755836725235
7783,0.032032452523708344
7784,0.03202417865395546
7785,0.031998202204704285
7786,0.03198493644595146
7787,0.031967200338840485
7788,0.03194545581936836
7789,0.031920161098241806
7790,0.031891774386167526
7791,0.03186071664094925
7792,0.03183234483003616
7793,0.03181718662381172
7794,0.03178175538778305
7795,0.03176765888929367
7796,0.03175271674990654
7797,0.03173387423157692
7798,0.03171098604798317
7799,0.031684111803770065
7800,0.031653471291065216
7801,0.03161944821476936
7802,0.03163653984665871
7803,0.03159971162676811
7804,0.031567446887493134
7805,0.031577251851558685
7806,0.03157579153776169
7807,0.03160089626908302
7808,0.03161601722240448
7809,0.031620919704437256
7810,0.03161606937646866
7811,0.031602535396814346
7812,0.03158175200223923
7813,0.03203462436795235
7814,0.03171296790242195
7815,0.03188120946288109
7816,0.032038614153862
7817,0.03216778486967087
7818,0.032257258892059326
7819,0.03230217844247818
7820,0.03230389952659607
7821,0.03226877376437187
7822,0.032206371426582336
7823,0.032127540558576584
7824,0.03206948563456535
7825,0.03209558501839638
7826,0.03199606016278267
7827,0.03191639110445976
7828,0.031897127628326416
7829,0.03190802410244942
7830,0.03207884356379509
7831,0.031975165009498596
7832,0.03207650035619736
7833,0.032170798629522324
7834,0.03225269168615341
7835,0.03231840208172798
7836,0.0323975533246994
7837,0.032432977110147476
7838,0.03246619924902916
7839,0.03249608725309372
7840,0.03250736743211746
7841,0.03250318765640259
7842,0.03248709440231323
7843,0.032462555915117264
7844,0.03243263065814972
7845,0.0323997400701046
7846,0.03236554190516472
7847,0.03236100450158119
7848,0.03232097253203392
7849,0.03230613097548485
7850,0.03228707239031792
7851,0.03226426988840103
7852,0.032238081097602844
7853,0.03220882639288902
7854,0.032176773995161057
7855,0.032142192125320435
7856,0.03210536018013954
7857,0.03206654638051987
7858,0.0320260226726532
7859,0.03215021640062332
7860,0.031976889818906784
7861,0.03197110444307327
7862,0.031965237110853195
7863,0.03195760399103165
7864,0.031946610659360886
7865,0.03193100541830063
7866,0.03190997987985611
7867,0.03188326209783554
7868,0.031851060688495636
7869,0.03183842822909355
7870,0.03179527819156647
7871,0.031770240515470505
7872,0.03175310418009758
7873,0.031730156391859055
7874,0.0317196287214756
7875,0.03170352429151535
7876,0.03169410675764084
7877,0.03168521076440811
7878,0.031673189252614975
7879,0.031732309609651566
7880,0.03166908770799637
7881,0.03167678788304329
7882,0.0316733717918396
7883,0.03166026622056961
7884,0.03187476471066475
7885,0.03180591017007828
7886,0.031974323093891144
7887,0.03212566301226616
7888,0.03224560245871544
7889,0.03232559934258461
7890,0.03236318379640579
7891,0.032361291348934174
7892,0.03232691064476967
7893,0.03226940333843231
7894,0.032198742032051086
7895,0.03213368356227875
7896,0.03211916610598564
7897,0.0322737991809845
7898,0.032068584114313126
7899,0.032054536044597626
7900,0.032065533101558685
7901,0.0320674367249012
7902,0.03206198289990425
7903,0.03205069154500961
7904,0.032034773379564285
7905,0.0320151261985302
7906,0.03199232369661331
7907,0.0319666862487793
7908,0.03216450661420822
7909,0.031975310295820236
7910,0.03200468420982361
7911,0.03202664852142334
7912,0.03204130381345749
7913,0.03204874321818352
7914,0.032073650509119034
7915,0.032090142369270325
7916,0.03209511563181877
7917,0.032087452709674835
7918,0.0320686399936676
7919,0.032042041420936584
7920,0.03203153237700462
7921,0.03201868385076523
7922,0.0320507176220417
7923,0.03200993314385414
7924,0.031995825469493866
7925,0.03199120983481407
7926,0.031978920102119446
7927,0.03195948153734207
7928,0.03193374350667
7929,0.031902771443128586
7930,0.031867705285549164
7931,0.03182963654398918
7932,0.031892865896224976
7933,0.03179655969142914
7934,0.031797174364328384
7935,0.03179093077778816
7936,0.0317777581512928
7937,0.03176411613821983
7938,0.03174103796482086
7939,0.03172406926751137
7940,0.031701672822237015
7941,0.0316738486289978
7942,0.03164159506559372
7943,0.03160587325692177
7944,0.03156755864620209
7945,0.03164249658584595
7946,0.031522952020168304
7947,0.03151316195726395
7948,0.03149782866239548
7949,0.031532518565654755
7950,0.0315491259098053
7951,0.031621381640434265
7952,0.03168454393744469
7953,0.031731415539979935
7954,0.031757503747940063
7955,0.03176122158765793
7956,0.031743668019771576
7957,0.0317414216697216
7958,0.03190094605088234
7959,0.03170749172568321
7960,0.03172605112195015
7961,0.03172720596194267
7962,0.031714968383312225
7963,0.031693458557128906
7964,0.031666383147239685
7965,0.03166080266237259
7966,0.03165655583143234
7967,0.031612057238817215
7968,0.03160105645656586
7969,0.03161417320370674
7970,0.03159228339791298
7971,0.031575798988342285
7972,0.03156638890504837
7973,0.03155151382088661
7974,0.031534381210803986
7975,0.031518179923295975
7976,0.03150413930416107
7977,0.03148066997528076
7978,0.031465768814086914
7979,0.03144324943423271
7980,0.03142460063099861
7981,0.0314008854329586
7982,0.031397152692079544
7983,0.03144044056534767
7984,0.03136271610856056
7985,0.03138711303472519
7986,0.03139100596308708
7987,0.031402621418237686
7988,0.031402990221977234
7989,0.03139215335249901
7990,0.03137097507715225
7991,0.03142237663269043
7992,0.03136010095477104
7993,0.031366605311632156
7994,0.031360361725091934
7995,0.03140444681048393
7996,0.03133988007903099
7997,0.03132564201951027
7998,0.03130156174302101
7999,0.03127044439315796
8000,0.03125464916229248
8001,0.03125036135315895
8002,0.03126132860779762
8003,0.03123943880200386
8004,0.03127666935324669
8005,0.031239746138453484
8006,0.03123907931149006
8007,0.031332891434431076
8008,0.03129328414797783
8009,0.0313447080552578
8010,0.031381066888570786
8011,0.03140128776431084
8012,0.03140566870570183
8013,0.031395718455314636
8014,0.031373776495456696
8015,0.03134264796972275
8016,0.03131507709622383
8017,0.03297640010714531
8018,0.0319388285279274
8019,0.0327427014708519
8020,0.03358542546629906
8021,0.0343719981610775
8022,0.0360565148293972
8023,0.03588249534368515
8024,0.03651610389351845
8025,0.0368930920958519
8026,0.03701964393258095
8027,0.03693487122654915
8028,0.036698538810014725
8029,0.036377690732479095
8030,0.036035023629665375
8031,0.03739355131983757
8032,0.036571625620126724
8033,0.03739925101399422
8034,0.0381188839673996
8035,0.0386703796684742
8036,0.03902271389961243
8037,0.03917365148663521
8038,0.03914523497223854
8039,0.03897634148597717
8040,0.03871428221464157
8041,0.03840683773159981
8042,0.0380961149930954
8043,0.0378146655857563
8044,0.037583786994218826
8045,0.0374138168990612
8046,0.03737781569361687
8047,0.03727981448173523
8048,0.03728508576750755
8049,0.03731246292591095
8050,0.03735227882862091
8051,0.03771381825208664
8052,0.03744400665163994
8053,0.03747912496328354
8054,0.03750267252326012
8055,0.03751661628484726
8056,0.03752275928854942
8057,0.037522587925195694
8058,0.03751721978187561
8059,0.03750738129019737
8060,0.03749347850680351
8061,0.03747561573982239
8062,0.03745375573635101
8063,0.03742772713303566
8064,0.0373973548412323
8065,0.03736252710223198
8066,0.037323202937841415
8067,0.03727949410676956
8068,0.03723164275288582
8069,0.037179987877607346
8070,0.037124983966350555
8071,0.037067122757434845
8072,0.0370069183409214
8073,0.036944855004549026
8074,0.036881349980831146
8075,0.036816734820604324
8076,0.03678327053785324
8077,0.03670256957411766
8078,0.03665066510438919
8079,0.036595702171325684
8080,0.03653780370950699
8081,0.036477088928222656
8082,0.036413636058568954
8083,0.03634750470519066
8084,0.03627872094511986
8085,0.03624672070145607
8086,0.03614828735589981
8087,0.03608495742082596
8088,0.03601733222603798
8089,0.03594547137618065
8090,0.03586946055293083
8091,0.035789404064416885
8092,0.035705454647541046
8093,0.03561778366565704
8094,0.03552655503153801
8095,0.03543192148208618
8096,0.03533525764942169
8097,0.03527481108903885
8098,0.03514985740184784
8099,0.03505955636501312
8100,0.03496422618627548
8101,0.034863851964473724
8102,0.034823302179574966
8103,0.034779395908117294
8104,0.0346369706094265
8105,0.03456062078475952
8106,0.03451161086559296
8107,0.034453436732292175
8108,0.034383293241262436
8109,0.034299932420253754
8110,0.03420361131429672
8111,0.034095779061317444
8112,0.03414680436253548
8113,0.0339241549372673
8114,0.03385603800415993
8115,0.03462006524205208
8116,0.0339120551943779
8117,0.03405826538801193
8118,0.03419329226016998
8119,0.03430168703198433
8120,0.034374043345451355
8121,0.034406837075948715
8122,0.034401606768369675
8123,0.034363649785518646
8124,0.034300535917282104
8125,0.03422066569328308
8126,0.0341319739818573
8127,0.034041039645671844
8128,0.033952534198760986
8129,0.033869072794914246
8130,0.033805474638938904
8131,0.03411928564310074
8132,0.03376754745841026
8133,0.03380489721894264
8134,0.033837802708148956
8135,0.03386348485946655
8136,0.033879347145557404
8137,0.03388350084424019
8138,0.03387496992945671
8139,0.03385384380817413
8140,0.03382113575935364
8141,0.033778585493564606
8142,0.033728379756212234
8143,0.03367281332612038
8144,0.033614058047533035
8145,0.03355391323566437
8146,0.03349367156624794
8147,0.03343408554792404
8148,0.03337540104985237
8149,0.03331742435693741
8150,0.03325967863202095
8151,0.033201515674591064
8152,0.03326890990138054
8153,0.033193256705999374
8154,0.03306690230965614
8155,0.03303868696093559
8156,0.033010419458150864
8157,0.03298033028841019
8158,0.03294675424695015
8159,0.03293174132704735
8160,0.03288424760103226
8161,0.032850418239831924
8162,0.032811250537633896
8163,0.03276444599032402
8164,0.03271098807454109
8165,0.033797528594732285
8166,0.03318537771701813
8167,0.03399072214961052
8168,0.034901801496744156
8169,0.03576447442173958
8170,0.03645754233002663
8171,0.03690631687641144
8172,0.037086617201566696
8173,0.03701910376548767
8174,0.03675675019621849
8175,0.03636922687292099
8176,0.0359281525015831
8177,0.03549574688076973
8178,0.03511808067560196
8179,0.034822698682546616
8180,0.034706808626651764
8181,0.03457050025463104
8182,0.03451232984662056
8183,0.03453253582119942
8184,0.034575942903757095
8185,0.034628015011548996
8186,0.0346759557723999
8187,0.03470978885889053
8188,0.03493499010801315
8189,0.03467295691370964
8190,0.034626517444849014
8191,0.03458866477012634
8192,0.03456169366836548
8193,0.03454548493027687
8194,0.03453797474503517
8195,0.03453582897782326
8196,0.03453509137034416
8197,0.034531790763139725
8198,0.03452247753739357
8199,0.03450455516576767
8200,0.034476470202207565
8201,0.034437794238328934
8202,0.03438907116651535
8203,0.03433161973953247
8204,0.03426726162433624
8205,0.03419806808233261
8206,0.034126073122024536
8207,0.03405306115746498
8208,0.033980462700128555
8209,0.03390923887491226
8210,0.03383989259600639
8211,0.03377252444624901
8212,0.0337068997323513
8213,0.033670224249362946
8214,0.03364092856645584
8215,0.033546533435583115
8216,0.033508967608213425
8217,0.033471666276454926
8218,0.0334228053689003
8219,0.03338300436735153
8220,0.03334056958556175
8221,0.03329559788107872
8222,0.033248160034418106
8223,0.03319834545254707
8224,0.033186398446559906
8225,0.03316870331764221
8226,0.03309250622987747
8227,0.033071666955947876
8228,0.03304598852992058
8229,0.033014748245477676
8230,0.032977666705846786
8231,0.03293486684560776
8232,0.03295639157295227
8233,0.03289336338639259
8234,0.03289181366562843
8235,0.032880526036024094
8236,0.03287561610341072
8237,0.03285379335284233
8238,0.032828439027071
8239,0.0328034982085228
8240,0.03276824206113815
8241,0.03272445499897003
8242,0.032749708741903305
8243,0.032761018723249435
8244,0.03271083906292915
8245,0.03261927515268326
8246,0.03260207921266556
8247,0.03260544687509537
8248,0.03258092328906059
8249,0.032563965767621994
8250,0.03253953903913498
8251,0.03271167725324631
8252,0.03257536143064499
8253,0.03263569623231888
8254,0.03268462419509888
8255,0.03272838145494461
8256,0.03275095671415329
8257,0.03277307003736496
8258,0.03277720883488655
8259,0.03276217356324196
8260,0.032730624079704285
8261,0.03268607333302498
8262,0.03268064931035042
8263,0.032600633800029755
8264,0.03256670758128166
8265,0.032528724521398544
8266,0.032486192882061005
8267,0.032441139221191406
8268,0.03239505738019943
8269,0.0324886254966259
8270,0.03246530145406723
8271,0.03232494369149208
8272,0.03232575207948685
8273,0.03232232481241226
8274,0.0323120579123497
8275,0.03229566663503647
8276,0.032273828983306885
8277,0.03242955729365349
8278,0.032427579164505005
8279,0.03266911581158638
8280,0.032932594418525696
8281,0.03318208083510399
8282,0.03338886424899101
8283,0.03353387489914894
8284,0.03360850363969803
8285,0.03361387923359871
8286,0.0335589163005352
8287,0.03345778211951256
8288,0.03332703933119774
8289,0.03318309038877487
8290,0.033040259033441544
8291,0.0329379178583622
8292,0.03292057290673256
8293,0.03274993225932121
8294,0.03270358219742775
8295,0.03266630694270134
8296,0.03368660435080528
8297,0.03277444466948509
8298,0.03290834650397301
8299,0.033032577484846115
8300,0.033142171800136566
8301,0.03323344513773918
8302,0.033304180949926376
8303,0.03335367515683174
8304,0.03338261693716049
8305,0.03339281678199768
8306,0.03338690102100372
8307,0.03336793929338455
8308,0.033339112997055054
8309,0.03330342844128609
8310,0.033317483961582184
8311,0.033237118273973465
8312,0.03320673480629921
8313,0.033195190131664276
8314,0.033215731382369995
8315,0.033211760222911835
8316,0.03317641094326973
8317,0.033118490129709244
8318,0.03309633955359459
8319,0.033083267509937286
8320,0.033065035939216614
8321,0.033042337745428085
8322,0.03301580995321274
8323,0.03298603370785713
8324,0.03295352682471275
8325,0.03291874751448631
8326,0.03288208693265915
8327,0.03284389153122902
8328,0.032804444432258606
8329,0.03276398405432701
8330,0.03272268548607826
8331,0.032729845494031906
8332,0.0327109657227993
8333,0.032653842121362686
8334,0.03262980654835701
8335,0.03261858969926834
8336,0.032603807747364044
8337,0.032585013657808304
8338,0.032562006264925
8339,0.032534804195165634
8340,0.032503675669431686
8341,0.03247943893074989
8342,0.03246280550956726
8343,0.03242763876914978
8344,0.032402366399765015
8345,0.03238075226545334
8346,0.03235436603426933
8347,0.03235659748315811
8348,0.03230829909443855
8349,0.03228766471147537
8350,0.032262396067380905
8351,0.03223331645131111
8352,0.03221428394317627
8353,0.032194361090660095
8354,0.03217428922653198
8355,0.03215141221880913
8356,0.03212523087859154
8357,0.03210538998246193
8358,0.03217295929789543
8359,0.03211014345288277
8360,0.032137490808963776
8361,0.03215661644935608
8362,0.03216617554426193
8363,0.032165661454200745
8364,0.0321553573012352
8365,0.03213619068264961
8366,0.03210956230759621
8367,0.03208091855049133
8368,0.0320594422519207
8369,0.032021235674619675
8370,0.031986258924007416
8371,0.03195527195930481
8372,0.031922176480293274
8373,0.03201670944690704
8374,0.03189350664615631
8375,0.03189399838447571
8376,0.03188882768154144
8377,0.03187787905335426
8378,0.031861305236816406
8379,0.031839482486248016
8380,0.03183282911777496
8381,0.03186526149511337
8382,0.03191029652953148
8383,0.03194524720311165
8384,0.031968362629413605
8385,0.03197899088263512
8386,0.031977538019418716
8387,0.03196518495678902
8388,0.031958676874637604
8389,0.03192984312772751
8390,0.03190816566348076
8391,0.03188054636120796
8392,0.03203219175338745
8393,0.03195197880268097
8394,0.03205419331789017
8395,0.03214463219046593
8396,0.03221500664949417
8397,0.032260216772556305
8398,0.03227843716740608
8399,0.0322708897292614
8400,0.032241158187389374
8401,0.0321943536400795
8402,0.03213625028729439
8403,0.03207246959209442
8404,0.032007861882448196
8405,0.032633621245622635
8406,0.03211706504225731
8407,0.03227915242314339
8408,0.03242144361138344
8409,0.03253640606999397
8410,0.032620131969451904
8411,0.03267215937376022
8412,0.03269490599632263
8413,0.03269286826252937
8414,0.03267170861363411
8415,0.03263743594288826
8416,0.03259563818573952
8417,0.03269037976861
8418,0.032548073679208755
8419,0.03253757581114769
8420,0.03252188861370087
8421,0.0325198695063591
8422,0.032969117164611816
8423,0.03276792913675308
8424,0.03314226493239403
8425,0.03355282172560692
8426,0.03394520655274391
8427,0.034275975078344345
8428,0.03451619669795036
8429,0.034652721136808395
8430,0.03468698263168335
8431,0.03463219851255417
8432,0.034509386867284775
8433,0.03434314578771591
8434,0.034157875925302505
8435,0.033974841237068176
8436,0.03381031006574631
8437,0.03367476537823677
8438,0.03357299789786339
8439,0.033504873514175415
8440,0.033466462045907974
8441,0.033451348543167114
8442,0.0334518700838089
8443,0.03422381728887558
8444,0.03349413350224495
8445,0.033534035086631775
8446,0.03357813134789467
8447,0.033623699098825455
8448,0.03366755321621895
8449,0.033706508576869965
8450,0.03373778238892555
8451,0.03375926986336708
8452,0.03376968204975128
8453,0.03376862406730652
8454,0.03375647962093353
8455,0.03373432531952858
8456,0.03370368108153343
8457,0.03366633504629135
8458,0.03362411633133888
8459,0.033578742295503616
8460,0.03353167697787285
8461,0.033484071493148804
8462,0.03343668580055237
8463,0.03338997811079025
8464,0.03334406018257141
8465,0.03329882770776749
8466,0.03325401246547699
8467,0.033209241926670074
8468,0.03316415473818779
8469,0.03311838582158089
8470,0.033071666955947876
8471,0.03302571922540665
8472,0.03305436298251152
8473,0.032940179109573364
8474,0.03290286660194397
8475,0.03286423534154892
8476,0.03282453864812851
8477,0.032783929258584976
8478,0.032742470502853394
8479,0.03270019218325615
8480,0.032657064497470856
8481,0.03269835188984871
8482,0.03266078606247902
8483,0.03256427124142647
8484,0.032543741166591644
8485,0.0325201191008091
8486,0.03249311074614525
8487,0.03246261179447174
8488,0.03242871165275574
8489,0.03239167854189873
8490,0.03235189616680145
8491,0.03237377852201462
8492,0.03233028203248978
8493,0.032348401844501495
8494,0.0323604978621006
8495,0.03236383944749832
8496,0.03235683590173721
8497,0.032339051365852356
8498,0.03231107071042061
8499,0.0322742685675621
8500,0.03223193809390068
8501,0.032210271805524826
8502,0.032172225415706635
8503,0.032141853123903275
8504,0.03212881088256836
8505,0.032106198370456696
8506,0.032097477465867996
8507,0.03208628669381142
8508,0.03207196667790413
8509,0.03205549716949463
8510,0.03203701227903366
8511,0.032013408839702606
8512,0.03203224390745163
8513,0.03198179230093956
8514,0.03196542710065842
8515,0.031954169273376465
8516,0.03193766996264458
8517,0.031916629523038864
8518,0.031891725957393646
8519,0.03188074380159378
8520,0.03184571489691734
8521,0.03181988000869751
8522,0.03179482743144035
8523,0.031848616898059845
8524,0.03178258240222931
8525,0.031795796006917953
8526,0.03180424124002457
8527,0.03180627152323723
8528,0.03181501850485802
8529,0.03179244324564934
8530,0.031775739043951035
8531,0.03183344006538391
8532,0.031755927950143814
8533,0.0317506417632103
8534,0.031735874712467194
8535,0.031974855810403824
8536,0.031785063445568085
8537,0.0318429209291935
8538,0.03188454732298851
8539,0.031909629702568054
8540,0.03191908821463585
8541,0.031914763152599335
8542,0.031899113208055496
8543,0.03187481313943863
8544,0.031870659440755844
8545,0.03184746578335762
8546,0.03183847665786743
8547,0.03184502571821213
8548,0.031841836869716644
8549,0.03183009475469589
8550,0.03196994215250015
8551,0.03186783939599991
8552,0.031912434846162796
8553,0.03194373473525047
8554,0.03196146711707115
8555,0.031966254115104675
8556,0.0319594107568264
8557,0.03194275498390198
8558,0.03276839107275009
8559,0.032536379992961884
8560,0.033374615013599396
8561,0.03429093956947327
8562,0.035153672099113464
8563,0.03585734963417053
8564,0.036333467811346054
8565,0.0365544818341732
8566,0.03653092309832573
8567,0.036302972584962845
8568,0.03592901676893234
8569,0.035473693162202835
8570,0.034997835755348206
8571,0.03455125913023949
8572,0.034169044345617294
8573,0.03387082740664482
8574,0.03366226330399513
8575,0.033537913113832474
8576,0.033484648913145065
8577,0.0335875079035759
8578,0.03364724665880203
8579,0.033581607043743134
8580,0.033622466027736664
8581,0.03365626558661461
8582,0.03367224708199501
8583,0.03366896137595177
8584,0.03364691510796547
8585,0.033608149737119675
8586,0.0335557758808136
8587,0.03349348530173302
8588,0.033425137400627136
8589,0.03335435315966606
8590,0.033284272998571396
8591,0.03321729972958565
8592,0.033155057579278946
8593,0.03309832885861397
8594,0.033047161996364594
8595,0.03300097957253456
8596,0.032958757132291794
8597,0.03291917219758034
8598,0.03288085013628006
8599,0.032842472195625305
8600,0.03280290961265564
8601,0.0327613390982151
8602,0.03271723911166191
8603,0.032670434564352036
8604,0.03280444070696831
8605,0.03271770849823952
8606,0.03267963230609894
8607,0.03272906318306923
8608,0.03276808559894562
8609,0.03279348090291023
8610,0.03280375525355339
8611,0.032798971980810165
8612,0.03278050199151039
8613,0.03275061026215553
8614,0.03271208330988884
8615,0.03266780450940132
8616,0.03262047469615936
8617,0.03257232531905174
8618,0.03252607583999634
8619,0.03248694911599159
8620,0.03244699537754059
8621,0.032411180436611176
8622,0.032394543290138245
8623,0.032377954572439194
8624,0.032345276325941086
8625,0.03229266405105591
8626,0.032267022877931595
8627,0.03223847970366478
8628,0.03220739960670471
8629,0.03217412531375885
8630,0.032138969749212265
8631,0.03210323303937912
8632,0.03207366168498993
8633,0.032039497047662735
8634,0.03200970217585564
8635,0.03197847306728363
8636,0.03194590285420418
8637,0.03194548189640045
8638,0.03196852281689644
8639,0.032029829919338226
8640,0.03208940103650093
8641,0.03214145451784134
8642,0.03218155354261398
8643,0.03220689296722412
8644,0.0322163850069046
8645,0.03221048414707184
8646,0.032190896570682526
8647,0.03221006691455841
8648,0.03228580951690674
8649,0.03222217038273811
8650,0.03227030485868454
8651,0.032300569117069244
8652,0.0323139987885952
8653,0.032312676310539246
8654,0.03229933977127075
8655,0.03227700665593147
8656,0.032378681004047394
8657,0.03226849436759949
8658,0.03227684646844864
8659,0.032274991273880005
8660,0.03226454183459282
8661,0.032247260212898254
8662,0.032224856317043304
8663,0.03219890221953392
8664,0.032170675694942474
8665,0.03214116021990776
8666,0.03216167539358139
8667,0.03209623321890831
8668,0.03207835555076599
8669,0.0320577472448349
8670,0.03203470632433891
8671,0.032009441405534744
8672,0.031982555985450745
8673,0.031989797949790955
8674,0.03193914517760277
8675,0.031920209527015686
8676,0.031898513436317444
8677,0.03187431022524834
8678,0.03186570107936859
8679,0.03183385357260704
8680,0.0318169966340065
8681,0.03179722651839256
8682,0.03177458420395851
8683,0.03174913674592972
8684,0.03172101825475693
8685,0.03169042989611626
8686,0.03165760263800621
8687,0.03162281960248947
8688,0.03158634528517723
8689,0.031548477709293365
8690,0.031509481370449066
8691,0.03146958351135254
8692,0.031666822731494904
8693,0.031479284167289734
8694,0.031536493450403214
8695,0.03159315884113312
8696,0.03164273500442505
8697,0.031680166721343994
8698,0.031702250242233276
8699,0.031707677990198135
8700,0.03169688209891319
8701,0.031671687960624695
8702,0.031728822737932205
8703,0.03163230046629906
8704,0.03161703050136566
8705,0.03159174695611
8706,0.031559307128190994
8707,0.03153049573302269
8708,0.03151070326566696
8709,0.03163021802902222
8710,0.03149435669183731
8711,0.03151021525263786
8712,0.03151660040020943
8713,0.0315140001475811
8714,0.03151031211018562
8715,0.03150021284818649
8716,0.03148936107754707
8717,0.03147197514772415
8718,0.031461019068956375
8719,0.03143923729658127
8720,0.03142358362674713
8721,0.03140338882803917
8722,0.03137959539890289
8723,0.03246794268488884
8724,0.03174695745110512
8725,0.03231970965862274
8726,0.03297227621078491
8727,0.03361076861619949
8728,0.03415711224079132
8729,0.034556761384010315
8730,0.03478227183222771
8731,0.03483249619603157
8732,0.03472810238599777
8733,0.034530941396951675
8734,0.03441328927874565
8735,0.03422422707080841
8736,0.033853139728307724
8737,0.033558230847120285
8738,0.03337507322430611
8739,0.03322421386837959
8740,0.03310272842645645
8741,0.03301538899540901
8742,0.03296172618865967
8743,0.032937366515398026
8744,0.03293547406792641
8745,0.03294806182384491
8746,0.032967135310173035
8747,0.03298551216721535
8748,0.03303986042737961
8749,0.03299592062830925
8750,0.032979704439640045
8751,0.03295212239027023
8752,0.032915204763412476
8753,0.032871492207050323
8754,0.03282347321510315
8755,0.032773397862911224
8756,0.03272312507033348
8757,0.032795242965221405
8758,0.032688483595848083
8759,0.03272245079278946
8760,0.032768890261650085
8761,0.03282034769654274
8762,0.03286972641944885
8763,0.032910991460084915
8764,0.0329396016895771
8765,0.032952770590782166
8766,0.03294946253299713
8767,0.03293026238679886
8768,0.032896988093853
8769,0.03285231441259384
8770,0.03279935568571091
8771,0.03295474126935005
8772,0.03276415914297104
8773,0.032773345708847046
8774,0.03277052193880081
8775,0.032757718116045
8776,0.03273705393075943
8777,0.032710567116737366
8778,0.03268007934093475
8779,0.03264707326889038
8780,0.03261266276240349
8781,0.03257760405540466
8782,0.032542284578084946
8783,0.03250684216618538
8784,0.03247121348977089
8785,0.032435186207294464
8786,0.03239850699901581
8787,0.032360922545194626
8788,0.0323222316801548
8789,0.03230087831616402
8790,0.03225979208946228
8791,0.03221650794148445
8792,0.0321827307343483
8793,0.03214741870760918
8794,0.03211088851094246
8795,0.032074764370918274
8796,0.03204065561294556
8797,0.03200477361679077
8798,0.031971342861652374
8799,0.031938210129737854
8800,0.03190389648079872
8801,0.03188634663820267
8802,0.03184621036052704
8803,0.03182175010442734
8804,0.031794752925634384
8805,0.03197895735502243
8806,0.03183967247605324
8807,0.03192521631717682
8808,0.03200935199856758
8809,0.03208169713616371
8810,0.03213464468717575
8811,0.03216379135847092
8812,0.03216787055134773
8813,0.03214830532670021
8814,0.03267808258533478
8815,0.032306235283613205
8816,0.032469719648361206
8817,0.03259243071079254
8818,0.03267260268330574
8819,0.03271268308162689
8820,0.03271827846765518
8821,0.03269696980714798
8822,0.03265708312392235
8823,0.03260665014386177
8824,0.0325583815574646
8825,0.03258689492940903
8826,0.03260963782668114
8827,0.03253289684653282
8828,0.03249688446521759
8829,0.032472819089889526
8830,0.03248363360762596
8831,0.03247559443116188
8832,0.03248155117034912
8833,0.03248154744505882
8834,0.03247635066509247
8835,0.032466597855091095
8836,0.03245285525918007
8837,0.0324355885386467
8838,0.03241521120071411
8839,0.03239208459854126
8840,0.03236652538180351
8841,0.03233882039785385
8842,0.03230921924114227
8843,0.03229405730962753
8844,0.03226831182837486
8845,0.032231345772743225
8846,0.032208401709795
8847,0.0321834571659565
8848,0.032156676054000854
8849,0.03221029043197632
8850,0.0321388766169548
8851,0.03215103596448898
8852,0.032161589711904526
8853,0.032167840749025345
8854,0.03216772899031639
8855,0.032159965485334396
8856,0.03214407339692116
8857,0.032120317220687866
8858,0.03208952769637108
8859,0.032052986323833466
8860,0.03201216459274292
8861,0.031978584825992584
8862,0.03195135295391083
8863,0.031908098608255386
8864,0.03187910094857216
8865,0.03190312907099724
8866,0.031834833323955536
8867,0.03181742504239082
8868,0.031796347349882126
8869,0.03177211433649063
8870,0.031931836158037186
8871,0.03185195475816727
8872,0.03197796270251274
8873,0.03210628405213356
8874,0.0322222001850605
8875,0.032314497977495193
8876,0.03237617760896683
8877,0.03240453451871872
8878,0.032400719821453094
8879,0.032382018864154816
8880,0.03239354491233826
8881,0.0323563888669014
8882,0.03227002173662186
8883,0.03219601511955261
8884,0.03214899078011513
8885,0.03209882974624634
8886,0.03204933553934097
8887,0.032003145664930344
8888,0.03201171010732651
8889,0.03196714073419571
8890,0.031934984028339386
8891,0.03192641958594322
8892,0.03191521763801575
8893,0.03190131485462189
8894,0.03192460909485817
8895,0.0318741537630558
8896,0.031859271228313446
8897,0.03184042498469353
8898,0.03181806206703186
8899,0.03179260343313217
8900,0.03177285194396973
8901,0.031741268932819366
8902,0.03171556070446968
8903,0.03168760612607002
8904,0.03166875243186951
8905,0.031634971499443054
8906,0.03161003440618515
8907,0.03158284351229668
8908,0.0315883569419384
8909,0.031568706035614014
8910,0.031583745032548904
8911,0.03159523755311966
8912,0.031600482761859894
8913,0.03159761428833008
8914,0.03158567100763321
8915,0.03156460449099541
8916,0.03157257288694382
8917,0.031523846089839935
8918,0.03150342032313347
8919,0.031475238502025604
8920,0.03144098445773125
8921,0.03143558278679848
8922,0.031577881425619125
8923,0.03144324570894241
8924,0.03150114044547081
8925,0.03154582157731056
8926,0.031575288623571396
8927,0.03158899396657944
8928,0.03158768266439438
8929,0.03157311677932739
8930,0.031547728925943375
8931,0.03151426464319229
8932,0.03147544339299202
8933,0.031889334321022034
8934,0.031517188996076584
8935,0.03158643841743469
8936,0.03164032846689224
8937,0.03167877346277237
8938,0.031728506088256836
8939,0.03174269199371338
8940,0.03177342936396599
8941,0.0317964106798172
8942,0.03180618956685066
8943,0.031804971396923065
8944,0.03179505467414856
8945,0.03177863359451294
8946,0.03175761550664902
8947,0.03173353523015976
8948,0.03170822933316231
8949,0.0318000465631485
8950,0.03168487921357155
8951,0.03184806928038597
8952,0.03195621073246002
8953,0.03233245760202408
8954,0.032750971615314484
8955,0.033156074583530426
8956,0.03350214660167694
8957,0.033757712692022324
8958,0.03390708938241005
8959,0.03394971787929535
8960,0.033897556364536285
8961,0.033771224319934845
8962,0.03359570354223251
8963,0.03339637070894241
8964,0.033195823431015015
8965,0.03301180154085159
8966,0.03285617753863335
8967,0.0327349528670311
8968,0.032663945108652115
8969,0.03269273787736893
8970,0.03274453058838844
8971,0.03280184790492058
8972,0.0326421782374382
8973,0.032615434378385544
8974,0.03262501582503319
8975,0.03262678533792496
8976,0.03262139856815338
8977,0.03260963782668114
8978,0.032592371106147766
8979,0.032570481300354004
8980,0.032544802874326706
8981,0.032516106963157654
8982,0.032485030591487885
8983,0.03245209529995918
8984,0.03241769224405289
8985,0.03238207474350929
8986,0.03234539553523064
8987,0.03230771794915199
8988,0.03226904198527336
8989,0.03222934156656265
8990,0.03218857944011688
8991,0.03237742930650711
8992,0.03214707970619202
8993,0.03214582800865173
8994,0.03214140236377716
8995,0.032132551074028015
8996,0.03211845085024834
8997,0.03209872543811798
8998,0.032073426991701126
8999,0.032042961567640305
9000,0.032008010894060135
9001,0.031969405710697174
9002,0.031961824744939804
9003,0.03190511837601662
9004,0.031877968460321426
9005,0.031847648322582245
9006,0.032076362520456314
9007,0.0319259949028492
9008,0.03203962743282318
9009,0.03214845806360245
9010,0.03224236145615578
9011,0.03231395408511162
9012,0.03235897421836853
9013,0.03237632289528847
9014,0.03236763924360275
9015,0.03233667090535164
9016,0.03228849172592163
9017,0.03222869709134102
9018,0.03216271847486496
9019,0.03209527209401131
9020,0.03205418214201927
9021,0.03204015642404556
9022,0.03195945546030998
9023,0.03193293884396553
9024,0.03190881013870239
9025,0.031883660703897476
9026,0.031857509166002274
9027,0.031830158084630966
9028,0.031801242381334305
9029,0.031770382076501846
9030,0.031737230718135834
9031,0.031701527535915375
9032,0.03166313096880913
9033,0.032349418848752975
9034,0.03172925114631653
9035,0.031859610229730606
9036,0.0320018008351326
9037,0.032144226133823395
9038,0.03227635473012924
9039,0.03238971158862114
9040,0.03249051421880722
9041,0.03260496258735657
9042,0.03266768902540207
9043,0.032682377845048904
9044,0.03270472586154938
9045,0.03271399438381195
9046,0.03270134702324867
9047,0.032672591507434845
9048,0.032633475959300995
9049,0.03259018436074257
9050,0.032577063888311386
9051,0.03254149854183197
9052,0.03251189738512039
9053,0.03248973563313484
9054,0.03246895596385002
9055,0.03375401720404625
9056,0.03284597769379616
9057,0.033439453691244125
9058,0.03412822261452675
9059,0.03481665253639221
9060,0.03542366623878479
9061,0.035890281200408936
9062,0.03618352860212326
9063,0.03629637137055397
9064,0.03624407947063446
9065,0.036058127880096436
9066,0.035779036581516266
9067,0.035449493676424026
9068,0.03510868549346924
9069,0.034788474440574646
9070,0.03451140597462654
9071,0.0342903696000576
9072,0.034129492938518524
9073,0.034081678837537766
9074,0.03403433784842491
9075,0.03398217633366585
9076,0.03399486467242241
9077,0.03401532769203186
9078,0.03403673321008682
9079,0.034053411334753036
9080,0.03406119719147682
9081,0.03405746445059776
9082,0.03404106944799423
9083,0.03401217237114906
9084,0.03397195413708687
9085,0.03395470604300499
9086,0.033890269696712494
9087,0.03381268307566643
9088,0.03375677391886711
9089,0.033702392131090164
9090,0.033650945872068405
9091,0.03360317274928093
9092,0.03355922922492027
9093,0.03351876139640808
9094,0.03348105400800705
9095,0.03344516083598137
9096,0.03341006115078926
9097,0.03337475284934044
9098,0.033338382840156555
9099,0.033300288021564484
9100,0.0332600437104702
9101,0.03321747109293938
9102,0.0331726111471653
9103,0.033125683665275574
9104,0.033151451498270035
9105,0.03305642679333687
9106,0.03303193673491478
9107,0.0330035425722599
9108,0.032971471548080444
9109,0.03293611854314804
9110,0.03289800137281418
9111,0.03285816311836243
9112,0.03282104432582855
9113,0.03278239071369171
9114,0.0327698290348053
9115,0.03271651640534401
9116,0.03268743306398392
9117,0.032656531780958176
9118,0.03262319043278694
9119,0.03258774057030678
9120,0.03255053609609604
9121,0.0325118787586689
9122,0.03247261792421341
9123,0.032437410205602646
9124,0.032396722584962845
9125,0.032357972115278244
9126,0.03231995925307274
9127,0.032280758023262024
9128,0.03228643164038658
9129,0.032219015061855316
9130,0.0321904681622982
9131,0.032166361808776855
9132,0.03213988244533539
9133,0.032111022621393204
9134,0.03207985684275627
9135,0.032070450484752655
9136,0.03202630579471588
9137,0.032000117003917694
9138,0.03197678178548813
9139,0.03195013105869293
9140,0.03192460536956787
9141,0.03190256282687187
9142,0.031866494566202164
9143,0.03198107331991196
9144,0.031882863491773605
9145,0.03192529082298279
9146,0.03196136653423309
9147,0.031987354159355164
9148,0.0320008248090744
9149,0.032000742852687836
9150,0.03198733180761337
9151,0.031961843371391296
9152,0.03192627429962158
9153,0.03188301995396614
9154,0.03194781392812729
9155,0.03182739019393921
9156,0.03182373568415642
9157,0.031812455505132675
9158,0.03179445490241051
9159,0.03177133575081825
9160,0.03174449875950813
9161,0.03171508386731148
9162,0.031683940440416336
9163,0.03165162354707718
9164,0.031618427485227585
9165,0.03158443421125412
9166,0.03156648576259613
9167,0.03153359144926071
9168,0.03151706978678703
9169,0.03149251267313957
9170,0.03146779164671898
9171,0.031488385051488876
9172,0.03142545372247696
9173,0.03143191710114479
9174,0.03139665722846985
9175,0.03138268366456032
9176,0.03136526048183441
9177,0.031344398856163025
9178,0.03132012113928795
9179,0.031292520463466644
9180,0.031261734664440155
9181,0.031298134475946426
9182,0.031221497803926468
9183,0.03119911625981331
9184,0.031184516847133636
9185,0.03120454028248787
9186,0.031171461567282677
9187,0.031170714646577835
9188,0.031162677332758904
9189,0.031148800626397133
9190,0.031131571158766747
9191,0.031205326318740845
9192,0.031135356053709984
9193,0.031151818111538887
9194,0.03125160187482834
9195,0.03120708465576172
9196,0.031241752207279205
9197,0.03126166760921478
9198,0.03126746416091919
9199,0.03126059100031853
9200,0.03124307468533516
9201,0.031217221170663834
9202,0.031185368075966835
9203,0.03122795559465885
9204,0.031189922243356705
9205,0.031218314543366432
9206,0.031234821304678917
9207,0.031240038573741913
9208,0.03123505599796772
9209,0.0312212985008955
9210,0.031200358644127846
9211,0.03117384761571884
9212,0.031143246218562126
9213,0.031124576926231384
9214,0.031136564910411835
9215,0.03110991232097149
9216,0.031121985986828804
9217,0.031126659363508224
9218,0.031123248860239983
9219,0.031245049089193344
9220,0.03134974464774132
9221,0.03160145878791809
9222,0.031845573335886
9223,0.03293824940919876
9224,0.03279905766248703
9225,0.033510006964206696
9226,0.03413902595639229
9227,0.03464413061738014
9228,0.03500241041183472
9229,0.03520986810326576
9230,0.03527873754501343
9231,0.03523307666182518
9232,0.035103656351566315
9233,0.03492292761802673
9234,0.034720923751592636
9235,0.03452235832810402
9236,0.034346647560596466
9237,0.034445762634277344
9238,0.034132376313209534
9239,0.03407870605587959
9240,0.034042783081531525
9241,0.03402164205908775
9242,0.034010984003543854
9243,0.0340060330927372
9244,0.03455936536192894
9245,0.03407261148095131
9246,0.034129686653614044
9247,0.034173883497714996
9248,0.0342060923576355
9249,0.034227415919303894
9250,0.034238968044519424
9251,0.03424179181456566
9252,0.03423679620027542
9253,0.034224770963191986
9254,0.034206368029117584
9255,0.03418215364217758
9256,0.03415262699127197
9257,0.034118279814720154
9258,0.034079570323228836
9259,0.034036990255117416
9260,0.03399103879928589
9261,0.03394223004579544
9262,0.03389108180999756
9263,0.03383810818195343
9264,0.03378378227353096
9265,0.033728551119565964
9266,0.033672794699668884
9267,0.03361682593822479
9268,0.03356090560555458
9269,0.03394143283367157
9270,0.03358239680528641
9271,0.03368130326271057
9272,0.033786263316869736
9273,0.03388332948088646
9274,0.03396147862076759
9275,0.03401326388120651
9276,0.03403501957654953
9277,0.0340266190469265
9278,0.03399085998535156
9279,0.0339326411485672
9280,0.03385806828737259
9281,0.03377356380224228
9282,0.03368515521287918
9283,0.03359794616699219
9284,0.03351576253771782
9285,0.03344106301665306
9286,0.03337497264146805
9287,0.0333174467086792
9288,0.033270370215177536
9289,0.03329025208950043
9290,0.033198919147253036
9291,0.033170606940984726
9292,0.033140502870082855
9293,0.033108148723840714
9294,0.03307325765490532
9295,0.03303571417927742
9296,0.03299555554986
9297,0.03295297548174858
9298,0.03290827199816704
9299,0.03286181017756462
9300,0.03281400352716446
9301,0.03276524320244789
9302,0.03277934342622757
9303,0.032709673047065735
9304,0.032665908336639404
9305,0.03262641280889511
9306,0.03260275349020958
9307,0.03257845342159271
9308,0.03255258873105049
9309,0.032524410635232925
9310,0.03249334916472435
9311,0.03245912864804268
9312,0.03242168948054314
9313,0.03241043537855148
9314,0.032361675053834915
9315,0.03233646601438522
9316,0.03231089189648628
9317,0.03228047862648964
9318,0.032245736569166183
9319,0.03220730647444725
9320,0.03216595575213432
9321,0.03214426338672638
9322,0.032204654067754745
9323,0.032121237367391586
9324,0.03215019404888153
9325,0.03217095881700516
9326,0.03218192234635353
9327,0.03218232840299606
9328,0.032172251492738724
9329,0.03215250000357628
9330,0.03212437778711319
9331,0.03208952769637108
9332,0.032049693167209625
9333,0.03200657293200493
9334,0.03196164593100548
9335,0.032005004584789276
9336,0.03200119361281395
9337,0.03208580240607262
9338,0.032162100076675415
9339,0.032223958522081375
9340,0.032267335802316666
9341,0.03229036554694176
9342,0.032293226569890976
9343,0.03227773681282997
9344,0.0322469025850296
9345,0.03220443055033684
9346,0.03215469792485237
9347,0.03216329962015152
9348,0.03206448629498482
9349,0.03202388808131218
9350,0.03198196738958359
9351,0.031940165907144547
9352,0.03189937025308609
9353,0.03390774875879288
9354,0.03227807208895683
9355,0.03286835923790932
9356,0.03354528173804283
9357,0.03422596678137779
9358,0.03483891114592552
9359,0.03533044084906578
9360,0.03566834703087807
9361,0.035842254757881165
9362,0.03586117923259735
9363,0.035748932510614395
9364,0.03553856536746025
9365,0.035283416509628296
9366,0.03508662432432175
9367,0.03475651517510414
9368,0.03452740237116814
9369,0.034323252737522125
9370,0.03415496647357941
9371,0.03411788493394852
9372,0.033970169723033905
9373,0.03393537178635597
9374,0.033919014036655426
9375,0.033916015177965164
9376,0.033920757472515106
9377,0.03394686058163643
9378,0.03400413319468498
9379,0.033952392637729645
9380,0.033953163772821426
9381,0.033941760659217834
9382,0.03391879424452782
9383,0.03388534113764763
9384,0.033842820674180984
9385,0.033817559480667114
9386,0.03377506509423256
9387,0.033714354038238525
9388,0.03364667296409607
9389,0.0335991345345974
9390,0.03355100005865097
9391,0.03350267931818962
9392,0.033454250544309616
9393,0.03340555727481842
9394,0.033356279134750366
9395,0.03331814706325531
9396,0.0332789346575737
9397,0.03322746604681015
9398,0.03319676220417023
9399,0.03316222131252289
9400,0.03312314301729202
9401,0.03307948634028435
9402,0.03303142264485359
9403,0.032979317009449005
9404,0.032928019762039185
9405,0.03313997760415077
9406,0.03292378410696983
9407,0.032962866127491
9408,0.032990455627441406
9409,0.03300590440630913
9410,0.03300923854112625
9411,0.03300108388066292
9412,0.03298255801200867
9413,0.03295513987541199
9414,0.032920487225055695
9415,0.03288029506802559
9416,0.03283616527915001
9417,0.03278951719403267
9418,0.032741479575634
9419,0.03309382125735283
9420,0.032745737582445145
9421,0.032797813415527344
9422,0.03284410014748573
9423,0.03288055583834648
9424,0.03290434181690216
9425,0.0329139344394207
9426,0.03290902078151703
9427,0.03289037197828293
9428,0.03285958990454674
9429,0.03292641416192055
9430,0.03292965888977051
9431,0.032833512872457504
9432,0.032783057540655136
9433,0.03277258202433586
9434,0.03275340795516968
9435,0.03272758424282074
9436,0.03269695118069649
9437,0.03266303986310959
9438,0.032627005130052567
9439,0.03258969262242317
9440,0.03255158290266991
9441,0.032512910664081573
9442,0.03247368708252907
9443,0.03243933245539665
9444,0.03241100534796715
9445,0.03252872824668884
9446,0.03237597271800041
9447,0.03239089623093605
9448,0.03240317478775978
9449,0.03241129219532013
9450,0.03241391479969025
9451,0.03241003304719925
9452,0.0323990099132061
9453,0.03238065168261528
9454,0.03235514089465141
9455,0.03232298791408539
9456,0.03228497877717018
9457,0.03224204480648041
9458,0.03221923112869263
9459,0.03219835087656975
9460,0.032178085297346115
9461,0.032148003578186035
9462,0.03214048221707344
9463,0.03212547302246094
9464,0.03210368752479553
9465,0.03207734227180481
9466,0.0320541188120842
9467,0.03203492611646652
9468,0.03201056644320488
9469,0.03198083117604256
9470,0.03194650262594223
9471,0.03193752095103264
9472,0.03196198493242264
9473,0.03187863156199455
9474,0.03187037259340286
9475,0.03185546025633812
9476,0.0318344421684742
9477,0.03180796653032303
9478,0.03177674487233162
9479,0.03175955265760422
9480,0.0317218080163002
9481,0.03170093148946762
9482,0.03172602131962776
9483,0.031679075211286545
9484,0.03168349340558052
9485,0.031850721687078476
9486,0.031744297593832016
9487,0.03179539367556572
9488,0.03183378279209137
9489,0.03185875713825226
9490,0.03187039494514465
9491,0.03186946362257004
9492,0.031857285648584366
9493,0.031835563480854034
9494,0.031806185841560364
9495,0.031771041452884674
9496,0.03173277899622917
9497,0.03177829831838608
9498,0.03171447664499283
9499,0.031700171530246735
9500,0.03170685097575188
9501,0.03172487020492554
9502,0.03174355626106262
9503,0.031766630709171295
9504,0.03177955746650696
9505,0.03178274631500244
9506,0.03177693858742714
9507,0.031763117760419846
9508,0.03174241632223129
9509,0.031716033816337585
9510,0.03169184550642967
9511,0.031665533781051636
9512,0.03163943439722061
9513,0.03162757679820061
9514,0.031595904380083084
9515,0.03158243000507355
9516,0.0315685048699379
9517,0.03155270591378212
9518,0.03153170645236969
9519,0.031547240912914276
9520,0.03149711713194847
9521,0.03148235008120537
9522,0.03146214038133621
9523,0.03143847733736038
9524,0.03142645210027695
9525,0.03141000494360924
9526,0.03138800710439682
9527,0.03136099502444267
9528,0.03133444860577583
9529,0.031439442187547684
9530,0.03130445256829262
9531,0.0312974713742733
9532,0.03130120411515236
9533,0.031303130090236664
9534,0.03129760921001434
9535,0.03128517419099808
9536,0.03126654401421547
9537,0.031242549419403076
9538,0.03160924091935158
9539,0.031371645629405975
9540,0.03152434527873993
9541,0.031663402915000916
9542,0.03178190067410469
9543,0.03187526389956474
9544,0.03194139525294304
9545,0.03198053315281868
9546,0.03199489042162895
9547,0.031988125294446945
9548,0.0319647341966629
9549,0.03192950785160065
9550,0.03188701346516609
9551,0.03184124082326889
9552,0.031795330345630646
9553,0.03175542131066322
9554,0.031809210777282715
9555,0.03172258287668228
9556,0.031718622893095016
9557,0.031871553510427475
9558,0.03180120885372162
9559,0.03188405558466911
9560,0.03195885941386223
9561,0.03202186897397041
9562,0.032070454210042953
9563,0.03210320696234703
9564,0.03211994096636772
9565,0.03212154656648636
9566,0.03210974112153053
9567,0.0320868119597435
9568,0.03205530717968941
9569,0.032017793506383896
9570,0.03197659179568291
9571,0.03193369135260582
9572,0.03189060091972351
9573,0.03184834122657776
9574,0.03180747851729393
9575,0.03176816552877426
9576,0.03173024207353592
9577,0.03175223991274834
9578,0.03168998658657074
9579,0.03166038542985916
9580,0.03165247663855553
9581,0.03163153678178787
9582,0.03161399066448212
9583,0.03159329667687416
9584,0.031569670885801315
9585,0.031543295830488205
9586,0.031514380127191544
9587,0.031483132392168045
9588,0.03144975006580353
9589,0.031414445489645004
9590,0.031482718884944916
9591,0.031392842531204224
9592,0.03140431270003319
9593,0.03141096234321594
9594,0.03141216188669205
9595,0.03140757977962494
9596,0.031397171318531036
9597,0.031381163746118546
9598,0.03142114728689194
9599,0.03138154372572899
9600,0.03139535337686539
9601,0.031400542706251144
9602,0.03139682114124298
9603,0.03138447925448418
9604,0.03136424720287323
9605,0.031337205320596695
9606,0.03130461275577545
9607,0.031267791986465454
9608,0.03124280832707882
9609,0.03121362440288067
9610,0.031193483620882034
9611,0.031168250367045403
9612,0.03126946836709976
9613,0.031221892684698105
9614,0.03130089119076729
9615,0.03136943653225899
9616,0.031422823667526245
9617,0.031473271548748016
9618,0.03149339556694031
9619,0.031508106738328934
9620,0.031519725918769836
9621,0.03150003030896187
9622,0.0314805842936039
9623,0.03144890069961548
9624,0.03140866383910179
9625,0.03136471286416054
9626,0.03132742643356323
9627,0.03130936995148659
9628,0.03126382455229759
9629,0.031232256442308426
9630,0.03120068646967411
9631,0.031191769987344742
9632,0.031161097809672356
9633,0.031142398715019226
9634,0.03112099878489971
9635,0.03116816096007824
9636,0.031086349859833717
9637,0.03107142075896263
9638,0.031068775802850723
9639,0.031061526387929916
9640,0.03106587938964367
9641,0.031065402552485466
9642,0.031059829518198967
9643,0.031049024313688278
9644,0.031082365661859512
9645,0.03103478252887726
9646,0.03103012777864933
9647,0.031018882989883423
9648,0.03100118599832058
9649,0.030977491289377213
9650,0.03098606877028942
9651,0.030942736193537712
9652,0.03097442537546158
9653,0.030947040766477585
9654,0.03095473162829876
9655,0.03095325455069542
9656,0.03129348158836365
9657,0.031168179586529732
9658,0.03139930218458176
9659,0.03161781281232834
9660,0.031808026134967804
9661,0.03195882961153984
9662,0.03206425532698631
9663,0.03212336450815201
9664,0.03213956579566002
9665,0.032119475305080414
9666,0.032071661204099655
9667,0.03200538456439972
9668,0.03192948177456856
9669,0.031851548701524734
9670,0.03177743777632713
9671,0.03185146301984787
9672,0.0316813588142395
9673,0.03353305533528328
9674,0.03200577571988106
9675,0.032391507178545
9676,0.03277998045086861
9677,0.03314606472849846
9678,0.03347083181142807
9679,0.03374198451638222
9680,0.0339537039399147
9681,0.03410593792796135
9682,0.03420327603816986
9683,0.03425351530313492
9684,0.03426627814769745
9685,0.03425160050392151
9686,0.0342189259827137
9687,0.0341762974858284
9688,0.03412993252277374
9689,0.03408409655094147
9690,0.034041211009025574
9691,0.034002091735601425
9692,0.03396636247634888
9693,0.03393283486366272
9694,0.03389989957213402
9695,0.03392871841788292
9696,0.03392055630683899
9697,0.03382878005504608
9698,0.03381034731864929
9699,0.034289535135030746
9700,0.033902429044246674
9701,0.034033115953207016
9702,0.03416796773672104
9703,0.034298207610845566
9704,0.03441600874066353
9705,0.034515030682086945
9706,0.0345907062292099
9707,0.03464045748114586
9708,0.034663572907447815
9709,0.034661080688238144
9710,0.034635353833436966
9711,0.0345897376537323
9712,0.03452812135219574
9713,0.03445452079176903
9714,0.034379974007606506
9715,0.03438436612486839
9716,0.034299179911613464
9717,0.03427900746464729
9718,0.034247543662786484
9719,0.0342070534825325
9720,0.03415960446000099
9721,0.03410695865750313
9722,0.034050602465867996
9723,0.03399166837334633
9724,0.03393100947141647
9725,0.033869195729494095
9726,0.03380656614899635
9727,0.03374331444501877
9728,0.033679503947496414
9729,0.03362790122628212
9730,0.03359188139438629
9731,0.033527787774801254
9732,0.03344635292887688
9733,0.03338836506009102
9734,0.03334349766373634
9735,0.03330814465880394
9736,0.03325674310326576
9737,0.033207785338163376
9738,0.03317061811685562
9739,0.033131178468465805
9740,0.03308911994099617
9741,0.033044181764125824
9742,0.03299623355269432
9743,0.033056098967790604
9744,0.03295314684510231
9745,0.03295613080263138
9746,0.03295194357633591
9747,0.03293902426958084
9748,0.03291657939553261
9749,0.03288455307483673
9750,0.03284353017807007
9751,0.032794587314128876
9752,0.03273912891745567
9753,0.03267873078584671
9754,0.032614920288324356
9755,0.03255133330821991
9756,0.0327502079308033
9757,0.03252418339252472
9758,0.032554175704717636
9759,0.03257356956601143
9760,0.032581012696027756
9761,0.032576028257608414
9762,0.03255895525217056
9763,0.03253083676099777
9764,0.032497841864824295
9765,0.03249010443687439
9766,0.03246604651212692
9767,0.032425154000520706
9768,0.03236866369843483
9769,0.032319676131010056
9770,0.0322854146361351
9771,0.032246608287096024
9772,0.0322229266166687
9773,0.032198432832956314
9774,0.03217453137040138
9775,0.03216073662042618
9776,0.03214025869965553
9777,0.03211380913853645
9778,0.03208211436867714
9779,0.032075297087430954
9780,0.03203578293323517
9781,0.03201909363269806
9782,0.0319964736700058
9783,0.031968601047992706
9784,0.031976185739040375
9785,0.031929489225149155
9786,0.031916335225105286
9787,0.03189692273736
9788,0.031871646642684937
9789,0.031841035932302475
9790,0.031805671751499176
9791,0.03176769241690636
9792,0.0319955050945282
9793,0.031794704496860504
9794,0.031856719404459
9795,0.031909145414829254
9796,0.03194841742515564
9797,0.031972289085388184
9798,0.031979870051145554
9799,0.03197154402732849
9800,0.03195228427648544
9801,0.031982701271772385
9802,0.031945522874593735
9803,0.031875018030405045
9804,0.03184596821665764
9805,0.03180884197354317
9806,0.03176598623394966
9807,0.03171950578689575
9808,0.03167112171649933
9809,0.03167502209544182
9810,0.031626246869564056
9811,0.03158244118094444
9812,0.03156471252441406
9813,0.03156089782714844
9814,0.03153715282678604
9815,0.03151734173297882
9816,0.031497709453105927
9817,0.03148671239614487
9818,0.031473107635974884
9819,0.031459271907806396
9820,0.03143937140703201
9821,0.031463541090488434
9822,0.03144024312496185
9823,0.03145955875515938
9824,0.031470224261283875
9825,0.031645990908145905
9826,0.03156327083706856
9827,0.03163911774754524
9828,0.03169642388820648
9829,0.03173428028821945
9830,0.03175312280654907
9831,0.0317545160651207
9832,0.03174085542559624
9833,0.03171505033969879
9834,0.031680162996053696
9835,0.03163915127515793
9836,0.031650666147470474
9837,0.03166807070374489
9838,0.03161264955997467
9839,0.03159596025943756
9840,0.03161659464240074
9841,0.03162667900323868
9842,0.03162679821252823
9843,0.031619660556316376
9844,0.031608160585165024
9845,0.03158976137638092
9846,0.03158799558877945
9847,0.03157204017043114
9848,0.03156758099794388
9849,0.03155459091067314
9850,0.03153418377041817
9851,0.03150755167007446
9852,0.031475864350795746
9853,0.03147711232304573
9854,0.031440235674381256
9855,0.03143031522631645
9856,0.03141874447464943
9857,0.031403571367263794
9858,0.0313868410885334
9859,0.031372614204883575
9860,0.03135308250784874
9861,0.03133916109800339
9862,0.03131404146552086
9863,0.031308677047491074
9864,0.031296033412218094
9865,0.03128781169652939
9866,0.03127168491482735
9867,0.031248310580849648
9868,0.03121853619813919
9869,0.031204789876937866
9870,0.031169770285487175
9871,0.031151987612247467
9872,0.031136803328990936
9873,0.031132744625210762
9874,0.031124010682106018
9875,0.03111768513917923
9876,0.031105194240808487
9877,0.031160976737737656
9878,0.031134387478232384
9879,0.03118991293013096
9880,0.03123157098889351
9881,0.03125742822885513
9882,0.03126685693860054
9883,0.0312604196369648
9884,0.03126046434044838
9885,0.031247202306985855
9886,0.031251147389411926
9887,0.03125399351119995
9888,0.03129858896136284
9889,0.03132390230894089
9890,0.031330887228250504
9891,0.03132491931319237
9892,0.03133590891957283
9893,0.03131957724690437
9894,0.03129179775714874
9895,0.031271982938051224
9896,0.031244123354554176
9897,0.031210629269480705
9898,0.0313667468726635
9899,0.0312524177134037
9900,0.03131427988409996
9901,0.03136052191257477
9902,0.031392719596624374
9903,0.03141253814101219
9904,0.031421661376953125
9905,0.03142170608043671
9906,0.03141419589519501
9907,0.0314096137881279
9908,0.031403109431266785
9909,0.03140707686543465
9910,0.03148772194981575
9911,0.03143659606575966
9912,0.031497493386268616
9913,0.03154892101883888
9914,0.031588006764650345
9915,0.031612906605005264
9916,0.031622935086488724
9917,0.03161845728754997
9918,0.03160075843334198
9919,0.03157174959778786
9920,0.03153371810913086
9921,0.031489063054323196
9922,0.03144003450870514
9923,0.03138859570026398
9924,0.03133628889918327
9925,0.03173268586397171
9926,0.03133619576692581
9927,0.031379636377096176
9928,0.03141269460320473
9929,0.03143421560525894
9930,0.031443770974874496
9931,0.031441617757081985
9932,0.03142860531806946
9933,0.03140603378415108
9934,0.03137567639350891
9935,0.03136099502444267
9936,0.031311094760894775
9937,0.03127621114253998
9938,0.03123708814382553
9939,0.03134002164006233
9940,0.031218037009239197
9941,0.031232044100761414
9942,0.031236549839377403
9943,0.031231632456183434
9944,0.031217750161886215
9945,0.031195662915706635
9946,0.031166352331638336
9947,0.031175358220934868
9948,0.031140560284256935
9949,0.031140323728322983
9950,0.031130503863096237
9951,0.031114796176552773
9952,0.03109842538833618
9953,0.03109743632376194
9954,0.031055307015776634
9955,0.031039368361234665
9956,0.0310178454965353
9957,0.030989697203040123
9958,0.030988339334726334
9959,0.030963202938437462
9960,0.031018652021884918
9961,0.03101600520312786
9962,0.03105981834232807
9963,0.0310914758592844
9964,0.03116479143500328
9965,0.031162407249212265
9966,0.03119811601936817
9967,0.03121764026582241
9968,0.031222015619277954
9969,0.031212951987981796
9970,0.03119257651269436
9971,0.031163226813077927
9972,0.031127192080020905
9973,0.031100818887352943
9974,0.031115051358938217
9975,0.031101614236831665
9976,0.031026432290673256
9977,0.031023848801851273
9978,0.031012913212180138
9979,0.030994225293397903
9980,0.03096856363117695
9981,0.030936820432543755
9982,0.030899925157427788
9983,0.031025348231196404
9984,0.03089900128543377
9985,0.030895890668034554
9986,0.0308749508112669
9987,0.030876098200678825
9988,0.030867822468280792
9989,0.030850796028971672
9990,0.030943894758820534
9991,0.03088727965950966
9992,0.03093355894088745
9993,0.03096533566713333
9994,0.03098362125456333
9995,0.030989764258265495
9996,0.031074022874236107
9997,0.031020596623420715
9998,0.03104247897863388
9999,0.03105160966515541
10000,0.031221754848957062
10001,0.031099461019039154
10002,0.03113391436636448
10003,0.03115343116223812
10004,0.031194239854812622
10005,0.031175978481769562
10006,0.031179502606391907
10007,0.031176041811704636
10008,0.031162112951278687
10009,0.03114493563771248
10010,0.031162360683083534
10011,0.03115646168589592
10012,0.031178880482912064
10013,0.03118913620710373
10014,0.03118782863020897
10015,0.031176017597317696
10016,0.03115510754287243
10017,0.03112667053937912
10018,0.031092671677470207
10019,0.031062867492437363
10020,0.03141728788614273
10021,0.031228313222527504
10022,0.03145792335271835
10023,0.0316833034157753
10024,0.03188268840312958
10025,0.03203999251127243
10026,0.032145824283361435
10027,0.03219751641154289
10028,0.032198335975408554
10029,0.032156072556972504
10030,0.03208129480481148
10031,0.03198564052581787
10032,0.03188023716211319
10033,0.031774602830410004
10034,0.031675901263952255
10035,0.03158867731690407
10036,0.0315149649977684
10037,0.03151470422744751
10038,0.03177925944328308
10039,0.03149193152785301
10040,0.031552333384752274
10041,0.031599342823028564
10042,0.03163439780473709
10043,0.03165881708264351
10044,0.03167374059557915
10045,0.031707242131233215
10046,0.03169902786612511
10047,0.03170977160334587
10048,0.03171294555068016
10049,0.03170901536941528
10050,0.031698472797870636
10051,0.031681835651397705
10052,0.031659647822380066
10053,0.03163247928023338
10054,0.03160091117024422
10055,0.031565506011247635
10056,0.03154405951499939
10057,0.03150436282157898
10058,0.03147723525762558
10059,0.031489357352256775
10060,0.0314483679831028
10061,0.031445395201444626
10062,0.031436312943696976
10063,0.0314207524061203
10064,0.031398650258779526
10065,0.03137025982141495
10066,0.031336087733507156
10067,0.03129684925079346
10068,0.031253356486558914
10069,0.031206462532281876
10070,0.031156981363892555
10071,0.031125711277127266
10072,0.031095463782548904
10073,0.03107425943017006
10074,0.031043626368045807
10075,0.03102409653365612
10076,0.030993396416306496
10077,0.0309725571423769
10078,0.03096073307096958
10079,0.030952727422118187
10080,0.03095214255154133
10081,0.030944108963012695
10082,0.030928408727049828
10083,0.030930746346712112
10084,0.03090391680598259
10085,0.030895691365003586
10086,0.030886538326740265
10087,0.030867790803313255
10088,0.030840137973427773
10089,0.03081093356013298
10090,0.030797984451055527
10091,0.030806612223386765
10092,0.030807077884674072
10093,0.03077753446996212
10094,0.030775627121329308
10095,0.03076295554637909
10096,0.030749371275305748
10097,0.030759073793888092
10098,0.030736567452549934
10099,0.03077256679534912
10100,0.030754566192626953
10101,0.030766500160098076
10102,0.03076723776757717
10103,0.03075658716261387
10104,0.03074015863239765
10105,0.030729452148079872
10106,0.030729740858078003
10107,0.030805125832557678
10108,0.030776534229516983
10109,0.030807651579380035
10110,0.030824799090623856
10111,0.031112628057599068
10112,0.03116285242140293
10113,0.031530603766441345
10114,0.03189060091972351
10115,0.03220750391483307
10116,0.03245579078793526
10117,0.032621391117572784
10118,0.032701484858989716
10119,0.032702963799238205
10120,0.032639823853969574
10121,0.032530080527067184
10122,0.03240807354450226
10123,0.03229890763759613
10124,0.03221272677183151
10125,0.032147571444511414
10126,0.032064665108919144
10127,0.032030172646045685
10128,0.03200323134660721
10129,0.03198189288377762
10130,0.031966324895620346
10131,0.032143332064151764
10132,0.03198610618710518
10133,0.03200665861368179
10134,0.03201771527528763
10135,0.03201998025178909
10136,0.032014135271310806
10137,0.032078392803668976
10138,0.03200848400592804
10139,0.032007474452257156
10140,0.0319983996450901
10141,0.031981855630874634
10142,0.03208835422992706
10143,0.03199006989598274
10144,0.03201168403029442
10145,0.03202318400144577
10146,0.03202465549111366
10147,0.03201644867658615
10148,0.031999196857213974
10149,0.031973712146282196
10150,0.03194098919630051
10151,0.03190210834145546
10152,0.031858138740062714
10153,0.03181008622050285
10154,0.03177401050925255
10155,0.031738534569740295
10156,0.03174251317977905
10157,0.031709492206573486
10158,0.03170199319720268
10159,0.03168676793575287
10160,0.0316641665995121
10161,0.03163469582796097
10162,0.03164786472916603
10163,0.03164481744170189
10164,0.031680554151535034
10165,0.031704142689704895
10166,0.031714364886283875
10167,0.03171093389391899
10168,0.0316944494843483
10169,0.03166689723730087
10170,0.03165755420923233
10171,0.03160442039370537
10172,0.03156913444399834
10173,0.03152776509523392
10174,0.031501997262239456
10175,0.031470172107219696
10176,0.03142238408327103
10177,0.03138841688632965
10178,0.0313664935529232
10179,0.031326889991760254
10180,0.03132955729961395
10181,0.03129228577017784
10182,0.03127839416265488
10183,0.03125728294253349
10184,0.03122984804213047
10185,0.03135315328836441
10186,0.031239086762070656
10187,0.03127275034785271
10188,0.03129603713750839
10189,0.031307660043239594
10190,0.03130710870027542
10191,0.03129824250936508
10192,0.031289663165807724
10193,0.03127279132604599
10194,0.03124554455280304
10195,0.031246153637766838
10196,0.03119575046002865
10197,0.03117293305695057
10198,0.03114301711320877
10199,0.03112703002989292
10200,0.031180543825030327
10201,0.03114466182887554
10202,0.031193502247333527
10203,0.031228717416524887
10204,0.031251247972249985
10205,0.03126223012804985
10206,0.03126296028494835
10207,0.03125665709376335
10208,0.03125341981649399
10209,0.031241627410054207
10210,0.031227925792336464
10211,0.031207634136080742
10212,0.031624600291252136
10213,0.0314532108604908
10214,0.03177061676979065
10215,0.032096803188323975
10216,0.03239813819527626
10217,0.032648079097270966
10218,0.032829318195581436
10219,0.03293454274535179
10220,0.03296571224927902
10221,0.03293226659297943
10222,0.03286800533533096
10223,0.03280824422836304
10224,0.03269747644662857
10225,0.03255603089928627
10226,0.032455768436193466
10227,0.032364170998334885
10228,0.03228314220905304
10229,0.03221607208251953
10230,0.03216363117098808
10231,0.0321243517100811
10232,0.03209664300084114
10233,0.03208206966519356
10234,0.03206523880362511
10235,0.0320429652929306
10236,0.03202170133590698
10237,0.03199386224150658
10238,0.03195871412754059
10239,0.03191620483994484
10240,0.03187055513262749
10241,0.03181705251336098
10242,0.03176276385784149
10243,0.03170555457472801
10244,0.031646814197301865
10245,0.03158765658736229
10246,0.03153497725725174
10247,0.031477198004722595
10248,0.03165143355727196
10249,0.031500641256570816
10250,0.03158489614725113
10251,0.03166794031858444
10252,0.03174382448196411
10253,0.03180745989084244
10254,0.031855154782533646
10255,0.03188489004969597
10256,0.03189630061388016
10257,0.03189054876565933
10258,0.03186992555856705
10259,0.03196191415190697
10260,0.03183810040354729
10261,0.03182785212993622
10262,0.0323520265519619
10263,0.03213706985116005
10264,0.032478898763656616
10265,0.03280431777238846
10266,0.03309004753828049
10267,0.033320352435112
10268,0.03348745033144951
10269,0.033590927720069885
10270,0.033636387437582016
10271,0.033633604645729065
10272,0.033594612032175064
10273,0.0335317961871624
10274,0.0334564670920372
10275,0.03337784856557846
10276,0.033398374915122986
10277,0.033256951719522476
10278,0.033212415874004364
10279,0.03317013010382652
10280,0.03313000872731209
10281,0.033091116696596146
10282,0.03305203840136528
10283,0.03301123157143593
10284,0.03296729177236557
10285,0.03291916102170944
10286,0.0328662134706974
10287,0.032808296382427216
10288,0.03274570405483246
10289,0.03267907351255417
10290,0.03260931372642517
10291,0.03253745660185814
10292,0.03246455267071724
10293,0.032391585409641266
10294,0.032319363206624985
10295,0.03225507587194443
10296,0.03229955583810806
10297,0.03214951604604721
10298,0.03212400898337364
10299,0.032102953642606735
10300,0.03208296000957489
10301,0.0320608951151371
10302,0.03203421086072922
10303,0.032001107931137085
10304,0.031960636377334595
10305,0.031912628561258316
10306,0.031908392906188965
10307,0.03185536339879036
10308,0.031828444451093674
10309,0.03182020038366318
10310,0.03181445598602295
10311,0.03229982778429985
10312,0.03206767141819
10313,0.032350748777389526
10314,0.032601501792669296
10315,0.032807670533657074
10316,0.0329626202583313
10317,0.033065252006053925
10318,0.03311929106712341
10319,0.033132098615169525
10320,0.033113203942775726
10321,0.03307288885116577
10322,0.033020928502082825
10323,0.03296566382050514
10324,0.0329134427011013
10325,0.03286835923790932
10326,0.032832372933626175
10327,0.03280557692050934
10328,0.032881926745176315
10329,0.032877467572689056
10330,0.032810959964990616
10331,0.03282635658979416
10332,0.032833926379680634
10333,0.032834481447935104
10334,0.03282878175377846
10335,0.03281752020120621
10336,0.03280133008956909
10337,0.032780785113573074
10338,0.03275641053915024
10339,0.03305268660187721
10340,0.032777123153209686
10341,0.032839976251125336
10342,0.032907985150814056
10343,0.03297272324562073
10344,0.03302721306681633
10345,0.03306638449430466
10346,0.03308722749352455
10347,0.033088769763708115
10348,0.03307178616523743
10349,0.03303844481706619
10350,0.03299179673194885
10351,0.032935306429862976
10352,0.03287241980433464
10353,0.03280625119805336
10354,0.03273930773139
10355,0.03814351558685303
10356,0.033818282186985016
10357,0.035595450550317764
10358,0.037713851779699326
10359,0.03988523781299591
10360,0.04185398668050766
10361,0.04342316836118698
10362,0.0444713830947876
10363,0.04495718330144882
10364,0.04491107165813446
10365,0.04441799968481064
10366,0.04359531030058861
10367,0.04257083311676979
10368,0.04146495833992958
10369,0.04037852957844734
10370,0.03938665986061096
10371,0.038537658751010895
10372,0.037855349481105804
10373,0.037343576550483704
10374,0.037451907992362976
10375,0.03685910254716873
10376,0.036762744188308716
10377,0.0367596410214901
10378,0.03679806739091873
10379,0.036861225962638855
10380,0.036934420466423035
10381,0.037005577236413956
10382,0.03706544637680054
10383,0.037107568234205246
10384,0.03712807595729828
10385,0.03712534159421921
10386,0.03709965571761131
10387,0.03705275058746338
10388,0.03698744997382164
10389,0.036907244473695755
10390,0.03681597858667374
10391,0.036717504262924194
10392,0.03661547973752022
10393,0.03651313856244087
10394,0.036413200199604034
10395,0.03631772845983505
10396,0.03622816503047943
10397,0.03614531084895134
10398,0.03606937453150749
10399,0.036000095307826996
10400,0.03593679517507553
10401,0.0358785055577755
10402,0.03582410514354706
10403,0.03577238693833351
10404,0.03572218865156174
10405,0.03567243367433548
10406,0.03562222793698311
10407,0.03557087108492851
10408,0.035517845302820206
10409,0.0354628823697567
10410,0.03540589287877083
10411,0.035346947610378265
10412,0.03528624400496483
10413,0.035224076360464096
10414,0.035160794854164124
10415,0.035096749663352966
10416,0.03503229469060898
10417,0.03496774658560753
10418,0.03490336611866951
10419,0.03483934700489044
10420,0.034775834530591965
10421,0.03471289947628975
10422,0.03465054929256439
10423,0.034588772803545
10424,0.0345676988363266
10425,0.03453386202454567
10426,0.03444678336381912
10427,0.03438805416226387
10428,0.034344401210546494
10429,0.03429889306426048
10430,0.03425168618559837
10431,0.03420290723443031
10432,0.03415268287062645
10433,0.034101128578186035
10434,0.03404834866523743
10435,0.03399444371461868
10436,0.03393947705626488
10437,0.03388354554772377
10438,0.03382669389247894
10439,0.033768992871046066
10440,0.03371049463748932
10441,0.0337006151676178
10442,0.03364337235689163
10443,0.033569835126399994
10444,0.03353004530072212
10445,0.03349072113633156
10446,0.03344886004924774
10447,0.033404555171728134
10448,0.03335794061422348
10449,0.03330913558602333
10450,0.03346536308526993
10451,0.03331109136343002
10452,0.033304210752248764
10453,0.033296436071395874
10454,0.033300917595624924
10455,0.03329808637499809
10456,0.033288270235061646
10457,0.03327189013361931
10458,0.033249493688344955
10459,0.033221688121557236
10460,0.03318913280963898
10461,0.0331525057554245
10462,0.03312491253018379
10463,0.03310546651482582
10464,0.033049456775188446
10465,0.03302008658647537
10466,0.032988812774419785
10467,0.03295361250638962
10468,0.03291495516896248
10469,0.032873302698135376
10470,0.03284350410103798
10471,0.03281836584210396
10472,0.032776832580566406
10473,0.03273683413863182
10474,0.032705023884773254
10475,0.03318335488438606
10476,0.03278025612235069
10477,0.0328700952231884
10478,0.03294422850012779
10479,0.03300350159406662
10480,0.03304874151945114
10481,0.03308088704943657
10482,0.03310098126530647
10483,0.03313528746366501
10484,0.03315575420856476
10485,0.033151596784591675
10486,0.03313484415411949
10487,0.03313358128070831
10488,0.03312435746192932
10489,0.033112041652202606
10490,0.03310195356607437
10491,0.03308286517858505
10492,0.033055875450372696
10493,0.03303016722202301
10494,0.03300675004720688
10495,0.03298504650592804
10496,0.032960835844278336
10497,0.03294530510902405
10498,0.03292650729417801
10499,0.03290393948554993
10500,0.032878126949071884
10501,0.032849520444869995
10502,0.032818544656038284
10503,0.032785531133413315
10504,0.03275078162550926
10505,0.03271453455090523
10506,0.03267697989940643
10507,0.0327310636639595
10508,0.032627273350954056
10509,0.03261276334524155
10510,0.03259482607245445
10511,0.03257360681891441
10512,0.03254964202642441
10513,0.03252473473548889
10514,0.0324968546628952
10515,0.03246624767780304
10516,0.03243521228432655
10517,0.03240181505680084
10518,0.0323660746216774
10519,0.03232823684811592
10520,0.032290536910295486
10521,0.032251741737127304
10522,0.03221126273274422
10523,0.03216928243637085
10524,0.03212638199329376
10525,0.03208404406905174
10526,0.03204052150249481
10527,0.03207096457481384
10528,0.031974002718925476
10529,0.0319489985704422
10530,0.0319221206009388
10531,0.03189264237880707
10532,0.03186185285449028
10533,0.031829334795475006
10534,0.03179413452744484
10535,0.031773217022418976
10536,0.03172651678323746
10537,0.03169478476047516
10538,0.03166041895747185
10539,0.031625088304281235
10540,0.031587932258844376
10541,0.031549930572509766
10542,0.03151043877005577
10543,0.031469572335481644
10544,0.031460799276828766
10545,0.03147171437740326
10546,0.03142952546477318
10547,0.03139831870794296
10548,0.03139552101492882
10549,0.03138679638504982
10550,0.031372446566820145
10551,0.031380943953990936
10552,0.03136914595961571
10553,0.03139249235391617
10554,0.031406156718730927
10555,0.03142889589071274
10556,0.0314260832965374
10557,0.03143298998475075
10558,0.03142999857664108
10559,0.03141782432794571
10560,0.03140639513731003
10561,0.03138139843940735
10562,0.0321359746158123
10563,0.03161613643169403
10564,0.032043375074863434
10565,0.03212267532944679
10566,0.032360754907131195
10567,0.032561786472797394
10568,0.03272252157330513
10569,0.032842524349689484
10570,0.0329238660633564
10571,0.03297058865427971
10572,0.03298811987042427
10573,0.03298259899020195
10574,0.03315157815814018
10575,0.032967258244752884
10576,0.03296017274260521
10577,0.032943401485681534
10578,0.03292066976428032
10579,0.03291990980505943
10580,0.03291816636919975
10581,0.03286490589380264
10582,0.03285237401723862
10583,0.03283792361617088
10584,0.03282206878066063
10585,0.03280499204993248
10586,0.03278670087456703
10587,0.03276703506708145
10588,0.032745763659477234
10589,0.03274381160736084
10590,0.032873112708330154
10591,0.03275318443775177
10592,0.03280648589134216
10593,0.03285817801952362
10594,0.032906096428632736
10595,0.03294825181365013
10596,0.03298304229974747
10597,0.03300931677222252
10598,0.03302639722824097
10599,0.03303413838148117
10600,0.03303280100226402
10601,0.033023055642843246
10602,0.03300580754876137
10603,0.03298215568065643
10604,0.03295326605439186
10605,0.03292031213641167
10606,0.03288434073328972
10607,0.032858580350875854
10608,0.03284125030040741
10609,0.03278597444295883
10610,0.0327528715133667
10611,0.03272116184234619
10612,0.032687798142433167
10613,0.03265310078859329
10614,0.032617293298244476
10615,0.03258055821061134
10616,0.032702259719371796
10617,0.03253583237528801
10618,0.03252551332116127
10619,0.032512009143829346
10620,0.03249531611800194
10621,0.03247546777129173
10622,0.0324525460600853
10623,0.03242667391896248
10624,0.032398026436567307
10625,0.032366808503866196
10626,0.03233326971530914
10627,0.032304637134075165
10628,0.03228137642145157
10629,0.03224313259124756
10630,0.03219889476895332
10631,0.03216226026415825
10632,0.032127127051353455
10633,0.03209015354514122
10634,0.03205157816410065
10635,0.03202027454972267
10636,0.031994644552469254
10637,0.03195567801594734
10638,0.03192611411213875
10639,0.031921230256557465
10640,0.03189360350370407
10641,0.031858425587415695
10642,0.03183615580201149
10643,0.03181042894721031
10644,0.03178142383694649
10645,0.03174935653805733
10646,0.031714532524347305
10647,0.03169848024845123
10648,0.03166179358959198
10649,0.03163289278745651
10650,0.03160899505019188
10651,0.03158143535256386
10652,0.03155055269598961
10653,0.03153868764638901
10654,0.03149862959980965
10655,0.03147919476032257
10656,0.031457144767045975
10657,0.03143194317817688
10658,0.03140391409397125
10659,0.03139973804354668
10660,0.03136340156197548
10661,0.031353842467069626
10662,0.031339921057224274
10663,0.03132928907871246
10664,0.03131214529275894
10665,0.03128848224878311
10666,0.03126941993832588
10667,0.031246082857251167
10668,0.031218459829688072
10669,0.03121955133974552
10670,0.031167609617114067
10671,0.03132187947630882
10672,0.03124040924012661
10673,0.03133207559585571
10674,0.031413424760103226
10675,0.031480539590120316
10676,0.03153088316321373
10677,0.03156331554055214
10678,0.03157800808548927
10679,0.031576212495565414
10680,0.031560007482767105
10681,0.03153197467327118
10682,0.031527966260910034
10683,0.03151272237300873
10684,0.03148297220468521
10685,0.03143996000289917
10686,0.03138674795627594
10687,0.031341858208179474
10688,0.03131364658474922
10689,0.03128325939178467
10690,0.03125149756669998
10691,0.031218864023685455
10692,0.03121519647538662
10693,0.031216854229569435
10694,0.03116113692522049
10695,0.031164782121777534
10696,0.03114735335111618
10697,0.03114408068358898
10698,0.031135739758610725
10699,0.03112264722585678
10700,0.03110514022409916
10701,0.031083565205335617
10702,0.03105827420949936
10703,0.031029624864459038
10704,0.030997982248663902
10705,0.031011002138257027
10706,0.03094802051782608
10707,0.030928345397114754
10708,0.03092043288052082
10709,0.030911503359675407
10710,0.03088206611573696
10711,0.030970053747296333
10712,0.030879966914653778
10713,0.030903106555342674
10714,0.030918672680854797
10715,0.030925603583455086
10716,0.03102625161409378
10717,0.030974289402365685
10718,0.031011072918772697
10719,0.031033720821142197
10720,0.031042885035276413
10721,0.03103979490697384
10722,0.031026095151901245
10723,0.03100363165140152
10724,0.03097432479262352
10725,0.0309409499168396
10726,0.030943430960178375
10727,0.030915405601263046
10728,0.030863940715789795
10729,0.03083803877234459
10730,0.03081127256155014
10731,0.03115314617753029
10732,0.03086634911596775
10733,0.030939705669879913
10734,0.03100225143134594
10735,0.031052419915795326
10736,0.031089356169104576
10737,0.03111288510262966
10738,0.031123485416173935
10739,0.031122177839279175
10740,0.031110374256968498
10741,0.031089724972844124
10742,0.03106197901070118
10743,0.031028831377625465
10744,0.03099181316792965
10745,0.030996255576610565
10746,0.03096756339073181
10747,0.03099740855395794
10748,0.030998488888144493
10749,0.031001105904579163
10750,0.031010935083031654
10751,0.031011203303933144
10752,0.031002718955278397
10753,0.0309864841401577
10754,0.030971724539995193
10755,0.030972247943282127
10756,0.030988436192274094
10757,0.030953971669077873
10758,0.030968764796853065
10759,0.030974479392170906
10760,0.030972179025411606
10761,0.03098728321492672
10762,0.030974574387073517
10763,0.030977735295891762
10764,0.030973434448242188
10765,0.030962660908699036
10766,0.030946336686611176
10767,0.03092530183494091
10768,0.03090030699968338
10769,0.03087199479341507
10770,0.030841249972581863
10771,0.03092317283153534
10772,0.030841121450066566
10773,0.030856959521770477
10774,0.030865902081131935
10775,0.030867954716086388
10776,0.030863270163536072
10777,0.030860604718327522
10778,0.030853992328047752
10779,0.030839882791042328
10780,0.030818838626146317
10781,0.030838949605822563
10782,0.030802877619862556
10783,0.030803721398115158
10784,0.03080742247402668
10785,0.030802680179476738
10786,0.030789952725172043
10787,0.03076997399330139
10788,0.03074365295469761
10789,0.030712006613612175
10790,0.030687447637319565
10791,0.0307160597294569
10792,0.030687186866998672
10793,0.030717303976416588
10794,0.030719388276338577
10795,0.030740562826395035
10796,0.030751392245292664
10797,0.03076319769024849
10798,0.030775664374232292
10799,0.030787739902734756
10800,0.030835198238492012
10801,0.030807608738541603
10802,0.030814560130238533
10803,0.03086928278207779
10804,0.03085307963192463
10805,0.03088131919503212
10806,0.03089696168899536
10807,0.0309011097997427
10808,0.030895134434103966
10809,0.030925234779715538
10810,0.030888644978404045
10811,0.030886810272932053
10812,0.03087627701461315
10813,0.030858352780342102
10814,0.030934348702430725
10815,0.030837805941700935
10816,0.030833275988698006
10817,0.030821891501545906
10818,0.03080473467707634
10819,0.03078278712928295
10820,0.030756913125514984
10821,0.030727840960025787
10822,0.031045977026224136
10823,0.030791793018579483
10824,0.0308819767087698
10825,0.0309627503156662
10826,0.031030895188450813
10827,0.03108414076268673
10828,0.031121300533413887
10829,0.031144529581069946
10830,0.031164413318037987
10831,0.031159397214651108
10832,0.031144484877586365
10833,0.031126704066991806
10834,0.031099658459424973
10835,0.031065206974744797
10836,0.031025569885969162
10837,0.03098784014582634
10838,0.03095877356827259
10839,0.030922191217541695
10840,0.03089183196425438
10841,0.030859731137752533
10842,0.03082611784338951
10843,0.030821068212389946
10844,0.031157847493886948
10845,0.03086049295961857
10846,0.030934501439332962
10847,0.031001785770058632
10848,0.03105897456407547
10849,0.03110356442630291
10850,0.03113405406475067
10851,0.031149940565228462
10852,0.03115164488554001
10853,0.031140346080064774
10854,0.031117761507630348
10855,0.031135717406868935
10856,0.031078727915883064
10857,0.031062083318829536
10858,0.031038032844662666
10859,0.03100845031440258
10860,0.03097492828965187
10861,0.030938763171434402
10862,0.03090090863406658
10863,0.0309270191937685
10864,0.030900493264198303
10865,0.030928626656532288
10866,0.030947081744670868
10867,0.03095659613609314
10868,0.030957946553826332
10869,0.030951928347349167
10870,0.030939370393753052
10871,0.03092106059193611
10872,0.03090190887451172
10873,0.030957555398344994
10874,0.0308835506439209
10875,0.030886173248291016
10876,0.030881740152835846
10877,0.03089379519224167
10878,0.030883660539984703
10879,0.030888542532920837
10880,0.030885929241776466
10881,0.03087630867958069
10882,0.03098716028034687
10883,0.030898461118340492
10884,0.0309284795075655
10885,0.0309489443898201
10886,0.030959052965044975
10887,0.0309586301445961
10888,0.030948063358664513
10889,0.03093799576163292
10890,0.030921410769224167
10891,0.030890479683876038
10892,0.030859146267175674
10893,0.030841249972581863
10894,0.030818024650216103
10895,0.030842211097478867
10896,0.03081858716905117
10897,0.030853496864438057
10898,0.030876262113451958
10899,0.030887417495250702
10900,0.030887851491570473
10901,0.03087872639298439
10902,0.031145913526415825
10903,0.031207894906401634
10904,0.03106095641851425
10905,0.031148269772529602
10906,0.031231537461280823
10907,0.03129429370164871
10908,0.031336892396211624
10909,0.031360700726509094
10910,0.031367842108011246
10911,0.03136090561747551
10912,0.03134267032146454
10913,0.03131585940718651
10914,0.0312829352915287
10915,0.03124598041176796
10916,0.031206617131829262
10917,0.031165996566414833
10918,0.031124820932745934
10919,0.031083405017852783
10920,0.031041771173477173
10921,0.035982806235551834
10922,0.03212914988398552
10923,0.03396979346871376
10924,0.03626168891787529
10925,0.0387299545109272
10926,0.04110979288816452
10927,0.04317290335893631
10928,0.04475019872188568
10929,0.045745864510536194
10930,0.046139784157276154
10931,0.045978471636772156
10932,0.04535757377743721
10933,0.044400542974472046
10934,0.0432380735874176
10935,0.04199150577187538
10936,0.04076194018125534
10937,0.03962501883506775
10938,0.03863028809428215
10939,0.03813996538519859
10940,0.03725074976682663
10941,0.03682740777730942
10942,0.036524929106235504
10943,0.03632856905460358
10944,0.036220308393239975
10945,0.036181047558784485
10946,0.0361921563744545
10947,0.036236558109521866
10948,0.036299388855695724
10949,0.03636833652853966
10950,0.03643369674682617
10951,0.036488331854343414
10952,0.036527398973703384
10953,0.03654813393950462
10954,0.03654948249459267
10955,0.03653180971741676
10956,0.03649654984474182
10957,0.036445897072553635
10958,0.036382563412189484
10959,0.03630949556827545
10960,0.036229681223630905
10961,0.036146003752946854
10962,0.03606106713414192
10963,0.03597711771726608
10964,0.035896025598049164
10965,0.03581917658448219
10966,0.035747528076171875
10967,0.035681623965501785
10968,0.035621628165245056
10969,0.035567350685596466
10970,0.03551836684346199
10971,0.035474032163619995
10972,0.035433582961559296
10973,0.03539619222283363
10974,0.03536101430654526
10975,0.03532724827528
10976,0.03529417887330055
10977,0.035261187702417374
10978,0.035227786749601364
10979,0.03519733250141144
10980,0.035198040306568146
10981,0.03514193370938301
10982,0.03511111065745354
10983,0.0350838378071785
10984,0.03505421802401543
10985,0.03502245992422104
10986,0.03498883917927742
10987,0.03495365381240845
10988,0.034930020570755005
10989,0.0348871648311615
10990,0.03485803306102753
10991,0.03482832759618759
10992,0.03479831665754318
10993,0.03476794809103012
10994,0.034737296402454376
10995,0.03470638394355774
10996,0.03467683494091034
10997,0.03464764729142189
10998,0.03461765870451927
10999,0.03458699211478233
11000,0.03455742821097374
11001,0.03452840447425842
11002,0.034498874098062515
11003,0.034468721598386765
11004,0.0344381183385849
11005,0.034408919513225555
11006,0.034379586577415466
11007,0.03434944152832031
11008,0.034318581223487854
11009,0.03428778052330017
11010,0.03425893560051918
11011,0.03422816842794418
11012,0.03419923409819603
11013,0.034169480204582214
11014,0.0341389924287796
11015,0.03410785272717476
11016,0.034076157957315445
11017,0.03404605761170387
11018,0.034014906734228134
11019,0.03398512303829193
11020,0.0339546874165535
11021,0.03392468020319939
11022,0.03389456123113632
11023,0.03386475518345833
11024,0.03392273560166359
11025,0.0338163860142231
11026,0.03379742428660393
11027,0.03378043696284294
11028,0.033758729696273804
11029,0.033740632236003876
11030,0.03372099995613098
11031,0.03369956091046333
11032,0.03367635980248451
11033,0.03365148603916168
11034,0.0336250364780426
11035,0.0335984043776989
11036,0.03357267379760742
11037,0.03354538977146149
11038,0.03351856768131256
11039,0.0334903746843338
11040,0.03347649425268173
11041,0.033440131694078445
11042,0.03341735899448395
11043,0.03339286148548126
11044,0.03336682915687561
11045,0.03333946317434311
11046,0.03331092745065689
11047,0.03328139707446098
11048,0.03325100988149643
11049,0.03323410451412201
11050,0.03319426625967026
11051,0.033167410641908646
11052,0.033139485865831375
11053,0.03311062604188919
11054,0.03308093920350075
11055,0.03306742012500763
11056,0.03303125873208046
11057,0.03301025554537773
11058,0.03298765793442726
11059,0.03296360746026039
11060,0.03293822705745697
11061,0.03291165828704834
11062,0.032884012907743454
11063,0.03285539895296097
11064,0.032826390117406845
11065,0.032806575298309326
11066,0.032771941274404526
11067,0.03274679556488991
11068,0.032721661031246185
11069,0.03269999846816063
11070,0.03299621865153313
11071,0.03269706293940544
11072,0.032721687108278275
11073,0.032744500786066055
11074,0.03276385739445686
11075,0.032778527587652206
11076,0.03278765082359314
11077,0.032796137034893036
11078,0.03281737491488457
11079,0.03281319513916969
11080,0.0328122116625309
11081,0.03281744197010994
11082,0.03281469643115997
11083,0.03280840069055557
11084,0.03279566019773483
11085,0.032828494906425476
11086,0.03280738741159439
11087,0.03282758221030235
11088,0.03285767510533333
11089,0.03285804018378258
11090,0.03285887837409973
11091,0.03286094591021538
11092,0.03285656124353409
11093,0.0329531691968441
11094,0.03285220265388489
11095,0.03285135328769684
11096,0.03284500166773796
11097,0.03283395618200302
11098,0.032818958163261414
11099,0.03280067443847656
11100,0.03277968987822533
11101,0.0327564999461174
11102,0.03273151442408562
11103,0.03273197263479233
11104,0.0326993353664875
11105,0.03266628086566925
11106,0.032646678388118744
11107,0.03262503072619438
11108,0.032601602375507355
11109,0.03257659822702408
11110,0.03255022317171097
11111,0.032522641122341156
11112,0.03249397873878479
11113,0.03252706676721573
11114,0.032449714839458466
11115,0.03243269398808479
11116,0.032413508743047714
11117,0.032392360270023346
11118,0.03236940875649452
11119,0.032837145030498505
11120,0.03240657225251198
11121,0.032460976392030716
11122,0.032507896423339844
11123,0.0325472429394722
11124,0.03259933367371559
11125,0.032612551003694534
11126,0.03263816237449646
11127,0.03265607729554176
11128,0.0326712504029274
11129,0.03268470987677574
11130,0.0326790027320385
11131,0.03268061950802803
11132,0.032676536589860916
11133,0.03266732022166252
11134,0.032663144171237946
11135,0.03264783322811127
11136,0.03263750299811363
11137,0.03262342885136604
11138,0.03260624036192894
11139,0.03258652612566948
11140,0.03258447349071503
11141,0.03257181495428085
11142,0.0325322225689888
11143,0.032515235245227814
11144,0.032496191561222076
11145,0.03247542306780815
11146,0.03258955851197243
11147,0.03247973322868347
11148,0.03250247240066528
11149,0.03252072259783745
11150,0.032534003257751465
11151,0.03254208341240883
11152,0.03254836052656174
11153,0.03255036845803261
11154,0.0325838103890419
11155,0.032548271119594574
11156,0.03254934027791023
11157,0.03254476189613342
11158,0.032535020262002945
11159,0.032520681619644165
11160,0.032502349466085434
11161,0.0324806347489357
11162,0.03245628997683525
11163,0.032434072345495224
11164,0.03241131082177162
11165,0.03238263726234436
11166,0.0323617123067379
11167,0.03233780711889267
11168,0.032312747091054916
11169,0.03228859230875969
11170,0.03226494416594505
11171,0.03223973885178566
11172,0.032213181257247925
11173,0.032188668847084045
11174,0.032250598073005676
11175,0.03216047212481499
11176,0.03215867653489113
11177,0.03215363621711731
11178,0.032145362347364426
11179,0.03213392198085785
11180,0.032119423151016235
11181,0.03215128183364868
11182,0.03209982067346573
11183,0.03209362179040909
11184,0.03208352252840996
11185,0.03221449628472328
11186,0.032133474946022034
11187,0.03218774124979973
11188,0.03223249688744545
11189,0.032267920672893524
11190,0.03229435905814171
11191,0.03231233358383179
11192,0.032322533428668976
11193,0.03232572227716446
11194,0.03232274577021599
11195,0.03231445699930191
11196,0.03230168670415878
11197,0.03228521719574928
11198,0.03227987885475159
11199,0.032263509929180145
11200,0.03223681077361107
11201,0.03222082182765007
11202,0.03220229595899582
11203,0.03218165412545204
11204,0.03215925395488739
11205,0.03213537484407425
11206,0.03211025148630142
11207,0.03208407014608383
11208,0.03205695375800133
11209,0.032029006630182266
11210,0.032134026288986206
11211,0.032025907188653946
11212,0.03204900398850441
11213,0.03206876292824745
11214,0.03208446502685547
11215,0.032095566391944885
11216,0.03210172429680824
11217,0.03210277110338211
11218,0.03209874406456947
11219,0.03209592029452324
11220,0.03208348900079727
11221,0.03207087889313698
11222,0.03205610439181328
11223,0.032131824642419815
11224,0.03203202411532402
11225,0.03202182427048683
11226,0.032007064670324326
11227,0.031988222151994705
11228,0.031965818256139755
11229,0.03195248171687126
11230,0.03195103630423546
11231,0.03193803131580353
11232,0.03189993277192116
11233,0.03187615051865578
11234,0.03186275437474251
11235,0.03211217746138573
11236,0.03188179060816765
11237,0.03191220015287399
11238,0.03218911215662956
11239,0.03199866786599159
11240,0.032050859183073044
11241,0.03209303319454193
11242,0.03212529048323631
11243,0.032148029655218124
11244,0.03217272460460663
11245,0.03218671306967735
11246,0.0322021022439003
11247,0.032208699733018875
11248,0.03220735490322113
11249,0.03219905123114586
11250,0.03218479081988335
11251,0.032165590673685074
11252,0.032142411917448044
11253,0.03211610019207001
11254,0.032087430357933044
11255,0.032063715159893036
11256,0.032043468207120895
11257,0.03200669214129448
11258,0.03198164701461792
11259,0.03195614740252495
11260,0.031976379454135895
11261,0.031929098069667816
11262,0.03192221745848656
11263,0.031911641359329224
11264,0.03189777955412865
11265,0.031881026923656464
11266,0.03186170011758804
11267,0.03184011951088905
11268,0.03190293163061142
11269,0.031820546835660934
11270,0.0318208746612072
11271,0.03182009607553482
11272,0.03181547299027443
11273,0.03180718049407005
11274,0.0317954458296299
11275,0.031780488789081573
11276,0.031762558966875076
11277,0.03174193203449249
11278,0.03171887248754501
11279,0.031693655997514725
11280,0.031666550785303116
11281,0.031721170991659164
11282,0.031646937131881714
11283,0.03165099769830704
11284,0.03165040910243988
11285,0.03164556249976158
11286,0.03165478631854057
11287,0.03163733333349228
11288,0.031633440405130386
11289,0.031625498086214066
11290,0.031631458550691605
11291,0.03160669282078743
11292,0.031595852226018906
11293,0.03165706247091293
11294,0.031581733375787735
11295,0.03157750889658928
11296,0.03156904876232147
11297,0.03155655041337013
11298,0.03154028207063675
11299,0.03152427822351456
11300,0.03150436654686928
11301,0.03148563951253891
11302,0.03146549314260483
11303,0.03144238144159317
11304,0.03151163458824158
11305,0.031426843255758286
11306,0.03143181651830673
11307,0.03143151104450226
11308,0.03160485997796059
11309,0.03148453310132027
11310,0.03153305500745773
11311,0.03157142922282219
11312,0.03159984573721886
11313,0.03161875531077385
11314,0.03162885084748268
11315,0.031787656247615814
11316,0.031662460416555405
11317,0.0316840335726738
11318,0.03169640898704529
11319,0.03170047700405121
11320,0.03170169144868851
11321,0.031692858785390854
11322,0.03168248012661934
11323,0.031833015382289886
11324,0.031709443777799606
11325,0.03174316883087158
11326,0.031767889857292175
11327,0.0317835658788681
11328,0.03179052472114563
11329,0.031789347529411316
11330,0.03178083524107933
11331,0.03176592290401459
11332,0.03174559772014618
11333,0.031720854341983795
11334,0.03169264644384384
11335,0.031661808490753174
11336,0.03162907436490059
11337,0.03160771355032921
11338,0.03156813606619835
11339,0.03154025971889496
11340,0.03151117265224457
11341,0.03151500225067139
11342,0.031521666795015335
11343,0.03145010024309158
11344,0.03143979609012604
11345,0.03142603486776352
11346,0.031409189105033875
11347,0.03138955682516098
11348,0.03136744722723961
11349,0.031343087553977966
11350,0.03132641687989235
11351,0.03131939098238945
11352,0.03131859004497528
11353,0.03132542967796326
11354,0.031333401799201965
11355,0.03131783753633499
11356,0.03131317347288132
11357,0.03130951523780823
11358,0.03130270168185234
11359,0.031292349100112915
11360,0.031277917325496674
11361,0.031294550746679306
11362,0.031257513910532
11363,0.031250931322574615
11364,0.031239131465554237
11365,0.031770624220371246
11366,0.031344037503004074
11367,0.03145181015133858
11368,0.03154498338699341
11369,0.031623195856809616
11370,0.03175283968448639
11371,0.031779125332832336
11372,0.03185465559363365
11373,0.03191354498267174
11374,0.03195671737194061
11375,0.03198552876710892
11376,0.032007019966840744
11377,0.03203962370753288
11378,0.032031312584877014
11379,0.032035354524850845
11380,0.03203047066926956
11381,0.03201830014586449
11382,0.032000377774238586
11383,0.0319780632853508
11384,0.03195251524448395
11385,0.031924691051244736
11386,0.03193303570151329
11387,0.03188664838671684
11388,0.03187604993581772
11389,0.03186511993408203
11390,0.03185040131211281
11391,0.03183240443468094
11392,0.03181159868836403
11393,0.03178837522864342
11394,0.03176308423280716
11395,0.03173601254820824
11396,0.03170880302786827
11397,0.03168124705553055
11398,0.031653329730033875
11399,0.031623851507902145
11400,0.031974900513887405
11401,0.0316929928958416
11402,0.031810957938432693
11403,0.03193623572587967
11404,0.032059550285339355
11405,0.032173287123441696
11406,0.03227166831493378
11407,0.032350827008485794
11408,0.0324086956679821
11409,0.032444871962070465
11410,0.032460328191518784
11411,0.03245706856250763
11412,0.03243781998753548
11413,0.03240566328167915
11414,0.032368604093790054
11415,0.03237069770693779
11416,0.032319433987140656
11417,0.03225071355700493
11418,0.032212723046541214
11419,0.032174788415431976
11420,0.032134849578142166
11421,0.03209385648369789
11422,0.032154783606529236
11423,0.032048776745796204
11424,0.03203888610005379
11425,0.03202337399125099
11426,0.03200283274054527
11427,0.031977854669094086
11428,0.03194896876811981
11429,0.031916674226522446
11430,0.03190116584300995
11431,0.03191975876688957
11432,0.03186093270778656
11433,0.03181292116641998
11434,0.031799208372831345
11435,0.031782738864421844
11436,0.03176035359501839
11437,0.031730882823467255
11438,0.031708743423223495
11439,0.03168493136763573
11440,0.03165736794471741
11441,0.03162644803524017
11442,0.03159257397055626
11443,0.031556081026792526
11444,0.03157903999090195
11445,0.03150317817926407
11446,0.031484611332416534
11447,0.031462058424949646
11448,0.03143594413995743
11449,0.031417060643434525
11450,0.03138388320803642
11451,0.031357619911432266
11452,0.031336233019828796
11453,0.03130659461021423
11454,0.03128140792250633
11455,0.03160443529486656
11456,0.03131480515003204
11457,0.03138057515025139
11458,0.03144455701112747
11459,0.031501706689596176
11460,0.03154805302619934
11461,0.03158081695437431
11462,0.03159848600625992
11463,0.0316007137298584
11464,0.03183777630329132
11465,0.031720079481601715
11466,0.03176575154066086
11467,0.031833745539188385
11468,0.03187870234251022
11469,0.031903088092803955
11470,0.03190992772579193
11471,0.031902480870485306
11472,0.03188401833176613
11473,0.031857579946517944
11474,0.031939513981342316
11475,0.031831588596105576
11476,0.031829558312892914
11477,0.031821358948946
11478,0.03181949630379677
11479,0.03180447593331337
11480,0.03178746998310089
11481,0.031772464513778687
11482,0.031753916293382645
11483,0.03173225745558739
11484,0.031707778573036194
11485,0.031680695712566376
11486,0.031651146709918976
11487,0.03162040188908577
11488,0.031592100858688354
11489,0.031556159257888794
11490,0.031523168087005615
11491,0.031487684696912766
11492,0.03144998103380203
11493,0.031410329043865204
11494,0.031368982046842575
11495,0.03132617846131325
11496,0.031291425228118896
11497,0.031259335577487946
11498,0.03121933341026306
11499,0.03117162175476551
11500,0.031131314113736153
11501,0.031096313148736954
11502,0.03106008842587471
11503,0.031022686511278152
11504,0.030984140932559967
11505,0.030977820977568626
11506,0.030936043709516525
11507,0.03090689517557621
11508,0.030887650325894356
11509,0.030865341424942017
11510,0.03083980828523636
11511,0.030829792842268944
11512,0.03081960789859295
11513,0.030781716108322144
11514,0.03080175071954727
11515,0.03082268312573433
11516,0.030835341662168503
11517,0.03083951584994793
11518,0.030835380777716637
11519,0.03082343377172947
11520,0.03080444037914276
11521,0.030792078003287315
11522,0.030753299593925476
11523,0.03135065361857414
11524,0.033550482243299484
11525,0.03163210302591324
11526,0.03232412785291672
11527,0.032997168600559235
11528,0.033617373555898666
11529,0.03415858745574951
11530,0.03460342809557915
11531,0.034943435341119766
11532,0.035178493708372116
11533,0.035315509885549545
11534,0.035377856343984604
11535,0.03543911874294281
11536,0.035347022116184235
11537,0.0352824330329895
11538,0.0351857990026474
11539,0.03507132828235626
11540,0.034950900822877884
11541,0.0349285751581192
11542,0.03488263487815857
11543,0.034698352217674255
11544,0.03476428613066673
11545,0.03467021882534027
11546,0.03470666706562042
11547,0.03473491966724396
11548,0.03475574776530266
11549,0.0347696989774704
11550,0.03477713093161583
11551,0.03477829694747925
11552,0.034773364663124084
11553,0.03476250544190407
11554,0.03474590927362442
11555,0.03472382575273514
11556,0.03469657897949219
11557,0.03466456010937691
11558,0.03462822362780571
11559,0.034588102251291275
11560,0.034544747322797775
11561,0.03449872508645058
11562,0.034450605511665344
11563,0.03440093994140625
11564,0.03435022011399269
11565,0.03429889678955078
11566,0.03424734249711037
11567,0.034195855259895325
11568,0.03414468094706535
11569,0.034135062247514725
11570,0.034056853502988815
11571,0.03401968255639076
11572,0.03398238494992256
11573,0.03394483029842377
11574,0.03390689939260483
11575,0.03386842831969261
11576,0.033829301595687866
11577,0.033789414912462234
11578,0.03374868258833885
11579,0.03370710462331772
11580,0.03366466239094734
11581,0.0336214080452919
11582,0.03357740864157677
11583,0.033532749861478806
11584,0.03348790854215622
11585,0.03346988186240196
11586,0.03342689201235771
11587,0.03339112922549248
11588,0.03336888924241066
11589,0.033343903720378876
11590,0.03331621736288071
11591,0.033285971730947495
11592,0.03325335681438446
11593,0.033279191702604294
11594,0.033227548003196716
11595,0.03323257341980934
11596,0.033232659101486206
11597,0.03322713077068329
11598,0.033215682953596115
11599,0.03319835290312767
11600,0.033175449818372726
11601,0.033147528767585754
11602,0.033115290105342865
11603,0.03307952731847763
11604,0.03306557238101959
11605,0.0330301858484745
11606,0.03298519551753998
11607,0.03295671567320824
11608,0.03292577713727951
11609,0.032892972230911255
11610,0.03285880386829376
11611,0.03282368183135986
11612,0.03278791159391403
11613,0.032751716673374176
11614,0.03271522372961044
11615,0.03268479183316231
11616,0.032661475241184235
11617,0.03267602249979973
11618,0.03261890634894371
11619,0.03262270987033844
11620,0.03262309357523918
11621,0.032619766891002655
11622,0.03261253610253334
11623,0.03260130435228348
11624,0.03258610889315605
11625,0.032567091286182404
11626,0.032544493675231934
11627,0.03251863270998001
11628,0.03248988464474678
11629,0.03245864808559418
11630,0.032461680471897125
11631,0.03240286186337471
11632,0.03237801417708397
11633,0.032358765602111816
11634,0.03233931586146355
11635,0.03231728449463844
11636,0.032293129712343216
11637,0.03227091208100319
11638,0.03227115795016289
11639,0.03228093311190605
11640,0.032287854701280594
11641,0.03228896111249924
11642,0.032284077256917953
11643,0.03227328881621361
11644,0.032256901264190674
11645,0.03223539888858795
11646,0.03220938891172409
11647,0.03218153864145279
11648,0.03215637430548668
11649,0.0321294367313385
11650,0.03209773451089859
11651,0.032065197825431824
11652,0.03203139826655388
11653,0.03204243630170822
11654,0.03202134743332863
11655,0.03196277469396591
11656,0.031944096088409424
11657,0.031994983553886414
11658,0.031954072415828705
11659,0.031975142657756805
11660,0.0319899283349514
11661,0.03199772536754608
11662,0.03199820592999458
11663,0.031991418451070786
11664,0.03197772800922394
11665,0.03195774927735329
11666,0.031947650015354156
11667,0.03191214054822922
11668,0.031886935234069824
11669,0.031857576221227646
11670,0.031824931502342224
11671,0.031789835542440414
11672,0.031776756048202515
11673,0.03172820061445236
11674,0.03170069679617882
11675,0.03167101368308067
11676,0.03183727711439133
11677,0.031681545078754425
11678,0.03171876445412636
11679,0.03174950182437897
11680,0.031772445887327194
11681,0.03178676217794418
11682,0.03179213032126427
11683,0.031788699328899384
11684,0.03177701309323311
11685,0.031757939606904984
11686,0.03173254802823067
11687,0.03176794573664665
11688,0.03172700107097626
11689,0.03166837990283966
11690,0.031668566167354584
11691,0.03166528791189194
11692,0.031639598309993744
11693,0.03161124885082245
11694,0.03159576281905174
11695,0.031575605273246765
11696,0.03155161440372467
11697,0.03152455762028694
11698,0.0314951054751873
11699,0.03146379813551903
11700,0.03143594041466713
11701,0.03141157329082489
11702,0.031383585184812546
11703,0.03135194629430771
11704,0.031424760818481445
11705,0.03135095164179802
11706,0.031376149505376816
11707,0.03139643743634224
11708,0.03141086921095848
11709,0.03141877055168152
11710,0.0314197838306427
11711,0.03141390159726143
11712,0.0314013734459877
11713,0.0313827246427536
11714,0.03135864809155464
11715,0.03132995218038559
11716,0.03129749745130539
11717,0.0312621109187603
11718,0.03122458979487419
11719,0.031207002699375153
11720,0.031201791018247604
11721,0.031162280589342117
11722,0.03115672618150711
11723,0.031145911663770676
11724,0.031130215153098106
11725,0.031111279502511024
11726,0.03110506571829319
11727,0.031094631180167198
11728,0.031081009656190872
11729,0.031085586175322533
11730,0.031056320294737816
11731,0.031044520437717438
11732,0.03102770633995533
11733,0.0312191229313612
11734,0.031085556373000145
11735,0.031159689649939537
11736,0.031224515289068222
11737,0.03127669170498848
11738,0.031314052641391754
11739,0.031335681676864624
11740,0.031341783702373505
11741,0.03133353218436241
11742,0.03131278604269028
11743,0.03128189221024513
11744,0.03124334290623665
11745,0.03121570497751236
11746,0.031195582821965218
11747,0.031146658584475517
11748,0.031113985925912857
11749,0.03113311529159546
11750,0.031084541231393814
11751,0.03107701614499092
11752,0.031064491719007492
11753,0.03104785829782486
11754,0.031028641387820244
11755,0.03101108968257904
11756,0.030991187319159508
11757,0.03097410686314106
11758,0.0309735294431448
11759,0.03094293922185898
11760,0.03093210980296135
11761,0.030917378142476082
11762,0.03089909814298153
11763,0.030895540490746498
11764,0.030871981754899025
11765,0.030862171202898026
11766,0.03085564449429512
11767,0.030849546194076538
11768,0.030853545293211937
11769,0.030855705961585045
11770,0.030852172523736954
11771,0.03084300458431244
11772,0.030828440561890602
11773,0.030818145722150803
11774,0.030801324173808098
11775,0.030786199495196342
11776,0.030781641602516174
11777,0.030778037384152412
11778,0.030803266912698746
11779,0.030792774632573128
11780,0.03081764280796051
11781,0.030825722962617874
11782,0.030833764001727104
11783,0.030833054333925247
11784,0.030824467539787292
11785,0.030924692749977112
11786,0.030877651646733284
11787,0.030935367569327354
11788,0.03097989596426487
11789,0.031010014936327934
11790,0.03102554753422737
11791,0.031027231365442276
11792,0.031016547232866287
11793,0.031005576252937317
11794,0.031002728268504143
11795,0.030979657545685768
11796,0.030939454212784767
11797,0.03092406503856182
11798,0.03090313822031021
11799,0.030878445133566856
11800,0.03085969388484955
11801,0.030838744714856148
11802,0.03082839399576187
11803,0.0308131854981184
11804,0.030799422413110733
11805,0.03078182227909565
11806,0.03076876699924469
11807,0.03074834495782852
11808,0.030735120177268982
11809,0.030725248157978058
11810,0.030710551887750626
11811,0.030737871304154396
11812,0.030705709010362625
11813,0.030695918947458267
11814,0.03069273568689823
11815,0.03068448044359684
11816,0.030671458691358566
11817,0.030654046684503555
11818,0.03063291311264038
11819,0.030624162405729294
11820,0.030696386471390724
11821,0.030644511803984642
11822,0.030671875923871994
11823,0.03069162741303444
11824,0.030702926218509674
11825,0.030705463141202927
11826,0.03072781302034855
11827,0.030794529244303703
11828,0.030750904232263565
11829,0.03079318255186081
11830,0.030821753665804863
11831,0.030836427584290504
11832,0.030837880447506905
11833,0.0308274794369936
11834,0.03080705553293228
11835,0.0307786725461483
11836,0.030752481892704964
11837,0.030780116096138954
11838,0.03072136640548706
11839,0.030703846365213394
11840,0.03069007396697998
11841,0.030676575377583504
11842,0.030660539865493774
11843,0.03076912835240364
11844,0.030661532655358315
11845,0.030674297362565994
11846,0.03067949041724205
11847,0.03067765384912491
11848,0.030669452622532845
11849,0.030655616894364357
11850,0.030636917799711227
11851,0.0306406170129776
11852,0.030706215649843216
11853,0.030641166493296623
11854,0.030670180916786194
11855,0.030690757557749748
11856,0.030702492222189903
11857,0.0307054053992033
11858,0.030699918046593666
11859,0.0306867528706789
11860,0.03066687472164631
11861,0.030641382560133934
11862,0.03097936138510704
11863,0.03070761263370514
11864,0.030826186761260033
11865,0.030894409865140915
11866,0.030981270596385002
11867,0.031049426645040512
11868,0.03109882026910782
11869,0.031142860651016235
11870,0.03117438219487667
11871,0.031185830011963844
11872,0.031183414161205292
11873,0.031188450753688812
11874,0.031185543164610863
11875,0.031174898147583008
11876,0.031160438433289528
11877,0.031180834397673607
11878,0.031145034357905388
11879,0.031141454353928566
11880,0.03113146498799324
11881,0.03111637942492962
11882,0.031097350642085075
11883,0.03111414797604084
11884,0.031087227165699005
11885,0.031108912080526352
11886,0.03111257031559944
11887,0.03112579882144928
11888,0.03113187663257122
11889,0.031131034716963768
11890,0.031123703345656395
11891,0.031170926988124847
11892,0.0311307180672884
11893,0.031142979860305786
11894,0.031147245317697525
11895,0.03114382177591324
11896,0.031133262440562248
11897,0.031116297468543053
11898,0.03109375759959221
11899,0.031066518276929855
11900,0.031035425141453743
11901,0.031001266092061996
11902,0.031177006661891937
11903,0.03105463646352291
11904,0.03114286996424198
11905,0.031223352998495102
11906,0.03129109740257263
11907,0.03134253993630409
11908,0.0313757061958313
11909,0.031390171498060226
11910,0.03138687461614609
11911,0.03136784955859184
11912,0.031335845589637756
11913,0.03129397705197334
11914,0.03124629519879818
11915,0.03125917166471481
11916,0.03117186762392521
11917,0.03114292025566101
11918,0.031110120937228203
11919,0.03107496351003647
11920,0.031038600951433182
11921,0.031001823022961617
11922,0.03096509911119938
11923,0.0309285968542099
11924,0.03089226968586445
11925,0.030884873121976852
11926,0.0308539941906929
11927,0.030834756791591644
11928,0.03082486428320408
11929,0.030841972678899765
11930,0.030827295035123825
11931,0.030802635475993156
11932,0.030797136947512627
11933,0.030786899849772453
11934,0.03077196143567562
11935,0.030752481892704964
11936,0.03072870709002018
11937,0.03078056313097477
11938,0.03070974536240101
11939,0.030712414532899857
11940,0.030708469450473785
11941,0.03069774992763996
11942,0.030680421739816666
11943,0.030656937509775162
11944,0.03108995035290718
11945,0.030720146372914314
11946,0.03079993650317192
11947,0.030865222215652466
11948,0.030914882197976112
11949,0.030985914170742035
11950,0.031019041314721107
11951,0.03107038512825966
11952,0.031103236600756645
11953,0.03111902065575123
11954,0.03111993335187435
11955,0.031108640134334564
11956,0.031087959185242653
11957,0.03106062300503254
11958,0.03107701800763607
11959,0.031094813719391823
11960,0.03103313408792019
11961,0.031041545793414116
11962,0.03104686178267002
11963,0.031044673174619675
11964,0.03103613294661045
11965,0.031022338196635246
11966,0.03100428357720375
11967,0.030995262786746025
11968,0.030968960374593735
11969,0.030960876494646072
11970,0.030947908759117126
11971,0.030930595472455025
11972,0.03109719604253769
11973,0.030917750671505928
11974,0.030919857323169708
11975,0.030916137620806694
11976,0.031103765591979027
11977,0.031184175983071327
11978,0.031510964035987854
11979,0.03185282275080681
11980,0.03217785060405731
11981,0.03245970979332924
11982,0.03267966955900192
11983,0.03282754495739937
11984,0.03290155157446861
11985,0.03290718048810959
11986,0.032855380326509476
11987,0.03276042640209198
11988,0.03263775259256363
11989,0.03250214084982872
11990,0.032366298139095306
11991,0.03224005922675133
11992,0.03216484934091568
11993,0.03214161470532417
11994,0.03200729936361313
11995,0.03197360783815384
11996,0.03194863721728325
11997,0.03193065524101257
11998,0.03191738948225975
11999,0.0319063737988472
12000,0.0318952351808548
12001,0.031881920993328094
12002,0.03183281794190407
12003,0.03178528696298599
12004,0.03173923119902611
12005,0.03169454634189606
12006,0.03165110945701599
12007,0.031693506985902786
12008,0.03159206360578537
12009,0.031574446707963943
12010,0.03155595064163208
12011,0.03153660148382187
12012,0.03151639923453331
12013,0.031495362520217896
12014,0.03147350251674652
12015,0.031450845301151276
12016,0.031427428126335144
12017,0.03140329569578171
12018,0.031378500163555145
12019,0.031353093683719635
12020,0.031334079802036285
12021,0.03130858764052391
12022,0.03128080442547798
12023,0.03125733509659767
12024,0.03125017136335373
12025,0.03122049942612648
12026,0.031200416386127472
12027,0.031184716150164604
12028,0.031167754903435707
12029,0.031149590387940407
12030,0.031130285933613777
12031,0.03110990859568119
12032,0.031088560819625854
12033,0.031066328287124634
12034,0.03104443848133087
12035,0.031024269759655
12036,0.031002024188637733
12037,0.030977964401245117
12038,0.030954962596297264
12039,0.03094458021223545
12040,0.03092864342033863
12041,0.030917413532733917
12042,0.03088664449751377
12043,0.03087567538022995
12044,0.030863014981150627
12045,0.03084874339401722
12046,0.030832968652248383
12047,0.030815791338682175
12048,0.030797351151704788
12049,0.030785581097006798
12050,0.030769243836402893
12051,0.03075898438692093
12052,0.030747054144740105
12053,0.03073355183005333
12054,0.030718570575118065
12055,0.030716948211193085
12056,0.030705245211720467
12057,0.03068157285451889
12058,0.030670318752527237
12059,0.03065895475447178
12060,0.030645884573459625
12061,0.030631279572844505
12062,0.030620936304330826
12063,0.030601706355810165
12064,0.03058668226003647
12065,0.0305703766644001
12066,0.03055296279489994
12067,0.03053457662463188
12068,0.030535630881786346
12069,0.030552197247743607
12070,0.030510684475302696
12071,0.03051322139799595
12072,0.03051331266760826
12073,0.03051105886697769
12074,0.030506573617458344
12075,0.030499985441565514
12076,0.03049144707620144
12077,0.030481120571494102
12078,0.030469169840216637
12079,0.030463984236121178
12080,0.030455516651272774
12081,0.03045288287103176
12082,0.03044801764190197
12083,0.03044174425303936
12084,0.030451098456978798
12085,0.030444800853729248
12086,0.030430659651756287
12087,0.030427943915128708
12088,0.030422909185290337
12089,0.030415765941143036
12090,0.030406733974814415
12091,0.03043271414935589
12092,0.030403709039092064
12093,0.03040846809744835
12094,0.030410468578338623
12095,0.03040989302098751
12096,0.0304089467972517
12097,0.030406013131141663
12098,0.030401552096009254
12099,0.03041069582104683
12100,0.03041575290262699
12101,0.030400840565562248
12102,0.030403273180127144
12103,0.030411075800657272
12104,0.030404647812247276
12105,0.030403444543480873
12106,0.030401218682527542
12107,0.030409790575504303
12108,0.030403446406126022
12109,0.03040717914700508
12110,0.03042566031217575
12111,0.030417468398809433
12112,0.030423587188124657
12113,0.030426684767007828
12114,0.030427003279328346
12115,0.030424784868955612
12116,0.03042028099298477
12117,0.030413750559091568
12118,0.030405433848500252
12119,0.030399061739444733
12120,0.03041868284344673
12121,0.030394485220313072
12122,0.03040507435798645
12123,0.030404549092054367
12124,0.030409367755055428
12125,0.030411504209041595
12126,0.030411288142204285
12127,0.030408814549446106
12128,0.030404534190893173
12129,0.03039865382015705
12130,0.030443841591477394
12131,0.03041050210595131
12132,0.0304265059530735
12133,0.03043912723660469
12134,0.03044850379228592
12135,0.030454833060503006
12136,0.030458319932222366
12137,0.03045918047428131
12138,0.030462203547358513
12139,0.030465764924883842
12140,0.030463891103863716
12141,0.030457159504294395
12142,0.03045094758272171
12143,0.030447129160165787
12144,0.030441470444202423
12145,0.030434206128120422
12146,0.030437257140874863
12147,0.03042455017566681
12148,0.030437814071774483
12149,0.030424823984503746
12150,0.030425695702433586
12151,0.030424468219280243
12152,0.03042137436568737
12153,0.030417606234550476
12154,0.030412808060646057
12155,0.030406758189201355
12156,0.030399668961763382
12157,0.030394546687602997
12158,0.030388273298740387
12159,0.030382411554455757
12160,0.030387556180357933
12161,0.030382171273231506
12162,0.030375266447663307
12163,0.030374255031347275
12164,0.030371500179171562
12165,0.030378052964806557
12166,0.03037160076200962
12167,0.030373824760317802
12168,0.030374012887477875
12169,0.030372321605682373
12170,0.030368926003575325
12171,0.03041849657893181
12172,0.03038010001182556
12173,0.030393090099096298
12174,0.030403122305870056
12175,0.030410388484597206
12176,0.030415087938308716
12177,0.03041743114590645
12178,0.030417615547776222
12179,0.030415847897529602
12180,0.03041381575167179
12181,0.030410433188080788
12182,0.03040553629398346
12183,0.030469726771116257
12184,0.030408838763833046
12185,0.030416416004300117
12186,0.030423225834965706
12187,0.03042762354016304
12188,0.03042977675795555
12189,0.030429862439632416
12190,0.030428050085902214
12191,0.03042452782392502
12192,0.030419467017054558
12193,0.030413033440709114
12194,0.030414991080760956
12195,0.030405065044760704
12196,0.030403032898902893
12197,0.030411068350076675
12198,0.030399108305573463
12199,0.03039700537919998
12200,0.030396364629268646
12201,0.030393477529287338
12202,0.03038840740919113
12203,0.030389484018087387
12204,0.03038490191102028
12205,0.030387278646230698
12206,0.03038795478641987
12207,0.030386770144104958
12208,0.03038390353322029
12209,0.030391233041882515
12210,0.030378811061382294
12211,0.03038780950009823
12212,0.030381515622138977
12213,0.030384398996829987
12214,0.030385203659534454
12215,0.030384117737412453
12216,0.030381320044398308
12217,0.030378689989447594
12218,0.03038274310529232
12219,0.030374785885214806
12220,0.030372198671102524
12221,0.03036954440176487
12222,0.030377596616744995
12223,0.03037569299340248
12224,0.030381930992007256
12225,0.030392171815037727
12226,0.030397843569517136
12227,0.030398156493902206
12228,0.030395692214369774
12229,0.03039659932255745
12230,0.030395591631531715
12231,0.030397778376936913
12232,0.030407430604100227
12233,0.03040255606174469
12234,0.030408287420868874
12235,0.030411632731556892
12236,0.030412817373871803
12237,0.030412055552005768
12238,0.030427992343902588
12239,0.030415719375014305
12240,0.030419467017054558
12241,0.030421024188399315
12242,0.030420590192079544
12243,0.03041836991906166
12244,0.030414562672376633
12245,0.03040933609008789
12246,0.03040287457406521
12247,0.030406905338168144
12248,0.030397413298487663
12249,0.0303970817476511
12250,0.030395181849598885
12251,0.03039182908833027
12252,0.030387165024876595
12253,0.03038135915994644
12254,0.030391227453947067
12255,0.03038157895207405
12256,0.03038579784333706
12257,0.030387908220291138
12258,0.030388087034225464
12259,0.030386505648493767
12260,0.030383331701159477
12261,0.030378730967640877
12262,0.03037504106760025
12263,0.030369171872735023
12264,0.030369486659765244
12265,0.03036758117377758
12266,0.03036540560424328
12267,0.030358001589775085
12268,0.030357351526618004
12269,0.030356893315911293
12270,0.030359089374542236
12271,0.030360326170921326
12272,0.030359702184796333
12273,0.030357392504811287
12274,0.030353570356965065
12275,0.030378488823771477
12276,0.030360637232661247
12277,0.030370114371180534
12278,0.03037700243294239
12279,0.030381469056010246
12280,0.030384188517928123
12281,0.030385801568627357
12282,0.03038744255900383
12283,0.030386492609977722
12284,0.030384307727217674
12285,0.030381981283426285
12286,0.03037804365158081
12287,0.030374648049473763
12288,0.030369382351636887
12289,0.03039981611073017
12290,0.030370201915502548
12291,0.03038540855050087
12292,0.030383288860321045
12293,0.03039022907614708
12294,0.030394693836569786
12295,0.030396880581974983
12296,0.030396979302167892
12297,0.03039518930017948
12298,0.03041672147810459
12299,0.030393138527870178
12300,0.030395789071917534
12301,0.030396169051527977
12302,0.030393507331609726
12303,0.030388835817575455
12304,0.030385594815015793
12305,0.03038083203136921
12306,0.030374737456440926
12307,0.030393846333026886
12308,0.030369605869054794
12309,0.03036973997950554
12310,0.03037332370877266
12311,0.030372940003871918
12312,0.030375570058822632
12313,0.030376162379980087
12314,0.03037489764392376
12315,0.030371971428394318
12316,0.03044486604630947
12317,0.03037874586880207
12318,0.030387142673134804
12319,0.030392983928322792
12320,0.030396509915590286
12321,0.030397938564419746
12322,0.03039861097931862
12323,0.03039810061454773
12324,0.030396142974495888
12325,0.030420951545238495
12326,0.030402202159166336
12327,0.030409906059503555
12328,0.03041657991707325
12329,0.03042086772620678
12330,0.030422978103160858
12331,0.030423108488321304
12332,0.030421460047364235
12333,0.030418217182159424
12334,0.030413556843996048
12335,0.030407654121518135
12336,0.030405180528759956
12337,0.03040176071226597
12338,0.03039260394871235
12339,0.030408231541514397
12340,0.0303927231580019
12341,0.03039615973830223
12342,0.03039761818945408
12343,0.030397258698940277
12344,0.03039524145424366
12345,0.030397843569517136
12346,0.030394811183214188
12347,0.030395889654755592
12348,0.030395153909921646
12349,0.03039277344942093
12350,0.030388912186026573
12351,0.030390994623303413
12352,0.030383436009287834
12353,0.03037743829190731
12354,0.03038077801465988
12355,0.030376547947525978
12356,0.030377643182873726
12357,0.030376944690942764
12358,0.030374610796570778
12359,0.030370822176337242
12360,0.03036714531481266
12361,0.03037124313414097
12362,0.030370978638529778
12363,0.03036380186676979
12364,0.03036580979824066
12365,0.030367176979780197
12366,0.03036670759320259
12367,0.03036457486450672
12368,0.030360950157046318
12369,0.030355989933013916
12370,0.030350511893630028
12371,0.030344974249601364
12372,0.030337659642100334
12373,0.030333591625094414
12374,0.030356673523783684
12375,0.030332598835229874
12376,0.03035484068095684
12377,0.03034568391740322
12378,0.03035798668861389
12379,0.030367497354745865
12380,0.030374404042959213
12381,0.03037891909480095
12382,0.030381228774785995
12383,0.030381541699171066
12384,0.030380042269825935
12385,0.03037692978978157
12386,0.0303723756223917
12387,0.030366558581590652
12388,0.030386490747332573
12389,0.030369525775313377
12390,0.030376827344298363
12391,0.03038172610104084
12392,0.030384398996829987
12393,0.030385049059987068
12394,0.03038385696709156
12395,0.03038102202117443
12396,0.030376704409718513
12397,0.030388355255126953
12398,0.030376672744750977
12399,0.030380306765437126
12400,0.030391912907361984
12401,0.030398495495319366
12402,0.030397478491067886
12403,0.030401170253753662
12404,0.03040149249136448
12405,0.030400246381759644
12406,0.030401058495044708
12407,0.030399996787309647
12408,0.03039725311100483
12409,0.030393002554774284
12410,0.03038741648197174
12411,0.03038637898862362
12412,0.030385099351406097
12413,0.030381105840206146
12414,0.0303810965269804
12415,0.030379336327314377
12416,0.0303760077804327
12417,0.030374638736248016
12418,0.03036825731396675
12419,0.030364423990249634
12420,0.030373742803931236
12421,0.030359871685504913
12422,0.030362507328391075
12423,0.030368393287062645
12424,0.030368320643901825
12425,0.030369441956281662
12426,0.030370010063052177
12427,0.03036879375576973
12428,0.0303659625351429
12429,0.03036169894039631
12430,0.030365314334630966
12431,0.03036050871014595
12432,0.030362756922841072
12433,0.030397159978747368
12434,0.030372565612196922
12435,0.03037942945957184
12436,0.030383892357349396
12437,0.03038616292178631
12438,0.03038644790649414
12439,0.030384954065084457
12440,0.030381862074136734
12441,0.030377360060811043
12442,0.030406592413783073
12443,0.03037615492939949
12444,0.0303785502910614
12445,0.03037898987531662
12446,0.03037838451564312
12447,0.03037821128964424
12448,0.030375748872756958
12449,0.030382832512259483
12450,0.030377568677067757
12451,0.030374526977539062
12452,0.030377112329006195
12453,0.03037772700190544
12454,0.03037654422223568
12455,0.030373750254511833
12456,0.03036949783563614
12457,0.03036394901573658
12458,0.03037291206419468
12459,0.03036675602197647
12460,0.03037368506193161
12461,0.03037823922932148
12462,0.030380599200725555
12463,0.030380962416529655
12464,0.030379517003893852
12465,0.030379505828022957
12466,0.030377117916941643
12467,0.03037160634994507
12468,0.03036777675151825
12469,0.030370844528079033
12470,0.03036222793161869
12471,0.030359357595443726
12472,0.030355079099535942
12473,0.030355695635080338
12474,0.03035290539264679
12475,0.03034350275993347
12476,0.03034304268658161
12477,0.030342036858201027
12478,0.030345235019922256
12479,0.030349034816026688
12480,0.03035079501569271
12481,0.030350692570209503
12482,0.03035152330994606
12483,0.0303506962954998
12484,0.0303459744900465
12485,0.03034306690096855
12486,0.03033878281712532
12487,0.030333824455738068
12488,0.030331933870911598
12489,0.030331047251820564
12490,0.0303318090736866
12491,0.03033086284995079
12492,0.030328737571835518
12493,0.03032834827899933
12494,0.030333274975419044
12495,0.030343765392899513
12496,0.030361883342266083
12497,0.030359813943505287
12498,0.03037213534116745
12499,0.030381562188267708
12500,0.030388301238417625
12501,0.03039257973432541
12502,0.030394621193408966
12503,0.03039463236927986
12504,0.030392825603485107
12505,0.03038940019905567
12506,0.030384540557861328
12507,0.0303784292191267
12508,0.030371226370334625
12509,0.030371608212590218
12510,0.030378224328160286
12511,0.030367953702807426
12512,0.030372973531484604
12513,0.03037578985095024
12514,0.030376601964235306
12515,0.030375611037015915
12516,0.030372994020581245
12517,0.030369864776730537
12518,0.03036619909107685
12519,0.03036350943148136
12520,0.0303629282861948
12521,0.030359158292412758
12522,0.030357034876942635
12523,0.030354833230376244
12524,0.0303511843085289
12525,0.030346233397722244
12526,0.03034013696014881
12527,0.030377833172678947
12528,0.03034740686416626
12529,0.03035893477499485
12530,0.0303677748888731
12531,0.03037410043179989
12532,0.030378105118870735
12533,0.03037995472550392
12534,0.03037985973060131
12535,0.03037799522280693
12536,0.030374545603990555
12537,0.03036968968808651
12538,0.03036358207464218
12539,0.030357180163264275
12540,0.03035122901201248
12541,0.030353130772709846
12542,0.030356019735336304
12543,0.030338725075125694
12544,0.030332984402775764
12545,0.03034920059144497
12546,0.030335191637277603
12547,0.030357476323843002
12548,0.030344197526574135
12549,0.03037063591182232
12550,0.030362527817487717
12551,0.030372697860002518
12552,0.030380170792341232
12553,0.030385170131921768
12554,0.03038789890706539
12555,0.03038857690989971
12556,0.030387401580810547
12557,0.03038458712399006
12558,0.03038030117750168
12559,0.03037473000586033
12560,0.030368037521839142
12561,0.030360374599695206
12562,0.030351871624588966
12563,0.03042713925242424
12564,0.0303594209253788
12565,0.03037317655980587
12566,0.030384091660380363
12567,0.03039233200252056
12568,0.030398081988096237
12569,0.03040153533220291
12570,0.030402882024645805
12571,0.030402321368455887
12572,0.03040003590285778
12573,0.03039621375501156
12574,0.03039102628827095
12575,0.030385782942175865
12576,0.030380718410015106
12577,0.030374599620699883
12578,0.030373144894838333
12579,0.030370069667696953
12580,0.030360694974660873
12581,0.030351923778653145
12582,0.030349502339959145
12583,0.030347442254424095
12584,0.03034399449825287
12585,0.030339322984218597
12586,0.030338244512677193
12587,0.03033357299864292
12588,0.03034270368516445
12589,0.030336525291204453
12590,0.030338890850543976
12591,0.030341999605298042
12592,0.03034321218729019
12593,0.0303427092730999
12594,0.03034466877579689
12595,0.03034570999443531
12596,0.030348679050803185
12597,0.030349725857377052
12598,0.030349021777510643
12599,0.030346743762493134
12600,0.03034304454922676
12601,0.030346067622303963
12602,0.03034285455942154
12603,0.030333353206515312
12604,0.030328867956995964
12605,0.030356675386428833
12606,0.030338114127516747
12607,0.030348297208547592
12608,0.030355919152498245
12609,0.030361171811819077
12610,0.03036424331367016
12611,0.03036533109843731
12612,0.030379073694348335
12613,0.03037283755838871
12614,0.03037860430777073
12615,0.03038210980594158
12616,0.030383538454771042
12617,0.03038308024406433
12618,0.030385920777916908
12619,0.03038955293595791
12620,0.030389288440346718
12621,0.03038397617638111
12622,0.03037584014236927
12623,0.03037475422024727
12624,0.030372383072972298
12625,0.03036857210099697
12626,0.03036349080502987
12627,0.030357297509908676
12628,0.030360791832208633
12629,0.0303520318120718
12630,0.03034650906920433
12631,0.030338561162352562
12632,0.030334847047924995
12633,0.030329979956150055
12634,0.030350258573889732
12635,0.030325647443532944
12636,0.030322883278131485
12637,0.03033418394625187
12638,0.030327238142490387
12639,0.030331073328852654
12640,0.030333008617162704
12641,0.030333196744322777
12642,0.030331797897815704
12643,0.030328964814543724
12644,0.03032515197992325
12645,0.030335208401083946
12646,0.030322520062327385
12647,0.030322838574647903
12648,0.030321940779685974
12649,0.03031955286860466
12650,0.030318589881062508
12651,0.030317770317196846
12652,0.030319932848215103
12653,0.030321896076202393
12654,0.030322067439556122
12655,0.030320601537823677
12656,0.03031766787171364
12657,0.03031764179468155
12658,0.03031584806740284
12659,0.030318500474095345
12660,0.030322546139359474
12661,0.03032456524670124
12662,0.030324740335345268
12663,0.030324233695864677
12664,0.030322939157485962
12665,0.030321873724460602
12666,0.03033134527504444
12667,0.030321678146719933
12668,0.030321408063173294
12669,0.03031950443983078
12670,0.03031613491475582
12671,0.030317053198814392
12672,0.030311889946460724
12673,0.030313972383737564
12674,0.030310610309243202
12675,0.030308948829770088
12676,0.030308730900287628
12677,0.030306389555335045
12678,0.030305268242955208
12679,0.030306482687592506
12680,0.03031233511865139
12681,0.03031100705265999
12682,0.03031516633927822
12683,0.030317816883325577
12684,0.030328530818223953
12685,0.030323373153805733
12686,0.030326219275593758
12687,0.03032749518752098
12688,0.03032783418893814
12689,0.030326778069138527
12690,0.0303240604698658
12691,0.03032137081027031
12692,0.030329518020153046
12693,0.030315233394503593
12694,0.03031782992184162
12695,0.03032159060239792
12696,0.030326304957270622
12697,0.030328797176480293
12698,0.03032926470041275
12699,0.030327918007969856
12700,0.030324939638376236
12701,0.030326398089528084
12702,0.030320510268211365
12703,0.030316948890686035
12704,0.03031432069838047
12705,0.030311208218336105
12706,0.030335228890180588
12707,0.030329078435897827
12708,0.030347850173711777
12709,0.030363235622644424
12710,0.030375437811017036
12711,0.03038467839360237
12712,0.030391179025173187
12713,0.03039517253637314
12714,0.030396895483136177
12715,0.030408980324864388
12716,0.030407728627324104
12717,0.030415985733270645
12718,0.030421562492847443
12719,0.030424674972891808
12720,0.030425552278757095
12721,0.030424412339925766
12722,0.03042147122323513
12723,0.030416930094361305
12724,0.030410995706915855
12725,0.03041297383606434
12726,0.030414322391152382
12727,0.03041050210595131
12728,0.03040168061852455
12729,0.03038865141570568
12730,0.030393432825803757
12731,0.03037983737885952
12732,0.030378615483641624
12733,0.030375827103853226
12734,0.03037165105342865
12735,0.03036625124514103
12736,0.030359774827957153
12737,0.03035237081348896
12738,0.030344158411026
12739,0.03035774640738964
12740,0.030338436365127563
12741,0.03033900074660778
12742,0.03033960610628128
12743,0.030339496210217476
12744,0.030341466888785362
12745,0.030342521145939827
12746,0.030345406383275986
12747,0.030344989150762558
12748,0.030346179381012917
12749,0.030345629900693893
12750,0.030343517661094666
12751,0.030339980497956276
12752,0.03033926524221897
12753,0.03033747524023056
12754,0.030330922454595566
12755,0.030325379222631454
12756,0.03032575361430645
12757,0.030325109139084816
12758,0.03032635524868965
12759,0.030321849510073662
12760,0.030343331396579742
12761,0.03032507747411728
12762,0.030328726395964622
12763,0.030330408364534378
12764,0.03033030405640602
12765,0.030337072908878326
12766,0.030331328511238098
12767,0.030332179740071297
12768,0.03033129870891571
12769,0.0303288996219635
12770,0.030326344072818756
12771,0.03032248094677925
12772,0.030317431315779686
12773,0.03031136281788349
12774,0.030335301533341408
12775,0.030309246852993965
12776,0.03031318262219429
12777,0.030315108597278595
12778,0.03031519614160061
12779,0.03031892515718937
12780,0.030317196622490883
12781,0.030317405238747597
12782,0.03031945414841175
12783,0.03031962737441063
12784,0.030318280681967735
12785,0.030320558696985245
12786,0.030318856239318848
12787,0.030318433418869972
12788,0.03031717985868454
12789,0.03031475469470024
12790,0.030340058729052544
12791,0.03032279945909977
12792,0.030330099165439606
12793,0.03033498488366604
12794,0.03033764287829399
12795,0.030376825481653214
12796,0.030355412513017654
12797,0.03036917932331562
12798,0.030379818752408028
12799,0.03038758412003517
12800,0.030392730608582497
12801,0.030395502224564552
12802,0.03039614111185074
12803,0.030394870787858963
12804,0.030391911044716835
12805,0.03038746304810047
12806,0.030381716787815094
12807,0.03037722222507
12808,0.030376460403203964
12809,0.030376186594367027
12810,0.03037422150373459
12811,0.030370749533176422
12812,0.0303659550845623
12813,0.030381377786397934
12814,0.03037206083536148
12815,0.030381368473172188
12816,0.030388111248612404
12817,0.03039248287677765
12818,0.03039493039250374
12819,0.030395902693271637
12820,0.030395163223147392
12821,0.030392875894904137
12822,0.030389174818992615
12823,0.030384883284568787
12824,0.03037934936583042
12825,0.03037450462579727
12826,0.03036937303841114
12827,0.030368810519576073
12828,0.030362118035554886
12829,0.030361738055944443
12830,0.030363406985998154
12831,0.030358897522091866
12832,0.030359677970409393
12833,0.030362537130713463
12834,0.030358504503965378
12835,0.0303566325455904
12836,0.030353279784321785
12837,0.0303493645042181
12838,0.0303450096398592
12839,0.030350517481565475
12840,0.030342262238264084
12841,0.030343545600771904
12842,0.030344415456056595
12843,0.030344439670443535
12844,0.030342919752001762
12845,0.03034038282930851
12846,0.030336618423461914
12847,0.030331598594784737
12848,0.030326062813401222
12849,0.030330553650856018
12850,0.030320988968014717
12851,0.030320702120661736
12852,0.030321680009365082
12853,0.030324025079607964
12854,0.030322708189487457
12855,0.030330300331115723
12856,0.030318671837449074
12857,0.030321495607495308
12858,0.030322391539812088
12859,0.030321547761559486
12860,0.030324570834636688
12861,0.030318520963191986
12862,0.030317986384034157
12863,0.030316321179270744
12864,0.030315814539790154
12865,0.03031785972416401
12866,0.03032044693827629
12867,0.030321110039949417
12868,0.030320031568408012
12869,0.03031739592552185
12870,0.0303192138671875
12871,0.030318060889840126
12872,0.030319420620799065
12873,0.030310051515698433
12874,0.03031143546104431
12875,0.030311038717627525
12876,0.030309032648801804
12877,0.030305586755275726
12878,0.030322415754199028
12879,0.0303016547113657
12880,0.030300743877887726
12881,0.03031274862587452
12882,0.030311714857816696
12883,0.030322318896651268
12884,0.030330263078212738
12885,0.030335739254951477
12886,0.03033893182873726
12887,0.030340034514665604
12888,0.03033924475312233
12889,0.030336743220686913
12890,0.030344460159540176
12891,0.03033875674009323
12892,0.030329914763569832
12893,0.030330728739500046
12894,0.030331330373883247
12895,0.030327454209327698
12896,0.030326973646879196
12897,0.03032480925321579
12898,0.030321158468723297
12899,0.030316196382045746
12900,0.03031008504331112
12901,0.03031574748456478
12902,0.03030119277536869
12903,0.03029797039926052
12904,0.030293457210063934
12905,0.03032108210027218
12906,0.030297663062810898
12907,0.030305026099085808
12908,0.030310068279504776
12909,0.03031296096742153
12910,0.030313972383737564
12911,0.030316896736621857
12912,0.030315473675727844
12913,0.03031340427696705
12914,0.03031170181930065
12915,0.03030848689377308
12916,0.030310150235891342
12917,0.030308237299323082
12918,0.030310461297631264
12919,0.03031250648200512
12920,0.030312053859233856
12921,0.03032095357775688
12922,0.030316440388560295
12923,0.030319122597575188
12924,0.030320271849632263
12925,0.030321309342980385
12926,0.030320923775434494
12927,0.030318859964609146
12928,0.030325964093208313
12929,0.030316699296236038
12930,0.03031424805521965
12931,0.03031288832426071
12932,0.030309978872537613
12933,0.030309149995446205
12934,0.03032493218779564
12935,0.030309131368994713
12936,0.030311694368720055
12937,0.030316058546304703
12938,0.030318303033709526
12939,0.030318627133965492
12940,0.030317218974232674
12941,0.030352706089615822
12942,0.030322019010782242
12943,0.030327551066875458
12944,0.030331294983625412
12945,0.030334606766700745
12946,0.030336197465658188
12947,0.030335908755660057
12948,0.030333904549479485
12949,0.030331844463944435
12950,0.03032774291932583
12951,0.03032364509999752
12952,0.03034168854355812
12953,0.03032873198390007
12954,0.030336514115333557
12955,0.030341770499944687
12956,0.030344698578119278
12957,0.030346162617206573
12958,0.030348386615514755
12959,0.030349889770150185
12960,0.030346987769007683
12961,0.03034757450222969
12962,0.030346237123012543
12963,0.03034319169819355
12964,0.030338626354932785
12965,0.030332718044519424
12966,0.03033307008445263
12967,0.030324924737215042
12968,0.030321121215820312
12969,0.03031841292977333
12970,0.030315497890114784
12971,0.030325986444950104
12972,0.03031240403652191
12973,0.03031180426478386
12974,0.030312318354845047
12975,0.030308708548545837
12976,0.030354909598827362
12977,0.03033200465142727
12978,0.030354056507349014
12979,0.030372528359293938
12980,0.03038756549358368
12981,0.030399341136217117
12982,0.030408071354031563
12983,0.03041396476328373
12984,0.03041725419461727
12985,0.030418168753385544
12986,0.030416937544941902
12987,0.030413785949349403
12988,0.030408931896090508
12989,0.03040703572332859
12990,0.030414298176765442
12991,0.03039824217557907
12992,0.03039521723985672
12993,0.030392730608582497
12994,0.030388621613383293
12995,0.030383097007870674
12996,0.03037705458700657
12997,0.030370088294148445
12998,0.030362265184521675
12999,0.030353695154190063
13000,0.030344458296895027
13001,0.030334683135151863
13002,0.030335867777466774
13003,0.030328452587127686
13004,0.030315525829792023
13005,0.030311858281493187
13006,0.030307002365589142
13007,0.03032764047384262
13008,0.03030434623360634
13009,0.03030572459101677
13010,0.0303054079413414
13011,0.030306978151202202
13012,0.030303148552775383
13013,0.03030644729733467
13014,0.030308356508612633
13015,0.03030850552022457
13016,0.03030705638229847
13017,0.030307158827781677
13018,0.030306177213788033
13019,0.0303037129342556
13020,0.030316561460494995
13021,0.030315594747662544
13022,0.03032572939991951
13023,0.03033333830535412
13024,0.030338583514094353
13025,0.03034164384007454
13026,0.03034268505871296
13027,0.030341895297169685
13028,0.030339444056153297
13029,0.030335498973727226
13030,0.030340077355504036
13031,0.030338820070028305
13032,0.03035937063395977
13033,0.030329803004860878
13034,0.030331505462527275
13035,0.03033374436199665
13036,0.030334029346704483
13037,0.030332576483488083
13038,0.030329551547765732
13039,0.030325142666697502
13040,0.03032197803258896
13041,0.030315430834889412
13042,0.030311482027173042
13043,0.030317235738039017
13044,0.030305704101920128
13045,0.030300453305244446
13046,0.03031795285642147
13047,0.03030400164425373
13048,0.03030804917216301
13049,0.030310077592730522
13050,0.030310263857245445
13051,0.03030879609286785
13052,0.030318818986415863
13053,0.030310219153761864
13054,0.030312538146972656
13055,0.030312972143292427
13056,0.030311698094010353
13057,0.030312631279230118
13058,0.03031087853014469
13059,0.030305635184049606
13060,0.03030192106962204
13061,0.030298376455903053
13062,0.03031894564628601
13063,0.03029968962073326
13064,0.030303603038191795
13065,0.030305488035082817
13066,0.03030553087592125
13067,0.03030390478670597
13068,0.030300788581371307
13069,0.030296336859464645
13070,0.03031952679157257
13071,0.030301734805107117
13072,0.030293181538581848
13073,0.030294567346572876
13074,0.030294163152575493
13075,0.030292140319943428
13076,0.030291082337498665
13077,0.030290937051177025
13078,0.030300933867692947
13079,0.03029497154057026
13080,0.030303528532385826
13081,0.03030957467854023
13082,0.03031332604587078
13083,0.030314976349473
13084,0.030314726755023003
13085,0.030322428792715073
13086,0.03031863085925579
13087,0.030322201550006866
13088,0.030323660001158714
13089,0.030323205515742302
13090,0.030324911698698997
13091,0.030320294201374054
13092,0.030317870900034904
13093,0.030314646661281586
13094,0.03031155839562416
13095,0.030307680368423462
13096,0.030302472412586212
13097,0.030302967876195908
13098,0.03030223771929741
13099,0.030299849808216095
13100,0.030302677303552628
13101,0.030303500592708588
13102,0.03030385635793209
13103,0.030302416533231735
13104,0.030300606042146683
13105,0.030297260731458664
13106,0.030293215066194534
13107,0.030289391055703163
13108,0.030284876003861427
13109,0.030328942462801933
13110,0.03030514158308506
13111,0.030327143147587776
13112,0.030345642939209938
13113,0.03036077506840229
13114,0.03037271648645401
13115,0.03038165718317032
13116,0.03038780204951763
13117,0.030391378328204155
13118,0.030392605811357498
13119,0.03039170801639557
13120,0.030388904735445976
13121,0.03038441389799118
13122,0.03038148581981659
13123,0.030381223186850548
13124,0.030383486300706863
13125,0.030375417321920395
13126,0.030373835936188698
13127,0.03037410043179989
13128,0.030372466892004013
13129,0.030369149520993233
13130,0.030364345759153366
13131,0.030358782038092613
13132,0.030353298410773277
13133,0.030347269028425217
13134,0.030342446640133858
13135,0.030336497351527214
13136,0.030331380665302277
13137,0.03032710589468479
13138,0.030332691967487335
13139,0.03032246045768261
13140,0.03032122738659382
13141,0.030322503298521042
13142,0.030317284166812897
13143,0.03031458705663681
13144,0.03031056374311447
13145,0.030307509005069733
13146,0.03030267544090748
13147,0.030300322920084
13148,0.030294757336378098
13149,0.030292009934782982
13150,0.030289771035313606
13151,0.030287064611911774
13152,0.030298221856355667
13153,0.03028460592031479
13154,0.030284427106380463
13155,0.030332475900650024
13156,0.03029160387814045
13157,0.03029814176261425
13158,0.030302515253424644
13159,0.030304893851280212
13160,0.030305445194244385
13161,0.030304327607154846
13162,0.03030170500278473
13163,0.03029773011803627
13164,0.030292542651295662
13165,0.03029121458530426
13166,0.030298875644803047
13167,0.0302845798432827
13168,0.030285311862826347
13169,0.03028438240289688
13170,0.03028230182826519
13171,0.03028935194015503
13172,0.030286138877272606
13173,0.030283484607934952
13174,0.030284294858574867
13175,0.03028339333832264
13176,0.030294572934508324
13177,0.030293332412838936
13178,0.030302979052066803
13179,0.03031006269156933
13180,0.030314762145280838
13181,0.0303172767162323
13182,0.03031778335571289
13183,0.03031647764146328
13184,0.030313611030578613
13185,0.030313145369291306
13186,0.030309399589896202
13187,0.030311375856399536
13188,0.030305566266179085
13189,0.03030393272638321
13190,0.030301589518785477
13191,0.030297553166747093
13192,0.030296556651592255
13193,0.030291644856333733
13194,0.030286334455013275
13195,0.03028787672519684
13196,0.030296895653009415
13197,0.030289826914668083
13198,0.030293840914964676
13199,0.030296772718429565
13200,0.030297748744487762
13201,0.030314646661281586
13202,0.0303003191947937
13203,0.03030168078839779
13204,0.030301224440336227
13205,0.030299115926027298
13206,0.030295539647340775
13207,0.030315367504954338
13208,0.030297772958874702
13209,0.030300041660666466
13210,0.030304374173283577
13211,0.030306575819849968
13212,0.030309472233057022
13213,0.030308488756418228
13214,0.03030823916196823
13215,0.030306296423077583
13216,0.03030399978160858
13217,0.03030051477253437
13218,0.03029584139585495
13219,0.030290070921182632
13220,0.030340038239955902
13221,0.030292654410004616
13222,0.03030330315232277
13223,0.03031189739704132
13224,0.030318794772028923
13225,0.030323291197419167
13226,0.030325565487146378
13227,0.030328594148159027
13228,0.0303297508507967
13229,0.030331457033753395
13230,0.030331149697303772
13231,0.030329030007123947
13232,0.030325274914503098
13233,0.030327845364809036
13234,0.030331911519169807
13235,0.03034079819917679
13236,0.030347000807523727
13237,0.03035077080130577
13238,0.030352355912327766
13239,0.03035198152065277
13240,0.030349865555763245
13241,0.0303462166339159
13242,0.03034408763051033
13243,0.03034956008195877
13244,0.03035539947450161
13245,0.03035893477499485
13246,0.030360378324985504
13247,0.03036361001431942
13248,0.03037048690021038
13249,0.030373623594641685
13250,0.030381837859749794
13251,0.03038744255900383
13252,0.03039066307246685
13253,0.03039213828742504
13254,0.03039277344942093
13255,0.03039180301129818
13256,0.030388956889510155
13257,0.03038463182747364
13258,0.030379140749573708
13259,0.030372532084584236
13260,0.030366025865077972
13261,0.030358463525772095
13262,0.030370013788342476
13263,0.030369458720088005
13264,0.03035213053226471
13265,0.03035498782992363
13266,0.030355816707015038
13267,0.030354805290699005
13268,0.030352145433425903
13269,0.03034801594913006
13270,0.03034258261322975
13271,0.03033599816262722
13272,0.030328407883644104
13273,0.03033280186355114
13274,0.030317924916744232
13275,0.030344853177666664
13276,0.03032604232430458
13277,0.030336342751979828
13278,0.03034401498734951
13279,0.030349254608154297
13280,0.030352255329489708
13281,0.030353203415870667
13282,0.03035229817032814
13283,0.030349718406796455
13284,0.03034839779138565
13285,0.030347054824233055
13286,0.030341237783432007
13287,0.030336258932948112
13288,0.03033214621245861
13289,0.03032677434384823
13290,0.03032030165195465
13291,0.03031286969780922
13292,0.030305445194244385
13293,0.03029855340719223
13294,0.03031040169298649
13295,0.030290814116597176
13296,0.030291680246591568
13297,0.030290892347693443
13298,0.030294734984636307
13299,0.03028799034655094
13300,0.030287887901067734
13301,0.030291376635432243
13302,0.030294790863990784
13303,0.030296267941594124
13304,0.030295979231595993
13305,0.03029409795999527
13306,0.030290775001049042
13307,0.030296653509140015
13308,0.030291283503174782
13309,0.03029428981244564
13310,0.030295372009277344
13311,0.030294688418507576
13312,0.03029242344200611
13313,0.030294330790638924
13314,0.030289940536022186
13315,0.030291786417365074
13316,0.030289871618151665
13317,0.030293738469481468
13318,0.030295561999082565
13319,0.030295539647340775
13320,0.030293846502900124
13321,0.03029066137969494
13322,0.030286140739917755
13323,0.030280450358986855
13324,0.030331503599882126
13325,0.030296383425593376
13326,0.030315624549984932
13327,0.030331574380397797
13328,0.030344393104314804
13329,0.03035426326096058
13330,0.030361372977495193
13331,0.03036593273282051
13332,0.030368156731128693
13333,0.030368255451321602
13334,0.03036644123494625
13335,0.03036460652947426
13336,0.030361449345946312
13337,0.03035692498087883
13338,0.030351225286722183
13339,0.030359528958797455
13340,0.03034195490181446
13341,0.030338110402226448
13342,0.030334902927279472
13343,0.0303313247859478
13344,0.03032640740275383
13345,0.03032030165195465
13346,0.030313171446323395
13347,0.03034612350165844
13348,0.030304905027151108
13349,0.030303729698061943
13350,0.03030264750123024
13351,0.03030066378414631
13352,0.030299289152026176
13353,0.030303269624710083
13354,0.03030073456466198
13355,0.0303029865026474
13356,0.030302727594971657
13357,0.030303524807095528
13358,0.030303005129098892
13359,0.030300883576273918
13360,0.03030439466238022
13361,0.030309323221445084
13362,0.030295656993985176
13363,0.03029634803533554
13364,0.030295561999082565
13365,0.03029322810471058
13366,0.030289502814412117
13367,0.030284548178315163
13368,0.030290087684988976
13369,0.030281033366918564
13370,0.030276156961917877
13371,0.03027384914457798
13372,0.030280407518148422
13373,0.03027201071381569
13374,0.03027206100523472
13375,0.030270550400018692
13376,0.0302787646651268
13377,0.030273521319031715
13378,0.030277296900749207
13379,0.03027912974357605
13380,0.030279194936156273
13381,0.03028300777077675
13382,0.03028126433491707
13383,0.03028297796845436
13384,0.03028346598148346
13385,0.03028297983109951
13386,0.030281154438853264
13387,0.03028322011232376
13388,0.030282484367489815
13389,0.03028278425335884
13390,0.030275382101535797
13391,0.030280135571956635
13392,0.03028389811515808
13393,0.03028561733663082
13394,0.030285485088825226
13395,0.030297093093395233
13396,0.03030344657599926
13397,0.03030630387365818
13398,0.030315421521663666
13399,0.030321922153234482
13400,0.03032599948346615
13401,0.030327854678034782
13402,0.030334601178765297
13403,0.030333474278450012
13404,0.030336832627654076
13405,0.030337996780872345
13406,0.030337192118167877
13407,0.030334627255797386
13408,0.03033049777150154
13409,0.030324993655085564
13410,0.0303584523499012
13411,0.03032662533223629
13412,0.03033238649368286
13413,0.03033577650785446
13414,0.030337020754814148
13415,0.030336324125528336
13416,0.03033389337360859
13417,0.03032991662621498
13418,0.03033391572535038
13419,0.03032417595386505
13420,0.030321886762976646
13421,0.03031841665506363
13422,0.030313758179545403
13423,0.030308110639452934
13424,0.030301624909043312
13425,0.030339429154992104
13426,0.030309543013572693
13427,0.030321994796395302
13428,0.030331596732139587
13429,0.030338548123836517
13430,0.030343055725097656
13431,0.03034532442688942
13432,0.030345551669597626
13433,0.030343951657414436
13434,0.030346792191267014
13435,0.03034568950533867
13436,0.030340231955051422
13437,0.03033314272761345
13438,0.030329398810863495
13439,0.030324317514896393
13440,0.03031805530190468
13441,0.03031870163977146
13442,0.030308354645967484
13443,0.030304523184895515
13444,0.030304964631795883
13445,0.03030037321150303
13446,0.030297718942165375
13447,0.030297767370939255
13448,0.030296409502625465
13449,0.030293546617031097
13450,0.03028964251279831
13451,0.030286844819784164
13452,0.030285250395536423
13453,0.030291983857750893
13454,0.030282070860266685
13455,0.030280156061053276
13456,0.030278269201517105
13457,0.030277902260422707
13458,0.03027726709842682
13459,0.030290057882666588
13460,0.030280591920018196
13461,0.030284056439995766
13462,0.030288124457001686
13463,0.030290141701698303
13464,0.030290301889181137
13465,0.03028877265751362
13466,0.03028625249862671
13467,0.030283216387033463
13468,0.030278993770480156
13469,0.030283328145742416
13470,0.030271047726273537
13471,0.030267581343650818
13472,0.0302699264138937
13473,0.03026527725160122
13474,0.030265184119343758
13475,0.0302664116024971
13476,0.03026915341615677
13477,0.030266065150499344
13478,0.03026454523205757
13479,0.030266322195529938
13480,0.030268842354416847
13481,0.030273182317614555
13482,0.03027545101940632
13483,0.030275819823145866
13484,0.03027588315308094
13485,0.030277526006102562
13486,0.03028058260679245
13487,0.030283736065030098
13488,0.030284889042377472
13489,0.030284207314252853
13490,0.03028186410665512
13491,0.0302780419588089
13492,0.03030802309513092
13493,0.030283832922577858
13494,0.03028988651931286
13495,0.030293146148324013
13496,0.030299630016088486
13497,0.030303718522191048
13498,0.03030562959611416
13499,0.03030557557940483
13500,0.03030376136302948
13501,0.030300384387373924
13502,0.030295616015791893
13503,0.030290512368083
13504,0.030285077169537544
13505,0.030285296961665154
13506,0.03027435578405857
13507,0.030279045924544334
13508,0.03027172200381756
13509,0.03027520701289177
13510,0.03027678281068802
13511,0.03027653880417347
13512,0.030274659395217896
13513,0.03030197136104107
13514,0.030288703739643097
13515,0.03030293993651867
13516,0.03031420335173607
13517,0.03032268024981022
13518,0.030328571796417236
13519,0.03033207729458809
13520,0.03033340722322464
13521,0.03033275529742241
13522,0.03033033385872841
13523,0.030326317995786667
13524,0.030320903286337852
13525,0.03031427599489689
13526,0.03031489998102188
13527,0.030308309942483902
13528,0.03030037321150303
13529,0.030295152217149734
13530,0.03029809147119522
13531,0.030295228585600853
13532,0.030289357528090477
13533,0.03028848208487034
13534,0.030295345932245255
13535,0.03029130958020687
13536,0.030292822048068047
13537,0.030292490497231483
13538,0.03029049187898636
13539,0.030286991968750954
13540,0.030285270884633064
13541,0.030283086001873016
13542,0.030276261270046234
13543,0.030286651104688644
13544,0.030271712690591812
13545,0.030270934104919434
13546,0.030268650501966476
13547,0.030273880809545517
13548,0.03026842698454857
13549,0.03026929311454296
13550,0.03026842325925827
13551,0.030282549560070038
13552,0.030273200944066048
13553,0.030274739488959312
13554,0.030278712511062622
13555,0.030280625447630882
13556,0.030280670151114464
13557,0.030279021710157394
13558,0.030275855213403702
13559,0.030271340161561966
13560,0.03026697039604187
13561,0.030264919623732567
13562,0.030265942215919495
13563,0.03026941791176796
13564,0.030268162488937378
13565,0.030270496383309364
13566,0.03027093969285488
13567,0.03026965819299221
13568,0.03027798980474472
13569,0.030269483104348183
13570,0.03027018904685974
13571,0.030272215604782104
13572,0.030270328745245934
13573,0.03026997670531273
13574,0.03027362748980522
13575,0.030275436118245125
13576,0.030281823128461838
13577,0.030279425904154778
13578,0.030281387269496918
13579,0.03029070422053337
13580,0.03028414212167263
13581,0.030285155400633812
13582,0.030285533517599106
13583,0.03028576821088791
13584,0.030284380540251732
13585,0.030282234773039818
13586,0.030286207795143127
13587,0.030282607302069664
13588,0.030283382162451744
13589,0.030283380299806595
13590,0.03028164617717266
13591,0.030281852930784225
13592,0.03027934581041336
13593,0.030276987701654434
13594,0.03033120557665825
13595,0.030298752710223198
13596,0.030319735407829285
13597,0.030337059870362282
13598,0.030350925400853157
13599,0.03036155179142952
13600,0.030369171872735023
13601,0.03037402406334877
13602,0.030376356095075607
13603,0.030376408249139786
13604,0.030374417081475258
13605,0.030370600521564484
13606,0.03036518394947052
13607,0.030359650030732155
13608,0.030354350805282593
13609,0.030348332598805428
13610,0.03034045733511448
13611,0.030330942943692207
13612,0.030320079997181892
13613,0.030319688841700554
13614,0.030305419117212296
13615,0.030300023034214973
13616,0.030295109376311302
13617,0.030298184603452682
13618,0.030295219272375107
13619,0.030283408239483833
13620,0.030291086062788963
13621,0.030286258086562157
13622,0.030300140380859375
13623,0.030303018167614937
13624,0.030314313247799873
13625,0.030322806909680367
13626,0.03032875806093216
13627,0.030332401394844055
13628,0.030364617705345154
13629,0.030339613556861877
13630,0.03034297749400139
13631,0.030344283208251
13632,0.030343735590577126
13633,0.03034152090549469
13634,0.030337829142808914
13635,0.03033282421529293
13636,0.03032667003571987
13637,0.030321717262268066
13638,0.03031488135457039
13639,0.030309120193123817
13640,0.030318915843963623
13641,0.030305031687021255
13642,0.030305851250886917
13643,0.030304981395602226
13644,0.030302591621875763
13645,0.03029884770512581
13646,0.03029756061732769
13647,0.0302900280803442
13648,0.030285490676760674
13649,0.030281037092208862
13650,0.030306272208690643
13651,0.030286459252238274
13652,0.030296340584754944
13653,0.030304385349154472
13654,0.03031006269156933
13655,0.030313553288578987
13656,0.030315028503537178
13657,0.030314667150378227
13658,0.030312642455101013
13659,0.03030911646783352
13660,0.030304256826639175
13661,0.030298275873064995
13662,0.030292626470327377
13663,0.030286021530628204
13664,0.030316026881337166
13665,0.030281515792012215
13666,0.030283981934189796
13667,0.030285051092505455
13668,0.03028625063598156
13669,0.030285445973277092
13670,0.030284736305475235
13671,0.03028246760368347
13672,0.030284473672509193
13673,0.030285608023405075
13674,0.030286578461527824
13675,0.030286602675914764
13676,0.03028935007750988
13677,0.03028535470366478
13678,0.030284035950899124
13679,0.030281325802206993
13680,0.030280375853180885
13681,0.030290791764855385
13682,0.030285444110631943
13683,0.030284123495221138
13684,0.030286701396107674
13685,0.030291827395558357
13686,0.03029480017721653
13687,0.03029569424688816
13688,0.03029473125934601
13689,0.030292097479104996
13690,0.030293919146060944
13691,0.030291017144918442
13692,0.030281225219368935
13693,0.03027762658894062
13694,0.03027857095003128
13695,0.030272258445620537
13696,0.030269892886281013
13697,0.030270010232925415
13698,0.030267415568232536
13699,0.030266230925917625
13700,0.030263707041740417
13701,0.030277181416749954
13702,0.030262231826782227
13703,0.030262690037488937
13704,0.030262136831879616
13705,0.030261727049946785
13706,0.030260326340794563
13707,0.03025742806494236
13708,0.03029453568160534
13709,0.03026062436401844
13710,0.030265742912888527
13711,0.0302687156945467
13712,0.030269725248217583
13713,0.0302689541131258
13714,0.030266577377915382
13715,0.03026275709271431
13716,0.03032117523252964
13717,0.03027619980275631
13718,0.030291633680462837
13719,0.030304839834570885
13720,0.030337311327457428
13721,0.03033279813826084
13722,0.030346110463142395
13723,0.030356278643012047
13724,0.030363548547029495
13725,0.030368158593773842
13726,0.030370356515049934
13727,0.030370377004146576
13728,0.030368449166417122
13729,0.030364787206053734
13730,0.030360344797372818
13731,0.030355604365468025
13732,0.030357470735907555
13733,0.03034699335694313
13734,0.030344350263476372
13735,0.03034077025949955
13736,0.03033680096268654
13737,0.030331509187817574
13738,0.030325058847665787
13739,0.030373679473996162
13740,0.030339304357767105
13741,0.03035743348300457
13742,0.030372193083167076
13743,0.03038378804922104
13744,0.030392449349164963
13745,0.030398402363061905
13746,0.03040188178420067
13747,0.030403118580579758
13748,0.030402323231101036
13749,0.03039971925318241
13750,0.030396394431591034
13751,0.030392607674002647
13752,0.0304120983928442
13753,0.030388038605451584
13754,0.03038676269352436
13755,0.030384032055735588
13756,0.030379904434084892
13757,0.03037460707128048
13758,0.030368531122803688
13759,0.03036193549633026
13760,0.03036602959036827
13761,0.03035390004515648
13762,0.03034634329378605
13763,0.030342040583491325
13764,0.030360322445631027
13765,0.030335571616888046
13766,0.03033559024333954
13767,0.030334001407027245
13768,0.03032943420112133
13769,0.03032633662223816
13770,0.030321916565299034
13771,0.030316315591335297
13772,0.030311407521367073
13773,0.03030475601553917
13774,0.030298927798867226
13775,0.030295630916953087
13776,0.030291931703686714
13777,0.030298318713903427
13778,0.030294036492705345
13779,0.030296647921204567
13780,0.03029743582010269
13781,0.030296562239527702
13782,0.030294200405478477
13783,0.030290501192212105
13784,0.03028559871017933
13785,0.030327653512358665
13786,0.030293408781290054
13787,0.030304450541734695
13788,0.030312927439808846
13789,0.03031899593770504
13790,0.03032294288277626
13791,0.03032604232430458
13792,0.03032686561346054
13793,0.030325986444950104
13794,0.03032422438263893
13795,0.03032091073691845
13796,0.03031620755791664
13797,0.030311282724142075
13798,0.030304910615086555
13799,0.030306007713079453
13800,0.030298393219709396
13801,0.03029106743633747
13802,0.030287517234683037
13803,0.030286597087979317
13804,0.030283568426966667
13805,0.03028271719813347
13806,0.030280323699116707
13807,0.030280906707048416
13808,0.030278129503130913
13809,0.03027840331196785
13810,0.03027823567390442
13811,0.030276454985141754
13812,0.03027321957051754
13813,0.030285531654953957
13814,0.030293462797999382
13815,0.030273232609033585
13816,0.030275534838438034
13817,0.030275976285338402
13818,0.030274733901023865
13819,0.030271975323557854
13820,0.030267853289842606
13821,0.030262518674135208
13822,0.030309991911053658
13823,0.030267031863331795
13824,0.030275344848632812
13825,0.03028123266994953
13826,0.030284881591796875
13827,0.03028648905456066
13828,0.030286237597465515
13829,0.03028430975973606
13830,0.03028086945414543
13831,0.03027719259262085
13832,0.03028695657849312
13833,0.030272839590907097
13834,0.030270827934145927
13835,0.03026900812983513
13836,0.0302658099681139
13837,0.030265096575021744
13838,0.030265606939792633
13839,0.030262727290391922
13840,0.030264146625995636
13841,0.0302637480199337
13842,0.030261702835559845
13843,0.03025820106267929
13844,0.030253397300839424
13845,0.030262287706136703
13846,0.030254749581217766
13847,0.030259711667895317
13848,0.030262533575296402
13849,0.030263405293226242
13850,0.030262507498264313
13851,0.030260028317570686
13852,0.03025718405842781
13853,0.030254000797867775
13854,0.030250439420342445
13855,0.030245594680309296
13856,0.030248887836933136
13857,0.030242273584008217
13858,0.030245181173086166
13859,0.030249638482928276
13860,0.030252009630203247
13861,0.03026863932609558
13862,0.03026501089334488
13863,0.0302746444940567
13864,0.030281635001301765
13865,0.03028622455894947
13866,0.030288631096482277
13867,0.030289078131318092
13868,0.03028777241706848
13869,0.030284903943538666
13870,0.03028065338730812
13871,0.030275193974375725
13872,0.030275532975792885
13873,0.030271701514720917
13874,0.030290596187114716
13875,0.0302713755518198
13876,0.030276045203208923
13877,0.03027976118028164
13878,0.030281445011496544
13879,0.03028128296136856
13880,0.030279453843832016
13881,0.03027612343430519
13882,0.030285535380244255
13883,0.030271004885435104
13884,0.030268942937254906
13885,0.03026542253792286
13886,0.030260898172855377
13887,0.03027758002281189
13888,0.030261192470788956
13889,0.030265139415860176
13890,0.03026704117655754
13891,0.03026708960533142
13892,0.030265457928180695
13893,0.03026232123374939
13894,0.03025783970952034
13895,0.03025328367948532
13896,0.03028578869998455
13897,0.030249619856476784
13898,0.03025035932660103
13899,0.030250119045376778
13900,0.03024827130138874
13901,0.030244963243603706
13902,0.030263135209679604
13903,0.030243823304772377
13904,0.030245311558246613
13905,0.030248232185840607
13906,0.030251359567046165
13907,0.030253980308771133
13908,0.030257487669587135
13909,0.03025982715189457
13910,0.030260756611824036
13911,0.030259832739830017
13912,0.030262673273682594
13913,0.030261842533946037
13914,0.030255237594246864
13915,0.03025563806295395
13916,0.030254393815994263
13917,0.030251549556851387
13918,0.030299242585897446
13919,0.030266471207141876
13920,0.03028230369091034
13921,0.03029494173824787
13922,0.03030458465218544
13923,0.030311444774270058
13924,0.030315740033984184
13925,0.030317695811390877
13926,0.030317530035972595
13927,0.030317550525069237
13928,0.030316302552819252
13929,0.03031262755393982
13930,0.030309975147247314
13931,0.0303020216524601
13932,0.030298244208097458
13933,0.030293017625808716
13934,0.030287297442555428
13935,0.030283248052001
13936,0.030279673635959625
13937,0.030275510624051094
13938,0.030282262712717056
13939,0.030280258506536484
13940,0.030275428667664528
13941,0.030278434976935387
13942,0.03027941659092903
13943,0.030278580263257027
13944,0.030276117846369743
13945,0.030272217467427254
13946,0.030267048627138138
13947,0.030270136892795563
13948,0.030257485806941986
13949,0.03025391325354576
13950,0.030268531292676926
13951,0.03025643527507782
13952,0.030260669067502022
13953,0.030262859538197517
13954,0.030263185501098633
13955,0.03026183322072029
13956,0.030267152935266495
13957,0.030260328203439713
13958,0.030259903520345688
13959,0.030257873237133026
13960,0.030259978026151657
13961,0.030255204066634178
13962,0.03025868721306324
13963,0.030257461592555046
13964,0.030258754268288612
13965,0.030259130522608757
13966,0.03025837242603302
13967,0.030258502811193466
13968,0.030258437618613243
13969,0.0302585419267416
13970,0.030256949365139008
13971,0.030253825709223747
13972,0.030249344184994698
13973,0.03026086464524269
13974,0.030255477875471115
13975,0.03026454709470272
13976,0.030271071940660477
13977,0.030275242403149605
13978,0.03027726337313652
13979,0.030277328565716743
13980,0.03027563914656639
13981,0.030272366479039192
13982,0.030267689377069473
13983,0.030263200402259827
13984,0.030260033905506134
13985,0.03025427833199501
13986,0.03024856559932232
13987,0.0302429161965847
13988,0.030254315584897995
13989,0.030235690996050835
13990,0.030242852866649628
13991,0.030232669785618782
13992,0.030230462551116943
13993,0.03023987077176571
13994,0.03023865818977356
13995,0.030252162367105484
13996,0.03026183694601059
13997,0.030272867530584335
13998,0.030281102284789085
13999,0.030286770313978195
14000,0.03029008023440838
14001,0.03029126115143299
14002,0.030290517956018448
14003,0.03028804622590542
14004,0.030327849090099335
14005,0.030295997858047485
14006,0.03030511550605297
14007,0.030311591923236847
14008,0.030315633863210678
14009,0.030317440629005432
14010,0.030317218974232674
14011,0.030315181240439415
14012,0.03031270205974579
14013,0.03033655695617199
14014,0.030313273891806602
14015,0.0303147304803133
14016,0.03031439334154129
14017,0.030313627794384956
14018,0.03031119517982006
14019,0.030307240784168243
14020,0.030301956459879875
14021,0.030295496806502342
14022,0.030288027599453926
14023,0.030280277132987976
14024,0.030315790325403214
14025,0.03027680329978466
14026,0.030279796570539474
14027,0.030281318351626396
14028,0.030281025916337967
14029,0.03027910366654396
14030,0.030275726690888405
14031,0.030271409079432487
14032,0.03026656247675419
14033,0.030268056318163872
14034,0.030266154557466507
14035,0.030258391052484512
14036,0.03026779368519783
14037,0.030260862782597542
14038,0.030261866748332977
14039,0.03026222623884678
14040,0.03028552420437336
14041,0.030265243723988533
14042,0.030267542228102684
14043,0.030292736366391182
14044,0.030279582366347313
14045,0.030288400128483772
14046,0.030294662341475487
14047,0.030298596248030663
14048,0.03030041605234146
14049,0.030300326645374298
14050,0.03029852919280529
14051,0.030295204371213913
14052,0.030356286093592644
14053,0.030310889706015587
14054,0.03032781556248665
14055,0.030341483652591705
14056,0.030352095142006874
14057,0.03035985678434372
14058,0.0303649939596653
14059,0.030367722734808922
14060,0.0303682629019022
14061,0.03036683425307274
14062,0.030363639816641808
14063,0.030358878895640373
14064,0.030352739617228508
14065,0.030347971245646477
14066,0.030343692749738693
14067,0.030337391421198845
14068,0.03032940998673439
14069,0.030320046469569206
14070,0.03030932880938053
14071,0.03029737062752247
14072,0.030288299545645714
14073,0.030278807505965233
14074,0.030286449939012527
14075,0.030266372486948967
14076,0.030268847942352295
14077,0.030267750844359398
14078,0.0302650835365057
14079,0.03026597574353218
14080,0.030265167355537415
14081,0.030262820422649384
14082,0.03025909513235092
14083,0.030256684869527817
14084,0.030251510441303253
14085,0.030250245705246925
14086,0.030247721821069717
14087,0.030246276408433914
14088,0.0302436426281929
14089,0.03026335872709751
14090,0.03024531528353691
14091,0.030247686430811882
14092,0.030263088643550873
14093,0.030253536999225616
14094,0.03025723434984684
14095,0.03025955893099308
14096,0.03026001527905464
14097,0.0302644781768322
14098,0.030261721462011337
14099,0.03026272915303707
14100,0.030261963605880737
14101,0.03025958687067032
14102,0.030255774036049843
14103,0.030273905023932457
14104,0.03025887720286846
14105,0.030264640226960182
14106,0.030268151313066483
14107,0.030269606038928032
14108,0.030269771814346313
14109,0.03026886098086834
14110,0.03026643395423889
14111,0.03026270493865013
14112,0.030257733538746834
14113,0.03025173768401146
14114,0.03025244176387787
14115,0.03024112805724144
14116,0.030240079388022423
14117,0.030234362930059433
14118,0.03023381344974041
14119,0.030242865905165672
14120,0.030244797468185425
14121,0.0302558746188879
14122,0.0302642323076725
14123,0.03027007356286049
14124,0.030273597687482834
14125,0.030275005847215652
14126,0.030274495482444763
14127,0.030276969075202942
14128,0.030271468684077263
14129,0.030268993228673935
14130,0.030265018343925476
14131,0.030262457206845284
14132,0.030255889520049095
14133,0.030250759795308113
14134,0.030244480818510056
14135,0.03027420863509178
14136,0.030243167653679848
14137,0.030246924608945847
14138,0.03027561493217945
14139,0.0302545465528965
14140,0.03026396408677101
14141,0.030263332650065422
14142,0.030266255140304565
14143,0.030267151072621346
14144,0.03026621975004673
14145,0.030266527086496353
14146,0.030268775299191475
14147,0.03027167171239853
14148,0.030272550880908966
14149,0.030272778123617172
14150,0.030271681025624275
14151,0.030269114300608635
14152,0.03026532754302025
14153,0.03026042878627777
14154,0.03026077337563038
14155,0.030256688594818115
14156,0.03025718592107296
14157,0.03025740385055542
14158,0.030256247147917747
14159,0.030253563076257706
14160,0.030267683789134026
14161,0.030249645933508873
14162,0.030248122289776802
14163,0.030245129019021988
14164,0.0302549097687006
14165,0.030249638482928276
14166,0.03025602363049984
14167,0.030260151252150536
14168,0.030264561995863914
14169,0.0302654430270195
14170,0.030266663059592247
14171,0.030266044661402702
14172,0.030263783410191536
14173,0.030260656028985977
14174,0.030256962403655052
14175,0.030252911150455475
14176,0.030248338356614113
14177,0.03024308569729328
14178,0.030238520354032516
14179,0.030238786712288857
14180,0.030237160623073578
14181,0.030248258262872696
14182,0.030239883810281754
14183,0.03024161420762539
14184,0.030244361609220505
14185,0.030245810747146606
14186,0.030245410278439522
14187,0.03024333529174328
14188,0.030239757150411606
14189,0.030234839767217636
14190,0.030331768095493317
14191,0.030257252976298332
14192,0.030281851068139076
14193,0.03030265122652054
14194,0.030319811776280403
14195,0.030333515256643295
14196,0.03034398704767227
14197,0.03035144880414009
14198,0.0303561482578516
14199,0.03035832569003105
14200,0.030358221381902695
14201,0.03035607375204563
14202,0.030352111905813217
14203,0.030346550047397614
14204,0.030339594930410385
14205,0.030331436544656754
14206,0.030322246253490448
14207,0.03031691163778305
14208,0.030310746282339096
14209,0.030308742076158524
14210,0.0303026232868433
14211,0.030286047607660294
14212,0.030324120074510574
14213,0.030285004526376724
14214,0.030293647199869156
14215,0.03029976785182953
14216,0.030303558334708214
14217,0.03031531535089016
14218,0.030310966074466705
14219,0.030312854796648026
14220,0.030315065756440163
14221,0.0303152184933424
14222,0.030313516035676003
14223,0.03031015768647194
14224,0.03033052198588848
14225,0.030312705785036087
14226,0.030317554250359535
14227,0.03032013401389122
14228,0.03032068721950054
14229,0.03031943552196026
14230,0.030316587537527084
14231,0.030312340706586838
14232,0.030343888327479362
14233,0.030306145548820496
14234,0.030303841456770897
14235,0.03030012547969818
14236,0.03029516711831093
14237,0.03029259666800499
14238,0.03029588609933853
14239,0.030300427228212357
14240,0.030302921310067177
14241,0.030303558334708214
14242,0.0303025022149086
14243,0.030299929901957512
14244,0.03029686212539673
14245,0.03030056320130825
14246,0.030296625569462776
14247,0.03028792142868042
14248,0.030284540727734566
14249,0.030280286446213722
14250,0.03027552179992199
14251,0.030319349840283394
14252,0.0302888136357069
14253,0.030305858701467514
14254,0.03031983971595764
14255,0.030330924317240715
14256,0.03033929504454136
14257,0.030345145612955093
14258,0.030348673462867737
14259,0.030350077897310257
14260,0.030349548906087875
14261,0.030347280204296112
14262,0.03034345433115959
14263,0.030338900163769722
14264,0.030338255688548088
14265,0.030338125303387642
14266,0.030332939699292183
14267,0.030324826017022133
14268,0.030317114666104317
14269,0.03031192719936371
14270,0.03030671738088131
14271,0.03031451627612114
14272,0.030298609286546707
14273,0.030295372009277344
14274,0.030290858820080757
14275,0.030285220593214035
14276,0.030278587713837624
14277,0.030271081253886223
14278,0.030263230204582214
14279,0.030258754268288612
14280,0.030263550579547882
14281,0.03024938702583313
14282,0.03024349920451641
14283,0.030255472287535667
14284,0.03024487942457199
14285,0.030247105285525322
14286,0.03024761565029621
14287,0.03024657443165779
14288,0.03024458698928356
14289,0.030244898051023483
14290,0.03028166852891445
14291,0.030248362571001053
14292,0.03025076538324356
14293,0.030251430347561836
14294,0.030250515788793564
14295,0.03024815022945404
14296,0.030264947563409805
14297,0.030250752344727516
14298,0.03025488369166851
14299,0.030257053673267365
14300,0.030257418751716614
14301,0.030256148427724838
14302,0.030253399163484573
14303,0.030249321833252907
14304,0.03024405427277088
14305,0.030238954350352287
14306,0.03024050034582615
14307,0.030230380594730377
14308,0.030225014314055443
14309,0.030269360169768333
14310,0.030237026512622833
14311,0.03025255911052227
14312,0.030265141278505325
14313,0.030274944379925728
14314,0.0302821546792984
14315,0.030286960303783417
14316,0.03028956428170204
14317,0.03029015101492405
14318,0.03028891794383526
14319,0.030286042019724846
14320,0.03028441034257412
14321,0.030278952792286873
14322,0.03029777482151985
14323,0.030282853171229362
14324,0.030293602496385574
14325,0.03029737062752247
14326,0.03030243143439293
14327,0.030305204913020134
14328,0.030305907130241394
14329,0.03030472993850708
14330,0.030318019911646843
14331,0.03030361980199814
14332,0.030312031507492065
14333,0.030305488035082817
14334,0.03030557557940483
14335,0.03030386194586754
14336,0.03030054084956646
14337,0.030295979231595993
14338,0.030333926901221275
14339,0.030299481004476547
14340,0.030306151136755943
14341,0.030310440808534622
14342,0.030312584713101387
14343,0.03031281754374504
14344,0.030311351642012596
14345,0.030308382585644722
14346,0.030304452404379845
14347,0.030300145968794823
14348,0.030294811353087425
14349,0.030288636684417725
14350,0.03028170019388199
14351,0.030274080112576485
14352,0.030265793204307556
14353,0.03026263788342476
14354,0.030259499326348305
14355,0.03025761805474758
14356,0.030259639024734497
14357,0.030260158702731133
14358,0.03026813082396984
14359,0.03026985563337803
14360,0.030278123915195465
14361,0.030284088104963303
14362,0.030287913978099823
14363,0.030289776623249054
14364,0.03028983250260353
14365,0.03028825670480728
14366,0.03028520569205284
14367,0.030280830338597298
14368,0.03027527965605259
14369,0.03026868961751461
14370,0.030262192711234093
14371,0.03025633841753006
14372,0.030249089002609253
14373,0.03024250455200672
14374,0.030235053971409798
14375,0.030306145548820496
14376,0.030253635719418526
14377,0.03027690015733242
14378,0.030296726152300835
14379,0.030313240364193916
14380,0.0303266029804945
14381,0.030336987227201462
14382,0.030344590544700623
14383,0.030349621549248695
14384,0.0303534846752882
14385,0.030355608090758324
14386,0.030355872586369514
14387,0.030354367569088936
14388,0.030351297929883003
14389,0.030346984043717384
14390,0.030341386795043945
14391,0.030334820970892906
14392,0.030327096581459045
14393,0.0303278099745512
14394,0.03031938150525093
14395,0.03030705265700817
14396,0.030302049592137337
14397,0.030303223058581352
14398,0.030298538506031036
14399,0.03029928170144558
14400,0.030298292636871338
14401,0.030295738950371742
14402,0.030291786417365074
14403,0.030292825773358345
14404,0.030283216387033463
14405,0.030278554186224937
14406,0.030272753909230232
14407,0.03026594966650009
14408,0.03027578629553318
14409,0.030265910550951958
14410,0.03027123585343361
14411,0.030274467542767525
14412,0.03027581050992012
14413,0.030379753559827805
14414,0.030300157144665718
14415,0.030321365222334862
14416,0.030339205637574196
14417,0.03035384602844715
14418,0.030365467071533203
14419,0.03037426434457302
14420,0.030380455777049065
14421,0.03039080835878849
14422,0.030391734093427658
14423,0.030396655201911926
14424,0.030399231240153313
14425,0.030399668961763382
14426,0.030398180708289146
14427,0.03039497137069702
14428,0.030390232801437378
14429,0.030384140089154243
14430,0.03038199245929718
14431,0.030386777594685555
14432,0.030384963378310204
14433,0.030375946313142776
14434,0.030361097306013107
14435,0.030352119356393814
14436,0.030347848311066628
14437,0.03034236654639244
14438,0.03033583238720894
14439,0.030328376218676567
14440,0.030320141464471817
14441,0.03031121753156185
14442,0.03034435585141182
14443,0.03031071275472641
14444,0.030299535021185875
14445,0.03029828518629074
14446,0.030296500772237778
14447,0.03029339574277401
14448,0.030289093032479286
14449,0.030283736065030098
14450,0.03028552420437336
14451,0.030288806185126305
14452,0.03029768355190754
14453,0.030304236337542534
14454,0.03030863031744957
14455,0.030311040580272675
14456,0.03031163476407528
14457,0.030310578644275665
14458,0.030308032408356667
14459,0.03030543029308319
14460,0.03030618280172348
14461,0.030311597511172295
14462,0.03030301257967949
14463,0.030308300629258156
14464,0.030311493203043938
14465,0.03031279519200325
14466,0.030312398448586464
14467,0.030310487374663353
14468,0.0303072240203619
14469,0.030302774161100388
14470,0.03029727190732956
14471,0.03029085509479046
14472,0.030284060165286064
14473,0.03027760051190853
14474,0.030270492658019066
14475,0.030312882736325264
14476,0.030270997434854507
14477,0.030278049409389496
14478,0.030283896252512932
14479,0.0302877239882946
14480,0.030289702117443085
14481,0.030291689559817314
14482,0.030290918424725533
14483,0.03029024973511696
14484,0.03028811700642109
14485,0.030286794528365135
14486,0.03028222918510437
14487,0.03027850016951561
14488,0.030274249613285065
14489,0.0302695594727993
14490,0.030264003202319145
14491,0.030260033905506134
14492,0.030261510983109474
14493,0.030253130942583084
14494,0.030247867107391357
14495,0.030258305370807648
14496,0.030247408896684647
14497,0.030247638002038002
14498,0.030246350914239883
14499,0.030243683606386185
14500,0.030243422836065292
14501,0.030239775776863098
14502,0.03024156391620636
14503,0.030242489650845528
14504,0.030244790017604828
14505,0.030245335772633553
14506,0.030259009450674057
14507,0.030251728370785713
14508,0.030256913974881172
14509,0.030260013416409492
14510,0.030261188745498657
14511,0.03026062436401844
14512,0.030258476734161377
14513,0.030254904180765152
14514,0.03026529960334301
14515,0.030253073200583458
14516,0.030246851965785027
14517,0.03024461679160595
14518,0.030241001397371292
14519,0.03025314211845398
14520,0.030239928513765335
14521,0.03024173714220524
14522,0.030246179550886154
14523,0.03024645522236824
14524,0.03024943359196186
14525,0.03025105781853199
14526,0.030251212418079376
14527,0.03024948574602604
14528,0.030246557667851448
14529,0.030243156477808952
14530,0.03023860603570938
14531,0.030232949182391167
14532,0.03026212379336357
14533,0.030230538919568062
14534,0.03023279272019863
14535,0.03023325651884079
14536,0.03024076484143734
14537,0.030233947560191154
14538,0.03023383766412735
14539,0.030232418328523636
14540,0.030229829251766205
14541,0.03022618405520916
14542,0.03022587299346924
14543,0.030221490189433098
14544,0.030220234766602516
14545,0.030217541381716728
14546,0.030217299237847328
14547,0.03021359257400036
14548,0.030239276587963104
14549,0.03022114560008049
14550,0.030229132622480392
14551,0.03023475781083107
14552,0.03023822233080864
14553,0.030239708721637726
14554,0.0302394051104784
14555,0.030237488448619843
14556,0.03023413009941578
14557,0.03023126721382141
14558,0.030230265110731125
14559,0.030232315883040428
14560,0.030233627185225487
14561,0.030233178287744522
14562,0.03023133985698223
14563,0.03023001365363598
14564,0.030226843431591988
14565,0.030221840366721153
14566,0.030217792838811874
14567,0.03021370619535446
14568,0.03021514043211937
14569,0.03021543100476265
14570,0.0302140973508358
14571,0.030211299657821655
14572,0.03020830638706684
14573,0.03022640384733677
14574,0.030211102217435837
14575,0.030215054750442505
14576,0.030222607776522636
14577,0.03021976538002491
14578,0.030220644548535347
14579,0.03021986410021782
14580,0.030217597261071205
14581,0.03026159293949604
14582,0.030226504430174828
14583,0.03023631125688553
14584,0.030243610963225365
14585,0.030248597264289856
14586,0.03025156259536743
14587,0.030253548175096512
14588,0.030253825709223747
14589,0.030252577736973763
14590,0.030249986797571182
14591,0.030257804319262505
14592,0.03024453856050968
14593,0.030242426320910454
14594,0.030250875279307365
14595,0.030239177867770195
14596,0.030237121507525444
14597,0.03024248220026493
14598,0.0302379559725523
14599,0.03023865818977356
14600,0.030237659811973572
14601,0.030235115438699722
14602,0.030231187120079994
14603,0.03022604063153267
14604,0.030243854969739914
14605,0.030218718573451042
14606,0.030216151848435402
14607,0.030212579295039177
14608,0.03028479591012001
14609,0.030227741226553917
14610,0.030244596302509308
14611,0.030258335173130035
14612,0.030269145965576172
14613,0.030277231708168983
14614,0.030282802879810333
14615,0.030286075547337532
14616,0.030287258327007294
14617,0.03028748370707035
14618,0.030286436900496483
14619,0.030284002423286438
14620,0.030280213803052902
14621,0.030293205752968788
14622,0.030275510624051094
14623,0.0302741639316082
14624,0.03027144819498062
14625,0.03026849776506424
14626,0.030264340341091156
14627,0.03025892563164234
14628,0.03025239147245884
14629,0.03025435283780098
14630,0.030248897150158882
14631,0.030236991122364998
14632,0.030234497040510178
14633,0.030231792479753494
14634,0.03022775799036026
14635,0.030225927010178566
14636,0.030254019424319267
14637,0.03023381344974041
14638,0.030238956212997437
14639,0.03025689348578453
14640,0.030249938368797302
14641,0.030255498364567757
14642,0.030258888378739357
14643,0.030260315164923668
14644,0.03025997243821621
14645,0.03025841899216175
14646,0.030256498605012894
14647,0.030253345146775246
14648,0.030249055474996567
14649,0.03024372272193432
14650,0.030237529426813126
14651,0.03023059479892254
14652,0.030274633318185806
14653,0.030226826667785645
14654,0.030230583623051643
14655,0.030232679098844528
14656,0.03023301251232624
14657,0.030231749638915062
14658,0.030229054391384125
14659,0.03022506833076477
14660,0.03021993301808834
14661,0.03021378256380558
14662,0.030210677534341812
14663,0.030238961800932884
14664,0.030217982828617096
14665,0.030231526121497154
14666,0.0302423182874918
14667,0.030250538140535355
14668,0.030256347730755806
14669,0.030259929597377777
14670,0.03027067705988884
14671,0.03026559017598629
14672,0.030267588794231415
14673,0.030267653986811638
14674,0.030265985056757927
14675,0.03026275709271431
14676,0.0302679892629385
14677,0.030258644372224808
14678,0.03025425225496292
14679,0.030251510441303253
14680,0.03024737536907196
14681,0.03024298883974552
14682,0.03023826703429222
14683,0.030243566259741783
14684,0.03023206815123558
14685,0.030232761055231094
14686,0.030233727768063545
14687,0.030232978984713554
14688,0.03023068606853485
14689,0.030227020382881165
14690,0.030222129076719284
14691,0.030217984691262245
14692,0.03021482191979885
14693,0.030275385826826096
14694,0.030222013592720032
14695,0.030235564336180687
14696,0.030246341601014137
14697,0.030254514887928963
14698,0.030260266736149788
14699,0.03030695952475071
14700,0.030281897634267807
14701,0.0302965696901083
14702,0.0303080752491951
14703,0.030316680669784546
14704,0.030322642996907234
14705,0.03032621555030346
14706,0.030327634885907173
14707,0.03032713383436203
14708,0.030324924737215042
14709,0.03032120130956173
14710,0.03031615912914276
14711,0.030309956520795822
14712,0.03033650480210781
14713,0.030306925997138023
14714,0.030309058725833893
14715,0.03030942566692829
14716,0.030323080718517303
14717,0.030312202870845795
14718,0.03031325899064541
14719,0.030313098803162575
14720,0.030311278998851776
14721,0.03030797280371189
14722,0.030303845182061195
14723,0.030298862606287003
14724,0.030292857438325882
14725,0.030289003625512123
14726,0.030286971479654312
14727,0.030287152156233788
14728,0.030285699293017387
14729,0.03028278425335884
14730,0.03027856908738613
14731,0.030273189768195152
14732,0.03026747889816761
14733,0.030269693583250046
14734,0.030263857915997505
14735,0.030265141278505325
14736,0.03026527352631092
14737,0.03026382438838482
14738,0.03026094101369381
14739,0.030256997793912888
14740,0.030260182917118073
14741,0.0302493367344141
14742,0.030245544388890266
14743,0.030240599066019058
14744,0.03023977018892765
14745,0.030241714790463448
14746,0.03023511916399002
14747,0.030247749760746956
14748,0.03024071641266346
14749,0.030242977663874626
14750,0.030243465676903725
14751,0.030263802036643028
14752,0.030246339738368988
14753,0.03024841845035553
14754,0.030248744413256645
14755,0.030247479677200317
14756,0.030244765803217888
14757,0.030240746214985847
14758,0.030238665640354156
14759,0.03023282252252102
14760,0.030235908925533295
14761,0.030230429023504257
14762,0.030230887234210968
14763,0.030229728668928146
14764,0.030227109789848328
14765,0.030250662937760353
14766,0.03022826835513115
14767,0.030231287702918053
14768,0.03023350238800049
14769,0.030236007645726204
14770,0.030237648636102676
14771,0.03023790381848812
14772,0.03023684211075306
14773,0.03024323098361492
14774,0.03023824654519558
14775,0.030240673571825027
14776,0.03024127334356308
14777,0.030251463875174522
14778,0.03024294786155224
14779,0.03024381399154663
14780,0.030242985114455223
14781,0.03025113418698311
14782,0.030242040753364563
14783,0.03024050034582615
14784,0.030239418148994446
14785,0.03023684211075306
14786,0.03023291938006878
14787,0.0302280243486166
14788,0.03025626763701439
14789,0.030236585065722466
14790,0.03024832345545292
14791,0.03025737777352333
14792,0.030263938009738922
14793,0.030268194153904915
14794,0.030270332470536232
14795,0.030270546674728394
14796,0.030269017443060875
14797,0.0302659310400486
14798,0.030262332409620285
14799,0.030258148908615112
14800,0.030252816155552864
14801,0.030246581882238388
14802,0.03023943491280079
14803,0.030231596902012825
14804,0.030234284698963165
14805,0.030273117125034332
14806,0.030227500945329666
14807,0.03023439273238182
14808,0.03023904375731945
14809,0.030241627246141434
14810,0.030242327600717545
14811,0.030241314321756363
14812,0.03023875504732132
14813,0.03024175390601158
14814,0.030240729451179504
14815,0.030244426801800728
14816,0.030246123671531677
14817,0.030246034264564514
14818,0.03024434670805931
14819,0.030248260125517845
14820,0.03024037554860115
14821,0.030241597443819046
14822,0.030249038711190224
14823,0.030255617573857307
14824,0.03026464767754078
14825,0.03026527352631092
14826,0.030268443748354912
14827,0.03026965633034706
14828,0.030269093811511993
14829,0.03026694431900978
14830,0.030276162549853325
14831,0.030266771093010902
14832,0.03026771917939186
14833,0.03026711195707321
14834,0.030265044420957565
14835,0.030261971056461334
14836,0.030257824808359146
14837,0.03025246039032936
14838,0.030246367678046227
14839,0.030294397845864296
14840,0.03025371953845024
14841,0.030265511944890022
14842,0.03027457185089588
14843,0.030281104147434235
14844,0.0302853062748909
14845,0.030287371948361397
14846,0.030287504196166992
14847,0.030285891145467758
14848,0.03028271161019802
14849,0.030279044061899185
14850,0.030274709686636925
14851,0.030269375070929527
14852,0.030263124033808708
14853,0.030268970876932144
14854,0.030256111174821854
14855,0.030246257781982422
14856,0.030242780223488808
14857,0.03023841604590416
14858,0.03023291565477848
14859,0.03022642433643341
14860,0.030219070613384247
14861,0.030243374407291412
14862,0.030217304825782776
14863,0.030220670625567436
14864,0.03022386133670807
14865,0.030225196853280067
14866,0.030224841088056564
14867,0.030222956091165543
14868,0.03021969273686409
14869,0.030215207487344742
14870,0.030323540791869164
14871,0.03026428259909153
14872,0.030314384028315544
14873,0.030359650030732155
14874,0.030399944633245468
14875,0.030435238033533096
14876,0.030465606600046158
14877,0.03049120306968689
14878,0.030512241646647453
14879,0.030528975650668144
14880,0.030541691929101944
14881,0.030550697818398476
14882,0.03055630996823311
14883,0.03055884875357151
14884,0.030558627098798752
14885,0.030555954203009605
14886,0.03055112436413765
14887,0.03054441139101982
14888,0.030537063255906105
14889,0.030532261356711388
14890,0.030525583773851395
14891,0.030517233535647392
14892,0.030506549403071404
14893,0.03049478307366371
14894,0.03048188053071499
14895,0.030469175428152084
14896,0.030458664521574974
14897,0.030447540804743767
14898,0.030435848981142044
14899,0.03042370080947876
14900,0.03041120059788227
14901,0.030398445203900337
14902,0.030385512858629227
14903,0.03037247061729431
14904,0.030359363183379173
14905,0.030347349122166634
14906,0.030362699180841446
14907,0.030329588800668716
14908,0.030324749648571014
14909,0.030323520302772522
14910,0.03031870722770691
14911,0.03031592257320881
14912,0.030313389375805855
14913,0.030309757217764854
14914,0.030305147171020508
14915,0.030299674719572067
14916,0.030293449759483337
14917,0.030331283807754517
14918,0.030285045504570007
14919,0.030282406136393547
14920,0.030278747901320457
14921,0.03027416579425335
14922,0.03028740920126438
14923,0.030286816880106926
14924,0.030272703617811203
14925,0.030278662219643593
14926,0.030278280377388
14927,0.030280200764536858
14928,0.030280601233243942
14929,0.030279625207185745
14930,0.030277401208877563
14931,0.030274048447608948
14932,0.0302696842700243
14933,0.030268162488937378
14934,0.03026433289051056
14935,0.03028170019388199
14936,0.030274784192442894
14937,0.03028426691889763
14938,0.030291538685560226
14939,0.030296752229332924
14940,0.030300075188279152
14941,0.030301664024591446
14942,0.030301673337817192
14943,0.030302198603749275
14944,0.030304111540317535
14945,0.0303032249212265
14946,0.030300084501504898
14947,0.030295956879854202
14948,0.030293289572000504
14949,0.030290372669696808
14950,0.030286317691206932
14951,0.030296744778752327
14952,0.030280139297246933
14953,0.03027772530913353
14954,0.03027413599193096
14955,0.03027070313692093
14956,0.03026754967868328
14957,0.030261771753430367
14958,0.030265843495726585
14959,0.030261274427175522
14960,0.030262712389230728
14961,0.030262615531682968
14962,0.030261142179369926
14963,0.030258433893322945
14964,0.030254626646637917
14965,0.030249835923314095
14966,0.030246403068304062
14967,0.03024185635149479
14968,0.030235696583986282
14969,0.030228063464164734
14970,0.03022771328687668
14971,0.030217070132493973
14972,0.030213775113224983
14973,0.030227817595005035
14974,0.03021281585097313
14975,0.030215123668313026
14976,0.030217017978429794
14977,0.030218539759516716
14978,0.030218586325645447
14979,0.030217284336686134
14980,0.03021530993282795
14981,0.030216362327337265
14982,0.030216451734304428
14983,0.030215149745345116
14984,0.030212581157684326
14985,0.03021295927464962
14986,0.030206868425011635
14987,0.030220244079828262
14988,0.030215580016374588
14989,0.030225059017539024
14990,0.030232243239879608
14991,0.030237289145588875
14992,0.030240364372730255
14993,0.030241619795560837
14994,0.030241210013628006
14995,0.030239306390285492
14996,0.030248893424868584
14997,0.030238883569836617
14998,0.030237369239330292
14999,0.030236387625336647
15000,0.03023403137922287
15001,0.03023102879524231
15002,0.030238911509513855
15003,0.030226197093725204
15004,0.03022385947406292
15005,0.030222518369555473
15006,0.03021896816790104
15007,0.03021630458533764
15008,0.03021240234375
15009,0.030216572806239128
15010,0.030214766040444374
15011,0.03021991439163685
15012,0.030232666060328484
15013,0.030227482318878174
15014,0.0302299652248621
15015,0.030230693519115448
15016,0.030229853466153145
15017,0.030227595940232277
15018,0.03022521547973156
15019,0.0302218459546566
15020,0.030217541381716728
15021,0.03021227940917015
15022,0.0302266925573349
15023,0.03020741045475006
15024,0.030207069590687752
15025,0.03020615503191948
15026,0.030204471200704575
15027,0.03020300157368183
15028,0.03020334243774414
15029,0.030203547328710556
15030,0.030203990638256073
15031,0.03020564652979374
15032,0.030207229778170586
15033,0.030207199975848198
15034,0.030211662873625755
15035,0.030205942690372467
15036,0.030204685404896736
15037,0.0302025955170393
15038,0.030199650675058365
15039,0.03021184913814068
15040,0.030194291844964027
15041,0.030192630365490913
15042,0.0301947183907032
15043,0.03019547089934349
15044,0.030194666236639023
15045,0.03019436076283455
15046,0.030194468796253204
15047,0.03019479289650917
15048,0.030193602666258812
15049,0.03019104339182377
15050,0.030189983546733856
15051,0.030185697600245476
15052,0.030192866921424866
15053,0.030190709978342056
15054,0.030191408470273018
15055,0.030198220163583755
15056,0.030202945694327354
15057,0.030205726623535156
15058,0.030229689553380013
15059,0.030217483639717102
15060,0.030225669965147972
15061,0.03023146465420723
15062,0.030235065147280693
15063,0.03023667074739933
15064,0.03023647516965866
15065,0.03025234304368496
15066,0.03024596907198429
15067,0.03025454841554165
15068,0.030260620638728142
15069,0.030264394357800484
15070,0.03026607446372509
15071,0.030265869572758675
15072,0.03026396594941616
15073,0.03026055172085762
15074,0.030266212299466133
15075,0.030257662758231163
15076,0.030254120007157326
15077,0.03025164268910885
15078,0.03024790622293949
15079,0.030243299901485443
15080,0.030238037928938866
15081,0.030232364311814308
15082,0.030265700072050095
15083,0.03023459203541279
15084,0.03024197183549404
15085,0.030247116461396217
15086,0.030250171199440956
15087,0.03025132417678833
15088,0.030269447714090347
15089,0.030259592458605766
15090,0.030265964567661285
15091,0.03027002327144146
15092,0.03027196414768696
15093,0.03034539893269539
15094,0.030285704880952835
15095,0.030296336859464645
15096,0.030304159969091415
15097,0.03030943125486374
15098,0.03031240403652191
15099,0.030313316732645035
15100,0.030312513932585716
15101,0.030311306938529015
15102,0.030308684334158897
15103,0.03030487336218357
15104,0.030299972742795944
15105,0.030299438163638115
15106,0.030289694666862488
15107,0.030284326523542404
15108,0.03027891367673874
15109,0.03027280792593956
15110,0.030334047973155975
15111,0.03028024360537529
15112,0.030291806906461716
15113,0.03030071035027504
15114,0.030307158827781677
15115,0.030311347916722298
15116,0.030313484370708466
15117,0.030313758179545403
15118,0.03031235560774803
15119,0.03030945546925068
15120,0.03030521795153618
15121,0.030299805104732513
15122,0.030294597148895264
15123,0.030289050191640854
15124,0.03028268925845623
15125,0.030276359990239143
15126,0.03026845119893551
15127,0.030258983373641968
15128,0.03024984709918499
15129,0.030255774036049843
15130,0.030272267758846283
15131,0.030239833518862724
15132,0.03024444915354252
15133,0.030247170478105545
15134,0.030248161405324936
15135,0.030247578397393227
15136,0.030245564877986908
15137,0.030242275446653366
15138,0.030237842351198196
15139,0.030256688594818115
15140,0.0302446112036705
15141,0.030254263430833817
15142,0.030261516571044922
15143,0.03026655502617359
15144,0.030269555747509003
15145,0.03027069941163063
15146,0.03028496727347374
15147,0.03027482144534588
15148,0.030277445912361145
15149,0.030278228223323822
15150,0.03027733974158764
15151,0.03027496486902237
15152,0.030271269381046295
15153,0.03026639111340046
15154,0.030260486528277397
15155,0.03025367669761181
15156,0.030246086418628693
15157,0.03024204447865486
15158,0.03023812733590603
15159,0.030230917036533356
15160,0.030220823362469673
15161,0.030209286138415337
15162,0.030226677656173706
15163,0.030200134962797165
15164,0.0301984790712595
15165,0.030233297497034073
15166,0.030226094648241997
15167,0.030253006145358086
15168,0.030276378616690636
15169,0.03029630333185196
15170,0.030312923714518547
15171,0.030326394364237785
15172,0.030336912721395493
15173,0.03034467063844204
15174,0.03034988045692444
15175,0.030352752655744553
15176,0.030353497713804245
15177,0.030352327972650528
15178,0.030349433422088623
15179,0.03034501150250435
15180,0.03033924475312233
15181,0.03033229522407055
15182,0.03032432496547699
15183,0.03031891956925392
15184,0.030318183824419975
15185,0.030306201428174973
15186,0.030302496626973152
15187,0.030297541990876198
15188,0.03029174730181694
15189,0.030286090448498726
15190,0.030283931642770767
15191,0.030274417251348495
15192,0.030268356204032898
15193,0.03026157058775425
15194,0.03025459684431553
15195,0.030256954953074455
15196,0.030244816094636917
15197,0.03024124726653099
15198,0.03023664839565754
15199,0.030231142416596413
15200,0.03022485226392746
15201,0.030250495299696922
15202,0.030216632410883904
15203,0.030214201658964157
15204,0.030221741646528244
15205,0.030210111290216446
15206,0.030209265649318695
15207,0.030207909643650055
15208,0.030205344781279564
15209,0.03020169399678707
15210,0.030209576711058617
15211,0.030224204063415527
15212,0.030207771807909012
15213,0.03022778406739235
15214,0.030232377350330353
15215,0.03024655394256115
15216,0.03025798872113228
15217,0.03026687726378441
15218,0.030273420736193657
15219,0.030277805402874947
15220,0.0302802212536335
15221,0.030280854552984238
15222,0.030279874801635742
15223,0.030277453362941742
15224,0.030273785814642906
15225,0.03027055412530899
15226,0.030266283079981804
15227,0.03026110678911209
15228,0.030255073681473732
15229,0.030248524621129036
15230,0.030240768566727638
15231,0.030234118923544884
15232,0.030226826667785645
15233,0.030220383778214455
15234,0.030214160680770874
15235,0.03020784817636013
15236,0.03025955520570278
15237,0.0302285086363554
15238,0.03025197423994541
15239,0.0302721057087183
15240,0.03028903715312481
15241,0.03030293434858322
15242,0.030313968658447266
15243,0.030322331935167313
15244,0.03032822720706463
15245,0.03033185377717018
15246,0.03033340536057949
15247,0.030333077535033226
15248,0.030331062152981758
15249,0.030327538028359413
15250,0.030322665348649025
15251,0.03031661920249462
15252,0.030309539288282394
15253,0.030302472412586212
15254,0.030302055180072784
15255,0.030300574377179146
15256,0.03029588609933853
15257,0.030280200764536858
15258,0.030276255682110786
15259,0.030272342264652252
15260,0.030267318710684776
15261,0.030261309817433357
15262,0.03027893230319023
15263,0.030260570347309113
15264,0.030253799632191658
15265,0.030253726989030838
15266,0.030252188444137573
15267,0.030249329283833504
15268,0.03024529106914997
15269,0.03024020418524742
15270,0.030247541144490242
15271,0.030234359204769135
15272,0.03023308515548706
15273,0.030230529606342316
15274,0.030226832255721092
15275,0.03022301197052002
15276,0.030224667862057686
15277,0.030215108767151833
15278,0.030210891738533974
15279,0.030205823481082916
15280,0.030200501903891563
15281,0.030238937586545944
15282,0.030200662091374397
15283,0.030204780399799347
15284,0.030207164585590363
15285,0.03020797297358513
15286,0.03020733967423439
15287,0.03022291697561741
15288,0.030207287520170212
15289,0.030217548832297325
15290,0.030214644968509674
15291,0.03021877259016037
15292,0.03022109344601631
15293,0.030221769586205482
15294,0.03022095002233982
15295,0.03021930903196335
15296,0.030217021703720093
15297,0.03021358698606491
15298,0.03020925633609295
15299,0.03020399436354637
15300,0.03019803762435913
15301,0.030228447169065475
15302,0.03020494431257248
15303,0.03021690435707569
15304,0.0302263330668211
15305,0.030233420431613922
15306,0.030238354578614235
15307,0.03024131990969181
15308,0.030242497101426125
15309,0.030242055654525757
15310,0.03024015761911869
15311,0.03023695759475231
15312,0.030232597142457962
15313,0.030227210372686386
15314,0.030220920220017433
15315,0.030213844031095505
15316,0.03020607866346836
15317,0.030212003737688065
15318,0.030193423852324486
15319,0.03018987365067005
15320,0.03018747828900814
15321,0.030189329758286476
15322,0.03019661083817482
15323,0.030194969847798347
15324,0.030196985229849815
15325,0.030197372660040855
15326,0.03019626997411251
15327,0.03019382804632187
15328,0.03019063174724579
15329,0.030191466212272644
15330,0.030187107622623444
15331,0.030186085030436516
15332,0.030238047242164612
15333,0.030200373381376266
15334,0.03021366149187088
15335,0.03022419847548008
15336,0.03023221343755722
15337,0.030237922444939613
15338,0.03024514764547348
15339,0.03024635650217533
15340,0.030249156057834625
15341,0.03025013767182827
15342,0.03024948015809059
15343,0.03025234304368496
15344,0.03024769015610218
15345,0.030246471986174583
15346,0.03024386614561081
15347,0.03024003468453884
15348,0.030240364372730255
15349,0.030232133343815804
15350,0.030227994546294212
15351,0.03022390976548195
15352,0.03022405132651329
15353,0.030229993164539337
15354,0.030225923284888268
15355,0.030232414603233337
15356,0.030237754806876183
15357,0.03024110198020935
15358,0.030242634937167168
15359,0.030242521315813065
15360,0.030240921303629875
15361,0.030238056555390358
15362,0.03023487888276577
15363,0.03023068606853485
15364,0.030227594077587128
15365,0.030221430584788322
15366,0.030230781063437462
15367,0.030217818915843964
15368,0.03021698072552681
15369,0.030214782804250717
15370,0.03021136485040188
15371,0.0302391666918993
15372,0.030215492472052574
15373,0.030221957713365555
15374,0.030226388946175575
15375,0.030228927731513977
15376,0.03022972121834755
15377,0.03022891655564308
15378,0.030226660892367363
15379,0.030223095789551735
15380,0.030218351632356644
15381,0.030218131840229034
15382,0.03024710901081562
15383,0.030226605013012886
15384,0.030241409316658974
15385,0.030253330245614052
15386,0.030262546613812447
15387,0.030269240960478783
15388,0.03027377463877201
15389,0.03027687594294548
15390,0.030278099700808525
15391,0.03027772344648838
15392,0.030275914818048477
15393,0.030272452160716057
15394,0.030268646776676178
15395,0.030263634398579597
15396,0.03025745414197445
15397,0.030250729992985725
15398,0.03024623729288578
15399,0.030243325978517532
15400,0.030233845114707947
15401,0.030226605013012886
15402,0.030221108347177505
15403,0.03021465428173542
15404,0.030207375064492226
15405,0.030199378728866577
15406,0.030227242037653923
15407,0.030187858268618584
15408,0.030199050903320312
15409,0.030184319242835045
15410,0.03018335998058319
15411,0.030191397294402122
15412,0.030180655419826508
15413,0.03017885610461235
15414,0.030224081128835678
15415,0.030206676572561264
15416,0.030233783647418022
15417,0.03025725856423378
15418,0.03027724102139473
15419,0.030293883755803108
15420,0.030307380482554436
15421,0.030317936092615128
15422,0.0303257554769516
15423,0.03033105470240116
15424,0.030334053561091423
15425,0.030334962531924248
15426,0.0303339883685112
15427,0.030332665890455246
15428,0.03033054620027542
15429,0.030327152460813522
15430,0.030322955921292305
15431,0.03031829185783863
15432,0.030310707166790962
15433,0.03030380979180336
15434,0.030297446995973587
15435,0.0302907582372427
15436,0.030284129083156586
15437,0.030276848003268242
15438,0.030268767848610878
15439,0.030261198058724403
15440,0.030254608020186424
15441,0.03024693764746189
15442,0.030240437015891075
15443,0.03025810793042183
15444,0.030235981568694115
15445,0.030237074941396713
15446,0.030236609280109406
15447,0.03023473173379898
15448,0.030231598764657974
15449,0.03022734262049198
15450,0.03023354895412922
15451,0.030221255496144295
15452,0.030219081789255142
15453,0.030215725302696228
15454,0.030211316421628
15455,0.030205972492694855
15456,0.030199814587831497
15457,0.030193842947483063
15458,0.030192876234650612
15459,0.03018449991941452
15460,0.030184989795088768
15461,0.030189160257577896
15462,0.030186209827661514
15463,0.03019477240741253
15464,0.03020121157169342
15465,0.030205680057406425
15466,0.03020833618938923
15467,0.030209334567189217
15468,0.03020882047712803
15469,0.030206935480237007
15470,0.030203815549612045
15471,0.03022724576294422
15472,0.030202072113752365
15473,0.030202895402908325
15474,0.030207199975848198
15475,0.030203500762581825
15476,0.030203239992260933
15477,0.03020188957452774
15478,0.030199842527508736
15479,0.03019673004746437
15480,0.03019266575574875
15481,0.030187753960490227
15482,0.030327022075653076
15483,0.030232133343815804
15484,0.030278373509645462
15485,0.0303201861679554
15486,0.0303574837744236
15487,0.030390266329050064
15488,0.030418623238801956
15489,0.030442694202065468
15490,0.03046267293393612
15491,0.030478792265057564
15492,0.0304912980645895
15493,0.030500462278723717
15494,0.030506553128361702
15495,0.03050985373556614
15496,0.030510634183883667
15497,0.030509158968925476
15498,0.03050568327307701
15499,0.030500441789627075
15500,0.03049366921186447
15501,0.030485572293400764
15502,0.030476341024041176
15503,0.030468899756669998
15504,0.03046254813671112
15505,0.03045613504946232
15506,0.030446428805589676
15507,0.030433636158704758
15508,0.030419697985053062
15509,0.03040778823196888
15510,0.030397512018680573
15511,0.030387450009584427
15512,0.03037690743803978
15513,0.030365966260433197
15514,0.030396513640880585
15515,0.030349627137184143
15516,0.03034362383186817
15517,0.030336806550621986
15518,0.03032929077744484
15519,0.030321158468723297
15520,0.030312495306134224
15521,0.03030337207019329
15522,0.030294815078377724
15523,0.03029087744653225
15524,0.030285155400633812
15525,0.030282368883490562
15526,0.030278543010354042
15527,0.030273793265223503
15528,0.03026822954416275
15529,0.030262993648648262
15530,0.030257899314165115
15531,0.030264779925346375
15532,0.03028229810297489
15533,0.030255287885665894
15534,0.03026324324309826
15535,0.030270151793956757
15536,0.03027600795030594
15537,0.030304323881864548
15538,0.03029036521911621
15539,0.030297625809907913
15540,0.030302872881293297
15541,0.03030628152191639
15542,0.030308008193969727
15543,0.03030821494758129
15544,0.030307048931717873
15545,0.030304646119475365
15546,0.030301136896014214
15547,0.03029663860797882
15548,0.030291270464658737
15549,0.030295031145215034
15550,0.03028807044029236
15551,0.030289428308606148
15552,0.030289333313703537
15553,0.03028792142868042
15554,0.030285442247986794
15555,0.030284719541668892
15556,0.030283967033028603
15557,0.03028145805001259
15558,0.030277345329523087
15559,0.030273007228970528
15560,0.030268412083387375
15561,0.03026319481432438
15562,0.030257398262619972
15563,0.03025105409324169
15564,0.030245870351791382
15565,0.030240368098020554
15566,0.03023415617644787
15567,0.03022732213139534
15568,0.030221572145819664
15569,0.030221635475754738
15570,0.03021577186882496
15571,0.030210604891180992
15572,0.030209731310606003
15573,0.03021175041794777
15574,0.03021250106394291
15575,0.030211932957172394
15576,0.030217470601201057
15577,0.030210182070732117
15578,0.030208928510546684
15579,0.03021353855729103
15580,0.03020610101521015
15581,0.03020443767309189
15582,0.030201653018593788
15583,0.03019786812365055
15584,0.030193181708455086
15585,0.03018770180642605
15586,0.030181506648659706
15587,0.03019600734114647
15588,0.030178237706422806
15589,0.030179237946867943
15590,0.030184414237737656
15591,0.030187832191586494
15592,0.030189640820026398
15593,0.030192149803042412
15594,0.030191894620656967
15595,0.030192317441105843
15596,0.030191384255886078
15597,0.03018921986222267
15598,0.03018595464527607
15599,0.03018169105052948
15600,0.030177738517522812
15601,0.030174212530255318
15602,0.03017291985452175
15603,0.030170954763889313
15604,0.03016800247132778
15605,0.030181780457496643
15606,0.03016667254269123
15607,0.03016841597855091
15608,0.030168667435646057
15609,0.0301953312009573
15610,0.030172627419233322
15611,0.03017587959766388
15612,0.030177470296621323
15613,0.030177535489201546
15614,0.030177155509591103
15615,0.030182011425495148
15616,0.030185863375663757
15617,0.0301879420876503
15618,0.03018840216100216
15619,0.030187387019395828
15620,0.030185040086507797
15621,0.030181504786014557
15622,0.03018558956682682
15623,0.03017735294997692
15624,0.030176350846886635
15625,0.030174052342772484
15626,0.030170593410730362
15627,0.03018115647137165
15628,0.030168069526553154
15629,0.030182017013430595
15630,0.030174730345606804
15631,0.03018312156200409
15632,0.030189311131834984
15633,0.03019348904490471
15634,0.0301958117634058
15635,0.03019646927714348
15636,0.030195610597729683
15637,0.03019343875348568
15638,0.030191050842404366
15639,0.03020031750202179
15640,0.030187448486685753
15641,0.030186254531145096
15642,0.03018423542380333
15643,0.03019585832953453
15644,0.03018215484917164
15645,0.03018178604543209
15646,0.030180128291249275
15647,0.03017766773700714
15648,0.030193161219358444
15649,0.030175762251019478
15650,0.03017611615359783
15651,0.030174996703863144
15652,0.030192062258720398
15653,0.03017282858490944
15654,0.030171645805239677
15655,0.030173486098647118
15656,0.03017193078994751
15657,0.030171576887369156
15658,0.03017224557697773
15659,0.030171724036335945
15660,0.030170265585184097
15661,0.030167222023010254
15662,0.030163928866386414
15663,0.0301596000790596
15664,0.03016827255487442
15665,0.030166909098625183
15666,0.030176930129528046
15667,0.03018457069993019
15668,0.03019002452492714
15669,0.030201081186532974
15670,0.030201449990272522
15671,0.030207209289073944
15672,0.03021685592830181
15673,0.030215682461857796
15674,0.030218444764614105
15675,0.03021939843893051
15676,0.030218718573451042
15677,0.030216559767723083
15678,0.030213085934519768
15679,0.03021303191781044
15680,0.030205486342310905
15681,0.03020327538251877
15682,0.030200116336345673
15683,0.03019576147198677
15684,0.030192164704203606
15685,0.030187465250492096
15686,0.03018178977072239
15687,0.030175667256116867
15688,0.030169053003191948
15689,0.030214186757802963
15690,0.030170945450663567
15691,0.030180033296346664
15692,0.030187154188752174
15693,0.030193476006388664
15694,0.030197707936167717
15695,0.030201589688658714
15696,0.03020673431456089
15697,0.03021126054227352
15698,0.030213814228773117
15699,0.0302145816385746
15700,0.03021375648677349
15701,0.030211498960852623
15702,0.03020796738564968
15703,0.030203312635421753
15704,0.030197665095329285
15705,0.030191151425242424
15706,0.03019317425787449
15707,0.030199136584997177
15708,0.030210616067051888
15709,0.030219759792089462
15710,0.030227020382881165
15711,0.030232084915041924
15712,0.03023548051714897
15713,0.03023722395300865
15714,0.030237343162298203
15715,0.030236167833209038
15716,0.03023388981819153
15717,0.030230309814214706
15718,0.030225958675146103
15719,0.030220739543437958
15720,0.030214691534638405
15721,0.030209288001060486
15722,0.03020324744284153
15723,0.030198024585843086
15724,0.030191877856850624
15725,0.030184920877218246
15726,0.030191099271178246
15727,0.03017648495733738
15728,0.030174387618899345
15729,0.03017112985253334
15730,0.030167102813720703
15731,0.0301623847335577
15732,0.03017318993806839
15733,0.030168788507580757
15734,0.030169788748025894
15735,0.03017652966082096
15736,0.030181247740983963
15737,0.030184101313352585
15738,0.030185246840119362
15739,0.03018483705818653
15740,0.030183013528585434
15741,0.030179928988218307
15742,0.030189476907253265
15743,0.030182814225554466
15744,0.030179468914866447
15745,0.030184198170900345
15746,0.030187560245394707
15747,0.030190421268343925
15748,0.030191531404852867
15749,0.030191054567694664
15750,0.03018914721906185
15751,0.030185969546437263
15752,0.030181655660271645
15753,0.03017633967101574
15754,0.030175866559147835
15755,0.030168434605002403
15756,0.03016548976302147
15757,0.030169641599059105
15758,0.030171243473887444
15759,0.030178526416420937
15760,0.030183998867869377
15761,0.030187657102942467
15762,0.03018960915505886
15763,0.03019021824002266
15764,0.030189428478479385
15765,0.03019014373421669
15766,0.03018687479197979
15767,0.03018476814031601
15768,0.030181504786014557
15769,0.030179161578416824
15770,0.03018704056739807
15771,0.030179252848029137
15772,0.030181007459759712
15773,0.030181122943758965
15774,0.03017975576221943
15775,0.03017706237733364
15776,0.030173184350132942
15777,0.03016824834048748
15778,0.0301623847335577
15779,0.03017892688512802
15780,0.030156807973980904
15781,0.030156627297401428
15782,0.030175896361470222
15783,0.03016689606010914
15784,0.030176041647791862
15785,0.03019818849861622
15786,0.030193258076906204
15787,0.030201183632016182
15788,0.030206862837076187
15789,0.030210480093955994
15790,0.030212214216589928
15791,0.030212238430976868
15792,0.030210720375180244
15793,0.030207816511392593
15794,0.0302036814391613
15795,0.03019844926893711
15796,0.03019225411117077
15797,0.030188266187906265
15798,0.030184155330061913
15799,0.030176963657140732
15800,0.030220570042729378
15801,0.030208393931388855
15802,0.03024098090827465
15803,0.030269507318735123
15804,0.030294079333543777
15805,0.03031485714018345
15806,0.030332034453749657
15807,0.030345819890499115
15808,0.030356448143720627
15809,0.030364152044057846
15810,0.03036917932331562
15811,0.03037176840007305
15812,0.03037215769290924
15813,0.030370570719242096
15814,0.030367640778422356
15815,0.030365468934178352
15816,0.03036242350935936
15817,0.030355749651789665
15818,0.030347689986228943
15819,0.030339889228343964
15820,0.030332492664456367
15821,0.030324213206768036
15822,0.030315116047859192
15823,0.03030533529818058
15824,0.030294978991150856
15825,0.030284537002444267
15826,0.030274953693151474
15827,0.03026469238102436
15828,0.030253490433096886
15829,0.030242813751101494
15830,0.03025248274207115
15831,0.03024132363498211
15832,0.030220158398151398
15833,0.030265403911471367
15834,0.030229752883315086
15835,0.030216384679079056
15836,0.030217424035072327
15837,0.030216988176107407
15838,0.030215229839086533
15839,0.030212271958589554
15840,0.03020825982093811
15841,0.030203301459550858
15842,0.0301975104957819
15843,0.030190978199243546
15844,0.03018556721508503
15845,0.030286898836493492
15846,0.03020617738366127
15847,0.03023059479892254
15848,0.03025151416659355
15849,0.030269160866737366
15850,0.030283750966191292
15851,0.030295513570308685
15852,0.030304674059152603
15853,0.030311446636915207
15854,0.03031604178249836
15855,0.030318666249513626
15856,0.03031950816512108
15857,0.030318748205900192
15858,0.030316559597849846
15859,0.030313095077872276
15860,0.030308913439512253
15861,0.03030586428940296
15862,0.03030184656381607
15863,0.0302960854023695
15864,0.030288681387901306
15865,0.030280735343694687
15866,0.030273912474513054
15867,0.030351653695106506
15868,0.03028014302253723
15869,0.03029097057878971
15870,0.030299432575702667
15871,0.03030569478869438
15872,0.03030993789434433
15873,0.03031233511865139
15874,0.030313044786453247
15875,0.030312228947877884
15876,0.03031003661453724
15877,0.030306607484817505
15878,0.030302081257104874
15879,0.030296582728624344
15880,0.03029021807014942
15881,0.03028310462832451
15882,0.03027532808482647
15883,0.030266981571912766
15884,0.030258141458034515
15885,0.030249450355768204
15886,0.03024246357381344
15887,0.03023497946560383
15888,0.030261335894465446
15889,0.030227886512875557
15890,0.030231228098273277
15891,0.030233507975935936
15892,0.03023425303399563
15893,0.0302335936576128
15894,0.030231663957238197
15895,0.030228590592741966
15896,0.030224476009607315
15897,0.030238665640354156
15898,0.030218204483389854
15899,0.030215758830308914
15900,0.030212244018912315
15901,0.030207768082618713
15902,0.030202442780137062
15903,0.030196363106369972
15904,0.030308233574032784
15905,0.030234534293413162
15906,0.030275367200374603
15907,0.030312038958072662
15908,0.03034455142915249
15909,0.03037298284471035
15910,0.030397458001971245
15911,0.030418144538998604
15912,0.030435239896178246
15913,0.030448967590928078
15914,0.030459556728601456
15915,0.03046724759042263
15916,0.03047260083258152
15917,0.030477061867713928
15918,0.030479498207569122
15919,0.03048023208975792
15920,0.030478255823254585
15921,0.030474893748760223
15922,0.030470339581370354
15923,0.030464759096503258
15924,0.030458800494670868
15925,0.03045167215168476
15926,0.03044353798031807
15927,0.030434543266892433
15928,0.030425656586885452
15929,0.030416259542107582
15930,0.030407434329390526
15931,0.030399207025766373
15932,0.030389107763767242
15933,0.030378883704543114
15934,0.030396120622754097
15935,0.030370749533176422
15936,0.03036845289170742
15937,0.0303659550845623
15938,0.030364248901605606
15939,0.03036125749349594
15940,0.030357124283909798
15941,0.030351977795362473
15942,0.030345935374498367
15943,0.030339114367961884
15944,0.03033161163330078
15945,0.03032352216541767
15946,0.03031753934919834
15947,0.030316554009914398
15948,0.03030325472354889
15949,0.030298203229904175
15950,0.030292369425296783
15951,0.03028583899140358
15952,0.030278706923127174
15953,0.030271979048848152
15954,0.03026587888598442
15955,0.030258193612098694
15956,0.03025360219180584
15957,0.030246596783399582
15958,0.03024127148091793
15959,0.03023741953074932
15960,0.030246403068304062
15961,0.030232051387429237
15962,0.030230216681957245
15963,0.030227357521653175
15964,0.030223578214645386
15965,0.030238263309001923
15966,0.0302689541131258
15967,0.0302332304418087
15968,0.03024183213710785
15969,0.03024842031300068
15970,0.03025316260755062
15971,0.030256208032369614
15972,0.030257703736424446
15973,0.03025778755545616
15974,0.030256597325205803
15975,0.03026605024933815
15976,0.03025384619832039
15977,0.030252212658524513
15978,0.030249465256929398
15979,0.03024962916970253
15980,0.030244747176766396
15981,0.03024337999522686
15982,0.030241763219237328
15983,0.030239414423704147
15984,0.03023814782500267
15985,0.030236070975661278
15986,0.030232924968004227
15987,0.030228817835450172
15988,0.030223853886127472
15989,0.030229248106479645
15990,0.03021521307528019
15991,0.03021133318543434
15992,0.03020724654197693
15993,0.03020472452044487
15994,0.03019811399281025
15995,0.030197560787200928
15996,0.030190054327249527
15997,0.03018670156598091
15998,0.030184177681803703
15999,0.03017996996641159
16000,0.030176503583788872
16001,0.030174700543284416
16002,0.030170436948537827
16003,0.030167657881975174
16004,0.030163917690515518
16005,0.030159320682287216
16006,0.030168917030096054
16007,0.0301546361297369
16008,0.0301540307700634
16009,0.03017503395676613
16010,0.030162272974848747
16011,0.0301701370626688
16012,0.03017601929605007
16013,0.030180079862475395
16014,0.03018246777355671
16015,0.030183330178260803
16016,0.030182810500264168
16017,0.0301810335367918
16018,0.030178140848875046
16019,0.03017423301935196
16020,0.030181972309947014
16021,0.030176330357789993
16022,0.030170131474733353
16023,0.030171679332852364
16024,0.030171776190400124
16025,0.030170563608407974
16026,0.030168166384100914
16027,0.030164703726768494
16028,0.030160294845700264
16029,0.030155040323734283
16030,0.030177518725395203
16031,0.03016127087175846
16032,0.030171126127243042
16033,0.03017876297235489
16034,0.03018435649573803
16035,0.03018806129693985
16036,0.03019004873931408
16037,0.030190465971827507
16038,0.03018946759402752
16039,0.030187217518687248
16040,0.030185263603925705
16041,0.03018222562968731
16042,0.030178749933838844
16043,0.03017306514084339
16044,0.030168062075972557
16045,0.03016362339258194
16046,0.03015976957976818
16047,0.030154971405863762
16048,0.03017392009496689
16049,0.030156733468174934
16050,0.030162153765559196
16051,0.030184604227542877
16052,0.03017645888030529
16053,0.030184779316186905
16054,0.030190901830792427
16055,0.03019501082599163
16056,0.03019728884100914
16057,0.030197909101843834
16058,0.030197037383913994
16059,0.030194828286767006
16060,0.030191417783498764
16061,0.03025773912668228
16062,0.030201919376850128
16063,0.03021412156522274
16064,0.030223747715353966
16065,0.030230985954403877
16066,0.030236024409532547
16067,0.030239058658480644
16068,0.030240269377827644
16069,0.030239826068282127
16070,0.030237896367907524
16071,0.030234642326831818
16072,0.030230900272727013
16073,0.030227242037653923
16074,0.030223064124584198
16075,0.030217880383133888
16076,0.030210888013243675
16077,0.030203139409422874
16078,0.030195284634828568
16079,0.030187267810106277
16080,0.030179549008607864
16081,0.030198732390999794
16082,0.030196629464626312
16083,0.030171746388077736
16084,0.030172424390912056
16085,0.030171668156981468
16086,0.030169622972607613
16087,0.03021259605884552
16088,0.030171338468790054
16089,0.030174411833286285
16090,0.030175814405083656
16091,0.0301757100969553
16092,0.03017425909638405
16093,0.030180631205439568
16094,0.030174624174833298
16095,0.030175209045410156
16096,0.030176298692822456
16097,0.030178088694810867
16098,0.030178340151906013
16099,0.030177203938364983
16100,0.030174819752573967
16101,0.03017132356762886
16102,0.0301845520734787
16103,0.03017481602728367
16104,0.030180687084794044
16105,0.030184632167220116
16106,0.030186817049980164
16107,0.03018740378320217
16108,0.030186543241143227
16109,0.03018505685031414
16110,0.030183177441358566
16111,0.03017892688512802
16112,0.03017505072057247
16113,0.030171623453497887
16114,0.030167048797011375
16115,0.03016287088394165
16116,0.030157780274748802
16117,0.030151881277561188
16118,0.030146043747663498
16119,0.030167939141392708
16120,0.030142825096845627
16121,0.03014635294675827
16122,0.0301488246768713
16123,0.030149733647704124
16124,0.030180953443050385
16125,0.030155673623085022
16126,0.030160153284668922
16127,0.03016282059252262
16128,0.03016386739909649
16129,0.030163444578647614
16130,0.03016170859336853
16131,0.03015880100429058
16132,0.03025144524872303
16133,0.030181538313627243
16134,0.030204787850379944
16135,0.03022470884025097
16136,0.030241457745432854
16137,0.030255218967795372
16138,0.03026617504656315
16139,0.030274532735347748
16140,0.03028048761188984
16141,0.030284244567155838
16142,0.030285997316241264
16143,0.030285941436886787
16144,0.03028426133096218
16145,0.030282795429229736
16146,0.030281051993370056
16147,0.030278069898486137
16148,0.03027322329580784
16149,0.0302665326744318
16150,0.030258823186159134
16151,0.030251219868659973
16152,0.03024354763329029
16153,0.030260717496275902
16154,0.030236225575208664
16155,0.030234966427087784
16156,0.030232392251491547
16157,0.030228648334741592
16158,0.03022387996315956
16159,0.03021821193397045
16160,0.030232803896069527
16161,0.03021068498492241
16162,0.030208377167582512
16163,0.030204957351088524
16164,0.0302078016102314
16165,0.030201779678463936
16166,0.030208924785256386
16167,0.030204445123672485
16168,0.030205199494957924
16169,0.03020450286567211
16170,0.030202506110072136
16171,0.03019934892654419
16172,0.030195601284503937
16173,0.03019389882683754
16174,0.030211519449949265
16175,0.03019142337143421
16176,0.03019316866993904
16177,0.0301933903247118
16178,0.03019222989678383
16179,0.03018982894718647
16180,0.03018631786108017
16181,0.030182799324393272
16182,0.030180180445313454
16183,0.030177373439073563
16184,0.030175117775797844
16185,0.030173256993293762
16186,0.03017432801425457
16187,0.030172374099493027
16188,0.03017166443169117
16189,0.030169684439897537
16190,0.03016657941043377
16191,0.030162451788783073
16192,0.03018318861722946
16193,0.03016965277493
16194,0.030179403722286224
16195,0.030186880379915237
16196,0.030192280188202858
16197,0.030195781961083412
16198,0.030197562649846077
16199,0.03019779361784458
16200,0.030196623876690865
16201,0.030195066705346107
16202,0.03019280545413494
16203,0.030190587043762207
16204,0.030184868723154068
16205,0.03017987497150898
16206,0.030174998566508293
16207,0.030169308185577393
16208,0.03019670583307743
16209,0.030163299292325974
16210,0.030162367969751358
16211,0.030163586139678955
16212,0.030162114650011063
16213,0.030203040689229965
16214,0.030174799263477325
16215,0.03019050322473049
16216,0.030203500762581825
16217,0.030213942751288414
16218,0.030221998691558838
16219,0.030227825045585632
16220,0.03023160621523857
16221,0.030233509838581085
16222,0.030233699828386307
16223,0.030232341960072517
16224,0.030229587107896805
16225,0.030225589871406555
16226,0.030220486223697662
16227,0.030214404687285423
16228,0.030207466334104538
16229,0.030199779197573662
16230,0.03019144758582115
16231,0.030182568356394768
16232,0.03017321787774563
16233,0.030187509953975677
16234,0.03015945851802826
16235,0.030156638473272324
16236,0.030149539932608604
16237,0.030145376920700073
16238,0.030156217515468597
16239,0.030140802264213562
16240,0.03013935685157776
16241,0.030146222561597824
16242,0.030141450464725494
16243,0.030144385993480682
16244,0.030145706608891487
16245,0.030145565047860146
16246,0.03014410473406315
16247,0.030149150639772415
16248,0.030141739174723625
16249,0.030144834890961647
16250,0.030152060091495514
16251,0.030161060392856598
16252,0.030167846009135246
16253,0.030172601342201233
16254,0.030175499618053436
16255,0.030176708474755287
16256,0.03017638623714447
16257,0.030174998566508293
16258,0.030173562467098236
16259,0.030171098187565804
16260,0.03019227646291256
16261,0.030169250443577766
16262,0.030171656981110573
16263,0.030172675848007202
16264,0.030172182247042656
16265,0.030170327052474022
16266,0.030167240649461746
16267,0.03016306646168232
16268,0.030157919973134995
16269,0.03015444241464138
16270,0.03014826402068138
16271,0.03014856018126011
16272,0.030143054202198982
16273,0.030143486335873604
16274,0.03014085441827774
16275,0.030141031369566917
16276,0.030141135677695274
16277,0.030141524970531464
16278,0.030140502378344536
16279,0.03014630265533924
16280,0.03013947233557701
16281,0.03013923205435276
16282,0.030138501897454262
16283,0.030195072293281555
16284,0.030166367068886757
16285,0.03019373118877411
16286,0.03021739237010479
16287,0.03023751825094223
16288,0.030254291370511055
16289,0.03026791848242283
16290,0.030278615653514862
16291,0.030286606401205063
16292,0.03029210865497589
16293,0.030295342206954956
16294,0.03029651939868927
16295,0.030295854434370995
16296,0.030293533578515053
16297,0.030289744958281517
16298,0.030284661799669266
16299,0.03027844801545143
16300,0.030271297320723534
16301,0.030267462134361267
16302,0.030258310958743095
16303,0.030250579118728638
16304,0.03028148226439953
16305,0.03024142049252987
16306,0.030238382518291473
16307,0.030234163627028465
16308,0.030229566618800163
16309,0.030225958675146103
16310,0.030223121866583824
16311,0.03021972067654133
16312,0.030215207487344742
16313,0.030209708958864212
16314,0.03020334802567959
16315,0.030196232721209526
16316,0.03033820353448391
16317,0.030211646109819412
16318,0.03023132123053074
16319,0.030247732996940613
16320,0.030261142179369926
16321,0.03027179464697838
16322,0.03027993068099022
16323,0.030285777524113655
16324,0.030289554968476295
16325,0.030296914279460907
16326,0.030304543673992157
16327,0.030314872041344643
16328,0.030322685837745667
16329,0.03032820113003254
16330,0.030331628397107124
16331,0.030334198847413063
16332,0.030335649847984314
16333,0.03033614531159401
16334,0.030334636569023132
16335,0.03033105656504631
16336,0.030326679348945618
16337,0.03032159060239792
16338,0.030316611751914024
16339,0.030311012640595436
16340,0.030304545536637306
16341,0.030297333374619484
16342,0.03028947114944458
16343,0.030281055718660355
16344,0.030272159725427628
16345,0.030263369902968407
16346,0.03025480918586254
16347,0.030245879665017128
16348,0.03023681603372097
16349,0.030227484181523323
16350,0.030217986553907394
16351,0.030217375606298447
16352,0.030202483758330345
16353,0.03019631654024124
16354,0.03019123524427414
16355,0.030185462906956673
16356,0.030180543661117554
16357,0.030187515541911125
16358,0.030194008722901344
16359,0.03019868955016136
16360,0.030201714485883713
16361,0.030203204602003098
16362,0.03020329959690571
16363,0.030202127993106842
16364,0.030199795961380005
16365,0.030206311494112015
16366,0.030197016894817352
16367,0.030196283012628555
16368,0.030194338411092758
16369,0.030191298574209213
16370,0.030187372118234634
16371,0.030183866620063782
16372,0.030180247500538826
16373,0.03017517924308777
16374,0.03017086535692215
16375,0.030166873708367348
16376,0.030162006616592407
16377,0.03015635348856449
16378,0.030152780935168266
16379,0.030147545039653778
16380,0.030144069343805313
16381,0.03013966791331768
16382,0.030152563005685806
16383,0.030140839517116547
16384,0.030145371332764626
16385,0.030148185789585114
16386,0.0301494337618351
16387,0.030149253085255623
16388,0.030147777870297432
16389,0.030148781836032867
16390,0.030145030468702316
16391,0.03014388307929039
16392,0.030141601338982582
16393,0.030157078057527542
16394,0.030141139402985573
16395,0.030142255127429962
16396,0.03014194220304489
16397,0.030140332877635956
16398,0.030141236260533333
16399,0.030137695372104645
16400,0.030170060694217682
16401,0.030145885422825813
16402,0.03015304170548916
16403,0.030158130452036858
16404,0.03016134351491928
16405,0.030162841081619263
16406,0.03016280010342598
16407,0.03016136772930622
16408,0.030158882960677147
16409,0.030170582234859467
16410,0.03016952984035015
16411,0.03015889972448349
16412,0.03016027808189392
16413,0.03016052581369877
16414,0.030159350484609604
16415,0.03016025945544243
16416,0.030155982822179794
16417,0.03015376627445221
16418,0.030151424929499626
16419,0.030148131772875786
16420,0.030148189514875412
16421,0.03014686517417431
16422,0.0301467664539814
16423,0.030145294964313507
16424,0.03014259785413742
16425,0.03013879433274269
16426,0.03016531467437744
16427,0.030155600979924202
16428,0.030174000188708305
16429,0.03018936514854431
16430,0.030201895162463188
16431,0.030211761593818665
16432,0.030219173058867455
16433,0.030224312096834183
16434,0.030227642506361008
16435,0.03023013100028038
16436,0.03023134171962738
16437,0.030230440199375153
16438,0.030227746814489365
16439,0.030224228277802467
16440,0.03022049367427826
16441,0.030223911628127098
16442,0.0302128903567791
16443,0.03020882047712803
16444,0.03020366281270981
16445,0.03020300157368183
16446,0.03019687719643116
16447,0.030199097469449043
16448,0.030194424092769623
16449,0.030192596837878227
16450,0.030189497396349907
16451,0.03018525429069996
16452,0.03018580563366413
16453,0.03018142655491829
16454,0.03017643839120865
16455,0.030178291723132133
16456,0.030180804431438446
16457,0.030181655660271645
16458,0.030198652297258377
16459,0.03019101731479168
16460,0.03019864298403263
16461,0.030204087495803833
16462,0.030207546427845955
16463,0.03020920231938362
16464,0.030209235846996307
16465,0.03020780347287655
16466,0.030205076560378075
16467,0.030201826244592667
16468,0.030199283733963966
16469,0.030194254592061043
16470,0.030187858268618584
16471,0.030182398855686188
16472,0.030176421627402306
16473,0.030169697478413582
16474,0.03017488867044449
16475,0.030158061534166336
16476,0.030154863372445107
16477,0.0301511250436306
16478,0.03014644980430603
16479,0.030140941962599754
16480,0.030159421265125275
16481,0.030136531218886375
16482,0.0301370769739151
16483,0.030137374997138977
16484,0.030136333778500557
16485,0.030172016471624374
16486,0.03015924245119095
16487,0.030155709013342857
16488,0.030165039002895355
16489,0.030172118917107582
16490,0.030177133157849312
16491,0.030180271714925766
16492,0.030181709676980972
16493,0.03018161468207836
16494,0.030180146917700768
16495,0.030177447944879532
16496,0.0301736518740654
16497,0.030169079080224037
16498,0.03019791841506958
16499,0.030170561745762825
16500,0.030174219980835915
16501,0.030176639556884766
16502,0.030177829787135124
16503,0.030177520588040352
16504,0.030175860971212387
16505,0.030173150822520256
16506,0.030169865116477013
16507,0.03016563318669796
16508,0.03016047552227974
16509,0.030155552551150322
16510,0.03017549403011799
16511,0.030149349942803383
16512,0.03014756366610527
16513,0.030144618824124336
16514,0.030214346945285797
16515,0.030190343037247658
16516,0.03023572638630867
16517,0.030276639387011528
16518,0.030313029885292053
16519,0.030344940721988678
16520,0.030372485518455505
16521,0.030395830050110817
16522,0.030415179207921028
16523,0.030430767685174942
16524,0.030442848801612854
16525,0.030451694503426552
16526,0.030457576736807823
16527,0.03046075813472271
16528,0.0304615069180727
16529,0.03046007826924324
16530,0.030456718057394028
16531,0.030451660975813866
16532,0.030447525903582573
16533,0.030447926372289658
16534,0.03043476678431034
16535,0.030427690595388412
16536,0.03042125143110752
16537,0.030413642525672913
16538,0.030405037105083466
16539,0.03039558045566082
16540,0.030385417863726616
16541,0.030374668538570404
16542,0.03036344237625599
16543,0.03035183995962143
16544,0.03033994324505329
16545,0.030327830463647842
16546,0.030315563082695007
16547,0.030303198844194412
16548,0.03029078245162964
16549,0.030317898839712143
16550,0.030283257365226746
16551,0.030279196798801422
16552,0.030270496383309364
16553,0.030268264934420586
16554,0.03026491589844227
16555,0.030260566622018814
16556,0.030255336314439774
16557,0.030249325558543205
16558,0.03024262934923172
16559,0.03023533709347248
16560,0.03022751770913601
16561,0.03029722347855568
16562,0.030281998217105865
16563,0.030245086178183556
16564,0.030258644372224808
16565,0.030269645154476166
16566,0.030278289690613747
16567,0.030284786596894264
16568,0.030289318412542343
16569,0.030292075127363205
16570,0.030293218791484833
16571,0.03029291331768036
16572,0.030300172045826912
16573,0.030300337821245193
16574,0.03030717745423317
16575,0.03031199611723423
16576,0.030314989387989044
16577,0.03031630627810955
16578,0.03031611628830433
16579,0.030314575880765915
16580,0.030311815440654755
16581,0.03030797652900219
16582,0.030303258448839188
16583,0.03029986098408699
16584,0.03029581904411316
16585,0.030289994552731514
16586,0.030282633379101753
16587,0.03027518279850483
16588,0.030268898233771324
16589,0.03026203066110611
16590,0.030254608020186424
16591,0.030254743993282318
16592,0.030241163447499275
16593,0.030234960839152336
16594,0.03022817149758339
16595,0.030220860615372658
16596,0.03021310456097126
16597,0.030205953866243362
16598,0.030210506170988083
16599,0.030199095606803894
16600,0.030198337510228157
16601,0.03019646927714348
16602,0.030193598940968513
16603,0.03018982522189617
16604,0.030185233801603317
16605,0.030180225148797035
16606,0.030175503343343735
16607,0.030169444158673286
16608,0.030167104676365852
16609,0.030164111405611038
16610,0.030162692070007324
16611,0.030153809115290642
16612,0.030152061954140663
16613,0.030149303376674652
16614,0.03014565072953701
16615,0.03015366569161415
16616,0.030150003731250763
16617,0.03014117293059826
16618,0.030141299590468407
16619,0.030148377642035484
16620,0.030147133395075798
16621,0.030152175575494766
16622,0.03015553206205368
16623,0.030157342553138733
16624,0.030157752335071564
16625,0.03015689179301262
16626,0.030178647488355637
16627,0.03015671670436859
16628,0.030157139524817467
16629,0.03016486205160618
16630,0.030157428234815598
16631,0.030157199129462242
16632,0.03016001172363758
16633,0.030157586559653282
16634,0.030158353969454765
16635,0.030158989131450653
16636,0.030159510672092438
16637,0.030158622190356255
16638,0.03015570342540741
16639,0.030153149738907814
16640,0.03014976531267166
16641,0.030161868780851364
16642,0.030147628858685493
16643,0.030144738033413887
16644,0.030147070065140724
16645,0.030147148296236992
16646,0.030148498713970184
16647,0.030148422345519066
16648,0.030147045850753784
16649,0.03014448843896389
16650,0.030145982280373573
16651,0.030140331014990807
16652,0.030138526111841202
16653,0.03013698011636734
16654,0.030135495588183403
16655,0.0301342960447073
16656,0.030132587999105453
16657,0.03013749048113823
16658,0.03013276495039463
16659,0.030134189873933792
16660,0.03013414330780506
16661,0.030132777988910675
16662,0.03013022243976593
16663,0.030126608908176422
16664,0.030122052878141403
16665,0.030206743627786636
16666,0.030162200331687927
16667,0.03020363301038742
16668,0.030240843072533607
16669,0.03027382306754589
16670,0.0303026270121336
16671,0.03032737597823143
16672,0.030348246917128563
16673,0.030365439131855965
16674,0.0303791631013155
16675,0.030389675870537758
16676,0.030397221446037292
16677,0.03040205128490925
16678,0.030404414981603622
16679,0.030404552817344666
16680,0.03040270507335663
16681,0.030399400740861893
16682,0.030397968366742134
16683,0.03039495460689068
16684,0.030388837680220604
16685,0.030380358919501305
16686,0.03037123940885067
16687,0.0303641464561224
16688,0.03035612218081951
16689,0.03034723922610283
16690,0.030337629839777946
16691,0.030327415093779564
16692,0.03031671606004238
16693,0.03030560351908207
16694,0.030294181779026985
16695,0.03028252348303795
16696,0.030293773859739304
16697,0.030282331630587578
16698,0.03025994822382927
16699,0.030255867168307304
16700,0.030250830575823784
16701,0.03024495765566826
16702,0.030242381617426872
16703,0.030233614146709442
16704,0.030228056013584137
16705,0.030257128179073334
16706,0.03022075816988945
16707,0.030236616730690002
16708,0.030227351933717728
16709,0.030231071636080742
16710,0.030233127996325493
16711,0.030233677476644516
16712,0.030232876539230347
16713,0.030230864882469177
16714,0.030227771028876305
16715,0.03022371232509613
16716,0.030218807980418205
16717,0.030213147401809692
16718,0.030209409072995186
16719,0.030203960835933685
16720,0.03019595704972744
16721,0.030189506709575653
16722,0.030183197930455208
16723,0.03018844500184059
16724,0.030172523111104965
16725,0.030167918652296066
16726,0.0301656536757946
16727,0.030163800343871117
16728,0.030163703486323357
16729,0.03016243316233158
16730,0.03016011416912079
16731,0.03015683777630329
16732,0.030152710154652596
16733,0.030158745124936104
16734,0.030146874487400055
16735,0.03014485538005829
16736,0.03014187328517437
16737,0.03015545941889286
16738,0.030139729380607605
16739,0.0301401074975729
16740,0.030139286071062088
16741,0.03015262633562088
16742,0.030141649767756462
16743,0.03014463745057583
16744,0.030146202072501183
16745,0.030146822333335876
16746,0.03014623373746872
16747,0.030163733288645744
16748,0.030149543657898903
16749,0.03015289269387722
16750,0.030154697597026825
16751,0.03015509434044361
16752,0.030154217034578323
16753,0.03015218675136566
16754,0.030149124562740326
16755,0.030145131051540375
16756,0.030140314251184464
16757,0.030134757980704308
16758,0.03013944998383522
16759,0.0301307775080204
16760,0.030132155865430832
16761,0.030133266001939774
16762,0.03013458289206028
16763,0.03013453632593155
16764,0.030133254826068878
16765,0.030133701860904694
16766,0.030137859284877777
16767,0.03014296293258667
16768,0.030146311968564987
16769,0.030148066580295563
16770,0.03014836274087429
16771,0.03015751950442791
16772,0.030148686841130257
16773,0.030148949474096298
16774,0.030147965997457504
16775,0.030146099627017975
16776,0.03014320135116577
16777,0.030139442533254623
16778,0.03013509139418602
16779,0.030132994055747986
16780,0.03012681193649769
16781,0.030123276636004448
16782,0.03011946938931942
16783,0.03016682155430317
16784,0.03012010268867016
16785,0.030123675242066383
16786,0.030125651508569717
16787,0.030126173049211502
16788,0.030159201472997665
16789,0.030164577066898346
16790,0.030151447281241417
16791,0.030163051560521126
16792,0.030172212049365044
16793,0.030179133638739586
16794,0.03018401749432087
16795,0.030187049880623817
16796,0.030188405886292458
16797,0.030188247561454773
16798,0.030186736956238747
16799,0.030184024944901466
16800,0.030180228874087334
16801,0.030176635831594467
16802,0.030176585540175438
16803,0.030169066041707993
16804,0.03016623482108116
16805,0.03019377775490284
16806,0.030173050239682198
16807,0.030181244015693665
16808,0.030187351629137993
16809,0.030191536992788315
16810,0.03019394725561142
16811,0.030194738879799843
16812,0.030194057151675224
16813,0.030192052945494652
16814,0.030188851058483124
16815,0.030184578150510788
16816,0.030179351568222046
16817,0.030175942927598953
16818,0.030169067904353142
16819,0.030163921415805817
16820,0.030170863494277
16821,0.030173318460583687
16822,0.030185958370566368
16823,0.03019605204463005
16824,0.030203796923160553
16825,0.030209362506866455
16826,0.030213622376322746
16827,0.030216705054044724
16828,0.03021743707358837
16829,0.03021709993481636
16830,0.03021576628088951
16831,0.030213331803679466
16832,0.030209669843316078
16833,0.030205538496375084
16834,0.030200202018022537
16835,0.030194537714123726
16836,0.030188029631972313
16837,0.030181847512722015
16838,0.030173901468515396
16839,0.030167534947395325
16840,0.03017432428896427
16841,0.030159082263708115
16842,0.030156517401337624
16843,0.030154990032315254
16844,0.030159687623381615
16845,0.0301588736474514
16846,0.03015078790485859
16847,0.030149200931191444
16848,0.030146436765789986
16849,0.030142609030008316
16850,0.03014642372727394
16851,0.030139494687318802
16852,0.03013307973742485
16853,0.030130252242088318
16854,0.030132956802845
16855,0.030126385390758514
16856,0.030125491321086884
16857,0.030123358592391014
16858,0.0301202405244112
16859,0.030139848589897156
16860,0.03012503683567047
16861,0.030131099745631218
16862,0.030135245993733406
16863,0.030137648805975914
16864,0.030138473957777023
16865,0.03014233335852623
16866,0.030139079317450523
16867,0.03013882413506508
16868,0.030137253925204277
16869,0.03013451024889946
16870,0.030130717903375626
16871,0.030160054564476013
16872,0.030131572857499123
16873,0.03013533167541027
16874,0.03013784810900688
16875,0.030139237642288208
16876,0.03014245070517063
16877,0.03014051541686058
16878,0.03014797903597355
16879,0.030147312209010124
16880,0.030151735991239548
16881,0.030154341831803322
16882,0.030155308544635773
16883,0.030154777690768242
16884,0.03015289269387722
16885,0.0301500391215086
16886,0.030149273574352264
16887,0.030146203935146332
16888,0.030157849192619324
16889,0.030153900384902954
16890,0.030162345618009567
16891,0.030168566852808
16892,0.03017275221645832
16893,0.03017507679760456
16894,0.030175719410181046
16895,0.030174845829606056
16896,0.030172603204846382
16897,0.030169149860739708
16898,0.03017498180270195
16899,0.030163712799549103
16900,0.03016957826912403
16901,0.030162207782268524
16902,0.030162494629621506
16903,0.03016134351491928
16904,0.030158894136548042
16905,0.03015528991818428
16906,0.030150657519698143
16907,0.03015020675957203
16908,0.03015485219657421
16909,0.030146244913339615
16910,0.03014865145087242
16911,0.0301494337618351
16912,0.030148744583129883
16913,0.030159329995512962
16914,0.030147718265652657
16915,0.030147166922688484
16916,0.030145462602376938
16917,0.030142702162265778
16918,0.03013908676803112
16919,0.030134664848446846
16920,0.030130984261631966
16921,0.030128344893455505
16922,0.030125904828310013
16923,0.03013787791132927
16924,0.030125362798571587
16925,0.030126724392175674
16926,0.03012661449611187
16927,0.030125172808766365
16928,0.0301225408911705
16929,0.0301677156239748
16930,0.030154341831803322
16931,0.03018588200211525
16932,0.03021351993083954
16933,0.03023740090429783
16934,0.03025767207145691
16935,0.0302745308727026
16936,0.030288174748420715
16937,0.030298840254545212
16938,0.03030674159526825
16939,0.030312107875943184
16940,0.03031516633927822
16941,0.030316133052110672
16942,0.030315224081277847
16943,0.030312640592455864
16944,0.030311640352010727
16945,0.03031010739505291
16946,0.030305150896310806
16947,0.0302975382655859
16948,0.030289117246866226
16949,0.03028273396193981
16950,0.030275657773017883
16951,0.030267739668488503
16952,0.030259091407060623
16953,0.030249841511249542
16954,0.030240077525377274
16955,0.03022989258170128
16956,0.030219364911317825
16957,0.03021983429789543
16958,0.030208976939320564
16959,0.030210278928279877
16960,0.03019477240741253
16961,0.030193161219358444
16962,0.03019038774073124
16963,0.030186569318175316
16964,0.030181819573044777
16965,0.03017624281346798
16966,0.03018190898001194
16967,0.030169973149895668
16968,0.030168723315000534
16969,0.030191000550985336
16970,0.030169064179062843
16971,0.030170246958732605
16972,0.03017001785337925
16973,0.030190814286470413
16974,0.030182119458913803
16975,0.030174480751156807
16976,0.030176617205142975
16977,0.030177218839526176
16978,0.030176445841789246
16979,0.030174430459737778
16980,0.030171306803822517
16981,0.03016805276274681
16982,0.030164828523993492
16983,0.030163057148456573
16984,0.03015691414475441
16985,0.03015415370464325
16986,0.03015873394906521
16987,0.03015018440783024
16988,0.03014872781932354
16989,0.03014613501727581
16990,0.030142538249492645
16991,0.0301380418241024
16992,0.030136780813336372
16993,0.030133768916130066
16994,0.030125010758638382
16995,0.030120473355054855
16996,0.03012796863913536
16997,0.03013758547604084
16998,0.030122367665171623
16999,0.03012743778526783
17000,0.030130775645375252
17001,0.030132530257105827
17002,0.030132846906781197
17003,0.030131865292787552
17004,0.030129708349704742
17005,0.030126504600048065
17006,0.030123349279165268
17007,0.0301206074655056
17008,0.0301649309694767
17009,0.030136091634631157
17010,0.030156249180436134
17011,0.030173424631357193
17012,0.03018777444958687
17013,0.030199462547898293
17014,0.030208667740225792
17015,0.030215565115213394
17016,0.030220340937376022
17017,0.030223172158002853
17018,0.03022422455251217
17019,0.030223669484257698
17020,0.030221670866012573
17021,0.030224904417991638
17022,0.03022172302007675
17023,0.03021489642560482
17024,0.0302122849971056
17025,0.030208464711904526
17026,0.030203578993678093
17027,0.03019774705171585
17028,0.030191093683242798
17029,0.030186496675014496
17030,0.030178673565387726
17031,0.030174752697348595
17032,0.030167575925588608
17033,0.030161533504724503
17034,0.030154943466186523
17035,0.030147705227136612
17036,0.030164703726768494
17037,0.030142007395625114
17038,0.030163373798131943
17039,0.030143875628709793
17040,0.030146325007081032
17041,0.030147209763526917
17042,0.03014667145907879
17043,0.030144842341542244
17044,0.030178600922226906
17045,0.030146857723593712
17046,0.030150024220347404
17047,0.03015153668820858
17048,0.03015155717730522
17049,0.030150242149829865
17050,0.0301477313041687
17051,0.03023507073521614
17052,0.030165355652570724
17053,0.03018355555832386
17054,0.030198894441127777
17055,0.03021153248846531
17056,0.030221641063690186
17057,0.030229393392801285
17058,0.03023604303598404
17059,0.030242767184972763
17060,0.030250638723373413
17061,0.03025057539343834
17062,0.030250702053308487
17063,0.030257919803261757
17064,0.030258426442742348
17065,0.0302619356662035
17066,0.03026355803012848
17067,0.03026346117258072
17068,0.030261823907494545
17069,0.03025880455970764
17070,0.030254557728767395
17071,0.03024943359196186
17072,0.03034338355064392
17073,0.03025645948946476
17074,0.030266663059592247
17075,0.030274614691734314
17076,0.03028028830885887
17077,0.030283905565738678
17078,0.030285678803920746
17079,0.030285926535725594
17080,0.030285464599728584
17081,0.030283723026514053
17082,0.030280906707048416
17083,0.03027714230120182
17084,0.030272524803876877
17085,0.030281411483883858
17086,0.030267633497714996
17087,0.030267005786299706
17088,0.030265076085925102
17089,0.030261976644396782
17090,0.03025783970952034
17091,0.03026493266224861
17092,0.030261913314461708
17093,0.03024875745177269
17094,0.030244208872318268
17095,0.030241167172789574
17096,0.030237125232815742
17097,0.03023219294846058
17098,0.03022647462785244
17099,0.03026377037167549
17100,0.03021889552474022
17101,0.030216582119464874
17102,0.03021322749555111
17103,0.030209897086024284
17104,0.03022698685526848
17105,0.030209559947252274
17106,0.030211789533495903
17107,0.030212707817554474
17108,0.030212828889489174
17109,0.030211633071303368
17110,0.030209243297576904
17111,0.03020629473030567
17112,0.030202507972717285
17113,0.030198149383068085
17114,0.03019246645271778
17115,0.030186912044882774
17116,0.030416876077651978
17117,0.03024451993405819
17118,0.030303671956062317
17119,0.030358053743839264
17120,0.030407417565584183
17121,0.030451644212007523
17122,0.03049074485898018
17123,0.03052479960024357
17124,0.03055398538708687
17125,0.03057851456105709
17126,0.03059864416718483
17127,0.03061465546488762
17128,0.030626852065324783
17129,0.030635543167591095
17130,0.03064103052020073
17131,0.030643627047538757
17132,0.030643627047538757
17133,0.030641313642263412
17134,0.030636955052614212
17135,0.030630802735686302
17136,0.030623095110058784
17137,0.030614051967859268
17138,0.030603868886828423
17139,0.03059273399412632
17140,0.030580837279558182
17141,0.0305782500654459
17142,0.030564766377210617
17143,0.03054998442530632
17144,0.03054066002368927
17145,0.030530573800206184
17146,0.03051985427737236
17147,0.0305086150765419
17148,0.03049696423113346
17149,0.030484985560178757
17150,0.0304727703332901
17151,0.030460376292467117
17152,0.03044786863029003
17153,0.030435295775532722
17154,0.03042270429432392
17155,0.030410125851631165
17156,0.03039759397506714
17157,0.030390018597245216
17158,0.03037821315228939
17159,0.030364925041794777
17160,0.030356140807271004
17161,0.030347460880875587
17162,0.030340369790792465
17163,0.030331095680594444
17164,0.03032641112804413
17165,0.030321042984724045
17166,0.030315062031149864
17167,0.0303085558116436
17168,0.0303408931940794
17169,0.030299419537186623
17170,0.03029634989798069
17171,0.030292466282844543
17172,0.0302878450602293
17173,0.03028256632387638
17174,0.030276702716946602
17175,0.030274812132120132
17176,0.030269470065832138
17177,0.030260182917118073
17178,0.030258847400546074
17179,0.03025136888027191
17180,0.030247075483202934
17181,0.03024211712181568
17182,0.030236564576625824
17183,0.030230484902858734
17184,0.03022393025457859
17185,0.030216963961720467
17186,0.030215954408049583
17187,0.030224919319152832
17188,0.030206790193915367
17189,0.030205970630049706
17190,0.0302092544734478
17191,0.030206993222236633
17192,0.030207179486751556
17193,0.030206743627786636
17194,0.030205441638827324
17195,0.03020324930548668
17196,0.030200418084859848
17197,0.030196672305464745
17198,0.0301923006772995
17199,0.030191674828529358
17200,0.03018876165151596
17201,0.03018214739859104
17202,0.03018280863761902
17203,0.03017810359597206
17204,0.030176227912306786
17205,0.030174439772963524
17206,0.030176330357789993
17207,0.03017093986272812
17208,0.03016912192106247
17209,0.030166370794177055
17210,0.030163602903485298
17211,0.030160045251250267
17212,0.03015964850783348
17213,0.03015693463385105
17214,0.030151134356856346
17215,0.030149076133966446
17216,0.030146382749080658
17217,0.03014284558594227
17218,0.030146945267915726
17219,0.030140303075313568
17220,0.030143436044454575
17221,0.03013545274734497
17222,0.030142055824398994
17223,0.030138161033391953
17224,0.03014233708381653
17225,0.03014257922768593
17226,0.030143961310386658
17227,0.03014414943754673
17228,0.030143754556775093
17229,0.03014233708381653
17230,0.030139915645122528
17231,0.03015080653131008
17232,0.03013972006738186
17233,0.03014143742620945
17234,0.03015047311782837
17235,0.030145227909088135
17236,0.0301471296697855
17237,0.030147647485136986
17238,0.030146924778819084
17239,0.030145080760121346
17240,0.030142227187752724
17241,0.030138470232486725
17242,0.03013390675187111
17243,0.03013862669467926
17244,0.03012746572494507
17245,0.030124614015221596
17246,0.030121006071567535
17247,0.030117487534880638
17248,0.03011368028819561
17249,0.030112583190202713
17250,0.03010960854589939
17251,0.03011459857225418
17252,0.030115585774183273
17253,0.030121952295303345
17254,0.030126549303531647
17255,0.03012951649725437
17256,0.030130993574857712
17257,0.03013109788298607
17258,0.030129963532090187
17259,0.030144302174448967
17260,0.030128227546811104
17261,0.03012746386229992
17262,0.030125528573989868
17263,0.030128614977002144
17264,0.030122146010398865
17265,0.030120547860860825
17266,0.03011786751449108
17267,0.030131667852401733
17268,0.03011910244822502
17269,0.030122265219688416
17270,0.0301238801330328
17271,0.030124815180897713
17272,0.030124783515930176
17273,0.030122973024845123
17274,0.03012070059776306
17275,0.030117755755782127
17276,0.030113864690065384
17277,0.030109135434031487
17278,0.030104171484708786
17279,0.030111880972981453
17280,0.030101556330919266
17281,0.030097946524620056
17282,0.03010234609246254
17283,0.030099067836999893
17284,0.030101768672466278
17285,0.03010651282966137
17286,0.030111709609627724
17287,0.03011515736579895
17288,0.030117010697722435
17289,0.030117405578494072
17290,0.030116483569145203
17291,0.03011437878012657
17292,0.03013908676803112
17293,0.030116522684693336
17294,0.03012007847428322
17295,0.030122024938464165
17296,0.030124543234705925
17297,0.030126774683594704
17298,0.030129341408610344
17299,0.03016004152595997
17300,0.030141297727823257
17301,0.03014986962080002
17302,0.030156241729855537
17303,0.030160613358020782
17304,0.030163176357746124
17305,0.03016410395503044
17306,0.03016357123851776
17307,0.030161723494529724
17308,0.030159762129187584
17309,0.030157851055264473
17310,0.03015410155057907
17311,0.030164560303092003
17312,0.03014662116765976
17313,0.030144548043608665
17314,0.030141375958919525
17315,0.03015213832259178
17316,0.030136767774820328
17317,0.030135059729218483
17318,0.0301322303712368
17319,0.03012840636074543
17320,0.030123688280582428
17321,0.030132804065942764
17322,0.030141029506921768
17323,0.030160706490278244
17324,0.030177360400557518
17325,0.030191179364919662
17326,0.030202331021428108
17327,0.030211009085178375
17328,0.030217407271265984
17329,0.03022170625627041
17330,0.030224090442061424
17331,0.030224744230508804
17332,0.03022383153438568
17333,0.03022492118179798
17334,0.030221443623304367
17335,0.03021777793765068
17336,0.030214643105864525
17337,0.030210360884666443
17338,0.030205074697732925
17339,0.030198896303772926
17340,0.030191948637366295
17341,0.030184326693415642
17342,0.030177585780620575
17343,0.030170349404215813
17344,0.030163822695612907
17345,0.03015841543674469
17346,0.030166471377015114
17347,0.030154148116707802
17348,0.030156701803207397
17349,0.030157702043652534
17350,0.03015728108584881
17351,0.030155593529343605
17352,0.03015899658203125
17353,0.030154021456837654
17354,0.03015384078025818
17355,0.030152374878525734
17356,0.030149757862091064
17357,0.03014611266553402
17358,0.0301415603607893
17359,0.03013620339334011
17360,0.030137673020362854
17361,0.03012733906507492
17362,0.03012777306139469
17363,0.030127914622426033
17364,0.030121704563498497
17365,0.030115414410829544
17366,0.030112167820334435
17367,0.030108053237199783
17368,0.030155885964632034
17369,0.030111156404018402
17370,0.030117284506559372
17371,0.030121661722660065
17372,0.030124422162771225
17373,0.030125698074698448
17374,0.030125608667731285
17375,0.030134055763483047
17376,0.030127566307783127
17377,0.030129261314868927
17378,0.03012951649725437
17379,0.030128873884677887
17380,0.030127467587590218
17381,0.030125107616186142
17382,0.030146636068820953
17383,0.030132103711366653
17384,0.030141370370984077
17385,0.030148480087518692
17386,0.030153604224324226
17387,0.03015691041946411
17388,0.030158542096614838
17389,0.03016842156648636
17390,0.030161377042531967
17391,0.03016245737671852
17392,0.030162066221237183
17393,0.030160343274474144
17394,0.03016086108982563
17395,0.030158672481775284
17396,0.03015335649251938
17397,0.030148673802614212
17398,0.030144693329930305
17399,0.03013978898525238
17400,0.03013407066464424
17401,0.03012763150036335
17402,0.030120570212602615
17403,0.030115699395537376
17404,0.03018483705818653
17405,0.030132250860333443
17406,0.030155038461089134
17407,0.030174601823091507
17408,0.03019110858440399
17409,0.030204735696315765
17410,0.03021567314863205
17411,0.030224116519093513
17412,0.030230259522795677
17413,0.03024066612124443
17414,0.03024393506348133
17415,0.030241474509239197
17416,0.030243035405874252
17417,0.030242901295423508
17418,0.03024124912917614
17419,0.030238231644034386
17420,0.03023400902748108
17421,0.030228720977902412
17422,0.03022538311779499
17423,0.030217664316296577
17424,0.03021232783794403
17425,0.03020663373172283
17426,0.03020012564957142
17427,0.0301929023116827
17428,0.03018505871295929
17429,0.03018888086080551
17430,0.030216308310627937
17431,0.030185367912054062
17432,0.03019365295767784
17433,0.03019976243376732
17434,0.03020390309393406
17435,0.03020627237856388
17436,0.030207054689526558
17437,0.03020641766488552
17438,0.03020450845360756
17439,0.030201472342014313
17440,0.030197449028491974
17441,0.03019510954618454
17442,0.03019019588828087
17443,0.030184047296643257
17444,0.030179157853126526
17445,0.030173519626259804
17446,0.03016722947359085
17447,0.030160361900925636
17448,0.030153004452586174
17449,0.030193861573934555
17450,0.030159588903188705
17451,0.030151836574077606
17452,0.03017202392220497
17453,0.030159516260027885
17454,0.030163303017616272
17455,0.030165500938892365
17456,0.03016623854637146
17457,0.030165649950504303
17458,0.030163856223225594
17459,0.030160976573824883
17460,0.030157122761011124
17461,0.030152395367622375
17462,0.030146896839141846
17463,0.03014255501329899
17464,0.03013796918094158
17465,0.03013535588979721
17466,0.030132025480270386
17467,0.030127914622426033
17468,0.030123652890324593
17469,0.030183138325810432
17470,0.03013472445309162
17471,0.030148165300488472
17472,0.03015914559364319
17473,0.030167831107974052
17474,0.030174382030963898
17475,0.030178962275385857
17476,0.03018173761665821
17477,0.0301828570663929
17478,0.030182475224137306
17479,0.030180737376213074
17480,0.030177783221006393
17481,0.030177950859069824
17482,0.030173005536198616
17483,0.030167145654559135
17484,0.03016292117536068
17485,0.030157770961523056
17486,0.03015180118381977
17487,0.030145110562443733
17488,0.030154895037412643
17489,0.030138270929455757
17490,0.03013739362359047
17491,0.03013531118631363
17492,0.030132150277495384
17493,0.03012803941965103
17494,0.030143052339553833
17495,0.030122393742203712
17496,0.03012051060795784
17497,0.030117560178041458
17498,0.030113646760582924
17499,0.03010888583958149
17500,0.030103366822004318
17501,0.030109064653515816
17502,0.030109787359833717
17503,0.030105888843536377
17504,0.03010907955467701
17505,0.03012099862098694
17506,0.030117936432361603
17507,0.03012320026755333
17508,0.030126692727208138
17509,0.030128570273518562
17510,0.030132999643683434
17511,0.030136670917272568
17512,0.03013540804386139
17513,0.03012980706989765
17514,0.030133787542581558
17515,0.030132323503494263
17516,0.030133312568068504
17517,0.030132919549942017
17518,0.03013128787279129
17519,0.030128542333841324
17520,0.030131950974464417
17521,0.030127812176942825
17522,0.03012925013899803
17523,0.030129270628094673
17524,0.030128009617328644
17525,0.03012559749186039
17526,0.0301222987473011
17527,0.030119914561510086
17528,0.030114637687802315
17529,0.030117126181721687
17530,0.03013702668249607
17531,0.03013712726533413
17532,0.030163055285811424
17533,0.030185557901859283
17534,0.030204780399799347
17535,0.030220892280340195
17536,0.030234087258577347
17537,0.03024454601109028
17538,0.03025248646736145
17539,0.030258096754550934
17540,0.030261581763625145
17541,0.030263133347034454
17542,0.030262939631938934
17543,0.030261177569627762
17544,0.030258014798164368
17545,0.030253607779741287
17546,0.030248107388615608
17547,0.030241653323173523
17548,0.03023989126086235
17549,0.03023388236761093
17550,0.030237901955842972
17551,0.030222129076719284
17552,0.03022037446498871
17553,0.030217360705137253
17554,0.03021322935819626
17555,0.030208097770810127
17556,0.03020208328962326
17557,0.030195297673344612
17558,0.030187835916876793
17559,0.030179787427186966
17560,0.030171237885951996
17561,0.030162254348397255
17562,0.030152983963489532
17563,0.030175311490893364
17564,0.030147258192300797
17565,0.030149295926094055
17566,0.03014984540641308
17567,0.030162937939167023
17568,0.03015201725065708
17569,0.030155349522829056
17570,0.030157217755913734
17571,0.030157608911395073
17572,0.03015667386353016
17573,0.03015703335404396
17574,0.030153678730130196
17575,0.030151618644595146
17576,0.030148480087518692
17577,0.030144382268190384
17578,0.030139433220028877
17579,0.030137717723846436
17580,0.0301296878606081
17581,0.030124805867671967
17582,0.03011917695403099
17583,0.030112888664007187
17584,0.030125871300697327
17585,0.030113082379102707
17586,0.030118243768811226
17587,0.03012167289853096
17588,0.030123522505164146
17589,0.03012394905090332
17590,0.030123086646199226
17591,0.030122950673103333
17592,0.03012281470000744
17593,0.03012314811348915
17594,0.03012220188975334
17595,0.030121449381113052
17596,0.03011965937912464
17597,0.03011639043688774
17598,0.03011353686451912
17599,0.03010973334312439
17600,0.030105149373412132
17601,0.03010087087750435
17602,0.030096378177404404
17603,0.030164267867803574
17604,0.03011256642639637
17605,0.03013315238058567
17606,0.030150767415761948
17607,0.03016556240618229
17608,0.030177703127264977
17609,0.030187366530299187
17610,0.030197788029909134
17611,0.03020322136580944
17612,0.030207401141524315
17613,0.03021136112511158
17614,0.03021346591413021
17615,0.030213894322514534
17616,0.03021281398832798
17617,0.03021037019789219
17618,0.030206723138689995
17619,0.030201999470591545
17620,0.030200384557247162
17621,0.03019409254193306
17622,0.03018711879849434
17623,0.030181884765625
17624,0.030175819993019104
17625,0.030169028788805008
17626,0.030169634148478508
17627,0.030165255069732666
17628,0.030157413333654404
17629,0.03015759587287903
17630,0.0301564559340477
17631,0.030154136940836906
17632,0.03015183098614216
17633,0.030163072049617767
17634,0.030148563906550407
17635,0.030148619785904884
17636,0.030147401615977287
17637,0.03014504164457321
17638,0.030141662806272507
17639,0.030137378722429276
17640,0.030132286250591278
17641,0.030147846788167953
17642,0.030125675722956657
17643,0.03012373484671116
17644,0.03012077696621418
17645,0.03011889010667801
17646,0.030114971101284027
17647,0.030112270265817642
17648,0.03010951355099678
17649,0.030105222016572952
17650,0.030100425705313683
17651,0.03011152520775795
17652,0.03010232001543045
17653,0.03010728769004345
17654,0.03011055290699005
17655,0.030112259089946747
17656,0.03012417070567608
17657,0.03011685237288475
17658,0.03011947311460972
17659,0.03012055531144142
17660,0.030120255425572395
17661,0.030118701979517937
17662,0.030116410925984383
17663,0.030114542692899704
17664,0.03011508844792843
17665,0.030112044885754585
17666,0.03010849468410015
17667,0.030107131227850914
17668,0.030109334737062454
17669,0.030114611610770226
17670,0.03010394610464573
17671,0.03010401502251625
17672,0.0301028061658144
17673,0.030100444331765175
17674,0.030097050592303276
17675,0.03009272739291191
17676,0.03009387105703354
17677,0.030088428407907486
17678,0.030097458511590958
17679,0.030102483928203583
17680,0.03011447936296463
17681,0.030124085023999214
17682,0.030131474137306213
17683,0.03013680689036846
17684,0.030140256509184837
17685,0.030141983181238174
17686,0.03014213964343071
17687,0.03014088049530983
17688,0.030138345435261726
17689,0.030134670436382294
17690,0.030137373134493828
17691,0.030134107917547226
17692,0.03017672896385193
17693,0.030140236020088196
17694,0.030153561383485794
17695,0.03016427904367447
17696,0.030172573402523994
17697,0.03020554780960083
17698,0.030194198712706566
17699,0.03020678646862507
17700,0.030216632410883904
17701,0.03022398054599762
17702,0.030229056254029274
17703,0.030232086777687073
17704,0.030233273282647133
17705,0.030232807621359825
17706,0.030230870470404625
17707,0.030227631330490112
17708,0.030223239213228226
17709,0.030217837542295456
17710,0.0302115548402071
17711,0.030206356197595596
17712,0.03020205721259117
17713,0.030196448788046837
17714,0.030189400538802147
17715,0.030180010944604874
17716,0.030170178040862083
17717,0.030161341652274132
17718,0.030153503641486168
17719,0.030185900628566742
17720,0.030146393924951553
17721,0.03014596551656723
17722,0.03014429844915867
17723,0.030161309987306595
17724,0.030153458938002586
17725,0.030143173411488533
17726,0.030144020915031433
17727,0.0301434937864542
17728,0.03014172799885273
17729,0.03013884648680687
17730,0.03013496845960617
17731,0.03013020008802414
17732,0.030157428234815598
17733,0.030138056725263596
17734,0.030148983001708984
17735,0.030157603323459625
17736,0.0301640834659338
17737,0.030168598517775536
17738,0.030171316117048264
17739,0.03017239272594452
17740,0.03017628937959671
17741,0.030177922919392586
17742,0.0301766749471426
17743,0.030179463326931
17744,0.03018057718873024
17745,0.030180171132087708
17746,0.030178405344486237
17747,0.030175412073731422
17748,0.03017132170498371
17749,0.0301662590354681
17750,0.030161965638399124
17751,0.030159981921315193
17752,0.030153129249811172
17753,0.03014402464032173
17754,0.030137093737721443
17755,0.030140111222863197
17756,0.03012658655643463
17757,0.030121702700853348
17758,0.030120307579636574
17759,0.03011406399309635
17760,0.03013078309595585
17761,0.030118100345134735
17762,0.030122458934783936
17763,0.030127456411719322
17764,0.030130669474601746
17765,0.03013226017355919
17766,0.03013239987194538
17767,0.030131233856081963
17768,0.030128898099064827
17769,0.03012552298605442
17770,0.030121224001049995
17771,0.030175836756825447
17772,0.030132213607430458
17773,0.030145619064569473
17774,0.03015650250017643
17775,0.03016505017876625
17776,0.03017144836485386
17777,0.030175864696502686
17778,0.030178481712937355
17779,0.030179463326931
17780,0.030178962275385857
17781,0.030177127569913864
17782,0.030174102634191513
17783,0.03017001412808895
17784,0.030164984986186028
17785,0.030161550268530846
17786,0.03016001358628273
17787,0.030149998143315315
17788,0.030143767595291138
17789,0.030137866735458374
17790,0.030187156051397324
17791,0.030134491622447968
17792,0.0301361121237278
17793,0.03013627976179123
17794,0.030135126784443855
17795,0.030156036838889122
17796,0.03013376146554947
17797,0.030133331194519997
17798,0.03017636016011238
17799,0.03013862669467926
17800,0.03014366514980793
17801,0.030147850513458252
17802,0.030150173231959343
17803,0.030151352286338806
17804,0.030151695013046265
17805,0.030150601640343666
17806,0.0301482193171978
17807,0.030144669115543365
17808,0.030142225325107574
17809,0.03014433942735195
17810,0.03013654425740242
17811,0.03013576939702034
17812,0.030133677646517754
17813,0.030130429193377495
17814,0.030126139521598816
17815,0.030120929703116417
17816,0.0301149133592844
17817,0.030108189210295677
17818,0.030133314430713654
17819,0.030110256746411324
17820,0.030116509646177292
17821,0.030121449381113052
17822,0.03014109842479229
17823,0.030132196843624115
17824,0.030137713998556137
17825,0.03014131262898445
17826,0.03014317899942398
17827,0.030143482610583305
17828,0.03014238364994526
17829,0.03014012612402439
17830,0.03014182858169079
17831,0.03013855591416359
17832,0.030132455751299858
17833,0.030129408463835716
17834,0.030125344172120094
17835,0.030120383948087692
17836,0.030114635825157166
17837,0.030157094821333885
17838,0.030129170045256615
17839,0.030147071927785873
17840,0.030162068083882332
17841,0.030174337327480316
17842,0.030184071511030197
17843,0.030191456899046898
17844,0.030196677893400192
17845,0.030199922621250153
17846,0.030201369896531105
17847,0.03020119108259678
17848,0.030199646949768066
17849,0.03019869327545166
17850,0.030196519568562508
17851,0.030191980302333832
17852,0.030186695978045464
17853,0.030182059854269028
17854,0.030176566913723946
17855,0.030170222744345665
17856,0.030163146555423737
17857,0.03015543706715107
17858,0.030147166922688484
17859,0.030140265822410583
17860,0.030179914087057114
17861,0.03014308214187622
17862,0.030137302353978157
17863,0.030134886503219604
17864,0.030130596831440926
17865,0.030138783156871796
17866,0.030132215470075607
17867,0.030132729560136795
17868,0.0301318671554327
17869,0.030129775404930115
17870,0.03012658655643463
17871,0.030122417956590652
17872,0.030117375776171684
17873,0.030111566185951233
17874,0.030107775703072548
17875,0.030102206394076347
17876,0.030119238421320915
17877,0.03010164201259613
17878,0.030098745599389076
17879,0.030097784474492073
17880,0.030098361894488335
17881,0.030097614973783493
17882,0.030095672234892845
17883,0.03009265474975109
17884,0.03009684942662716
17885,0.030091095715761185
17886,0.030092015862464905
17887,0.030125906690955162
17888,0.03009941056370735
17889,0.030105261132121086
17890,0.030124742537736893
17891,0.030118189752101898
17892,0.030124962329864502
17893,0.03012976609170437
17894,0.030132774263620377
17895,0.030134139582514763
17896,0.030134020373225212
17897,0.030132556334137917
17898,0.030130501836538315
17899,0.030131198465824127
17900,0.030126580968499184
17901,0.030123507604002953
17902,0.030120503157377243
17903,0.030116455629467964
17904,0.030111495405435562
17905,0.030161354690790176
17906,0.03012240119278431
17907,0.03013627603650093
17908,0.030147545039653778
17909,0.030156373977661133
17910,0.030162960290908813
17911,0.030167490243911743
17912,0.03017013520002365
17913,0.030171064659953117
17914,0.030170448124408722
17915,0.030168442055583
17916,0.03016972914338112
17917,0.03016919270157814
17918,0.030162706971168518
17919,0.03015962429344654
17920,0.030158454552292824
17921,0.030156616121530533
17922,0.03015354461967945
17923,0.03014938160777092
17924,0.030144251883029938
17925,0.030138270929455757
17926,0.030163012444972992
17927,0.03013184666633606
17928,0.030131729319691658
17929,0.030132271349430084
17930,0.030131805688142776
17931,0.030133627355098724
17932,0.03013426624238491
17933,0.030133459717035294
17934,0.030131351202726364
17935,0.03012807108461857
17936,0.030123742297291756
17937,0.03014848567545414
17938,0.030126424506306648
17939,0.03013220615684986
17940,0.03013605810701847
17941,0.03013816475868225
17942,0.030138706788420677
17943,0.03013785183429718
17944,0.0301357489079237
17945,0.030142512172460556
17946,0.030134182423353195
17947,0.0301345344632864
17948,0.030134063214063644
17949,0.03013310767710209
17950,0.03013002872467041
17951,0.03012673556804657
17952,0.03012300655245781
17953,0.030118374153971672
17954,0.030121609568595886
17955,0.030111555010080338
17956,0.03010903298854828
17957,0.030180810019373894
17958,0.03013569489121437
17959,0.030162323266267776
17960,0.030185488983988762
17961,0.03020532988011837
17962,0.030222004279494286
17963,0.030235694721341133
17964,0.030246589332818985
17965,0.030254900455474854
17966,0.03026081807911396
17967,0.03026506118476391
17968,0.0302693210542202
17969,0.030270935967564583
17970,0.030270153656601906
17971,0.03026733547449112
17972,0.03026440367102623
17973,0.030261069536209106
17974,0.03025648184120655
17975,0.0302507895976305
17976,0.03024412877857685
17977,0.030236633494496346
17978,0.03022840805351734
17979,0.03022112138569355
17980,0.030217215418815613
17981,0.03021370992064476
17982,0.030209258198738098
17983,0.030236834660172462
17984,0.030204512178897858
17985,0.030203688889741898
17986,0.030201518908143044
17987,0.030198149383068085
17988,0.03019370697438717
17989,0.03018832392990589
17990,0.03018210642039776
17991,0.03017592988908291
17992,0.030169790610671043
17993,0.030162231996655464
17994,0.030154351145029068
17995,0.030146827921271324
17996,0.03013879433274269
17997,0.03013031743466854
17998,0.030128629878163338
17999,0.030122768133878708
18000,0.030108686536550522
18001,0.030102387070655823
18002,0.030124202370643616
18003,0.030103880912065506
18004,0.03011236898601055
18005,0.030123895034193993
18006,0.030129939317703247
18007,0.030139930546283722
18008,0.03014768287539482
18009,0.030156360939145088
18010,0.03016204573214054
18011,0.0301685594022274
18012,0.03017311543226242
18013,0.03017588146030903
18014,0.030177028849720955
18015,0.030176715925335884
18016,0.030175086110830307
18017,0.030172284692525864
18018,0.030168427154421806
18019,0.030163638293743134
18020,0.030158020555973053
18021,0.0301530621945858
18022,0.03014882653951645
18023,0.030142828822135925
18024,0.03013738989830017
18025,0.030128635466098785
18026,0.03012196533381939
18027,0.030116302892565727
18028,0.030109981074929237
18029,0.030103076249361038
18030,0.030274026095867157
18031,0.03012956492602825
18032,0.0301598459482193
18033,0.03018656186759472
18034,0.030209815129637718
18035,0.03022974357008934
18036,0.030246498063206673
18037,0.03026026487350464
18038,0.03027123585343361
18039,0.030279608443379402
18040,0.030285583809018135
18041,0.030289361253380775
18042,0.03029114194214344
18043,0.030291106551885605
18044,0.03028944879770279
18045,0.030286334455013275
18046,0.030281921848654747
18047,0.030276374891400337
18048,0.030269820243120193
18049,0.030262399464845657
18050,0.030259327962994576
18051,0.030251897871494293
18052,0.03024139627814293
18053,0.030234558507800102
18054,0.03022698312997818
18055,0.03022102266550064
18056,0.03021545521914959
18057,0.030206631869077682
18058,0.030197754502296448
18059,0.030209306627511978
18060,0.030199263244867325
18061,0.03019098751246929
18062,0.030189834535121918
18063,0.03018936514854431
18064,0.03018759936094284
18065,0.03018467128276825
18066,0.030180705711245537
18067,0.030175818130373955
18068,0.03017011284828186
18069,0.030163681134581566
18070,0.03015661984682083
18071,0.030149010941386223
18072,0.030188189819455147
18073,0.03014475479722023
18074,0.030146947130560875
18075,0.030147656798362732
18076,0.030147042125463486
18077,0.030145226046442986
18078,0.030142342671751976
18079,0.03013850748538971
18080,0.03013497218489647
18081,0.03014981374144554
18082,0.03013266623020172
18083,0.030134769156575203
18084,0.03013569675385952
18085,0.03013528883457184
18086,0.030133675783872604
18087,0.030130978673696518
18088,0.030127311125397682
18089,0.030122768133878708
18090,0.0301174558699131
18091,0.03011145442724228
18092,0.03010484389960766
18093,0.030101217329502106
18094,0.030127637088298798
18095,0.030106330290436745
18096,0.03011789545416832
18097,0.030127212405204773
18098,0.030134430155158043
18099,0.030139705166220665
18100,0.03014318086206913
18101,0.030145015567541122
18102,0.030161557719111443
18103,0.030149593949317932
18104,0.030152080580592155
18105,0.030152980238199234
18106,0.03015243448317051
18107,0.030156303197145462
18108,0.030150549486279488
18109,0.03014916367828846
18110,0.030146576464176178
18111,0.03014291450381279
18112,0.030138306319713593
18113,0.030132852494716644
18114,0.03012666292488575
18115,0.030120234936475754
18116,0.030125238001346588
18117,0.030113499611616135
18118,0.03011181950569153
18119,0.030109860002994537
18120,0.030106836929917336
18121,0.030102860182523727
18122,0.03010009229183197
18123,0.03009672276675701
18124,0.03009430319070816
18125,0.030146615579724312
18126,0.03010798990726471
18127,0.030122464522719383
18128,0.03013445995748043
18129,0.030144117772579193
18130,0.030151596292853355
18131,0.030157053843140602
18132,0.030160635709762573
18133,0.0301625058054924
18134,0.030162811279296875
18135,0.03016170859336853
18136,0.030176658183336258
18137,0.03016354888677597
18138,0.030164683237671852
18139,0.030161535367369652
18140,0.03016076236963272
18141,0.030158665031194687
18142,0.030155370011925697
18143,0.030152590945363045
18144,0.030148761346936226
18145,0.030142270028591156
18146,0.030136972665786743
18147,0.030141908675432205
18148,0.030133841559290886
18149,0.030164435505867004
18150,0.030142376199364662
18151,0.03014751709997654
18152,0.030150802806019783
18153,0.03015240840613842
18154,0.03015250712633133
18155,0.03015124425292015
18156,0.03014877252280712
18157,0.030145222321152687
18158,0.030140716582536697
18159,0.030135365203022957
18160,0.030129270628094673
18161,0.030245114117860794
18162,0.03015225939452648
18163,0.030178336426615715
18164,0.030200893059372902
18165,0.030220115557312965
18166,0.030236179009079933
18167,0.03024929016828537
18168,0.03025965951383114
18169,0.030267490074038506
18170,0.030272994190454483
18171,0.030276380479335785
18172,0.030277838930487633
18173,0.030277565121650696
18174,0.030275877565145493
18175,0.030274666845798492
18176,0.03027285449206829
18177,0.030268263071775436
18178,0.030262703076004982
18179,0.030256768688559532
18180,0.030250977724790573
18181,0.030244484543800354
18182,0.03023720532655716
18183,0.03022925555706024
18184,0.030231229960918427
18185,0.030217109248042107
18186,0.030212463811039925
18187,0.030206909403204918
18188,0.030201077461242676
18189,0.03019683063030243
18190,0.030190208926796913
18191,0.03018522635102272
18192,0.03017980046570301
18193,0.030173899605870247
18194,0.030167460441589355
18195,0.030160468071699142
18196,0.03015349805355072
18197,0.030147161334753036
18198,0.0301501601934433
18199,0.030137529596686363
18200,0.03013385832309723
18201,0.030130859464406967
18202,0.030126916244626045
18203,0.030121149495244026
18204,0.030117526650428772
18205,0.030113063752651215
18206,0.030107852071523666
18207,0.030105452984571457
18208,0.03010629303753376
18209,0.03010164201259613
18210,0.030095253139734268
18211,0.030093608424067497
18212,0.030090946704149246
18213,0.030087364837527275
18214,0.03008296526968479
18215,0.030095404013991356
18216,0.030097652226686478
18217,0.030082793906331062
18218,0.03008539043366909
18219,0.030089374631643295
18220,0.030091779306530952
18221,0.030092747882008553
18222,0.03009241260588169
18223,0.03009267896413803
18224,0.03009187988936901
18225,0.030093202367424965
18226,0.030093757435679436
18227,0.030093031004071236
18228,0.030091147869825363
18229,0.03008822724223137
18230,0.03008436970412731
18231,0.03008478879928589
18232,0.030082346871495247
18233,0.03008352778851986
18234,0.030083365738391876
18235,0.03008481301367283
18236,0.03008205257356167
18237,0.030093956738710403
18238,0.03008531592786312
18239,0.030089620500802994
18240,0.0300922691822052
18241,0.030093390494585037
18242,0.03009311854839325
18243,0.030091581866145134
18244,0.030088892206549644
18245,0.030093112960457802
18246,0.030096370726823807
18247,0.030096469447016716
18248,0.030100515112280846
18249,0.030102839693427086
18250,0.03012748807668686
18251,0.030109357088804245
18252,0.030113205313682556
18253,0.030115317553281784
18254,0.03011586330831051
18255,0.03011501021683216
18256,0.030112892389297485
18257,0.03010965697467327
18258,0.030105432495474815
18259,0.030100330710411072
18260,0.03009621985256672
18261,0.030092062428593636
18262,0.030126772820949554
18263,0.030095594003796577
18264,0.030106237158179283
18265,0.030114583671092987
18266,0.03012080304324627
18267,0.030125081539154053
18268,0.030127588659524918
18269,0.03012848272919655
18270,0.03012792393565178
18271,0.030126051977276802
18272,0.030139802023768425
18273,0.03012572042644024
18274,0.03012680821120739
18275,0.0301264226436615
18276,0.030124718323349953
18277,0.030121833086013794
18278,0.03011840581893921
18279,0.030166659504175186
18280,0.030119994655251503
18281,0.030124234035611153
18282,0.030126728117465973
18283,0.030127622187137604
18284,0.03012707270681858
18285,0.030125951394438744
18286,0.030126499012112617
18287,0.030126284807920456
18288,0.030124710872769356
18289,0.030125845223665237
18290,0.030123623088002205
18291,0.030118361115455627
18292,0.03011566400527954
18293,0.030112167820334435
18294,0.030107662081718445
18295,0.030102448537945747
18296,0.030119391158223152
18297,0.030095597729086876
18298,0.03009357489645481
18299,0.03014889732003212
18300,0.030102187767624855
18301,0.030111543834209442
18302,0.030118698254227638
18303,0.03012383170425892
18304,0.030127113685011864
18305,0.0301287192851305
18306,0.030135344713926315
18307,0.030131785199046135
18308,0.030131546780467033
18309,0.030131664127111435
18310,0.03013041615486145
18311,0.030127935111522675
18312,0.030128130689263344
18313,0.03012515977025032
18314,0.030120093375444412
18315,0.030148405581712723
18316,0.03012951649725437
18317,0.030139300972223282
18318,0.03014679253101349
18319,0.03015218675136566
18320,0.030155666172504425
18321,0.03015740215778351
18322,0.03015756979584694
18323,0.030156325548887253
18324,0.030153809115290642
18325,0.030150169506669044
18326,0.03014552779495716
18327,0.030140003189444542
18328,0.030133698135614395
18329,0.030126716941595078
18330,0.030121654272079468
18331,0.030127277597784996
18332,0.03011362813413143
18333,0.030113590881228447
18334,0.03011227212846279
18335,0.030117399990558624
18336,0.03010907769203186
18337,0.030107131227850914
18338,0.030108142644166946
18339,0.030119962990283966
18340,0.03011561557650566
18341,0.03012566827237606
18342,0.0301334410905838
18343,0.030139120295643806
18344,0.03014286234974861
18345,0.03014485165476799
18346,0.03014524094760418
18347,0.03014417737722397
18348,0.030141815543174744
18349,0.0301382876932621
18350,0.030133720487356186
18351,0.030136659741401672
18352,0.03014833852648735
18353,0.030123883858323097
18354,0.03012353554368019
18355,0.03012225218117237
18356,0.030119743198156357
18357,0.030116137117147446
18358,0.030111555010080338
18359,0.030106114223599434
18360,0.030099915340542793
18361,0.03011530451476574
18362,0.030092859640717506
18363,0.030092010274529457
18364,0.030090276151895523
18365,0.03008866310119629
18366,0.03008650615811348
18367,0.030094889923930168
18368,0.030098315328359604
18369,0.030108951032161713
18370,0.030117293819785118
18371,0.0301235169172287
18372,0.03012778051197529
18373,0.030130254104733467
18374,0.030131103470921516
18375,0.03013046644628048
18376,0.030128497630357742
18377,0.03012533113360405
18378,0.03012109361588955
18379,0.03011590801179409
18380,0.030117185786366463
18381,0.03011319227516651
18382,0.03011477179825306
18383,0.030119430273771286
18384,0.03012225776910782
18385,0.030123410746455193
18386,0.030128590762615204
18387,0.030126171186566353
18388,0.030127575621008873
18389,0.03012741543352604
18390,0.03012586198747158
18391,0.03012305311858654
18392,0.030120952054858208
18393,0.030116988345980644
18394,0.030111169442534447
18395,0.030106212943792343
18396,0.03010040707886219
18397,0.030093854293227196
18398,0.030086658895015717
18399,0.030079372227191925
18400,0.030248481780290604
18401,0.030125511810183525
18402,0.030175162479281425
18403,0.03022005781531334
18404,0.030260177329182625
18405,0.03029557503759861
18406,0.030326377600431442
18407,0.030352765694260597
18408,0.030374953523278236
18409,0.030393192544579506
18410,0.030407752841711044
18411,0.030418898910284042
18412,0.03042691759765148
18413,0.03043208457529545
18414,0.03043467178940773
18415,0.03043494001030922
18416,0.03043314255774021
18417,0.03042951598763466
18418,0.03042428009212017
18419,0.030417639762163162
18420,0.030409786850214005
18421,0.030400903895497322
18422,0.030391136184334755
18423,0.03038063459098339
18424,0.030371548607945442
18425,0.030365031212568283
18426,0.030358418822288513
18427,0.030346427112817764
18428,0.030330652371048927
18429,0.03032173588871956
18430,0.030312400311231613
18431,0.030302580446004868
18432,0.03029235079884529
18433,0.030281944200396538
18434,0.03027248941361904
18435,0.03026232123374939
18436,0.03025270439684391
18437,0.03024311363697052
18438,0.03025927022099495
18439,0.030229918658733368
18440,0.03022565133869648
18441,0.03022056259214878
18442,0.030214743688702583
18443,0.030210446566343307
18444,0.030204180628061295
18445,0.030197011306881905
18446,0.03021661378443241
18447,0.030189845710992813
18448,0.03018764965236187
18449,0.03018449991941452
18450,0.03020380809903145
18451,0.03018014319241047
18452,0.03017864003777504
18453,0.030176090076565742
18454,0.03018108755350113
18455,0.03017256036400795
18456,0.030170617625117302
18457,0.03017272800207138
18458,0.0301667433232069
18459,0.030165158212184906
18460,0.030163180083036423
18461,0.030162015929818153
18462,0.030187048017978668
18463,0.03016768954694271
18464,0.03017365373671055
18465,0.030177827924489975
18466,0.03018038161098957
18467,0.03018147684633732
18468,0.03018125519156456
18469,0.030179860070347786
18470,0.03017740696668625
18471,0.03017400950193405
18472,0.030225316062569618
18473,0.03018362820148468
18474,0.030195137485861778
18475,0.03020569495856762
18476,0.03021627850830555
18477,0.030225815251469612
18478,0.03023320809006691
18479,0.030238624662160873
18480,0.030242225155234337
18481,0.03025192767381668
18482,0.0302581824362278
18483,0.030255237594246864
18484,0.030250901356339455
18485,0.030251692980527878
18486,0.03025105595588684
18487,0.030249128118157387
18488,0.030246049165725708
18489,0.030241936445236206
18490,0.030236907303333282
18491,0.030231311917304993
18492,0.03022940643131733
18493,0.030221251770853996
18494,0.030214106664061546
18495,0.030208079144358635
18496,0.03020978905260563
18497,0.030203288421034813
18498,0.03020373359322548
18499,0.03020288050174713
18500,0.030200878158211708
18501,0.030221251770853996
18502,0.030198391526937485
18503,0.03019765205681324
18504,0.03019575960934162
18505,0.03019282966852188
18506,0.030188972130417824
18507,0.03019808419048786
18508,0.030191563069820404
18509,0.03017936646938324
18510,0.030176552012562752
18511,0.030172821134328842
18512,0.03016826882958412
18513,0.03016299195587635
18514,0.030157070606946945
18515,0.030151424929499626
18516,0.03014635108411312
18517,0.030140386894345284
18518,0.030132172629237175
18519,0.030124645680189133
18520,0.03013559989631176
18521,0.030118856579065323
18522,0.03011460043489933
18523,0.03011348284780979
18524,0.030112648382782936
18525,0.030111033469438553
18526,0.03010842762887478
18527,0.030104923993349075
18528,0.030109848827123642
18529,0.030098069459199905
18530,0.030094627290964127
18531,0.030099404975771904
18532,0.030089683830738068
18533,0.03010106272995472
18534,0.03009721264243126
18535,0.030104458332061768
18536,0.0301098320633173
18537,0.03011351265013218
18538,0.030115844681859016
18539,0.030118774622678757
18540,0.03012041002511978
18541,0.03012068197131157
18542,0.030119722709059715
18543,0.030118824914097786
18544,0.03011702187359333
18545,0.030115248635411263
18546,0.03011244349181652
18547,0.03010871261358261
18548,0.030113480985164642
18549,0.03010537102818489
18550,0.030118580907583237
18551,0.03011501394212246
18552,0.0301226619631052
18553,0.030128372833132744
18554,0.030132291838526726
18555,0.03013457916676998
18556,0.030135365203022957
18557,0.030134795233607292
18558,0.030133003368973732
18559,0.030132686719298363
18560,0.03013218380510807
18561,0.03013848327100277
18562,0.030126864090561867
18563,0.030127307400107384
18564,0.030126430094242096
18565,0.03012433648109436
18566,0.03012705221772194
18567,0.030124247074127197
18568,0.030116133391857147
18569,0.03011276200413704
18570,0.030108440667390823
18571,0.03010326810181141
18572,0.030097337439656258
18573,0.0301569402217865
18574,0.03010564297437668
18575,0.030117955058813095
18576,0.030127841979265213
18577,0.030135488137602806
18578,0.030141057446599007
18579,0.030144717544317245
18580,0.030146636068820953
18581,0.030146978795528412
18582,0.030145885422825813
18583,0.030145134776830673
18584,0.030145293101668358
18585,0.03014008142054081
18586,0.030137265101075172
18587,0.030133534222841263
18588,0.03012978285551071
18589,0.03012506105005741
18590,0.03012070804834366
18591,0.0301144290715456
18592,0.030108990147709846
18593,0.03011980652809143
18594,0.030102431774139404
18595,0.030100811272859573
18596,0.030098991468548775
18597,0.030096042901277542
18598,0.030102988705039024
18599,0.03010343573987484
18600,0.03009491041302681
18601,0.030096594244241714
18602,0.030096793547272682
18603,0.0300956591963768
18604,0.03009331040084362
18605,0.030089877545833588
18606,0.030088016763329506
18607,0.03008296899497509
18608,0.030079415068030357
18609,0.03007492609322071
18610,0.030069610103964806
18611,0.030067794024944305
18612,0.030064349994063377
18613,0.030125834047794342
18614,0.030077660456299782
18615,0.030099498108029366
18616,0.030118102207779884
18617,0.030133673921227455
18618,0.030146434903144836
18619,0.030156593769788742
18620,0.030164355412125587
18621,0.030169930309057236
18622,0.030173515900969505
18623,0.03017529286444187
18624,0.030175449326634407
18625,0.030174147337675095
18626,0.030171547085046768
18627,0.03016779012978077
18628,0.03016301803290844
18629,0.0302189402282238
18630,0.030162028968334198
18631,0.030164947733283043
18632,0.030166229233145714
18633,0.030166015028953552
18634,0.03016444854438305
18635,0.030161652714014053
18636,0.030157756060361862
18637,0.030152874067425728
18638,0.030148383229970932
18639,0.03015194647014141
18640,0.0301761906594038
18641,0.030148416757583618
18642,0.030150601640343666
18643,0.030155779793858528
18644,0.03015928529202938
18645,0.030162647366523743
18646,0.030164260417222977
18647,0.030164290219545364
18648,0.030162883922457695
18649,0.030160196125507355
18650,0.03015635721385479
18651,0.030151505023241043
18652,0.030145743861794472
18653,0.030141161754727364
18654,0.030136551707983017
18655,0.030128484591841698
18656,0.030123015865683556
18657,0.03011760488152504
18658,0.030143581330776215
18659,0.030125916004180908
18660,0.030138157308101654
18661,0.03014792688190937
18662,0.03015541471540928
18663,0.03016081266105175
18664,0.030164288356900215
18665,0.0301660168915987
18666,0.030234528705477715
18667,0.03017801232635975
18668,0.030187275260686874
18669,0.03019419126212597
18670,0.030198978260159492
18671,0.030201857909560204
18672,0.030203016474843025
18673,0.03020264208316803
18674,0.03020089492201805
18675,0.03019794449210167
18676,0.030193915590643883
18677,0.030188942328095436
18678,0.03018314391374588
18679,0.030176622793078423
18680,0.03016948141157627
18681,0.030161796137690544
18682,0.030164800584316254
18683,0.030172349885106087
18684,0.030146656557917595
18685,0.030145542696118355
18686,0.03014531172811985
18687,0.03014364093542099
18688,0.030140144750475883
18689,0.03013503924012184
18690,0.030148450285196304
18691,0.030144942924380302
18692,0.030157161876559258
18693,0.03016701154410839
18694,0.03017463907599449
18695,0.030180221423506737
18696,0.030183929949998856
18697,0.030185909941792488
18698,0.030186327174305916
18699,0.030185328796505928
18700,0.03018304891884327
18701,0.03017963096499443
18702,0.030175186693668365
18703,0.030169837176799774
18704,0.030163688585162163
18705,0.030158787965774536
18706,0.030153661966323853
18707,0.03014480695128441
18708,0.03013833984732628
18709,0.03013356402516365
18710,0.030128732323646545
18711,0.03012014366686344
18712,0.03011343441903591
18713,0.030117768794298172
18714,0.03010544553399086
18715,0.03010244108736515
18716,0.030098503455519676
18717,0.030093733221292496
18718,0.030088214203715324
18719,0.03016239032149315
18720,0.030101733282208443
18721,0.030118543654680252
18722,0.030132628977298737
18723,0.030144168063998222
18724,0.030153324827551842
18725,0.03016027808189392
18726,0.030165202915668488
18727,0.03016827255487442
18728,0.03016965277493
18729,0.030169494450092316
18730,0.030167950317263603
18731,0.03016517125070095
18732,0.03016326203942299
18733,0.030162053182721138
18734,0.03015715442597866
18735,0.0301505159586668
18736,0.030146071687340736
18737,0.03014126978814602
18738,0.030137622728943825
18739,0.030131537467241287
18740,0.030124053359031677
18741,0.03011804260313511
18742,0.03011150285601616
18743,0.0301080159842968
18744,0.030126838013529778
18745,0.030105797573924065
18746,0.030108271166682243
18747,0.030109234154224396
18748,0.030108828097581863
18749,0.030107181519269943
18750,0.030104419216513634
18751,0.03010617010295391
18752,0.030100716277956963
18753,0.03009948506951332
18754,0.030097106471657753
18755,0.030099695548415184
18756,0.03009348176419735
18757,0.030092013999819756
18758,0.030089424923062325
18759,0.030086632817983627
18760,0.030153784900903702
18761,0.030106017366051674
18762,0.030124077573418617
18763,0.030139386653900146
18764,0.03015207313001156
18765,0.030162276700139046
18766,0.030170170590281487
18767,0.03017590008676052
18768,0.030179638415575027
18769,0.03021336905658245
18770,0.03018980100750923
18771,0.03019576705992222
18772,0.030199633911252022
18773,0.030201595276594162
18774,0.03020535595715046
18775,0.030204063281416893
18776,0.030204536393284798
18777,0.030203433707356453
18778,0.030202070251107216
18779,0.03020055778324604
18780,0.030197208747267723
18781,0.030193282291293144
18782,0.0301924217492342
18783,0.030193189159035683
18784,0.0301924180239439
18785,0.030190274119377136
18786,0.03018691949546337
18787,0.030182497575879097
18788,0.030177133157849312
18789,0.030170952901244164
18790,0.03016406111419201
18791,0.030164381489157677
18792,0.030151698738336563
18793,0.030146028846502304
18794,0.03014187701046467
18795,0.0301342960447073
18796,0.030129363760352135
18797,0.030142100527882576
18798,0.03012380376458168
18799,0.03012971766293049
18800,0.030133327469229698
18801,0.030135635286569595
18802,0.03013746067881584
18803,0.030137822031974792
18804,0.030136844143271446
18805,0.030134674161672592
18806,0.030131423845887184
18807,0.030133971944451332
18808,0.03013039194047451
18809,0.0301289614289999
18810,0.03012947551906109
18811,0.030128642916679382
18812,0.030126608908176422
18813,0.030123502016067505
18814,0.030119426548480988
18815,0.030118240043520927
18816,0.03011293150484562
18817,0.030112845823168755
18818,0.030113156884908676
18819,0.03011218272149563
18820,0.03011004626750946
18821,0.03011690452694893
18822,0.03010876476764679
18823,0.030109217390418053
18824,0.030108368024230003
18825,0.03012044169008732
18826,0.03010784275829792
18827,0.030107934027910233
18828,0.030108164995908737
18829,0.030107276514172554
18830,0.03010648302733898
18831,0.030104488134384155
18832,0.03010142594575882
18833,0.030097603797912598
18834,0.03009568713605404
18835,0.030096393078565598
18836,0.030097026377916336
18837,0.03010166995227337
18838,0.03010680340230465
18839,0.030115021392703056
18840,0.03012116253376007
18841,0.030125420540571213
18842,0.030127955600619316
18843,0.030128933489322662
18844,0.03012850508093834
18845,0.03012680448591709
18846,0.030125880613923073
18847,0.030123604461550713
18848,0.030119869858026505
18849,0.030114391818642616
18850,0.030108772218227386
18851,0.030103649944067
18852,0.030097782611846924
18853,0.030128080397844315
18854,0.030101925134658813
18855,0.030110342428088188
18856,0.03011668473482132
18857,0.030121132731437683
18858,0.030123844742774963
18859,0.030124977231025696
18860,0.030124681070446968
18861,0.030125070363283157
18862,0.030125195160508156
18863,0.030121563002467155
18864,0.030118094757199287
18865,0.030115250498056412
18866,0.030111396685242653
18867,0.030106645077466965
18868,0.030118579044938087
18869,0.03010256588459015
18870,0.030109163373708725
18871,0.030106697231531143
18872,0.03010912612080574
18873,0.03011004626750946
18874,0.03010958805680275
18875,0.030107883736491203
18876,0.030105052515864372
18877,0.030101219192147255
18878,0.030097246170043945
18879,0.030093010514974594
18880,0.0300881490111351
18881,0.030081724748015404
18882,0.030079392716288567
18883,0.030085064470767975
18884,0.030086467042565346
18885,0.03009781427681446
18886,0.03010682761669159
18887,0.030113674700260162
18888,0.030118534341454506
18889,0.030121570453047752
18890,0.03012622892856598
18891,0.03012479655444622
18892,0.03012508526444435
18893,0.03012397326529026
18894,0.03012160025537014
18895,0.030120542272925377
18896,0.03011534921824932
18897,0.0301115233451128
18898,0.030118342489004135
18899,0.030110031366348267
18900,0.030111653730273247
18901,0.03011203184723854
18902,0.03011227771639824
18903,0.030111385509371758
18904,0.030109237879514694
18905,0.030105972662568092
18906,0.03010246530175209
18907,0.030099252238869667
18908,0.030099162831902504
18909,0.030090797692537308
18910,0.030087824910879135
18911,0.030083872377872467
18912,0.03008367121219635
18913,0.03008221834897995
18914,0.030079636722803116
18915,0.030122624710202217
18916,0.030086440965533257
18917,0.030094653367996216
18918,0.030100852251052856
18919,0.030105190351605415
18920,0.030107809230685234
18921,0.03010885789990425
18922,0.03010847233235836
18923,0.030106784775853157
18924,0.030103929340839386
18925,0.030104728415608406
18926,0.030112650245428085
18927,0.030106721445918083
18928,0.03011140413582325
18929,0.030114272609353065
18930,0.030115490779280663
18931,0.030141670256853104
18932,0.030121110379695892
18933,0.03012503869831562
18934,0.030127190053462982
18935,0.030127735808491707
18936,0.03012855164706707
18937,0.03012767806649208
18938,0.030124973505735397
18939,0.030120616778731346
18940,0.030117221176624298
18941,0.03011303022503853
18942,0.030133333057165146
18943,0.030107218772172928
18944,0.03010524995625019
18945,0.03013569489121437
18946,0.03011368401348591
18947,0.030122825875878334
18948,0.03012976050376892
18949,0.030134662985801697
18950,0.030137700960040092
18951,0.030139030888676643
18952,0.030138829723000526
18953,0.030137240886688232
18954,0.030134398490190506
18955,0.03013044409453869
18956,0.030125495046377182
18957,0.030119670554995537
18958,0.030115781351923943
18959,0.030115138739347458
18960,0.03010816127061844
18961,0.03010241501033306
18962,0.030099304392933846
18963,0.030095398426055908
18964,0.030090583488345146
18965,0.030097385868430138
18966,0.03009442612528801
18967,0.030083557590842247
18968,0.030083030462265015
18969,0.030081316828727722
18970,0.030086714774370193
18971,0.030085064470767975
18972,0.030087072402238846
18973,0.030087579041719437
18974,0.03008672408759594
18975,0.030086223036050797
18976,0.030084572732448578
18977,0.030083199962973595
18978,0.030080657452344894
18979,0.030077069997787476
18980,0.030072543770074844
18981,0.03012891113758087
18982,0.03009049780666828
18983,0.030110545456409454
18984,0.030127521604299545
18985,0.030141597613692284
18986,0.030152970924973488
18987,0.030161840841174126
18988,0.03016839176416397
18989,0.030172821134328842
18990,0.03017532266676426
18991,0.03017607145011425
18992,0.030175233259797096
18993,0.030172985047101974
18994,0.030169473960995674
18995,0.030164841562509537
18996,0.030165109783411026
18997,0.030166007578372955
18998,0.030156200751662254
18999,0.030148861929774284
19000,0.030144087970256805
19001,0.03013947606086731
19002,0.030142145231366158
19003,0.030132899060845375
19004,0.03013056516647339
19005,0.030127085745334625
19006,0.030147839337587357
19007,0.030125923454761505
19008,0.03012756071984768
19009,0.030127665027976036
19010,0.030126381665468216
19011,0.030123863369226456
19012,0.030120227485895157
19013,0.030115609988570213
19014,0.030117575079202652
19015,0.030106861144304276
19016,0.03010261245071888
19017,0.030097486451268196
19018,0.030091585591435432
19019,0.030085008591413498
19020,0.030077939853072166
19021,0.030071798712015152
19022,0.03007405251264572
19023,0.030092280358076096
19024,0.030071504414081573
19025,0.030078426003456116
19026,0.03009222261607647
19027,0.03009812720119953
19028,0.03011021949350834
19029,0.030119895935058594
19030,0.030127329751849174
19031,0.030132697895169258
19032,0.030136169865727425
19033,0.030137913301587105
19034,0.030138084664940834
19035,0.030140675604343414
19036,0.030138179659843445
19037,0.030137985944747925
19038,0.030136415734887123
19039,0.030133621767163277
19040,0.03012973442673683
19041,0.030130567029118538
19042,0.03012424148619175
19043,0.03011983260512352
19044,0.030116844922304153
19045,0.03011283092200756
19046,0.030111033469438553
19047,0.03010682761669159
19048,0.030104225501418114
19049,0.030100887641310692
19050,0.03009660542011261
19051,0.030113356187939644
19052,0.030091475695371628
19053,0.030090218409895897
19054,0.030087823048233986
19055,0.03010537289083004
19056,0.03010551445186138
19057,0.03012358769774437
19058,0.030138786882162094
19059,0.030151275917887688
19060,0.030161231756210327
19061,0.030168835073709488
19062,0.030174260959029198
19063,0.03017769567668438
19064,0.030179310590028763
19065,0.03017927147448063
19066,0.030178461223840714
19067,0.030178220942616463
19068,0.030173836275935173
19069,0.030170699581503868
19070,0.030167732387781143
19071,0.03016454167664051
19072,0.030160123482346535
19073,0.03015495091676712
19074,0.0301490668207407
19075,0.03014373779296875
19076,0.03013789840042591
19077,0.030131278559565544
19078,0.030123969539999962
19079,0.030117422342300415
19080,0.030110836029052734
19081,0.030103372409939766
19082,0.03009500540792942
19083,0.030088501051068306
19084,0.030115166679024696
19085,0.03009023144841194
19086,0.030084431171417236
19087,0.030085938051342964
19088,0.030086006969213486
19089,0.030084777623414993
19090,0.030082374811172485
19091,0.030078917741775513
19092,0.03007451631128788
19093,0.030071565881371498
19094,0.030076520517468452
19095,0.030077103525400162
19096,0.030070364475250244
19097,0.030070815235376358
19098,0.030070122331380844
19099,0.030068207532167435
19100,0.030069930478930473
19101,0.030084386467933655
19102,0.030074916779994965
19103,0.030083948746323586
19104,0.030090805143117905
19105,0.030095668509602547
19106,0.03009871207177639
19107,0.03010009415447712
19108,0.03009997308254242
19109,0.03009849600493908
19110,0.03009580262005329
19111,0.030092017725110054
19112,0.030088769271969795
19113,0.03008570894598961
19114,0.03008003532886505
19115,0.03007577173411846
19116,0.03007153794169426
19117,0.03006775490939617
19118,0.030061356723308563
19119,0.03007134422659874
19120,0.03008217364549637
19121,0.030064625665545464
19122,0.030074527487158775
19123,0.030098000541329384
19124,0.030092284083366394
19125,0.030100053176283836
19126,0.0301057081669569
19127,0.030109431594610214
19128,0.030115680769085884
19129,0.030117526650428772
19130,0.030121639370918274
19131,0.030123932287096977
19132,0.03012458048760891
19133,0.0301237590610981
19134,0.030121618881821632
19135,0.030118310824036598
19136,0.030113961547613144
19137,0.030108695849776268
19138,0.03010263293981552
19139,0.03009871207177639
19140,0.03009415976703167
19141,0.030091332271695137
19142,0.030086901038885117
19143,0.030095389112830162
19144,0.030088651925325394
19145,0.03009622171521187
19146,0.030101750046014786
19147,0.030105385929346085
19148,0.03010731004178524
19149,0.030107669532299042
19150,0.030106624588370323
19151,0.03010430932044983
19152,0.030100855976343155
19153,0.0300963893532753
19154,0.030128318816423416
19155,0.030096111819148064
19156,0.030099377036094666
19157,0.030100978910923004
19158,0.03010106272995472
19159,0.030099766328930855
19160,0.0300972331315279
19161,0.03009357862174511
19162,0.03008892759680748
19163,0.030084872618317604
19164,0.030085766687989235
19165,0.030082255601882935
19166,0.030083686113357544
19167,0.030083639547228813
19168,0.03008226305246353
19169,0.03007998876273632
19170,0.0301075242459774
19171,0.030104395002126694
19172,0.030126472935080528
19173,0.03014529123902321
19174,0.030161017552018166
19175,0.030173856765031815
19176,0.030183998867869377
19177,0.03019164316356182
19178,0.030196992680430412
19179,0.03020024672150612
19180,0.030201595276594162
19181,0.030201217159628868
19182,0.03019929677248001
19183,0.030195992439985275
19184,0.030191462486982346
19185,0.030186036601662636
19186,0.030182568356394768
19187,0.030178675428032875
19188,0.030169019475579262
19189,0.030162062495946884
19190,0.030155207961797714
19191,0.030147625133395195
19192,0.03013940341770649
19193,0.030130641534924507
19194,0.030121417716145515
19195,0.030116576701402664
19196,0.030109569430351257
19197,0.030111366882920265
19198,0.03011447563767433
19199,0.030090877786278725
19200,0.03009142354130745
19201,0.030090590938925743
19202,0.0300885122269392
19203,0.030085308477282524
19204,0.03008364513516426
19205,0.03008059412240982
19206,0.030080260708928108
19207,0.030073273926973343
19208,0.030071035027503967
19209,0.03006770648062229
19210,0.030067920684814453
19211,0.030065344646573067
19212,0.030059633776545525
19213,0.030057448893785477
19214,0.030054308474063873
19215,0.030106011778116226
19216,0.03006620891392231
19217,0.03007952868938446
19218,0.030090317130088806
19219,0.030098749324679375
19220,0.030105002224445343
19221,0.030109252780675888
19222,0.03011167235672474
19223,0.03011241927742958
19224,0.030111657455563545
19225,0.030114009976387024
19226,0.03011377528309822
19227,0.030108492821455002
19228,0.030111361294984818
19229,0.03010646440088749
19230,0.030107108876109123
19231,0.03010627068579197
19232,0.03010409325361252
19233,0.030122529715299606
19234,0.03010128065943718
19235,0.030100371688604355
19236,0.030098147690296173
19237,0.030094750225543976
19238,0.030090298503637314
19239,0.03008553758263588
19240,0.030080895870923996
19241,0.030075574293732643
19242,0.030068205669522285
19243,0.030060824006795883
19244,0.030133089050650597
19245,0.03009827621281147
19246,0.030155040323734283
19247,0.030186906456947327
19248,0.030227836221456528
19249,0.030278535559773445
19250,0.030305594205856323
19251,0.030341820791363716
19252,0.030373144894838333
19253,0.03039979189634323
19254,0.030422037467360497
19255,0.03044016845524311
19256,0.030454479157924652
19257,0.03046528995037079
19258,0.03047288954257965
19259,0.03047758899629116
19260,0.030479665845632553
19261,0.03047940693795681
19262,0.030477067455649376
19263,0.0304728914052248
19264,0.03046710602939129
19265,0.030459923669695854
19266,0.030475610867142677
19267,0.030447708442807198
19268,0.03044234775006771
19269,0.030435653403401375
19270,0.030427802354097366
19271,0.03041895292699337
19272,0.030409259721636772
19273,0.03039962239563465
19274,0.03039158135652542
19275,0.030383843928575516
19276,0.03047393448650837
19277,0.03040354512631893
19278,0.030431637540459633
19279,0.03045710176229477
19280,0.03047845885157585
19281,0.03049606643617153
19282,0.030510269105434418
19283,0.030527785420417786
19284,0.03053395263850689
19285,0.03054358996450901
19286,0.030550582334399223
19287,0.030555205419659615
19288,0.03055770881474018
19289,0.030558325350284576
19290,0.030557269230484962
19291,0.030554739758372307
19292,0.030550913885235786
19293,0.03054596669971943
19294,0.030540479347109795
19295,0.030541669577360153
19296,0.03053385764360428
19297,0.030530568212270737
19298,0.030525648966431618
19299,0.03051980771124363
19300,0.030513692647218704
19301,0.03050754778087139
19302,0.030501078814268112
19303,0.030493950471282005
19304,0.030487069860100746
19305,0.030480192974209785
19306,0.03047282248735428
19307,0.03046581521630287
19308,0.03045828640460968
19309,0.030450722202658653
19310,0.030443191528320312
19311,0.030435379594564438
19312,0.030429566279053688
19313,0.030420677736401558
19314,0.03041299432516098
19315,0.03040604665875435
19316,0.030399128794670105
19317,0.030391795560717583
19318,0.030384106561541557
19319,0.030381347984075546
19320,0.030371233820915222
19321,0.03036588244140148
19322,0.030375536531209946
19323,0.030359242111444473
19324,0.030357474461197853
19325,0.03035479411482811
19326,0.03035128302872181
19327,0.030347023159265518
19328,0.030342109501361847
19329,0.03033723123371601
19330,0.03033181093633175
19331,0.030327867716550827
19332,0.030334141105413437
19333,0.030322209000587463
19334,0.030323872342705727
19335,0.03032507374882698
19336,0.030325062572956085
19337,0.030323950573801994
19338,0.030321836471557617
19339,0.030318820849061012
19340,0.030314994975924492
19341,0.030310437083244324
19342,0.030305227264761925
19343,0.030299445614218712
19344,0.03029314987361431
19345,0.030286399647593498
19346,0.030292004346847534
19347,0.03028143383562565
19348,0.03028232604265213
19349,0.030282048508524895
19350,0.030281683430075645
19351,0.030279455706477165
19352,0.030277224257588387
19353,0.03027467429637909
19354,0.030271241441369057
19355,0.03026755154132843
19356,0.030263129621744156
19357,0.03025844693183899
19358,0.030254734680056572
19359,0.030251316726207733
19360,0.03024708479642868
19361,0.030242886394262314
19362,0.030239218845963478
19363,0.03023482859134674
19364,0.030238505452871323
19365,0.03023662231862545
19366,0.030241746455430984
19367,0.030245304107666016
19368,0.030247405171394348
19369,0.030248187482357025
19370,0.030247757211327553
19371,0.030246227979660034
19372,0.030244005843997
19373,0.030241601169109344
19374,0.030238373205065727
19375,0.030234411358833313
19376,0.030229803174734116
19377,0.030224652960896492
19378,0.030218925327062607
19379,0.030223455280065536
19380,0.03021269291639328
19381,0.03021182306110859
19382,0.03021083027124405
19383,0.03021458350121975
19384,0.03021254390478134
19385,0.030206698924303055
19386,0.030204875394701958
19387,0.03020208328962326
19388,0.030216485261917114
19389,0.030204851180315018
19390,0.030209530144929886
19391,0.03021259419620037
19392,0.030214183032512665
19393,0.030214421451091766
19394,0.030213432386517525
19395,0.03021133877336979
19396,0.030208241194486618
19397,0.030204253271222115
19398,0.03019946999847889
19399,0.030193978920578957
19400,0.030188631266355515
19401,0.030190210789442062
19402,0.03018142096698284
19403,0.030175048857927322
19404,0.030201246961951256
19405,0.030194051563739777
19406,0.030213726684451103
19407,0.030230537056922913
19408,0.03024463728070259
19409,0.030256187543272972
19410,0.030265353620052338
19411,0.030272316187620163
19412,0.030277229845523834
19413,0.030280284583568573
19414,0.030281640589237213
19415,0.03028145246207714
19416,0.03027987666428089
19417,0.030277062207460403
19418,0.030273132026195526
19419,0.030268218368291855
19420,0.030262449756264687
19421,0.030255917459726334
19422,0.03024872951209545
19423,0.03024432063102722
19424,0.030239390209317207
19425,0.030229240655899048
19426,0.030221467837691307
19427,0.030214611440896988
19428,0.03020722232758999
19429,0.030199382454156876
19430,0.03021826595067978
19431,0.030189303681254387
19432,0.030186442658305168
19433,0.030182670801877975
19434,0.03017808124423027
19435,0.030177071690559387
19436,0.030176108703017235
19437,0.03016696870326996
19438,0.03016296960413456
19439,0.030184391885995865
19440,0.03016054444015026
19441,0.030160164460539818
19442,0.030158646404743195
19443,0.030156098306179047
19444,0.03015262447297573
19445,0.03014831617474556
19446,0.030143268406391144
19447,0.0301375649869442
19448,0.030131274834275246
19449,0.030126910656690598
19450,0.030121808871626854
19451,0.030122002586722374
19452,0.03012910485267639
19453,0.03012031503021717
19454,0.0301277507096529
19455,0.030133327469229698
19456,0.03013719618320465
19457,0.0301394984126091
19458,0.03014037385582924
19459,0.030139954760670662
19460,0.03013836219906807
19461,0.030135713517665863
19462,0.030132120475172997
19463,0.03012768365442753
19464,0.03012249805033207
19465,0.03012867085635662
19466,0.03011835366487503
19467,0.030116548761725426
19468,0.03011571802198887
19469,0.03011377714574337
19470,0.030110836029052734
19471,0.03010699898004532
19472,0.03010236658155918
19473,0.030099166557192802
19474,0.030097851529717445
19475,0.030097421258687973
19476,0.03009585104882717
19477,0.030111216008663177
19478,0.030100619420409203
19479,0.030106687918305397
19480,0.0301121287047863
19481,0.030116336420178413
19482,0.0301189161837101
19483,0.0301199983805418
19484,0.030119717121124268
19485,0.03011821210384369
19486,0.030115602537989616
19487,0.030111994594335556
19488,0.03012114204466343
19489,0.03010670095682144
19490,0.030104735866189003
19491,0.030109599232673645
19492,0.030102267861366272
19493,0.03010152094066143
19494,0.030099598690867424
19495,0.03009719029068947
19496,0.030094701796770096
19497,0.03010798618197441
19498,0.030093779787421227
19499,0.030096814036369324
19500,0.03009830042719841
19501,0.030098387971520424
19502,0.030097203329205513
19503,0.03009488247334957
19504,0.0300915390253067
19505,0.030087288469076157
19506,0.030087878927588463
19507,0.030084626749157906
19508,0.03008098155260086
19509,0.03008190542459488
19510,0.030082283541560173
19511,0.03008284419775009
19512,0.03008939139544964
19513,0.03008633479475975
19514,0.030088260769844055
19515,0.03008873015642166
19516,0.030087890103459358
19517,0.03008587658405304
19518,0.030083980411291122
19519,0.03008303791284561
19520,0.030082661658525467
19521,0.0300816148519516
19522,0.030092326924204826
19523,0.030079204589128494
19524,0.0300793144851923
19525,0.03008754551410675
19526,0.030080216005444527
19527,0.03008081018924713
19528,0.030080076307058334
19529,0.030078129842877388
19530,0.03009117767214775
19531,0.030085884034633636
19532,0.03009437769651413
19533,0.030100753530859947
19534,0.03010518103837967
19535,0.030107831582427025
19536,0.030108869075775146
19537,0.030108444392681122
19538,0.03010670840740204
19539,0.030103793367743492
19540,0.030100936070084572
19541,0.03010275587439537
19542,0.030094129964709282
19543,0.03009086102247238
19544,0.030087212100625038
19545,0.03008262999355793
19546,0.03007757104933262
19547,0.030073290690779686
19548,0.03006848506629467
19549,0.03008071519434452
19550,0.030067550018429756
19551,0.0300704725086689
19552,0.030071834102272987
19553,0.030071793124079704
19554,0.030070479959249496
19555,0.030068034306168556
19556,0.030092444270849228
19557,0.030069604516029358
19558,0.03007497638463974
19559,0.030078936368227005
19560,0.030089035630226135
19561,0.030089369043707848
19562,0.030093703418970108
19563,0.0300962682813406
19564,0.03009721450507641
19565,0.030096694827079773
19566,0.030094856396317482
19567,0.030097080394625664
19568,0.030091041699051857
19569,0.03008917160332203
19570,0.030086176469922066
19571,0.030082600191235542
19572,0.030081093311309814
19573,0.03007555939257145
19574,0.030072219669818878
19575,0.03007759526371956
19576,0.0300704687833786
19577,0.03007115237414837
19578,0.030070457607507706
19579,0.030068514868617058
19580,0.030071336776018143
19581,0.030066754668951035
19582,0.030066607519984245
19583,0.030076175928115845
19584,0.030067317187786102
19585,0.03006794862449169
19586,0.030067216604948044
19587,0.030065249651670456
19588,0.030063096433877945
19589,0.03006106987595558
19590,0.03005579113960266
19591,0.030080650001764297
19592,0.03006106987595558
19593,0.030068565160036087
19594,0.03007403202354908
19595,0.030077653005719185
19596,0.030079592019319534
19597,0.030080005526542664
19598,0.030079055577516556
19599,0.030076878145337105
19600,0.030085798352956772
19601,0.03007449023425579
19602,0.030073970556259155
19603,0.03007219173014164
19604,0.030074989423155785
19605,0.03007122501730919
19606,0.030072541907429695
19607,0.030073868110775948
19608,0.03007373958826065
19609,0.030072297900915146
19610,0.030069682747125626
19611,0.030066022649407387
19612,0.030061431229114532
19613,0.03005746379494667
19614,0.03005920723080635
19615,0.030056903138756752
19616,0.030060287564992905
19617,0.03006204590201378
19618,0.030062321573495865
19619,0.03006201982498169
19620,0.030061813071370125
19621,0.03006100468337536
19622,0.030058955773711205
19623,0.030063025653362274
19624,0.03005579300224781
19625,0.030054481700062752
19626,0.03005199506878853
19627,0.030048465356230736
19628,0.030049532651901245
19629,0.03005223721265793
19630,0.03004869632422924
19631,0.030051637440919876
19632,0.03005620650947094
19633,0.0300570297986269
19634,0.030058937147259712
19635,0.030059322714805603
19636,0.030058350414037704
19637,0.03005615621805191
19638,0.030052868649363518
19639,0.030056890100240707
19640,0.030054176226258278
19641,0.03004617802798748
19642,0.03004453144967556
19643,0.03005678951740265
19644,0.030045410618185997
19645,0.030047263950109482
19646,0.030047627165913582
19647,0.030056066811084747
19648,0.030048836022615433
19649,0.03004949912428856
19650,0.030048778280615807
19651,0.03004680760204792
19652,0.03005027212202549
19653,0.030043842270970345
19654,0.03004269301891327
19655,0.03004283830523491
19656,0.030041949823498726
19657,0.030041908845305443
19658,0.03005916252732277
19659,0.030042793601751328
19660,0.030043497681617737
19661,0.030042817816138268
19662,0.0300931204110384
19663,0.03007502667605877
19664,0.030105216428637505
19665,0.030131567269563675
19666,0.030154220759868622
19667,0.03017335571348667
19668,0.03018917143344879
19669,0.030201878398656845
19670,0.030211707577109337
19671,0.030218888074159622
19672,0.030223635956645012
19673,0.03022618405520916
19674,0.03022674284875393
19675,0.030225520953536034
19676,0.030222710222005844
19677,0.030218495056033134
19678,0.03021305426955223
19679,0.030206535011529922
19680,0.03020431101322174
19681,0.030195415019989014
19682,0.030187493190169334
19683,0.03018091432750225
19684,0.030173512175679207
19685,0.030165402218699455
19686,0.030156690627336502
19687,0.030147476121783257
19688,0.03013784810900688
19689,0.0301278755068779
19690,0.030117634683847427
19691,0.030107228085398674
19692,0.030098721385002136
19693,0.030137427151203156
19694,0.03009159117937088
19695,0.030093971639871597
19696,0.030094841495156288
19697,0.030094347894191742
19698,0.030092628672719002
19699,0.03009868785738945
19700,0.030097728595137596
19701,0.030090857297182083
19702,0.030089864507317543
19703,0.030090728774666786
19704,0.030090488493442535
19705,0.0300890039652586
19706,0.030093401670455933
19707,0.03008759766817093
19708,0.03008740022778511
19709,0.030085967853665352
19710,0.030083412304520607
19711,0.03010200709104538
19712,0.030095897614955902
19713,0.03010919876396656
19714,0.030119968578219414
19715,0.03012840263545513
19716,0.030134696513414383
19717,0.030139043927192688
19718,0.030141614377498627
19719,0.030142594128847122
19720,0.030142126604914665
19721,0.030140375718474388
19722,0.030137471854686737
19723,0.030133549124002457
19724,0.030128726735711098
19725,0.030123112723231316
19726,0.03011680766940117
19727,0.030162043869495392
19728,0.030121657997369766
19729,0.03013112209737301
19730,0.030138451606035233
19731,0.03014381229877472
19732,0.030147355049848557
19733,0.03014923445880413
19734,0.030150461941957474
19735,0.030151821672916412
19736,0.030150607228279114
19737,0.030147166922688484
19738,0.03015024960041046
19739,0.030148513615131378
19740,0.030141055583953857
19741,0.030138634145259857
19742,0.030135130509734154
19743,0.0301306564360857
19744,0.030127083882689476
19745,0.03012368083000183
19746,0.030120886862277985
19747,0.03011898323893547
19748,0.03011753223836422
19749,0.030114153400063515
19750,0.030108898878097534
19751,0.030106626451015472
19752,0.03010452724993229
19753,0.030105143785476685
19754,0.030104421079158783
19755,0.030102485790848732
19756,0.03010096587240696
19757,0.0301008690148592
19758,0.030100848525762558
19759,0.030099552124738693
19760,0.030097108334302902
19761,0.030093640089035034
19762,0.03009703755378723
19763,0.030086537823081017
19764,0.030086660757660866
19765,0.030085483565926552
19766,0.030086608603596687
19767,0.030086364597082138
19768,0.0300848837941885
19769,0.030082298442721367
19770,0.030084941536188126
19771,0.030079729855060577
19772,0.03007941134274006
19773,0.030095092952251434
19774,0.030082080513238907
19775,0.03008461743593216
19776,0.03008563630282879
19777,0.030085284262895584
19778,0.03008369915187359
19779,0.03008861280977726
19780,0.030102575197815895
19781,0.030091680586338043
19782,0.030101405456662178
19783,0.030108943581581116
19784,0.030114460736513138
19785,0.030118102207779884
19786,0.030120044946670532
19787,0.030120430514216423
19788,0.030119404196739197
19789,0.030117113143205643
19790,0.030113685876131058
19791,0.030109237879514694
19792,0.030103903263807297
19793,0.030100975185632706
19794,0.030094241723418236
19795,0.030087478458881378
19796,0.030118638649582863
19797,0.03009543940424919
19798,0.030106594786047935
19799,0.030115367844700813
19800,0.030121948570013046
19801,0.030126506462693214
19802,0.030129222199320793
19803,0.03013026900589466
19804,0.030129795894026756
19805,0.030127964913845062
19806,0.030124913901090622
19807,0.03012078069150448
19808,0.03011568821966648
19809,0.030109751969575882
19810,0.030103083699941635
19811,0.030096059665083885
19812,0.030090708285570145
19813,0.030082982033491135
19814,0.030088311061263084
19815,0.030076710507273674
19816,0.03007497824728489
19817,0.030072128400206566
19818,0.030068280175328255
19819,0.030066050589084625
19820,0.0300602950155735
19821,0.03005610965192318
19822,0.030053598806262016
19823,0.030049271881580353
19824,0.03005312569439411
19825,0.03004695102572441
19826,0.030051205307245255
19827,0.030055595561861992
19828,0.030058760195970535
19829,0.030063359066843987
19830,0.030066631734371185
19831,0.030068280175328255
19832,0.03006845712661743
19833,0.030067307874560356
19834,0.030075224116444588
19835,0.030066588893532753
19836,0.03006673790514469
19837,0.030065566301345825
19838,0.0300632044672966
19839,0.03005976416170597
19840,0.030055370181798935
19841,0.030059365555644035
19842,0.030052633956074715
19843,0.030056701973080635
19844,0.030061863362789154
19845,0.03006521239876747
19846,0.03006690926849842
19847,0.030068958178162575
19848,0.03006862662732601
19849,0.03006639890372753
19850,0.030064674094319344
19851,0.030061768367886543
19852,0.030060147866606712
19853,0.030058490112423897
19854,0.030057761818170547
19855,0.03005576692521572
19856,0.030052639544010162
19857,0.03004850633442402
19858,0.03004533052444458
19859,0.030045948922634125
19860,0.030044730752706528
19861,0.03004574030637741
19862,0.030045337975025177
19863,0.030044911429286003
19864,0.030043084174394608
19865,0.030041752383112907
19866,0.030042488127946854
19867,0.030042041093111038
19868,0.03004276566207409
19869,0.030042113736271858
19870,0.030052322894334793
19871,0.030042467638850212
19872,0.03004290536046028
19873,0.03004339523613453
19874,0.030043955892324448
19875,0.030044326558709145
19876,0.030043337494134903
19877,0.03004111908376217
19878,0.03003779985010624
19879,0.030051233246922493
19880,0.030038494616746902
19881,0.030041692778468132
19882,0.03004325181245804
19883,0.030043315142393112
19884,0.030042029917240143
19885,0.030040353536605835
19886,0.030041271820664406
19887,0.030040409415960312
19888,0.030040204524993896
19889,0.030040916055440903
19890,0.03004492074251175
19891,0.030042262747883797
19892,0.03004276193678379
19893,0.030041854828596115
19894,0.030044807121157646
19895,0.030044972896575928
19896,0.03004641644656658
19897,0.03005189448595047
19898,0.030055465176701546
19899,0.030057299882173538
19900,0.03005756065249443
19901,0.030056394636631012
19902,0.030053947120904922
19903,0.030050357803702354
19904,0.030045760795474052
19905,0.03005421906709671
19906,0.03004208207130432
19907,0.030036911368370056
19908,0.030035316944122314
19909,0.030054867267608643
19910,0.030041228979825974
19911,0.030047306790947914
19912,0.03005143441259861
19913,0.030053788796067238
19914,0.030054522678256035
19915,0.030063193291425705
19916,0.030059168115258217
19917,0.03006262518465519
19918,0.030064333230257034
19919,0.030064469203352928
19920,0.030063176527619362
19921,0.03006180375814438
19922,0.030059881508350372
19923,0.030054939910769463
19924,0.030050186440348625
19925,0.03004518896341324
19926,0.030057284981012344
19927,0.03004656545817852
19928,0.030051732435822487
19929,0.03005501627922058
19930,0.03005659021437168
19931,0.03005661442875862
19932,0.03005523979663849
19933,0.030052628368139267
19934,0.030062593519687653
19935,0.030049171298742294
19936,0.030047772452235222
19937,0.03005278669297695
19938,0.030046667903661728
19939,0.030046459287405014
19940,0.03004491701722145
19941,0.03004560060799122
19942,0.030045535415410995
19943,0.030047213658690453
19944,0.03005875274538994
19945,0.03005302883684635
19946,0.030056782066822052
19947,0.030058784410357475
19948,0.030059190467000008
19949,0.030069595202803612
19950,0.030062811449170113
19951,0.030065597966313362
19952,0.03006669320166111
19953,0.030066268518567085
19954,0.03006448596715927
19955,0.03006148710846901
19956,0.030057422816753387
19957,0.0300530306994915
19958,0.030051127076148987
19959,0.030072879046201706
19960,0.030064739286899567
19961,0.030082236975431442
19962,0.030096804723143578
19963,0.03010861575603485
19964,0.03011784702539444
19965,0.030124686658382416
19966,0.03012932650744915
19967,0.03013194352388382
19968,0.030132729560136795
19969,0.030131863430142403
19970,0.030129510909318924
19971,0.03012583591043949
19972,0.030120987445116043
19973,0.03011510521173477
19974,0.030108323320746422
19975,0.030100757256150246
19976,0.030092522501945496
19977,0.03008423000574112
19978,0.03008071519434452
19979,0.030075721442699432
19980,0.030065272003412247
19981,0.030055806040763855
19982,0.03005182556807995
19983,0.030060796067118645
19984,0.030043205246329308
19985,0.03005123697221279
19986,0.030043356120586395
19987,0.03004384972155094
19988,0.030042963102459908
19989,0.030055075883865356
19990,0.0300526674836874
19991,0.0300621148198843
19992,0.03006933443248272
19993,0.030074497684836388
19994,0.030077770352363586
19995,0.030079316347837448
19996,0.030079297721385956
19997,0.030125608667731285
19998,0.030086670070886612
19999,0.03009318746626377
20000,0.03009762056171894
20001,0.030100174248218536
20002,0.030094146728515625
20003,0.03009091690182686
20004,0.030084893107414246
20005,0.030082078650593758
20006,0.030078835785388947
20007,0.03007517009973526
20008,0.030115347355604172
20009,0.030072975903749466
20010,0.03007439337670803
20011,0.030075499787926674
20012,0.030076337978243828
20013,0.03007693402469158
20014,0.03007732331752777
20015,0.03007751889526844
20016,0.03007754124701023
20017,0.030077414587140083
20018,0.030077148228883743
20019,0.030076755210757256
20020,0.03007623925805092
20021,0.030075620859861374
20022,0.03007490187883377
20023,0.030074093490839005
20024,0.030073199421167374
20025,0.030072230845689774
20026,0.030071191489696503
20027,0.03007008507847786
20028,0.03006891906261444
20029,0.030067693442106247
20030,0.030066411942243576
20031,0.030065083876252174
20032,0.030063709244132042
20033,0.030062822625041008
20034,0.030062098056077957
20035,0.03006107360124588
20036,0.03005952760577202
20037,0.030057933181524277
20038,0.030056236311793327
20039,0.03005506470799446
20040,0.03005383163690567
20041,0.03005330264568329
20042,0.030055051669478416
20043,0.030051803216338158
20044,0.03005174919962883
20045,0.03005153313279152
20046,0.03005116991698742
20047,0.030050678178668022
20048,0.030050063505768776
20049,0.030049338936805725
20050,0.030049826949834824
20051,0.030048174783587456
20052,0.030048152431845665
20053,0.03004835918545723
20054,0.030048195272684097
20055,0.030048202723264694
20056,0.03004804253578186
20057,0.03004772588610649
20058,0.03004726767539978
20059,0.030046680942177773
20060,0.030045974999666214
20061,0.03004530817270279
20062,0.030045360326766968
20063,0.030044257640838623
20064,0.030043845996260643
20065,0.030042866244912148
20066,0.030042098835110664
20067,0.030041253194212914
20068,0.03004039078950882
20069,0.030044248327612877
20070,0.030039947479963303
20071,0.030040202662348747
20072,0.030040262266993523
20073,0.030040139332413673
20074,0.03003985434770584
20075,0.030039412900805473
20076,0.030038844794034958
20077,0.030038150027394295
20078,0.03003733791410923
20079,0.030036425217986107
20080,0.030035657808184624
20081,0.030036890879273415
20082,0.03003465011715889
20083,0.03003474697470665
20084,0.03003433160483837
20085,0.03003399260342121
20086,0.030033305287361145
20087,0.03003271482884884
20088,0.030032096430659294
20089,0.030031416565179825
20090,0.030030827969312668
20091,0.03003186546266079
20092,0.03003006987273693
20093,0.030033502727746964
20094,0.030031215399503708
20095,0.030031835660338402
20096,0.030032217502593994
20097,0.030032390728592873
20098,0.030032366514205933
20099,0.030032169073820114
20100,0.03003181517124176
20101,0.03003131039440632
20102,0.03003067709505558
20103,0.03002997860312462
20104,0.030029701068997383
20105,0.03002886287868023
20106,0.03002828173339367
20107,0.030027611181139946
20108,0.030028538778424263
20109,0.030027147382497787
20110,0.03002726286649704
20111,0.030027193948626518
20112,0.030028758570551872
20113,0.030027130618691444
20114,0.03002711944282055
20115,0.03002692386507988
20116,0.030026569962501526
20117,0.030026067048311234
20118,0.030025478452444077
20119,0.030026176944375038
20120,0.030025148764252663
20121,0.030025074258446693
20122,0.03002525493502617
20123,0.030025288462638855
20124,0.030025606974959373
20125,0.03002551943063736
20126,0.030025692656636238
20127,0.0300256609916687
20128,0.030025452375411987
20129,0.030025077983736992
20130,0.03002460114657879
20131,0.030024083331227303
20132,0.03002406470477581
20133,0.0300236064940691
20134,0.0300226379185915
20135,0.030021782964468002
20136,0.03002263978123665
20137,0.03002133034169674
20138,0.030021240934729576
20139,0.03002096898853779
20140,0.030020534992218018
20141,0.030020004138350487
20142,0.030020155012607574
20143,0.030019981786608696
20144,0.03002043068408966
20145,0.030020644888281822
20146,0.03002070263028145
20147,0.030020559206604958
20148,0.03002023696899414
20149,0.030019845813512802
20150,0.030019301921129227
20151,0.030018724501132965
20152,0.030020328238606453
20153,0.030019333586096764
20154,0.03002125769853592
20155,0.03002145141363144
20156,0.030021481215953827
20157,0.03002208098769188
20158,0.03002243861556053
20159,0.030022576451301575
20160,0.03002251870930195
20161,0.030022278428077698
20162,0.030021876096725464
20163,0.03002132661640644
20164,0.030020643025636673
20165,0.030019842088222504
20166,0.03001892752945423
20167,0.030020656064152718
20168,0.03001864068210125
20169,0.030017802491784096
20170,0.030019372701644897
20171,0.030018433928489685
20172,0.030018780380487442
20173,0.030018901452422142
20174,0.030018825083971024
20175,0.030018573626875877
20176,0.030018478631973267
20177,0.030018359422683716
20178,0.030018523335456848
20179,0.030018413439393044
20180,0.030018333345651627
20181,0.030018117278814316
20182,0.03001772239804268
20183,0.03001733310520649
20184,0.03001721203327179
20185,0.030017061159014702
20186,0.030016684904694557
20187,0.03001837432384491
20188,0.030017681419849396
20189,0.03001883067190647
20190,0.030019685626029968
20191,0.030020274221897125
20192,0.030020620673894882
20193,0.03002074360847473
20194,0.03002067282795906
20195,0.030020423233509064
20196,0.030020006000995636
20197,0.030021147802472115
20198,0.030020274221897125
20199,0.03001926839351654
20200,0.030019130557775497
20201,0.030018813908100128
20202,0.030018344521522522
20203,0.030017729848623276
20204,0.03001699037849903
20205,0.030016187578439713
20206,0.030015621334314346
20207,0.030016537755727768
20208,0.03001555986702442
20209,0.030016029253602028
20210,0.03001641482114792
20211,0.03001677244901657
20212,0.030016914010047913
20213,0.03001684881746769
20214,0.030020231381058693
20215,0.03001805953681469
20216,0.030019190162420273
20217,0.03002002462744713
20218,0.030020592734217644
20219,0.030020924285054207
20220,0.03002103418111801
20221,0.030020946636795998
20222,0.030020684003829956
20223,0.03002025932073593
20224,0.030019687488675117
20225,0.030020881444215775
20226,0.030018795281648636
20227,0.030018581077456474
20228,0.030018111690878868
20229,0.030017878860235214
20230,0.03001721389591694
20231,0.030018402263522148
20232,0.030016060918569565
20233,0.03001563251018524
20234,0.030015140771865845
20235,0.030015360563993454
20236,0.030017098411917686
20237,0.030014999210834503
20238,0.030015548691153526
20239,0.0300158504396677
20240,0.030015934258699417
20241,0.03001582808792591
20242,0.030015544965863228
20243,0.030016260221600533
20244,0.030015256255865097
20245,0.030015217140316963
20246,0.030014995485544205
20247,0.03001459874212742
20248,0.03001783974468708
20249,0.030014509335160255
20250,0.030014565214514732
20251,0.030014606192708015
20252,0.03001689352095127
20253,0.0300147645175457
20254,0.030015060678124428
20255,0.030015315860509872
20256,0.03001554124057293
20257,0.030015554279088974
20258,0.030015377327799797
20259,0.030016595497727394
20260,0.030015427619218826
20261,0.0300161000341177
20262,0.030015788972377777
20263,0.030015908181667328
20264,0.03001626580953598
20265,0.030016539618372917
20266,0.030016595497727394
20267,0.03001645766198635
20268,0.030016139149665833
20269,0.030017955228686333
20270,0.030016431584954262
20271,0.03001650795340538
20272,0.03001694194972515
20273,0.03001714125275612
20274,0.030017273500561714
20275,0.03001701831817627
20276,0.030016720294952393
20277,0.030016398057341576
20278,0.030015870928764343
20279,0.030015243217349052
20280,0.030015286058187485
20281,0.0300141554325819
20282,0.030013764277100563
20283,0.03001321852207184
20284,0.03001706302165985
20285,0.030013859272003174
20286,0.03001462295651436
20287,0.030015582218766212
20288,0.030016258358955383
20289,0.03001667745411396
20290,0.030017752200365067
20291,0.03001721017062664
20292,0.030017327517271042
20293,0.030017241835594177
20294,0.030017530545592308
20295,0.030017148703336716
20296,0.030017461627721786
20297,0.030017584562301636
20298,0.030017493292689323
20299,0.030017226934432983
20300,0.030017387121915817
20301,0.03001662902534008
20302,0.030016286298632622
20303,0.030015788972377777
20304,0.03001514822244644
20305,0.03001675382256508
20306,0.030015163123607635
20307,0.030015692114830017
20308,0.0300159752368927
20309,0.030016032978892326
20310,0.030016135424375534
20311,0.030016006901860237
20312,0.030015697702765465
20313,0.03001522086560726
20314,0.030014390125870705
20315,0.030015110969543457
20316,0.03001444973051548
20317,0.030014898627996445
20318,0.030016515403985977
20319,0.030015742406249046
20320,0.030016116797924042
20321,0.030016262084245682
20322,0.030016204342246056
20323,0.030015958473086357
20324,0.030020058155059814
20325,0.03001640923321247
20326,0.03001699410378933
20327,0.03001733310520649
20328,0.03001745045185089
20329,0.030017364770174026
20330,0.03001709096133709
20331,0.030017588287591934
20332,0.03001648746430874
20333,0.03001614660024643
20334,0.03001662716269493
20335,0.030016500502824783
20336,0.030017081648111343
20337,0.030017409473657608
20338,0.030017521232366562
20339,0.0300174281001091
20340,0.030017152428627014
20341,0.030016709119081497
20342,0.03001612052321434
20343,0.030016055330634117
20344,0.030014971271157265
20345,0.03001442179083824
20346,0.030014511197805405
20347,0.030014369636774063
20348,0.030014241114258766
20349,0.030014894902706146
20350,0.030013557523489
20351,0.03001329116523266
20352,0.030012860894203186
20353,0.030016615986824036
20354,0.030013583600521088
20355,0.030014581978321075
20356,0.03001529350876808
20357,0.030015747994184494
20358,0.030015960335731506
20359,0.030015964061021805
20360,0.030015774071216583
20361,0.030017763376235962
20362,0.030015937983989716
20363,0.03001621924340725
20364,0.030016284435987473
20365,0.030016150325536728
20366,0.030015839263796806
20367,0.0300153661519289
20368,0.030014747753739357
20369,0.030014000833034515
20370,0.03001556545495987
20371,0.03001471795141697
20372,0.030013732612133026
20373,0.030015405267477036
20374,0.030014682561159134
20375,0.030015161260962486
20376,0.030015403404831886
20377,0.03001542203128338
20378,0.03001651167869568
20379,0.03001563623547554
20380,0.030015792697668076
20381,0.03001573495566845
20382,0.0300154909491539
20383,0.03001542016863823
20384,0.03001522272825241
20385,0.03001515194773674
20386,0.03001493588089943
20387,0.030017301440238953
20388,0.030014673247933388
20389,0.030014600604772568
20390,0.03001485764980316
20391,0.03001432493329048
20392,0.030014118179678917
20393,0.03001551702618599
20394,0.03001401387155056
20395,0.03001406602561474
20396,0.030013926327228546
20397,0.03001360595226288
20398,0.03001311793923378
20399,0.03001459687948227
20400,0.03001277521252632
20401,0.03001266159117222
20402,0.03001243993639946
20403,0.030013924464583397
20404,0.03001219965517521
20405,0.0300121046602726
20406,0.030012203380465508
20407,0.030011868104338646
20408,0.030011707916855812
20409,0.0300130657851696
20410,0.030012421309947968
20411,0.030013171955943108
20412,0.030013663694262505
20413,0.03001536801457405
20414,0.030014904215931892
20415,0.03001561015844345
20416,0.030016053467988968
20417,0.030016258358955383
20418,0.030018020421266556
20419,0.030016696080565453
20420,0.030016904696822166
20421,0.03001689910888672
20422,0.030016697943210602
20423,0.030016323551535606
20424,0.030016055330634117
20425,0.030015621334314346
20426,0.03001526929438114
20427,0.030014747753739357
20428,0.030014218762516975
20429,0.030014729127287865
20430,0.030014175921678543
20431,0.030014295130968094
20432,0.03001420758664608
20433,0.030013935640454292
20434,0.030014436691999435
20435,0.030013808980584145
20436,0.030013900250196457
20437,0.030013786628842354
20438,0.030014868825674057
20439,0.030013568699359894
20440,0.030013440176844597
20441,0.03001312166452408
20442,0.03001268580555916
20443,0.0300128273665905
20444,0.0300121046602726
20445,0.030011916533112526
20446,0.030011992901563644
20447,0.030012384057044983
20448,0.030012940987944603
20449,0.030013248324394226
20450,0.030013328418135643
20451,0.030017035081982613
20452,0.030014660209417343
20453,0.03001578338444233
20454,0.03001660294830799
20455,0.030017146840691566
20456,0.030017444863915443
20457,0.030018838122487068
20458,0.030018510296940804
20459,0.030018284916877747
20460,0.03001851961016655
20461,0.03001854009926319
20462,0.030018361285328865
20463,0.030018001794815063
20464,0.030017485842108727
20465,0.0300168227404356
20466,0.030016032978892326
20467,0.03001643903553486
20468,0.03001561015844345
20469,0.03001570887863636
20470,0.03001604788005352
20471,0.030016163364052773
20472,0.03001607209444046
20473,0.030015788972377777
20474,0.03001534193754196
20475,0.03001474030315876
20476,0.030015630647540092
20477,0.0300136711448431
20478,0.030016062781214714
20479,0.030013281852006912
20480,0.03001502901315689
20481,0.03001355566084385
20482,0.030013706535100937
20483,0.03001365065574646
20484,0.030013401061296463
20485,0.030014751479029655
20486,0.030013252049684525
20487,0.030013294890522957
20488,0.03001313842833042
20489,0.03001285158097744
20490,0.030013248324394226
20491,0.030012650415301323
20492,0.030012676492333412
20493,0.030012695118784904
20494,0.030012279748916626
20495,0.03001359850168228
20496,0.030012035742402077
20497,0.030012013390660286
20498,0.030011791735887527
20499,0.0300125889480114
20500,0.030012303963303566
20501,0.03001292049884796
20502,0.030013279989361763
20503,0.03001341037452221
20504,0.03001333214342594
20505,0.0300130657851696
20506,0.030014585703611374
20507,0.030013522133231163
20508,0.0300130695104599
20509,0.03001301735639572
20510,0.030013015493750572
20511,0.03001294657588005
20512,0.0300148893147707
20513,0.03001396916806698
20514,0.030014967545866966
20515,0.030015675351023674
20516,0.03001612052321434
20517,0.030016327276825905
20518,0.03001631610095501
20519,0.030018039047718048
20520,0.030016755685210228
20521,0.030017143115401268
20522,0.030019041150808334
20523,0.030017899349331856
20524,0.030018247663974762
20525,0.03001837246119976
20526,0.030018283054232597
20527,0.03001801297068596
20528,0.030017580837011337
20529,0.03001987747848034
20530,0.030017277225852013
20531,0.030017342418432236
20532,0.03001720830798149
20533,0.03001689910888672
20534,0.03001936711370945
20535,0.03001672774553299
20536,0.030016811564564705
20537,0.030016697943210602
20538,0.030016887933015823
20539,0.03001692332327366
20540,0.03001711331307888
20541,0.03001713752746582
20542,0.030016964301466942
20543,0.03001665510237217
20544,0.03001655451953411
20545,0.030016424134373665
20546,0.030016422271728516
20547,0.030016224831342697
20548,0.03001769445836544
20549,0.030015982687473297
20550,0.030016334727406502
20551,0.0300164595246315
20552,0.030016766861081123
20553,0.03001684509217739
20554,0.03001672402024269
20555,0.030016468837857246
20556,0.030016181990504265
20557,0.03001568652689457
20558,0.030015282332897186
20559,0.030016794800758362
20560,0.030014680698513985
20561,0.030014965683221817
20562,0.030016787350177765
20563,0.030016154050827026
20564,0.030016593635082245
20565,0.03001679852604866
20566,0.030016781762242317
20567,0.030016571283340454
20568,0.030016187578439713
20569,0.030015643686056137
20570,0.03001496195793152
20571,0.030014147982001305
20572,0.030013222247362137
20573,0.030012695118784904
20574,0.030012397095561028
20575,0.0300122257322073
20576,0.03001217357814312
20577,0.03001207485795021
20578,0.030011670663952827
20579,0.03001193329691887
20580,0.030012018978595734
20581,0.030012097209692
20582,0.0300117339938879
20583,0.030012650415301323
20584,0.03001241199672222
20585,0.030012084171175957
20586,0.03001241572201252
20587,0.03001251630485058
20588,0.030012410134077072
20589,0.030012119561433792
20590,0.030013514682650566
20591,0.030012059956789017
20592,0.03001319244503975
20593,0.030013535171747208
20594,0.030014311894774437
20595,0.03001481108367443
20596,0.030015068128705025
20597,0.03001509979367256
20598,0.03001493401825428
20599,0.030014589428901672
20600,0.030014315620064735
20601,0.030013542622327805
20602,0.03001595288515091
20603,0.030014438554644585
20604,0.03001384064555168
20605,0.03001435473561287
20606,0.030014613643288612
20607,0.030014656484127045
20608,0.03001450002193451
20609,0.0300141554325819
20610,0.030013645067811012
20611,0.030012989416718483
20612,0.03001220151782036
20613,0.03001137636601925
20614,0.030010823160409927
20615,0.030014503747224808
20616,0.030011357739567757
20617,0.030012207105755806
20618,0.03001277521252632
20619,0.030013088136911392
20620,0.030013179406523705
20621,0.03001306764781475
20622,0.0300144013017416
20623,0.030014365911483765
20624,0.030013272538781166
20625,0.0300136785954237
20626,0.03001437708735466
20627,0.030014805495738983
20628,0.030014995485544205
20629,0.030015019699931145
20630,0.03001502901315689
20631,0.03001461550593376
20632,0.03001544624567032
20633,0.03001454472541809
20634,0.030014773830771446
20635,0.03001478500664234
20636,0.03001459874212742
20637,0.03001423180103302
20638,0.03001370280981064
20639,0.030013034120202065
20640,0.030020518228411674
20641,0.03001442737877369
20642,0.03001621924340725
20643,0.030017642304301262
20644,0.03001873381435871
20645,0.030019527301192284
20646,0.03002004511654377
20647,0.030020317062735558
20648,0.030020371079444885
20649,0.030020223930478096
20650,0.03001989796757698
20651,0.030019409954547882
20652,0.030018966645002365
20653,0.030018433928489685
20654,0.03001767210662365
20655,0.03001917339861393
20656,0.030017226934432983
20657,0.030019201338291168
20658,0.030016018077731133
20659,0.030016165226697922
20660,0.030016101896762848
20661,0.0300158504396677
20662,0.030016453936696053
20663,0.030015602707862854
20664,0.03001556172966957
20665,0.030015334486961365
20666,0.03001493588089943
20667,0.030014384537935257
20668,0.030013691633939743
20669,0.03001287207007408
20670,0.030012046918272972
20671,0.030013814568519592
20672,0.030012793838977814
20673,0.0300135537981987
20674,0.030014049261808395
20675,0.03001430258154869
20676,0.030014334246516228
20677,0.030014168471097946
20678,0.030013827607035637
20679,0.030013669282197952
20680,0.030013389885425568
20681,0.030012665316462517
20682,0.030011693015694618
20683,0.030014818534255028
20684,0.030011029914021492
20685,0.030010957270860672
20686,0.03001163899898529
20687,0.030011210590600967
20688,0.030011620372533798
20689,0.030012089759111404
20690,0.030012447386980057
20691,0.030012579634785652
20692,0.030012505128979683
20693,0.030017735436558723
20694,0.030014915391802788
20695,0.030014976859092712
20696,0.030016224831342697
20697,0.030017156153917313
20698,0.030017798766493797
20699,0.030018188059329987
20700,0.03001834638416767
20701,0.030018294230103493
20702,0.03001805581152439
20703,0.030017640441656113
20704,0.030017077922821045
20705,0.030016377568244934
20706,0.030015554279088974
20707,0.03001462109386921
20708,0.03001689724624157
20709,0.030016493052244186
20710,0.030013686046004295
20711,0.03001384623348713
20712,0.03001384437084198
20713,0.030013883486390114
20714,0.030014170333743095
20715,0.03001381829380989
20716,0.030013851821422577
20717,0.030013812705874443
20718,0.03001363016664982
20719,0.03001326695084572
20720,0.03001500852406025
20721,0.030013062059879303
20722,0.03001314587891102
20723,0.030013030394911766
20724,0.030015738680958748
20725,0.030013183131814003
20726,0.030013391748070717
20727,0.03001338802278042
20728,0.03001503460109234
20729,0.03001364693045616
20730,0.03001386858522892
20731,0.030013874173164368
20732,0.030013684183359146
20733,0.030013317242264748
20734,0.030012937262654305
20735,0.030013345181941986
20736,0.030013523995876312
20737,0.03001386672258377
20738,0.030014026910066605
20739,0.030014073476195335
20740,0.03001372516155243
20741,0.030013401061296463
20742,0.0300133153796196
20743,0.03001270443201065
20744,0.03001229651272297
20745,0.030011849477887154
20746,0.030012955889105797
20747,0.03001210279762745
20748,0.03001267835497856
20749,0.030013002455234528
20750,0.03001309745013714
20751,0.03001299314200878
20752,0.0300127062946558
20753,0.03001394495368004
20754,0.030012214556336403
20755,0.030011992901563644
20756,0.03001159243285656
20757,0.030011042952537537
20758,0.03001604601740837
20759,0.03001255728304386
20760,0.030014358460903168
20761,0.030015792697668076
20762,0.03001689352095127
20763,0.030017700046300888
20764,0.03001822903752327
20765,0.03001856617629528
20766,0.030018674209713936
20767,0.03001871146261692
20768,0.030018607154488564
20769,0.030018365010619164
20770,0.030017822980880737
20771,0.030017266049981117
20772,0.03001660667359829
20773,0.030015677213668823
20774,0.030017279088497162
20775,0.030015813186764717
20776,0.03001471795141697
20777,0.030014660209417343
20778,0.030014412477612495
20779,0.03001399338245392
20780,0.030015576630830765
20781,0.030013348907232285
20782,0.03001352772116661
20783,0.03001469001173973
20784,0.030013635754585266
20785,0.03001413680613041
20786,0.0300143975764513
20787,0.030014438554644585
20788,0.03001639060676098
20789,0.030014725401997566
20790,0.030014926567673683
20791,0.030014919117093086
20792,0.03001471795141697
20793,0.030016183853149414
20794,0.03001447767019272
20795,0.030014919117093086
20796,0.030015114694833755
20797,0.03001555986702442
20798,0.030015770345926285
20799,0.030015772208571434
20800,0.030015574768185616
20801,0.030015267431735992
20802,0.030014928430318832
20803,0.030014485120773315
20804,0.030015718191862106
20805,0.030013667419552803
20806,0.03001333400607109
20807,0.03001297451555729
20808,0.03001262992620468
20809,0.030017459765076637
20810,0.03001350723206997
20811,0.030014557763934135
20812,0.030015308409929276
20813,0.030015800148248672
20814,0.030016053467988968
20815,0.030016090720891953
20816,0.03001593053340912
20817,0.030015595257282257
20818,0.03001510538160801
20819,0.03001447394490242
20820,0.03001389466226101
20821,0.030013998970389366
20822,0.030013198032975197
20823,0.030012520030140877
20824,0.030011985450983047
20825,0.030011601746082306
20826,0.030011070892214775
20827,0.030010398477315903
20828,0.030010322108864784
20829,0.030011789873242378
20830,0.030010223388671875
20831,0.03001067042350769
20832,0.030010879039764404
20833,0.030010879039764404
20834,0.030010685324668884
20835,0.030010322108864784
20836,0.030011888593435287
20837,0.0300125889480114
20838,0.03001032955944538
20839,0.03001054748892784
20840,0.030010893940925598
20841,0.03001074306666851
20842,0.03001072257757187
20843,0.03001093678176403
20844,0.030012423172593117
20845,0.030011944472789764
20846,0.030012628063559532
20847,0.030013054609298706
20848,0.030013248324394226
20849,0.030013231560587883
20850,0.03001302294433117
20851,0.030012641102075577
20852,0.030012518167495728
20853,0.030012143775820732
20854,0.03001159057021141
20855,0.030012765899300575
20856,0.030011363327503204
20857,0.03001144714653492
20858,0.030011747032403946
20859,0.03001166135072708
20860,0.03001176007091999
20861,0.03001166135072708
20862,0.030011380091309547
20863,0.030010929331183434
20864,0.03001314401626587
20865,0.030011383816599846
20866,0.030012138187885284
20867,0.030012626200914383
20868,0.03001287393271923
20869,0.030012905597686768
20870,0.030012741684913635
20871,0.030012447386980057
20872,0.03001350350677967
20873,0.0300123430788517
20874,0.030013253912329674
20875,0.030012495815753937
20876,0.03001265786588192
20877,0.03001261129975319
20878,0.030012378469109535
20879,0.030011970549821854
20880,0.030011415481567383
20881,0.030016250908374786
20882,0.03001100942492485
20883,0.03001108206808567
20884,0.030013829469680786
20885,0.0300116166472435
20886,0.030012020841240883
20887,0.030012192204594612
20888,0.030012154951691628
20889,0.03001193329691887
20890,0.03001325950026512
20891,0.03001195192337036
20892,0.030012134462594986
20893,0.030012110248208046
20894,0.030011890456080437
20895,0.030011501163244247
20896,0.030014075338840485
20897,0.03001205064356327
20898,0.030013278126716614
20899,0.03001430071890354
20900,0.03001502715051174
20901,0.03001549281179905
20902,0.030015716329216957
20903,0.030015727505087852
20904,0.03001554124057293
20905,0.030015282332897186
20906,0.030014900490641594
20907,0.030014652758836746
20908,0.030013777315616608
20909,0.030012905597686768
20910,0.03001367300748825
20911,0.030012810602784157
20912,0.030013393610715866
20913,0.03001372143626213
20914,0.030013831332325935
20915,0.030013738200068474
20916,0.03001490980386734
20917,0.030013587325811386
20918,0.030013510957360268
20919,0.030013248324394226
20920,0.0300128273665905
20921,0.030012251809239388
20922,0.03001154027879238
20923,0.030010804533958435
20924,0.030012372881174088
20925,0.030010273680090904
20926,0.03001081757247448
20927,0.030011357739567757
20928,0.030011652037501335
20929,0.030011722818017006
20930,0.030011596158146858
20931,0.030011286959052086
20932,0.03001081757247448
20933,0.030010204762220383
20934,0.03000945784151554
20935,0.030012505128979683
20936,0.030009746551513672
20937,0.030010979622602463
20938,0.030011579394340515
20939,0.030012313276529312
20940,0.030012859031558037
20941,0.030013157054781914
20942,0.030016422271728516
20943,0.03001466765999794
20944,0.030015774071216583
20945,0.030016575008630753
20946,0.030017109587788582
20947,0.030017394572496414
20948,0.030017461627721786
20949,0.03001732937991619
20950,0.03001702018082142
20951,0.030016548931598663
20952,0.030015932396054268
20953,0.030015181750059128
20954,0.030014319345355034
20955,0.030013494193553925
20956,0.030012696981430054
20957,0.030015822499990463
20958,0.030012398958206177
20959,0.030012818053364754
20960,0.030013559386134148
20961,0.0300140380859375
20962,0.030014274641871452
20963,0.03001430071890354
20964,0.030014129355549812
20965,0.030013782903552055
20966,0.030013279989361763
20967,0.03001493588089943
20968,0.030012523755431175
20969,0.030012236908078194
20970,0.03001178242266178
20971,0.030011184513568878
20972,0.03001045249402523
20973,0.0300106480717659
20974,0.030010903254151344
20975,0.030011886730790138
20976,0.0300125814974308
20977,0.03001301921904087
20978,0.030013227835297585
20979,0.030013225972652435
20980,0.030013030394911766
20981,0.030013492330908775
20982,0.03001309558749199
20983,0.030013294890522957
20984,0.030013278126716614
20985,0.030013181269168854
20986,0.03001299686729908
20987,0.030013060197234154
20988,0.030013004317879677
20989,0.030012845993041992
20990,0.030014878138899803
20991,0.030013376846909523
20992,0.03001401573419571
20993,0.030014406889677048
20994,0.03001457080245018
20995,0.0300145260989666
20996,0.03001430444419384
20997,0.03001391515135765
20998,0.030013859272003174
20999,0.030013618990778923
21000,0.03001364879310131
21001,0.03001348488032818
21002,0.030014116317033768
21003,0.030013451352715492
21004,0.030013583600521088
21005,0.03001355566084385
21006,0.03001350350677967
21007,0.030013035982847214
21008,0.0300127062946558
21009,0.030013732612133026
21010,0.03001273423433304
21011,0.030012592673301697
21012,0.030012844130396843
21013,0.03001287765800953
21014,0.030012721195816994
21015,0.03001239337027073
21016,0.03001190535724163
21017,0.03001127392053604
21018,0.030012529343366623
21019,0.030010608956217766
21020,0.030010441318154335
21021,0.030010147020220757
21022,0.030009692534804344
21023,0.030012816190719604
21024,0.03001071698963642
21025,0.030011992901563644
21026,0.030012957751750946
21027,0.030013641342520714
21028,0.03001406043767929
21029,0.03001425601541996
21030,0.030014244839549065
21031,0.030015157535672188
21032,0.030014190822839737
21033,0.03001413308084011
21034,0.030013898387551308
21035,0.030013494193553925
21036,0.030012942850589752
21037,0.030014587566256523
21038,0.030012300238013268
21039,0.030012134462594986
21040,0.0300117377191782
21041,0.030011173337697983
21042,0.030010607093572617
21043,0.030010461807250977
21044,0.030009662732481956
21045,0.030011117458343506
21046,0.030009392648935318
21047,0.03000956028699875
21048,0.030009660869836807
21049,0.03000965528190136
21050,0.03000950999557972
21051,0.03000945784151554
21052,0.030009781941771507
21053,0.030009238049387932
21054,0.030009018257260323
21055,0.03000924549996853
21056,0.030009834095835686
21057,0.030010730028152466
21058,0.03001134842634201
21059,0.030011719092726707
21060,0.030011864379048347
21061,0.030011799186468124
21062,0.030011558905243874
21063,0.030011145398020744
21064,0.030010757967829704
21065,0.03001045621931553
21066,0.030009686946868896
21067,0.030013054609298706
21068,0.030010344460606575
21069,0.030010972172021866
21070,0.030011722818017006
21071,0.030012214556336403
21072,0.0300124604254961
21073,0.030012499541044235
21074,0.03001234121620655
21075,0.030012007802724838
21076,0.03001151792705059
21077,0.030013814568519592
21078,0.030011113733053207
21079,0.03001113422214985
21080,0.030011024326086044
21081,0.030010821297764778
21082,0.030010662972927094
21083,0.03001227043569088
21084,0.030010690912604332
21085,0.030011551454663277
21086,0.03001215308904648
21087,0.030012501403689384
21088,0.03001262992620468
21089,0.03001365438103676
21090,0.030013248324394226
21091,0.030013684183359146
21092,0.03001388907432556
21093,0.030013877898454666
21094,0.030014144256711006
21095,0.030013615265488625
21096,0.03001348488032818
21097,0.03001323528587818
21098,0.030012816190719604
21099,0.030013877898454666
21100,0.030012942850589752
21101,0.030012570321559906
21102,0.03001282550394535
21103,0.030012862756848335
21104,0.0300127100199461
21105,0.03001357614994049
21106,0.030012546107172966
21107,0.030012505128979683
21108,0.030012279748916626
21109,0.03001188114285469
21110,0.030011845752596855
21111,0.030011624097824097
21112,0.03001079335808754
21113,0.030014697462320328
21114,0.030012933537364006
21115,0.030015001073479652
21116,0.03001667745411396
21117,0.030018003657460213
21118,0.030019007623195648
21119,0.030019722878932953
21120,0.030020177364349365
21121,0.030020397156476974
21122,0.030020402744412422
21123,0.03002021834254265
21124,0.030019858852028847
21125,0.030019352212548256
21126,0.030018754303455353
21127,0.030018242076039314
21128,0.03001759573817253
21129,0.030016722157597542
21130,0.030015714466571808
21131,0.03001481667160988
21132,0.03001387044787407
21133,0.030015671625733376
21134,0.030012449249625206
21135,0.030011922121047974
21136,0.030011286959052086
21137,0.030014947056770325
21138,0.030011504888534546
21139,0.030012069270014763
21140,0.030012696981430054
21141,0.030014123767614365
21142,0.030014488846063614
21143,0.030015556141734123
21144,0.030016329139471054
21145,0.030016837641596794
21146,0.030020928010344505
21147,0.030017811805009842
21148,0.03001825325191021
21149,0.030018463730812073
21150,0.030018465593457222
21151,0.030018271878361702
21152,0.030017917975783348
21153,0.03001740574836731
21154,0.030016757547855377
21155,0.030015982687473297
21156,0.030015097931027412
21157,0.030014118179678917
21158,0.030015552416443825
21159,0.030014416202902794
21160,0.030013306066393852
21161,0.030013594776391983
21162,0.03001365251839161
21163,0.030013557523489
21164,0.030013293027877808
21165,0.0300129484385252
21166,0.030013222247362137
21167,0.030012525618076324
21168,0.030012313276529312
21169,0.030012020841240883
21170,0.030011776834726334
21171,0.03001144900918007
21172,0.030010681599378586
21173,0.030010096728801727
21174,0.030009379610419273
21175,0.030008552595973015
21176,0.03001638501882553
21177,0.030011242255568504
21178,0.030014341697096825
21179,0.030016958713531494
21180,0.030019141733646393
21181,0.030020929872989655
21182,0.030022360384464264
21183,0.030023464933037758
21184,0.03002428077161312
21185,0.030024826526641846
21186,0.030025139451026917
21187,0.03002523072063923
21188,0.03002513386309147
21189,0.030024856328964233
21190,0.03002442978322506
21191,0.030023857951164246
21192,0.030023155733942986
21193,0.030022338032722473
21194,0.030021419748663902
21195,0.03002040833234787
21196,0.030019313097000122
21197,0.030018197372555733
21198,0.030019382014870644
21199,0.03001672774553299
21200,0.030015889555215836
21201,0.030016055330634117
21202,0.03001546673476696
21203,0.030014146119356155
21204,0.030013808980584145
21205,0.030013510957360268
21206,0.030013062059879303
21207,0.030012469738721848
21208,0.03001175820827484
21209,0.0300118587911129
21210,0.030013253912329674
21211,0.030011659488081932
21212,0.030011674389243126
21213,0.030012253671884537
21214,0.030012592673301697
21215,0.030012713745236397
21216,0.030012641102075577
21217,0.03001239337027073
21218,0.030011987313628197
21219,0.030011435970664024
21220,0.030010761693120003
21221,0.03000996634364128
21222,0.030010182410478592
21223,0.030008694157004356
21224,0.030010944232344627
21225,0.030008511617779732
21226,0.03000868670642376
21227,0.03000888042151928
21228,0.03000890649855137
21229,0.03000900335609913
21230,0.030017785727977753
21231,0.030010787770152092
21232,0.030012307688593864
21233,0.030013496056199074
21234,0.030014391988515854
21235,0.030015015974640846
21236,0.030015399679541588
21237,0.03001556172966957
21238,0.030015526339411736
21239,0.030015312135219574
21240,0.03001493774354458
21241,0.030014419928193092
21242,0.03001376986503601
21243,0.03001396916806698
21244,0.030013374984264374
21245,0.030013307929039
21246,0.030013134703040123
21247,0.030012842267751694
21248,0.03001262992620468
21249,0.03001263737678528
21250,0.030012672767043114
21251,0.030012523755431175
21252,0.030012203380465508
21253,0.0300117377191782
21254,0.030015775933861732
21255,0.030014891177415848
21256,0.030014067888259888
21257,0.030015502125024796
21258,0.030016617849469185
21259,0.030017441138625145
21260,0.030017998069524765
21261,0.03001832403242588
21262,0.030020711943507195
21263,0.03001895733177662
21264,0.03002019226551056
21265,0.030019767582416534
21266,0.030020052567124367
21267,0.030020123347640038
21268,0.030020006000995636
21269,0.03001980483531952
21270,0.03001938760280609
21271,0.03001904860138893
21272,0.03001842275261879
21273,0.030017808079719543
21274,0.030016964301466942
21275,0.030016150325536728
21276,0.03001527488231659
21277,0.03001459687948227
21278,0.030014125630259514
21279,0.030013790354132652
21280,0.03001600131392479
21281,0.030014140531420708
21282,0.030014704912900925
21283,0.03001503460109234
21284,0.03001514822244644
21285,0.03001599945127964
21286,0.030015358701348305
21287,0.030015433207154274
21288,0.03001531958580017
21289,0.030015036463737488
21290,0.03001459874212742
21291,0.030014023184776306
21292,0.030013518407940865
21293,0.030014503747224808
21294,0.030013343319296837
21295,0.030013633891940117
21296,0.03001438081264496
21297,0.030014868825674057
21298,0.03001512959599495
21299,0.030015181750059128
21300,0.030015042051672935
21301,0.03001474216580391
21302,0.0300142802298069
21303,0.030013687908649445
21304,0.03001297079026699
21305,0.03001214563846588
21306,0.030011223629117012
21307,0.03001035563647747
21308,0.030010754242539406
21309,0.030011365190148354
21310,0.03000883013010025
21311,0.03000890463590622
21312,0.030008934438228607
21313,0.030008867383003235
21314,0.03001103177666664
21315,0.030009090900421143
21316,0.03000921569764614
21317,0.030009210109710693
21318,0.030009208247065544
21319,0.030009210109710693
21320,0.030009085312485695
21321,0.030009035021066666
21322,0.030009446665644646
21323,0.03000975027680397
21324,0.03000984527170658
21325,0.030009746551513672
21326,0.030009476467967033
21327,0.030009768903255463
21328,0.030009441077709198
21329,0.030009085312485695
21330,0.030008364468812943
21331,0.030011212453246117
21332,0.030008984729647636
21333,0.03000941500067711
21334,0.030009619891643524
21335,0.030009619891643524
21336,0.030009441077709198
21337,0.03001011721789837
21338,0.03000933676958084
21339,0.030009372159838676
21340,0.030012572184205055
21341,0.030010320246219635
21342,0.03001113049685955
21343,0.030011678114533424
21344,0.030011987313628197
21345,0.030012087896466255
21346,0.030011992901563644
21347,0.030011726543307304
21348,0.03001140058040619
21349,0.030010920017957687
21350,0.030011247843503952
21351,0.030010145157575607
21352,0.030009636655449867
21353,0.030008984729647636
21354,0.03001435101032257
21355,0.030010554939508438
21356,0.030012553557753563
21357,0.03001417964696884
21358,0.030015461146831512
21359,0.03001643344759941
21360,0.03001713566482067
21361,0.030017582699656487
21362,0.030017804354429245
21363,0.030017822980880737
21364,0.030017659068107605
21365,0.030017325654625893
21366,0.03001684695482254
21367,0.030016236007213593
21368,0.030015498399734497
21369,0.030014662072062492
21370,0.030014604330062866
21371,0.030013542622327805
21372,0.030013112351298332
21373,0.03001277521252632
21374,0.030012192204594612
21375,0.030011551454663277
21376,0.03001422993838787
21377,0.030010655522346497
21378,0.030013199895620346
21379,0.030010966584086418
21380,0.03001113049685955
21381,0.030011096969246864
21382,0.0300108902156353
21383,0.030010515823960304
21384,0.030010297894477844
21385,0.030009981244802475
21386,0.03000926971435547
21387,0.03001328743994236
21388,0.030010120943188667
21389,0.030011164024472237
21390,0.030011922121047974
21391,0.03001253679394722
21392,0.030012959614396095
21393,0.03001330979168415
21394,0.03001350723206997
21395,0.03001350350677967
21396,0.030013317242264748
21397,0.03001297079026699
21398,0.030013231560587883
21399,0.0300133153796196
21400,0.030012957751750946
21401,0.030013393610715866
21402,0.03001360408961773
21403,0.030013609677553177
21404,0.030013438314199448
21405,0.03001377545297146
21406,0.03001297451555729
21407,0.03001268208026886
21408,0.030012236908078194
21409,0.03001355566084385
21410,0.03001350164413452
21411,0.03001329116523266
21412,0.0300145223736763
21413,0.030015449970960617
21414,0.030016109347343445
21415,0.030016515403985977
21416,0.0300167016685009
21417,0.030016688629984856
21418,0.030016498640179634
21419,0.03001614287495613
21420,0.030015837401151657
21421,0.03001566044986248
21422,0.030014950782060623
21423,0.030014144256711006
21424,0.030013294890522957
21425,0.03001250885426998
21426,0.03001255914568901
21427,0.030012382194399834
21428,0.03001171350479126
21429,0.030011842027306557
21430,0.03001178428530693
21431,0.030011869966983795
21432,0.030012520030140877
21433,0.030012480914592743
21434,0.030012786388397217
21435,0.03001287765800953
21436,0.03001277893781662
21437,0.03001250885426998
21438,0.030012084171175957
21439,0.03001151978969574
21440,0.030010830610990524
21441,0.030010033398866653
21442,0.0300130732357502
21443,0.030010143294930458
21444,0.030010879039764404
21445,0.030011357739567757
21446,0.0300116129219532
21447,0.030011996626853943
21448,0.030011935159564018
21449,0.03001181222498417
21450,0.03001183457672596
21451,0.030011311173439026
21452,0.03001117706298828
21453,0.030010877177119255
21454,0.03001074492931366
21455,0.03001035936176777
21456,0.030012335628271103
21457,0.030010338872671127
21458,0.03001035749912262
21459,0.030010193586349487
21460,0.03001069836318493
21461,0.030010590329766273
21462,0.03000970371067524
21463,0.030009998008608818
21464,0.030010124668478966
21465,0.030010061338543892
21466,0.030009819194674492
21467,0.030009426176548004
21468,0.030011262744665146
21469,0.030008818954229355
21470,0.030008697882294655
21471,0.030008498579263687
21472,0.030008235946297646
21473,0.030007820576429367
21474,0.03000739961862564
21475,0.030008314177393913
21476,0.030007949098944664
21477,0.03000827133655548
21478,0.030008381232619286
21479,0.030008483678102493
21480,0.030008237808942795
21481,0.03000844269990921
21482,0.030008316040039062
21483,0.0300084687769413
21484,0.030008461326360703
21485,0.03000827133655548
21486,0.030010582879185677
21487,0.030008889734745026
21488,0.03000958263874054
21489,0.030010022222995758
21490,0.03001023642718792
21491,0.030010249465703964
21492,0.030010074377059937
21493,0.030009737238287926
21494,0.030009502544999123
21495,0.030011791735887527
21496,0.03000926598906517
21497,0.030009524896740913
21498,0.030009575188159943
21499,0.0300094336271286
21500,0.030009200796484947
21501,0.030009273439645767
21502,0.030009163543581963
21503,0.03000892512500286
21504,0.030012061819434166
21505,0.0300099216401577
21506,0.030010998249053955
21507,0.03001178801059723
21508,0.03001231700181961
21509,0.03001260757446289
21510,0.030012689530849457
21511,0.030012628063559532
21512,0.030012384057044983
21513,0.03001364879310131
21514,0.03001222014427185
21515,0.030012167990207672
21516,0.030012020841240883
21517,0.03001207299530506
21518,0.030011607334017754
21519,0.03001135028898716
21520,0.03001094050705433
21521,0.030010387301445007
21522,0.030010387301445007
21523,0.030010158196091652
21524,0.03000943921506405
21525,0.03000829555094242
21526,0.03000774048268795
21527,0.030007779598236084
21528,0.030006956309080124
21529,0.03000928834080696
21530,0.03000764362514019
21531,0.030008267611265182
21532,0.030008653178811073
21533,0.030008811503648758
21534,0.030009018257260323
21535,0.030008792877197266
21536,0.030008625239133835
21537,0.03000851720571518
21538,0.03000844642519951
21539,0.030008399859070778
21540,0.03000817447900772
21541,0.03000793233513832
21542,0.03000734932720661
21543,0.03000936657190323
21544,0.030009184032678604
21545,0.030008243396878242
21546,0.030009079724550247
21547,0.030009645968675613
21548,0.030009973794221878
21549,0.03001008741557598
21550,0.030010005459189415
21551,0.030009746551513672
21552,0.03001021407544613
21553,0.030009660869836807
21554,0.03000977635383606
21555,0.030009692534804344
21556,0.030009634792804718
21557,0.03000934049487114
21558,0.030011024326086044
21559,0.030009128153324127
21560,0.03000924363732338
21561,0.030009161680936813
21562,0.03000890649855137
21563,0.030012058094143867
21564,0.030009806156158447
21565,0.030010806396603584
21566,0.030011523514986038
21567,0.030011987313628197
21568,0.0300122182816267
21569,0.030012253671884537
21570,0.030012093484401703
21571,0.030011767521500587
21572,0.030015436932444572
21573,0.030011555179953575
21574,0.030011611059308052
21575,0.030011480674147606
21576,0.030011506751179695
21577,0.030013130977749825
21578,0.030011501163244247
21579,0.030011925846338272
21580,0.03001217357814312
21581,0.0300122182816267
21582,0.030012069270014763
21583,0.030011752620339394
21584,0.030011283233761787
21585,0.030010677874088287
21586,0.030009951442480087
21587,0.03001117706298828
21588,0.0300095546990633
21589,0.030009018257260323
21590,0.030010472983121872
21591,0.030008891597390175
21592,0.03000885434448719
21593,0.03000864014029503
21594,0.030016329139471054
21595,0.03001045435667038
21596,0.030012253671884537
21597,0.03001369535923004
21598,0.03001481667160988
21599,0.03001563623547554
21600,0.03001619689166546
21601,0.030016520991921425
21602,0.030016625300049782
21603,0.03001653403043747
21604,0.03001626953482628
21605,0.0300158504396677
21606,0.030015286058187485
21607,0.030014589428901672
21608,0.030013782903552055
21609,0.030013881623744965
21610,0.030012432485818863
21611,0.03001219406723976
21612,0.03001156635582447
21613,0.0300142765045166
21614,0.030010724440217018
21615,0.03001176007091999
21616,0.03001120500266552
21617,0.030011508613824844
21618,0.030011599883437157
21619,0.030011499300599098
21620,0.03001122735440731
21621,0.03001079149544239
21622,0.030012235045433044
21623,0.030010467395186424
21624,0.03001050278544426
21625,0.03001035377383232
21626,0.030012011528015137
21627,0.030010521411895752
21628,0.030010784044861794
21629,0.030010830610990524
21630,0.03001069650053978
21631,0.030010387301445007
21632,0.030009930953383446
21633,0.030009526759386063
21634,0.030009398236870766
21635,0.03000926412642002
21636,0.030008969828486443
21637,0.030009450390934944
21638,0.03000875562429428
21639,0.030008802190423012
21640,0.030008738860487938
21641,0.030008716508746147
21642,0.03000854328274727
21643,0.030008206143975258
21644,0.03000788390636444
21645,0.03000834956765175
21646,0.03000839427113533
21647,0.03000866249203682
21648,0.030008720234036446
21649,0.03001069836318493
21650,0.030009007081389427
21651,0.030009200796484947
21652,0.030009187757968903
21653,0.03001059778034687
21654,0.03000958077609539
21655,0.030009977519512177
21656,0.030010128393769264
21657,0.030010271817445755
21658,0.030010031536221504
21659,0.03000975400209427
21660,0.030009346082806587
21661,0.030012445524334908
21662,0.030011050403118134
21663,0.030012862756848335
21664,0.030014311894774437
21665,0.03001543879508972
21666,0.030016271397471428
21667,0.030016835778951645
21668,0.03001715987920761
21669,0.030017266049981117
21670,0.030017180368304253
21671,0.03001692146062851
21672,0.030016502365469933
21673,0.030015937983989716
21674,0.030015330761671066
21675,0.03001522831618786
21676,0.03001437894999981
21677,0.030013874173164368
21678,0.03001335635781288
21679,0.03001336380839348
21680,0.03001309558749199
21681,0.03001325950026512
21682,0.030013229697942734
21683,0.030013011768460274
21684,0.030012639239430428
21685,0.030012117698788643
21686,0.030011707916855812
21687,0.03001125529408455
21688,0.030010420829057693
21689,0.030009441077709198
21690,0.030011994764208794
21691,0.030008694157004356
21692,0.030008578673005104
21693,0.03000885248184204
21694,0.030008438974618912
21695,0.030010530725121498
21696,0.030008569359779358
21697,0.030008932575583458
21698,0.030009083449840546
21699,0.030009755864739418
21700,0.030009368434548378
21701,0.03000948764383793
21702,0.03000941500067711
21703,0.03000916726887226
21704,0.03000875934958458
21705,0.030013583600521088
21706,0.030010255053639412
21707,0.030011918395757675
21708,0.03001324087381363
21709,0.030014248564839363
21710,0.030014973133802414
21711,0.03001544624567032
21712,0.030015693977475166
21713,0.030015723779797554
21714,0.030015574768185616
21715,0.030015258118510246
21716,0.03001478873193264
21717,0.03001418523490429
21718,0.030016053467988968
21719,0.030013130977749825
21720,0.03001265786588192
21721,0.030015455558896065
21722,0.030012020841240883
21723,0.03001190349459648
21724,0.0300116166472435
21725,0.030011167749762535
21726,0.030010614544153214
21727,0.03000991977751255
21728,0.030009182170033455
21729,0.030008381232619286
21730,0.030007479712367058
21731,0.030010752379894257
21732,0.030007103458046913
21733,0.03000747784972191
21734,0.030007634311914444
21735,0.03000759333372116
21736,0.03000737726688385
21737,0.030010230839252472
21738,0.030008165165781975
21739,0.030009036883711815
21740,0.030009636655449867
21741,0.03000999428331852
21742,0.03001013956964016
21743,0.03001009114086628
21744,0.030009863898158073
21745,0.030009528622031212
21746,0.030009131878614426
21747,0.030009618028998375
21748,0.03000868670642376
21749,0.030011363327503204
21750,0.030010050162672997
21751,0.030011048540472984
21752,0.030011771246790886
21753,0.03001224249601364
21754,0.03001249022781849
21755,0.030012527480721474
21756,0.030012380331754684
21757,0.030012596398591995
21758,0.030013838782906532
21759,0.03001316636800766
21760,0.03001381643116474
21761,0.03001422807574272
21762,0.030014412477612495
21763,0.0300144013017416
21764,0.03001420572400093
21765,0.030013855546712875
21766,0.03001336380839348
21767,0.03001273050904274
21768,0.030014028772711754
21769,0.030013112351298332
21770,0.030013948678970337
21771,0.030014518648386
21772,0.03001486137509346
21773,0.03001498244702816
21774,0.030014915391802788
21775,0.03001467138528824
21776,0.0300142765045166
21777,0.030013736337423325
21778,0.0300130732357502
21779,0.030014652758836746
21780,0.030012313276529312
21781,0.030012376606464386
21782,0.030012167990207672
21783,0.030011935159564018
21784,0.030011553317308426
21785,0.030010975897312164
21786,0.030012458562850952
21787,0.03001079149544239
21788,0.030010463669896126
21789,0.0300107654184103
21790,0.030010933056473732
21791,0.030010951682925224
21792,0.030010784044861794
21793,0.03001045435667038
21794,0.030009977519512177
21795,0.030009368434548378
21796,0.030008722096681595
21797,0.03000829741358757
21798,0.030009889975190163
21799,0.030009066686034203
21800,0.030010031536221504
21801,0.03001071698963642
21802,0.03001115471124649
21803,0.0300113745033741
21804,0.030011393129825592
21805,0.03001122735440731
21806,0.030011137947440147
21807,0.03001094050705433
21808,0.030010657384991646
21809,0.030009960755705833
21810,0.030009541660547256
21811,0.03000912070274353
21812,0.030009061098098755
21813,0.030008574947714806
21814,0.03000814840197563
21815,0.030007608234882355
21816,0.03000817447900772
21817,0.030006729066371918
21818,0.03000626713037491
21819,0.030010903254151344
21820,0.030006518587470055
21821,0.030007101595401764
21822,0.03000744991004467
21823,0.030007576569914818
21824,0.030007516965270042
21825,0.030007285997271538
21826,0.030008401721715927
21827,0.030007148161530495
21828,0.030007200315594673
21829,0.03000706434249878
21830,0.030007148161530495
21831,0.03000778891146183
21832,0.030008533969521523
21833,0.03000902570784092
21834,0.030009284615516663
21835,0.03000934049487114
21836,0.030009213835000992
21837,0.030009189620614052
21838,0.030008818954229355
21839,0.030008981004357338
21840,0.030008818954229355
21841,0.030008237808942795
21842,0.030007919296622276
21843,0.030007565394043922
21844,0.03000706620514393
21845,0.030014334246516228
21846,0.030007600784301758
21847,0.030008584260940552
21848,0.030009599402546883
21849,0.03001048043370247
21850,0.030010834336280823
21851,0.0300113707780838
21852,0.030011752620339394
21853,0.03001292422413826
21854,0.03001250885426998
21855,0.030012859031558037
21856,0.030012989416718483
21857,0.030013512820005417
21858,0.03001323528587818
21859,0.030013373121619225
21860,0.0300133116543293
21861,0.03001311421394348
21862,0.030012793838977814
21863,0.03001232072710991
21864,0.03001171536743641
21865,0.03001132234930992
21866,0.030011121183633804
21867,0.030011001974344254
21868,0.030011838302016258
21869,0.03001115471124649
21870,0.030011329799890518
21871,0.030011307448148727
21872,0.030011340975761414
21873,0.030011050403118134
21874,0.030010860413312912
21875,0.030010594055056572
21876,0.030011065304279327
21877,0.030009964480996132
21878,0.030009601265192032
21879,0.030009709298610687
21880,0.030009279027581215
21881,0.03000926971435547
21882,0.030010325834155083
21883,0.030009353533387184
21884,0.030009418725967407
21885,0.03000934235751629
21886,0.030009089037775993
21887,0.030008811503648758
21888,0.030008189380168915
21889,0.030009344220161438
21890,0.03000868670642376
21891,0.030009504407644272
21892,0.03001006320118904
21893,0.030010385438799858
21894,0.030010495334863663
21895,0.030015481635928154
21896,0.030012361705303192
21897,0.03001394122838974
21898,0.030015192925930023
21899,0.030016135424375534
21900,0.030016807839274406
21901,0.03001723438501358
21902,0.030017441138625145
21903,0.030017444863915443
21904,0.030017266049981117
21905,0.030016925185918808
21906,0.030016440898180008
21907,0.030015820637345314
21908,0.030015084892511368
21909,0.030014242976903915
21910,0.030013302341103554
21911,0.030012279748916626
21912,0.030017992481589317
21913,0.0300122257322073
21914,0.030012985691428185
21915,0.030013497918844223
21916,0.030013779178261757
21917,0.030013902112841606
21918,0.03001387231051922
21919,0.030014783143997192
21920,0.030014175921678543
21921,0.030014395713806152
21922,0.030015429481863976
21923,0.0300148855894804
21924,0.03001500852406025
21925,0.030014947056770325
21926,0.030014704912900925
21927,0.030014317482709885
21928,0.030014002695679665
21929,0.030013319104909897
21930,0.03001275658607483
21931,0.030012119561433792
21932,0.0300113707780838
21933,0.030010517686605453
21934,0.030012130737304688
21935,0.030009470880031586
21936,0.030009206384420395
21937,0.030009116977453232
21938,0.030008994042873383
21939,0.03000900149345398
21940,0.03000962920486927
21941,0.030009593814611435
21942,0.03000885806977749
21943,0.030008746311068535
21944,0.030008919537067413
21945,0.030008923262357712
21946,0.03000910021364689
21947,0.030009211972355843
21948,0.030009446665644646
21949,0.030009564012289047
21950,0.030009491369128227
21951,0.030010607093572617
21952,0.03000946342945099
21953,0.03000948391854763
21954,0.030009321868419647
21955,0.03000904619693756
21956,0.030010629445314407
21957,0.03000914864242077
21958,0.030009204521775246
21959,0.030009251087903976
21960,0.030009999871253967
21961,0.030009575188159943
21962,0.03001004084944725
21963,0.0300101600587368
21964,0.03001023828983307
21965,0.030010242015123367
21966,0.0300107691437006
21967,0.030010292306542397
21968,0.030010314658284187
21969,0.030010154470801353
21970,0.03000982664525509
21971,0.030009357258677483
21972,0.030011489987373352
21973,0.030009891837835312
21974,0.030010748654603958
21975,0.030011333525180817
21976,0.030011778697371483
21977,0.030012086033821106
21978,0.03001212328672409
21979,0.03001190908253193
21980,0.030011704191565514
21981,0.030011337250471115
21982,0.030010832473635674
21983,0.030010193586349487
21984,0.03001156821846962
21985,0.03000950999557972
21986,0.030009815469384193
21987,0.030009454116225243
21988,0.030009539797902107
21989,0.030009476467967033
21990,0.030009236186742783
21991,0.030008846893906593
21992,0.030008310452103615
21993,0.030007651075720787
21994,0.03000917285680771
21995,0.030006688088178635
21996,0.030007774010300636
21997,0.03000674769282341
21998,0.030006958171725273
21999,0.03000696562230587
22000,0.030007673427462578
22001,0.030007440596818924
22002,0.03000783920288086
22003,0.030008019879460335
22004,0.03000800311565399
22005,0.030007807537913322
22006,0.03000744991004467
22007,0.030008405447006226
22008,0.03000686690211296
22009,0.030006786808371544
22010,0.030008524656295776
22011,0.03000783547759056
22012,0.030008822679519653
22013,0.03000953234732151
22014,0.03000999428331852
22015,0.030010225251317024
22016,0.03001030720770359
22017,0.03001013956964016
22018,0.030009904876351357
22019,0.030009597539901733
22020,0.03000934049487114
22021,0.030008483678102493
22022,0.030007820576429367
22023,0.030010394752025604
22024,0.03000761941075325
22025,0.03000791184604168
22026,0.030007995665073395
22027,0.030007893219590187
22028,0.030007988214492798
22029,0.030008375644683838
22030,0.03001030907034874
22031,0.030008260160684586
22032,0.030008919537067413
22033,0.030009323731064796
22034,0.03000950999557972
22035,0.030009498819708824
22036,0.030009310692548752
22037,0.030008956789970398
22038,0.030008455738425255
22039,0.030007828027009964
22040,0.030013471841812134
22041,0.030009159818291664
22042,0.030010860413312912
22043,0.030012210831046104
22044,0.030013252049684525
22045,0.03001401200890541
22046,0.030014513060450554
22047,0.03001478686928749
22048,0.030014853924512863
22049,0.030014732852578163
22050,0.030014438554644585
22051,0.030013997107744217
22052,0.030013423413038254
22053,0.030012721195816994
22054,0.030011914670467377
22055,0.030011005699634552
22056,0.03001285344362259
22057,0.030010541900992393
22058,0.030009876936674118
22059,0.03000974841415882
22060,0.03000970371067524
22061,0.030009759590029716
22062,0.03001030907034874
22063,0.030010530725121498
22064,0.030011162161827087
22065,0.030011555179953575
22066,0.030011722818017006
22067,0.03001578524708748
22068,0.03001294657588005
22069,0.03001388907432556
22070,0.030014565214514732
22071,0.030014988034963608
22072,0.030015189200639725
22073,0.030015194788575172
22074,0.030015014111995697
22075,0.030014678835868835
22076,0.030014198273420334
22077,0.03001358173787594
22078,0.030012965202331543
22079,0.03001263365149498
22080,0.030012259259819984
22081,0.030011745169758797
22082,0.03001110441982746
22083,0.03001074492931366
22084,0.030010197311639786
22085,0.030009884387254715
22086,0.030009424313902855
22087,0.03000883013010025
22088,0.030008120462298393
22089,0.03001330979168415
22090,0.030010409653186798
22091,0.03000866062939167
22092,0.030009470880031586
22093,0.030010022222995758
22094,0.030010340735316277
22095,0.03001045249402523
22096,0.030010372400283813
22097,0.030010120943188667
22098,0.030009716749191284
22099,0.03000916726887226
22100,0.030009271577000618
22101,0.030009476467967033
22102,0.030007896944880486
22103,0.03000766970217228
22104,0.030007285997271538
22105,0.03000679984688759
22106,0.030006883665919304
22107,0.030006280168890953
22108,0.0300076175481081
22109,0.030006958171725273
22110,0.030007468536496162
22111,0.03000783920288086
22112,0.030008448287844658
22113,0.030008632689714432
22114,0.030009044334292412
22115,0.030009591951966286
22116,0.030009903013706207
22117,0.030010003596544266
22118,0.030009916052222252
22119,0.030009659007191658
22120,0.03000924363732338
22121,0.030008694157004356
22122,0.030011100694537163
22123,0.03000808320939541
22124,0.030007965862751007
22125,0.030008984729647636
22126,0.03000800684094429
22127,0.03000812977552414
22128,0.03000805713236332
22129,0.0300078634172678
22130,0.030008098110556602
22131,0.03000752441585064
22132,0.03000718541443348
22133,0.03000747598707676
22134,0.030007686465978622
22135,0.03000769577920437
22136,0.03001033328473568
22137,0.030007921159267426
22138,0.030008092522621155
22139,0.030008068308234215
22140,0.030007872730493546
22141,0.030007515102624893
22142,0.030007075518369675
22143,0.03000677563250065
22144,0.030007537454366684
22145,0.03000676818192005
22146,0.030007435008883476
22147,0.030007559806108475
22148,0.030007895082235336
22149,0.030008012428879738
22150,0.030007941648364067
22151,0.030007699504494667
22152,0.03000734932720661
22153,0.030006881803274155
22154,0.030007146298885345
22155,0.030006414279341698
22156,0.03000636212527752
22157,0.03000613860785961
22158,0.030010594055056572
22159,0.030007123947143555
22160,0.030008181929588318
22161,0.0300089530646801
22162,0.030009472742676735
22163,0.030009755864739418
22164,0.030012313276529312
22165,0.03001033328473568
22166,0.030011650174856186
22167,0.030013002455234528
22168,0.030011886730790138
22169,0.030012570321559906
22170,0.030013008043169975
22171,0.03001321852207184
22172,0.030013229697942734
22173,0.030013054609298706
22174,0.030012715607881546
22175,0.030012229457497597
22176,0.030011611059308052
22177,0.030010871589183807
22178,0.030010031536221504
22179,0.030012097209692
22180,0.030010169371962547
22181,0.030010666698217392
22182,0.030011147260665894
22183,0.03001139499247074
22184,0.0300114918500185
22185,0.030011391267180443
22186,0.03001115843653679
22187,0.030010754242539406
22188,0.03001026064157486
22189,0.030009685084223747
22190,0.03001037798821926
22191,0.030010778456926346
22192,0.030008994042873383
22193,0.030009198933839798
22194,0.0300099179148674
22195,0.030009662732481956
22196,0.030010217800736427
22197,0.03001059778034687
22198,0.03001048043370247
22199,0.030010543763637543
22200,0.03001055121421814
22201,0.030010376125574112
22202,0.030010037124156952
22203,0.030009552836418152
22204,0.030008934438228607
22205,0.030016962438821793
22206,0.030010318383574486
22207,0.030012056231498718
22208,0.030013438314199448
22209,0.030014513060450554
22210,0.03001530095934868
22211,0.030015822499990463
22212,0.030016116797924042
22213,0.030016202479600906
22214,0.03001609817147255
22215,0.030015820637345314
22216,0.03001539222896099
22217,0.030014827847480774
22218,0.030014190822839737
22219,0.030013712123036385
22220,0.030012959614396095
22221,0.030012033879756927
22222,0.030013788491487503
22223,0.030010811984539032
22224,0.03001040406525135
22225,0.030009858310222626
22226,0.030009187757968903
22227,0.030008405447006226
22228,0.030008170753717422
22229,0.03000715561211109
22230,0.030007096007466316
22231,0.03000660240650177
22232,0.03000965155661106
22233,0.030007345601916313
22234,0.03000802919268608
22235,0.0300084687769413
22236,0.03000868670642376
22237,0.030008705332875252
22238,0.030008545145392418
22239,0.030008217319846153
22240,0.030007747933268547
22241,0.030007140710949898
22242,0.030006416141986847
22243,0.030008038505911827
22244,0.03000606968998909
22245,0.030006488785147667
22246,0.03000650741159916
22247,0.030006499961018562
22248,0.03000631369650364
22249,0.030007293447852135
22250,0.03000625967979431
22251,0.030006173998117447
22252,0.03000606596469879
22253,0.030005790293216705
22254,0.030007673427462578
22255,0.030005816370248795
22256,0.03000604175031185
22257,0.030006106942892075
22258,0.030005985870957375
22259,0.030005695298314095
22260,0.030007969588041306
22261,0.03000577539205551
22262,0.030006058514118195
22263,0.030006354674696922
22264,0.03000631555914879
22265,0.03000628389418125
22266,0.03000914491713047
22267,0.03000660240650177
22268,0.03000681847333908
22269,0.030006829649209976
22270,0.030008483678102493
22271,0.030007118359208107
22272,0.03000735118985176
22273,0.0300073754042387
22274,0.03000723384320736
22275,0.030007140710949898
22276,0.030007079243659973
22277,0.030006805434823036
22278,0.030006473883986473
22279,0.030006200075149536
22280,0.03000641241669655
22281,0.03000648505985737
22282,0.030006375163793564
22283,0.03000609576702118
22284,0.030006391927599907
22285,0.03000708296895027
22286,0.030008183792233467
22287,0.03000899963080883
22288,0.030009552836418152
22289,0.03001205250620842
22290,0.030010977759957314
22291,0.03001173958182335
22292,0.030012285336852074
22293,0.03001263737678528
22294,0.030012771487236023
22295,0.030012713745236397
22296,0.030012527480721474
22297,0.030012361705303192
22298,0.030011842027306557
22299,0.03001120314002037
22300,0.030010618269443512
22301,0.030010543763637543
22302,0.03000979870557785
22303,0.030009517446160316
22304,0.030009081587195396
22305,0.030008509755134583
22306,0.03000781312584877
22307,0.030007008463144302
22308,0.030006103217601776
22309,0.030009454116225243
22310,0.030005939304828644
22311,0.03000650927424431
22312,0.03000684268772602
22313,0.03000715933740139
22314,0.030007267370820045
22315,0.030007021501660347
22316,0.030006825923919678
22317,0.030010610818862915
22318,0.03000723570585251
22319,0.030007842928171158
22320,0.030008215457201004
22321,0.03000836819410324
22322,0.03000831976532936
22323,0.030008986592292786
22324,0.030008835718035698
22325,0.0300093162804842
22326,0.030009564012289047
22327,0.030011333525180817
22328,0.030010413378477097
22329,0.030010955408215523
22330,0.030011264607310295
22331,0.030011361464858055
22332,0.030011270195245743
22333,0.030011005699634552
22334,0.030010588467121124
22335,0.030010029673576355
22336,0.030009347945451736
22337,0.030008556321263313
22338,0.030007658526301384
22339,0.03000739775598049
22340,0.030013978481292725
22341,0.030007248744368553
22342,0.030008338391780853
22343,0.03000914305448532
22344,0.030009685084223747
22345,0.030010001733899117
22346,0.030010102316737175
22347,0.03001011162996292
22348,0.030009977519512177
22349,0.03000980243086815
22350,0.030009450390934944
22351,0.03000875562429428
22352,0.030016226693987846
22353,0.030009876936674118
22354,0.030011240392923355
22355,0.030012287199497223
22356,0.030013058334589005
22357,0.030013570562005043
22358,0.030013855546712875
22359,0.030013930052518845
22360,0.030015427619218826
22361,0.030015546828508377
22362,0.030016927048563957
22363,0.030017994344234467
22364,0.030018776655197144
22365,0.030019301921129227
22366,0.030019594356417656
22367,0.03001968190073967
22368,0.03001958504319191
22369,0.030020510777831078
22370,0.030019501224160194
22371,0.0300194900482893
22372,0.030019298195838928
22373,0.03001895546913147
22374,0.030018461868166924
22375,0.03001784160733223
22376,0.030017107725143433
22377,0.03001646138727665
22378,0.03001570887863636
22379,0.03001490980386734
22380,0.030014049261808395
22381,0.030013136565685272
22382,0.03001360222697258
22383,0.03001423180103302
22384,0.030011504888534546
22385,0.030011657625436783
22386,0.030011620372533798
22387,0.030011406168341637
22388,0.03001103736460209
22389,0.030010532587766647
22390,0.03001023828983307
22391,0.030010029673576355
22392,0.03000996820628643
22393,0.030009740963578224
22394,0.030009357258677483
22395,0.030010003596544266
22396,0.03000977821648121
22397,0.030010459944605827
22398,0.03001089207828045
22399,0.03001110628247261
22400,0.030011123046278954
22401,0.03001096099615097
22402,0.03001156821846962
22403,0.030010521411895752
22404,0.030010240152478218
22405,0.030009843409061432
22406,0.030009396374225616
22407,0.030008822679519653
22408,0.030008191242814064
22409,0.030011121183633804
22410,0.030008526518940926
22411,0.03000926412642002
22412,0.030009757727384567
22413,0.030010025948286057
22414,0.03001008741557598
22415,0.03000996820628643
22416,0.030009683221578598
22417,0.030009249225258827
22418,0.03000883013010025
22419,0.030008263885974884
22420,0.030008770525455475
22421,0.030007142573595047
22422,0.030006950721144676
22423,0.030006470158696175
22424,0.03000606596469879
22425,0.030005652457475662
22426,0.030005108565092087
22427,0.030004436150193214
22428,0.030003657564520836
22429,0.030007142573595047
22430,0.030005227774381638
22431,0.030007263645529747
22432,0.03000892698764801
22433,0.030010253190994263
22434,0.030011268332600594
22435,0.030012007802724838
22436,0.030012505128979683
22437,0.03001277521252632
22438,0.030012840405106544
22439,0.030012724921107292
22440,0.03001244366168976
22441,0.030012017115950584
22442,0.030011450871825218
22443,0.0300107691437006
22444,0.030009983107447624
22445,0.030011752620339394
22446,0.03000933863222599
22447,0.030009375885128975
22448,0.03000924177467823
22449,0.030009087175130844
22450,0.030008967965841293
22451,0.03000858798623085
22452,0.030007705092430115
22453,0.03000827506184578
22454,0.03000781498849392
22455,0.03000880777835846
22456,0.030009500682353973
22457,0.030009130015969276
22458,0.03000972419977188
22459,0.030010083690285683
22460,0.03001023456454277
22461,0.030010193586349487
22462,0.030009981244802475
22463,0.030009612441062927
22464,0.030009105801582336
22465,0.030008476227521896
22466,0.030007900670170784
22467,0.030008770525455475
22468,0.030007479712367058
22469,0.030007530003786087
22470,0.03000739961862564
22471,0.030009502544999123
22472,0.030007269233465195
22473,0.030007237568497658
22474,0.03000703826546669
22475,0.030006682500243187
22476,0.03000653348863125
22477,0.030006350949406624
22478,0.030006371438503265
22479,0.030006268993020058
22480,0.03000774048268795
22481,0.030006222426891327
22482,0.03000621497631073
22483,0.03000602312386036
22484,0.0300056803971529
22485,0.030005939304828644
22486,0.03000546246767044
22487,0.030005520209670067
22488,0.03000524826347828
22489,0.030005181208252907
22490,0.03000742755830288
22491,0.030005943030118942
22492,0.030006958171725273
22493,0.030007701367139816
22494,0.030008189380168915
22495,0.030008461326360703
22496,0.030008528381586075
22497,0.030008412897586823
22498,0.030008839443325996
22499,0.030008312314748764
22500,0.03000830113887787
22501,0.030008118599653244
22502,0.03000837378203869
22503,0.03000820241868496
22504,0.03000766411423683
22505,0.030007511377334595
22506,0.030007217079401016
22507,0.030010001733899117
22508,0.03000807948410511
22509,0.03000907599925995
22510,0.0300097968429327
22511,0.030010271817445755
22512,0.03001052513718605
22513,0.03001103363931179
22514,0.030011147260665894
22515,0.03001154214143753
22516,0.030011694878339767
22517,0.030011752620339394
22518,0.030011620372533798
22519,0.030011359602212906
22520,0.03001098893582821
22521,0.030010463669896126
22522,0.030009856447577477
22523,0.030009405687451363
22524,0.030008791014552116
22525,0.03000830113887787
22526,0.03000769019126892
22527,0.030006960034370422
22528,0.03000929392874241
22529,0.03000590205192566
22530,0.03000561147928238
22531,0.030008044093847275
22532,0.030005374923348427
22533,0.030005520209670067
22534,0.030005469918251038
22535,0.030005261301994324
22536,0.030004890635609627
22537,0.030005648732185364
22538,0.030004993081092834
22539,0.03000536747276783
22540,0.030005529522895813
22541,0.030005499720573425
22542,0.03000529669225216
22543,0.030005063861608505
22544,0.030004678294062614
22545,0.030009647831320763
22546,0.0300058014690876
22547,0.03000694327056408
22548,0.03000812977552414
22549,0.03000883013010025
22550,0.030009295791387558
22551,0.030009929090738297
22552,0.03001055307686329
22553,0.030011089518666267
22554,0.030011387541890144
22555,0.030011486262083054
22556,0.03001139871776104
22557,0.030011141672730446
22558,0.030010730028152466
22559,0.030012043192982674
22560,0.0300106443464756
22561,0.030010588467121124
22562,0.030010471120476723
22563,0.030010277405381203
22564,0.03000992350280285
22565,0.030009429901838303
22566,0.03000880777835846
22567,0.03000822104513645
22568,0.030013171955943108
22569,0.030008934438228607
22570,0.030010221526026726
22571,0.03001120500266552
22572,0.030011920258402824
22573,0.030012385919690132
22574,0.03001263178884983
22575,0.030012672767043114
22576,0.03001253679394722
22577,0.030012236908078194
22578,0.030011795461177826
22579,0.030011214315891266
22580,0.0300105232745409
22581,0.030009720474481583
22582,0.030008820816874504
22583,0.030009396374225616
22584,0.030007457360625267
22585,0.03001059778034687
22586,0.030006717890501022
22587,0.030006613582372665
22588,0.030006615445017815
22589,0.030006539076566696
22590,0.03000629134476185
22591,0.030006367713212967
22592,0.030006248503923416
22593,0.03000641241669655
22594,0.03000638633966446
22595,0.030007027089595795
22596,0.03000771254301071
22597,0.03000892512500286
22598,0.030009837821125984
22599,0.030010486021637917
22600,0.0300108902156353
22601,0.03001108579337597
22602,0.030011078342795372
22603,0.030010897666215897
22604,0.030010562390089035
22605,0.030010081827640533
22606,0.0300095584243536
22607,0.030009057372808456
22608,0.030008366331458092
22609,0.03000771626830101
22610,0.03000694513320923
22611,0.030006973072886467
22612,0.03000561147928238
22613,0.03000498190522194
22614,0.030008848756551743
22615,0.030005279928445816
22616,0.03000604175031185
22617,0.03000655397772789
22618,0.030006838962435722
22619,0.030006922781467438
22620,0.03000948578119278
22621,0.030007272958755493
22622,0.03000750206410885
22623,0.030007531866431236
22624,0.03000742197036743
22625,0.03000727668404579
22626,0.030006829649209976
22627,0.030006421729922295
22628,0.030006278306245804
22629,0.030008047819137573
22630,0.03000641241669655
22631,0.03000684082508087
22632,0.030007051303982735
22633,0.03000706247985363
22634,0.030006900429725647
22635,0.03000657446682453
22636,0.030006106942892075
22637,0.03000550903379917
22638,0.030004797503352165
22639,0.03000761941075325
22640,0.030005181208252907
22641,0.03000555746257305
22642,0.030005615204572678
22643,0.03000679425895214
22644,0.03000703826546669
22645,0.030007796362042427
22646,0.030008308589458466
22647,0.03000859171152115
22648,0.030009407550096512
22649,0.030009077861905098
22650,0.03000897541642189
22651,0.030008956789970398
22652,0.030008763074874878
22653,0.030011335387825966
22654,0.03000880777835846
22655,0.030008990317583084
22656,0.030008981004357338
22657,0.03000897355377674
22658,0.030008606612682343
22659,0.030008314177393913
22660,0.030010372400283813
22661,0.03000815585255623
22662,0.030008407309651375
22663,0.030008453875780106
22664,0.0300111323595047
22665,0.03000863641500473
22666,0.030008740723133087
22667,0.03000866062939167
22668,0.030008414760231972
22669,0.030012624338269234
22670,0.030009418725967407
22671,0.030010510236024857
22672,0.030011318624019623
22673,0.030011868104338646
22674,0.030012192204594612
22675,0.030012305825948715
22676,0.0300122257322073
22677,0.030011985450983047
22678,0.03001158870756626
22679,0.03001105971634388
22680,0.030010594055056572
22681,0.030010152608156204
22682,0.030015110969543457
22683,0.030009940266609192
22684,0.03000994585454464
22685,0.03001006320118904
22686,0.030010081827640533
22687,0.0300099216401577
22688,0.030009601265192032
22689,0.03000914305448532
22690,0.030009204521775246
22691,0.030008338391780853
22692,0.030007969588041306
22693,0.030007462948560715
22694,0.030016086995601654
22695,0.030008934438228607
22696,0.030010657384991646
22697,0.030012032017111778
22698,0.030013101175427437
22699,0.030013885349035263
22700,0.030014419928193092
22701,0.030014721676707268
22702,0.030014820396900177
22703,0.030014730989933014
22704,0.03001447394490242
22705,0.030014067888259888
22706,0.03001371957361698
22707,0.030013516545295715
22708,0.0300128273665905
22709,0.030011888593435287
22710,0.030011100694537163
22711,0.030010350048542023
22712,0.030009498819708824
22713,0.030008552595973015
22714,0.030011624097824097
22715,0.03000861033797264
22716,0.030008085072040558
22717,0.03000790812075138
22718,0.03000801056623459
22719,0.030007926747202873
22720,0.030008770525455475
22721,0.030009344220161438
22722,0.03001072257757187
22723,0.030011575669050217
22724,0.03001246601343155
22725,0.03001309186220169
22726,0.03001500852406025
22727,0.030014492571353912
22728,0.03001522272825241
22729,0.03001570887863636
22730,0.030015967786312103
22731,0.03001602739095688
22732,0.030015908181667328
22733,0.030015623196959496
22734,0.030015189200639725
22735,0.030014624819159508
22736,0.03001393936574459
22737,0.030013153329491615
22738,0.030012264847755432
22739,0.030011290684342384
22740,0.030010243877768517
22741,0.030013307929039
22742,0.030010269954800606
22743,0.030009066686034203
22744,0.03000890649855137
22745,0.030008811503648758
22746,0.03000861033797264
22747,0.030008887872099876
22748,0.030009014531970024
22749,0.030008956789970398
22750,0.03000878170132637
22751,0.030008671805262566
22752,0.030008316040039062
22753,0.03000781685113907
22754,0.03000739961862564
22755,0.030006853863596916
22756,0.030008018016815186
22757,0.030006427317857742
22758,0.030006438493728638
22759,0.030006278306245804
22760,0.030005957931280136
22761,0.030005671083927155
22762,0.030006108805537224
22763,0.030005069449543953
22764,0.03000488318502903
22765,0.030004799365997314
22766,0.030004823580384254
22767,0.030004912987351418
22768,0.03000481426715851
22769,0.03000507690012455
22770,0.03000474162399769
22771,0.03000488504767418
22772,0.03000474162399769
22773,0.030006518587470055
22774,0.030004562810063362
22775,0.030004937201738358
22776,0.030004957690835
22777,0.030005114153027534
22778,0.030005084350705147
22779,0.030005332082509995
22780,0.030005058273673058
22781,0.03000442124903202
22782,0.03000735491514206
22783,0.03000658191740513
22784,0.030008705332875252
22785,0.03001045249402523
22786,0.03001185692846775
22787,0.0300129447132349
22788,0.03001374751329422
22789,0.030014298856258392
22790,0.03001462295651436
22791,0.03001473657786846
22792,0.03001466393470764
22793,0.03001442551612854
22794,0.0300140343606472
22795,0.03001350350677967
22796,0.030012857168912888
22797,0.030012097209692
22798,0.030011625960469246
22799,0.030010849237442017
22800,0.030009951442480087
22801,0.030009735375642776
22802,0.030008414760231972
22803,0.030007988214492798
22804,0.03000742942094803
22805,0.03000674955546856
22806,0.03000631555914879
22807,0.030005991458892822
22808,0.030007049441337585
22809,0.030005905777215958
22810,0.03000614605844021
22811,0.030006183311343193
22812,0.03000781685113907
22813,0.03000646084547043
22814,0.030006660148501396
22815,0.03001043200492859
22816,0.030007407069206238
22817,0.030007900670170784
22818,0.030008168891072273
22819,0.030008235946297646
22820,0.03000812977552414
22821,0.030007852241396904
22822,0.030007435008883476
22823,0.030006878077983856
22824,0.03000684082508087
22825,0.030012043192982674
22826,0.030007697641849518
22827,0.03000936098396778
22828,0.03001069463789463
22829,0.030011722818017006
22830,0.030012473464012146
22831,0.030012980103492737
22832,0.03001571074128151
22833,0.030013900250196457
22834,0.03001430816948414
22835,0.03001449815928936
22836,0.030014490708708763
22837,0.030014317482709885
22838,0.03001398593187332
22839,0.03001389279961586
22840,0.030013851821422577
22841,0.030013268813490868
22842,0.030012821778655052
22843,0.03001239150762558
22844,0.030011894181370735
22845,0.030011329799890518
22846,0.03001142479479313
22847,0.030010612681508064
22848,0.030010472983121872
22849,0.03001084178686142
22850,0.030011046677827835
22851,0.030011054128408432
22852,0.0300108902156353
22853,0.030010566115379333
22854,0.030010106042027473
22855,0.030009564012289047
22856,0.03001239150762558
22857,0.030009426176548004
22858,0.03000977635383606
22859,0.0300099216401577
22860,0.030009880661964417
22861,0.030009666457772255
22862,0.030009299516677856
22863,0.030008990317583084
22864,0.03000848926603794
22865,0.030007941648364067
22866,0.0300070159137249
22867,0.03001043200492859
22868,0.030007345601916313
22869,0.030008140951395035
22870,0.03000868670642376
22871,0.030009007081389427
22872,0.030009116977453232
22873,0.03000904619693756
22874,0.030008811503648758
22875,0.030008425936102867
22876,0.03000790625810623
22877,0.030007265508174896
22878,0.03000825271010399
22879,0.030006399378180504
22880,0.030008388683199883
22881,0.03000623732805252
22882,0.03000629134476185
22883,0.03000681661069393
22884,0.030006304383277893
22885,0.030006492510437965
22886,0.0300066489726305
22887,0.03000635653734207
22888,0.03000606596469879
22889,0.030005861073732376
22890,0.030005507171154022
22891,0.030005812644958496
22892,0.030004730448126793
22893,0.030004311352968216
22894,0.030003750696778297
22895,0.030008666217327118
22896,0.03000573068857193
22897,0.030007950961589813
22898,0.030009780079126358
22899,0.030011260882019997
22900,0.030012425035238266
22901,0.030013298615813255
22902,0.030013911426067352
22903,0.030014296993613243
22904,0.030014466494321823
22905,0.03001444600522518
22906,0.03001425601541996
22907,0.030013911426067352
22908,0.030013427138328552
22909,0.030012821778655052
22910,0.030012154951691628
22911,0.030011704191565514
22912,0.030011162161827087
22913,0.03001062013208866
22914,0.030010167509317398
22915,0.030009597539901733
22916,0.030009087175130844
22917,0.030011381953954697
22918,0.030008727684617043
22919,0.03000880777835846
22920,0.030008705332875252
22921,0.03000844269990921
22922,0.03000802919268608
22923,0.030007487162947655
22924,0.030006827786564827
22925,0.030008185654878616
22926,0.03000585176050663
22927,0.0300059262663126
22928,0.030005617067217827
22929,0.030005013570189476
22930,0.030004635453224182
22931,0.030004126951098442
22932,0.0300051998347044
22933,0.030007747933268547
22934,0.030006039887666702
22935,0.030007367953658104
22936,0.030009059235453606
22937,0.0300104059278965
22938,0.030011456459760666
22939,0.030012227594852448
22940,0.030012745410203934
22941,0.03001304715871811
22942,0.03001313842833042
22943,0.030013052746653557
22944,0.030012795701622963
22945,0.03001239337027073
22946,0.03001195751130581
22947,0.030011486262083054
22948,0.03001377172768116
22949,0.030010683462023735
22950,0.030010316520929337
22951,0.030009791254997253
22952,0.030009230598807335
22953,0.030008574947714806
22954,0.030009038746356964
22955,0.030008835718035698
22956,0.030009593814611435
22957,0.030010109767317772
22958,0.030010394752025604
22959,0.030010484158992767
22960,0.030010391026735306
22961,0.03001013770699501
22962,0.030009735375642776
22963,0.030009200796484947
22964,0.030008602887392044
22965,0.030007826164364815
22966,0.03000742755830288
22967,0.0300065279006958
22968,0.030006349086761475
22969,0.030005749315023422
22970,0.030007489025592804
22971,0.03000641241669655
22972,0.03000672161579132
22973,0.03000682406127453
22974,0.03000674955546856
22975,0.030006790533661842
22976,0.03000684455037117
22977,0.030006419867277145
22978,0.03000601939857006
22979,0.03000572882592678
22980,0.030005300417542458
22981,0.03000473789870739
22982,0.03000406175851822
22983,0.030009999871253967
22984,0.030005184933543205
22985,0.03000672534108162
22986,0.030007943511009216
22987,0.030009038746356964
22988,0.030010150745511055
22989,0.03001113049685955
22990,0.030011843889951706
22991,0.030012313276529312
22992,0.03001256473362446
22993,0.030012618750333786
22994,0.030012499541044235
22995,0.030012212693691254
22996,0.03001178801059723
22997,0.030011281371116638
22998,0.0300106480717659
22999,0.030011015012860298
23000,0.030009768903255463
23001,0.030009247362613678
23002,0.030008738860487938
23003,0.03000888042151928
23004,0.03000929392874241
23005,0.03000769391655922
23006,0.030007638037204742
23007,0.030007418245077133
23008,0.030007047578692436
23009,0.030007340013980865
23010,0.030006740242242813
23011,0.03000674396753311
23012,0.03000657632946968
23013,0.0300079807639122
23014,0.03000638633966446
23015,0.030006591230630875
23016,0.030006544664502144
23017,0.03000613860785961
23018,0.030006179586052895
23019,0.030006062239408493
23020,0.03000577911734581
23021,0.030005360022187233
23022,0.03000498376786709
23023,0.03000442124903202
23024,0.030003951862454414
23025,0.030005423352122307
23026,0.030003746971488
23027,0.03000403568148613
23028,0.03000444360077381
23029,0.030004646629095078
23030,0.030004659667611122
23031,0.03000449389219284
23032,0.03000417724251747
23033,0.03000372275710106
23034,0.03000347502529621
23035,0.030003631487488747
23036,0.03000348061323166
23037,0.0300033800303936
23038,0.030003903433680534
23039,0.030003776773810387
23040,0.03000413067638874
23041,0.03000427968800068
23042,0.030004242435097694
23043,0.030005235224962234
23044,0.030006341636180878
23045,0.030008254572749138
23046,0.030009804293513298
23047,0.03001103550195694
23048,0.030011966824531555
23049,0.030012639239430428
23050,0.03001307137310505
23051,0.030013279989361763
23052,0.030013302341103554
23053,0.030013151466846466
23054,0.030012836679816246
23055,0.030012384057044983
23056,0.03001188486814499
23057,0.03001222014427185
23058,0.030013196170330048
23059,0.030011627823114395
23060,0.030012261122465134
23061,0.03001265786588192
23062,0.03001284785568714
23063,0.03001284785568714
23064,0.030012669041752815
23065,0.0300123393535614
23066,0.030011871829628944
23067,0.03001127950847149
23068,0.03001057170331478
23069,0.030009770765900612
23070,0.03001052513718605
23071,0.030008599162101746
23072,0.030008329078555107
23073,0.030008215457201004
23074,0.03000808134675026
23075,0.030009327456355095
23076,0.03000791370868683
23077,0.0300078596919775
23078,0.03000764176249504
23079,0.030007367953658104
23080,0.030007092282176018
23081,0.03000657446682453
23082,0.0300060473382473
23083,0.030005669221282005
23084,0.030005749315023422
23085,0.030005918815732002
23086,0.03000590018928051
23087,0.03000585176050663
23088,0.030005600303411484
23089,0.030005326494574547
23090,0.03000509925186634
23091,0.030005397275090218
23092,0.030005669221282005
23093,0.030005736276507378
23094,0.030005624517798424
23095,0.030005356296896935
23096,0.030004944652318954
23097,0.030004404485225677
23098,0.030008217319846153
23099,0.030004484578967094
23100,0.030004987493157387
23101,0.030005265027284622
23102,0.030005350708961487
23103,0.030005814507603645
23104,0.030005287379026413
23105,0.030005261301994324
23106,0.030005116015672684
23107,0.030004870146512985
23108,0.030004560947418213
23109,0.030004242435097694
23110,0.030005156993865967
23111,0.030003763735294342
23112,0.030003881081938744
23113,0.03000381775200367
23114,0.030003588646650314
23115,0.030003393068909645
23116,0.030003033578395844
23117,0.030004767701029778
23118,0.03000294789671898
23119,0.03000299260020256
23120,0.03000376559793949
23121,0.03000352531671524
23122,0.030003946274518967
23123,0.03000415675342083
23124,0.03000418283045292
23125,0.03000459261238575
23126,0.030004795640707016
23127,0.03000480681657791
23128,0.03000512532889843
23129,0.03000466898083687
23130,0.03000476025044918
23131,0.030004603788256645
23132,0.03000427596271038
23133,0.030004002153873444
23134,0.030003588646650314
23135,0.03000304102897644
23136,0.03000246360898018
23137,0.03000820055603981
23138,0.030004160478711128
23139,0.030006168410182
23140,0.03000781312584877
23141,0.03000912256538868
23142,0.03001013584434986
23143,0.03001086600124836
23144,0.030011357739567757
23145,0.030011631548404694
23146,0.030011700466275215
23147,0.03001159243285656
23148,0.03001132607460022
23149,0.030010908842086792
23150,0.03001035749912262
23151,0.030009692534804344
23152,0.030009211972355843
23153,0.030009305104613304
23154,0.030008235946297646
23155,0.030008118599653244
23156,0.030007775872945786
23157,0.03000752441585064
23158,0.030007140710949898
23159,0.030006928369402885
23160,0.030006561428308487
23161,0.030006293207406998
23162,0.03000679239630699
23163,0.030006660148501396
23164,0.030007075518369675
23165,0.03000728227198124
23166,0.030007293447852135
23167,0.0300071332603693
23168,0.03000681661069393
23169,0.03000636026263237
23170,0.03000577725470066
23171,0.03000507690012455
23172,0.030008170753717422
23173,0.030005794018507004
23174,0.03000699169933796
23175,0.030007896944880486
23176,0.030008547008037567
23177,0.030008958652615547
23178,0.03000936284661293
23179,0.030009537935256958
23180,0.030011020600795746
23181,0.030010109767317772
23182,0.03001047484576702
23183,0.030010631307959557
23184,0.030010702088475227
23185,0.030010443180799484
23186,0.030012493953108788
23187,0.030010458081960678
23188,0.03001062572002411
23189,0.030010605230927467
23190,0.030010409653186798
23191,0.03001006692647934
23192,0.030009586364030838
23193,0.030008982867002487
23194,0.030008314177393913
23195,0.030007582157850266
23196,0.03000684268772602
23197,0.030008481815457344
23198,0.03000626713037491
23199,0.030006520450115204
23200,0.030006572604179382
23201,0.030007166787981987
23202,0.030006935819983482
23203,0.030007194727659225
23204,0.03000725619494915
23205,0.030007144436240196
23206,0.03000687062740326
23207,0.030008230358362198
23208,0.030006496235728264
23209,0.03000636212527752
23210,0.030006075277924538
23211,0.03000614047050476
23212,0.030005916953086853
23213,0.030007680878043175
23214,0.030006706714630127
23215,0.030007202178239822
23216,0.03000747226178646
23217,0.03000754863023758
23218,0.03000744618475437
23219,0.030007177963852882
23220,0.03000677190721035
23221,0.030006229877471924
23222,0.030005715787410736
23223,0.03000507317483425
23224,0.030008623376488686
23225,0.030004629865288734
23226,0.03000488132238388
23227,0.030004940927028656
23228,0.030004823580384254
23229,0.03000454232096672
23230,0.030004119500517845
23231,0.030006632208824158
23232,0.03000468574464321
23233,0.03000551462173462
23234,0.03000609576702118
23235,0.030006449669599533
23236,0.030006593093276024
23237,0.03000655211508274
23238,0.03000633977353573
23239,0.030005984008312225
23240,0.03000548854470253
23241,0.030005164444446564
23242,0.030004655942320824
23243,0.030004477128386497
23244,0.03000357747077942
23245,0.030003219842910767
23246,0.03000609576702118
23247,0.030003391206264496
23248,0.030003760010004044
23249,0.030004490166902542
23250,0.03000447526574135
23251,0.03000481054186821
23252,0.030004937201738358
23253,0.03000488318502903
23254,0.030006609857082367
23255,0.0300051961094141
23256,0.03000550903379917
23257,0.030005615204572678
23258,0.030005544424057007
23259,0.030008666217327118
23260,0.03000563196837902
23261,0.03000575304031372
23262,0.030005689710378647
23263,0.03000546246767044
23264,0.03000599890947342
23265,0.03000524826347828
23266,0.03000522404909134
23267,0.03000503219664097
23268,0.03000662662088871
23269,0.030004963278770447
23270,0.030005043372511864
23271,0.030004944652318954
23272,0.030004680156707764
23273,0.030004270374774933
23274,0.030012348666787148
23275,0.030006926506757736
23276,0.030009644106030464
23277,0.030011925846338272
23278,0.030013808980584145
23279,0.03001534380018711
23280,0.03001655451953411
23281,0.030017472803592682
23282,0.03001813217997551
23283,0.030018549412488937
23284,0.030018756166100502
23285,0.030018771067261696
23286,0.030018603429198265
23287,0.030018288642168045
23288,0.03001805581152439
23289,0.030019979923963547
23290,0.03001757711172104
23291,0.030017340555787086
23292,0.030016951262950897
23293,0.030016405507922173
23294,0.030015870928764343
23295,0.03001515194773674
23296,0.03001651167869568
23297,0.03001413866877556
23298,0.03001377172768116
23299,0.03001326322555542
23300,0.03001263737678528
23301,0.0300139207392931
23302,0.03001183643937111
23303,0.030011603608727455
23304,0.030011223629117012
23305,0.030010707676410675
23306,0.030010078102350235
23307,0.0300094373524189
23308,0.030008768662810326
23309,0.030007844790816307
23310,0.030007243156433105
23311,0.030006717890501022
23312,0.03000645712018013
23313,0.03000609017908573
23314,0.030005566775798798
23315,0.03000577725470066
23316,0.03000522591173649
23317,0.030005190521478653
23318,0.03000498376786709
23319,0.030004657804965973
23320,0.03000532276928425
23321,0.030005279928445816
23322,0.030005469918251038
23323,0.03000546619296074
23324,0.03000529110431671
23325,0.03000541962683201
23326,0.0300051961094141
23327,0.030005233362317085
23328,0.030005091801285744
23329,0.030004797503352165
23330,0.03000449761748314
23331,0.03000413067638874
23332,0.030003754422068596
23333,0.030006133019924164
23334,0.03000592440366745
23335,0.030008170753717422
23336,0.030010029673576355
23337,0.03001154027879238
23338,0.030012724921107292
23339,0.03001362830400467
23340,0.030014270916581154
23341,0.030014676973223686
23342,0.030014878138899803
23343,0.03001488372683525
23344,0.03001471981406212
23345,0.0300144013017416
23346,0.030014093965291977
23347,0.03001386672258377
23348,0.03001350723206997
23349,0.03001280128955841
23350,0.030011756345629692
23351,0.03001108020544052
23352,0.030010301619768143
23353,0.030012067407369614
23354,0.030009055510163307
23355,0.030008550733327866
23356,0.030007926747202873
23357,0.030007194727659225
23358,0.030006365850567818
23359,0.030005451291799545
23360,0.030004970729351044
23361,0.030004043132066727
23362,0.030010387301445007
23363,0.03000379540026188
23364,0.0300041101872921
23365,0.030004732310771942
23366,0.03000464290380478
23367,0.030004845932126045
23368,0.03000486269593239
23369,0.03000470995903015
23370,0.03000439889729023
23371,0.030004771426320076
23372,0.030004359781742096
23373,0.030004307627677917
23374,0.03000464290380478
23375,0.030004773288965225
23376,0.030004726722836494
23377,0.030004508793354034
23378,0.030004151165485382
23379,0.030003655701875687
23380,0.030010689049959183
23381,0.030005065724253654
23382,0.03000672347843647
23383,0.03000805340707302
23384,0.030009079724550247
23385,0.030009837821125984
23386,0.030010350048542023
23387,0.030010638758540154
23388,0.030010733753442764
23389,0.0300106443464756
23390,0.030010398477315903
23391,0.030010007321834564
23392,0.03000948205590248
23393,0.030008845031261444
23394,0.03000856563448906
23395,0.03000819683074951
23396,0.030007705092430115
23397,0.03000662662088871
23398,0.030007267370820045
23399,0.030006179586052895
23400,0.03000609576702118
23401,0.030005859211087227
23402,0.030005469918251038
23403,0.03000495582818985
23404,0.030014969408512115
23405,0.03000793792307377
23406,0.030006863176822662
23407,0.030007999390363693
23408,0.03000885806977749
23409,0.03000945970416069
23410,0.030009835958480835
23411,0.030010003596544266
23412,0.030009984970092773
23413,0.03001013956964016
23414,0.0300101637840271
23415,0.030010320246219635
23416,0.030010290443897247
23417,0.03001009300351143
23418,0.03000974841415882
23419,0.030009271577000618
23420,0.0300114955753088
23421,0.03000853769481182
23422,0.03000825271010399
23423,0.030007828027009964
23424,0.030007462948560715
23425,0.030006976798176765
23426,0.030006472021341324
23427,0.030005743727087975
23428,0.030004996806383133
23429,0.0300039853900671
23430,0.03001004457473755
23431,0.03000466525554657
23432,0.030006110668182373
23433,0.030007248744368553
23434,0.030008109286427498
23435,0.03000871278345585
23436,0.03000909462571144
23437,0.03000926598906517
23438,0.030009254813194275
23439,0.03000907599925995
23440,0.030008744448423386
23441,0.030008282512426376
23442,0.03000897355377674
23443,0.030007537454366684
23444,0.030007153749465942
23445,0.030009977519512177
23446,0.030006976798176765
23447,0.03000735491514206
23448,0.03000757470726967
23449,0.03000734932720661
23450,0.030006946995854378
23451,0.03000679239630699
23452,0.030006488785147667
23453,0.0300062894821167
23454,0.030006054788827896
23455,0.030005894601345062
23456,0.03000558167695999
23457,0.03000585548579693
23458,0.030005306005477905
23459,0.030005302280187607
23460,0.03000512905418873
23461,0.030004944652318954
23462,0.030004525557160378
23463,0.030003918334841728
23464,0.030003570020198822
23465,0.030003437772393227
23466,0.030002595856785774
23467,0.030006304383277893
23468,0.03000372275710106
23469,0.030004799365997314
23470,0.030005596578121185
23471,0.030006151646375656
23472,0.03000648133456707
23473,0.03000660613179207
23474,0.03000655770301819
23475,0.030006341636180878
23476,0.030005980283021927
23477,0.03000548668205738
23478,0.030004942789673805
23479,0.030004478991031647
23480,0.03000396117568016
23481,0.030003326013684273
23482,0.030005814507603645
23483,0.030002744868397713
23484,0.030002513900399208
23485,0.03000287339091301
23486,0.030002346262335777
23487,0.030002247542142868
23488,0.030001986771821976
23489,0.03000592812895775
23490,0.030006755143404007
23491,0.030004531145095825
23492,0.030006196349859238
23493,0.030007530003786087
23494,0.030008560046553612
23495,0.030009323731064796
23496,0.030009839683771133
23497,0.03001013584434986
23498,0.03001023456454277
23499,0.030010156333446503
23500,0.030009916052222252
23501,0.03000953234732151
23502,0.03000902198255062
23503,0.030008388683199883
23504,0.030009178444743156
23505,0.030007632449269295
23506,0.03000744991004467
23507,0.03000711463391781
23508,0.030006924644112587
23509,0.030006978660821915
23510,0.03000710718333721
23511,0.030007096007466316
23512,0.03000686690211296
23513,0.030006470158696175
23514,0.03000602312386036
23515,0.030007753521203995
23516,0.03000587783753872
23517,0.03000578097999096
23518,0.03000526875257492
23519,0.030005011707544327
23520,0.03000461496412754
23521,0.030004087835550308
23522,0.030003447085618973
23523,0.03000270389020443
23524,0.030006447806954384
23525,0.03000418096780777
23526,0.030006103217601776
23527,0.030007673427462578
23528,0.03000892512500286
23529,0.030009882524609566
23530,0.03001057729125023
23531,0.030011039227247238
23532,0.030011283233761787
23533,0.030011337250471115
23534,0.030011218041181564
23535,0.03001093678176403
23536,0.03001052513718605
23537,0.030010100454092026
23538,0.030009878799319267
23539,0.030009524896740913
23540,0.030009735375642776
23541,0.03000892512500286
23542,0.030008545145392418
23543,0.03000824525952339
23544,0.030007803812623024
23545,0.030007237568497658
23546,0.030006563290953636
23547,0.030005786567926407
23548,0.030005544424057007
23549,0.030005235224962234
23550,0.030004756525158882
23551,0.030003894120454788
23552,0.030003948137164116
23553,0.030003955587744713
23554,0.03000372275710106
23555,0.030003495514392853
23556,0.030003217980265617
23557,0.030002832412719727
23558,0.03000945970416069
23559,0.03000386245548725
23560,0.030005192384123802
23561,0.030006378889083862
23562,0.03000730834901333
23563,0.0300079807639122
23564,0.03000841848552227
23565,0.030008643865585327
23566,0.030009135603904724
23567,0.030009184032678604
23568,0.030009273439645767
23569,0.030009258538484573
23570,0.030010538175702095
23571,0.030010147020220757
23572,0.030010540038347244
23573,0.030010728165507317
23574,0.030010730028152466
23575,0.030010562390089035
23576,0.030010245740413666
23577,0.030009789392352104
23578,0.030009211972355843
23579,0.030008574947714806
23580,0.030008064582943916
23581,0.030007483437657356
23582,0.030009835958480835
23583,0.03000718727707863
23584,0.030007896944880486
23585,0.03000837005674839
23586,0.030008628964424133
23587,0.030008690431714058
23588,0.030008578673005104
23589,0.030008312314748764
23590,0.030007904395461082
23591,0.030007369816303253
23592,0.03000682033598423
23593,0.030006043612957
23594,0.03000541776418686
23595,0.03000481054186821
23596,0.030004361644387245
23597,0.03000389225780964
23598,0.030003434047102928
23599,0.030008191242814064
23600,0.030003631487488747
23601,0.030004162341356277
23602,0.030004478991031647
23603,0.03000459261238575
23604,0.030004527419805527
23605,0.030010754242539406
23606,0.030006134882569313
23607,0.030007608234882355
23608,0.030008777976036072
23609,0.030009662732481956
23610,0.030010290443897247
23611,0.030010690912604332
23612,0.030010882765054703
23613,0.030010882765054703
23614,0.03001072257757187
23615,0.0300104022026062
23616,0.030009951442480087
23617,0.030009375885128975
23618,0.030008694157004356
23619,0.03000790625810623
23620,0.03000703454017639
23621,0.030006080865859985
23622,0.03000520169734955
23623,0.030006466433405876
23624,0.03000488504767418
23625,0.030003244057297707
23626,0.030002739280462265
23627,0.0300025325268507
23628,0.030002376064658165
23629,0.030002063140273094
23630,0.030008021742105484
23631,0.030003100633621216
23632,0.030004261061549187
23633,0.03000514581799507
23634,0.03000577539205551
23635,0.030006177723407745
23636,0.030006371438503265
23637,0.030008632689714432
23638,0.030006902292370796
23639,0.03000720590353012
23640,0.030007313936948776
23641,0.030007246881723404
23642,0.0300070159137249
23643,0.030006634071469307
23644,0.030006127431988716
23645,0.03000814840197563
23646,0.030005384236574173
23647,0.03000510483980179
23648,0.03000473789870739
23649,0.03000442124903202
23650,0.03000364452600479
23651,0.030003266409039497
23652,0.030002817511558533
23653,0.03000180795788765
23654,0.030001765117049217
23655,0.03000054508447647
23656,0.03000319004058838
23657,0.030001534149050713
23658,0.030002636834979057
23659,0.030003460124135017
23660,0.030004039406776428
23661,0.03000439517199993
23662,0.030004551634192467
23663,0.030006788671016693
23664,0.030006134882569313
23665,0.030007416382431984
23666,0.030008411034941673
23667,0.030009137466549873
23668,0.030009625479578972
23669,0.03000989928841591
23670,0.030009979382157326
23671,0.030009882524609566
23672,0.03000962920486927
23673,0.030010361224412918
23674,0.03001081384718418
23675,0.030009400099515915
23676,0.030009252950549126
23677,0.03000924363732338
23678,0.030009066686034203
23679,0.030008742585778236
23680,0.030008282512426376
23681,0.030009107664227486
23682,0.030007587745785713
23683,0.030007319524884224
23684,0.030006909742951393
23685,0.030006375163793564
23686,0.030005821958184242
23687,0.03000520169734955
23688,0.030012423172593117
23689,0.030005453154444695
23690,0.030006203800439835
23691,0.0300066526979208
23692,0.03000686876475811
23693,0.030007028952240944
23694,0.03000703640282154
23695,0.030006879940629005
23696,0.030006572604179382
23697,0.030008025467395782
23698,0.030006228014826775
23699,0.030007705092430115
23700,0.030006343498826027
23701,0.030006375163793564
23702,0.030006229877471924
23703,0.030005935579538345
23704,0.03000550903379917
23705,0.03000495582818985
23706,0.030004292726516724
23707,0.03000413253903389
23708,0.030003797262907028
23709,0.030003858730196953
23710,0.03000391460955143
23711,0.03000379167497158
23712,0.030004099011421204
23713,0.030003685504198074
23714,0.030003227293491364
23715,0.030003665015101433
23716,0.030003894120454788
23717,0.03000393882393837
23718,0.030003806576132774
23719,0.03000357560813427
23720,0.030003532767295837
23721,0.0300032589584589
23722,0.03000279702246189
23723,0.03000251017510891
23724,0.030002128332853317
23725,0.030001619830727577
23726,0.030006103217601776
23727,0.030002105981111526
23728,0.03000294417142868
23729,0.030003532767295837
23730,0.030003894120454788
23731,0.030004050582647324
23732,0.030004026368260384
23733,0.03000383824110031
23734,0.030004503205418587
23735,0.030003657564520836
23736,0.030003633350133896
23737,0.030004847794771194
23738,0.030003594234585762
23739,0.03000440075993538
23740,0.03000437468290329
23741,0.030004745349287987
23742,0.030004989355802536
23743,0.030005082488059998
23744,0.030004996806383133
23745,0.030004898086190224
23746,0.030004404485225677
23747,0.030004069209098816
23748,0.030003588646650314
23749,0.03000296838581562
23750,0.030002497136592865
23751,0.03000209480524063
23752,0.03000185452401638
23753,0.03000166080892086
23754,0.03000108152627945
23755,0.03000056929886341
23756,0.0300028957426548
23757,0.03000473789870739
23758,0.030001642182469368
23759,0.030002791434526443
23760,0.030003653839230537
23761,0.030004268512129784
23762,0.030005719512701035
23763,0.030005404725670815
23764,0.030005913227796555
23765,0.030006201937794685
23766,0.030006298795342445
23767,0.030008085072040558
23768,0.030006812885403633
23769,0.03000718541443348
23770,0.03000735118985176
23771,0.03000733070075512
23772,0.030007699504494667
23773,0.03000738099217415
23774,0.03000742383301258
23775,0.030007293447852135
23776,0.0300070121884346
23777,0.030006583780050278
23778,0.030006028711795807
23779,0.03000536747276783
23780,0.03000948391854763
23781,0.030005598440766335
23782,0.03000633604824543
23783,0.030006831511855125
23784,0.03000710718333721
23785,0.030007189139723778
23786,0.030007094144821167
23787,0.030006924644112587
23788,0.030006881803274155
23789,0.030009392648935318
23790,0.030006645247340202
23791,0.03000682219862938
23792,0.030006607994437218
23793,0.030006365850567818
23794,0.03000606596469879
23795,0.030005624517798424
23796,0.0300055630505085
23797,0.03000897914171219
23798,0.030005790293216705
23799,0.030006717890501022
23800,0.030007392168045044
23801,0.030007826164364815
23802,0.030008049681782722
23803,0.030009854584932327
23804,0.03000851348042488
23805,0.03000873327255249
23806,0.030008763074874878
23807,0.030008621513843536
23808,0.03000832349061966
23809,0.03000788576900959
23810,0.03000732511281967
23811,0.030006645247340202
23812,0.030005866661667824
23813,0.03000514581799507
23814,0.03000451996922493
23815,0.030003614723682404
23816,0.030002860352396965
23817,0.030002014711499214
23818,0.030010677874088287
23819,0.030001414939761162
23820,0.030001947656273842
23821,0.03000251017510891
23822,0.030002852901816368
23823,0.03000299073755741
23824,0.03000294789671898
23825,0.030003389343619347
23826,0.030002720654010773
23827,0.030006729066371918
23828,0.030003195628523827
23829,0.03000362403690815
23830,0.03000384196639061
23831,0.0300038680434227
23832,0.03000377118587494
23833,0.030003972351551056
23834,0.03000473417341709
23835,0.030004482716321945
23836,0.030004726722836494
23837,0.030004777014255524
23838,0.030004650354385376
23839,0.03000437468290329
23840,0.030004819855093956
23841,0.030003737658262253
23842,0.030003376305103302
23843,0.030002884566783905
23844,0.03000226989388466
23845,0.030001549050211906
23846,0.030000830069184303
23847,0.030000708997249603
23848,0.03000127151608467
23849,0.030001167207956314
23850,0.030001802369952202
23851,0.030002139508724213
23852,0.030002277344465256
23853,0.030002411454916
23854,0.03000236116349697
23855,0.03000248596072197
23856,0.03000219352543354
23857,0.03000226616859436
23858,0.03000219725072384
23859,0.030002037063241005
23860,0.030002165585756302
23861,0.030002731829881668
23862,0.030002480372786522
23863,0.030002640560269356
23864,0.03000260889530182
23865,0.03000251017510891
23866,0.030002929270267487
23867,0.030004000291228294
23868,0.03000527061522007
23869,0.030006244778633118
23870,0.030006952583789825
23871,0.03000742197036743
23872,0.03000767156481743
23873,0.030007731169462204
23874,0.030007610097527504
23875,0.030007336288690567
23876,0.03000691346824169
23877,0.030006512999534607
23878,0.030005890876054764
23879,0.030005324631929398
23880,0.030004825443029404
23881,0.030003856867551804
23882,0.03000301495194435
23883,0.030003797262907028
23884,0.030001964420080185
23885,0.03000161424279213
23886,0.03000124730169773
23887,0.030001439154148102
23888,0.03000173717737198
23889,0.03000214695930481
23890,0.030002346262335777
23891,0.03000236116349697
23892,0.030002200976014137
23893,0.030001888051629066
23894,0.030003365129232407
23895,0.0300015639513731
23896,0.030003637075424194
23897,0.030002111569046974
23898,0.030002480372786522
23899,0.030002644285559654
23900,0.030002620071172714
23901,0.03000243380665779
23902,0.030002092942595482
23903,0.030001617968082428
23904,0.03001185692846775
23905,0.030003901571035385
23906,0.03000633977353573
23907,0.030008364468812943
23908,0.030010029673576355
23909,0.030011355876922607
23910,0.03001238964498043
23911,0.03001314587891102
23912,0.030013656243681908
23913,0.03001413494348526
23914,0.030014537274837494
23915,0.030014896765351295
23916,0.030015045776963234
23917,0.030015159398317337
23918,0.030015138909220695
23919,0.030014941468834877
23920,0.030014589428901672
23921,0.030014406889677048
23922,0.03001355193555355
23923,0.030012838542461395
23924,0.030012229457497597
23925,0.03001151606440544
23926,0.030010703951120377
23927,0.030013002455234528
23928,0.030009664595127106
23929,0.030009368434548378
23930,0.03000893071293831
23931,0.03000837191939354
23932,0.030007697641849518
23933,0.030006922781467438
23934,0.030006062239408493
23935,0.030007418245077133
23936,0.03000466711819172
23937,0.030004100874066353
23938,0.030003422871232033
23939,0.030003558844327927
23940,0.030008263885974884
23941,0.03000335581600666
23942,0.030004369094967842
23943,0.030005112290382385
23944,0.030005615204572678
23945,0.03000590018928051
23946,0.030006466433405876
23947,0.030006233602762222
23948,0.03000628389418125
23949,0.030006160959601402
23950,0.030005885288119316
23951,0.030006546527147293
23952,0.03000561334192753
23953,0.030005576089024544
23954,0.03000537119805813
23955,0.03000502660870552
23956,0.03000517189502716
23957,0.030004270374774933
23958,0.030003860592842102
23959,0.030003320425748825
23960,0.030002666637301445
23961,0.030002718791365623
23962,0.03000194951891899
23963,0.03000164031982422
23964,0.030003249645233154
23965,0.030001718550920486
23966,0.030002212151885033
23967,0.030003175139427185
23968,0.03000342659652233
23969,0.030004102736711502
23970,0.03000454790890217
23971,0.030004775151610374
23972,0.030004816129803658
23973,0.030004683881998062
23974,0.03000439517199993
23975,0.030003970488905907
23976,0.030003415420651436
23977,0.03000275418162346
23978,0.030003251507878304
23979,0.030002448707818985
23980,0.030002696439623833
23981,0.03000275045633316
23982,0.03000263124704361
23983,0.030002359300851822
23984,0.030001942068338394
23985,0.030001405626535416
23986,0.03000216744840145
23987,0.0300037432461977
23988,0.030001264065504074
23989,0.03000183403491974
23990,0.030002251267433167
23991,0.03000246360898018
23992,0.03000248409807682
23993,0.030002335086464882
23994,0.030002033337950706
23995,0.030003096908330917
23996,0.030001971870660782
23997,0.03000214882194996
23998,0.030002081766724586
23999,0.030002159997820854
24000,0.030002528801560402
24001,0.030002541840076447
24002,0.030002722516655922
24003,0.030002711340785027
24004,0.030002543702721596
24005,0.03000221587717533
24006,0.030001753941178322
24007,0.030001169070601463
24008,0.03000793792307377
24009,0.03000226989388466
24010,0.03000372275710106
24011,0.030004864558577538
24012,0.030005721375346184
24013,0.030006330460309982
24014,0.030006708577275276
24015,0.030006874352693558
24016,0.03000691346824169
24017,0.030006814748048782
24018,0.030006596818566322
24019,0.03000626713037491
24020,0.030005943030118942
24021,0.030005181208252907
24022,0.030004484578967094
24023,0.03000381775200367
24024,0.030004989355802536
24025,0.030002692714333534
24026,0.030002254992723465
24027,0.030001962557435036
24028,0.030001629143953323
24029,0.030001090839505196
24030,0.03000064194202423
24031,0.030005667358636856
24032,0.03000195324420929
24033,0.030003167688846588
24034,0.030004097148776054
24035,0.03000476397573948
24036,0.03000541962683201
24037,0.03000592440366745
24038,0.03000596910715103
24039,0.03000614233314991
24040,0.03000612184405327
24041,0.030007999390363693
24042,0.030006438493728638
24043,0.030008560046553612
24044,0.03000737354159355
24045,0.03000778518617153
24046,0.030007995665073395
24047,0.03000801056623459
24048,0.030007854104042053
24049,0.03000754490494728
24050,0.030007096007466316
24051,0.030006522312760353
24052,0.030005889013409615
24053,0.030005089938640594
24054,0.030008917674422264
24055,0.030006149783730507
24056,0.03000766783952713
24057,0.030008869245648384
24058,0.030009780079126358
24059,0.030010433867573738
24060,0.030010852962732315
24061,0.030011063441634178
24062,0.03001108206808567
24063,0.030011076480150223
24064,0.030010713264346123
24065,0.030010433867573738
24066,0.030009962618350983
24067,0.030009504407644272
24068,0.030009113252162933
24069,0.03000830113887787
24070,0.030007285997271538
24071,0.030006496235728264
24072,0.03000866249203682
24073,0.0300053171813488
24074,0.030004890635609627
24075,0.030004341155290604
24076,0.030003931373357773
24077,0.03000592440366745
24078,0.030003737658262253
24079,0.030006395652890205
24080,0.03000505454838276
24081,0.0300058051943779
24082,0.03000641241669655
24083,0.03000679425895214
24084,0.03000696934759617
24085,0.030006958171725273
24086,0.030006783083081245
24087,0.03000645339488983
24088,0.03000599332153797
24089,0.03000575304031372
24090,0.030005542561411858
24091,0.03000549226999283
24092,0.030005287379026413
24093,0.03000492788851261
24094,0.030004439875483513
24095,0.030004652217030525
24096,0.030004281550645828
24097,0.03000451996922493
24098,0.03000456653535366
24099,0.030004439875483513
24100,0.030004162341356277
24101,0.03000441938638687
24102,0.030003761872649193
24103,0.030005138367414474
24104,0.030003875494003296
24105,0.03000410459935665
24106,0.030004315078258514
24107,0.030003953725099564
24108,0.030003894120454788
24109,0.030003678053617477
24110,0.030003314837813377
24111,0.03000282123684883
24112,0.030002431944012642
24113,0.030005160719156265
24114,0.030002640560269356
24115,0.030003365129232407
24116,0.03000389039516449
24117,0.030004199594259262
24118,0.030004307627677917
24119,0.030004236847162247
24120,0.03000400960445404
24121,0.030003679916262627
24122,0.03000316210091114
24123,0.03000335581600666
24124,0.030003007501363754
24125,0.03000267781317234
24126,0.030002634972333908
24127,0.030002428218722343
24128,0.03000207059085369
24129,0.03000158630311489
24130,0.030000979080796242
24131,0.030000263825058937
24132,0.030001448467373848
24133,0.029999658465385437
24134,0.029999682679772377
24135,0.02999953180551529
24136,0.030004018917679787
24137,0.030001487582921982
24138,0.03000335767865181
24139,0.030004877597093582
24140,0.030006077140569687
24141,0.03000699169933796
24142,0.030007652938365936
24143,0.03000807948410511
24144,0.030008750036358833
24145,0.030009349808096886
24146,0.03000951185822487
24147,0.03000929206609726
24148,0.030008940026164055
24149,0.030008889734745026
24150,0.030008679255843163
24151,0.030008316040039062
24152,0.030007828027009964
24153,0.030009405687451363
24154,0.03000730276107788
24155,0.030007299035787582
24156,0.03000742755830288
24157,0.030007218942046165
24158,0.030006859451532364
24159,0.030007505789399147
24160,0.030006956309080124
24161,0.03000708855688572
24162,0.03000703826546669
24163,0.030006825923919678
24164,0.030006468296051025
24165,0.030005978420376778
24166,0.03000866062939167
24167,0.03000643104314804
24168,0.030007220804691315
24169,0.03000776655972004
24170,0.030008088797330856
24171,0.0300083439797163
24172,0.030009109526872635
24173,0.030008604750037193
24174,0.03000878542661667
24175,0.0300118550658226
24176,0.030009211972355843
24177,0.0300094336271286
24178,0.03000946342945099
24179,0.030009323731064796
24180,0.03000902570784092
24181,0.030008589848876
24182,0.03000803478062153
24183,0.030007686465978622
24184,0.030006922781467438
24185,0.030006173998117447
24186,0.030005352571606636
24187,0.03000456653535366
24188,0.03000451996922493
24189,0.030003609135746956
24190,0.03000337816774845
24191,0.030003001913428307
24192,0.030002931132912636
24193,0.03000364638864994
24194,0.03000451624393463
24195,0.03000512905418873
24196,0.030005518347024918
24197,0.030005699023604393
24198,0.030005687847733498
24199,0.03000551275908947
24200,0.030006907880306244
24201,0.03000536374747753
24202,0.030005352571606636
24203,0.030005166307091713
24204,0.030004840344190598
24205,0.03000461310148239
24206,0.03000449202954769
24207,0.030005360022187233
24208,0.030003372579813004
24209,0.03000318631529808
24210,0.0300027783960104
24211,0.030002376064658165
24212,0.030001850798726082
24213,0.030001409351825714
24214,0.0300014428794384
24215,0.03000110387802124
24216,0.030000751838088036
24217,0.030001258477568626
24218,0.030000584200024605
24219,0.03000050038099289
24220,0.03000025637447834
24221,0.029999865218997
24222,0.03000166267156601
24223,0.03000049851834774
24224,0.030001366510987282
24225,0.03000197932124138
24226,0.03000236302614212
24227,0.030002539977431297
24228,0.0300025325268507
24229,0.03000263310968876
24230,0.030002716928720474
24231,0.03000287339091301
24232,0.030002841725945473
24233,0.030002644285559654
24234,0.030004369094967842
24235,0.030002709478139877
24236,0.030002914369106293
24237,0.030005095526576042
24238,0.030003352090716362
24239,0.030003612861037254
24240,0.03000362403690815
24241,0.030003512278199196
24242,0.03000347688794136
24243,0.030003294348716736
24244,0.030002687126398087
24245,0.0300031378865242
24246,0.03000260703265667
24247,0.03000282123684883
24248,0.030002843588590622
24249,0.03000270016491413
24250,0.030002396553754807
24251,0.030001956969499588
24252,0.03000258281826973
24253,0.030003907158970833
24254,0.030003437772393227
24255,0.0300049539655447
24256,0.030006149783730507
24257,0.03000706061720848
24258,0.030007708817720413
24259,0.03000812605023384
24260,0.030008334666490555
24261,0.03000902198255062
24262,0.03000877983868122
24263,0.030008988454937935
24264,0.030009018257260323
24265,0.030011441558599472
24266,0.030009139329195023
24267,0.030009213835000992
24268,0.030009113252162933
24269,0.03000890091061592
24270,0.030008716508746147
24271,0.03000829927623272
24272,0.03000778891146183
24273,0.03000715561211109
24274,0.030006548389792442
24275,0.030005771666765213
24276,0.030005034059286118
24277,0.030005423352122307
24278,0.030006110668182373
24279,0.030005251988768578
24280,0.030006535351276398
24281,0.03000752069056034
24282,0.030008235946297646
24283,0.030008716508746147
24284,0.03000897541642189
24285,0.030009040609002113
24286,0.03000893071293831
24287,0.03000866062939167
24288,0.03000824712216854
24289,0.030007706955075264
24290,0.030007049441337585
24291,0.03000629134476185
24292,0.03000543639063835
24293,0.030004501342773438
24294,0.030004562810063362
24295,0.030002908781170845
24296,0.03000648319721222
24297,0.030002132058143616
24298,0.030002688989043236
24299,0.030003035441040993
24300,0.030003173276782036
24301,0.03000313602387905
24302,0.030003074556589127
24303,0.030003147199749947
24304,0.030002648010849953
24305,0.030002163723111153
24306,0.030001811683177948
24307,0.03000439889729023
24308,0.03000164031982422
24309,0.030001746490597725
24310,0.030001673847436905
24311,0.03000224381685257
24312,0.030002819374203682
24313,0.030003894120454788
24314,0.030004695057868958
24315,0.03000524453818798
24316,0.030005572363734245
24317,0.030005699023604393
24318,0.030005641281604767
24319,0.03000541776418686
24320,0.030005047097802162
24321,0.03000454790890217
24322,0.030003929510712624
24323,0.030003197491168976
24324,0.03000323474407196
24325,0.030003314837813377
24326,0.030002091079950333
24327,0.03000161424279213
24328,0.03000142239034176
24329,0.030001087114214897
24330,0.030000614002346992
24331,0.030001334846019745
24332,0.030000312253832817
24333,0.030000407248735428
24334,0.03000032715499401
24335,0.030001770704984665
24336,0.03000091016292572
24337,0.030001485720276833
24338,0.03000183030962944
24339,0.03000197559595108
24340,0.030001938343048096
24341,0.03000173158943653
24342,0.030001379549503326
24343,0.030010486021637917
24344,0.030003894120454788
24345,0.030006440356373787
24346,0.030008571222424507
24347,0.030010322108864784
24348,0.0300117377191782
24349,0.030012842267751694
24350,0.030013667419552803
24351,0.030014242976903915
24352,0.030014587566256523
24353,0.030014732852578163
24354,0.03001469001173973
24355,0.030014483258128166
24356,0.030014129355549812
24357,0.030013637617230415
24358,0.030013026669621468
24359,0.030012305825948715
24360,0.0300114918500185
24361,0.030010590329766273
24362,0.03000960499048233
24363,0.030008697882294655
24364,0.030008047819137573
24365,0.030007217079401016
24366,0.03000592440366745
24367,0.03000502660870552
24368,0.03000512160360813
24369,0.030004099011421204
24370,0.03000359795987606
24371,0.03000238910317421
24372,0.030002659186720848
24373,0.030002780258655548
24374,0.0300035011023283
24375,0.030004024505615234
24376,0.03000432625412941
24377,0.030004432424902916
24378,0.030004357919096947
24379,0.030004123225808144
24380,0.03000374510884285
24381,0.03000323474407196
24382,0.03000260889530182
24383,0.03000187873840332
24384,0.03000105358660221
24385,0.0300027783960104
24386,0.030000049620866776
24387,0.030001316219568253
24388,0.03000127710402012
24389,0.030002448707818985
24390,0.03000333532691002
24391,0.030003970488905907
24392,0.030004369094967842
24393,0.03000456653535366
24394,0.03000457026064396
24395,0.030004411935806274
24396,0.030005035921931267
24397,0.03000420704483986
24398,0.03000413440167904
24399,0.030003901571035385
24400,0.03000551089644432
24401,0.030003750696778297
24402,0.030003834515810013
24403,0.030003877356648445
24404,0.030003605410456657
24405,0.030003365129232407
24406,0.030002877116203308
24407,0.030002472922205925
24408,0.03000549040734768
24409,0.03000231459736824
24410,0.03000250644981861
24411,0.03000251203775406
24412,0.030002346262335777
24413,0.030002029612660408
24414,0.030001576989889145
24415,0.030000999569892883
24416,0.030000317841768265
24417,0.030002225190401077
24418,0.03000662848353386
24419,0.030001550912857056
24420,0.03000347875058651
24421,0.03000505268573761
24422,0.030006306245923042
24423,0.030007267370820045
24424,0.030007965862751007
24425,0.030008425936102867
24426,0.030008671805262566
24427,0.03000873140990734
24428,0.03000861033797264
24429,0.030008330941200256
24430,0.030007919296622276
24431,0.03000737726688385
24432,0.03000671975314617
24433,0.030011272057890892
24434,0.030006518587470055
24435,0.030006926506757736
24436,0.030007392168045044
24437,0.030007679015398026
24438,0.03001471795141697
24439,0.03000977635383606
24440,0.030011428520083427
24441,0.030012745410203934
24442,0.030013766139745712
24443,0.030014518648386
24444,0.03001502901315689
24445,0.03001531958580017
24446,0.03001541458070278
24447,0.030015332624316216
24448,0.030015088617801666
24449,0.030014704912900925
24450,0.03001418709754944
24451,0.03001365438103676
24452,0.03001314401626587
24453,0.030012620612978935
24454,0.030012894421815872
24455,0.03001260757446289
24456,0.030011098831892014
24457,0.030010847374796867
24458,0.030010482296347618
24459,0.03001001477241516
24460,0.030009500682353973
24461,0.030008943751454353
24462,0.030008278787136078
24463,0.03000812605023384
24464,0.03000710718333721
24465,0.03000657632946968
24466,0.030005931854248047
24467,0.030005188658833504
24468,0.03000466898083687
24469,0.030003990978002548
24470,0.0300035011023283
24471,0.03000289760529995
24472,0.030002186074852943
24473,0.030001379549503326
24474,0.03000698983669281
24475,0.030002180486917496
24476,0.030003538355231285
24477,0.030004600062966347
24478,0.03000538982450962
24479,0.030005937442183495
24480,0.03000626526772976
24481,0.030006399378180504
24482,0.03000648133456707
24483,0.03000658005475998
24484,0.030008509755134583
24485,0.030006324872374535
24486,0.030006444081664085
24487,0.03000638075172901
24488,0.030007613822817802
24489,0.030006572604179382
24490,0.030006229877471924
24491,0.03000621683895588
24492,0.030006257817149162
24493,0.03000606596469879
24494,0.03000585548579693
24495,0.030005505308508873
24496,0.03000509738922119
24497,0.030004583299160004
24498,0.030004024505615234
24499,0.03000349923968315
24500,0.030002761632204056
24501,0.030002057552337646
24502,0.030001310631632805
24503,0.03000059723854065
24504,0.02999977581202984
24505,0.02999935671687126
24506,0.029998861253261566
24507,0.029999107122421265
24508,0.029999304562807083
24509,0.02999931573867798
24510,0.02999916300177574
24511,0.030000288039445877
24512,0.029998986050486565
24513,0.030000342056155205
24514,0.02999933622777462
24515,0.02999953180551529
24516,0.029999544844031334
24517,0.02999938651919365
24518,0.029999081045389175
24519,0.030006734654307365
24520,0.030000848695635796
24521,0.03000267781317234
24522,0.03000415489077568
24523,0.030005328357219696
24524,0.030006222426891327
24525,0.030006855726242065
24526,0.030007263645529747
24527,0.030007464811205864
24528,0.03000747784972191
24529,0.03000733070075512
24530,0.030007025226950645
24531,0.030006634071469307
24532,0.030006445944309235
24533,0.030006168410182
24534,0.030005356296896935
24535,0.03000449761748314
24536,0.030004000291228294
24537,0.03000328503549099
24538,0.030002735555171967
24539,0.030009666457772255
24540,0.03000381775200367
24541,0.030005229637026787
24542,0.03000633977353573
24543,0.030007168650627136
24544,0.030007759109139442
24545,0.030008122324943542
24546,0.030009374022483826
24547,0.030013328418135643
24548,0.030009502544999123
24549,0.030010288581252098
24550,0.030011247843503952
24551,0.030011726543307304
24552,0.030012356117367744
24553,0.030012764036655426
24554,0.030012957751750946
24555,0.03001297451555729
24556,0.030012818053364754
24557,0.03001250885426998
24558,0.030012065544724464
24559,0.030011501163244247
24560,0.030010826885700226
24561,0.030010052025318146
24562,0.0300094373524189
24563,0.030008750036358833
24564,0.030008189380168915
24565,0.03000759892165661
24566,0.030007168650627136
24567,0.030006680637598038
24568,0.03000607341527939
24569,0.03000553324818611
24570,0.03000597096979618
24571,0.030004365369677544
24572,0.030003931373357773
24573,0.030003460124135017
24574,0.03000286966562271
24575,0.030002964660525322
24576,0.030007174238562584
24577,0.030002854764461517
24578,0.030003730207681656
24579,0.0300043486058712
24580,0.030004745349287987
24581,0.03000493533909321
24582,0.030004944652318954
24583,0.03000478446483612
24584,0.030004525557160378
24585,0.030004311352968216
24586,0.03000376559793949
24587,0.03000342659652233
24588,0.030002769082784653
24589,0.030003076419234276
24590,0.030001802369952202
24591,0.030001696199178696
24592,0.030001435428857803
24593,0.03000103309750557
24594,0.030000511556863785
24595,0.029999878257513046
24596,0.030009258538484573
24597,0.030000895261764526
24598,0.030002305284142494
24599,0.030003421008586884
24600,0.030004259198904037
24601,0.030004853382706642
24602,0.030005229637026787
24603,0.030005397275090218
24604,0.030005386099219322
24605,0.03000623919069767
24606,0.030005568638443947
24607,0.03000572882592678
24608,0.030007103458046913
24609,0.0300064068287611
24610,0.030006129294633865
24611,0.03000621870160103
24612,0.030006133019924164
24613,0.030005890876054764
24614,0.0300055593252182
24615,0.030005184933543205
24616,0.030004724860191345
24617,0.030004242435097694
24618,0.030003441497683525
24619,0.03000262938439846
24620,0.030001942068338394
24621,0.03000163845717907
24622,0.03000100888311863
24623,0.03000030107796192
24624,0.03000013157725334
24625,0.02999982424080372
24626,0.03000342845916748
24627,0.03000078722834587
24628,0.030000656843185425
24629,0.030001359060406685
24630,0.03000183030962944
24631,0.030002091079950333
24632,0.030002333223819733
24633,0.030002349987626076
24634,0.030002353712916374
24635,0.030002200976014137
24636,0.030001891776919365
24637,0.030001450330018997
24638,0.03000139258801937
24639,0.030000507831573486
24640,0.0300004743039608
24641,0.030002327635884285
24642,0.030000070109963417
24643,0.030000068247318268
24644,0.030000124126672745
24645,0.030000006780028343
24646,0.029999740421772003
24647,0.030001729726791382
24648,0.03000061586499214
24649,0.030001608654856682
24650,0.030002335086464882
24651,0.030003229156136513
24652,0.030004020780324936
24653,0.030004318803548813
24654,0.030004167929291725
24655,0.030004458501935005
24656,0.03000461682677269
24657,0.03000459261238575
24658,0.030004406347870827
24659,0.030004074797034264
24660,0.030003609135746956
24661,0.030003024265170097
24662,0.030002331361174583
24663,0.030001800507307053
24664,0.030001264065504074
24665,0.030000850558280945
24666,0.03000655397772789
24667,0.030001454055309296
24668,0.030002320185303688
24669,0.030002932995557785
24670,0.03000335767865181
24671,0.03000367060303688
24672,0.030003733932971954
24673,0.030003709718585014
24674,0.030003562569618225
24675,0.030005021020770073
24676,0.030003318563103676
24677,0.03000437654554844
24678,0.030003756284713745
24679,0.030004067346453667
24680,0.03000417724251747
24681,0.030004115775227547
24682,0.03000389039516449
24683,0.03000352345407009
24684,0.030003027990460396
24685,0.03000241331756115
24686,0.030001793056726456
24687,0.030001211911439896
24688,0.030000369995832443
24689,0.03000159002840519
24690,0.030000003054738045
24691,0.030000144615769386
24692,0.030000347644090652
24693,0.030000368133187294
24694,0.030000220984220505
24695,0.02999992109835148
24696,0.02999948151409626
24697,0.02999947778880596
24698,0.029999149963259697
24699,0.02999918721616268
24700,0.029999123886227608
24701,0.02999899722635746
24702,0.02999877743422985
24703,0.02999841794371605
24704,0.029997924342751503
24705,0.02999737113714218
24706,0.03000289388000965
24707,0.029999230057001114
24708,0.030001407489180565
24709,0.030003199353814125
24710,0.030004655942320824
24711,0.0300058014690876
24712,0.030006667599081993
24713,0.030007289722561836
24714,0.030007679015398026
24715,0.03000786527991295
24716,0.030007870867848396
24717,0.030007708817720413
24718,0.030007394030690193
24719,0.030006946995854378
24720,0.030006619170308113
24721,0.03000645712018013
24722,0.030005622655153275
24723,0.0300053209066391
24724,0.03000842034816742
24725,0.030004851520061493
24726,0.030005061998963356
24727,0.03000525012612343
24728,0.030005503445863724
24729,0.030005713924765587
24730,0.030005747452378273
24731,0.030005604028701782
24732,0.030005309730768204
24733,0.030006039887666702
24734,0.03000487945973873
24735,0.030004704371094704
24736,0.030004380270838737
24737,0.030003929510712624
24738,0.03000335395336151
24739,0.030002670362591743
24740,0.030004309490323067
24741,0.03000481054186821
24742,0.030003493651747704
24743,0.030004536733031273
24744,0.030005309730768204
24745,0.030005840584635735
24746,0.030006153509020805
24747,0.03000626526772976
24748,0.0300091914832592
24749,0.030006542801856995
24750,0.03000667877495289
24751,0.030006637796759605
24752,0.03000643290579319
24753,0.03000609204173088
24754,0.03000575676560402
24755,0.03000534325838089
24756,0.030004939064383507
24757,0.030004115775227547
24758,0.030003562569618225
24759,0.030002648010849953
24760,0.03000226616859436
24761,0.030001575127243996
24762,0.030001366510987282
24763,0.03000101074576378
24764,0.030000530183315277
24765,0.030004441738128662
24766,0.030001584440469742
24767,0.030000953003764153
24768,0.030001552775502205
24769,0.0300019308924675
24770,0.030002102255821228
24771,0.03000209480524063
24772,0.03000192530453205
24773,0.030001603066921234
24774,0.030001265928149223
24775,0.03000125102698803
24776,0.030000818893313408
24777,0.0300007127225399
24778,0.030001234263181686
24779,0.030000882223248482
24780,0.030001221224665642
24781,0.030001357197761536
24782,0.030001316219568253
24783,0.030001115053892136
24784,0.030000774189829826
24785,0.03000113181769848
24786,0.030001096427440643
24787,0.03000478446483612
24788,0.030000820755958557
24789,0.03000185638666153
24790,0.03000262752175331
24791,0.030003156512975693
24792,0.030003471300005913
24793,0.030003581196069717
24794,0.030003519728779793
24795,0.030003296211361885
24796,0.030002931132912636
24797,0.03000243380665779
24798,0.030001819133758545
24799,0.03000110574066639
24800,0.030000973492860794
24801,0.030003268271684647
24802,0.03000066988170147
24803,0.030001236125826836
24804,0.030001815408468246
24805,0.03000217117369175
24806,0.030002327635884285
24807,0.030002297833561897
24808,0.030002111569046974
24809,0.030001774430274963
24810,0.030001329258084297
24811,0.03000260703265667
24812,0.030001452192664146
24813,0.030001739040017128
24814,0.03000183217227459
24815,0.030001750215888023
24816,0.030002545565366745
24817,0.030001994222402573
24818,0.03000192530453205
24819,0.030001891776919365
24820,0.030001739040017128
24821,0.030003055930137634
24822,0.03000272437930107
24823,0.030003713443875313
24824,0.03000444360077381
24825,0.03000492975115776
24826,0.030005207285284996
24827,0.030005287379026413
24828,0.030005192384123802
24829,0.030004937201738358
24830,0.030004549771547318
24831,0.030004125088453293
24832,0.030003705993294716
24833,0.03000629134476185
24834,0.03000279702246189
24835,0.030002601444721222
24836,0.03000226616859436
24837,0.030001793056726456
24838,0.030001206323504448
24839,0.030000504106283188
24840,0.030000850558280945
24841,0.029999244958162308
24842,0.029998600482940674
24843,0.030006004497408867
24844,0.029998958110809326
24845,0.0299997478723526
24846,0.030000297352671623
24847,0.030000625178217888
24848,0.030000755563378334
24849,0.030000708997249603
24850,0.03000049851834774
24851,0.030002206563949585
24852,0.030000340193510056
24853,0.030000438913702965
24854,0.030000165104866028
24855,0.02999993786215782
24856,0.0299995057284832
24857,0.02999914437532425
24858,0.02999964728951454
24859,0.029999643564224243
24860,0.02999851107597351
24861,0.029998736456036568
24862,0.029998943209648132
24863,0.02999906986951828
24864,0.029998881742358208
24865,0.03000202216207981
24866,0.030000340193510056
24867,0.03000212274491787
24868,0.030003268271684647
24869,0.030004611238837242
24870,0.03000565804541111
24871,0.03000643104314804
24872,0.03000696189701557
24873,0.030007274821400642
24874,0.030007382854819298
24875,0.030007319524884224
24876,0.030007096007466316
24877,0.030008409172296524
24878,0.030006805434823036
24879,0.030006706714630127
24880,0.03000645339488983
24881,0.030006054788827896
24882,0.030008792877197266
24883,0.030005455017089844
24884,0.030005216598510742
24885,0.0300048366189003
24886,0.030004329979419708
24887,0.030003704130649567
24888,0.030005795881152153
24889,0.030004842206835747
24890,0.030006300657987595
24891,0.030007492750883102
24892,0.030008399859070778
24893,0.030009057372808456
24894,0.030009562149643898
24895,0.0300097968429327
24896,0.030009934678673744
24897,0.030009835958480835
24898,0.03000965341925621
24899,0.030009327456355095
24900,0.030008899047970772
24901,0.03000834584236145
24902,0.03000773675739765
24903,0.03000710904598236
24904,0.03000626526772976
24905,0.030005590990185738
24906,0.030004622414708138
24907,0.03000371716916561
24908,0.030002789571881294
24909,0.03000204637646675
24910,0.030002061277627945
24911,0.03000067174434662
24912,0.030000366270542145
24913,0.030002720654010773
24914,0.029999926686286926
24915,0.029999762773513794
24916,0.029999449849128723
24917,0.029999006539583206
24918,0.0300033800303936
24919,0.029999515041708946
24920,0.030000323429703712
24921,0.030000880360603333
24922,0.03000197932124138
24923,0.0300020519644022
24924,0.030002636834979057
24925,0.03000316023826599
24926,0.03000347502529621
24927,0.030003737658262253
24928,0.030003810301423073
24929,0.030003711581230164
24930,0.03000369854271412
24931,0.030003340914845467
24932,0.030003083869814873
24933,0.0300025325268507
24934,0.030002282932400703
24935,0.030001359060406685
24936,0.03000091016292572
24937,0.030000388622283936
24938,0.0299997515976429
24939,0.029999015852808952
24940,0.029998185113072395
24941,0.0299986582249403
24942,0.02999747358262539
24943,0.029998429119586945
24944,0.02999948151409626
24945,0.030000269412994385
24946,0.030000809580087662
24947,0.03000112995505333
24948,0.030001254752278328
24949,0.030001206323504448
24950,0.030000992119312286
24951,0.03000183217227459
24952,0.030001014471054077
24953,0.030001193284988403
24954,0.030001813545823097
24955,0.030003245919942856
24956,0.03000250644981861
24957,0.03000309318304062
24958,0.03000345267355442
24959,0.030003610998392105
24960,0.030003590509295464
24961,0.03000340238213539
24962,0.030003121122717857
24963,0.030002834275364876
24964,0.030002495273947716
24965,0.030001966282725334
24966,0.03000105731189251
24967,0.030002955347299576
24968,0.030000858008861542
24969,0.030002087354660034
24970,0.030001698061823845
24971,0.0300020519644022
24972,0.030002200976014137
24973,0.0300021693110466
24974,0.03000197932124138
24975,0.03000163845717907
24976,0.03000144474208355
24977,0.030001042410731316
24978,0.0300002358853817
24979,0.030001778155565262
24980,0.030000394210219383
24981,0.030000897124409676
24982,0.030001185834407806
24983,0.030001269653439522
24984,0.030001189559698105
24985,0.030000945553183556
24986,0.030000563710927963
24987,0.030000073835253716
24988,0.030003516003489494
24989,0.030000803992152214
24990,0.030001772567629814
24991,0.030002476647496223
24992,0.03000294789671898
24993,0.030003204941749573
24994,0.030003268271684647
24995,0.030003158375620842
24996,0.03000294230878353
24997,0.030002571642398834
24998,0.030002346262335777
24999,0.03000168688595295
25000,0.030001189559698105
25001,0.03000304102897644
25002,0.030000662431120872
25003,0.030003631487488747
25004,0.030001774430274963
25005,0.030002448707818985
25006,0.030002888292074203
25007,0.03000311367213726
25008,0.030003150925040245
25009,0.0300030205398798
25010,0.030002739280462265
25011,0.03000268153846264
25012,0.030002407729625702
25013,0.030001774430274963
25014,0.030001403763890266
25015,0.030000904574990273
25016,0.030000293627381325
25017,0.029999572783708572
25018,0.02999875508248806
25019,0.029999472200870514
25020,0.030000541359186172
25021,0.029999572783708572
25022,0.030001334846019745
25023,0.030002756044268608
25024,0.030003869906067848
25025,0.030004708096385002
25026,0.030005300417542458
25027,0.030005665495991707
25028,0.03000582568347454
25029,0.030005857348442078
25030,0.03000571019947529
25031,0.03000565990805626
25032,0.03000555746257305
25033,0.03000526688992977
25034,0.030004967004060745
25035,0.030004533007740974
25036,0.030005576089024544
25037,0.030003948137164116
25038,0.030003758147358894
25039,0.030003415420651436
25040,0.030002998188138008
25041,0.030002396553754807
25042,0.03000178374350071
25043,0.030001861974596977
25044,0.030001647770404816
25045,0.03000154159963131
25046,0.030001983046531677
25047,0.03000221587717533
25048,0.030002256855368614
25049,0.030002128332853317
25050,0.030001847073435783
25051,0.030003853142261505
25052,0.030002150684595108
25053,0.030002973973751068
25054,0.0300035048276186
25055,0.030004119500517845
25056,0.030004508793354034
25057,0.03000469133257866
25058,0.03000469133257866
25059,0.03000452369451523
25060,0.030004210770130157
25061,0.03000413067638874
25062,0.03000517189502716
25063,0.030003949999809265
25064,0.03000369668006897
25065,0.030003681778907776
25066,0.030003493651747704
25067,0.03000316396355629
25068,0.030002793297171593
25069,0.03000233881175518
25070,0.030006954446434975
25071,0.030002811923623085
25072,0.030003754422068596
25073,0.030004480853676796
25074,0.030004967004060745
25075,0.030005233362317085
25076,0.0300053171813488
25077,0.03000521846115589
25078,0.030004967004060745
25079,0.03000457026064396
25080,0.030004046857357025
25081,0.030003409832715988
25082,0.030002670362591743
25083,0.030002132058143616
25084,0.030003301799297333
25085,0.030001964420080185
25086,0.030000219121575356
25087,0.029999863356351852
25088,0.03000441938638687
25089,0.030000196769833565
25090,0.03000076487660408
25091,0.030001116916537285
25092,0.030001265928149223
25093,0.030001232400536537
25094,0.030001038685441017
25095,0.030001122504472733
25096,0.03000202775001526
25097,0.030000673606991768
25098,0.03000074438750744
25099,0.030000649392604828
25100,0.030000396072864532
25101,0.030000003054738045
25102,0.03000444732606411
25103,0.03000069409608841
25104,0.030001625418663025
25105,0.030002299696207047
25106,0.030002739280462265
25107,0.03000297024846077
25108,0.030003013089299202
25109,0.030002888292074203
25110,0.03000498190522194
25111,0.03000284545123577
25112,0.030002906918525696
25113,0.03000333346426487
25114,0.030003558844327927
25115,0.03000359795987606
25116,0.030003657564520836
25117,0.030003780499100685
25118,0.03000330552458763
25119,0.030006717890501022
25120,0.03000386245548725
25121,0.030004817992448807
25122,0.03000551648437977
25123,0.03000597469508648
25124,0.030006226152181625
25125,0.030006282031536102
25126,0.0300061646848917
25127,0.03000590018928051
25128,0.03000548854470253
25129,0.03000495210289955
25130,0.030004357919096947
25131,0.030003786087036133
25132,0.030003195628523827
25133,0.03000234253704548
25134,0.03000192902982235
25135,0.030001426115632057
25136,0.030000589787960052
25137,0.029999589547514915
25138,0.030008073896169662
25139,0.030000921338796616
25140,0.030002515763044357
25141,0.03000378981232643
25142,0.030004771426320076
25143,0.03000548854470253
25144,0.03000597469508648
25145,0.030006244778633118
25146,0.030006321147084236
25147,0.030006222426891327
25148,0.03000596910715103
25149,0.030005572363734245
25150,0.030005058273673058
25151,0.03000442124903202
25152,0.030003689229488373
25153,0.030005909502506256
25154,0.030004136264324188
25155,0.030003409832715988
25156,0.030002359300851822
25157,0.030002258718013763
25158,0.030001945793628693
25159,0.03000158816576004
25160,0.0300028957426548
25161,0.030001170933246613
25162,0.030001021921634674
25163,0.03000609204173088
25164,0.030001236125826836
25165,0.030001632869243622
25166,0.030001822859048843
25167,0.030001826584339142
25168,0.030001666396856308
25169,0.030001360923051834
25170,0.030001888051629066
25171,0.03000122681260109
25172,0.030000390484929085
25173,0.029999995604157448
25174,0.030000541359186172
25175,0.030000168830156326
25176,0.029999183490872383
25177,0.029998954385519028
25178,0.02999858558177948
25179,0.02999808080494404
25180,0.029997466132044792
25181,0.030006226152181625
25182,0.029997972771525383
25183,0.029998909682035446
25184,0.029999595135450363
25185,0.03000004217028618
25186,0.03000028245151043
25187,0.03000033274292946
25188,0.030000213533639908
25189,0.030001362785696983
25190,0.030000392347574234
25191,0.030000638216733932
25192,0.03000069223344326
25193,0.030000576749444008
25194,0.03000275045633316
25195,0.030001241713762283
25196,0.030000977218151093
25197,0.030001280829310417
25198,0.03000139631330967
25199,0.030001329258084297
25200,0.03000110201537609
25201,0.030000735074281693
25202,0.030000237748026848
25203,0.03000219725072384
25204,0.02999970316886902
25205,0.029999559745192528
25206,0.029999295249581337
25207,0.029998769983649254
25208,0.029998306185007095
25209,0.029999764636158943
25210,0.02999759279191494
25211,0.029997317120432854
25212,0.029999440535902977
25213,0.029997238889336586
25214,0.029998797923326492
25215,0.02999846637248993
25216,0.02999928407371044
25217,0.029999854043126106
25218,0.030001865699887276
25219,0.03000090830028057
25220,0.030001379549503326
25221,0.03000163659453392
25222,0.030002165585756302
25223,0.030002616345882416
25224,0.030003273859620094
25225,0.030003700405359268
25226,0.030003918334841728
25227,0.030003942549228668
25228,0.030003799125552177
25229,0.030003510415554047
25230,0.030003074556589127
25231,0.030002571642398834
25232,0.030002083629369736
25233,0.030001481994986534
25234,0.03000105917453766
25235,0.0300002321600914
25236,0.030005773529410362
25237,0.030000673606991768
25238,0.03000216744840145
25239,0.03000335581600666
25240,0.030004261061549187
25241,0.03000490926206112
25242,0.030005324631929398
25243,0.03000553511083126
25244,0.03000555746257305
25245,0.03000541217625141
25246,0.030005114153027534
25247,0.030004680156707764
25248,0.030004121363162994
25249,0.03000345267355442
25250,0.030002685263752937
25251,0.03000182844698429
25252,0.030000953003764153
25253,0.030000682920217514
25254,0.030001966282725334
25255,0.030000172555446625
25256,0.030000176280736923
25257,0.03000161424279213
25258,0.030000772327184677
25259,0.03000023402273655
25260,0.03000025637447834
25261,0.030001241713762283
25262,0.03000064380466938
25263,0.0300009585916996
25264,0.030001075938344002
25265,0.030001014471054077
25266,0.030000796541571617
25267,0.030000431463122368
25268,0.02999993972480297
25269,0.029999326914548874
25270,0.02999989502131939
25271,0.03000294230878353
25272,0.029999226331710815
25273,0.03000013530254364
25274,0.03000078909099102
25275,0.030001213774085045
25276,0.030001424252986908
25277,0.030001504346728325
25278,0.03000134974718094
25279,0.030001511797308922
25280,0.030001070350408554
25281,0.030000707134604454
25282,0.030001942068338394
25283,0.030000943690538406
25284,0.030001584440469742
25285,0.03000199981033802
25286,0.030002206563949585
25287,0.030002223327755928
25288,0.03000207431614399
25289,0.03000205010175705
25290,0.030002305284142494
25291,0.03000212088227272
25292,0.030001524835824966
25293,0.03000093437731266
25294,0.030000625178217888
25295,0.03000018000602722
25296,0.029999615624547005
25297,0.029998939484357834
25298,0.02999868616461754
25299,0.029998116195201874
25300,0.029997991397976875
25301,0.02999795973300934
25302,0.029999421909451485
25303,0.0299991387873888
25304,0.030000213533639908
25305,0.030001018196344376
25306,0.030001578852534294
25307,0.030001912266016006
25308,0.0300020519644022
25309,0.030002009123563766
25310,0.0300018060952425
25311,0.030001454055309296
25312,0.030000971630215645
25313,0.030000517144799232
25314,0.0300015676766634
25315,0.030000559985637665
25316,0.03000056929886341
25317,0.030000945553183556
25318,0.03000125288963318
25319,0.030002959072589874
25320,0.030001983046531677
25321,0.030002374202013016
25322,0.030002562329173088
25323,0.030002564191818237
25324,0.030002400279045105
25325,0.030002081766724586
25326,0.030001629143953323
25327,0.03000124730169773
25328,0.03000093437731266
25329,0.030000660568475723
25330,0.030000247061252594
25331,0.030001670122146606
25332,0.030000299215316772
25333,0.03000066801905632
25334,0.030000831931829453
25335,0.030000818893313408
25336,0.030000636354088783
25337,0.03000030480325222
25338,0.02999984472990036
25339,0.030013227835297585
25340,0.03000233694911003
25341,0.030004989355802536
25342,0.030007220804691315
25343,0.030009077861905098
25344,0.030010586604475975
25345,0.03001178614795208
25346,0.030012698844075203
25347,0.03001336380839348
25348,0.03001384623348713
25349,0.030014105141162872
25350,0.0300144050270319
25351,0.030014367774128914
25352,0.030015362426638603
25353,0.030014419928193092
25354,0.030014678835868835
25355,0.03001469001173973
25356,0.030014922842383385
25357,0.030014969408512115
25358,0.030014846473932266
25359,0.03001456707715988
25360,0.030014153569936752
25361,0.030013618990778923
25362,0.0300133153796196
25363,0.030012890696525574
25364,0.03001265414059162
25365,0.030012279748916626
25366,0.030011776834726334
25367,0.030011247843503952
25368,0.03001067042350769
25369,0.030010992661118507
25370,0.030010439455509186
25371,0.03000940941274166
25372,0.030008982867002487
25373,0.030008433386683464
25374,0.030007876455783844
25375,0.030013075098395348
25376,0.03000902384519577
25377,0.030010635033249855
25378,0.030011918395757675
25379,0.030012916773557663
25380,0.03001365065574646
25381,0.030014149844646454
25382,0.030014434829354286
25383,0.0300145260989666
25384,0.03001444600522518
25385,0.03001420944929123
25386,0.030013833194971085
25387,0.030013328418135643
25388,0.030013002455234528
25389,0.030012736096978188
25390,0.030012056231498718
25391,0.030011260882019997
25392,0.030010158196091652
25393,0.03000921756029129
25394,0.03000841662287712
25395,0.03000848926603794
25396,0.03000716120004654
25397,0.030009904876351357
25398,0.030006473883986473
25399,0.03000631555914879
25400,0.03000612184405327
25401,0.03000740334391594
25402,0.030006660148501396
25403,0.03000733256340027
25404,0.030007774010300636
25405,0.03000801056623459
25406,0.03000805713236332
25407,0.03000793792307377
25408,0.030007675290107727
25409,0.030007272958755493
25410,0.030010227113962173
25411,0.0300075002014637
25412,0.030008016154170036
25413,0.030008316040039062
25414,0.030008429661393166
25415,0.030010737478733063
25416,0.03000873140990734
25417,0.030008899047970772
25418,0.030008891597390175
25419,0.030008716508746147
25420,0.030008399859070778
25421,0.030007950961589813
25422,0.030007388442754745
25423,0.030007852241396904
25424,0.03000679425895214
25425,0.03000669553875923
25426,0.030006449669599533
25427,0.03000606596469879
25428,0.03000555746257305
25429,0.03000493347644806
25430,0.030005376785993576
25431,0.030004799365997314
25432,0.030005203559994698
25433,0.030005378648638725
25434,0.030005408450961113
25435,0.030005313456058502
25436,0.030005069449543953
25437,0.03000468574464321
25438,0.03000422939658165
25439,0.03000359795987606
25440,0.030002910643815994
25441,0.03000476025044918
25442,0.03000299260020256
25443,0.03000357747077942
25444,0.030003990978002548
25445,0.03000420331954956
25446,0.0300042312592268
25447,0.030004143714904785
25448,0.030003845691680908
25449,0.030003605410456657
25450,0.030003128573298454
25451,0.030002949759364128
25452,0.030002402141690254
25453,0.03000178560614586
25454,0.030001290142536163
25455,0.03000345453619957
25456,0.03000052273273468
25457,0.030000217258930206
25458,0.030002348124980927
25459,0.030000785365700722
25460,0.03000040166079998
25461,0.030000748112797737
25462,0.030000891536474228
25463,0.03000086173415184
25464,0.030000677332282066
25465,0.030000971630215645
25466,0.030000202357769012
25467,0.03000141866505146
25468,0.030001133680343628
25469,0.03000207059085369
25470,0.03000275045633316
25471,0.030003204941749573
25472,0.0300035011023283
25473,0.03000369295477867
25474,0.03000374138355255
25475,0.03000357747077942
25476,0.030003206804394722
25477,0.030002832412719727
25478,0.03000236302614212
25479,0.030001673847436905
25480,0.030001020058989525
25481,0.030000414699316025
25482,0.029999611899256706
25483,0.02999972179532051
25484,0.029998861253261566
25485,0.02999856323003769
25486,0.029998915269970894
25487,0.02999894507229328
25488,0.02999858744442463
25489,0.02999824844300747
25490,0.0299990177154541
25491,0.03000091016292572
25492,0.02999988943338394
25493,0.030001457780599594
25494,0.03000270202755928
25495,0.030003665015101433
25496,0.03000437468290329
25497,0.030004847794771194
25498,0.030005108565092087
25499,0.030005181208252907
25500,0.03000508062541485
25501,0.030004825443029404
25502,0.030004434287548065
25503,0.030003920197486877
25504,0.030003288760781288
25505,0.03000255860388279
25506,0.030001739040017128
25507,0.030001355335116386
25508,0.03000209666788578
25509,0.030000653117895126
25510,0.030000796541571617
25511,0.03000076301395893
25512,0.03000056929886341
25513,0.030002325773239136
25514,0.030000442638993263
25515,0.0300004705786705
25516,0.03000032715499401
25517,0.03000004030764103
25518,0.029999617487192154
25519,0.02999907359480858
25520,0.029998470097780228
25521,0.030000213533639908
25522,0.029998600482940674
25523,0.029999004676938057
25524,0.02999933622777462
25525,0.029999474063515663
25526,0.02999943494796753
25527,0.02999923564493656
25528,0.030000708997249603
25529,0.02999928593635559
25530,0.02999947965145111
25531,0.029999488964676857
25532,0.02999933622777462
25533,0.029999034479260445
25534,0.03000178560614586
25535,0.02999991551041603
25536,0.03000093623995781
25537,0.030001698061823845
25538,0.03000221587717533
25539,0.030002523213624954
25540,0.030002640560269356
25541,0.030002575367689133
25542,0.030002731829881668
25543,0.030002333223819733
25544,0.0300021730363369
25545,0.03000194951891899
25546,0.030001724138855934
25547,0.030001334846019745
25548,0.030001014471054077
25549,0.030000554397702217
25550,0.029999980702996254
25551,0.02999935671687126
25552,0.029999077320098877
25553,0.029998742043972015
25554,0.029998445883393288
25555,0.029997333884239197
25556,0.029997028410434723
25557,0.02999868057668209
25558,0.029997481033205986
25559,0.02999812550842762
25560,0.029998542740941048
25561,0.02999875694513321
25562,0.030000627040863037
25563,0.029999198392033577
25564,0.02999940887093544
25565,0.029999438673257828
25566,0.029999298974871635
25567,0.029999010264873505
25568,0.02999858930706978
25569,0.029998043552041054
25570,0.02999923750758171
25571,0.029998356476426125
25572,0.029998477548360825
25573,0.029998760670423508
25574,0.02999885194003582
25575,0.029998771846294403
25576,0.0299985334277153
25577,0.029999617487192154
25578,0.029999319463968277
25579,0.03000020608305931
25580,0.0300008412450552
25581,0.03000125102698803
25582,0.030001500621438026
25583,0.030001506209373474
25584,0.030001534149050713
25585,0.030002640560269356
25586,0.030001452192664146
25587,0.030001522973179817
25588,0.030001476407051086
25589,0.030001260340213776
25590,0.03000090830028057
25591,0.03000042401254177
25592,0.030002720654010773
25593,0.029999909922480583
25594,0.030001970008015633
25595,0.030000369995832443
25596,0.030000697821378708
25597,0.030000831931829453
25598,0.030000785365700722
25599,0.030000580474734306
25600,0.0300002321600914
25601,0.0299997515976429
25602,0.029999157413840294
25603,0.029998701065778732
25604,0.03000010922551155
25605,0.029998034238815308
25606,0.02999785728752613
25607,0.029999900609254837
25608,0.029999153688549995
25609,0.030000347644090652
25610,0.030001258477568626
25611,0.030001919716596603
25612,0.030002349987626076
25613,0.030002567917108536
25614,0.03000260517001152
25615,0.030003394931554794
25616,0.03000541590154171
25617,0.030003076419234276
25618,0.030003542080521584
25619,0.030003879219293594
25620,0.030004020780324936
25621,0.030003979802131653
25622,0.030003780499100685
25623,0.030003439635038376
25624,0.030002962797880173
25625,0.030002372339367867
25626,0.03000333346426487
25627,0.030001617968082428
25628,0.030001308768987656
25629,0.030000848695635796
25630,0.03000045195221901
25631,0.03000752627849579
25632,0.030000904574990273
25633,0.030001815408468246
25634,0.030002467334270477
25635,0.0300028957426548
25636,0.030003108084201813
25637,0.030003143474459648
25638,0.030003009364008904
25639,0.030002720654010773
25640,0.030002951622009277
25641,0.03000207431614399
25642,0.03000171296298504
25643,0.030001219362020493
25644,0.030000610277056694
25645,0.029999900609254837
25646,0.02999940887093544
25647,0.029998674988746643
25648,0.029998118057847023
25649,0.029997341334819794
25650,0.029997557401657104
25651,0.029997607693076134
25652,0.029998332262039185
25653,0.02999882586300373
25654,0.029999099671840668
25655,0.02999918721616268
25656,0.029999103397130966
25657,0.03000021167099476
25658,0.02999974600970745
25659,0.02999969944357872
25660,0.030000129714608192
25661,0.030000358819961548
25662,0.0300014466047287
25663,0.030000921338796616
25664,0.030001232400536537
25665,0.030001342296600342
25666,0.030001284554600716
25667,0.030001061037182808
25668,0.030000697821378708
25669,0.030000202357769012
25670,0.029999641701579094
25671,0.029999835416674614
25672,0.029999010264873505
25673,0.02999892458319664
25674,0.0300002321600914
25675,0.029999181628227234
25676,0.02999947778880596
25677,0.029999583959579468
25678,0.029999515041708946
25679,0.029999595135450363
25680,0.029999500140547752
25681,0.02999909408390522
25682,0.02999887987971306
25683,0.029998522251844406
25684,0.030000509694218636
25685,0.02999831736087799
25686,0.029998404905200005
25687,0.0299997515976429
25688,0.029998762533068657
25689,0.02999899350106716
25690,0.02999904192984104
25691,0.029998917132616043
25692,0.029998641461133957
25693,0.030000096186995506
25694,0.029999539256095886
25695,0.03000055067241192
25696,0.03000127337872982
25697,0.030001811683177948
25698,0.030002130195498466
25699,0.030002253130078316
25700,0.03000219725072384
25701,0.03000197745859623
25702,0.030001673847436905
25703,0.03000134602189064
25704,0.030000794678926468
25705,0.030000166967511177
25706,0.030000824481248856
25707,0.029999401420354843
25708,0.02999909780919552
25709,0.02999870665371418
25710,0.029998185113072395
25711,0.029997551813721657
25712,0.02999681606888771
25713,0.029996385797858238
25714,0.0300007201731205
25715,0.029997292906045914
25716,0.029998376965522766
25717,0.02999987080693245
25718,0.030001064762473106
25719,0.030001964420080185
25720,0.030002616345882416
25721,0.030003037303686142
25722,0.030003249645233154
25723,0.03000328131020069
25724,0.03000313602387905
25725,0.030003048479557037
25726,0.030003009364008904
25727,0.030002618208527565
25728,0.03000214323401451
25729,0.030001793056726456
25730,0.030004380270838737
25731,0.030001265928149223
25732,0.030001066625118256
25733,0.0300007164478302
25734,0.030000504106283188
25735,0.030000125989317894
25736,0.030004601925611496
25737,0.030001699924468994
25738,0.030003588646650314
25739,0.03000512905418873
25740,0.030006349086761475
25741,0.03000728413462639
25742,0.030007965862751007
25743,0.030008407309651375
25744,0.030008643865585327
25745,0.030008692294359207
25746,0.03000856749713421
25747,0.030008289963006973
25748,0.030008021742105484
25749,0.030007611960172653
25750,0.030007222667336464
25751,0.03000650554895401
25752,0.0300058051943779
25753,0.030005279928445816
25754,0.03000430203974247
25755,0.03000420518219471
25756,0.030002743005752563
25757,0.030002104118466377
25758,0.030001364648342133
25759,0.030000533908605576
25760,0.029999837279319763
25761,0.03000282309949398
25762,0.029999034479260445
25763,0.029998943209648132
25764,0.029998958110809326
25765,0.02999880164861679
25766,0.029998507350683212
25767,0.030000677332282066
25768,0.029999639838933945
25769,0.030000396072864532
25770,0.030001554638147354
25771,0.030002428218722343
25772,0.030003055930137634
25773,0.03000345639884472
25774,0.03000364638864994
25775,0.030003657564520836
25776,0.030003506690263748
25777,0.030003201216459274
25778,0.030002761632204056
25779,0.030002200976014137
25780,0.030003009364008904
25781,0.03000275045633316
25782,0.030003685504198074
25783,0.030004363507032394
25784,0.03000481240451336
25785,0.030005047097802162
25786,0.030005095526576042
25787,0.030004970729351044
25788,0.030004698783159256
25789,0.03000427968800068
25790,0.03000379353761673
25791,0.030003463849425316
25792,0.030002983286976814
25793,0.030002646148204803
25794,0.030001310631632805
25795,0.03000067174434662
25796,0.029999682679772377
25797,0.03000321052968502
25798,0.02999928593635559
25799,0.029999516904354095
25800,0.030000505968928337
25801,0.03000042401254177
25802,0.030001036822795868
25803,0.03000142239034176
25804,0.030001606792211533
25805,0.030001608654856682
25806,0.0300014466047287
25807,0.030001133680343628
25808,0.03000069037079811
25809,0.030000124126672745
25810,0.029999451711773872
25811,0.030002115294337273
25812,0.029998738318681717
25813,0.029998674988746643
25814,0.029998622834682465
25815,0.029998453333973885
25816,0.02999904751777649
25817,0.0299985408782959
25818,0.029997913166880608
25819,0.02999779023230076
25820,0.02999761514365673
25821,0.029997294768691063
25822,0.02999698370695114
25823,0.029999403282999992
25824,0.029997609555721283
25825,0.0299984160810709
25826,0.02999911457300186
25827,0.02999958023428917
25828,0.029999827966094017
25829,0.02999989688396454
25830,0.029999786987900734
25831,0.02999952621757984
25832,0.0299992673099041
25833,0.02999868430197239
25834,0.030000248923897743
25835,0.029998069629073143
25836,0.02999791130423546
25837,0.0299976859241724
25838,0.030002553015947342
25839,0.029998842626810074
25840,0.030000103637576103
25841,0.030001075938344002
25842,0.030001789331436157
25843,0.030004747211933136
25844,0.030003350228071213
25845,0.030004160478711128
25846,0.030007008463144302
25847,0.030005618929862976
25848,0.030006255954504013
25849,0.03000667132437229
25850,0.030006874352693558
25851,0.03000689297914505
25852,0.03000674769282341
25853,0.030006449669599533
25854,0.030006011947989464
25855,0.030005455017089844
25856,0.030004844069480896
25857,0.03000425174832344
25858,0.030003707855939865
25859,0.03000282496213913
25860,0.030001992359757423
25861,0.030001956969499588
25862,0.03000066429376602
25863,0.03000001795589924
25864,0.0300007201731205
25865,0.029999442398548126
25866,0.02999928966164589
25867,0.029998987913131714
25868,0.030002573505043983
25869,0.030000632628798485
25870,0.03000234253704548
25871,0.03000372089445591
25872,0.030004803091287613
25873,0.03000560775399208
25874,0.030006172135472298
25875,0.030006512999534607
25876,0.030006660148501396
25877,0.03000662662088871
25878,0.03000643290579319
25879,0.03000609204173088
25880,0.030005618929862976
25881,0.03000503219664097
25882,0.030004335567355156
25883,0.030003568157553673
25884,0.030002983286976814
25885,0.03000207431614399
25886,0.030001269653439522
25887,0.030000850558280945
25888,0.02999981865286827
25889,0.02999909408390522
25890,0.02999855950474739
25891,0.02999809943139553
25892,0.029997404664754868
25893,0.030001318082213402
25894,0.029996654018759727
25895,0.02999911829829216
25896,0.02999703958630562
25897,0.029997605830430984
25898,0.02999776415526867
25899,0.029997985810041428
25900,0.029998019337654114
25901,0.029997892677783966
25902,0.029997721314430237
25903,0.02999754436314106
25904,0.02999713458120823
25905,0.02999676577746868
25906,0.02999725565314293
25907,0.029997408390045166
25908,0.029998265206813812
25909,0.029998870566487312
25910,0.029999252408742905
25911,0.02999943494796753
25912,0.02999943681061268
25913,0.029999271035194397
25914,0.029998959973454475
25915,0.029998930171132088
25916,0.029998496174812317
25917,0.029998555779457092
25918,0.029998300597071648
25919,0.02999807335436344
25920,0.02999740280210972
25921,0.029997417703270912
25922,0.02999684400856495
25923,0.02999664470553398
25924,0.029998168349266052
25925,0.029996441677212715
25926,0.02999640628695488
25927,0.02999620884656906
25928,0.029995862394571304
25929,0.029996303841471672
25930,0.029996201395988464
25931,0.029996762052178383
25932,0.02999710664153099
25933,0.02999725565314293
25934,0.029997220262885094
25935,0.029997028410434723
25936,0.029996689409017563
25937,0.029997069388628006
25938,0.02999650500714779
25939,0.029996778815984726
25940,0.029996735975146294
25941,0.029996776953339577
25942,0.029997030273079872
25943,0.029997333884239197
25944,0.02999779023230076
25945,0.029998036101460457
25946,0.029998088255524635
25947,0.02999797649681568
25948,0.02999771013855934
25949,0.02999730221927166
25950,0.029997657984495163
25951,0.029997825622558594
25952,0.029998604208230972
25953,0.02999914437532425
25954,0.029999593272805214
25955,0.029999783262610435
25956,0.029999960213899612
25957,0.03000018373131752
25958,0.03000042773783207
25959,0.030000479891896248
25960,0.030000362545251846
25961,0.03000008687376976
25962,0.02999977581202984
25963,0.030000247061252594
25964,0.029999157413840294
25965,0.02999902330338955
25966,0.02999873086810112
25967,0.029998283833265305
25968,0.02999776042997837
25969,0.02999712899327278
25970,0.029996538534760475
25971,0.02999573014676571
25972,0.02999708242714405
25973,0.02999570406973362
25974,0.0299955103546381
25975,0.029995495453476906
25976,0.029997041448950768
25977,0.029996344819664955
25978,0.02999694086611271
25979,0.02999730035662651
25980,0.029997462406754494
25981,0.029997443780303
25982,0.029997775331139565
25983,0.029997780919075012
25984,0.0299973301589489
25985,0.029997503384947777
25986,0.029996979981660843
25987,0.029996981844305992
25988,0.029996873810887337
25989,0.02999662049114704
25990,0.02999684400856495
25991,0.02999688684940338
25992,0.029996762052178383
25993,0.029996873810887337
25994,0.02999693527817726
25995,0.029997173696756363
25996,0.029997223988175392
25997,0.02999710664153099
25998,0.029996834695339203
25999,0.029996419325470924
26000,0.029995881021022797
26001,0.03000093623995781
26002,0.02999684400856495
26003,0.029998131096363068
26004,0.029999123886227608
26005,0.029999857768416405
26006,0.0300005916506052
26007,0.030000999569892883
26008,0.030001351609826088
26009,0.03000129759311676
26010,0.03000146895647049
26011,0.03000134602189064
26012,0.03000119887292385
26013,0.03000090830028057
26014,0.030000468716025352
26015,0.02999996207654476
26016,0.029999522492289543
26017,0.030001381412148476
26018,0.029999133199453354
26019,0.029998885467648506
26020,0.02999904565513134
26021,0.029999030753970146
26022,0.029998846352100372
26023,0.02999851480126381
26024,0.02999805100262165
26025,0.029997466132044792
26026,0.02999708615243435
26027,0.029997926205396652
26028,0.02999669313430786
26029,0.02999701350927353
26030,0.029997866600751877
26031,0.02999807335436344
26032,0.02999875321984291
26033,0.029999196529388428
26034,0.030000915750861168
26035,0.030000030994415283
26036,0.03000040352344513
26037,0.03000057488679886
26038,0.030000559985637665
26039,0.030000384896993637
26040,0.03000005893409252
26041,0.02999960258603096
26042,0.02999916858971119
26043,0.029999379068613052
26044,0.029998820275068283
26045,0.029998835176229477
26046,0.029998525977134705
26047,0.02999824285507202
26048,0.029997849836945534
26049,0.029997413977980614
26050,0.02999730408191681
26051,0.029997043311595917
26052,0.029997047036886215
26053,0.02999689057469368
26054,0.029996581375598907
26055,0.02999613620340824
26056,0.029997188597917557
26057,0.029995940625667572
26058,0.029996084049344063
26059,0.029995769262313843
26060,0.029995620250701904
26061,0.029996048659086227
26062,0.02999589778482914
26063,0.0299966000020504
26064,0.029996732249855995
26065,0.029996994882822037
26066,0.029997065663337708
26067,0.029996970668435097
26068,0.029996711760759354
26069,0.029996559023857117
26070,0.029996441677212715
26071,0.029996929690241814
26072,0.029996516183018684
26073,0.029996704310178757
26074,0.02999674528837204
26075,0.029996667057275772
26076,0.029996369034051895
26077,0.029997169971466064
26078,0.029996303841471672
26079,0.029996370896697044
26080,0.02999630756676197
26081,0.029996085911989212
26082,0.02999582141637802
26083,0.029996052384376526
26084,0.02999618835747242
26085,0.029996143653988838
26086,0.029995935037732124
26087,0.029996158555150032
26088,0.029997698962688446
26089,0.02999570034444332
26090,0.029995784163475037
26091,0.029995692893862724
26092,0.029995491728186607
26093,0.02999565377831459
26094,0.029995670542120934
26095,0.029995296150445938
26096,0.02999558299779892
26097,0.029995666816830635
26098,0.029995575547218323
26099,0.029995327815413475
26100,0.029994934797286987
26101,0.0299949049949646
26102,0.029996350407600403
26103,0.029994230717420578
26104,0.029994819313287735
26105,0.02999495528638363
26106,0.029996180906891823
26107,0.029996953904628754
26108,0.029997214674949646
26109,0.029997052624821663
26110,0.02999727986752987
26111,0.029997466132044792
26112,0.029997462406754494
26113,0.029997296631336212
26114,0.029998349025845528
26115,0.029997147619724274
26116,0.029997164383530617
26117,0.02999701350927353
26118,0.029999246820807457
26119,0.029998211190104485
26120,0.029999393969774246
26121,0.030000293627381325
26122,0.03000093437731266
26123,0.03000134602189064
26124,0.030001545324921608
26125,0.030001606792211533
26126,0.030001437291502953
26127,0.03000130131840706
26128,0.030001206323504448
26129,0.030000625178217888
26130,0.029999984428286552
26131,0.030000705271959305
26132,0.029999416321516037
26133,0.02999938651919365
26134,0.02999919094145298
26135,0.029998844489455223
26136,0.02999836392700672
26137,0.02999776042997837
26138,0.029997054487466812
26139,0.029996249824762344
26140,0.029996264725923538
26141,0.029998356476426125
26142,0.029995635151863098
26143,0.029996300116181374
26144,0.029996730387210846
26145,0.029996952041983604
26146,0.029996981844305992
26147,0.0299968421459198
26148,0.029996544122695923
26149,0.02999632991850376
26150,0.029996206983923912
26151,0.02999575063586235
26152,0.02999505028128624
26153,0.029996220022439957
26154,0.029995905235409737
26155,0.02999691851437092
26156,0.02999766170978546
26157,0.029998160898685455
26158,0.029998447746038437
26159,0.02999853529036045
26160,0.02999844215810299
26161,0.029999978840351105
26162,0.029998542740941048
26163,0.02999868430197239
26164,0.02999868057668209
26165,0.02999863587319851
26166,0.029998283833265305
26167,0.029997870326042175
26168,0.02999737486243248
26169,0.029996762052178383
26170,0.02999926544725895
26171,0.029997175559401512
26172,0.029996201395988464
26173,0.029996303841471672
26174,0.02999657392501831
26175,0.029997006058692932
26176,0.02999754063785076
26177,0.02999785915017128
26178,0.029997974634170532
26179,0.02999790571630001
26180,0.029997676610946655
26181,0.02999730221927166
26182,0.02999679185450077
26183,0.030001847073435783
26184,0.029997196048498154
26185,0.02999795787036419
26186,0.029998477548360825
26187,0.029998769983649254
26188,0.029998870566487312
26189,0.029998792335391045
26190,0.02999955415725708
26191,0.029998913407325745
26192,0.02999957650899887
26193,0.030000166967511177
26194,0.030000535771250725
26195,0.030000697821378708
26196,0.030000675469636917
26197,0.030000485479831696
26198,0.030000148341059685
26199,0.02999967522919178
26200,0.029999079182744026
26201,0.029998604208230972
26202,0.029997918754816055
26203,0.03000001236796379
26204,0.02999722585082054
26205,0.029997089877724648
26206,0.029996735975146294
26207,0.029996365308761597
26208,0.02999589405953884
26209,0.029995344579219818
26210,0.0300010796636343
26211,0.02999788336455822
26212,0.030000606551766396
26213,0.0300028994679451
26214,0.03000480681657791
26215,0.030006352812051773
26216,0.030007580295205116
26217,0.030008522793650627
26218,0.030009204521775246
26219,0.030009647831320763
26220,0.030009880661964417
26221,0.0300099216401577
26222,0.030009789392352104
26223,0.030009502544999123
26224,0.0300090741366148
26225,0.030008520931005478
26226,0.030007854104042053
26227,0.03000708296895027
26228,0.030006226152181625
26229,0.030006812885403633
26230,0.030005069449543953
26231,0.030004708096385002
26232,0.030004452913999557
26233,0.030004430562257767
26234,0.03000391088426113
26235,0.030003570020198822
26236,0.030003156512975693
26237,0.030002780258655548
26238,0.030002277344465256
26239,0.030001655220985413
26240,0.030000930652022362
26241,0.03000011295080185
26242,0.029999205842614174
26243,0.029998719692230225
26244,0.029998360201716423
26245,0.030000902712345123
26246,0.029997430741786957
26247,0.029997967183589935
26248,0.029998360201716423
26249,0.029998546466231346
26250,0.029998550191521645
26251,0.02999838814139366
26252,0.02999807521700859
26253,0.030005408450961113
26254,0.02999887801706791
26255,0.029999831691384315
26256,0.030000731348991394
26257,0.03000131994485855
26258,0.030001861974596977
26259,0.030002178624272346
26260,0.030002299696207047
26261,0.03000224567949772
26262,0.03000202402472496
26263,0.03000165894627571
26264,0.030001167207956314
26265,0.030000552535057068
26266,0.029999835416674614
26267,0.030000565573573112
26268,0.02999979816377163
26269,0.02999943122267723
26270,0.02999964915215969
26271,0.02999967336654663
26272,0.02999953180551529
26273,0.02999923937022686
26274,0.02999880537390709
26275,0.029998494312167168
26276,0.029998045414686203
26277,0.029997888952493668
26278,0.029998112469911575
26279,0.029998892918229103
26280,0.02999942936003208
26281,0.0299997478723526
26282,0.02999986708164215
26283,0.029999805614352226
26284,0.029999585822224617
26285,0.02999921888113022
26286,0.029998721554875374
26287,0.029998114332556725
26288,0.02999754250049591
26289,0.02999667264521122
26290,0.02999589778482914
26291,0.02999567799270153
26292,0.029994990676641464
26293,0.029994532465934753
26294,0.02999402955174446
26295,0.029996274039149284
26296,0.02999487705528736
26297,0.029995940625667572
26298,0.029996734112501144
26299,0.029997283592820168
26300,0.02999761328101158
26301,0.029997743666172028
26302,0.02999769151210785
26303,0.029997479170560837
26304,0.029997123405337334
26305,0.030002951622009277
26306,0.029999006539583206
26307,0.030005676671862602
26308,0.03000166267156601
26309,0.03000379540026188
26310,0.030005548149347305
26311,0.03000696562230587
26312,0.030008073896169662
26313,0.03000890649855137
26314,0.030009491369128227
26315,0.03000984527170658
26316,0.030009999871253967
26317,0.03000997193157673
26318,0.03000977821648121
26319,0.030009441077709198
26320,0.030008967965841293
26321,0.03001062572002411
26322,0.03000822104513645
26323,0.03000791184604168
26324,0.030007565394043922
26325,0.03000732511281967
26326,0.03000674769282341
26327,0.03000623546540737
26328,0.030005352571606636
26329,0.03000449948012829
26330,0.030003633350133896
26331,0.030002810060977936
26332,0.030001936480402946
26333,0.03000098653137684
26334,0.030002448707818985
26335,0.02999943122267723
26336,0.029998788610100746
26337,0.029998043552041054
26338,0.029998376965522766
26339,0.02999761700630188
26340,0.029997507110238075
26341,0.029997577890753746
26342,0.029998622834682465
26343,0.029999401420354843
26344,0.02999993972480297
26345,0.03000025637447834
26346,0.03000037744641304
26347,0.030000319704413414
26348,0.030000105500221252
26349,0.02999974600970745
26350,0.029999254271388054
26351,0.02999936416745186
26352,0.029998620972037315
26353,0.029998432844877243
26354,0.02999819815158844
26355,0.029997754842042923
26356,0.02999735251069069
26357,0.029996804893016815
26358,0.029997458681464195
26359,0.029996337369084358
26360,0.029996322467923164
26361,0.02999613992869854
26362,0.029995810240507126
26363,0.029995346441864967
26364,0.03000457026064396
26365,0.02999645657837391
26366,0.0299978144466877
26367,0.029998870566487312
26368,0.029999662190675735
26369,0.03000020608305931
26370,0.030000532045960426
26371,0.03000066429376602
26372,0.030000612139701843
26373,0.03000040352344513
26374,0.030000049620866776
26375,0.029999563470482826
26376,0.029998961836099625
26377,0.0299991425126791
26378,0.029998622834682465
26379,0.02999860793352127
26380,0.029998276382684708
26381,0.02999923564493656
26382,0.029998131096363068
26383,0.029998114332556725
26384,0.0299979280680418
26385,0.029997603967785835
26386,0.029997145757079124
26387,0.029996570199728012
26388,0.029995881021022797
26389,0.02999514900147915
26390,0.029995139688253403
26391,0.0299946628510952
26392,0.02999824285507202
26393,0.02999553270637989
26394,0.029997192323207855
26395,0.029998531565070152
26396,0.029999569058418274
26397,0.030000343918800354
26398,0.030000876635313034
26399,0.030001185834407806
26400,0.030001308768987656
26401,0.030001243576407433
26402,0.030001021921634674
26403,0.03000066429376602
26404,0.030000166967511177
26405,0.029999561607837677
26406,0.029998846352100372
26407,0.029998039826750755
26408,0.029997145757079124
26409,0.029996180906891823
26410,0.03000369295477867
26411,0.029995737597346306
26412,0.029995638877153397
26413,0.029995717108249664
26414,0.029995616525411606
26415,0.029995370656251907
26416,0.029994981363415718
26417,0.02999446541070938
26418,0.03000078722834587
26419,0.02999584563076496
26420,0.02999749407172203
26421,0.029998816549777985
26422,0.02999984286725521
26423,0.030000610277056694
26424,0.030004262924194336
26425,0.03000224381685257
26426,0.030003083869814873
26427,0.03000367432832718
26428,0.030004039406776428
26429,0.03000420704483986
26430,0.030004188418388367
26431,0.03000636026263237
26432,0.030004562810063362
26433,0.030004795640707016
26434,0.030004963278770447
26435,0.030004996806383133
26436,0.030004708096385002
26437,0.03000449389219284
26438,0.030004078522324562
26439,0.030003583058714867
26440,0.030003005638718605
26441,0.030002320185303688
26442,0.03000153787434101
26443,0.03000067174434662
26444,0.030002618208527565
26445,0.030002599582076073
26446,0.029999805614352226
26447,0.030000152066349983
26448,0.030000297352671623
26449,0.030000265687704086
26450,0.030000070109963417
26451,0.029999732971191406
26452,0.0299992635846138
26453,0.030005211010575294
26454,0.02999976836144924
26455,0.030000589787960052
26456,0.030001161620020866
26457,0.03000151365995407
26458,0.030001668259501457
26459,0.03000202402472496
26460,0.030002005398273468
26461,0.03000217117369175
26462,0.03000214695930481
26463,0.030001971870660782
26464,0.03000188246369362
26465,0.03000149130821228
26466,0.030001064762473106
26467,0.03000049851834774
26468,0.029999930411577225
26469,0.029999200254678726
26470,0.029998408630490303
26471,0.02999759651720524
26472,0.029996754601597786
26473,0.02999594621360302
26474,0.02999570220708847
26475,0.029995430260896683
26476,0.029999440535902977
26477,0.02999686449766159
26478,0.02999836392700672
26479,0.02999955415725708
26480,0.030000459402799606
26481,0.030001116916537285
26482,0.030001545324921608
26483,0.030001763254404068
26484,0.030001798644661903
26485,0.03000166267156601
26486,0.030001377686858177
26487,0.030000953003764153
26488,0.030000412836670876
26489,0.029999878257513046
26490,0.030001984909176826
26491,0.029999852180480957
26492,0.029999710619449615
26493,0.02999972179532051
26494,0.029999561607837677
26495,0.02999962493777275
26496,0.02999945729970932
26497,0.029999082908034325
26498,0.02999899722635746
26499,0.02999875694513321
26500,0.02999851480126381
26501,0.029998138546943665
26502,0.029997630044817924
26503,0.029998259618878365
26504,0.02999701164662838
26505,0.029997024685144424
26506,0.02999687008559704
26507,0.029996568337082863
26508,0.029996132478117943
26509,0.029995575547218323
26510,0.029997339472174644
26511,0.029997142031788826
26512,0.029995324090123177
26513,0.02999572455883026
26514,0.029995912685990334
26515,0.02999592199921608
26516,0.029995765537023544
26517,0.02999546006321907
26518,0.02999546192586422
26519,0.029995465651154518
26520,0.02999560907483101
26521,0.02999560907483101
26522,0.029995573684573174
26523,0.02999517135322094
26524,0.029996639117598534
26525,0.02999608963727951
26526,0.02999708615243435
26527,0.0299978144466877
26528,0.029998306185007095
26529,0.02999858930706978
26530,0.029998674988746643
26531,0.02999858930706978
26532,0.02999834530055523
26533,0.029998010024428368
26534,0.029997486621141434
26535,0.029996944591403008
26536,0.02999652549624443
26537,0.029995882883667946
26538,0.029995117336511612
26539,0.029996901750564575
26540,0.029994221404194832
26541,0.029997389763593674
26542,0.029995331540703773
26543,0.029996344819664955
26544,0.029997140169143677
26545,0.029998155310750008
26546,0.029998941347002983
26547,0.029999487102031708
26548,0.029999813064932823
26549,0.02999994345009327
26550,0.02999989315867424
26551,0.029999682679772377
26552,0.030000701546669006
26553,0.029999863356351852
26554,0.03000018000602722
26555,0.030000297352671623
26556,0.0300002358853817
26557,0.030000023543834686
26558,0.029999660328030586
26559,0.029999172315001488
26560,0.02999856509268284
26561,0.02999933250248432
26562,0.029997602105140686
26563,0.02999720722436905
26564,0.029999451711773872
26565,0.02999693714082241
26566,0.029997047036886215
26567,0.02999711036682129
26568,0.02999691106379032
26569,0.02999664656817913
26570,0.029996242374181747
26571,0.029995745047926903
26572,0.02999511919915676
26573,0.030001666396856308
26574,0.029996182769536972
26575,0.02999773807823658
26576,0.02999897673726082
26577,0.029999930411577225
26578,0.03000062145292759
26579,0.0300010796636343
26580,0.030001327395439148
26581,0.030001388862729073
26582,0.03000127337872982
26583,0.03000100702047348
26584,0.030000602826476097
26585,0.03000008687376976
26586,0.02999996207654476
26587,0.029999831691384315
26588,0.029999472200870514
26589,0.029999572783708572
26590,0.029999492689967155
26591,0.0299992598593235
26592,0.029998881742358208
26593,0.029998477548360825
26594,0.029997946694493294
26595,0.02999909035861492
26596,0.029998360201716423
26597,0.029997410252690315
26598,0.02999757044017315
26599,0.029997555539011955
26600,0.02999737486243248
26601,0.029997048899531364
26602,0.029996588826179504
26603,0.029996570199728012
26604,0.02999573014676571
26605,0.029996199533343315
26606,0.029996363446116447
26607,0.02999693900346756
26608,0.029997294768691063
26609,0.0299974475055933
26610,0.029997428879141808
26611,0.029997242614626884
26612,0.029998408630490303
26613,0.029997732490301132
26614,0.0299980565905571
26615,0.029998010024428368
26616,0.029997700825333595
26617,0.029997680336236954
26618,0.02999749407172203
26619,0.029997168108820915
26620,0.029996700584888458
26621,0.02999725192785263
26622,0.029996510595083237
26623,0.029996506869792938
26624,0.029996410012245178
26625,0.029996206983923912
26626,0.029995853081345558
26627,0.029995376244187355
26628,0.029999369755387306
26629,0.02999592013657093
26630,0.029996726661920547
26631,0.029997337609529495
26632,0.029997719451785088
26633,0.029997901991009712
26634,0.029998188838362694
26635,0.029998136684298515
26636,0.02999776601791382
26637,0.029997365549206734
26638,0.0299969669431448
26639,0.029996449127793312
26640,0.02999943494796753
26641,0.029996253550052643
26642,0.0299964789301157
26643,0.029996521770954132
26644,0.029996395111083984
26645,0.0299961119890213
26646,0.02999687008559704
26647,0.029995696619153023
26648,0.02999553270637989
26649,0.029995223507285118
26650,0.029995735734701157
26651,0.029994742944836617
26652,0.02999446913599968
26653,0.029994240030646324
26654,0.029993873089551926
26655,0.02999527007341385
26656,0.0299933310598135
26657,0.029993364587426186
26658,0.029993802309036255
26659,0.029993517324328423
26660,0.02999390847980976
26661,0.029994098469614983
26662,0.02999410219490528
26663,0.029995549470186234
26664,0.02999490313231945
26665,0.02999560534954071
26666,0.029996072873473167
26667,0.029996328055858612
26668,0.029998818412423134
26669,0.0299968384206295
26670,0.029997078701853752
26671,0.029997127130627632
26672,0.0299992673099041
26673,0.0299979317933321
26674,0.029998594895005226
26675,0.029999030753970146
26676,0.029999256134033203
26677,0.02999928966164589
26678,0.029999306425452232
26679,0.029999200254678726
26680,0.029998941347002983
26681,0.02999858930706978
26682,0.029997993260622025
26683,0.030001269653439522
26684,0.02999807894229889
26685,0.029998276382684708
26686,0.029998965561389923
26687,0.029999427497386932
26688,0.02999967150390148
26689,0.029999729245901108
26690,0.029999611899256706
26691,0.02999933995306492
26692,0.02999892830848694
26693,0.0299984198063612
26694,0.02999797835946083
26695,0.029997440055012703
26696,0.029996855184435844
26697,0.029996510595083237
26698,0.029995959252119064
26699,0.029995514079928398
26700,0.029997043311595917
26701,0.02999505028128624
26702,0.02999558113515377
26703,0.029995596036314964
26704,0.029995251446962357
26705,0.02999531850218773
26706,0.029995394870638847
26707,0.029995301738381386
26708,0.02999505028128624
26709,0.029995279386639595
26710,0.02999538742005825
26711,0.02999555878341198
26712,0.029996180906891823
26713,0.02999657578766346
26714,0.02999676764011383
26715,0.02999676577746868
26716,0.02999660186469555
26717,0.02999628707766533
26718,0.029995979741215706
26719,0.029995489865541458
26720,0.029995057731866837
26721,0.029996732249855995
26722,0.02999415248632431
26723,0.02999468706548214
26724,0.029994778335094452
26725,0.029995284974575043
26726,0.029995571821928024
26727,0.0299959946423769
26728,0.029995853081345558
26729,0.029995860531926155
26730,0.029995692893862724
26731,0.029995769262313843
26732,0.029995201155543327
26733,0.029994873329997063
26734,0.02999533712863922
26735,0.029994148761034012
26736,0.029993752017617226
26737,0.029994720593094826
26738,0.029994705691933632
26739,0.029995819553732872
26740,0.029996700584888458
26741,0.0299973264336586
26742,0.029997723177075386
26743,0.029997916892170906
26744,0.029997920617461205
26745,0.029997901991009712
26746,0.029997622594237328
26747,0.0299973301589489
26748,0.029997047036886215
26749,0.029996387660503387
26750,0.029995659366250038
26751,0.029997825622558594
26752,0.029994864016771317
26753,0.029994873329997063
26754,0.029994942247867584
26755,0.02999483421444893
26756,0.029994575306773186
26757,0.029994171112775803
26758,0.029993636533617973
26759,0.029997197911143303
26760,0.029993584379553795
26761,0.029993949458003044
26762,0.029994113370776176
26763,0.029994089156389236
26764,0.029993901029229164
26765,0.029993562027812004
26766,0.02999309077858925
26767,0.030000969767570496
26768,0.02999463677406311
26769,0.029996398836374283
26770,0.029997823759913445
26771,0.029998939484357834
26772,0.029999809339642525
26773,0.030001018196344376
26774,0.030001968145370483
26775,0.03000265546143055
26776,0.030003104358911514
26777,0.030003340914845467
26778,0.030003391206264496
26779,0.030005093663930893
26780,0.030003540217876434
26781,0.030003707855939865
26782,0.030003970488905907
26783,0.030004138126969337
26784,0.03000386245548725
26785,0.030003685504198074
26786,0.03000355139374733
26787,0.030003264546394348
26788,0.030002834275364876
26789,0.030002279207110405
26790,0.03000161424279213
26791,0.030001064762473106
26792,0.030000459402799606
26793,0.029999613761901855
26794,0.0299989040941
26795,0.02999982424080372
26796,0.029998207464814186
26797,0.029998041689395905
26798,0.0300003495067358
26799,0.029999054968357086
26800,0.03000008501112461
26801,0.030000852420926094
26802,0.03000137023627758
26803,0.030001670122146606
26804,0.030001772567629814
26805,0.030001692473888397
26806,0.030001595616340637
26807,0.03000139817595482
26808,0.030001230537891388
26809,0.030000904574990273
26810,0.030000507831573486
26811,0.029999976977705956
26812,0.029999420046806335
26813,0.029998695477843285
26814,0.029998762533068657
26815,0.029997529461979866
26816,0.029996801167726517
26817,0.029997484758496284
26818,0.02999601513147354
26819,0.02999570406973362
26820,0.029995299875736237
26821,0.030002804473042488
26822,0.029996875673532486
26823,0.02999860793352127
26824,0.030000003054738045
26825,0.030001092702150345
26826,0.030001910403370857
26827,0.030002480372786522
26828,0.03000282309949398
26829,0.03000296652317047
26830,0.030002925544977188
26831,0.03000272810459137
26832,0.030002372339367867
26833,0.030002620071172714
26834,0.030001983046531677
26835,0.030001897364854813
26836,0.030001705512404442
26837,0.0300016887485981
26838,0.03000127710402012
26839,0.03000066988170147
26840,0.03000015579164028
26841,0.029999470338225365
26842,0.0299986619502306
26843,0.029998227953910828
26844,0.02999739535152912
26845,0.029996464028954506
26846,0.029999488964676857
26847,0.02999534271657467
26848,0.029995379969477654
26849,0.02999795414507389
26850,0.02999521605670452
26851,0.02999546006321907
26852,0.029995715245604515
26853,0.029995780438184738
26854,0.029995670542120934
26855,0.029995404183864594
26856,0.02999499998986721
26857,0.029994478449225426
26858,0.029994428157806396
26859,0.029995035380125046
26860,0.029994400218129158
26861,0.0299946591258049
26862,0.029994720593094826
26863,0.029994918033480644
26864,0.029995383694767952
26865,0.029995206743478775
26866,0.02999565377831459
26867,0.029995892196893692
26868,0.029995936900377274
26869,0.029995815828442574
26870,0.029995528981089592
26871,0.029995111748576164
26872,0.02999456785619259
26873,0.029996128752827644
26874,0.0299940537661314
26875,0.029994016513228416
26876,0.029993977397680283
26877,0.02999386563897133
26878,0.029995819553732872
26879,0.02999395877122879
26880,0.029994137585163116
26881,0.0299941748380661
26882,0.029994042590260506
26883,0.029994023963809013
26884,0.029993811622262
26885,0.02999364398419857
26886,0.029993515461683273
26887,0.029994945973157883
26888,0.029993701726198196
26889,0.029993968084454536
26890,0.029994038864970207
26891,0.0299939326941967
26892,0.02999367192387581
26893,0.02999703958630562
26894,0.029994653537869453
26895,0.029995739459991455
26896,0.029997384175658226
26897,0.029999570921063423
26898,0.029998773708939552
26899,0.02999994158744812
26900,0.030000826343894005
26901,0.030001450330018997
26902,0.030001843348145485
26903,0.030002033337950706
26904,0.030002029612660408
26905,0.03000185824930668
26906,0.030001534149050713
26907,0.030002400279045105
26908,0.03000105544924736
26909,0.03000086545944214
26910,0.030000532045960426
26911,0.03000030107796192
26912,0.029999971389770508
26913,0.0299992598593235
26914,0.02999870292842388
26915,0.029999040067195892
26916,0.0299979317933321
26917,0.02999795973300934
26918,0.0299978107213974
26919,0.02999779023230076
26920,0.029997805133461952
26921,0.02999790385365486
26922,0.029997821897268295
26923,0.029997607693076134
26924,0.02999752201139927
26925,0.02999729849398136
26926,0.029996931552886963
26927,0.02999642863869667
26928,0.029995838180184364
26929,0.029995650053024292
26930,0.02999594807624817
26931,0.029995806515216827
26932,0.02999606356024742
26933,0.029996158555150032
26934,0.029996341094374657
26935,0.029996367171406746
26936,0.029996218159794807
26937,0.02999591827392578
26938,0.029995474964380264
26939,0.02999543584883213
26940,0.029995037242770195
26941,0.029994430020451546
26942,0.029993735253810883
26943,0.02999407984316349
26944,0.02999432012438774
26945,0.02999437414109707
26946,0.02999424748122692
26947,0.029994603246450424
26948,0.029994281008839607
26949,0.02999439649283886
26950,0.029994331300258636
26951,0.02999410219490528
26952,0.029993779957294464
26953,0.029993264004588127
26954,0.029996128752827644
26955,0.02999427355825901
26956,0.029995551332831383
26957,0.029996532946825027
26958,0.02999725006520748
26959,0.029997730627655983
26960,0.029997989535331726
26961,0.02999805100262165
26962,0.0299979355186224
26963,0.029997671023011208
26964,0.029998023062944412
26965,0.029997318983078003
26966,0.02999734878540039
26967,0.02999701537191868
26968,0.029996860772371292
26969,0.02999759092926979
26970,0.029996315017342567
26971,0.029996216297149658
26972,0.029996003955602646
26973,0.029995638877153397
26974,0.0299951434135437
26975,0.029994530603289604
26976,0.029993807896971703
26977,0.02999790571630001
26978,0.029993191361427307
26979,0.029993144795298576
26980,0.029994457960128784
26981,0.02999347634613514
26982,0.029993753880262375
26983,0.02999383956193924
26984,0.02999374456703663
26985,0.029993491247296333
26986,0.029993515461683273
26987,0.029993567615747452
26988,0.029993832111358643
26989,0.029993901029229164
26990,0.02999379299581051
26991,0.02999352291226387
26992,0.029994020238518715
26993,0.02999505214393139
26994,0.0299947801977396
26995,0.029995573684573174
26996,0.029996121302247047
26997,0.029996441677212715
26998,0.029996562749147415
26999,0.02999650314450264
27000,0.02999628335237503
27001,0.029997283592820168
27002,0.02999708615243435
27003,0.029996734112501144
27004,0.02999725379049778
27005,0.029997551813721657
27006,0.029997745528817177
27007,0.029997749254107475
27008,0.029997525736689568
27009,0.02999742701649666
27010,0.0299999862909317
27011,0.02999827265739441
27012,0.029999420046806335
27013,0.030000340193510056
27014,0.030000992119312286
27015,0.030001414939761162
27016,0.030001625418663025
27017,0.030001644045114517
27018,0.03000149130821228
27019,0.030001282691955566
27020,0.030003944411873817
27021,0.03000102937221527
27022,0.030000897124409676
27023,0.030000682920217514
27024,0.030000396072864532
27025,0.029999973252415657
27026,0.029999420046806335
27027,0.02999875135719776
27028,0.030000584200024605
27029,0.02999858930706978
27030,0.029998961836099625
27031,0.029999129474163055
27032,0.02999981865286827
27033,0.030000070109963417
27034,0.029999827966094017
27035,0.03000028431415558
27036,0.03000052087008953
27037,0.030000563710927963
27038,0.030000438913702965
27039,0.030000153928995132
27040,0.02999972552061081
27041,0.029999172315001488
27042,0.0299993809312582
27043,0.029998142272233963
27044,0.029998639598488808
27045,0.029998313635587692
27046,0.029998617246747017
27047,0.029998719692230225
27048,0.029999423772096634
27049,0.0299990177154541
27050,0.02999875694513321
27051,0.02999868430197239
27052,0.029998503625392914
27053,0.029998162761330605
27054,0.029997723177075386
27055,0.02999928966164589
27056,0.029998235404491425
27057,0.029999053105711937
27058,0.029999619349837303
27059,0.029999956488609314
27060,0.030000096186995506
27061,0.030000049620866776
27062,0.030000032857060432
27063,0.02999969758093357
27064,0.03000020794570446
27065,0.029999373480677605
27066,0.029999367892742157
27067,0.02999919280409813
27068,0.029998866841197014
27069,0.029998401179909706
27070,0.029997816309332848
27071,0.029997117817401886
27072,0.029996318742632866
27073,0.02999543398618698
27074,0.029994556680321693
27075,0.02999553084373474
27076,0.029994068667292595
27077,0.029994260519742966
27078,0.02999444305896759
27079,0.029994981363415718
27080,0.02999493107199669
27081,0.029995230957865715
27082,0.029995331540703773
27083,0.029995251446962357
27084,0.02999696508049965
27085,0.02999534271657467
27086,0.029995474964380264
27087,0.029995426535606384
27088,0.029995212331414223
27089,0.029995230957865715
27090,0.029995253309607506
27091,0.029994523152709007
27092,0.029994266107678413
27093,0.029998023062944412
27094,0.029995186254382133
27095,0.02999621443450451
27096,0.029997017234563828
27097,0.029997654259204865
27098,0.029997872188687325
27099,0.02999807335436344
27100,0.02999803237617016
27101,0.02999800816178322
27102,0.029997829347848892
27103,0.029997283592820168
27104,0.029997792094945908
27105,0.02999652735888958
27106,0.029996180906891823
27107,0.029995637014508247
27108,0.02999502420425415
27109,0.029994303360581398
27110,0.029994215816259384
27111,0.029993634670972824
27112,0.02999349683523178
27113,0.02999339997768402
27114,0.029993148520588875
27115,0.029993310570716858
27116,0.02999252639710903
27117,0.029993677511811256
27118,0.029992947354912758
27119,0.029993293806910515
27120,0.029993431642651558
27121,0.029993388801813126
27122,0.029993750154972076
27123,0.029993731528520584
27124,0.0299940537661314
27125,0.02999417670071125
27126,0.029994117096066475
27127,0.029993893578648567
27128,0.029993519186973572
27129,0.029993019998073578
27130,0.02999255061149597
27131,0.029992807656526566
27132,0.02999241091310978
27133,0.029993128031492233
27134,0.029993483796715736
27135,0.02999396063387394
27136,0.029994217678904533
27137,0.029994281008839607
27138,0.029994167387485504
27139,0.02999388799071312
27140,0.02999391034245491
27141,0.029993539676070213
27142,0.02999361976981163
27143,0.029993562027812004
27144,0.029995698481798172
27145,0.029994256794452667
27146,0.029994918033480644
27147,0.02999533712863922
27148,0.029995549470186234
27149,0.029995568096637726
27150,0.02999541163444519
27151,0.029996439814567566
27152,0.029995545744895935
27153,0.02999577298760414
27154,0.029995810240507126
27155,0.029995668679475784
27156,0.029995501041412354
27157,0.029995134100317955
27158,0.029996192082762718
27159,0.0299957487732172
27160,0.029996678233146667
27161,0.029997345060110092
27162,0.029997773468494415
27163,0.029997991397976875
27164,0.029998011887073517
27165,0.02999785728752613
27166,0.02999754622578621
27167,0.029997093603014946
27168,0.029997047036886215
27169,0.029996639117598534
27170,0.029996635392308235
27171,0.029996445402503014
27172,0.02999628335237503
27173,0.029997795820236206
27174,0.029995819553732872
27175,0.029995741322636604
27176,0.029995502904057503
27177,0.029995109885931015
27178,0.02999458648264408
27179,0.029993942007422447
27180,0.029993195086717606
27181,0.029994264245033264
27182,0.029993435367941856
27183,0.029994240030646324
27184,0.029994796961545944
27185,0.029995130375027657
27186,0.029995255172252655
27187,0.029995203018188477
27188,0.029996639117598534
27189,0.029995711520314217
27190,0.029996193945407867
27191,0.029996443539857864
27192,0.0299965962767601
27193,0.02999933436512947
27194,0.02999715507030487
27195,0.029997339472174644
27196,0.029997462406754494
27197,0.02999739907681942
27198,0.029997169971466064
27199,0.02999679185450077
27200,0.02999642863869667
27201,0.029995867982506752
27202,0.029995139688253403
27203,0.029995255172252655
27204,0.029994407668709755
27205,0.029994690790772438
27206,0.029994823038578033
27207,0.029994770884513855
27208,0.029994556680321693
27209,0.029994189739227295
27210,0.0299936942756176
27211,0.029993072152137756
27212,0.029997317120432854
27213,0.029994003474712372
27214,0.02999337762594223
27215,0.029994014650583267
27216,0.029994411394000053
27217,0.029994601383805275
27218,0.02999531850218773
27219,0.029995033517479897
27220,0.029995255172252655
27221,0.029995277523994446
27222,0.029995132237672806
27223,0.029994826763868332
27224,0.029994381591677666
27225,0.02999711222946644
27226,0.02999439276754856
27227,0.029994510114192963
27228,0.029994573444128036
27229,0.02999458834528923
27230,0.029995085671544075
27231,0.029994752258062363
27232,0.029994629323482513
27233,0.02999461628496647
27234,0.029994431883096695
27235,0.029996242374181747
27236,0.02999487705528736
27237,0.029995407909154892
27238,0.029996052384376526
27239,0.029996465891599655
27240,0.02999652549624443
27241,0.02999640256166458
27242,0.02999640628695488
27243,0.0299962367862463
27244,0.029995912685990334
27245,0.029995450749993324
27246,0.029996834695339203
27247,0.02999507077038288
27248,0.02999493107199669
27249,0.02999481000006199
27250,0.029995515942573547
27251,0.029996002092957497
27252,0.029996272176504135
27253,0.029996439814567566
27254,0.02999640256166458
27255,0.02999637834727764
27256,0.029995884746313095
27257,0.029995538294315338
27258,0.029995139688253403
27259,0.029997557401657104
27260,0.029994655400514603
27261,0.029994703829288483
27262,0.029994569718837738
27263,0.029994279146194458
27264,0.029993848875164986
27265,0.02999892085790634
27266,0.029994012787938118
27267,0.029994487762451172
27268,0.029994748532772064
27269,0.029994815587997437
27270,0.029994698241353035
27271,0.02999531663954258
27272,0.029995175078511238
27273,0.02999567799270153
27274,0.029995961114764214
27275,0.029996046796441078
27276,0.02999763935804367
27277,0.029996253550052643
27278,0.029996357858181
27279,0.0299968421459198
27280,0.029996687546372414
27281,0.029996829107403755
27282,0.02999686263501644
27283,0.02999672293663025
27284,0.029996423050761223
27285,0.029995985329151154
27286,0.029995711520314217
27287,0.02999511919915676
27288,0.029994728043675423
27289,0.029994212090969086
27290,0.029993828386068344
27291,0.029993539676070213
27292,0.029993057250976562
27293,0.029993001371622086
27294,0.029992958530783653
27295,0.029993107542395592
27296,0.02999306470155716
27297,0.029992859810590744
27298,0.02999374456703663
27299,0.02999257668852806
27300,0.02999252639710903
27301,0.029992688447237015
27302,0.02999289333820343
27303,0.029993221163749695
27304,0.029993344098329544
27305,0.02999347262084484
27306,0.029993800446391106
27307,0.029994098469614983
27308,0.029994186013936996
27309,0.02999410219490528
27310,0.029993847012519836
27311,0.02999398112297058
27312,0.029993416741490364
27313,0.029993213713169098
27314,0.02999352104961872
27315,0.029993191361427307
27316,0.02999342605471611
27317,0.029993461444973946
27318,0.029994383454322815
27319,0.029993796721100807
27320,0.0299940537661314
27321,0.02999410592019558
27322,0.02999398671090603
27323,0.029993699863553047
27324,0.029993271455168724
27325,0.029992712661623955
27326,0.030006222426891327
27327,0.029995203018188477
27328,0.029997896403074265
27329,0.03000015579164028
27330,0.03000202588737011
27331,0.030003532767295837
27332,0.030004722997546196
27333,0.030005620792508125
27334,0.03000626340508461
27335,0.030006663873791695
27336,0.030006850138306618
27337,0.03000684455037117
27338,0.030006863176822662
27339,0.030006887391209602
27340,0.03000645898282528
27341,0.030006105080246925
27342,0.030005544424057007
27343,0.03000469319522381
27344,0.030004089698195457
27345,0.030003376305103302
27346,0.03000256046652794
27347,0.030002107843756676
27348,0.030002394691109657
27349,0.030001888051629066
27350,0.030002005398273468
27351,0.030001934617757797
27352,0.030001699924468994
27353,0.030001312494277954
27354,0.03000079281628132
27355,0.03000015579164028
27356,0.02999940887093544
27357,0.02999856323003769
27358,0.029997635632753372
27359,0.02999662607908249
27360,0.029998205602169037
27361,0.02999723330140114
27362,0.02999679557979107
27363,0.02999546006321907
27364,0.029995914548635483
27365,0.029996151104569435
27366,0.02999619022011757
27367,0.029996059834957123
27368,0.029995767399668694
27369,0.029997780919075012
27370,0.029996560886502266
27371,0.02999749779701233
27372,0.029998168349266052
27373,0.029999472200870514
27374,0.02999943122267723
27375,0.030000006780028343
27376,0.03000035509467125
27377,0.030000492930412292
27378,0.030000444501638412
27379,0.0300002321600914
27380,0.02999987080693245
27381,0.029999369755387306
27382,0.02999875135719776
27383,0.029998017475008965
27384,0.029997190460562706
27385,0.029996417462825775
27386,0.029995886608958244
27387,0.029996134340763092
27388,0.029996972531080246
27389,0.029994342476129532
27390,0.029993616044521332
27391,0.029994554817676544
27392,0.029995303601026535
27393,0.029995804652571678
27394,0.02999608963727951
27395,0.029996177181601524
27396,0.029996078461408615
27397,0.02999582141637802
27398,0.02999541535973549
27399,0.02999488264322281
27400,0.029994232580065727
27401,0.029994815587997437
27402,0.029993560165166855
27403,0.029993468895554543
27404,0.029993213713169098
27405,0.02999291755259037
27406,0.029992565512657166
27407,0.02999250218272209
27408,0.029993517324328423
27409,0.029992669820785522
27410,0.029992898926138878
27411,0.029992934316396713
27412,0.029994532465934753
27413,0.02999335527420044
27414,0.029993686825037003
27415,0.0299938153475523
27416,0.029993759468197823
27417,0.029993534088134766
27418,0.029993314296007156
27419,0.02999299019575119
27420,0.029992587864398956
27421,0.029992809519171715
27422,0.029993003234267235
27423,0.02999301068484783
27424,0.02999284118413925
27425,0.029992522671818733
27426,0.029992060735821724
27427,0.029991474002599716
27428,0.029992351308465004
27429,0.029991813004016876
27430,0.02999258041381836
27431,0.029993198812007904
27432,0.029993437230587006
27433,0.029993746429681778
27434,0.029993698000907898
27435,0.029993556439876556
27436,0.029993336647748947
27437,0.029994092881679535
27438,0.02999318204820156
27439,0.029994715005159378
27440,0.02999361976981163
27441,0.02999570406973362
27442,0.02999497950077057
27443,0.029995841905474663
27444,0.029996449127793312
27445,0.029996821656823158
27446,0.02999698556959629
27447,0.02999696135520935
27448,0.029996762052178383
27449,0.029996415600180626
27450,0.029995931312441826
27451,0.02999531850218773
27452,0.029995162039995193
27453,0.029995011165738106
27454,0.02999516949057579
27455,0.029995214194059372
27456,0.029994983226060867
27457,0.029994722455739975
27458,0.029994498938322067
27459,0.029994677752256393
27460,0.029994474723935127
27461,0.02999391220510006
27462,0.029994623735547066
27463,0.029993698000907898
27464,0.029993949458003044
27465,0.029994003474712372
27466,0.029993880540132523
27467,0.02999359555542469
27468,0.029994064942002296
27469,0.029993373900651932
27470,0.02999374084174633
27471,0.02999425306916237
27472,0.029994862154126167
27473,0.029995238408446312
27474,0.029995404183864594
27475,0.029995381832122803
27476,0.029995186254382133
27477,0.029994836077094078
27478,0.029994355514645576
27479,0.02999374456703663
27480,0.029993025586009026
27481,0.02999909035861492
27482,0.029994135722517967
27483,0.02999567613005638
27484,0.02999694272875786
27485,0.029997915029525757
27486,0.029998619109392166
27487,0.029999081045389175
27488,0.029999323189258575
27489,0.029999371618032455
27490,0.03000008687376976
27491,0.02999967336654663
27492,0.02999988943338394
27493,0.029999908059835434
27494,0.029999753460288048
27495,0.029999444261193275
27496,0.02999899350106716
27497,0.02999855950474739
27498,0.029998047277331352
27499,0.029997309669852257
27500,0.029996730387210846
27501,0.029995888471603394
27502,0.029994972050189972
27503,0.029994411394000053
27504,0.02999364770948887
27505,0.02999316342175007
27506,0.02999255433678627
27507,0.029992859810590744
27508,0.029992375522851944
27509,0.029993923380970955
27510,0.029992537572979927
27511,0.029993828386068344
27512,0.029994817450642586
27513,0.02999553456902504
27514,0.029996005818247795
27515,0.02999626286327839
27516,0.029996322467923164
27517,0.029997698962688446
27518,0.029996652156114578
27519,0.02999689429998398
27520,0.029996933415532112
27521,0.029996797442436218
27522,0.02999650128185749
27523,0.02999606356024742
27524,0.029995545744895935
27525,0.029994994401931763
27526,0.029994279146194458
27527,0.029993630945682526
27528,0.029993936419487
27529,0.02999289706349373
27530,0.02999415621161461
27531,0.029993508011102676
27532,0.02999381721019745
27533,0.029993923380970955
27534,0.029994478449225426
27535,0.029994182288646698
27536,0.029994314536452293
27537,0.029994258657097816
27538,0.029994037002325058
27539,0.02999425120651722
27540,0.029993491247296333
27541,0.02999316342175007
27542,0.029992690309882164
27543,0.02999209798872471
27544,0.030000442638993263
27545,0.02999340184032917
27546,0.02999505214393139
27547,0.029996369034051895
27548,0.029997382313013077
27549,0.02999812364578247
27550,0.029998619109392166
27551,0.0299988966435194
27552,0.029999103397130966
27553,0.029999161139130592
27554,0.02999909222126007
27555,0.029998695477843285
27556,0.02999819442629814
27557,0.02999773435294628
27558,0.029997143894433975
27559,0.029996445402503014
27560,0.029995689168572426
27561,0.02999488078057766
27562,0.02999430149793625
27563,0.029995422810316086
27564,0.029993180185556412
27565,0.02999875135719776
27566,0.029994236305356026
27567,0.029995108023285866
27568,0.02999572828412056
27569,0.02999771572649479
27570,0.02999686449766159
27571,0.02999737113714218
27572,0.029997654259204865
27573,0.02999773621559143
27574,0.02999764308333397
27575,0.029997386038303375
27576,0.029996979981660843
27577,0.029996449127793312
27578,0.029995795339345932
27579,0.029995040968060493
27580,0.029999082908034325
27581,0.029995251446962357
27582,0.02999604307115078
27583,0.029996581375598907
27584,0.029998328536748886
27585,0.029997780919075012
27586,0.029998399317264557
27587,0.029998790472745895
27588,0.02999901957809925
27589,0.02999899722635746
27590,0.02999894879758358
27591,0.02999897114932537
27592,0.02999848872423172
27593,0.029997993260622025
27594,0.02999735251069069
27595,0.02999676950275898
27596,0.029996072873473167
27597,0.030004562810063362
27598,0.029997020959854126
27599,0.029998423531651497
27600,0.029999518766999245
27601,0.030000340193510056
27602,0.030000904574990273
27603,0.030001243576407433
27604,0.030001381412148476
27605,0.030001334846019745
27606,0.030001122504472733
27607,0.03000076301395893
27608,0.030000265687704086
27609,0.030001191422343254
27610,0.029999762773513794
27611,0.029999546706676483
27612,0.029999317601323128
27613,0.02999883145093918
27614,0.029998300597071648
27615,0.029997792094945908
27616,0.029997345060110092
27617,0.029996857047080994
27618,0.029996251687407494
27619,0.02999553270637989
27620,0.029994722455739975
27621,0.029993824660778046
27622,0.030002852901816368
27623,0.029993774369359016
27624,0.029994437471032143
27625,0.029994869604706764
27626,0.029995093122124672
27627,0.0299952682107687
27628,0.02999507077038288
27629,0.029995035380125046
27630,0.029994606971740723
27631,0.0299941748380661
27632,0.029993649572134018
27633,0.029995115473866463
27634,0.02999325469136238
27635,0.02999340370297432
27636,0.029993366450071335
27637,0.029993167147040367
27638,0.029992904514074326
27639,0.02999342605471611
27640,0.029992923140525818
27641,0.029995575547218323
27642,0.029993683099746704
27643,0.029994022101163864
27644,0.029994158074259758
27645,0.029994115233421326
27646,0.029994815587997437
27647,0.029994457960128784
27648,0.02999478578567505
27649,0.029994910582900047
27650,0.02999485470354557
27651,0.02999464049935341
27652,0.029994657263159752
27653,0.02999410405755043
27654,0.029993781819939613
27655,0.029993319883942604
27656,0.029992736876010895
27657,0.02999204583466053
27658,0.02999473735690117
27659,0.0299916323274374
27660,0.029991572722792625
27661,0.029991522431373596
27662,0.02999216876924038
27663,0.029991690069437027
27664,0.029992105439305305
27665,0.02999245747923851
27666,0.029992610216140747
27667,0.02999257855117321
27668,0.02999241277575493
27669,0.02999219484627247
27670,0.029991891235113144
27671,0.02999141626060009
27672,0.029991423711180687
27673,0.029993532225489616
27674,0.029991965740919113
27675,0.02999304234981537
27676,0.029993848875164986
27677,0.029994400218129158
27678,0.02999473176896572
27679,0.02999485656619072
27680,0.029994800686836243
27681,0.029994577169418335
27682,0.02999473735690117
27683,0.02999403327703476
27684,0.029993705451488495
27685,0.029993239790201187
27686,0.029994182288646698
27687,0.029993293806910515
27688,0.029993705451488495
27689,0.029993897303938866
27690,0.02999390847980976
27691,0.029993748292326927
27692,0.02999342978000641
27693,0.029992973431944847
27694,0.029992707073688507
27695,0.029992304742336273
27696,0.029993189498782158
27697,0.02999209240078926
27698,0.0299923624843359
27699,0.02999243512749672
27700,0.029992328956723213
27701,0.029992062598466873
27702,0.02999170683324337
27703,0.029991963878273964
27704,0.029996542260050774
27705,0.029994487762451172
27706,0.029997607693076134
27707,0.03000025637447834
27708,0.030002476647496223
27709,0.030004318803548813
27710,0.0300058051943779
27711,0.030006980523467064
27712,0.030007872730493546
27713,0.030008502304553986
27714,0.030008897185325623
27715,0.030009087175130844
27716,0.030009087175130844
27717,0.030008915811777115
27718,0.03001226857304573
27719,0.030009105801582336
27720,0.030009401962161064
27721,0.030009498819708824
27722,0.03000941127538681
27723,0.030009163543581963
27724,0.030010439455509186
27725,0.030008919537067413
27726,0.030008837580680847
27727,0.03000890463590622
27728,0.030008312314748764
27729,0.03000790812075138
27730,0.03000742755830288
27731,0.030006764456629753
27732,0.03000618889927864
27733,0.03000553324818611
27734,0.030005071312189102
27735,0.03000466711819172
27736,0.03000418096780777
27737,0.03000357374548912
27738,0.030004743486642838
27739,0.030002593994140625
27740,0.030002186074852943
27741,0.030001657083630562
27742,0.030001090839505196
27743,0.03000045195221901
27744,0.02999965474009514
27745,0.029998894780874252
27746,0.029997941106557846
27747,0.02999703213572502
27748,0.029996054247021675
27749,0.029997646808624268
27750,0.029995795339345932
27751,0.02999553643167019
27752,0.029996002092957497
27753,0.029996315017342567
27754,0.02999650128185749
27755,0.02999652922153473
27756,0.02999645099043846
27757,0.029996253550052643
27758,0.029995989054441452
27759,0.029995622113347054
27760,0.029995150864124298
27761,0.029994668439030647
27762,0.029994087293744087
27763,0.029996095225214958
27764,0.02999388426542282
27765,0.02999415621161461
27766,0.029994232580065727
27767,0.029994135722517967
27768,0.029993876814842224
27769,0.02999347820878029
27770,0.029995281249284744
27771,0.029992995783686638
27772,0.029994124546647072
27773,0.029995448887348175
27774,0.02999492920935154
27775,0.02999649941921234
27776,0.029997751116752625
27777,0.029998714104294777
27778,0.02999940514564514
27779,0.02999986708164215
27780,0.0300001110881567
27781,0.03000016137957573
27782,0.03000004030764103
27783,0.029999759048223495
27784,0.02999933995306492
27785,0.029998794198036194
27786,0.029998131096363068
27787,0.02999737113714218
27788,0.029996512457728386
27789,0.029995577409863472
27790,0.02999480441212654
27791,0.0299940537661314
27792,0.02999340184032917
27793,0.02999234013259411
27794,0.029992174357175827
27795,0.029991349205374718
27796,0.029991434887051582
27797,0.029991358518600464
27798,0.029991328716278076
27799,0.029991183429956436
27800,0.029990877956151962
27801,0.029992349445819855
27802,0.02999044768512249
27803,0.029991360381245613
27804,0.029991012066602707
27805,0.029991500079631805
27806,0.029991772025823593
27807,0.02999184839427471
27808,0.029992664232850075
27809,0.02999204210937023
27810,0.02999214082956314
27811,0.029992137104272842
27812,0.02999216876924038
27813,0.029991982504725456
27814,0.02999219484627247
27815,0.0299922376871109
27816,0.029992472380399704
27817,0.029992515221238136
27818,0.029992442578077316
27819,0.029992669820785522
27820,0.029992755502462387
27821,0.029992664232850075
27822,0.029992926865816116
27823,0.029992591589689255
27824,0.029992584139108658
27825,0.02999240905046463
27826,0.029992088675498962
27827,0.029991623014211655
27828,0.029993409290909767
27829,0.029992295429110527
27830,0.02999306656420231
27831,0.02999371662735939
27832,0.029994171112775803
27833,0.02999439649283886
27834,0.029994476586580276
27835,0.029994381591677666
27836,0.029994124546647072
27837,0.029995571821928024
27838,0.029993800446391106
27839,0.029994087293744087
27840,0.02999415621161461
27841,0.029994403943419456
27842,0.029994457960128784
27843,0.029994338750839233
27844,0.02999437227845192
27845,0.029993901029229164
27846,0.029993535950779915
27847,0.029993122443556786
27848,0.02999258041381836
27849,0.02999292127788067
27850,0.02999173477292061
27851,0.0299913939088583
27852,0.02999202162027359
27853,0.029991988092660904
27854,0.029992783442139626
27855,0.02999332919716835
27856,0.029993649572134018
27857,0.029993772506713867
27858,0.029993709176778793
27859,0.029993487522006035
27860,0.029996732249855995
27861,0.02999357134103775
27862,0.02999372035264969
27863,0.02999373897910118
27864,0.029993662610650063
27865,0.02999589964747429
27866,0.029993923380970955
27867,0.02999425306916237
27868,0.029994584619998932
27869,0.029994789510965347
27870,0.029994625598192215
27871,0.02999456413090229
27872,0.029994335025548935
27873,0.02999413199722767
27874,0.029993636533617973
27875,0.029993170872330666
27876,0.029993005096912384
27877,0.02999298833310604
27878,0.029993189498782158
27879,0.029993195086717606
27880,0.029993031173944473
27881,0.029992809519171715
27882,0.02999238297343254
27883,0.0299919992685318
27884,0.029991328716278076
27885,0.029996506869792938
27886,0.029991980642080307
27887,0.029992984607815742
27888,0.02999371662735939
27889,0.029994208365678787
27890,0.029994480311870575
27891,0.029994560405611992
27892,0.029994457960128784
27893,0.029994197189807892
27894,0.02999378927052021
27895,0.02999326027929783
27896,0.029992608353495598
27897,0.029995659366250038
27898,0.02999238483607769
27899,0.029992053285241127
27900,0.02999219484627247
27901,0.029992204159498215
27902,0.02999269776046276
27903,0.029991978779435158
27904,0.029994238168001175
27905,0.02999243140220642
27906,0.029992586001753807
27907,0.029992682859301567
27908,0.02999260276556015
27909,0.02999250590801239
27910,0.029992252588272095
27911,0.029993435367941856
27912,0.02999238856136799
27913,0.029992960393428802
27914,0.029993312433362007
27915,0.02999345026910305
27916,0.02999376505613327
27917,0.029994215816259384
27918,0.02999425120651722
27919,0.02999388426542282
27920,0.02999330870807171
27921,0.029993126168847084
27922,0.029992789030075073
27923,0.029992317780852318
27924,0.02999599650502205
27925,0.029992850497364998
27926,0.029993698000907898
27927,0.029994294047355652
27928,0.029994655400514603
27929,0.029994864016771317
27930,0.029994875192642212
27931,0.029994750395417213
27932,0.029994485899806023
27933,0.0299941785633564
27934,0.029993755742907524
27935,0.029993191361427307
27936,0.029992608353495598
27937,0.02999388426542282
27938,0.029992809519171715
27939,0.02999195270240307
27940,0.02999200113117695
27941,0.02999187633395195
27942,0.029991595074534416
27943,0.02999117225408554
27944,0.02999061904847622
27945,0.029994525015354156
27946,0.029991423711180687
27947,0.029991084709763527
27948,0.029991475865244865
27949,0.02999165654182434
27950,0.029991649091243744
27951,0.029991472139954567
27952,0.029994027689099312
27953,0.029993420466780663
27954,0.029995299875736237
27955,0.029996829107403755
27956,0.029998039826750755
27957,0.029998954385519028
27958,0.029999610036611557
27959,0.030000030994415283
27960,0.030000239610671997
27961,0.03000030294060707
27962,0.030000371858477592
27963,0.03000016324222088
27964,0.0299999862909317
27965,0.02999945543706417
27966,0.029998768121004105
27967,0.029998240992426872
27968,0.029997538775205612
27969,0.029996780678629875
27970,0.030001478269696236
27971,0.029996417462825775
27972,0.029996691271662712
27973,0.029996773228049278
27974,0.029996665194630623
27975,0.029997214674949646
27976,0.02999655157327652
27977,0.029996521770954132
27978,0.029996322467923164
27979,0.02999597229063511
27980,0.02999548800289631
27981,0.02999487705528736
27982,0.029994165524840355
27983,0.02999335154891014
27984,0.029992448166012764
27985,0.02999146655201912
27986,0.029994288459420204
27987,0.02999056875705719
27988,0.02999061346054077
27989,0.02999054454267025
27990,0.029993180185556412
27991,0.029990797862410545
27992,0.029991036280989647
27993,0.029991084709763527
27994,0.02999095991253853
27995,0.029990680515766144
27996,0.029997892677783966
27997,0.029992297291755676
27998,0.029993973672389984
27999,0.029995311051607132
28000,0.0299963541328907
