epoch,loss
1,234515851116544.0
2,139579122253824.0
3,81962798678016.0
4,48148839923712.0
5,28715580915712.0
6,17673329049600.0
7,11451321286656.0
8,8000993492992.0
9,6167137353728.0
10,5297711611904.0
11,5017447694336.0
12,5100959956992.0
13,5402892697600.0
14,5820181381120.0
15,6273027276800.0
16,6697432645632.0
17,7044179951616.0
18,7279621439488.0
19,7385875742720.0
20,7359561203712.0
21,7209230532608.0
22,6951884292096.0
23,6609379000320.0
24,6205152428032.0
25,5761772027904.0
26,5299344769024.0
27,4834709209088.0
28,4381205856256.0
29,3948819775488.0
30,3544481267712.0
31,3172496834560.0
32,2835003211776.0
33,2532406460416.0
34,2263815028736.0
35,2027425366016.0
36,1820853665792.0
37,1641396436992.0
38,1486239039488.0
39,1352608907264.0
40,1237876867072.0
41,1139614023680.0
42,1055625707520.0
43,983960911872.0
44,922903379968.0
45,870955352064.0
46,826820001792.0
47,789373452288.0
48,757643476992.0
49,730788659200.0
50,708079058944.0
51,688879304704.0
52,672637386752.0
53,658870566912.0
54,647159873536.0
55,637142368256.0
56,628504068096.0
57,620977127424.0
58,614335184896.0
59,608388120576.0
60,602979762176.0
61,597982773248.0
62,593294721024.0
63,588834930688.0
64,584540225536.0
65,580362174464.0
66,576263421952.0
67,572215459840.0
68,568196988928.0
69,564192018432.0
70,560188948480.0
71,556179652608.0
72,552159084544.0
73,548124721152.0
74,544076267520.0
75,540015853568.0
76,535946952704.0
77,531874938880.0
78,527805448192.0
79,523745361920.0
80,519701790720.0
81,515681583104.0
82,511691128832.0
83,507736457216.0
84,503822352384.0
85,499953860608.0
86,496133668864.0
87,492364693504.0
88,488648933376.0
89,484987437056.0
90,481381548032.0
91,477830971392.0
92,474336362496.0
93,470897131520.0
94,467513114624.0
95,464183689216.0
96,460907970560.0
97,457685041152.0
98,454513852416.0
99,451392798720.0
100,448321093632.0
101,445296738304.0
102,442317930496.0
103,439383425024.0
104,436491157504.0
105,433639653376.0
106,430826815488.0
107,428051333120.0
108,425311567872.0
109,422605750272.0
110,419932700672.0
111,417291108352.0
112,414679728128.0
113,412097380352.0
114,409542918144.0
115,407015456768.0
116,404514013184.0
117,402037800960.0
118,399585902592.0
119,397157761024.0
120,394752458752.0
121,392369405952.0
122,390008242176.0
123,387668017152.0
124,385348599808.0
125,383049400320.0
126,380769992704.0
127,378510049280.0
128,376269209600.0
129,374047178752.0
130,371843858432.0
131,369658789888.0
132,367491710976.0
133,365342425088.0
134,363210899456.0
135,361096806400.0
136,358999851008.0
137,356920033280.0
138,354857123840.0
139,352810827776.0
140,350781112320.0
141,348767879168.0
142,346770931712.0
143,344789942272.0
144,342824812544.0
145,340875706368.0
146,338942099456.0
147,337024090112.0
148,335121416192.0
149,333234077696.0
150,331361746944.0
151,329504423936.0
152,327661944832.0
153,325834178560.0
154,324020862976.0
155,322222063616.0
156,320437518336.0
157,318667096064.0
158,316910665728.0
159,315168260096.0
160,313439485952.0
161,311724408832.0
162,310022701056.0
163,308334493696.0
164,306659459072.0
165,304997564416.0
166,303348580352.0
167,301712539648.0
168,300089147392.0
169,298478403584.0
170,296880209920.0
171,295294369792.0
172,293720719360.0
173,292159258624.0
174,290609758208.0
175,289072250880.0
176,287546441728.0
177,286032363520.0
178,284529852416.0
179,283038810112.0
180,281558974464.0
181,280090443776.0
182,278633152512.0
183,277186805760.0
184,275751370752.0
185,274326765568.0
186,272912859136.0
187,271509635072.0
188,270116765696.0
189,268734349312.0
190,267362320384.0
191,266000515072.0
192,264648769536.0
193,263307051008.0
194,261975392256.0
195,260653400064.0
196,259341205504.0
197,258038644736.0
198,256745619456.0
199,255462146048.0
200,254188027904.0
201,252923183104.0
202,251667529728.0
203,250421051392.0
204,249183567872.0
205,247955095552.0
206,246735503360.0
207,245524627456.0
208,244322500608.0
209,243129040896.0
210,241944150016.0
211,240767696896.0
212,239599583232.0
213,238439907328.0
214,237288357888.0
215,236145082368.0
216,235009785856.0
217,233882632192.0
218,232763375616.0
219,231651917824.0
220,230548340736.0
221,229452480512.0
222,228364288000.0
223,227283697664.0
224,226210594816.0
225,225144963072.0
226,224086704128.0
227,223035785216.0
228,221992157184.0
229,220955705344.0
230,219926396928.0
231,218904133632.0
232,217888866304.0
233,216880513024.0
234,215879122944.0
235,214884466688.0
236,213896658944.0
237,212915453952.0
238,211940933632.0
239,210973016064.0
240,210011553792.0
241,209056595968.0
242,208108011520.0
243,207165865984.0
244,206229995520.0
245,205300334592.0
246,204376883200.0
247,203459543040.0
248,202548264960.0
249,201643081728.0
250,200743813120.0
251,199850524672.0
252,198963085312.0
253,198081429504.0
254,197205557248.0
255,196335452160.0
256,195471048704.0
257,194612199424.0
258,193758953472.0
259,192911261696.0
260,192069058560.0
261,191232278528.0
262,190400872448.0
263,189574873088.0
264,188754165760.0
265,187938603008.0
266,187128365056.0
267,186323304448.0
268,185523290112.0
269,184728420352.0
270,183938596864.0
271,183153704960.0
272,182373875712.0
273,181598928896.0
274,180828798976.0
275,180063584256.0
276,179303071744.0
277,178547359744.0
278,177796448256.0
279,177050075136.0
280,176308387840.0
281,175571369984.0
282,174838857728.0
283,174110851072.0
284,173387399168.0
285,172668338176.0
286,171953799168.0
287,171243520000.0
288,170537648128.0
289,169836052480.0
290,169138798592.0
291,168445706240.0
292,167756840960.0
293,167072235520.0
294,166391676928.0
295,165715263488.0
296,165042978816.0
297,164374675456.0
298,163710369792.0
299,163050078208.0
300,162393702400.0
301,161741291520.0
302,161092747264.0
303,160448053248.0
304,159807160320.0
305,159170117632.0
306,158536777728.0
307,157907271680.0
308,157281370112.0
309,156659236864.0
310,156040724480.0
311,155425767424.0
312,154814464000.0
313,154206715904.0
314,153602490368.0
315,153001820160.0
316,152404639744.0
317,151810883584.0
318,151220568064.0
319,150633594880.0
320,150050078720.0
321,149469904896.0
322,148893057024.0
323,148319485952.0
324,147749224448.0
325,147182223360.0
326,146618449920.0
327,146057805824.0
328,145500438528.0
329,144946216960.0
330,144395075584.0
331,143847063552.0
332,143302115328.0
333,142760280064.0
334,142221459456.0
335,141685653504.0
336,141152862208.0
337,140623003648.0
338,140096143360.0
339,139572232192.0
340,139051155456.0
341,138533044224.0
342,138017685504.0
343,137505259520.0
344,136995610624.0
345,136488796160.0
346,135984775168.0
347,135483482112.0
348,134984949760.0
349,134489096192.0
350,133995970560.0
351,133505556480.0
352,133017812992.0
353,132532690944.0
354,132050190336.0
355,131570302976.0
356,131092987904.0
357,130618253312.0
358,130146058240.0
359,129676394496.0
360,129209278464.0
361,128744636416.0
362,128282451968.0
363,127822798848.0
364,127365529600.0
365,126910693376.0
366,126458281984.0
367,126008246272.0
368,125560594432.0
369,125115326464.0
370,124672393216.0
371,124231745536.0
372,123793408000.0
373,123357405184.0
374,122923638784.0
375,122492198912.0
376,122062938112.0
377,121635946496.0
378,121211150336.0
379,120788566016.0
380,120368193536.0
381,119949975552.0
382,119533871104.0
383,119119962112.0
384,118708150272.0
385,118298460160.0
386,117890850816.0
387,117485355008.0
388,117081874432.0
389,116680482816.0
390,116281122816.0
391,115883851776.0
392,115488530432.0
393,115095224320.0
394,114703917056.0
395,114314584064.0
396,113927176192.0
397,113541758976.0
398,113158258688.0
399,112776667136.0
400,112396976128.0
401,112019169280.0
402,111643279360.0
403,111269249024.0
404,110897111040.0
405,110526783488.0
406,110158258176.0
407,109791584256.0
408,109426737152.0
409,109063651328.0
410,108702375936.0
411,108342861824.0
412,107985117184.0
413,107629125632.0
414,107274887168.0
415,106922360832.0
416,106571554816.0
417,106222460928.0
418,105875054592.0
419,105529319424.0
420,105185247232.0
421,104842862592.0
422,104502124544.0
423,104163041280.0
424,103825580032.0
425,103489716224.0
426,103155482624.0
427,102822854656.0
428,102491774976.0
429,102162333696.0
430,101834424320.0
431,101508071424.0
432,101183283200.0
433,100860026880.0
434,100538310656.0
435,100218101760.0
436,99899424768.0
437,99582238720.0
438,99266535424.0
439,98952323072.0
440,98639577088.0
441,98328313856.0
442,98018476032.0
443,97710104576.0
444,97403150336.0
445,97097637888.0
446,96793534464.0
447,96490848256.0
448,96189562880.0
449,95889645568.0
450,95591153664.0
451,95294046208.0
452,94998257664.0
453,94703845376.0
454,94410784768.0
455,94119092224.0
456,93828702208.0
457,93539631104.0
458,93251911680.0
459,92965470208.0
460,92680331264.0
461,92396527616.0
462,92113977344.0
463,91832705024.0
464,91552727040.0
465,91273977856.0
466,90996523008.0
467,90720264192.0
468,90445275136.0
469,90171523072.0
470,89898999808.0
471,89627664384.0
472,89357557760.0
473,89088671744.0
474,88820998144.0
475,88554446848.0
476,88289124352.0
477,88024956928.0
478,87761969152.0
479,87500161024.0
480,87239475200.0
481,86979977216.0
482,86721576960.0
483,86464339968.0
484,86208233472.0
485,85953232896.0
486,85699354624.0
487,85446582272.0
488,85194899456.0
489,84944338944.0
490,84694843392.0
491,84446453760.0
492,84199112704.0
493,83952869376.0
494,83707666432.0
495,83463512064.0
496,83220447232.0
497,82978422784.0
498,82737414144.0
499,82497437696.0
500,82258526208.0
501,82020597760.0
502,81783693312.0
503,81547821056.0
504,81312931840.0
505,81079033856.0
506,80846151680.0
507,80614268928.0
508,80383336448.0
509,80153403392.0
510,79924420608.0
511,79696404480.0
512,79469371392.0
513,79243280384.0
514,79018139648.0
515,78793924608.0
516,78570651648.0
517,78348353536.0
518,78126931968.0
519,77906460672.0
520,77686898688.0
521,77468278784.0
522,77250543616.0
523,77033709568.0
524,76817768448.0
525,76602720256.0
526,76388597760.0
527,76175302656.0
528,75962916864.0
529,75751374848.0
530,75540725760.0
531,75330961408.0
532,75122024448.0
533,74913931264.0
534,74706714624.0
535,74500341760.0
536,74294796288.0
537,74090094592.0
538,73886236672.0
539,73683181568.0
540,73480970240.0
541,73279553536.0
542,73078980608.0
543,72879202304.0
544,72680235008.0
545,72482062336.0
546,72284684288.0
547,72088092672.0
548,71892287488.0
549,71697268736.0
550,71503044608.0
551,71309590528.0
552,71116906496.0
553,70924976128.0
554,70733815808.0
555,70543400960.0
556,70353764352.0
557,70164881408.0
558,69976727552.0
559,69789327360.0
560,69602656256.0
561,69416722432.0
562,69231509504.0
563,69047058432.0
564,68863303680.0
565,68680278016.0
566,68497956864.0
567,68316356608.0
568,68135469056.0
569,67955273728.0
570,67775774720.0
571,67597012992.0
572,67418918912.0
573,67241504768.0
574,67064799232.0
575,66888757248.0
576,66713415680.0
577,66538725376.0
578,66364719104.0
579,66191380480.0
580,66018705408.0
581,65846693888.0
582,65675345920.0
583,65504645120.0
584,65334607872.0
585,65165213696.0
586,64996470784.0
587,64828362752.0
588,64660905984.0
589,64494071808.0
590,64327864320.0
591,64162299904.0
592,63997358080.0
593,63833051136.0
594,63669338112.0
595,63506251776.0
596,63343779840.0
597,63181922304.0
598,63020666880.0
599,62860034048.0
600,62699974656.0
601,62540533760.0
602,62381690880.0
603,62223429632.0
604,62065770496.0
605,61908684800.0
606,61752180736.0
607,61596258304.0
608,61440929792.0
609,61286154240.0
610,61131984896.0
611,60978343936.0
612,60825292800.0
613,60672806912.0
614,60520869888.0
615,60369494016.0
616,60218687488.0
617,60068405248.0
618,59918704640.0
619,59769544704.0
620,59620904960.0
621,59472830464.0
622,59325304832.0
623,59178291200.0
624,59031822336.0
625,58885881856.0
626,58740469760.0
627,58595602432.0
628,58451243008.0
629,58307391488.0
630,58164080640.0
631,58021281792.0
632,57878978560.0
633,57737211904.0
634,57595957248.0
635,57455202304.0
636,57314934784.0
637,57175183360.0
638,57035923456.0
639,56897159168.0
640,56758906880.0
641,56621129728.0
642,56483860480.0
643,56347049984.0
644,56210743296.0
645,56074924032.0
646,55939584000.0
647,55804702720.0
648,55670317056.0
649,55536394240.0
650,55402962944.0
651,55269986304.0
652,55137464320.0
653,55005429760.0
654,54873858048.0
655,54742720512.0
656,54612070400.0
657,54481870848.0
658,54352105472.0
659,54222823424.0
660,54093967360.0
661,53965565952.0
662,53837623296.0
663,53710110720.0
664,53583036416.0
665,53456412672.0
666,53330210816.0
667,53204463616.0
668,53079138304.0
669,52954255360.0
670,52829802496.0
671,52705767424.0
672,52582150144.0
673,52458971136.0
674,52336214016.0
675,52213874688.0
676,52091953152.0
677,51970453504.0
678,51849355264.0
679,51728666624.0
680,51608416256.0
681,51488538624.0
682,51369078784.0
683,51250028544.0
684,51131383808.0
685,51013144576.0
686,50895294464.0
687,50777853952.0
688,50660798464.0
689,50544140288.0
690,50427858944.0
691,50311979008.0
692,50196504576.0
693,50081402880.0
694,49966698496.0
695,49852346368.0
696,49738399744.0
697,49624838144.0
698,49511653376.0
699,49398833152.0
700,49286389760.0
701,49174331392.0
702,49062633472.0
703,48951304192.0
704,48840355840.0
705,48729767936.0
706,48619544576.0
707,48509685760.0
708,48400183296.0
709,48291028992.0
710,48182263808.0
711,48073846784.0
712,47965777920.0
713,47858057216.0
714,47750705152.0
715,47643684864.0
716,47537033216.0
717,47430721536.0
718,47324758016.0
719,47219142656.0
720,47113863168.0
721,47008927744.0
722,46904332288.0
723,46800084992.0
724,46696161280.0
725,46592593920.0
726,46489346048.0
727,46386425856.0
728,46283849728.0
729,46181601280.0
730,46079680512.0
731,45978091520.0
732,45876826112.0
733,45775892480.0
734,45675257856.0
735,45574963200.0
736,45474979840.0
737,45375320064.0
738,45275975680.0
739,45176958976.0
740,45078241280.0
741,44979834880.0
742,44881764352.0
743,44783984640.0
744,44686524416.0
745,44589367296.0
746,44492529664.0
747,44395991040.0
748,44299751424.0
749,44203827200.0
750,44108185600.0
751,44012855296.0
752,43917840384.0
753,43823099904.0
754,43728658432.0
755,43634528256.0
756,43540684800.0
757,43447140352.0
758,43353878528.0
759,43260903424.0
760,43168231424.0
761,43075850240.0
762,42983743488.0
763,42891935744.0
764,42800406528.0
765,42709155840.0
766,42618175488.0
767,42527498240.0
768,42437091328.0
769,42346967040.0
770,42257117184.0
771,42167537664.0
772,42078257152.0
773,41989226496.0
774,41900494848.0
775,41812013056.0
776,41723813888.0
777,41635868672.0
778,41548218368.0
779,41460813824.0
780,41373687808.0
781,41286832128.0
782,41200222208.0
783,41113886720.0
784,41027801088.0
785,40941985792.0
786,40856440832.0
787,40771141632.0
788,40686112768.0
789,40601333760.0
790,40516804608.0
791,40432545792.0
792,40348524544.0
793,40264765440.0
794,40181256192.0
795,40098009088.0
796,40014995456.0
797,39932235776.0
798,39849725952.0
799,39767461888.0
800,39685447680.0
801,39603666944.0
802,39522136064.0
803,39440859136.0
804,39359815680.0
805,39279009792.0
806,39198445568.0
807,39118127104.0
808,39038054400.0
809,38958198784.0
810,38878588928.0
811,38799224832.0
812,38720077824.0
813,38641184768.0
814,38562496512.0
815,38484066304.0
816,38405857280.0
817,38327873536.0
818,38250123264.0
819,38172602368.0
820,38095302656.0
821,38018228224.0
822,37941387264.0
823,37864759296.0
824,37788372992.0
825,37712203776.0
826,37636251648.0
827,37560516608.0
828,37485006848.0
829,37409718272.0
830,37334642688.0
831,37259788288.0
832,37185155072.0
833,37110738944.0
834,37036531712.0
835,36962537472.0
836,36888760320.0
837,36815187968.0
838,36741844992.0
839,36668694528.0
840,36595761152.0
841,36523053056.0
842,36450516992.0
843,36378222592.0
844,36306116608.0
845,36234227712.0
846,36162551808.0
847,36091064320.0
848,36019781632.0
849,35948707840.0
850,35877838848.0
851,35807162368.0
852,35736690688.0
853,35666415616.0
854,35596353536.0
855,35526471680.0
856,35456806912.0
857,35387326464.0
858,35318046720.0
859,35248955392.0
860,35180064768.0
861,35111366656.0
862,35042865152.0
863,34974560256.0
864,34906435584.0
865,34838511616.0
866,34770771968.0
867,34703216640.0
868,34635866112.0
869,34568699904.0
870,34501709824.0
871,34434928640.0
872,34368315392.0
873,34301892608.0
874,34235652096.0
875,34169602048.0
876,34103734272.0
877,34038048768.0
878,33972545536.0
879,33907218432.0
880,33842073600.0
881,33777117184.0
882,33712343040.0
883,33647734784.0
884,33583304704.0
885,33519056896.0
886,33454991360.0
887,33391097856.0
888,33327376384.0
889,33263833088.0
890,33200463872.0
891,33137266688.0
892,33074241536.0
893,33011390464.0
894,32948713472.0
895,32886206464.0
896,32823859200.0
897,32761704448.0
898,32699699200.0
899,32637863936.0
900,32576204800.0
901,32514709504.0
902,32453386240.0
903,32392220672.0
904,32331231232.0
905,32270399488.0
906,32209731584.0
907,32149231616.0
908,32088891392.0
909,32028712960.0
910,31968698368.0
911,31908847616.0
912,31849156608.0
913,31789623296.0
914,31730249728.0
915,31671037952.0
916,31611981824.0
917,31553101824.0
918,31494352896.0
919,31435771904.0
920,31377348608.0
921,31319072768.0
922,31260964864.0
923,31203012608.0
924,31145203712.0
925,31087552512.0
926,31030061056.0
927,30972712960.0
928,30915522560.0
929,30858481664.0
930,30801588224.0
931,30744846336.0
932,30688256000.0
933,30631819264.0
934,30575517696.0
935,30519382016.0
936,30463381504.0
937,30407534592.0
938,30351831040.0
939,30296276992.0
940,30240874496.0
941,30185601024.0
942,30130491392.0
943,30075504640.0
944,30020671488.0
945,29965977600.0
946,29911439360.0
947,29857034240.0
948,29802776576.0
949,29748654080.0
950,29694679040.0
951,29640837120.0
952,29587144704.0
953,29533575168.0
954,29480157184.0
955,29426872320.0
956,29373722624.0
957,29320704000.0
958,29267841024.0
959,29215105024.0
960,29162504192.0
961,29110040576.0
962,29057718272.0
963,29005516800.0
964,28953452544.0
965,28901535744.0
966,28849735680.0
967,28798074880.0
968,28746549248.0
969,28695150592.0
970,28643883008.0
971,28592750592.0
972,28541751296.0
973,28490872832.0
974,28440123392.0
975,28389515264.0
976,28339019776.0
977,28288667648.0
978,28238440448.0
979,28188340224.0
980,28138360832.0
981,28088512512.0
982,28038785024.0
983,27989188608.0
984,27939719168.0
985,27890368512.0
986,27841148928.0
987,27792046080.0
988,27743072256.0
989,27694219264.0
990,27645491200.0
991,27596877824.0
992,27548393472.0
993,27500025856.0
994,27451791360.0
995,27403665408.0
996,27355668480.0
997,27307788288.0
998,27260026880.0
999,27212371968.0
1000,27164858368.0
1001,27117455360.0
1002,27070164992.0
1003,27022999552.0
1004,26975942656.0
1005,26929004544.0
1006,26882187264.0
1007,26835486720.0
1008,26788904960.0
1009,26742423552.0
1010,26696060928.0
1011,26649825280.0
1012,26603700224.0
1013,26557681664.0
1014,26511777792.0
1015,26465988608.0
1016,26420305920.0
1017,26374748160.0
1018,26329296896.0
1019,26283954176.0
1020,26238728192.0
1021,26193610752.0
1022,26148603904.0
1023,26103707648.0
1024,26058917888.0
1025,26014242816.0
1026,25969678336.0
1027,25925208064.0
1028,25880862720.0
1029,25836615680.0
1030,25792487424.0
1031,25748447232.0
1032,25704527872.0
1033,25660700672.0
1034,25616990208.0
1035,25573388288.0
1036,25529892864.0
1037,25486503936.0
1038,25443209216.0
1039,25400029184.0
1040,25356941312.0
1041,25313976320.0
1042,25271105536.0
1043,25228326912.0
1044,25185665024.0
1045,25143103488.0
1046,25100644352.0
1047,25058279424.0
1048,25016020992.0
1049,24973858816.0
1050,24931811328.0
1051,24889860096.0
1052,24847996928.0
1053,24806244352.0
1054,24764588032.0
1055,24723036160.0
1056,24681578496.0
1057,24640215040.0
1058,24598964224.0
1059,24557797376.0
1060,24516730880.0
1061,24475772928.0
1062,24434896896.0
1063,24394113024.0
1064,24353447936.0
1065,24312866816.0
1066,24272381952.0
1067,24231991296.0
1068,24191694848.0
1069,24151498752.0
1070,24111398912.0
1071,24071383040.0
1072,24031477760.0
1073,23991648256.0
1074,23951925248.0
1075,23912284160.0
1076,23872745472.0
1077,23833300992.0
1078,23793938432.0
1079,23754672128.0
1080,23715500032.0
1081,23676422144.0
1082,23637428224.0
1083,23598536704.0
1084,23559725056.0
1085,23521007616.0
1086,23482372096.0
1087,23443838976.0
1088,23405389824.0
1089,23367032832.0
1090,23328757760.0
1091,23290583040.0
1092,23252488192.0
1093,23214483456.0
1094,23176564736.0
1095,23138732032.0
1096,23100997632.0
1097,23063341056.0
1098,23025772544.0
1099,22988288000.0
1100,22950895616.0
1101,22913581056.0
1102,22876362752.0
1103,22839226368.0
1104,22802176000.0
1105,22765213696.0
1106,22728331264.0
1107,22691524608.0
1108,22654814208.0
1109,22618183680.0
1110,22581639168.0
1111,22545172480.0
1112,22508793856.0
1113,22472497152.0
1114,22436284416.0
1115,22400147456.0
1116,22364094464.0
1117,22328129536.0
1118,22292248576.0
1119,22256445440.0
1120,22220720128.0
1121,22185074688.0
1122,22149515264.0
1123,22114029568.0
1124,22078627840.0
1125,22043312128.0
1126,22008074240.0
1127,21972910080.0
1128,21937829888.0
1129,21902827520.0
1130,21867896832.0
1131,21833050112.0
1132,21798289408.0
1133,21763598336.0
1134,21728987136.0
1135,21694449664.0
1136,21659996160.0
1137,21625618432.0
1138,21591316480.0
1139,21557084160.0
1140,21522946048.0
1141,21488871424.0
1142,21454868480.0
1143,21420951552.0
1144,21387108352.0
1145,21353336832.0
1146,21319643136.0
1147,21286021120.0
1148,21252478976.0
1149,21219006464.0
1150,21185609728.0
1151,21152284672.0
1152,21119039488.0
1153,21085865984.0
1154,21052762112.0
1155,21019729920.0
1156,20986779648.0
1157,20953890816.0
1158,20921079808.0
1159,20888346624.0
1160,20855681024.0
1161,20823087104.0
1162,20790564864.0
1163,20758114304.0
1164,20725733376.0
1165,20693430272.0
1166,20661192704.0
1167,20629020672.0
1168,20596924416.0
1169,20564901888.0
1170,20532942848.0
1171,20501057536.0
1172,20469241856.0
1173,20437493760.0
1174,20405817344.0
1175,20374208512.0
1176,20342667264.0
1177,20311193600.0
1178,20279793664.0
1179,20248459264.0
1180,20217186304.0
1181,20185989120.0
1182,20154853376.0
1183,20123797504.0
1184,20092796928.0
1185,20061861888.0
1186,20030998528.0
1187,20000210944.0
1188,19969480704.0
1189,19938813952.0
1190,19908214784.0
1191,19877687296.0
1192,19847217152.0
1193,19816822784.0
1194,19786481664.0
1195,19756214272.0
1196,19726012416.0
1197,19695876096.0
1198,19665799168.0
1199,19635789824.0
1200,19605846016.0
1201,19575963648.0
1202,19546144768.0
1203,19516393472.0
1204,19486699520.0
1205,19457073152.0
1206,19427504128.0
1207,19398004736.0
1208,19368566784.0
1209,19339182080.0
1210,19309869056.0
1211,19280621568.0
1212,19251431424.0
1213,19222302720.0
1214,19193237504.0
1215,19164235776.0
1216,19135287296.0
1217,19106414592.0
1218,19077588992.0
1219,19048830976.0
1220,19020128256.0
1221,18991489024.0
1222,18962911232.0
1223,18934390784.0
1224,18905942016.0
1225,18877542400.0
1226,18849204224.0
1227,18820923392.0
1228,18792706048.0
1229,18764541952.0
1230,18736445440.0
1231,18708402176.0
1232,18680420352.0
1233,18652495872.0
1234,18624630784.0
1235,18596820992.0
1236,18569072640.0
1237,18541377536.0
1238,18513737728.0
1239,18486167552.0
1240,18458652672.0
1241,18431184896.0
1242,18403780608.0
1243,18376433664.0
1244,18349144064.0
1245,18321907712.0
1246,18294730752.0
1247,18267609088.0
1248,18240540672.0
1249,18213531648.0
1250,18186577920.0
1251,18159679488.0
1252,18132834304.0
1253,18106046464.0
1254,18079311872.0
1255,18052638720.0
1256,18026014720.0
1257,17999443968.0
1258,17972938752.0
1259,17946476544.0
1260,17920075776.0
1261,17893724160.0
1262,17867427840.0
1263,17841186816.0
1264,17814999040.0
1265,17788864512.0
1266,17762787328.0
1267,17736759296.0
1268,17710784512.0
1269,17684867072.0
1270,17658992640.0
1271,17633181696.0
1272,17607421952.0
1273,17581713408.0
1274,17556054016.0
1275,17530443776.0
1276,17504897024.0
1277,17479395328.0
1278,17453940736.0
1279,17428543488.0
1280,17403199488.0
1281,17377900544.0
1282,17352658944.0
1283,17327468544.0
1284,17302321152.0
1285,17277229056.0
1286,17252194304.0
1287,17227200512.0
1288,17202262016.0
1289,17177372672.0
1290,17152532480.0
1291,17127742464.0
1292,17103006720.0
1293,17078311936.0
1294,17053671424.0
1295,17029084160.0
1296,17004546048.0
1297,16980054016.0
1298,16955607040.0
1299,16931218432.0
1300,16906868736.0
1301,16882570240.0
1302,16858329088.0
1303,16834125824.0
1304,16809972736.0
1305,16785868800.0
1306,16761819136.0
1307,16737810432.0
1308,16713851904.0
1309,16689936384.0
1310,16666076160.0
1311,16642262016.0
1312,16618488832.0
1313,16594764800.0
1314,16571090944.0
1315,16547466240.0
1316,16523886592.0
1317,16500349952.0
1318,16476862464.0
1319,16453422080.0
1320,16430023680.0
1321,16406678528.0
1322,16383370240.0
1323,16360115200.0
1324,16336907264.0
1325,16313740288.0
1326,16290614272.0
1327,16267543552.0
1328,16244513792.0
1329,16221531136.0
1330,16198590464.0
1331,16175695872.0
1332,16152845312.0
1333,16130045952.0
1334,16107290624.0
1335,16084570112.0
1336,16061900800.0
1337,16039272448.0
1338,16016692224.0
1339,15994152960.0
1340,15971656704.0
1341,15949208576.0
1342,15926806528.0
1343,15904440320.0
1344,15882125312.0
1345,15859846144.0
1346,15837614080.0
1347,15815424000.0
1348,15793277952.0
1349,15771174912.0
1350,15749115904.0
1351,15727094784.0
1352,15705124864.0
1353,15683190784.0
1354,15661300736.0
1355,15639450624.0
1356,15617648640.0
1357,15595878400.0
1358,15574161408.0
1359,15552478208.0
1360,15530841088.0
1361,15509248000.0
1362,15487690752.0
1363,15466178560.0
1364,15444705280.0
1365,15423277056.0
1366,15401878528.0
1367,15380532224.0
1368,15359224832.0
1369,15337959424.0
1370,15316732928.0
1371,15295545344.0
1372,15274404864.0
1373,15253296128.0
1374,15232231424.0
1375,15211208704.0
1376,15190221824.0
1377,15169278976.0
1378,15148376064.0
1379,15127513088.0
1380,15106692096.0
1381,15085908992.0
1382,15065158656.0
1383,15044452352.0
1384,15023783936.0
1385,15003159552.0
1386,14982569984.0
1387,14962023424.0
1388,14941511680.0
1389,14921038848.0
1390,14900603904.0
1391,14880207872.0
1392,14859853824.0
1393,14839537664.0
1394,14819258368.0
1395,14799015936.0
1396,14778816512.0
1397,14758648832.0
1398,14738523136.0
1399,14718434304.0
1400,14698381312.0
1401,14678367232.0
1402,14658393088.0
1403,14638454784.0
1404,14618552320.0
1405,14598685696.0
1406,14578859008.0
1407,14559074304.0
1408,14539321344.0
1409,14519601152.0
1410,14499927040.0
1411,14480282624.0
1412,14460676096.0
1413,14441106432.0
1414,14421577728.0
1415,14402084864.0
1416,14382624768.0
1417,14363199488.0
1418,14343814144.0
1419,14324464640.0
1420,14305150976.0
1421,14285869056.0
1422,14266626048.0
1423,14247415808.0
1424,14228245504.0
1425,14209108992.0
1426,14190003200.0
1427,14170938368.0
1428,14151906304.0
1429,14132909056.0
1430,14113949696.0
1431,14095032320.0
1432,14076134400.0
1433,14057280512.0
1434,14038461440.0
1435,14019675136.0
1436,14000923648.0
1437,13982202880.0
1438,13963523072.0
1439,13944872960.0
1440,13926259712.0
1441,13907674112.0
1442,13889129472.0
1443,13870619648.0
1444,13852140544.0
1445,13833695232.0
1446,13815285760.0
1447,13796910080.0
1448,13778566144.0
1449,13760258048.0
1450,13741980672.0
1451,13723735040.0
1452,13705526272.0
1453,13687349248.0
1454,13669207040.0
1455,13651097600.0
1456,13633018880.0
1457,13614972928.0
1458,13596960768.0
1459,13578983424.0
1460,13561033728.0
1461,13543120896.0
1462,13525236736.0
1463,13507391488.0
1464,13489573888.0
1465,13471791104.0
1466,13454034944.0
1467,13436315648.0
1468,13418626048.0
1469,13400968192.0
1470,13383342080.0
1471,13365750784.0
1472,13348188160.0
1473,13330664448.0
1474,13313163264.0
1475,13295692800.0
1476,13278260224.0
1477,13260856320.0
1478,13243485184.0
1479,13226141696.0
1480,13208832000.0
1481,13191550976.0
1482,13174303744.0
1483,13157086208.0
1484,13139898368.0
1485,13122738176.0
1486,13105618944.0
1487,13088521216.0
1488,13071458304.0
1489,13054425088.0
1490,13037423616.0
1491,13020448768.0
1492,13003503616.0
1493,12986597376.0
1494,12969712640.0
1495,12952857600.0
1496,12936034304.0
1497,12919242752.0
1498,12902479872.0
1499,12885748736.0
1500,12869043200.0
1501,12852366336.0
1502,12835727360.0
1503,12819109888.0
1504,12802525184.0
1505,12785967104.0
1506,12769440768.0
1507,12752945152.0
1508,12736475136.0
1509,12720036864.0
1510,12703623168.0
1511,12687245312.0
1512,12670893056.0
1513,12654569472.0
1514,12638274560.0
1515,12622006272.0
1516,12605768704.0
1517,12589556736.0
1518,12573376512.0
1519,12557227008.0
1520,12541101056.0
1521,12525004800.0
1522,12508937216.0
1523,12492896256.0
1524,12476883968.0
1525,12460903424.0
1526,12444948480.0
1527,12429017088.0
1528,12413114368.0
1529,12397247488.0
1530,12381403136.0
1531,12365584384.0
1532,12349794304.0
1533,12334033920.0
1534,12318297088.0
1535,12302588928.0
1536,12286913536.0
1537,12271257600.0
1538,12255633408.0
1539,12240034816.0
1540,12224462848.0
1541,12208918528.0
1542,12193403904.0
1543,12177912832.0
1544,12162448384.0
1545,12147010560.0
1546,12131599360.0
1547,12116221952.0
1548,12100862976.0
1549,12085529600.0
1550,12070228992.0
1551,12054949888.0
1552,12039699456.0
1553,12024473600.0
1554,12009276416.0
1555,11994104832.0
1556,11978955776.0
1557,11963834368.0
1558,11948740608.0
1559,11933671424.0
1560,11918628864.0
1561,11903613952.0
1562,11888622592.0
1563,11873653760.0
1564,11858714624.0
1565,11843802112.0
1566,11828915200.0
1567,11814048768.0
1568,11799209984.0
1569,11784400896.0
1570,11769607168.0
1571,11754849280.0
1572,11740112896.0
1573,11725399040.0
1574,11710712832.0
1575,11696047104.0
1576,11681411072.0
1577,11666799616.0
1578,11652215808.0
1579,11637650432.0
1580,11623112704.0
1581,11608599552.0
1582,11594108928.0
1583,11579644928.0
1584,11565208576.0
1585,11550788608.0
1586,11536401408.0
1587,11522032640.0
1588,11507691520.0
1589,11493373952.0
1590,11479079936.0
1591,11464807424.0
1592,11450566656.0
1593,11436345344.0
1594,11422146560.0
1595,11407975424.0
1596,11393824768.0
1597,11379699712.0
1598,11365597184.0
1599,11351519232.0
1600,11337460736.0
1601,11323431936.0
1602,11309422592.0
1603,11295436800.0
1604,11281478656.0
1605,11267537920.0
1606,11253623808.0
1607,11239736320.0
1608,11225865216.0
1609,11212022784.0
1610,11198203904.0
1611,11184402432.0
1612,11170630656.0
1613,11156877312.0
1614,11143142400.0
1615,11129440256.0
1616,11115758592.0
1617,11102097408.0
1618,11088456704.0
1619,11074841600.0
1620,11061248000.0
1621,11047677952.0
1622,11034131456.0
1623,11020606464.0
1624,11007102976.0
1625,10993623040.0
1626,10980161536.0
1627,10966729728.0
1628,10953316352.0
1629,10939922432.0
1630,10926554112.0
1631,10913208320.0
1632,10899883008.0
1633,10886580224.0
1634,10873298944.0
1635,10860039168.0
1636,10846802944.0
1637,10833587200.0
1638,10820393984.0
1639,10807222272.0
1640,10794071040.0
1641,10780941312.0
1642,10767835136.0
1643,10754747392.0
1644,10741685248.0
1645,10728641536.0
1646,10715620352.0
1647,10702622720.0
1648,10689643520.0
1649,10676685824.0
1650,10663749632.0
1651,10650832896.0
1652,10637938688.0
1653,10625065984.0
1654,10612215808.0
1655,10599384064.0
1656,10586572800.0
1657,10573784064.0
1658,10561015808.0
1659,10548272128.0
1660,10535541760.0
1661,10522838016.0
1662,10510149632.0
1663,10497488896.0
1664,10484842496.0
1665,10472219648.0
1666,10459615232.0
1667,10447033344.0
1668,10434467840.0
1669,10421931008.0
1670,10409404416.0
1671,10396903424.0
1672,10384425984.0
1673,10371963904.0
1674,10359520256.0
1675,10347098112.0
1676,10334697472.0
1677,10322318336.0
1678,10309960704.0
1679,10297618432.0
1680,10285297664.0
1681,10272996352.0
1682,10260715520.0
1683,10248452096.0
1684,10236211200.0
1685,10223991808.0
1686,10211787776.0
1687,10199604224.0
1688,10187440128.0
1689,10175296512.0
1690,10163176448.0
1691,10151069696.0
1692,10138984448.0
1693,10126918656.0
1694,10114871296.0
1695,10102843392.0
1696,10090835968.0
1697,10078845952.0
1698,10066878464.0
1699,10054923264.0
1700,10042994688.0
1701,10031080448.0
1702,10019187712.0
1703,10007311360.0
1704,9995458560.0
1705,9983619072.0
1706,9971801088.0
1707,9960001536.0
1708,9948220416.0
1709,9936456704.0
1710,9924717568.0
1711,9912990720.0
1712,9901285376.0
1713,9889595392.0
1714,9877932032.0
1715,9866279936.0
1716,9854646272.0
1717,9843033088.0
1718,9831438336.0
1719,9819864064.0
1720,9808304128.0
1721,9796763648.0
1722,9785242624.0
1723,9773736960.0
1724,9762252800.0
1725,9750784000.0
1726,9739337728.0
1727,9727901696.0
1728,9716491264.0
1729,9705096192.0
1730,9693716480.0
1731,9682358272.0
1732,9671018496.0
1733,9659689984.0
1734,9648385024.0
1735,9637096448.0
1736,9625826304.0
1737,9614572544.0
1738,9603337216.0
1739,9592116224.0
1740,9580918784.0
1741,9569732608.0
1742,9558567936.0
1743,9547420672.0
1744,9536289792.0
1745,9525176320.0
1746,9514082304.0
1747,9503001600.0
1748,9491938304.0
1749,9480897536.0
1750,9469872128.0
1751,9458859008.0
1752,9447868416.0
1753,9436892160.0
1754,9425932288.0
1755,9414991872.0
1756,9404067840.0
1757,9393160192.0
1758,9382269952.0
1759,9371396096.0
1760,9360537600.0
1761,9349697536.0
1762,9338875904.0
1763,9328070656.0
1764,9317279744.0
1765,9306507264.0
1766,9295750144.0
1767,9285010432.0
1768,9274287104.0
1769,9263583232.0
1770,9252890624.0
1771,9242219520.0
1772,9231558656.0
1773,9220918272.0
1774,9210293248.0
1775,9199686656.0
1776,9189095424.0
1777,9178519552.0
1778,9167961088.0
1779,9157417984.0
1780,9146891264.0
1781,9136379904.0
1782,9125882880.0
1783,9115406336.0
1784,9104944128.0
1785,9094498304.0
1786,9084065792.0
1787,9073652736.0
1788,9063251968.0
1789,9052870656.0
1790,9042503680.0
1791,9032151040.0
1792,9021818880.0
1793,9011500032.0
1794,9001193472.0
1795,8990907392.0
1796,8980634624.0
1797,8970377216.0
1798,8960137216.0
1799,8949912576.0
1800,8939702272.0
1801,8929509376.0
1802,8919328768.0
1803,8909167616.0
1804,8899017728.0
1805,8888885248.0
1806,8878767104.0
1807,8868664320.0
1808,8858580992.0
1809,8848506880.0
1810,8838451200.0
1811,8828409856.0
1812,8818385920.0
1813,8808376320.0
1814,8798379008.0
1815,8788399104.0
1816,8778433536.0
1817,8768484352.0
1818,8758548480.0
1819,8748630016.0
1820,8738723840.0
1821,8728833024.0
1822,8718956544.0
1823,8709096448.0
1824,8699251712.0
1825,8689420288.0
1826,8679602176.0
1827,8669801472.0
1828,8660017152.0
1829,8650243072.0
1830,8640484352.0
1831,8630743040.0
1832,8621014016.0
1833,8611303424.0
1834,8601604096.0
1835,8591918080.0
1836,8582250496.0
1837,8572594176.0
1838,8562952192.0
1839,8553326592.0
1840,8543713280.0
1841,8534114816.0
1842,8524532736.0
1843,8514963968.0
1844,8505405952.0
1845,8495867392.0
1846,8486340608.0
1847,8476828160.0
1848,8467331072.0
1849,8457844224.0
1850,8448374784.0
1851,8438919168.0
1852,8429477376.0
1853,8420048896.0
1854,8410633216.0
1855,8401234944.0
1856,8391850496.0
1857,8382475776.0
1858,8373118464.0
1859,8363774464.0
1860,8354444288.0
1861,8345125888.0
1862,8335824896.0
1863,8326533632.0
1864,8317259264.0
1865,8307996160.0
1866,8298749440.0
1867,8289514496.0
1868,8280291328.0
1869,8271084544.0
1870,8261891072.0
1871,8252711424.0
1872,8243543552.0
1873,8234391552.0
1874,8225251328.0
1875,8216122368.0
1876,8207009792.0
1877,8197911040.0
1878,8188824576.0
1879,8179751936.0
1880,8170692096.0
1881,8161645568.0
1882,8152611840.0
1883,8143591424.0
1884,8134584832.0
1885,8125590528.0
1886,8116611072.0
1887,8107645440.0
1888,8098691584.0
1889,8089746944.0
1890,8080820736.0
1891,8071906304.0
1892,8063004160.0
1893,8054113280.0
1894,8045239296.0
1895,8036377600.0
1896,8027525120.0
1897,8018688512.0
1898,8009864192.0
1899,8001054720.0
1900,7992254976.0
1901,7983470080.0
1902,7974695936.0
1903,7965935616.0
1904,7957189120.0
1905,7948452864.0
1906,7939732992.0
1907,7931023872.0
1908,7922326528.0
1909,7913640960.0
1910,7904971264.0
1911,7896309760.0
1912,7887663104.0
1913,7879028224.0
1914,7870408192.0
1915,7861797376.0
1916,7853199872.0
1917,7844613632.0
1918,7836043264.0
1919,7827484672.0
1920,7818934272.0
1921,7810401792.0
1922,7801876480.0
1923,7793369088.0
1924,7784869376.0
1925,7776382976.0
1926,7767908352.0
1927,7759447040.0
1928,7750998528.0
1929,7742561280.0
1930,7734135296.0
1931,7725721088.0
1932,7717319168.0
1933,7708930560.0
1934,7700551168.0
1935,7692186624.0
1936,7683833856.0
1937,7675492864.0
1938,7667163136.0
1939,7658846208.0
1940,7650539520.0
1941,7642246656.0
1942,7633963520.0
1943,7625695744.0
1944,7617437184.0
1945,7609188864.0
1946,7600954880.0
1947,7592730624.0
1948,7584520192.0
1949,7576321024.0
1950,7568131584.0
1951,7559954944.0
1952,7551790080.0
1953,7543638016.0
1954,7535496192.0
1955,7527367168.0
1956,7519248896.0
1957,7511141888.0
1958,7503045632.0
1959,7494962688.0
1960,7486887936.0
1961,7478825984.0
1962,7470780928.0
1963,7462738944.0
1964,7454712832.0
1965,7446697472.0
1966,7438692352.0
1967,7430700032.0
1968,7422717440.0
1969,7414745600.0
1970,7406787072.0
1971,7398839296.0
1972,7390904320.0
1973,7382978560.0
1974,7375065088.0
1975,7367160832.0
1976,7359267328.0
1977,7351387136.0
1978,7343516672.0
1979,7335658496.0
1980,7327810048.0
1981,7319972352.0
1982,7312148480.0
1983,7304331264.0
1984,7296527872.0
1985,7288735232.0
1986,7280954368.0
1987,7273182208.0
1988,7265422848.0
1989,7257672704.0
1990,7249934336.0
1991,7242207744.0
1992,7234492416.0
1993,7226784768.0
1994,7219086848.0
1995,7211404288.0
1996,7203730432.0
1997,7196065792.0
1998,7188413440.0
1999,7180773888.0
2000,7173139456.0
2001,7165521408.0
2002,6853325824.0
2003,6557368832.0
2004,6274587648.0
2005,6004188160.0
2006,5745688064.0
2007,5499119616.0
2008,5263776256.0
2009,5039602688.0
2010,4825946112.0
2011,4622408704.0
2012,4428787712.0
2013,4244580608.0
2014,4069455872.0
2015,3903094528.0
2016,3744998400.0
2017,3594802176.0
2018,3452196352.0
2019,3316776960.0
2020,3188203008.0
2021,3066171904.0
2022,2950319360.0
2023,2840305664.0
2024,2735858688.0
2025,2636681216.0
2026,2542477056.0
2027,2452998400.0
2028,2367990016.0
2029,2287187200.0
2030,2210363136.0
2031,2137308672.0
2032,2067807360.0
2033,2001659392.0
2034,1938685952.0
2035,1878705536.0
2036,1821544064.0
2037,1767047040.0
2038,1715069312.0
2039,1665467264.0
2040,1618107904.0
2041,1572869248.0
2042,1529632896.0
2043,1488284928.0
2044,1448722688.0
2045,1410851328.0
2046,1374577024.0
2047,1339812480.0
2048,1306477696.0
2049,1274496768.0
2050,1243795072.0
2051,1214307072.0
2052,1185969024.0
2053,1158722048.0
2054,1132508416.0
2055,1107276288.0
2056,1082976512.0
2057,1059561280.0
2058,1036986368.0
2059,1015211520.0
2060,994197632.0
2061,973907392.0
2062,954306368.0
2063,935362496.0
2064,917044800.0
2065,899324096.0
2066,882172864.0
2067,865566208.0
2068,849478848.0
2069,833888384.0
2070,818772864.0
2071,804112064.0
2072,789885696.0
2073,776076160.0
2074,762665856.0
2075,749638272.0
2076,736978112.0
2077,724669696.0
2078,712699840.0
2079,701054976.0
2080,689722368.0
2081,678690176.0
2082,667946624.0
2083,657481152.0
2084,647283648.0
2085,637343616.0
2086,627652288.0
2087,618200448.0
2088,608979968.0
2089,599982336.0
2090,591199936.0
2091,582625600.0
2092,574251968.0
2093,566072576.0
2094,558081024.0
2095,550270976.0
2096,542636416.0
2097,535172064.0
2098,527872288.0
2099,520732032.0
2100,513746304.0
2101,506910304.0
2102,500219616.0
2103,493669792.0
2104,487256672.0
2105,480975968.0
2106,474824128.0
2107,468797152.0
2108,462891648.0
2109,457104256.0
2110,451431424.0
2111,445869952.0
2112,440416992.0
2113,435069376.0
2114,429824352.0
2115,424679168.0
2116,419631072.0
2117,414677472.0
2118,409815936.0
2119,405044288.0
2120,400359968.0
2121,395760768.0
2122,391244576.0
2123,386809344.0
2124,382452832.0
2125,378173344.0
2126,373968896.0
2127,369837792.0
2128,365778112.0
2129,361787968.0
2130,357866112.0
2131,354010656.0
2132,350220064.0
2133,346492896.0
2134,342827776.0
2135,339222976.0
2136,335677344.0
2137,332189664.0
2138,328758272.0
2139,325382112.0
2140,322060160.0
2141,318790656.0
2142,315573088.0
2143,312406048.0
2144,309288320.0
2145,306219104.0
2146,303197152.0
2147,300221536.0
2148,297291232.0
2149,294405376.0
2150,291562976.0
2151,288763424.0
2152,286005280.0
2153,283288064.0
2154,280610944.0
2155,277972960.0
2156,275373504.0
2157,272811552.0
2158,270286688.0
2159,267797952.0
2160,265344640.0
2161,262926304.0
2162,260541840.0
2163,258190880.0
2164,255872768.0
2165,253586896.0
2166,251332528.0
2167,249109120.0
2168,246916224.0
2169,244753040.0
2170,242619104.0
2171,240514080.0
2172,238437088.0
2173,236387856.0
2174,234365760.0
2175,232370384.0
2176,230401264.0
2177,228457792.0
2178,226539696.0
2179,224646336.0
2180,222777456.0
2181,220932512.0
2182,219111072.0
2183,217312912.0
2184,215537280.0
2185,213784192.0
2186,212052896.0
2187,210343280.0
2188,208654848.0
2189,206987280.0
2190,205340240.0
2191,203713344.0
2192,202106272.0
2193,200518736.0
2194,198950384.0
2195,197400864.0
2196,195869840.0
2197,194357200.0
2198,192862512.0
2199,191385392.0
2200,189925648.0
2201,188483072.0
2202,187057312.0
2203,185648112.0
2204,184255184.0
2205,182878352.0
2206,181517280.0
2207,180171808.0
2208,178841616.0
2209,177526464.0
2210,176226128.0
2211,174940464.0
2212,173669168.0
2213,172412112.0
2214,171168896.0
2215,169939472.0
2216,168723568.0
2217,167521008.0
2218,166331552.0
2219,165155120.0
2220,163991360.0
2221,162840208.0
2222,161701440.0
2223,160574816.0
2224,159460256.0
2225,158357520.0
2226,157266480.0
2227,156186896.0
2228,155118736.0
2229,154061696.0
2230,153015648.0
2231,151980544.0
2232,150956128.0
2233,149942224.0
2234,148938784.0
2235,147945584.0
2236,146962512.0
2237,145989456.0
2238,145026240.0
2239,144072704.0
2240,143128832.0
2241,142194304.0
2242,141269168.0
2243,140353232.0
2244,139446288.0
2245,138548416.0
2246,137659248.0
2247,136778848.0
2248,135907056.0
2249,135043728.0
2250,134188808.0
2251,133342128.0
2252,132503600.0
2253,131673080.0
2254,130850520.0
2255,130035800.0
2256,129228848.0
2257,128429472.0
2258,127637680.0
2259,126853320.0
2260,126076352.0
2261,125306560.0
2262,124543992.0
2263,123788464.0
2264,123039904.0
2265,122298304.0
2266,121563448.0
2267,120835376.0
2268,120113904.0
2269,119399040.0
2270,118690592.0
2271,117988600.0
2272,117292904.0
2273,116603456.0
2274,115920160.0
2275,115243008.0
2276,114571824.0
2277,113906624.0
2278,113247248.0
2279,112593728.0
2280,111945928.0
2281,111303792.0
2282,110667328.0
2283,110036304.0
2284,109410768.0
2285,108790664.0
2286,108175888.0
2287,107566392.0
2288,106962112.0
2289,106362976.0
2290,105769008.0
2291,105180008.0
2292,104596048.0
2293,104016968.0
2294,103442784.0
2295,102873400.0
2296,102308776.0
2297,101748848.0
2298,101193584.0
2299,100642920.0
2300,100096808.0
2301,99555192.0
2302,99018000.0
2303,98485240.0
2304,97956792.0
2305,97432672.0
2306,96912808.0
2307,96397136.0
2308,95885632.0
2309,95378232.0
2310,94874936.0
2311,94375656.0
2312,93880336.0
2313,93389000.0
2314,92901528.0
2315,92417912.0
2316,91938120.0
2317,91462096.0
2318,90989808.0
2319,90521224.0
2320,90056288.0
2321,89594984.0
2322,89137240.0
2323,88683056.0
2324,88232360.0
2325,87785128.0
2326,87341352.0
2327,86900968.0
2328,86463904.0
2329,86030192.0
2330,85599784.0
2331,85172632.0
2332,84748696.0
2333,84327952.0
2334,83910376.0
2335,83495896.0
2336,83084552.0
2337,82676280.0
2338,82271008.0
2339,81868736.0
2340,81469456.0
2341,81073096.0
2342,80679672.0
2343,80289160.0
2344,79901456.0
2345,79516592.0
2346,79134528.0
2347,78755240.0
2348,78378696.0
2349,78004880.0
2350,77633760.0
2351,77265312.0
2352,76899472.0
2353,76536280.0
2354,76175664.0
2355,75817608.0
2356,75462096.0
2357,75109088.0
2358,74758600.0
2359,74410592.0
2360,74064952.0
2361,73721808.0
2362,73381056.0
2363,73042656.0
2364,72706624.0
2365,72372896.0
2366,72041512.0
2367,71712392.0
2368,71385520.0
2369,71060936.0
2370,70738568.0
2371,70418392.0
2372,70100392.0
2373,69784576.0
2374,69470904.0
2375,69159336.0
2376,68849888.0
2377,68542512.0
2378,68237216.0
2379,67933952.0
2380,67632752.0
2381,67333536.0
2382,67036292.0
2383,66741052.0
2384,66447768.0
2385,66156420.0
2386,65866992.0
2387,65579484.0
2388,65293844.0
2389,65010084.0
2390,64728192.0
2391,64448112.0
2392,64169868.0
2393,63893448.0
2394,63618792.0
2395,63345908.0
2396,63074828.0
2397,62805464.0
2398,62537816.0
2399,62271880.0
2400,62007676.0
2401,61745120.0
2402,61484244.0
2403,61225036.0
2404,60967476.0
2405,60711516.0
2406,60457200.0
2407,60204476.0
2408,59953316.0
2409,59703768.0
2410,59455740.0
2411,59209288.0
2412,58964364.0
2413,58720964.0
2414,58479048.0
2415,58238648.0
2416,57999720.0
2417,57762268.0
2418,57526264.0
2419,57291716.0
2420,57058600.0
2421,56826920.0
2422,56596636.0
2423,56367748.0
2424,56140276.0
2425,55914152.0
2426,55689396.0
2427,55466008.0
2428,55243944.0
2429,55023228.0
2430,54803832.0
2431,54585736.0
2432,54368952.0
2433,54153460.0
2434,53939224.0
2435,53726280.0
2436,53514600.0
2437,53304152.0
2438,53094944.0
2439,52886964.0
2440,52680224.0
2441,52474688.0
2442,52270348.0
2443,52067196.0
2444,51865220.0
2445,51664420.0
2446,51464800.0
2447,51266320.0
2448,51068972.0
2449,50872780.0
2450,50677700.0
2451,50483756.0
2452,50290904.0
2453,50099160.0
2454,49908520.0
2455,49718952.0
2456,49530476.0
2457,49343052.0
2458,49156696.0
2459,48971408.0
2460,48787116.0
2461,48603896.0
2462,48421712.0
2463,48240516.0
2464,48060360.0
2465,47881208.0
2466,47703036.0
2467,47525860.0
2468,47349656.0
2469,47174452.0
2470,47000216.0
2471,46826912.0
2472,46654584.0
2473,46483204.0
2474,46312768.0
2475,46143244.0
2476,45974672.0
2477,45806992.0
2478,45640236.0
2479,45474380.0
2480,45309428.0
2481,45145384.0
2482,44982212.0
2483,44819912.0
2484,44658500.0
2485,44497928.0
2486,44338248.0
2487,44179408.0
2488,44021404.0
2489,43864268.0
2490,43707936.0
2491,43552460.0
2492,43397796.0
2493,43243968.0
2494,43090924.0
2495,42938700.0
2496,42787284.0
2497,42636656.0
2498,42486824.0
2499,42337772.0
2500,42189492.0
2501,42042000.0
2502,41895264.0
2503,41749296.0
2504,41604096.0
2505,41459604.0
2506,41315904.0
2507,41172924.0
2508,41030688.0
2509,40889184.0
2510,40748400.0
2511,40608336.0
2512,40468988.0
2513,40330364.0
2514,40192436.0
2515,40055200.0
2516,39918672.0
2517,39782844.0
2518,39647692.0
2519,39513220.0
2520,39379428.0
2521,39246312.0
2522,39113856.0
2523,38982076.0
2524,38850940.0
2525,38720476.0
2526,38590660.0
2527,38461488.0
2528,38332956.0
2529,38205056.0
2530,38077788.0
2531,37951168.0
2532,37825164.0
2533,37699780.0
2534,37574996.0
2535,37450844.0
2536,37327304.0
2537,37204368.0
2538,37082016.0
2539,36960272.0
2540,36839116.0
2541,36718560.0
2542,36598584.0
2543,36479196.0
2544,36360364.0
2545,36242120.0
2546,36124448.0
2547,36007344.0
2548,35890796.0
2549,35774816.0
2550,35659384.0
2551,35544508.0
2552,35430172.0
2553,35316392.0
2554,35203136.0
2555,35090440.0
2556,34978268.0
2557,34866632.0
2558,34755520.0
2559,34644928.0
2560,34534876.0
2561,34425316.0
2562,34316288.0
2563,34207764.0
2564,34099740.0
2565,33992228.0
2566,33885220.0
2567,33778704.0
2568,33672688.0
2569,33567164.0
2570,33462130.0
2571,33357574.0
2572,33253516.0
2573,33149928.0
2574,33046828.0
2575,32944184.0
2576,32842030.0
2577,32740332.0
2578,32639112.0
2579,32538342.0
2580,32438038.0
2581,32338194.0
2582,32238796.0
2583,32139866.0
2584,32041360.0
2585,31943308.0
2586,31845706.0
2587,31748538.0
2588,31651804.0
2589,31555520.0
2590,31459660.0
2591,31364228.0
2592,31269224.0
2593,31174654.0
2594,31080498.0
2595,30986760.0
2596,30893454.0
2597,30800540.0
2598,30708058.0
2599,30615962.0
2600,30524294.0
2601,30433022.0
2602,30342160.0
2603,30251690.0
2604,30161626.0
2605,30071946.0
2606,29982666.0
2607,29893782.0
2608,29805280.0
2609,29717168.0
2610,29629430.0
2611,29542080.0
2612,29455112.0
2613,29368514.0
2614,29282304.0
2615,29196464.0
2616,29110984.0
2617,29025882.0
2618,28941152.0
2619,28856770.0
2620,28772760.0
2621,28689118.0
2622,28605804.0
2623,28522874.0
2624,28440294.0
2625,28358058.0
2626,28276174.0
2627,28194636.0
2628,28113448.0
2629,28032606.0
2630,27952096.0
2631,27871936.0
2632,27792112.0
2633,27712628.0
2634,27633470.0
2635,27554648.0
2636,27476156.0
2637,27397994.0
2638,27320164.0
2639,27242656.0
2640,27165468.0
2641,27088606.0
2642,27012050.0
2643,26935826.0
2644,26859910.0
2645,26784320.0
2646,26709048.0
2647,26634070.0
2648,26559404.0
2649,26485044.0
2650,26410994.0
2651,26337254.0
2652,26263806.0
2653,26190662.0
2654,26117818.0
2655,26045268.0
2656,25973012.0
2657,25901056.0
2658,25829392.0
2659,25758018.0
2660,25686938.0
2661,25616138.0
2662,25545626.0
2663,25475408.0
2664,25405464.0
2665,25335804.0
2666,25266418.0
2667,25197316.0
2668,25128494.0
2669,25059950.0
2670,24991674.0
2671,24923664.0
2672,24855934.0
2673,24788470.0
2674,24721286.0
2675,24654348.0
2676,24587690.0
2677,24521296.0
2678,24455156.0
2679,24389288.0
2680,24323678.0
2681,24258320.0
2682,24193222.0
2683,24128386.0
2684,24063800.0
2685,23999468.0
2686,23935384.0
2687,23871550.0
2688,23807970.0
2689,23744630.0
2690,23681544.0
2691,23618702.0
2692,23556106.0
2693,23493744.0
2694,23431628.0
2695,23369756.0
2696,23308124.0
2697,23246726.0
2698,23185560.0
2699,23124640.0
2700,23063946.0
2701,23003490.0
2702,22943260.0
2703,22883258.0
2704,22823496.0
2705,22763960.0
2706,22704642.0
2707,22645560.0
2708,22586688.0
2709,22528054.0
2710,22469644.0
2711,22411448.0
2712,22353478.0
2713,22295716.0
2714,22238180.0
2715,22180864.0
2716,22123754.0
2717,22066864.0
2718,22010184.0
2719,21953716.0
2720,21897470.0
2721,21841426.0
2722,21785592.0
2723,21729972.0
2724,21674558.0
2725,21619344.0
2726,21564338.0
2727,21509532.0
2728,21454930.0
2729,21400530.0
2730,21346330.0
2731,21292348.0
2732,21238540.0
2733,21184936.0
2734,21131538.0
2735,21078336.0
2736,21025324.0
2737,20972506.0
2738,20919882.0
2739,20867454.0
2740,20815218.0
2741,20763166.0
2742,20711306.0
2743,20659634.0
2744,20608156.0
2745,20556862.0
2746,20505754.0
2747,20454828.0
2748,20404084.0
2749,20353526.0
2750,20303154.0
2751,20252958.0
2752,20202946.0
2753,20153112.0
2754,20103458.0
2755,20053980.0
2756,20004680.0
2757,19955558.0
2758,19906616.0
2759,19857840.0
2760,19809234.0
2761,19760818.0
2762,19712562.0
2763,19664480.0
2764,19616572.0
2765,19568830.0
2766,19521256.0
2767,19473850.0
2768,19426616.0
2769,19379536.0
2770,19332632.0
2771,19285894.0
2772,19239308.0
2773,19192896.0
2774,19146646.0
2775,19100556.0
2776,19054624.0
2777,19008860.0
2778,18963250.0
2779,18917798.0
2780,18872514.0
2781,18827378.0
2782,18782404.0
2783,18737582.0
2784,18692920.0
2785,18648406.0
2786,18604054.0
2787,18559852.0
2788,18515794.0
2789,18471898.0
2790,18428138.0
2791,18384544.0
2792,18341090.0
2793,18297790.0
2794,18254640.0
2795,18211634.0
2796,18168774.0
2797,18126062.0
2798,18083498.0
2799,18041078.0
2800,17998800.0
2801,17956660.0
2802,17914672.0
2803,17872820.0
2804,17831112.0
2805,17789554.0
2806,17748124.0
2807,17706836.0
2808,17665688.0
2809,17624674.0
2810,17583808.0
2811,17543078.0
2812,17502478.0
2813,17462016.0
2814,17421692.0
2815,17381500.0
2816,17341444.0
2817,17301516.0
2818,17261730.0
2819,17222066.0
2820,17182544.0
2821,17143156.0
2822,17103892.0
2823,17064752.0
2824,17025746.0
2825,16986874.0
2826,16948128.0
2827,16909502.0
2828,16871014.0
2829,16832646.0
2830,16794406.0
2831,16756292.0
2832,16718301.0
2833,16680435.0
2834,16642698.0
2835,16605076.0
2836,16567585.0
2837,16530205.0
2838,16492954.0
2839,16455824.0
2840,16418816.0
2841,16381927.0
2842,16345157.0
2843,16308509.0
2844,16271972.0
2845,16235558.0
2846,16199266.0
2847,16163088.0
2848,16127026.0
2849,16091083.0
2850,16055253.0
2851,16019538.0
2852,15983938.0
2853,15948454.0
2854,15913080.0
2855,15877817.0
2856,15842673.0
2857,15807636.0
2858,15772709.0
2859,15737899.0
2860,15703196.0
2861,15668609.0
2862,15634125.0
2863,15599750.0
2864,15565488.0
2865,15531335.0
2866,15497290.0
2867,15463353.0
2868,15429517.0
2869,15395793.0
2870,15362175.0
2871,15328659.0
2872,15295256.0
2873,15261950.0
2874,15228746.0
2875,15195654.0
2876,15162662.0
2877,15129776.0
2878,15096990.0
2879,15064305.0
2880,15031724.0
2881,14999245.0
2882,14966863.0
2883,14934587.0
2884,14902410.0
2885,14870327.0
2886,14838350.0
2887,14806467.0
2888,14774686.0
2889,14742998.0
2890,14711411.0
2891,14679921.0
2892,14648529.0
2893,14617233.0
2894,14586025.0
2895,14554926.0
2896,14523914.0
2897,14492998.0
2898,14462179.0
2899,14431453.0
2900,14400821.0
2901,14370282.0
2902,14339837.0
2903,14309485.0
2904,14279226.0
2905,14249056.0
2906,14218980.0
2907,14188988.0
2908,14159095.0
2909,14129286.0
2910,14099573.0
2911,14069948.0
2912,14040414.0
2913,14010967.0
2914,13981603.0
2915,13952336.0
2916,13923149.0
2917,13894060.0
2918,13865048.0
2919,13836129.0
2920,13807295.0
2921,13778546.0
2922,13749884.0
2923,13721305.0
2924,13692813.0
2925,13664404.0
2926,13636084.0
2927,13607842.0
2928,13579690.0
2929,13551618.0
2930,13523630.0
2931,13495726.0
2932,13467904.0
2933,13440159.0
2934,13412503.0
2935,13384923.0
2936,13357429.0
2937,13330012.0
2938,13302675.0
2939,13275423.0
2940,13248249.0
2941,13221153.0
2942,13194134.0
2943,13167201.0
2944,13140341.0
2945,13113562.0
2946,13086858.0
2947,13060235.0
2948,13033687.0
2949,13007221.0
2950,12980825.0
2951,12954509.0
2952,12928270.0
2953,12902107.0
2954,12876016.0
2955,12850002.0
2956,12824068.0
2957,12798204.0
2958,12772418.0
2959,12746706.0
2960,12721062.0
2961,12695494.0
2962,12670004.0
2963,12644583.0
2964,12619233.0
2965,12593961.0
2966,12568758.0
2967,12543626.0
2968,12518570.0
2969,12493582.0
2970,12468667.0
2971,12443818.0
2972,12419045.0
2973,12394345.0
2974,12369711.0
2975,12345143.0
2976,12320649.0
2977,12296223.0
2978,12271869.0
2979,12247580.0
2980,12223361.0
2981,12199209.0
2982,12175131.0
2983,12151114.0
2984,12127165.0
2985,12103289.0
2986,12079474.0
2987,12055727.0
2988,12032047.0
2989,12008433.0
2990,11984889.0
2991,11961405.0
2992,11937989.0
2993,11914639.0
2994,11891356.0
2995,11868133.0
2996,11844977.0
2997,11821887.0
2998,11798856.0
2999,11775895.0
3000,11752991.0
3001,11730156.0
3002,11707381.0
3003,11684674.0
3004,11662024.0
3005,11639439.0
3006,11616911.0
3007,11594453.0
3008,11572055.0
3009,11549716.0
3010,11527436.0
3011,11505221.0
3012,11483067.0
3013,11460970.0
3014,11438938.0
3015,11416968.0
3016,11395055.0
3017,11373203.0
3018,11351400.0
3019,11329669.0
3020,11307993.0
3021,11286381.0
3022,11264819.0
3023,11243321.0
3024,11221880.0
3025,11200496.0
3026,11179169.0
3027,11157901.0
3028,11136687.0
3029,11115537.0
3030,11094445.0
3031,11073403.0
3032,11052418.0
3033,11031497.0
3034,11010628.0
3035,10989812.0
3036,10969053.0
3037,10948350.0
3038,10927704.0
3039,10907114.0
3040,10886574.0
3041,10866096.0
3042,10845667.0
3043,10825297.0
3044,10804978.0
3045,10784713.0
3046,10764506.0
3047,10744347.0
3048,10724243.0
3049,10704198.0
3050,10684201.0
3051,10664252.0
3052,10644364.0
3053,10624529.0
3054,10604737.0
3055,10585006.0
3056,10565325.0
3057,10545694.0
3058,10526120.0
3059,10506592.0
3060,10487116.0
3061,10467693.0
3062,10448321.0
3063,10428997.0
3064,10409726.0
3065,10390503.0
3066,10371330.0
3067,10352210.0
3068,10333135.0
3069,10314112.0
3070,10295140.0
3071,10276215.0
3072,10257338.0
3073,10238519.0
3074,10219740.0
3075,10201013.0
3076,10182334.0
3077,10163706.0
3078,10145122.0
3079,10126588.0
3080,10108101.0
3081,10089665.0
3082,10071274.0
3083,10052927.0
3084,10034635.0
3085,10016384.0
3086,9998182.0
3087,9980026.0
3088,9961914.0
3089,9943849.0
3090,9925833.0
3091,9907868.0
3092,9889939.0
3093,9872062.0
3094,9854228.0
3095,9836438.0
3096,9818695.0
3097,9800999.0
3098,9783349.0
3099,9765743.0
3100,9748178.0
3101,9730660.0
3102,9713187.0
3103,9695756.0
3104,9678373.0
3105,9661031.0
3106,9643735.0
3107,9626481.0
3108,9609269.0
3109,9592104.0
3110,9574978.0
3111,9557898.0
3112,9540862.0
3113,9523867.0
3114,9506915.0
3115,9490005.0
3116,9473139.0
3117,9456314.0
3118,9439528.0
3119,9422787.0
3120,9406087.0
3121,9389432.0
3122,9372815.0
3123,9356243.0
3124,9339707.0
3125,9323216.0
3126,9306761.0
3127,9290351.0
3128,9273981.0
3129,9257652.0
3130,9241364.0
3131,9225116.0
3132,9208908.0
3133,9192742.0
3134,9176611.0
3135,9160523.0
3136,9144476.0
3137,9128467.0
3138,9112496.0
3139,9096567.0
3140,9080677.0
3141,9064822.0
3142,9049009.0
3143,9033234.0
3144,9017498.0
3145,9001802.0
3146,8986145.0
3147,8970524.0
3148,8954941.0
3149,8939395.0
3150,8923888.0
3151,8908419.0
3152,8892986.0
3153,8877595.0
3154,8862239.0
3155,8846920.0
3156,8831641.0
3157,8816392.0
3158,8801187.0
3159,8786015.0
3160,8770882.0
3161,8755783.0
3162,8740723.0
3163,8725697.0
3164,8710709.0
3165,8695756.0
3166,8680840.0
3167,8665960.0
3168,8651113.0
3169,8636303.0
3170,8621531.0
3171,8606794.0
3172,8592092.0
3173,8577423.0
3174,8562793.0
3175,8548194.0
3176,8533630.0
3177,8519103.0
3178,8504608.0
3179,8490149.0
3180,8475725.0
3181,8461336.0
3182,8446983.0
3183,8432659.0
3184,8418371.0
3185,8404114.0
3186,8389897.0
3187,8375710.0
3188,8361559.0
3189,8347441.0
3190,8333353.5
3191,8319300.0
3192,8305282.0
3193,8291294.0
3194,8277340.0
3195,8263423.0
3196,8249534.5
3197,8235678.5
3198,8221855.5
3199,8208067.5
3200,8194310.0
3201,8180583.0
3202,8166893.0
3203,8153228.5
3204,8139600.5
3205,8125999.5
3206,8112435.0
3207,8098901.0
3208,8085400.5
3209,8071928.0
3210,8058489.0
3211,8045079.0
3212,8031702.5
3213,8018354.0
3214,8005042.0
3215,7991758.0
3216,7978502.0
3217,7965280.5
3218,7952090.0
3219,7938928.5
3220,7925798.0
3221,7912694.0
3222,7899626.5
3223,7886585.0
3224,7873574.0
3225,7860592.5
3226,7847642.0
3227,7834721.5
3228,7821830.0
3229,7808966.5
3230,7796135.0
3231,7783331.0
3232,7770557.5
3233,7757815.0
3234,7745097.5
3235,7732414.0
3236,7719755.5
3237,7707126.0
3238,7694527.0
3239,7681958.5
3240,7669415.5
3241,7656898.5
3242,7644416.0
3243,7631958.5
3244,7619529.5
3245,7607131.0
3246,7594757.0
3247,7582416.0
3248,7570098.5
3249,7557810.5
3250,7545552.0
3251,7533318.0
3252,7521112.5
3253,7508932.0
3254,7496785.5
3255,7484662.5
3256,7472562.0
3257,7460497.0
3258,7448456.0
3259,7436441.5
3260,7424453.5
3261,7412492.5
3262,7400559.0
3263,7388653.0
3264,7376773.0
3265,7364920.5
3266,7353090.0
3267,7341291.5
3268,7329518.5
3269,7317769.5
3270,7306047.5
3271,7294349.5
3272,7282678.0
3273,7271036.0
3274,7259417.5
3275,7247824.0
3276,7236259.0
3277,7224716.5
3278,7213202.5
3279,7201712.5
3280,7190247.0
3281,7178808.0
3282,7167395.0
3283,7156006.0
3284,7144643.5
3285,7133305.0
3286,7121990.0
3287,7110702.5
3288,7099435.0
3289,7088196.5
3290,7076984.0
3291,7065794.5
3292,7054628.0
3293,7043487.5
3294,7032371.0
3295,7021278.5
3296,7010212.0
3297,6999169.0
3298,6988149.0
3299,6977152.0
3300,6966181.5
3301,6955234.5
3302,6944311.5
3303,6933412.0
3304,6922536.5
3305,6911683.0
3306,6900855.5
3307,6890048.0
3308,6879266.0
3309,6868509.5
3310,6857773.5
3311,6847061.5
3312,6836372.5
3313,6825707.0
3314,6815062.0
3315,6804445.0
3316,6793847.5
3317,6783274.5
3318,6772724.0
3319,6762194.0
3320,6751684.5
3321,6741205.0
3322,6730742.5
3323,6720305.0
3324,6709888.5
3325,6699497.0
3326,6689123.0
3327,6678775.5
3328,6668447.5
3329,6658143.5
3330,6647860.5
3331,6637599.5
3332,6627362.0
3333,6617143.5
3334,6606948.5
3335,6596774.0
3336,6586622.0
3337,6576493.0
3338,6566384.5
3339,6556296.5
3340,6546231.5
3341,6536186.0
3342,6526162.0
3343,6516158.5
3344,6506177.0
3345,6496218.5
3346,6486280.5
3347,6476363.0
3348,6466465.0
3349,6456591.5
3350,6446733.5
3351,6436900.0
3352,6427086.5
3353,6417294.5
3354,6407521.5
3355,6397769.5
3356,6388036.0
3357,6378324.0
3358,6368637.0
3359,6358966.5
3360,6349315.0
3361,6339685.5
3362,6330075.5
3363,6320485.0
3364,6310915.5
3365,6301367.5
3366,6291838.0
3367,6282326.5
3368,6272836.0
3369,6263367.0
3370,6253913.0
3371,6244484.0
3372,6235073.0
3373,6225681.5
3374,6216307.5
3375,6206955.5
3376,6197622.0
3377,6188308.0
3378,6179011.5
3379,6169736.0
3380,6160479.0
3381,6151243.0
3382,6142023.5
3383,6132825.0
3384,6123645.0
3385,6114483.0
3386,6105339.0
3387,6096217.0
3388,6087110.5
3389,6078024.0
3390,6068956.5
3391,6059908.5
3392,6050877.0
3393,6041863.5
3394,6032871.5
3395,6023895.5
3396,6014939.0
3397,6005999.5
3398,5997078.5
3399,5988177.0
3400,5979295.5
3401,5970427.0
3402,5961579.0
3403,5952749.5
3404,5943938.0
3405,5935145.0
3406,5926367.0
3407,5917610.0
3408,5908871.0
3409,5900148.0
3410,5891442.5
3411,5882755.0
3412,5874083.0
3413,5865431.5
3414,5856797.5
3415,5848182.5
3416,5839581.0
3417,5830997.0
3418,5822434.0
3419,5813886.5
3420,5805354.5
3421,5796841.5
3422,5788344.0
3423,5779865.5
3424,5771403.5
3425,5762956.5
3426,5754527.0
3427,5746115.5
3428,5737720.0
3429,5729345.0
3430,5720983.5
3431,5712640.0
3432,5704313.0
3433,5696001.0
3434,5687705.5
3435,5679427.5
3436,5671166.0
3437,5662921.0
3438,5654694.0
3439,5646482.0
3440,5638284.5
3441,5630105.5
3442,5621942.5
3443,5613795.5
3444,5605663.0
3445,5597548.5
3446,5589451.0
3447,5581367.0
3448,5573300.5
3449,5565252.5
3450,5557218.5
3451,5549198.5
3452,5541193.0
3453,5533207.5
3454,5525234.5
3455,5517278.0
3456,5509341.0
3457,5501414.5
3458,5493505.5
3459,5485612.0
3460,5477734.0
3461,5469869.0
3462,5462023.0
3463,5454189.5
3464,5446376.0
3465,5438574.5
3466,5430790.0
3467,5423017.0
3468,5415263.0
3469,5407524.0
3470,5399795.5
3471,5392088.0
3472,5384392.5
3473,5376711.5
3474,5369047.0
3475,5361396.5
3476,5353762.0
3477,5346141.0
3478,5338537.0
3479,5330946.0
3480,5323370.5
3481,5315809.0
3482,5308263.0
3483,5300730.5
3484,5293211.5
3485,5285710.5
3486,5278221.5
3487,5270748.0
3488,5263290.0
3489,5255843.0
3490,5248411.5
3491,5240998.0
3492,5233594.0
3493,5226206.5
3494,5218831.0
3495,5211473.5
3496,5204128.5
3497,5196797.0
3498,5189478.5
3499,5182175.5
3500,5174886.5
3501,5167610.0
3502,5160349.0
3503,5153101.0
3504,5145868.5
3505,5138647.5
3506,5131441.0
3507,5124249.5
3508,5117071.5
3509,5109904.5
3510,5102752.5
3511,5095617.5
3512,5088493.0
3513,5081382.5
3514,5074287.0
3515,5067203.5
3516,5060133.0
3517,5053076.5
3518,5046033.5
3519,5039003.5
3520,5031985.5
3521,5024985.0
3522,5017993.0
3523,5011016.5
3524,5004053.5
3525,4997103.5
3526,4990165.0
3527,4983241.0
3528,4976329.5
3529,4969433.0
3530,4962547.5
3531,4955675.5
3532,4948816.5
3533,4941970.5
3534,4935137.5
3535,4928317.0
3536,4921506.5
3537,4914711.5
3538,4907929.0
3539,4901160.0
3540,4894402.5
3541,4887659.5
3542,4880926.5
3543,4874208.5
3544,4867500.5
3545,4860805.0
3546,4854124.5
3547,4847456.5
3548,4840801.5
3549,4834155.0
3550,4827522.5
3551,4820903.0
3552,4814295.0
3553,4807699.5
3554,4801117.5
3555,4794545.5
3556,4787989.5
3557,4781443.5
3558,4774908.0
3559,4768386.0
3560,4761875.5
3561,4755377.0
3562,4748890.0
3563,4742416.5
3564,4735955.0
3565,4729506.0
3566,4723069.5
3567,4716642.0
3568,4710226.5
3569,4703825.0
3570,4697435.0
3571,4691055.5
3572,4684688.5
3573,4678333.0
3574,4671991.5
3575,4665657.5
3576,4659335.5
3577,4653028.5
3578,4646732.0
3579,4640445.5
3580,4634170.5
3581,4627907.0
3582,4621657.0
3583,4615417.5
3584,4609189.0
3585,4602972.0
3586,4596765.5
3587,4590571.0
3588,4584388.5
3589,4578213.5
3590,4572053.5
3591,4565904.5
3592,4559765.5
3593,4553639.0
3594,4547521.5
3595,4541416.5
3596,4535322.5
3597,4529239.0
3598,4523170.0
3599,4517106.5
3600,4511059.5
3601,4505019.0
3602,4498991.0
3603,4492974.0
3604,4486967.5
3605,4480972.5
3606,4474987.5
3607,4469013.5
3608,4463048.5
3609,4457096.0
3610,4451154.0
3611,4445225.0
3612,4439304.0
3613,4433393.5
3614,4427494.5
3615,4421607.5
3616,4415729.0
3617,4409861.5
3618,4404004.0
3619,4398159.0
3620,4392321.0
3621,4386497.5
3622,4380682.0
3623,4374876.0
3624,4369082.5
3625,4363298.5
3626,4357525.5
3627,4351761.0
3628,4346008.5
3629,4340265.5
3630,4334532.5
3631,4328810.5
3632,4323098.0
3633,4317394.5
3634,4311702.5
3635,4306020.5
3636,4300348.5
3637,4294687.5
3638,4289035.5
3639,4283393.0
3640,4277761.5
3641,4272141.5
3642,4266528.5
3643,4260927.5
3644,4255336.0
3645,4249753.0
3646,4244180.5
3647,4238618.0
3648,4233066.0
3649,4227523.0
3650,4221990.5
3651,4216465.5
3652,4210951.5
3653,4205449.0
3654,4199955.0
3655,4194469.5
3656,4188994.5
3657,4183529.0
3658,4178072.5
3659,4172626.25
3660,4167189.0
3661,4161763.75
3662,4156346.5
3663,4150937.5
3664,4145539.5
3665,4140149.5
3666,4134769.25
3667,4129399.25
3668,4124038.75
3669,4118687.25
3670,4113344.0
3671,4108010.0
3672,4102685.5
3673,4097371.25
3674,4092067.25
3675,4086770.25
3676,4081483.0
3677,4076205.0
3678,4070937.25
3679,4065677.0
3680,4060425.75
3681,4055186.0
3682,4049953.25
3683,4044727.75
3684,4039514.0
3685,4034309.0
3686,4029114.25
3687,4023927.25
3688,4018747.75
3689,4013579.25
3690,4008419.0
3691,4003266.5
3692,3998124.5
3693,3992991.0
3694,3987866.0
3695,3982749.75
3696,3977642.5
3697,3972543.0
3698,3967453.75
3699,3962372.75
3700,3957300.75
3701,3952237.0
3702,3947181.0
3703,3942134.0
3704,3937097.75
3705,3932068.0
3706,3927047.25
3707,3922033.75
3708,3917032.0
3709,3912037.5
3710,3907050.25
3711,3902071.75
3712,3897104.75
3713,3892141.75
3714,3887189.5
3715,3882247.0
3716,3877310.5
3717,3872382.5
3718,3867464.25
3719,3862553.75
3720,3857651.25
3721,3852757.0
3722,3847871.5
3723,3842994.75
3724,3838125.0
3725,3833264.5
3726,3828412.75
3727,3823569.0
3728,3818732.75
3729,3813903.0
3730,3809084.25
3731,3804272.25
3732,3799469.5
3733,3794673.0
3734,3789885.0
3735,3785106.75
3736,3780335.5
3737,3775573.0
3738,3770815.5
3739,3766069.75
3740,3761329.75
3741,3756597.75
3742,3751874.75
3743,3747159.5
3744,3742452.25
3745,3737751.75
3746,3733059.5
3747,3728376.5
3748,3723701.0
3749,3719032.0
3750,3714372.0
3751,3709720.0
3752,3705074.0
3753,3700436.0
3754,3695808.5
3755,3691185.75
3756,3686570.75
3757,3681964.75
3758,3677366.5
3759,3672775.5
3760,3668193.25
3761,3663616.5
3762,3659047.0
3763,3654487.0
3764,3649933.75
3765,3645387.75
3766,3640850.0
3767,3636321.5
3768,3631799.25
3769,3627282.5
3770,3622773.75
3771,3618273.25
3772,3613780.5
3773,3609296.5
3774,3604816.75
3775,3600346.25
3776,3595883.0
3777,3591427.25
3778,3586977.5
3779,3582537.0
3780,3578102.25
3781,3573676.25
3782,3569256.0
3783,3564844.75
3784,3560438.25
3785,3556041.0
3786,3551650.75
3787,3547267.0
3788,3542892.0
3789,3538521.5
3790,3534159.75
3791,3529805.5
3792,3525458.25
3793,3521117.75
3794,3516784.75
3795,3512457.25
3796,3508137.5
3797,3503827.0
3798,3499522.5
3799,3495223.75
3800,3490932.25
3801,3486648.25
3802,3482371.25
3803,3478101.0
3804,3473837.0
3805,3469580.75
3806,3465332.0
3807,3461089.25
3808,3456853.75
3809,3452625.25
3810,3448403.75
3811,3444188.5
3812,3439980.75
3813,3435779.0
3814,3431584.5
3815,3427397.0
3816,3423214.5
3817,3419040.75
3818,3414874.25
3819,3410713.75
3820,3406559.0
3821,3402412.0
3822,3398272.5
3823,3394138.0
3824,3390009.75
3825,3385890.0
3826,3381776.25
3827,3377668.75
3828,3373567.75
3829,3369474.0
3830,3365386.75
3831,3361305.0
3832,3357231.75
3833,3353162.5
3834,3349101.25
3835,3345046.5
3836,3340998.75
3837,3336958.0
3838,3332920.75
3839,3328891.75
3840,3324869.0
3841,3320853.5
3842,3316843.75
3843,3312841.25
3844,3308844.0
3845,3304853.0
3846,3300868.5
3847,3296891.0
3848,3292919.75
3849,3288955.0
3850,3284996.0
3851,3281043.5
3852,3277097.0
3853,3273158.25
3854,3269223.25
3855,3265296.5
3856,3261374.5
3857,3257459.25
3858,3253550.75
3859,3249648.75
3860,3245751.75
3861,3241861.75
3862,3237976.5
3863,3234100.25
3864,3230228.75
3865,3226361.75
3866,3222501.75
3867,3218649.0
3868,3214801.75
3869,3210961.0
3870,3207125.0
3871,3203295.25
3872,3199473.75
3873,3195657.25
3874,3191844.75
3875,3188040.25
3876,3184241.0
3877,3180447.75
3878,3176660.0
3879,3172878.5
3880,3169103.25
3881,3165333.5
3882,3161570.25
3883,3157811.5
3884,3154061.0
3885,3150315.0
3886,3146574.75
3887,3142840.25
3888,3139113.0
3889,3135390.75
3890,3131673.0
3891,3127962.25
3892,3124257.0
3893,3120558.25
3894,3116865.0
3895,3113176.5
3896,3109494.25
3897,3105818.5
3898,3102148.0
3899,3098482.25
3900,3094824.0
3901,3091169.75
3902,3087522.5
3903,3083879.5
3904,3080243.25
3905,3076613.0
3906,3072987.75
3907,3069367.75
3908,3065753.0
3909,3062146.25
3910,3058542.75
3911,3054946.0
3912,3051353.5
3913,3047767.25
3914,3044187.75
3915,3040612.0
3916,3037042.75
3917,3033479.25
3918,3029920.25
3919,3026366.75
3920,3022819.5
3921,3019278.25
3922,3015741.0
3923,3012210.75
3924,3008683.0
3925,3005162.5
3926,3001650.0
3927,2998139.5
3928,2994635.5
3929,2991136.75
3930,2987643.5
3931,2984154.5
3932,2980672.0
3933,2977194.0
3934,2973722.5
3935,2970256.75
3936,2966794.0
3937,2963338.25
3938,2959888.5
3939,2956441.75
3940,2953001.0
3941,2949567.0
3942,2946136.5
3943,2942711.75
3944,2939293.75
3945,2935879.75
3946,2932470.0
3947,2929066.0
3948,2925667.75
3949,2922275.0
3950,2918887.0
3951,2915502.25
3952,2912124.75
3953,2908752.25
3954,2905385.25
3955,2902022.25
3956,2898664.75
3957,2895311.75
3958,2891965.5
3959,2888622.25
3960,2885286.5
3961,2881953.25
3962,2878626.25
3963,2875304.0
3964,2871986.5
3965,2868675.25
3966,2865367.75
3967,2862064.5
3968,2858767.75
3969,2855476.25
3970,2852189.25
3971,2848907.25
3972,2845630.0
3973,2842357.5
3974,2839089.75
3975,2835827.75
3976,2832570.25
3977,2829317.0
3978,2826069.0
3979,2822827.25
3980,2819588.5
3981,2816356.0
3982,2813127.5
3983,2809903.25
3984,2806683.75
3985,2803470.25
3986,2800262.75
3987,2797058.0
3988,2793858.5
3989,2790663.5
3990,2787473.5
3991,2784288.0
3992,2781108.5
3993,2777933.25
3994,2774762.5
3995,2771595.75
3996,2768434.25
3997,2765277.0
3998,2762126.0
3999,2758978.25
4000,2755836.0
4001,2752697.75
4002,2749564.5
4003,2746435.5
4004,2743311.25
4005,2740192.75
4006,2737078.25
4007,2733966.0
4008,2730861.75
4009,2727761.0
4010,2724664.25
4011,2721572.5
4012,2718485.0
4013,2715402.25
4014,2712324.0
4015,2709250.5
4016,2706181.0
4017,2703116.75
4018,2700056.75
4019,2697001.75
4020,2693950.75
4021,2690904.75
4022,2687862.0
4023,2684825.0
4024,2681791.5
4025,2678763.5
4026,2675739.25
4027,2672719.0
4028,2669704.25
4029,2666693.0
4030,2663686.75
4031,2660684.25
4032,2657687.5
4033,2654694.25
4034,2651705.75
4035,2648721.0
4036,2645741.0
4037,2642766.25
4038,2639794.0
4039,2636827.25
4040,2633864.5
4041,2630906.5
4042,2627951.75
4043,2625002.5
4044,2622057.25
4045,2619116.5
4046,2616179.0
4047,2613248.0
4048,2610319.25
4049,2607394.75
4050,2604475.75
4051,2601560.5
4052,2598649.25
4053,2595742.25
4054,2592839.25
4055,2589940.5
4056,2587047.5
4057,2584156.75
4058,2581271.75
4059,2578389.0
4060,2575511.25
4061,2572638.5
4062,2569769.5
4063,2566903.75
4064,2564043.75
4065,2561186.75
4066,2558333.75
4067,2555485.25
4068,2552641.5
4069,2549800.0
4070,2546965.5
4071,2544132.75
4072,2541305.25
4073,2538481.5
4074,2535660.75
4075,2532845.0
4076,2530033.5
4077,2527225.5
4078,2524422.5
4079,2521622.5
4080,2518827.0
4081,2516035.0
4082,2513248.75
4083,2510464.25
4084,2507684.25
4085,2504909.5
4086,2502138.25
4087,2499370.5
4088,2496606.75
4089,2493847.5
4090,2491091.0
4091,2488340.0
4092,2485592.5
4093,2482848.0
4094,2480108.0
4095,2477371.5
4096,2474639.5
4097,2471912.0
4098,2469187.25
4099,2466465.75
4100,2463750.0
4101,2461037.0
4102,2458328.5
4103,2455623.0
4104,2452922.0
4105,2450224.75
4106,2447531.0
4107,2444841.5
4108,2442155.75
4109,2439473.25
4110,2436795.25
4111,2434121.75
4112,2431450.0
4113,2428784.25
4114,2426120.75
4115,2423461.0
4116,2420805.75
4117,2418154.0
4118,2415506.75
4119,2412862.75
4120,2410222.0
4121,2407584.75
4122,2404952.0
4123,2402322.5
4124,2399697.5
4125,2397075.75
4126,2394457.25
4127,2391842.75
4128,2389231.5
4129,2386624.75
4130,2384021.5
4131,2381421.75
4132,2378826.0
4133,2376234.0
4134,2373645.25
4135,2371059.75
4136,2368478.75
4137,2365899.75
4138,2363326.0
4139,2360755.5
4140,2358187.25
4141,2355624.25
4142,2353065.0
4143,2350508.0
4144,2347955.25
4145,2345407.25
4146,2342861.25
4147,2340319.0
4148,2337781.25
4149,2335246.25
4150,2332715.0
4151,2330187.0
4152,2327662.75
4153,2325142.25
4154,2322624.5
4155,2320111.0
4156,2317601.25
4157,2315094.5
4158,2312591.25
4159,2310091.25
4160,2307595.75
4161,2305103.0
4162,2302613.5
4163,2300128.0
4164,2297645.0
4165,2295166.5
4166,2292690.5
4167,2290218.75
4168,2287750.25
4169,2285284.75
4170,2282823.5
4171,2280365.0
4172,2277909.75
4173,2275458.0
4174,2273009.75
4175,2270566.0
4176,2268124.25
4177,2265686.75
4178,2263251.5
4179,2260819.75
4180,2258392.5
4181,2255967.75
4182,2253546.5
4183,2251129.0
4184,2248714.75
4185,2246303.5
4186,2243895.75
4187,2241491.0
4188,2239089.5
4189,2236691.0
4190,2234296.25
4191,2231905.25
4192,2229517.75
4193,2227133.0
4194,2224752.25
4195,2222373.5
4196,2219997.75
4197,2217626.0
4198,2215258.0
4199,2212892.75
4200,2210531.0
4201,2208171.5
4202,2205815.75
4203,2203464.25
4204,2201115.25
4205,2198768.5
4206,2196426.25
4207,2194086.75
4208,2191751.25
4209,2189418.0
4210,2187087.25
4211,2184760.25
4212,2182437.0
4213,2180117.0
4214,2177799.75
4215,2175486.25
4216,2173175.25
4217,2170867.5
4218,2168563.75
4219,2166261.75
4220,2163964.0
4221,2161668.5
4222,2159376.25
4223,2157087.75
4224,2154801.75
4225,2152518.75
4226,2150239.25
4227,2147962.25
4228,2145688.5
4229,2143418.25
4230,2141150.75
4231,2138887.0
4232,2136626.0
4233,2134367.75
4234,2132112.5
4235,2129860.5
4236,2127612.0
4237,2125366.0
4238,2123122.75
4239,2120882.75
4240,2118646.5
4241,2116412.0
4242,2114181.5
4243,2111954.25
4244,2109729.25
4245,2107506.5
4246,2105288.75
4247,2103072.25
4248,2100859.5
4249,2098649.75
4250,2096442.875
4251,2094239.0
4252,2092038.25
4253,2089840.375
4254,2087645.5
4255,2085453.625
4256,2083264.75
4257,2081078.125
4258,2078894.875
4259,2076714.0
4260,2074536.25
4261,2072361.75
4262,2070190.25
4263,2068021.875
4264,2065856.0
4265,2063693.0
4266,2061533.125
4267,2059376.125
4268,2057222.125
4269,2055070.625
4270,2052922.625
4271,2050776.5
4272,2048633.625
4273,2046494.125
4274,2044357.625
4275,2042223.25
4276,2040090.875
4277,2037962.625
4278,2035837.125
4279,2033714.75
4280,2031594.625
4281,2029477.125
4282,2027362.875
4283,2025251.375
4284,2023142.875
4285,2021036.5
4286,2018933.625
4287,2016832.25
4288,2014735.375
4289,2012640.75
4290,2010548.625
4291,2008459.625
4292,2006372.375
4293,2004288.875
4294,2002208.25
4295,2000130.0
4296,1998053.875
4297,1995981.625
4298,1993912.125
4299,1991844.625
4300,1989780.0
4301,1987718.125
4302,1985658.625
4303,1983603.125
4304,1981548.75
4305,1979498.25
4306,1977450.0
4307,1975404.75
4308,1973361.25
4309,1971321.375
4310,1969283.75
4311,1967248.125
4312,1965216.75
4313,1963187.375
4314,1961160.25
4315,1959136.625
4316,1957114.625
4317,1955096.5
4318,1953080.125
4319,1951066.125
4320,1949055.5
4321,1947047.375
4322,1945041.75
4323,1943038.75
4324,1941038.375
4325,1939039.75
4326,1937045.5
4327,1935052.375
4328,1933062.75
4329,1931075.125
4330,1929091.125
4331,1927108.625
4332,1925128.875
4333,1923152.25
4334,1921177.375
4335,1919205.75
4336,1917236.125
4337,1915270.0
4338,1913305.875
4339,1911344.5
4340,1909385.125
4341,1907428.5
4342,1905475.25
4343,1903523.25
4344,1901575.125
4345,1899628.5
4346,1897685.0
4347,1895743.0
4348,1893804.5
4349,1891868.25
4350,1889935.125
4351,1888003.5
4352,1886074.75
4353,1884147.75
4354,1882224.625
4355,1880303.625
4356,1878384.75
4357,1876468.5
4358,1874554.5
4359,1872644.0
4360,1870734.625
4361,1868828.25
4362,1866924.25
4363,1865022.625
4364,1863124.125
4365,1861227.625
4366,1859333.375
4367,1857441.0
4368,1855552.75
4369,1853665.0
4370,1851781.375
4371,1849899.25
4372,1848019.625
4373,1846142.875
4374,1844268.125
4375,1842395.625
4376,1840526.375
4377,1838658.5
4378,1836793.375
4379,1834930.75
4380,1833070.375
4381,1831212.75
4382,1829357.25
4383,1827504.0
4384,1825652.875
4385,1823805.0
4386,1821958.625
4387,1820115.5
4388,1818273.5
4389,1816434.25
4390,1814597.875
4391,1812763.875
4392,1810931.75
4393,1809102.0
4394,1807275.625
4395,1805450.75
4396,1803628.25
4397,1801807.75
4398,1799989.875
4399,1798174.25
4400,1796361.25
4401,1794550.0
4402,1792741.625
4403,1790935.5
4404,1789131.0
4405,1787329.5
4406,1785529.375
4407,1783732.5
4408,1781937.5
4409,1780144.875
4410,1778354.375
4411,1776566.5
4412,1774780.625
4413,1772997.125
4414,1771216.125
4415,1769437.125
4416,1767660.375
4417,1765885.75
4418,1764113.125
4419,1762343.375
4420,1760575.5
4421,1758810.625
4422,1757046.75
4423,1755285.5
4424,1753527.125
4425,1751770.125
4426,1750015.5
4427,1748263.25
4428,1746513.125
4429,1744765.75
4430,1743020.25
4431,1741276.625
4432,1739535.625
4433,1737796.875
4434,1736060.0
4435,1734325.0
4436,1732592.75
4437,1730862.625
4438,1729134.5
4439,1727408.375
4440,1725684.625
4441,1723963.25
4442,1722243.625
4443,1720526.5
4444,1718811.75
4445,1717098.5
4446,1715387.625
4447,1713678.875
4448,1711973.125
4449,1710268.0
4450,1708566.0
4451,1706865.875
4452,1705168.125
4453,1703472.5
4454,1701778.75
4455,1700087.0
4456,1698397.25
4457,1696710.25
4458,1695024.5
4459,1693341.5
4460,1691660.25
4461,1689981.5
4462,1688305.125
4463,1686630.0
4464,1684956.75
4465,1683286.5
4466,1681617.875
4467,1679951.375
4468,1678287.375
4469,1676625.25
4470,1674965.125
4471,1673307.25
4472,1671650.125
4473,1669996.125
4474,1668344.625
4475,1666693.875
4476,1665046.625
4477,1663401.0
4478,1661756.625
4479,1660114.875
4480,1658475.5
4481,1656838.25
4482,1655202.25
4483,1653568.5
4484,1651937.125
4485,1650307.375
4486,1648679.625
4487,1647054.125
4488,1645431.25
4489,1643809.25
4490,1642190.125
4491,1640572.625
4492,1638957.25
4493,1637343.625
4494,1635731.5
4495,1634122.0
4496,1632514.25
4497,1630908.5
4498,1629305.0
4499,1627703.75
4500,1626103.875
4501,1624506.25
4502,1622911.0
4503,1621316.625
4504,1619725.0
4505,1618135.25
4506,1616547.375
4507,1614961.375
4508,1613377.5
4509,1611795.375
4510,1610215.0
4511,1608636.875
4512,1607060.75
4513,1605486.75
4514,1603914.25
4515,1602343.875
4516,1600775.5
4517,1599208.625
4518,1597644.0
4519,1596081.625
4520,1594521.0
4521,1592962.0
4522,1591404.375
4523,1589849.75
4524,1588296.75
4525,1586745.875
4526,1585195.75
4527,1583648.125
4528,1582103.0
4529,1580559.375
4530,1579017.125
4531,1577477.375
4532,1575939.5
4533,1574403.0
4534,1572869.25
4535,1571336.5
4536,1569805.875
4537,1568276.5
4538,1566750.25
4539,1565224.5
4540,1563701.625
4541,1562180.375
4542,1560660.75
4543,1559143.125
4544,1557627.75
4545,1556113.625
4546,1554601.875
4547,1553091.125
4548,1551583.0
4549,1550075.625
4550,1548571.375
4551,1547068.375
4552,1545567.625
4553,1544067.875
4554,1542570.375
4555,1541074.75
4556,1539580.875
4557,1538089.0
4558,1536598.75
4559,1535109.75
4560,1533623.375
4561,1532138.5
4562,1530655.5
4563,1529174.5
4564,1527694.5
4565,1526216.875
4566,1524740.5
4567,1523267.125
4568,1521794.25
4569,1520324.125
4570,1518854.875
4571,1517388.0
4572,1515923.0
4573,1514459.75
4574,1512997.125
4575,1511537.875
4576,1510079.25
4577,1508623.125
4578,1507168.625
4579,1505715.75
4580,1504263.125
4581,1502813.75
4582,1501366.5
4583,1499920.25
4584,1498476.125
4585,1497033.625
4586,1495592.625
4587,1494154.0
4588,1492716.25
4589,1491280.625
4590,1489846.625
4591,1488414.75
4592,1486983.625
4593,1485555.0
4594,1484128.0
4595,1482702.625
4596,1481279.0
4597,1479856.875
4598,1478436.375
4599,1477018.0
4600,1475601.0
4601,1474186.5
4602,1472772.25
4603,1471360.375
4604,1469950.5
4605,1468541.875
4606,1467135.0
4607,1465730.25
4608,1464326.625
4609,1462924.5
4610,1461524.75
4611,1460126.5
4612,1458729.5
4613,1457333.875
4614,1455940.5
4615,1454549.0
4616,1453158.625
4617,1451770.875
4618,1450383.0
4619,1448998.375
4620,1447614.5
4621,1446232.875
4622,1444852.5
4623,1443473.875
4624,1442097.0
4625,1440721.625
4626,1439347.375
4627,1437975.625
4628,1436605.875
4629,1435236.0
4630,1433869.125
4631,1432503.25
4632,1431139.625
4633,1429777.0
4634,1428416.125
4635,1427057.0
4636,1425699.125
4637,1424343.75
4638,1422988.75
4639,1421636.125
4640,1420284.875
4641,1418935.125
4642,1417587.25
4643,1416240.625
4644,1414896.125
4645,1413552.875
4646,1412211.25
4647,1410870.625
4648,1409531.875
4649,1408195.125
4650,1406859.75
4651,1405526.0
4652,1404193.875
4653,1402862.875
4654,1401534.0
4655,1400206.625
4656,1398880.25
4657,1397555.75
4658,1396232.75
4659,1394911.375
4660,1393591.5
4661,1392273.0
4662,1390957.0
4663,1389641.5
4664,1388328.375
4665,1387016.125
4666,1385705.375
4667,1384396.5
4668,1383088.875
4669,1381783.0
4670,1380478.5
4671,1379175.375
4672,1377873.625
4673,1376574.125
4674,1375275.625
4675,1373978.625
4676,1372683.25
4677,1371390.0
4678,1370097.875
4679,1368806.375
4680,1367517.5
4681,1366229.625
4682,1364942.625
4683,1363658.25
4684,1362374.625
4685,1361092.75
4686,1359812.75
4687,1358533.875
4688,1357256.5
4689,1355980.75
4690,1354706.125
4691,1353433.125
4692,1352161.75
4693,1350892.25
4694,1349623.25
4695,1348356.375
4696,1347090.5
4697,1345826.5
4698,1344564.125
4699,1343303.0
4700,1342043.375
4701,1340785.125
4702,1339528.25
4703,1338272.375
4704,1337019.0
4705,1335766.375
4706,1334515.375
4707,1333265.75
4708,1332017.875
4709,1330771.0
4710,1329525.5
4711,1328282.375
4712,1327039.75
4713,1325799.125
4714,1324559.375
4715,1323321.125
4716,1322084.625
4717,1320849.375
4718,1319615.5
4719,1318383.125
4720,1317152.125
4721,1315922.5
4722,1314694.625
4723,1313467.75
4724,1312242.5
4725,1311019.25
4726,1309796.125
4727,1308574.75
4728,1307355.125
4729,1306137.125
4730,1304920.125
4731,1303704.5
4732,1302490.625
4733,1301277.25
4734,1300066.5
4735,1298856.375
4736,1297648.0
4737,1296440.875
4738,1295235.125
4739,1294030.875
4740,1292827.375
4741,1291626.25
4742,1290425.75
4743,1289227.25
4744,1288029.625
4745,1286832.875
4746,1285638.625
4747,1284445.25
4748,1283253.375
4749,1282062.75
4750,1280873.125
4751,1279684.75
4752,1278498.875
4753,1277313.25
4754,1276129.75
4755,1274947.125
4756,1273765.625
4757,1272586.0
4758,1271407.375
4759,1270230.125
4760,1269054.25
4761,1267879.625
4762,1266706.5
4763,1265534.625
4764,1264364.5
4765,1263195.125
4766,1262027.25
4767,1260860.75
4768,1259695.125
4769,1258531.5
4770,1257368.875
4771,1256208.0
4772,1255047.875
4773,1253889.75
4774,1252731.875
4775,1251576.25
4776,1250421.125
4777,1249267.75
4778,1248116.0
4779,1246965.25
4780,1245815.25
4781,1244667.5
4782,1243520.375
4783,1242374.875
4784,1241230.625
4785,1240087.5
4786,1238946.0
4787,1237806.0
4788,1236666.625
4789,1235529.125
4790,1234392.5
4791,1233257.0
4792,1232122.875
4793,1230990.5
4794,1229858.5
4795,1228728.875
4796,1227599.625
4797,1226471.75
4798,1225345.75
4799,1224220.875
4800,1223097.375
4801,1221974.25
4802,1220852.75
4803,1219733.5
4804,1218614.25
4805,1217496.75
4806,1216380.625
4807,1215265.625
4808,1214152.375
4809,1213039.375
4810,1211928.375
4811,1210817.875
4812,1209709.25
4813,1208601.875
4814,1207495.75
4815,1206390.625
4816,1205287.0
4817,1204184.125
4818,1203083.125
4819,1201983.5
4820,1200884.125
4821,1199786.5
4822,1198690.0
4823,1197594.625
4824,1196500.75
4825,1195408.125
4826,1194317.0
4827,1193226.375
4828,1192137.5
4829,1191049.625
4830,1189962.875
4831,1188877.25
4832,1187793.0
4833,1186709.75
4834,1185628.375
4835,1184547.625
4836,1183468.25
4837,1182389.75
4838,1181313.0
4839,1180237.125
4840,1179162.75
4841,1178089.125
4842,1177017.0
4843,1175946.0
4844,1174876.125
4845,1173807.5
4846,1172739.875
4847,1171673.625
4848,1170608.5
4849,1169544.75
4850,1168481.75
4851,1167420.375
4852,1166360.25
4853,1165300.875
4854,1164243.0
4855,1163186.25
4856,1162130.25
4857,1161075.875
4858,1160022.5
4859,1158970.375
4860,1157919.25
4861,1156869.5
4862,1155820.5
4863,1154772.875
4864,1153726.875
4865,1152681.125
4866,1151637.0
4867,1150595.0
4868,1149553.125
4869,1148512.25
4870,1147473.25
4871,1146434.5
4872,1145397.5
4873,1144361.625
4874,1143326.5
4875,1142292.5
4876,1141259.625
4877,1140228.25
4878,1139198.125
4879,1138168.875
4880,1137141.0
4881,1136113.875
4882,1135087.875
4883,1134063.625
4884,1133040.375
4885,1132018.0
4886,1130996.25
4887,1129976.125
4888,1128957.125
4889,1127938.75
4890,1126922.0
4891,1125906.25
4892,1124891.875
4893,1123878.125
4894,1122866.0
4895,1121854.875
4896,1120844.875
4897,1119835.625
4898,1118827.5
4899,1117820.875
4900,1116814.625
4901,1115810.5
4902,1114807.0
4903,1113804.625
4904,1112803.5
4905,1111803.0
4906,1110803.5
4907,1109805.25
4908,1108808.75
4909,1107813.0
4910,1106817.875
4911,1105824.25
4912,1104831.75
4913,1103840.125
4914,1102849.75
4915,1101860.625
4916,1100872.375
4917,1099885.125
4918,1098898.75
4919,1097913.75
4920,1096929.75
4921,1095946.625
4922,1094964.5
4923,1093984.25
4924,1093004.5
4925,1092025.875
4926,1091048.125
4927,1090071.25
4928,1089095.875
4929,1088121.5
4930,1087148.125
4931,1086175.875
4932,1085204.75
4933,1084234.25
4934,1083265.375
4935,1082297.125
4936,1081330.375
4937,1080364.125
4938,1079399.125
4939,1078435.625
4940,1077472.875
4941,1076510.625
4942,1075550.125
4943,1074590.25
4944,1073631.875
4945,1072673.625
4946,1071717.0
4947,1070761.875
4948,1069807.25
4949,1068853.0
4950,1067900.875
4951,1066949.375
4952,1065999.125
4953,1065049.625
4954,1064101.125
4955,1063154.0
4956,1062207.5
4957,1061262.375
4958,1060318.25
4959,1059374.75
4960,1058432.625
4961,1057491.5
4962,1056550.875
4963,1055611.625
4964,1054673.5
4965,1053736.25
4966,1052800.0
4967,1051865.375
4968,1050930.875
4969,1049997.75
4970,1049065.75
4971,1048134.75
4972,1047204.125
4973,1046274.8125
4974,1045347.0625
4975,1044419.4375
4976,1043493.25
4977,1042568.125
4978,1041644.0625
4979,1040720.625
4980,1039798.5
4981,1038877.1875
4982,1037956.9375
4983,1037037.6875
4984,1036119.3125
4985,1035202.375
4986,1034285.875
4987,1033370.625
4988,1032456.0625
4989,1031542.75
4990,1030630.5625
4991,1029719.0625
4992,1028808.5
4993,1027899.125
4994,1026990.5
4995,1026082.6875
4996,1025176.5
4997,1024270.375
4998,1023365.875
4999,1022462.5625
5000,1021559.6875
5001,1020658.0
5002,1019757.1875
5003,1018857.5625
5004,1017958.4375
5005,1017060.5
5006,1016163.875
5007,1015267.375
5008,1014372.625
5009,1013478.25
5010,1012585.0
5011,1011693.1875
5012,1010801.75
5013,1009911.8125
5014,1009022.375
5015,1008133.75
5016,1007246.4375
5017,1006359.9375
5018,1005474.3125
5019,1004589.75
5020,1003706.125
5021,1002823.1875
5022,1001941.625
5023,1001060.6875
5024,1000180.3125
5025,999301.625
5026,998423.25
5027,997546.375
5028,996670.0625
5029,995794.75
5030,994920.4375
5031,994047.1875
5032,993174.5625
5033,992303.375
5034,991432.3125
5035,990562.5625
5036,989693.4375
5037,988825.375
5038,987958.5
5039,987092.4375
5040,986227.3125
5041,985362.875
5042,984499.4375
5043,983637.375
5044,982775.5625
5045,981914.75
5046,981055.375
5047,980196.375
5048,979338.4375
5049,978481.4375
5050,977625.5
5051,976770.1875
5052,975915.8125
5053,975062.3125
5054,974209.9375
5055,973358.0625
5056,972507.375
5057,971657.75
5058,970808.5625
5059,969960.625
5060,969113.625
5061,968267.5625
5062,967422.1875
5063,966577.5
5064,965734.0
5065,964891.1875
5066,964049.375
5067,963208.8125
5068,962368.5
5069,961528.9375
5070,960690.75
5071,959853.5625
5072,959016.6875
5073,958180.875
5074,957346.125
5075,956511.875
5076,955679.25
5077,954846.75
5078,954015.6875
5079,953185.5625
5080,952355.5625
5081,951527.375
5082,950699.125
5083,949872.25
5084,949046.25
5085,948221.0625
5086,947396.4375
5087,946572.9375
5088,945750.0625
5089,944928.1875
5090,944107.625
5091,943287.4375
5092,942467.8125
5093,941649.4375
5094,940832.3125
5095,940015.6875
5096,939199.1875
5097,938384.5
5098,937570.5625
5099,936757.25
5100,935944.5
5101,935133.1875
5102,934322.5625
5103,933512.6875
5104,932703.0
5105,931895.25
5106,931087.6875
5107,930281.1875
5108,929475.375
5109,928670.625
5110,927866.3125
5111,927063.3125
5112,926260.875
5113,925459.4375
5114,924658.75
5115,923858.8125
5116,923059.5625
5117,922261.25
5118,921464.1875
5119,920667.6875
5120,919871.625
5121,919077.0
5122,918282.875
5123,917489.25
5124,916696.875
5125,915905.4375
5126,915114.25
5127,914324.4375
5128,913535.5
5129,912746.9375
5130,911959.4375
5131,911172.375
5132,910386.6875
5133,909601.5
5134,908817.125
5135,908033.4375
5136,907251.0625
5137,906468.9375
5138,905688.0
5139,904907.4375
5140,904128.0
5141,903349.5
5142,902571.125
5143,901794.6875
5144,901018.375
5145,900242.8125
5146,899468.0625
5147,898694.4375
5148,897921.4375
5149,897149.0
5150,896377.25
5151,895606.625
5152,894836.875
5153,894067.5625
5154,893299.0625
5155,892531.5625
5156,891764.875
5157,890998.8125
5158,890233.5625
5159,889469.25
5160,888705.4375
5161,887943.0
5162,887181.125
5163,886419.5625
5164,885659.125
5165,884899.5
5166,884140.5625
5167,883382.625
5168,882624.875
5169,881868.3125
5170,881112.625
5171,880357.25
5172,879603.0
5173,878849.5625
5174,878096.625
5175,877344.75
5176,876593.625
5177,875843.1875
5178,875093.75
5179,874344.8125
5180,873596.3125
5181,872849.0
5182,872102.375
5183,871356.4375
5184,870611.4375
5185,869866.9375
5186,869123.4375
5187,868380.75
5188,867638.5
5189,866897.4375
5190,866156.5625
5191,865416.75
5192,864677.875
5193,863939.4375
5194,863201.9375
5195,862465.0625
5196,861729.25
5197,860993.8125
5198,860259.6875
5199,859525.5625
5200,858792.5
5201,858060.3125
5202,857328.3125
5203,856597.625
5204,855867.625
5205,855138.4375
5206,854409.625
5207,853681.5625
5208,852954.5625
5209,852228.1875
5210,851502.375
5211,850777.5
5212,850053.375
5213,849329.9375
5214,848607.1875
5215,847885.125
5216,847164.125
5217,846443.375
5218,845723.5
5219,845004.5625
5220,844286.1875
5221,843568.4375
5222,842851.8125
5223,842135.5625
5224,841420.0625
5225,840705.1875
5226,839991.25
5227,839277.8125
5228,838565.4375
5229,837853.5625
5230,837142.5
5231,836432.3125
5232,835722.4375
5233,835013.5625
5234,834305.5625
5235,833597.9375
5236,832890.875
5237,832184.875
5238,831479.375
5239,830774.8125
5240,830070.4375
5241,829367.625
5242,828664.9375
5243,827962.875
5244,827261.75
5245,826561.25
5246,825861.3125
5247,825162.375
5248,824464.125
5249,823766.5625
5250,823069.5
5251,822373.125
5252,821677.875
5253,820982.9375
5254,820288.75
5255,819595.1875
5256,818902.25
5257,818210.5625
5258,817519.25
5259,816828.0625
5260,816138.25
5261,815449.0625
5262,814760.375
5263,814072.5625
5264,813385.25
5265,812698.875
5266,812013.0625
5267,811327.875
5268,810643.375
5269,809959.4375
5270,809276.5625
5271,808593.9375
5272,807912.3125
5273,807231.375
5274,806550.5
5275,805871.125
5276,805192.0625
5277,804514.0625
5278,803835.9375
5279,803158.8125
5280,802482.5625
5281,801807.125
5282,801131.875
5283,800457.625
5284,799784.0
5285,799111.0625
5286,798439.0
5287,797767.125
5288,797096.0625
5289,796426.125
5290,795756.1875
5291,795087.5
5292,794419.4375
5293,793751.5625
5294,793084.4375
5295,792418.1875
5296,791752.75
5297,791087.6875
5298,790423.3125
5299,789759.5
5300,789096.5625
5301,788434.375
5302,787772.5625
5303,787111.6875
5304,786451.1875
5305,785791.375
5306,785132.4375
5307,784474.25
5308,783816.5625
5309,783159.4375
5310,782502.9375
5311,781847.3125
5312,781191.875
5313,780537.5625
5314,779883.75
5315,779230.5625
5316,778578.0625
5317,777926.0
5318,777274.75
5319,776623.875
5320,775973.9375
5321,775324.6875
5322,774676.125
5323,774028.0625
5324,773380.625
5325,772734.0625
5326,772088.0
5327,771442.125
5328,770797.5
5329,770153.0625
5330,769509.875
5331,768866.8125
5332,768224.3125
5333,767582.8125
5334,766941.6875
5335,766301.3125
5336,765661.6875
5337,765022.75
5338,764383.875
5339,763745.8125
5340,763108.6875
5341,762471.8125
5342,761836.0625
5343,761200.625
5344,760565.6875
5345,759931.875
5346,759298.3125
5347,758665.375
5348,758033.0625
5349,757401.1875
5350,756770.625
5351,756140.1875
5352,755510.125
5353,754881.375
5354,754252.5
5355,753624.4375
5356,752997.1875
5357,752370.4375
5358,751744.1875
5359,751118.75
5360,750493.875
5361,749869.875
5362,749246.125
5363,748623.0625
5364,748000.6875
5365,747378.8125
5366,746757.5625
5367,746136.875
5368,745517.0625
5369,744897.8125
5370,744279.0625
5371,743660.8125
5372,743043.0625
5373,742426.1875
5374,741809.875
5375,741194.0625
5376,740579.0
5377,739964.4375
5378,739350.375
5379,738737.125
5380,738124.4375
5381,737512.3125
5382,736901.0
5383,736289.8125
5384,735679.625
5385,735069.75
5386,734460.8125
5387,733851.9375
5388,733244.0625
5389,732636.75
5390,732029.5625
5391,731423.5625
5392,730817.8125
5393,730212.75
5394,729608.25
5395,729004.5625
5396,728401.0625
5397,727798.625
5398,727196.4375
5399,726595.0625
5400,725993.8125
5401,725393.6875
5402,724794.0
5403,724194.75
5404,723596.375
5405,722998.3125
5406,722400.625
5407,721804.3125
5408,721207.875
5409,720611.9375
5410,720016.9375
5411,719422.4375
5412,718828.5
5413,718235.0
5414,717642.125
5415,717050.0
5416,716458.0
5417,715867.1875
5418,715276.6875
5419,714686.75
5420,714097.25
5421,713508.5
5422,712920.125
5423,712332.6875
5424,711745.5625
5425,711159.0625
5426,710573.1875
5427,709987.625
5428,709402.75
5429,708818.4375
5430,708234.9375
5431,707651.6875
5432,707069.3125
5433,706487.0625
5434,705905.6875
5435,705324.8125
5436,704744.4375
5437,704164.5625
5438,703585.6875
5439,703006.625
5440,702428.5625
5441,701851.375
5442,701274.4375
5443,700697.9375
5444,700122.125
5445,699546.5625
5446,698972.0625
5447,698397.6875
5448,697824.0625
5449,697250.8125
5450,696678.4375
5451,696106.25
5452,695534.875
5453,694963.9375
5454,694393.5
5455,693823.75
5456,693254.5625
5457,692685.8125
5458,692117.625
5459,691550.0
5460,690982.5
5461,690416.375
5462,689850.375
5463,689284.875
5464,688719.8125
5465,688155.6875
5466,687592.0625
5467,687028.75
5468,686466.1875
5469,685903.8125
5470,685341.9375
5471,684780.9375
5472,684220.1875
5473,683660.3125
5474,683100.875
5475,682541.875
5476,681983.4375
5477,681425.4375
5478,680868.0625
5479,680311.0625
5480,679754.875
5481,679199.0625
5482,678643.625
5483,678089.1875
5484,677535.0
5485,676981.1875
5486,676428.3125
5487,675875.75
5488,675323.5
5489,674772.0625
5490,674221.25
5491,673670.25
5492,673120.625
5493,672571.0
5494,672022.125
5495,671473.6875
5496,670926.0
5497,670378.5
5498,669831.8125
5499,669285.4375
5500,668739.625
5501,668194.25
5502,667649.4375
5503,667105.25
5504,666561.8125
5505,666018.5625
5506,665475.8125
5507,664933.875
5508,664391.9375
5509,663850.9375
5510,663310.4375
5511,662770.3125
5512,662230.8125
5513,661691.5625
5514,661152.9375
5515,660614.9375
5516,660077.4375
5517,659540.375
5518,659003.625
5519,658467.875
5520,657932.3125
5521,657397.3125
5522,656862.5625
5523,656328.6875
5524,655795.3125
5525,655262.375
5526,654730.0
5527,654198.0
5528,653666.4375
5529,653135.625
5530,652605.25
5531,652075.125
5532,651545.875
5533,651016.875
5534,650488.25
5535,649960.4375
5536,649433.1875
5537,648906.125
5538,648379.625
5539,647853.9375
5540,647327.9375
5541,646803.0625
5542,646278.625
5543,645754.625
5544,645231.375
5545,644708.25
5546,644185.75
5547,643663.625
5548,643142.25
5549,642621.1875
5550,642100.6875
5551,641580.75
5552,641061.1875
5553,640542.0625
5554,640023.5625
5555,639505.6875
5556,638987.9375
5557,638470.8125
5558,637954.1875
5559,637438.0625
5560,636922.375
5561,636407.3125
5562,635892.75
5563,635378.5625
5564,634864.8125
5565,634351.625
5566,633838.8125
5567,633326.625
5568,632814.875
5569,632303.5
5570,631792.4375
5571,631282.1875
5572,630772.375
5573,630263.1875
5574,629754.1875
5575,629245.875
5576,628737.6875
5577,628230.375
5578,627723.4375
5579,627216.9375
5580,626710.9375
5581,626205.1875
5582,625700.0625
5583,625195.5
5584,624691.3125
5585,624187.5625
5586,623684.5
5587,623181.9375
5588,622679.3125
5589,622177.8125
5590,621676.375
5591,621175.5625
5592,620675.1875
5593,620175.125
5594,619675.75
5595,619176.9375
5596,618678.4375
5597,618180.625
5598,617682.9375
5599,617185.8125
5600,616689.125
5601,616192.875
5602,615697.25
5603,615202.0625
5604,614707.1875
5605,614212.75
5606,613718.9375
5607,613225.5
5608,612732.625
5609,612240.0625
5610,611748.0625
5611,611256.4375
5612,610765.0625
5613,610274.6875
5614,609784.375
5615,609294.8125
5616,608805.5
5617,608316.5625
5618,607828.375
5619,607340.4375
5620,606852.8125
5621,606366.0625
5622,605879.3125
5623,605393.0625
5624,604907.4375
5625,604422.4375
5626,603937.625
5627,603453.3125
5628,602969.1875
5629,602486.125
5630,602002.9375
5631,601520.6875
5632,601038.5
5633,600556.8125
5634,600075.5625
5635,599594.8125
5636,599114.4375
5637,598634.75
5638,598155.375
5639,597676.5
5640,597197.6875
5641,596719.75
5642,596242.25
5643,595765.1875
5644,595288.5
5645,594812.0625
5646,594336.1875
5647,593861.0
5648,593385.9375
5649,592911.625
5650,592437.375
5651,591963.625
5652,591490.5625
5653,591017.8125
5654,590545.4375
5655,590073.4375
5656,589602.0625
5657,589131.0625
5658,588660.5
5659,588190.0
5660,587720.5
5661,587251.25
5662,586782.25
5663,586313.9375
5664,585846.0
5665,585378.4375
5666,584911.3125
5667,584444.6875
5668,583978.375
5669,583512.5
5670,583047.125
5671,582582.125
5672,582117.5625
5673,581653.3125
5674,581189.75
5675,580726.5
5676,580263.8125
5677,579801.375
5678,579339.25
5679,578877.5625
5680,578416.625
5681,577955.8125
5682,577495.5625
5683,577035.375
5684,576576.125
5685,576116.9375
5686,575658.625
5687,575200.375
5688,574742.5
5689,574285.25
5690,573828.25
5691,573371.75
5692,572915.75
5693,572460.3125
5694,572004.9375
5695,571550.0
5696,571095.5625
5697,570641.625
5698,570187.875
5699,569734.875
5700,569282.125
5701,568829.8125
5702,568377.75
5703,567926.375
5704,567475.125
5705,567024.625
5706,566574.25
5707,566124.5625
5708,565675.0
5709,565225.875
5710,564777.25
5711,564328.9375
5712,563881.4375
5713,563434.0
5714,562987.0625
5715,562540.4375
5716,562094.0625
5717,561648.5
5718,561203.3125
5719,560758.25
5720,560313.875
5721,559869.6875
5722,559425.75
5723,558982.3125
5724,558539.625
5725,558097.1875
5726,557655.0
5727,557213.1875
5728,556771.9375
5729,556330.875
5730,555890.5
5731,555450.4375
5732,555010.8125
5733,554571.5
5734,554132.625
5735,553694.1875
5736,553256.0
5737,552818.1875
5738,552381.25
5739,551944.25
5740,551507.8125
5741,551071.6875
5742,550635.875
5743,550200.4375
5744,549765.75
5745,549331.3125
5746,548897.25
5747,548463.5
5748,548029.875
5749,547597.0625
5750,547164.625
5751,546732.625
5752,546300.5625
5753,545869.3125
5754,545438.3125
5755,545007.625
5756,544577.4375
5757,544147.6875
5758,543718.125
5759,543289.375
5760,542860.625
5761,542432.3125
5762,542004.5
5763,541577.0625
5764,541149.9375
5765,540723.3125
5766,540297.0
5767,539871.1875
5768,539445.5
5769,539020.4375
5770,538595.5625
5771,538171.25
5772,537747.3125
5773,537323.625
5774,536900.5
5775,536477.375
5776,536055.0
5777,535632.875
5778,535211.3125
5779,534790.0625
5780,534368.9375
5781,533948.5
5782,533528.1875
5783,533108.5
5784,532689.125
5785,532270.25
5786,531851.375
5787,531433.0
5788,531015.125
5789,530597.5625
5790,530180.5625
5791,529763.6875
5792,529347.4375
5793,528931.3125
5794,528515.625
5795,528100.3125
5796,527685.5
5797,527271.0
5798,526856.6875
5799,526443.25
5800,526029.625
5801,525616.4375
5802,525203.8125
5803,524791.5
5804,524379.75
5805,523968.3125
5806,523556.90625
5807,523146.125
5808,522735.625
5809,522325.4375
5810,521915.71875
5811,521506.46875
5812,521097.71875
5813,520689.15625
5814,520280.96875
5815,519873.09375
5816,519465.46875
5817,519058.3125
5818,518651.71875
5819,518245.34375
5820,517839.25
5821,517433.4375
5822,517028.0625
5823,516623.09375
5824,516218.5625
5825,515814.5625
5826,515410.5625
5827,515007.15625
5828,514603.90625
5829,514201.125
5830,513798.65625
5831,513396.59375
5832,512995.0
5833,512593.65625
5834,512192.59375
5835,511791.90625
5836,511391.65625
5837,510991.9375
5838,510592.4375
5839,510193.125
5840,509794.4375
5841,509396.0
5842,508997.9375
5843,508599.9375
5844,508202.84375
5845,507805.71875
5846,507408.90625
5847,507012.75
5848,506616.6875
5849,506221.0
5850,505825.59375
5851,505430.84375
5852,505036.375
5853,504642.15625
5854,504248.1875
5855,503854.59375
5856,503461.5
5857,503068.53125
5858,502676.0625
5859,502284.09375
5860,501892.1875
5861,501500.96875
5862,501109.8125
5863,500719.125
5864,500328.71875
5865,499938.78125
5866,499549.0625
5867,499159.90625
5868,498770.875
5869,498382.28125
5870,497993.96875
5871,497605.875
5872,497218.3125
5873,496831.21875
5874,496444.28125
5875,496057.59375
5876,495671.5
5877,495285.5
5878,494899.9375
5879,494514.75
5880,494129.96875
5881,493745.4375
5882,493361.25
5883,492977.5625
5884,492593.90625
5885,492210.875
5886,491827.78125
5887,491445.375
5888,491063.375
5889,490681.5625
5890,490300.09375
5891,489918.875
5892,489538.34375
5893,489157.96875
5894,488777.90625
5895,488398.03125
5896,488018.75
5897,487639.625
5898,487260.75
5899,486882.4375
5900,486504.25
5901,486126.53125
5902,485749.09375
5903,485372.09375
5904,484995.3125
5905,484618.90625
5906,484242.75
5907,483866.96875
5908,483491.75
5909,483116.5
5910,482741.78125
5911,482367.4375
5912,481993.1875
5913,481619.4375
5914,481245.90625
5915,480873.03125
5916,480500.09375
5917,480127.625
5918,479755.6875
5919,479383.78125
5920,479012.40625
5921,478641.34375
5922,478270.5
5923,477900.0625
5924,477529.9375
5925,477160.03125
5926,476790.46875
5927,476421.4375
5928,476052.59375
5929,475684.15625
5930,475315.90625
5931,474947.96875
5932,474580.5
5933,474213.21875
5934,473846.46875
5935,473479.8125
5936,473113.65625
5937,472747.71875
5938,472382.125
5939,472016.53125
5940,471651.78125
5941,471287.0
5942,470922.84375
5943,470558.84375
5944,470195.125
5945,469831.84375
5946,469468.6875
5947,469105.96875
5948,468743.5625
5949,468381.5
5950,468019.65625
5951,467658.34375
5952,467297.34375
5953,466936.34375
5954,466575.75
5955,466215.6875
5956,465855.8125
5957,465496.375
5958,465137.03125
5959,464778.03125
5960,464419.4375
5961,464061.1875
5962,463703.375
5963,463345.5
5964,462988.21875
5965,462631.09375
5966,462274.46875
5967,461918.15625
5968,461561.90625
5969,461206.03125
5970,460850.65625
5971,460495.46875
5972,460140.75
5973,459785.96875
5974,459431.8125
5975,459077.9375
5976,458724.28125
5977,458371.09375
5978,458018.03125
5979,457665.34375
5980,457313.0625
5981,456960.96875
5982,456609.15625
5983,456257.71875
5984,455906.4375
5985,455555.65625
5986,455205.125
5987,454854.9375
5988,454505.15625
5989,454155.53125
5990,453805.90625
5991,453457.03125
5992,453108.34375
5993,452759.8125
5994,452411.90625
5995,452064.0625
5996,451716.59375
5997,451369.34375
5998,451022.4375
5999,450675.84375
6000,450329.5
6001,449983.59375
6002,446331.6875
6003,443017.53125
6004,439233.4375
6005,435872.1875
6006,432424.09375
6007,428902.09375
6008,425532.71875
6009,422213.5
6010,418830.59375
6011,415463.5
6012,412189.09375
6013,408947.15625
6014,405680.6875
6015,402433.3125
6016,399254.84375
6017,396112.96875
6018,392964.21875
6019,389830.4375
6020,386752.125
6021,383714.5
6022,380682.53125
6023,377665.9375
6024,374695.375
6025,371764.90625
6026,368847.8125
6027,365947.0625
6028,363086.1875
6029,360263.28125
6030,357458.71875
6031,354673.09375
6032,351923.40625
6033,349208.3125
6034,346513.71875
6035,343840.3125
6036,341199.8125
6037,338590.75
6038,336003.375
6039,333438.8125
6040,330905.21875
6041,328400.0
6042,325917.0
6043,323457.65625
6044,321026.9375
6045,318622.5625
6046,316240.09375
6047,313882.0625
6048,311550.59375
6049,309243.25
6050,306958.125
6051,304696.78125
6052,302460.3125
6053,300246.53125
6054,298054.71875
6055,295885.875
6056,293740.1875
6057,291616.125
6058,289513.34375
6059,287432.625
6060,285373.625
6061,283335.28125
6062,281317.59375
6063,279320.8125
6064,277344.5
6065,275388.03125
6066,273451.28125
6067,271534.46875
6068,269636.8125
6069,267758.34375
6070,265898.625
6071,264057.8125
6072,262235.28125
6073,260430.9375
6074,258644.671875
6075,256876.171875
6076,255125.125
6077,253391.203125
6078,251674.65625
6079,249974.90625
6080,248291.890625
6081,246625.265625
6082,244974.9375
6083,243340.671875
6084,241722.21875
6085,240119.5
6086,238532.3125
6087,236960.3125
6088,235403.46875
6089,233861.53125
6090,232334.203125
6091,230821.53125
6092,229323.296875
6093,227839.25
6094,226369.125
6095,224912.84375
6096,223470.34375
6097,222041.34375
6098,220625.53125
6099,219223.015625
6100,217833.625
6101,216456.984375
6102,215093.078125
6103,213741.90625
6104,212402.9375
6105,211076.265625
6106,209761.78125
6107,208459.296875
6108,207168.5625
6109,205889.546875
6110,204622.171875
6111,203366.09375
6112,202121.296875
6113,200887.8125
6114,199665.296875
6115,198453.546875
6116,197252.640625
6117,196062.4375
6118,194882.75
6119,193713.328125
6120,192554.40625
6121,191405.53125
6122,190266.734375
6123,189137.828125
6124,188018.71875
6125,186909.359375
6126,185809.5625
6127,184719.328125
6128,183638.4375
6129,182566.75
6130,181504.28125
6131,180450.8125
6132,179406.46875
6133,178370.890625
6134,177344.125
6135,176325.984375
6136,175316.421875
6137,174315.265625
6138,173322.65625
6139,172338.265625
6140,171362.015625
6141,170393.984375
6142,169433.953125
6143,168481.828125
6144,167537.46875
6145,166601.09375
6146,165672.1875
6147,164750.984375
6148,163837.328125
6149,162931.03125
6150,162032.09375
6151,161140.5
6152,160256.0625
6153,159378.796875
6154,158508.5625
6155,157645.28125
6156,156788.859375
6157,155939.296875
6158,155096.578125
6159,154260.4375
6160,153430.9375
6161,152608.09375
6162,151791.609375
6163,150981.59375
6164,150177.921875
6165,149380.546875
6166,148589.34375
6167,147804.3125
6168,147025.40625
6169,146252.515625
6170,145485.53125
6171,144724.453125
6172,143969.3125
6173,143219.875
6174,142476.15625
6175,141738.1875
6176,141005.796875
6177,140278.921875
6178,139557.5625
6179,138841.65625
6180,138131.234375
6181,137426.078125
6182,136726.1875
6183,136031.546875
6184,135342.0625
6185,134657.765625
6186,133978.578125
6187,133304.296875
6188,132635.078125
6189,131970.8125
6190,131311.40625
6191,130656.8671875
6192,130007.1171875
6193,129362.0625
6194,128721.765625
6195,128086.125
6196,127455.0390625
6197,126828.5546875
6198,126206.65625
6199,125589.1328125
6200,124976.125
6201,124367.515625
6202,123763.1796875
6203,123163.203125
6204,122567.4140625
6205,121975.9921875
6206,121388.640625
6207,120805.5234375
6208,120226.40625
6209,119651.484375
6210,119080.6484375
6211,118513.734375
6212,117950.7890625
6213,117391.75
6214,116836.59375
6215,116285.390625
6216,115737.953125
6217,115194.28125
6218,114654.3515625
6219,114118.109375
6220,113585.6875
6221,113056.7890625
6222,112531.5546875
6223,112009.953125
6224,111491.8046875
6225,110977.21875
6226,110466.109375
6227,109958.4921875
6228,109454.28125
6229,108953.421875
6230,108456.0078125
6231,107961.90625
6232,107471.078125
6233,106983.515625
6234,106499.2734375
6235,106018.1875
6236,105540.3203125
6237,105065.6171875
6238,104594.0625
6239,104125.5703125
6240,103660.203125
6241,103197.84375
6242,102738.546875
6243,102282.2265625
6244,101828.9140625
6245,101378.515625
6246,100931.046875
6247,100486.5390625
6248,100044.828125
6249,99606.0
6250,99169.9921875
6251,98736.7890625
6252,98306.4140625
6253,97878.7109375
6254,97453.7734375
6255,97031.6015625
6256,96612.015625
6257,96195.171875
6258,95780.8671875
6259,95369.3046875
6260,94960.2890625
6261,94553.8046875
6262,94149.921875
6263,93748.5390625
6264,93349.6875
6265,92953.3125
6266,92559.4296875
6267,92167.984375
6268,91778.9765625
6269,91392.3984375
6270,91008.1796875
6271,90626.3203125
6272,90246.8671875
6273,89869.6875
6274,89494.8125
6275,89122.2734375
6276,88751.96875
6277,88383.96875
6278,88018.15625
6279,87654.65625
6280,87293.328125
6281,86934.109375
6282,86577.125
6283,86222.2734375
6284,85869.5390625
6285,85518.9609375
6286,85170.4765625
6287,84824.0390625
6288,84479.6953125
6289,84137.421875
6290,83797.15625
6291,83458.90625
6292,83122.6875
6293,82788.3984375
6294,82456.140625
6295,82125.7890625
6296,81797.390625
6297,81470.9375
6298,81146.4140625
6299,80823.75
6300,80503.0078125
6301,80184.0546875
6302,79867.046875
6303,79551.8046875
6304,79238.40625
6305,78926.828125
6306,78617.046875
6307,78309.0546875
6308,78002.8515625
6309,77698.390625
6310,77395.6484375
6311,77094.6171875
6312,76795.328125
6313,76497.7421875
6314,76201.8046875
6315,75907.6328125
6316,75615.0390625
6317,75324.1953125
6318,75034.8828125
6319,74747.2578125
6320,74461.234375
6321,74176.828125
6322,73893.9765625
6323,73612.75
6324,73333.0546875
6325,73054.984375
6326,72778.40625
6327,72503.375
6328,72229.8671875
6329,71957.890625
6330,71687.375
6331,71418.3671875
6332,71150.828125
6333,70884.7578125
6334,70620.15625
6335,70357.0
6336,70095.2890625
6337,69835.0234375
6338,69576.09375
6339,69318.625
6340,69062.5703125
6341,68807.8515625
6342,68554.546875
6343,68302.578125
6344,68051.9765625
6345,67802.765625
6346,67554.8515625
6347,67308.2421875
6348,67062.9609375
6349,66819.0078125
6350,66576.3515625
6351,66334.9765625
6352,66094.890625
6353,65856.0625
6354,65618.515625
6355,65382.19921875
6356,65147.12890625
6357,64913.3359375
6358,64680.7421875
6359,64449.3671875
6360,64219.21875
6361,63990.23828125
6362,63762.48046875
6363,63535.921875
6364,63310.53515625
6365,63086.3203125
6366,62863.21484375
6367,62641.31640625
6368,62420.5859375
6369,62200.953125
6370,61982.4296875
6371,61765.04296875
6372,61548.79296875
6373,61333.65234375
6374,61119.6171875
6375,60906.6484375
6376,60694.76171875
6377,60483.96875
6378,60274.23828125
6379,60065.59375
6380,59857.96484375
6381,59651.390625
6382,59445.87890625
6383,59241.4140625
6384,59037.9609375
6385,58835.5390625
6386,58634.1328125
6387,58433.70703125
6388,58234.3203125
6389,58035.90234375
6390,57838.4765625
6391,57642.015625
6392,57446.57421875
6393,57252.07421875
6394,57058.53125
6395,56865.95703125
6396,56674.328125
6397,56483.65625
6398,56293.88671875
6399,56105.0703125
6400,55917.1796875
6401,55730.1875
6402,55544.1328125
6403,55358.99609375
6404,55174.72265625
6405,54991.37109375
6406,54808.921875
6407,54627.328125
6408,54446.65625
6409,54266.8125
6410,54087.828125
6411,53909.7265625
6412,53732.48828125
6413,53556.078125
6414,53380.55859375
6415,53205.8359375
6416,53031.96875
6417,52858.9140625
6418,52686.71484375
6419,52515.29296875
6420,52344.734375
6421,52174.9609375
6422,52005.98828125
6423,51837.828125
6424,51670.44140625
6425,51503.84375
6426,51338.0546875
6427,51173.03515625
6428,51008.76953125
6429,50845.265625
6430,50682.55078125
6431,50520.55859375
6432,50359.3671875
6433,50198.9140625
6434,50039.19140625
6435,49880.21875
6436,49721.99609375
6437,49564.45703125
6438,49407.703125
6439,49251.65625
6440,49096.3125
6441,48941.69921875
6442,48787.78515625
6443,48634.55859375
6444,48482.0703125
6445,48330.2734375
6446,48179.14453125
6447,48028.71875
6448,47878.9921875
6449,47729.92578125
6450,47581.54296875
6451,47433.8203125
6452,47286.80078125
6453,47140.41015625
6454,46994.6875
6455,46849.625
6456,46705.20703125
6457,46561.4375
6458,46418.3203125
6459,46275.85546875
6460,46134.015625
6461,45992.80859375
6462,45852.22265625
6463,45712.2890625
6464,45572.96875
6465,45434.22265625
6466,45296.13671875
6467,45158.6484375
6468,45021.78125
6469,44885.50390625
6470,44749.83203125
6471,44614.7734375
6472,44480.2734375
6473,44346.37890625
6474,44213.0625
6475,44080.359375
6476,43948.2109375
6477,43816.65625
6478,43685.6484375
6479,43555.21875
6480,43425.3828125
6481,43296.0625
6482,43167.34765625
6483,43039.1875
6484,42911.546875
6485,42784.4765625
6486,42657.953125
6487,42531.98046875
6488,42406.53125
6489,42281.6484375
6490,42157.2734375
6491,42033.44921875
6492,41910.12890625
6493,41787.3671875
6494,41665.1015625
6495,41543.359375
6496,41422.15234375
6497,41301.4453125
6498,41181.25390625
6499,41061.55859375
6500,40942.375
6501,40823.703125
6502,40705.5234375
6503,40587.8515625
6504,40470.6484375
6505,40353.96875
6506,40237.7578125
6507,40122.0234375
6508,40006.78125
6509,39892.0390625
6510,39777.75390625
6511,39663.95703125
6512,39550.62890625
6513,39437.77734375
6514,39325.390625
6515,39213.45703125
6516,39102.0
6517,38990.9921875
6518,38880.4609375
6519,38770.36328125
6520,38660.7265625
6521,38551.5390625
6522,38442.796875
6523,38334.5
6524,38226.6484375
6525,38119.25390625
6526,38012.2734375
6527,37905.734375
6528,37799.640625
6529,37693.953125
6530,37588.703125
6531,37483.890625
6532,37379.50390625
6533,37275.52734375
6534,37171.98828125
6535,37068.83203125
6536,36966.125
6537,36863.796875
6538,36761.91015625
6539,36660.40625
6540,36559.34375
6541,36458.65625
6542,36358.3828125
6543,36258.49609375
6544,36159.03125
6545,36059.9296875
6546,35961.23828125
6547,35862.953125
6548,35765.03515625
6549,35667.5234375
6550,35570.375
6551,35473.6171875
6552,35377.2578125
6553,35281.26171875
6554,35185.62890625
6555,35090.39453125
6556,34995.55078125
6557,34901.03125
6558,34806.9140625
6559,34713.16015625
6560,34619.7578125
6561,34526.734375
6562,34434.078125
6563,34341.76171875
6564,34249.8203125
6565,34158.23046875
6566,34067.0
6567,33976.09765625
6568,33885.57421875
6569,33795.3984375
6570,33705.56640625
6571,33616.0703125
6572,33526.9140625
6573,33438.125
6574,33349.64453125
6575,33261.53515625
6576,33173.73828125
6577,33086.28515625
6578,32999.17578125
6579,32912.3671875
6580,32825.92578125
6581,32739.79296875
6582,32654.0
6583,32568.53125
6584,32483.376953125
6585,32398.55078125
6586,32314.03125
6587,32229.853515625
6588,32145.96875
6589,32062.412109375
6590,31979.16015625
6591,31896.232421875
6592,31813.615234375
6593,31731.3125
6594,31649.3046875
6595,31567.591796875
6596,31486.212890625
6597,31405.11328125
6598,31324.3203125
6599,31243.8359375
6600,31163.640625
6601,31083.755859375
6602,31004.15625
6603,30924.8515625
6604,30845.84765625
6605,30767.126953125
6606,30688.69921875
6607,30610.556640625
6608,30532.701171875
6609,30455.1484375
6610,30377.85546875
6611,30300.85546875
6612,30224.146484375
6613,30147.6953125
6614,30071.53125
6615,29995.666015625
6616,29920.0625
6617,29844.736328125
6618,29769.67578125
6619,29694.896484375
6620,29620.376953125
6621,29546.142578125
6622,29472.154296875
6623,29398.466796875
6624,29325.021484375
6625,29251.84375
6626,29178.939453125
6627,29106.283203125
6628,29033.888671875
6629,28961.763671875
6630,28889.900390625
6631,28818.2734375
6632,28746.919921875
6633,28675.8203125
6634,28604.95703125
6635,28534.373046875
6636,28464.03125
6637,28393.92578125
6638,28324.07421875
6639,28254.48828125
6640,28185.12890625
6641,28116.0234375
6642,28047.16015625
6643,27978.53515625
6644,27910.17578125
6645,27842.0234375
6646,27774.111328125
6647,27706.46484375
6648,27639.029296875
6649,27571.861328125
6650,27504.908203125
6651,27438.177734375
6652,27371.6875
6653,27305.44140625
6654,27239.423828125
6655,27173.63671875
6656,27108.072265625
6657,27042.736328125
6658,26977.623046875
6659,26912.736328125
6660,26848.072265625
6661,26783.634765625
6662,26719.419921875
6663,26655.4296875
6664,26591.64453125
6665,26528.1015625
6666,26464.7734375
6667,26401.666015625
6668,26338.765625
6669,26276.0703125
6670,26213.60546875
6671,26151.3671875
6672,26089.3203125
6673,26027.48828125
6674,25965.86328125
6675,25904.451171875
6676,25843.259765625
6677,25782.255859375
6678,25721.478515625
6679,25660.8828125
6680,25600.51953125
6681,25540.33984375
6682,25480.3671875
6683,25420.59765625
6684,25361.052734375
6685,25301.673828125
6686,25242.513671875
6687,25183.544921875
6688,25124.775390625
6689,25066.20703125
6690,25007.845703125
6691,24949.658203125
6692,24891.6796875
6693,24833.87109375
6694,24776.287109375
6695,24718.87890625
6696,24661.66796875
6697,24604.63671875
6698,24547.775390625
6699,24491.130859375
6700,24434.68359375
6701,24378.40625
6702,24322.318359375
6703,24266.400390625
6704,24210.693359375
6705,24155.1640625
6706,24099.8046875
6707,24044.634765625
6708,23989.64453125
6709,23934.837890625
6710,23880.205078125
6711,23825.75390625
6712,23771.486328125
6713,23717.384765625
6714,23663.4609375
6715,23609.728515625
6716,23556.14453125
6717,23502.763671875
6718,23449.53515625
6719,23396.484375
6720,23343.611328125
6721,23290.923828125
6722,23238.380859375
6723,23186.01953125
6724,23133.81640625
6725,23081.787109375
6726,23029.931640625
6727,22978.244140625
6728,22926.69921875
6729,22875.3515625
6730,22824.154296875
6731,22773.111328125
6732,22722.244140625
6733,22671.548828125
6734,22621.00390625
6735,22570.6328125
6736,22520.408203125
6737,22470.337890625
6738,22420.4453125
6739,22370.6953125
6740,22321.103515625
6741,22271.681640625
6742,22222.400390625
6743,22173.296875
6744,22124.33203125
6745,22075.51953125
6746,22026.8828125
6747,21978.369140625
6748,21930.021484375
6749,21881.826171875
6750,21833.79296875
6751,21785.896484375
6752,21738.15234375
6753,21690.564453125
6754,21643.115234375
6755,21595.818359375
6756,21548.67578125
6757,21501.6796875
6758,21454.822265625
6759,21408.107421875
6760,21361.546875
6761,21315.138671875
6762,21268.8515625
6763,21222.736328125
6764,21176.736328125
6765,21130.904296875
6766,21085.1953125
6767,21039.638671875
6768,20994.220703125
6769,20948.935546875
6770,20903.80078125
6771,20858.79296875
6772,20813.923828125
6773,20769.19921875
6774,20724.61328125
6775,20680.15234375
6776,20635.85546875
6777,20591.66796875
6778,20547.603515625
6779,20503.716796875
6780,20459.921875
6781,20416.275390625
6782,20372.771484375
6783,20329.390625
6784,20286.140625
6785,20243.037109375
6786,20200.0390625
6787,20157.18359375
6788,20114.4609375
6789,20071.8671875
6790,20029.400390625
6791,19987.056640625
6792,19944.849609375
6793,19902.765625
6794,19860.810546875
6795,19818.98046875
6796,19777.265625
6797,19735.681640625
6798,19694.220703125
6799,19652.896484375
6800,19611.669921875
6801,19570.599609375
6802,19529.638671875
6803,19488.796875
6804,19448.076171875
6805,19407.4765625
6806,19367.00390625
6807,19326.63671875
6808,19286.40234375
6809,19246.287109375
6810,19206.279296875
6811,19166.404296875
6812,19126.63671875
6813,19086.98828125
6814,19047.46875
6815,19008.052734375
6816,18968.74609375
6817,18929.5625
6818,18890.509765625
6819,18851.556640625
6820,18812.716796875
6821,18773.990234375
6822,18735.388671875
6823,18696.892578125
6824,18658.509765625
6825,18620.236328125
6826,18582.068359375
6827,18544.025390625
6828,18506.078125
6829,18468.263671875
6830,18430.53515625
6831,18392.935546875
6832,18355.431640625
6833,18318.03515625
6834,18280.763671875
6835,18243.58203125
6836,18206.51953125
6837,18169.5546875
6838,18132.7109375
6839,18095.95703125
6840,18059.3125
6841,18022.787109375
6842,17986.34765625
6843,17950.015625
6844,17913.8046875
6845,17877.68359375
6846,17841.671875
6847,17805.765625
6848,17769.94921875
6849,17734.24609375
6850,17698.63671875
6851,17663.1328125
6852,17627.736328125
6853,17592.4296875
6854,17557.232421875
6855,17522.12109375
6856,17487.12109375
6857,17452.220703125
6858,17417.419921875
6859,17382.712890625
6860,17348.10546875
6861,17313.59375
6862,17279.18359375
6863,17244.865234375
6864,17210.6484375
6865,17176.529296875
6866,17142.498046875
6867,17108.564453125
6868,17074.732421875
6869,17040.998046875
6870,17007.34375
6871,16973.787109375
6872,16940.337890625
6873,16906.9765625
6874,16873.6953125
6875,16840.5234375
6876,16807.427734375
6877,16774.439453125
6878,16741.544921875
6879,16708.7265625
6880,16676.009765625
6881,16643.37109375
6882,16610.841796875
6883,16578.392578125
6884,16546.02734375
6885,16513.76171875
6886,16481.583984375
6887,16449.482421875
6888,16417.48828125
6889,16385.572265625
6890,16353.7451171875
6891,16322.001953125
6892,16290.3564453125
6893,16258.7900390625
6894,16227.3046875
6895,16195.923828125
6896,16164.603515625
6897,16133.3935546875
6898,16102.255859375
6899,16071.2001953125
6900,16040.236328125
6901,16009.3525390625
6902,15978.552734375
6903,15947.8359375
6904,15917.2099609375
6905,15886.6533203125
6906,15856.1982421875
6907,15825.8154296875
6908,15795.5185546875
6909,15765.302734375
6910,15735.171875
6911,15705.1123046875
6912,15675.1396484375
6913,15645.2470703125
6914,15615.43359375
6915,15585.6962890625
6916,15556.05078125
6917,15526.4716796875
6918,15496.9912109375
6919,15467.5712890625
6920,15438.2353515625
6921,15408.9716796875
6922,15379.7978515625
6923,15350.70703125
6924,15321.6796875
6925,15292.740234375
6926,15263.8681640625
6927,15235.080078125
6928,15206.3681640625
6929,15177.73046875
6930,15149.1630859375
6931,15120.6787109375
6932,15092.2763671875
6933,15063.9384765625
6934,15035.677734375
6935,15007.4912109375
6936,14979.3798828125
6937,14951.3505859375
6938,14923.3837890625
6939,14895.49609375
6940,14867.67578125
6941,14839.935546875
6942,14812.267578125
6943,14784.6708984375
6944,14757.154296875
6945,14729.69921875
6946,14702.318359375
6947,14675.017578125
6948,14647.7734375
6949,14620.6142578125
6950,14593.5224609375
6951,14566.4951171875
6952,14539.5380859375
6953,14512.666015625
6954,14485.84765625
6955,14459.095703125
6956,14432.4404296875
6957,14405.8330078125
6958,14379.2978515625
6959,14352.82421875
6960,14326.4306640625
6961,14300.099609375
6962,14273.841796875
6963,14247.65234375
6964,14221.5263671875
6965,14195.4609375
6966,14169.474609375
6967,14143.5498046875
6968,14117.6923828125
6969,14091.900390625
6970,14066.17578125
6971,14040.521484375
6972,14014.9306640625
6973,13989.404296875
6974,13963.939453125
6975,13938.548828125
6976,13913.2138671875
6977,13887.9443359375
6978,13862.7451171875
6979,13837.603515625
6980,13812.5302734375
6981,13787.5185546875
6982,13762.580078125
6983,13737.6962890625
6984,13712.8720703125
6985,13688.1162109375
6986,13663.427734375
6987,13638.7958984375
6988,13614.2236328125
6989,13589.7080078125
6990,13565.2744140625
6991,13540.88671875
6992,13516.5703125
6993,13492.3095703125
6994,13468.1103515625
6995,13443.96875
6996,13419.896484375
6997,13395.8759765625
6998,13371.9306640625
6999,13348.0322265625
7000,13324.1943359375
7001,13300.41796875
7002,13276.7001953125
7003,13253.037109375
7004,13229.435546875
7005,13205.8974609375
7006,13182.419921875
7007,13158.994140625
7008,13135.6318359375
7009,13112.32421875
7010,13089.0751953125
7011,13065.8876953125
7012,13042.75390625
7013,13019.6865234375
7014,12996.6630859375
7015,12973.7060546875
7016,12950.8056640625
7017,12927.9619140625
7018,12905.173828125
7019,12882.4453125
7020,12859.765625
7021,12837.1474609375
7022,12814.58203125
7023,12792.076171875
7024,12769.615234375
7025,12747.2099609375
7026,12724.8701171875
7027,12702.578125
7028,12680.345703125
7029,12658.1640625
7030,12636.04296875
7031,12613.9658203125
7032,12591.9453125
7033,12569.986328125
7034,12548.0693359375
7035,12526.2060546875
7036,12504.408203125
7037,12482.6591796875
7038,12460.9638671875
7039,12439.31640625
7040,12417.7216796875
7041,12396.1767578125
7042,12374.6904296875
7043,12353.255859375
7044,12331.8662109375
7045,12310.541015625
7046,12289.2626953125
7047,12268.0224609375
7048,12246.853515625
7049,12225.724609375
7050,12204.650390625
7051,12183.6318359375
7052,12162.65625
7053,12141.7373046875
7054,12120.861328125
7055,12100.0419921875
7056,12079.2626953125
7057,12058.54296875
7058,12037.8681640625
7059,12017.2470703125
7060,11996.673828125
7061,11976.1513671875
7062,11955.662109375
7063,11935.2353515625
7064,11914.8515625
7065,11894.5224609375
7066,11874.240234375
7067,11854.00390625
7068,11833.818359375
7069,11813.6796875
7070,11793.587890625
7071,11773.5478515625
7072,11753.552734375
7073,11733.603515625
7074,11713.7041015625
7075,11693.853515625
7076,11674.048828125
7077,11654.2939453125
7078,11634.5771484375
7079,11614.9111328125
7080,11595.2900390625
7081,11575.7138671875
7082,11556.181640625
7083,11536.7021484375
7084,11517.263671875
7085,11497.87890625
7086,11478.5361328125
7087,11459.23828125
7088,11439.9765625
7089,11420.7724609375
7090,11401.6103515625
7091,11382.490234375
7092,11363.41796875
7093,11344.3857421875
7094,11325.3984375
7095,11306.458984375
7096,11287.556640625
7097,11268.7060546875
7098,11249.8984375
7099,11231.1318359375
7100,11212.4130859375
7101,11193.734375
7102,11175.0947265625
7103,11156.501953125
7104,11137.9501953125
7105,11119.4501953125
7106,11100.9833984375
7107,11082.5634765625
7108,11064.189453125
7109,11045.8525390625
7110,11027.5537109375
7111,11009.298828125
7112,10991.095703125
7113,10972.9296875
7114,10954.8056640625
7115,10936.7216796875
7116,10918.677734375
7117,10900.673828125
7118,10882.712890625
7119,10864.7978515625
7120,10846.9208984375
7121,10829.08203125
7122,10811.2890625
7123,10793.5380859375
7124,10775.8193359375
7125,10758.1416015625
7126,10740.5078125
7127,10722.916015625
7128,10705.365234375
7129,10687.8515625
7130,10670.3798828125
7131,10652.94140625
7132,10635.54296875
7133,10618.1904296875
7134,10600.8720703125
7135,10583.59375
7136,10566.3603515625
7137,10549.1591796875
7138,10532.0
7139,10514.8798828125
7140,10497.7958984375
7141,10480.7529296875
7142,10463.75
7143,10446.783203125
7144,10429.857421875
7145,10412.9580078125
7146,10396.1064453125
7147,10379.2939453125
7148,10362.515625
7149,10345.7783203125
7150,10329.076171875
7151,10312.40625
7152,10295.78125
7153,10279.1923828125
7154,10262.6357421875
7155,10246.1201171875
7156,10229.6376953125
7157,10213.197265625
7158,10196.7900390625
7159,10180.4228515625
7160,10164.0859375
7161,10147.7939453125
7162,10131.529296875
7163,10115.3056640625
7164,10099.1162109375
7165,10082.9580078125
7166,10066.84375
7167,10050.763671875
7168,10034.7197265625
7169,10018.70703125
7170,10002.736328125
7171,9986.796875
7172,9970.8876953125
7173,9955.0263671875
7174,9939.1826171875
7175,9923.3876953125
7176,9907.623046875
7177,9891.8896484375
7178,9876.1904296875
7179,9860.533203125
7180,9844.908203125
7181,9829.3076171875
7182,9813.75390625
7183,9798.2314453125
7184,9782.7392578125
7185,9767.28515625
7186,9751.861328125
7187,9736.4677734375
7188,9721.1181640625
7189,9705.791015625
7190,9690.5048828125
7191,9675.251953125
7192,9660.029296875
7193,9644.8359375
7194,9629.68359375
7195,9614.5595703125
7196,9599.4736328125
7197,9584.4140625
7198,9569.3896484375
7199,9554.3984375
7200,9539.439453125
7201,9524.509765625
7202,9509.6171875
7203,9494.751953125
7204,9479.9169921875
7205,9465.1171875
7206,9450.353515625
7207,9435.6220703125
7208,9420.9140625
7209,9406.2451171875
7210,9391.6005859375
7211,9376.990234375
7212,9362.416015625
7213,9347.8681640625
7214,9333.3583984375
7215,9318.873046875
7216,9304.4169921875
7217,9289.99609375
7218,9275.603515625
7219,9261.2421875
7220,9246.916015625
7221,9232.6171875
7222,9218.34765625
7223,9204.111328125
7224,9189.9033203125
7225,9175.7216796875
7226,9161.578125
7227,9147.4599609375
7228,9133.3701171875
7229,9119.3095703125
7230,9105.2822265625
7231,9091.2802734375
7232,9077.31640625
7233,9063.37890625
7234,9049.4697265625
7235,9035.58984375
7236,9021.736328125
7237,9007.9140625
7238,8994.1220703125
7239,8980.3583984375
7240,8966.6279296875
7241,8952.921875
7242,8939.2451171875
7243,8925.59765625
7244,8911.9755859375
7245,8898.3837890625
7246,8884.8271484375
7247,8871.2900390625
7248,8857.7880859375
7249,8844.3076171875
7250,8830.857421875
7251,8817.4365234375
7252,8804.0458984375
7253,8790.677734375
7254,8777.3447265625
7255,8764.0390625
7256,8750.759765625
7257,8737.501953125
7258,8724.27734375
7259,8711.080078125
7260,8697.908203125
7261,8684.763671875
7262,8671.6484375
7263,8658.5595703125
7264,8645.4970703125
7265,8632.4638671875
7266,8619.4541015625
7267,8606.478515625
7268,8593.521484375
7269,8580.59375
7270,8567.697265625
7271,8554.822265625
7272,8541.9736328125
7273,8529.154296875
7274,8516.3603515625
7275,8503.5888671875
7276,8490.849609375
7277,8478.130859375
7278,8465.4453125
7279,8452.783203125
7280,8440.1396484375
7281,8427.53125
7282,8414.9462890625
7283,8402.3857421875
7284,8389.85546875
7285,8377.3447265625
7286,8364.8642578125
7287,8352.4033203125
7288,8339.970703125
7289,8327.5654296875
7290,8315.1806640625
7291,8302.830078125
7292,8290.498046875
7293,8278.19140625
7294,8265.912109375
7295,8253.6552734375
7296,8241.4267578125
7297,8229.2216796875
7298,8217.0400390625
7299,8204.8828125
7300,8192.7548828125
7301,8180.650390625
7302,8168.5634765625
7303,8156.5068359375
7304,8144.47314453125
7305,8132.4638671875
7306,8120.478515625
7307,8108.51953125
7308,8096.58203125
7309,8084.669921875
7310,8072.7822265625
7311,8060.91748046875
7312,8049.07763671875
7313,8037.2607421875
7314,8025.46533203125
7315,8013.6943359375
7316,8001.953125
7317,7990.22509765625
7318,7978.529296875
7319,7966.85498046875
7320,7955.19677734375
7321,7943.57421875
7322,7931.9609375
7323,7920.3837890625
7324,7908.82177734375
7325,7897.2822265625
7326,7885.771484375
7327,7874.28369140625
7328,7862.81591796875
7329,7851.3681640625
7330,7839.94677734375
7331,7828.55029296875
7332,7817.169921875
7333,7805.81884765625
7334,7794.48486328125
7335,7783.17578125
7336,7771.89013671875
7337,7760.62841796875
7338,7749.38427734375
7339,7738.1669921875
7340,7726.9658203125
7341,7715.79150390625
7342,7704.640625
7343,7693.505859375
7344,7682.3984375
7345,7671.31103515625
7346,7660.2451171875
7347,7649.2041015625
7348,7638.18310546875
7349,7627.1767578125
7350,7616.2021484375
7351,7605.24658203125
7352,7594.30908203125
7353,7583.39453125
7354,7572.50048828125
7355,7561.62939453125
7356,7550.78076171875
7357,7539.9501953125
7358,7529.142578125
7359,7518.35595703125
7360,7507.5908203125
7361,7496.84716796875
7362,7486.12158203125
7363,7475.421875
7364,7464.73876953125
7365,7454.0810546875
7366,7443.43505859375
7367,7432.81640625
7368,7422.220703125
7369,7411.6396484375
7370,7401.080078125
7371,7390.5439453125
7372,7380.0283203125
7373,7369.53173828125
7374,7359.05419921875
7375,7348.59765625
7376,7338.1640625
7377,7327.7470703125
7378,7317.35498046875
7379,7306.97900390625
7380,7296.62451171875
7381,7286.2890625
7382,7275.97216796875
7383,7265.67822265625
7384,7255.40380859375
7385,7245.14599609375
7386,7234.91162109375
7387,7224.69580078125
7388,7214.49609375
7389,7204.3232421875
7390,7194.162109375
7391,7184.0234375
7392,7173.9052734375
7393,7163.8037109375
7394,7153.72314453125
7395,7143.6650390625
7396,7133.619140625
7397,7123.59716796875
7398,7113.59765625
7399,7103.6083984375
7400,7093.64501953125
7401,7083.70068359375
7402,7073.77294921875
7403,7063.8671875
7404,7053.97802734375
7405,7044.10546875
7406,7034.251953125
7407,7024.419921875
7408,7014.60595703125
7409,7004.80908203125
7410,6995.037109375
7411,6985.27392578125
7412,6975.533203125
7413,6965.81591796875
7414,6956.10888671875
7415,6946.4228515625
7416,6936.75390625
7417,6927.10986328125
7418,6917.47412109375
7419,6907.86376953125
7420,6898.27001953125
7421,6888.69482421875
7422,6879.138671875
7423,6869.5986328125
7424,6860.078125
7425,6850.57080078125
7426,6841.0859375
7427,6831.6181640625
7428,6822.1669921875
7429,6812.73388671875
7430,6803.3173828125
7431,6793.921875
7432,6784.5400390625
7433,6775.17529296875
7434,6765.83154296875
7435,6756.50634765625
7436,6747.193359375
7437,6737.90380859375
7438,6728.62451171875
7439,6719.3662109375
7440,6710.126953125
7441,6700.90478515625
7442,6691.6982421875
7443,6682.505859375
7444,6673.337890625
7445,6664.17919921875
7446,6655.04296875
7447,6645.9189453125
7448,6636.8154296875
7449,6627.73095703125
7450,6618.6591796875
7451,6609.60546875
7452,6600.56591796875
7453,6591.54736328125
7454,6582.541015625
7455,6573.55322265625
7456,6564.587890625
7457,6555.63232421875
7458,6546.697265625
7459,6537.77490234375
7460,6528.87158203125
7461,6519.98583984375
7462,6511.11083984375
7463,6502.25439453125
7464,6493.41748046875
7465,6484.59619140625
7466,6475.7841796875
7467,6466.99560546875
7468,6458.2216796875
7469,6449.46435546875
7470,6440.72216796875
7471,6431.99267578125
7472,6423.28564453125
7473,6414.59326171875
7474,6405.91455078125
7475,6397.25244140625
7476,6388.60546875
7477,6379.97265625
7478,6371.35791015625
7479,6362.7578125
7480,6354.17578125
7481,6345.60595703125
7482,6337.05517578125
7483,6328.51904296875
7484,6319.9931640625
7485,6311.48876953125
7486,6302.9970703125
7487,6294.52197265625
7488,6286.0634765625
7489,6277.61865234375
7490,6269.18798828125
7491,6260.77685546875
7492,6252.37744140625
7493,6243.99365234375
7494,6235.623046875
7495,6227.271484375
7496,6218.9345703125
7497,6210.61181640625
7498,6202.302734375
7499,6194.00830078125
7500,6185.73486328125
7501,6177.46728515625
7502,6169.21826171875
7503,6160.98681640625
7504,6152.76953125
7505,6144.56591796875
7506,6136.37548828125
7507,6128.2021484375
7508,6120.04296875
7509,6111.8994140625
7510,6103.76708984375
7511,6095.64794921875
7512,6087.55029296875
7513,6079.4658203125
7514,6071.38916015625
7515,6063.33447265625
7516,6055.2919921875
7517,6047.26171875
7518,6039.244140625
7519,6031.24658203125
7520,6023.25732421875
7521,6015.28662109375
7522,6007.328125
7523,5999.38720703125
7524,5991.45556640625
7525,5983.54345703125
7526,5975.64111328125
7527,5967.75439453125
7528,5959.876953125
7529,5952.0205078125
7530,5944.1748046875
7531,5936.34423828125
7532,5928.52587890625
7533,5920.72216796875
7534,5912.9326171875
7535,5905.15576171875
7536,5897.392578125
7537,5889.64453125
7538,5881.9072265625
7539,5874.18896484375
7540,5866.47900390625
7541,5858.78564453125
7542,5851.10107421875
7543,5843.4404296875
7544,5835.783203125
7545,5828.14501953125
7546,5820.51611328125
7547,5812.90478515625
7548,5805.3056640625
7549,5797.7177734375
7550,5790.14501953125
7551,5782.58544921875
7552,5775.03759765625
7553,5767.5048828125
7554,5759.9833984375
7555,5752.4736328125
7556,5744.97705078125
7557,5737.49609375
7558,5730.03076171875
7559,5722.5771484375
7560,5715.1298828125
7561,5707.7021484375
7562,5700.28759765625
7563,5692.884765625
7564,5685.49365234375
7565,5678.1171875
7566,5670.75146484375
7567,5663.40087890625
7568,5656.060546875
7569,5648.73486328125
7570,5641.421875
7571,5634.1220703125
7572,5626.83203125
7573,5619.55810546875
7574,5612.296875
7575,5605.044921875
7576,5597.80908203125
7577,5590.58154296875
7578,5583.3681640625
7579,5576.16455078125
7580,5568.978515625
7581,5561.80517578125
7582,5554.64013671875
7583,5547.4912109375
7584,5540.3515625
7585,5533.22802734375
7586,5526.11083984375
7587,5519.00927734375
7588,5511.916015625
7589,5504.8408203125
7590,5497.77392578125
7591,5490.72412109375
7592,5483.68310546875
7593,5476.65380859375
7594,5469.634765625
7595,5462.630859375
7596,5455.63916015625
7597,5448.66015625
7598,5441.6865234375
7599,5434.73095703125
7600,5427.7841796875
7601,5420.853515625
7602,5413.93408203125
7603,5407.01904296875
7604,5400.1220703125
7605,5393.23681640625
7606,5386.36572265625
7607,5379.49951171875
7608,5372.6494140625
7609,5365.8115234375
7610,5358.98291015625
7611,5352.1669921875
7612,5345.3623046875
7613,5338.5703125
7614,5331.7880859375
7615,5325.01806640625
7616,5318.26123046875
7617,5311.51416015625
7618,5304.77685546875
7619,5298.05419921875
7620,5291.3408203125
7621,5284.63818359375
7622,5277.94921875
7623,5271.26806640625
7624,5264.60205078125
7625,5257.94580078125
7626,5251.30322265625
7627,5244.6669921875
7628,5238.044921875
7629,5231.43408203125
7630,5224.83203125
7631,5218.244140625
7632,5211.6669921875
7633,5205.09814453125
7634,5198.54052734375
7635,5191.99658203125
7636,5185.4609375
7637,5178.93896484375
7638,5172.42578125
7639,5165.92333984375
7640,5159.4326171875
7641,5152.95458984375
7642,5146.4873046875
7643,5140.02685546875
7644,5133.580078125
7645,5127.14599609375
7646,5120.71923828125
7647,5114.30517578125
7648,5107.90185546875
7649,5101.505859375
7650,5095.1240234375
7651,5088.751953125
7652,5082.3896484375
7653,5076.0390625
7654,5069.6982421875
7655,5063.36767578125
7656,5057.04931640625
7657,5050.740234375
7658,5044.443359375
7659,5038.15283203125
7660,5031.8779296875
7661,5025.60595703125
7662,5019.35009765625
7663,5013.1044921875
7664,5006.86669921875
7665,5000.64208984375
7666,4994.4248046875
7667,4988.22119140625
7668,4982.02587890625
7669,4975.8408203125
7670,4969.66796875
7671,4963.501953125
7672,4957.34765625
7673,4951.20166015625
7674,4945.06982421875
7675,4938.94384765625
7676,4932.83203125
7677,4926.72998046875
7678,4920.63671875
7679,4914.55126953125
7680,4908.478515625
7681,4902.4140625
7682,4896.36279296875
7683,4890.31640625
7684,4884.2802734375
7685,4878.2578125
7686,4872.244140625
7687,4866.240234375
7688,4860.24365234375
7689,4854.2607421875
7690,4848.28369140625
7691,4842.3193359375
7692,4836.36279296875
7693,4830.4169921875
7694,4824.4833984375
7695,4818.55517578125
7696,4812.63720703125
7697,4806.73095703125
7698,4800.833984375
7699,4794.94384765625
7700,4789.06591796875
7701,4783.1953125
7702,4777.3408203125
7703,4771.48681640625
7704,4765.64990234375
7705,4759.81494140625
7706,4753.99609375
7707,4748.185546875
7708,4742.3798828125
7709,4736.5908203125
7710,4730.80517578125
7711,4725.02978515625
7712,4719.26611328125
7713,4713.509765625
7714,4707.759765625
7715,4702.025390625
7716,4696.298828125
7717,4690.5771484375
7718,4684.8701171875
7719,4679.16796875
7720,4673.47802734375
7721,4667.7978515625
7722,4662.1240234375
7723,4656.4599609375
7724,4650.80517578125
7725,4645.1611328125
7726,4639.5244140625
7727,4633.89697265625
7728,4628.27783203125
7729,4622.66943359375
7730,4617.0703125
7731,4611.47802734375
7732,4605.89501953125
7733,4600.32080078125
7734,4594.7568359375
7735,4589.203125
7736,4583.6533203125
7737,4578.1181640625
7738,4572.58740234375
7739,4567.06396484375
7740,4561.55712890625
7741,4556.05126953125
7742,4550.55712890625
7743,4545.07421875
7744,4539.59912109375
7745,4534.12890625
7746,4528.66943359375
7747,4523.22119140625
7748,4517.77880859375
7749,4512.34521484375
7750,4506.9208984375
7751,4501.5048828125
7752,4496.09765625
7753,4490.69970703125
7754,4485.31005859375
7755,4479.92822265625
7756,4474.55517578125
7757,4469.18798828125
7758,4463.8330078125
7759,4458.48681640625
7760,4453.14794921875
7761,4447.81689453125
7762,4442.4951171875
7763,4437.181640625
7764,4431.8740234375
7765,4426.576171875
7766,4421.2900390625
7767,4416.009765625
7768,4410.7373046875
7769,4405.47314453125
7770,4400.216796875
7771,4394.97021484375
7772,4389.72998046875
7773,4384.4990234375
7774,4379.27685546875
7775,4374.06298828125
7776,4368.85498046875
7777,4363.658203125
7778,4358.4677734375
7779,4353.2861328125
7780,4348.111328125
7781,4342.94677734375
7782,4337.791015625
7783,4332.640625
7784,4327.4970703125
7785,4322.3662109375
7786,4317.2392578125
7787,4312.123046875
7788,4307.013671875
7789,4301.91064453125
7790,4296.8193359375
7791,4291.73388671875
7792,4286.65380859375
7793,4281.58642578125
7794,4276.52490234375
7795,4271.47021484375
7796,4266.4228515625
7797,4261.3837890625
7798,4256.35400390625
7799,4251.33349609375
7800,4246.31591796875
7801,4241.31103515625
7802,4236.310546875
7803,4231.31787109375
7804,4226.3349609375
7805,4221.36083984375
7806,4216.38916015625
7807,4211.42919921875
7808,4206.47607421875
7809,4201.53173828125
7810,4196.59423828125
7811,4191.6630859375
7812,4186.7412109375
7813,4181.82666015625
7814,4176.91796875
7815,4172.017578125
7816,4167.1259765625
7817,4162.244140625
7818,4157.3642578125
7819,4152.4931640625
7820,4147.63134765625
7821,4142.7783203125
7822,4137.9296875
7823,4133.0908203125
7824,4128.25830078125
7825,4123.4326171875
7826,4118.61328125
7827,4113.80322265625
7828,4109.0009765625
7829,4104.205078125
7830,4099.41796875
7831,4094.637451171875
7832,4089.863525390625
7833,4085.097900390625
7834,4080.340087890625
7835,4075.5869140625
7836,4070.842529296875
7837,4066.1044921875
7838,4061.377197265625
7839,4056.653564453125
7840,4051.936279296875
7841,4047.229248046875
7842,4042.527099609375
7843,4037.8330078125
7844,4033.146484375
7845,4028.4677734375
7846,4023.793701171875
7847,4019.126708984375
7848,4014.469482421875
7849,4009.818603515625
7850,4005.17333984375
7851,4000.533447265625
7852,3995.905517578125
7853,3991.2822265625
7854,3986.666015625
7855,3982.056884765625
7856,3977.452392578125
7857,3972.85888671875
7858,3968.27001953125
7859,3963.6884765625
7860,3959.114013671875
7861,3954.545654296875
7862,3949.985107421875
7863,3945.43359375
7864,3940.883544921875
7865,3936.343505859375
7866,3931.812255859375
7867,3927.285888671875
7868,3922.765380859375
7869,3918.251953125
7870,3913.7451171875
7871,3909.24560546875
7872,3904.75439453125
7873,3900.2685546875
7874,3895.78857421875
7875,3891.31591796875
7876,3886.8525390625
7877,3882.391845703125
7878,3877.939453125
7879,3873.493896484375
7880,3869.0546875
7881,3864.621826171875
7882,3860.20068359375
7883,3855.7783203125
7884,3851.364990234375
7885,3846.959228515625
7886,3842.55859375
7887,3838.167236328125
7888,3833.781005859375
7889,3829.40234375
7890,3825.027099609375
7891,3820.6611328125
7892,3816.3017578125
7893,3811.95068359375
7894,3807.601318359375
7895,3803.260498046875
7896,3798.927001953125
7897,3794.599609375
7898,3790.278076171875
7899,3785.964111328125
7900,3781.656005859375
7901,3777.35205078125
7902,3773.056396484375
7903,3768.76611328125
7904,3764.48486328125
7905,3760.206787109375
7906,3755.9365234375
7907,3751.6708984375
7908,3747.413818359375
7909,3743.16357421875
7910,3738.918701171875
7911,3734.678955078125
7912,3730.446533203125
7913,3726.216552734375
7914,3721.999755859375
7915,3717.785888671875
7916,3713.578857421875
7917,3709.37548828125
7918,3705.1806640625
7919,3700.992431640625
7920,3696.806884765625
7921,3692.631591796875
7922,3688.462890625
7923,3684.29541015625
7924,3680.137939453125
7925,3675.985107421875
7926,3671.841064453125
7927,3667.70166015625
7928,3663.564208984375
7929,3659.435546875
7930,3655.315673828125
7931,3651.197998046875
7932,3647.090087890625
7933,3642.986083984375
7934,3638.88818359375
7935,3634.796630859375
7936,3630.708984375
7937,3626.6298828125
7938,3622.554931640625
7939,3618.487548828125
7940,3614.425537109375
7941,3610.37060546875
7942,3606.319091796875
7943,3602.27490234375
7944,3598.237548828125
7945,3594.201416015625
7946,3590.177001953125
7947,3586.156005859375
7948,3582.142578125
7949,3578.1328125
7950,3574.129638671875
7951,3570.13134765625
7952,3566.139404296875
7953,3562.154052734375
7954,3558.1708984375
7955,3554.198486328125
7956,3550.231689453125
7957,3546.2685546875
7958,3542.31201171875
7959,3538.359130859375
7960,3534.414794921875
7961,3530.473388671875
7962,3526.54150390625
7963,3522.611572265625
7964,3518.68798828125
7965,3514.7705078125
7966,3510.859130859375
7967,3506.952392578125
7968,3503.05029296875
7969,3499.1591796875
7970,3495.268310546875
7971,3491.384033203125
7972,3487.508056640625
7973,3483.636474609375
7974,3479.769775390625
7975,3475.908935546875
7976,3472.051025390625
7977,3468.20263671875
7978,3464.35888671875
7979,3460.51708984375
7980,3456.68603515625
7981,3452.85693359375
7982,3449.034912109375
7983,3445.2177734375
7984,3441.405029296875
7985,3437.599365234375
7986,3433.798583984375
7987,3430.00146484375
7988,3426.214111328125
7989,3422.427734375
7990,3418.65087890625
7991,3414.87841796875
7992,3411.10888671875
7993,3407.347900390625
7994,3403.587890625
7995,3399.83740234375
7996,3396.09033203125
7997,3392.34814453125
7998,3388.6123046875
7999,3384.880859375
8000,3381.1552734375
8001,3377.43408203125
8002,3373.720947265625
8003,3370.012451171875
8004,3366.30712890625
8005,3362.6083984375
8006,3358.916015625
8007,3355.224609375
8008,3351.54345703125
8009,3347.865478515625
8010,3344.194091796875
8011,3340.52685546875
8012,3336.862060546875
8013,3333.206298828125
8014,3329.55224609375
8015,3325.906494140625
8016,3322.263916015625
8017,3318.628173828125
8018,3314.99609375
8019,3311.3701171875
8020,3307.748046875
8021,3304.133544921875
8022,3300.521728515625
8023,3296.91552734375
8024,3293.31640625
8025,3289.718505859375
8026,3286.12841796875
8027,3282.5439453125
8028,3278.962890625
8029,3275.38720703125
8030,3271.81591796875
8031,3268.25048828125
8032,3264.69140625
8033,3261.137451171875
8034,3257.58642578125
8035,3254.0419921875
8036,3250.500244140625
8037,3246.964599609375
8038,3243.43310546875
8039,3239.907958984375
8040,3236.387451171875
8041,3232.87158203125
8042,3229.363037109375
8043,3225.854736328125
8044,3222.355712890625
8045,3218.85693359375
8046,3215.367919921875
8047,3211.880615234375
8048,3208.39892578125
8049,3204.921630859375
8050,3201.451416015625
8051,3197.985107421875
8052,3194.5224609375
8053,3191.06689453125
8054,3187.613525390625
8055,3184.16455078125
8056,3180.722412109375
8057,3177.283447265625
8058,3173.8525390625
8059,3170.42138671875
8060,3166.99853515625
8061,3163.578369140625
8062,3160.16552734375
8063,3156.757080078125
8064,3153.3515625
8065,3149.952880859375
8066,3146.556884765625
8067,3143.16552734375
8068,3139.779296875
8069,3136.39892578125
8070,3133.0205078125
8071,3129.649169921875
8072,3126.2841796875
8073,3122.920166015625
8074,3119.562744140625
8075,3116.210693359375
8076,3112.860107421875
8077,3109.517578125
8078,3106.175537109375
8079,3102.843505859375
8080,3099.511962890625
8081,3096.18701171875
8082,3092.86767578125
8083,3089.551025390625
8084,3086.2392578125
8085,3082.93017578125
8086,3079.626220703125
8087,3076.328369140625
8088,3073.03515625
8089,3069.74609375
8090,3066.46240234375
8091,3063.181884765625
8092,3059.9072265625
8093,3056.635009765625
8094,3053.36865234375
8095,3050.10498046875
8096,3046.847900390625
8097,3043.59521484375
8098,3040.346435546875
8099,3037.10107421875
8100,3033.862548828125
8101,3030.6279296875
8102,3027.395263671875
8103,3024.170166015625
8104,3020.947265625
8105,3017.729248046875
8106,3014.516845703125
8107,3011.3076171875
8108,3008.104248046875
8109,3004.904541015625
8110,3001.70654296875
8111,2998.514892578125
8112,2995.330078125
8113,2992.14453125
8114,2988.967041015625
8115,2985.79248046875
8116,2982.624267578125
8117,2979.45849609375
8118,2976.29638671875
8119,2973.14013671875
8120,2969.987548828125
8121,2966.83935546875
8122,2963.693359375
8123,2960.554443359375
8124,2957.4189453125
8125,2954.28857421875
8126,2951.1611328125
8127,2948.037109375
8128,2944.91943359375
8129,2941.804931640625
8130,2938.694091796875
8131,2935.588134765625
8132,2932.488037109375
8133,2929.389404296875
8134,2926.296630859375
8135,2923.20751953125
8136,2920.12109375
8137,2917.04052734375
8138,2913.962890625
8139,2910.89208984375
8140,2907.82275390625
8141,2904.75927734375
8142,2901.69970703125
8143,2898.64306640625
8144,2895.591552734375
8145,2892.54443359375
8146,2889.5
8147,2886.4599609375
8148,2883.42529296875
8149,2880.392333984375
8150,2877.365966796875
8151,2874.342041015625
8152,2871.322021484375
8153,2868.30810546875
8154,2865.294921875
8155,2862.2880859375
8156,2859.287109375
8157,2856.287109375
8158,2853.291748046875
8159,2850.300537109375
8160,2847.31396484375
8161,2844.33056640625
8162,2841.352294921875
8163,2838.3759765625
8164,2835.405517578125
8165,2832.437744140625
8166,2829.47412109375
8167,2826.517333984375
8168,2823.560791015625
8169,2820.609619140625
8170,2817.662353515625
8171,2814.717041015625
8172,2811.778076171875
8173,2808.84423828125
8174,2805.912353515625
8175,2802.9833984375
8176,2800.05859375
8177,2797.139892578125
8178,2794.22412109375
8179,2791.3115234375
8180,2788.402587890625
8181,2785.49755859375
8182,2782.597412109375
8183,2779.70068359375
8184,2776.806396484375
8185,2773.91796875
8186,2771.0322265625
8187,2768.152099609375
8188,2765.273681640625
8189,2762.3994140625
8190,2759.530029296875
8191,2756.6640625
8192,2753.801025390625
8193,2750.94091796875
8194,2748.08740234375
8195,2745.237548828125
8196,2742.388916015625
8197,2739.5458984375
8198,2736.7060546875
8199,2733.869384765625
8200,2731.037109375
8201,2728.20751953125
8202,2725.3828125
8203,2722.5615234375
8204,2719.744384765625
8205,2716.930419921875
8206,2714.121337890625
8207,2711.3154296875
8208,2708.511962890625
8209,2705.7109375
8210,2702.9169921875
8211,2700.125244140625
8212,2697.3388671875
8213,2694.553466796875
8214,2691.771728515625
8215,2688.99560546875
8216,2686.22216796875
8217,2683.451904296875
8218,2680.684814453125
8219,2677.9228515625
8220,2675.1640625
8221,2672.40966796875
8222,2669.656982421875
8223,2666.908203125
8224,2664.1630859375
8225,2661.422119140625
8226,2658.684814453125
8227,2655.95166015625
8228,2653.221923828125
8229,2650.493896484375
8230,2647.771484375
8231,2645.051513671875
8232,2642.336669921875
8233,2639.62451171875
8234,2636.91455078125
8235,2634.2099609375
8236,2631.50732421875
8237,2628.808349609375
8238,2626.1142578125
8239,2623.42236328125
8240,2620.735107421875
8241,2618.0498046875
8242,2615.368896484375
8243,2612.6904296875
8244,2610.01806640625
8245,2607.346923828125
8246,2604.679931640625
8247,2602.015869140625
8248,2599.357421875
8249,2596.699951171875
8250,2594.047119140625
8251,2591.39697265625
8252,2588.7509765625
8253,2586.1083984375
8254,2583.468505859375
8255,2580.8310546875
8256,2578.198974609375
8257,2575.5693359375
8258,2572.94384765625
8259,2570.3212890625
8260,2567.702392578125
8261,2565.08642578125
8262,2562.4736328125
8263,2559.865234375
8264,2557.2587890625
8265,2554.656982421875
8266,2552.05859375
8267,2549.46240234375
8268,2546.870361328125
8269,2544.280517578125
8270,2541.6962890625
8271,2539.1142578125
8272,2536.534423828125
8273,2533.958740234375
8274,2531.386474609375
8275,2528.81689453125
8276,2526.2509765625
8277,2523.689453125
8278,2521.1298828125
8279,2518.573974609375
8280,2516.021728515625
8281,2513.47265625
8282,2510.925048828125
8283,2508.383544921875
8284,2505.843994140625
8285,2503.30908203125
8286,2500.7744140625
8287,2498.2451171875
8288,2495.717529296875
8289,2493.195068359375
8290,2490.67431640625
8291,2488.156982421875
8292,2485.64501953125
8293,2483.13330078125
8294,2480.626708984375
8295,2478.12255859375
8296,2475.6201171875
8297,2473.123046875
8298,2470.62890625
8299,2468.136962890625
8300,2465.649169921875
8301,2463.1650390625
8302,2460.6826171875
8303,2458.2041015625
8304,2455.7294921875
8305,2453.256591796875
8306,2450.787109375
8307,2448.320556640625
8308,2445.857177734375
8309,2443.3984375
8310,2440.941162109375
8311,2438.48681640625
8312,2436.03662109375
8313,2433.58935546875
8314,2431.144287109375
8315,2428.703857421875
8316,2426.265869140625
8317,2423.82958984375
8318,2421.397705078125
8319,2418.969482421875
8320,2416.54443359375
8321,2414.1201171875
8322,2411.69970703125
8323,2409.283447265625
8324,2406.870361328125
8325,2404.458984375
8326,2402.05078125
8327,2399.646728515625
8328,2397.24560546875
8329,2394.84716796875
8330,2392.451416015625
8331,2390.05908203125
8332,2387.67138671875
8333,2385.28466796875
8334,2382.90185546875
8335,2380.5205078125
8336,2378.1435546875
8337,2375.7685546875
8338,2373.397216796875
8339,2371.028564453125
8340,2368.66259765625
8341,2366.3017578125
8342,2363.9423828125
8343,2361.586181640625
8344,2359.2314453125
8345,2356.880615234375
8346,2354.53369140625
8347,2352.1875
8348,2349.84619140625
8349,2347.5078125
8350,2345.1708984375
8351,2342.839111328125
8352,2340.507568359375
8353,2338.179931640625
8354,2335.8564453125
8355,2333.53564453125
8356,2331.216796875
8357,2328.900390625
8358,2326.58740234375
8359,2324.27783203125
8360,2321.9716796875
8361,2319.66650390625
8362,2317.364990234375
8363,2315.06787109375
8364,2312.771728515625
8365,2310.479248046875
8366,2308.189453125
8367,2305.901611328125
8368,2303.618408203125
8369,2301.33740234375
8370,2299.058349609375
8371,2296.783447265625
8372,2294.51025390625
8373,2292.239990234375
8374,2289.971923828125
8375,2287.70849609375
8376,2285.447265625
8377,2283.18896484375
8378,2280.93212890625
8379,2278.679443359375
8380,2276.42822265625
8381,2274.180908203125
8382,2271.935546875
8383,2269.695068359375
8384,2267.455322265625
8385,2265.218505859375
8386,2262.985595703125
8387,2260.75390625
8388,2258.527587890625
8389,2256.302001953125
8390,2254.0791015625
8391,2251.85791015625
8392,2249.64208984375
8393,2247.427490234375
8394,2245.216552734375
8395,2243.006103515625
8396,2240.80126953125
8397,2238.596923828125
8398,2236.3955078125
8399,2234.197509765625
8400,2232.0009765625
8401,2229.81005859375
8402,2227.62109375
8403,2225.4326171875
8404,2223.24853515625
8405,2221.06640625
8406,2218.886962890625
8407,2216.70947265625
8408,2214.535888671875
8409,2212.365478515625
8410,2210.195068359375
8411,2208.02978515625
8412,2205.866943359375
8413,2203.70654296875
8414,2201.549072265625
8415,2199.39501953125
8416,2197.239990234375
8417,2195.089599609375
8418,2192.94384765625
8419,2190.798095703125
8420,2188.656005859375
8421,2186.51611328125
8422,2184.3798828125
8423,2182.24609375
8424,2180.112548828125
8425,2177.984619140625
8426,2175.857666015625
8427,2173.73388671875
8428,2171.61279296875
8429,2169.493408203125
8430,2167.3779296875
8431,2165.264404296875
8432,2163.154052734375
8433,2161.04638671875
8434,2158.93798828125
8435,2156.835205078125
8436,2154.735595703125
8437,2152.636474609375
8438,2150.541748046875
8439,2148.44775390625
8440,2146.357421875
8441,2144.27001953125
8442,2142.18359375
8443,2140.1015625
8444,2138.02001953125
8445,2135.94287109375
8446,2133.867431640625
8447,2131.794921875
8448,2129.724853515625
8449,2127.656005859375
8450,2125.590576171875
8451,2123.52880859375
8452,2121.468505859375
8453,2119.409912109375
8454,2117.3544921875
8455,2115.301513671875
8456,2113.251708984375
8457,2111.203857421875
8458,2109.158447265625
8459,2107.11328125
8460,2105.074951171875
8461,2103.03662109375
8462,2101.000244140625
8463,2098.966796875
8464,2096.93603515625
8465,2094.908203125
8466,2092.8828125
8467,2090.8583984375
8468,2088.838134765625
8469,2086.820556640625
8470,2084.80322265625
8471,2082.79052734375
8472,2080.778564453125
8473,2078.769775390625
8474,2076.763671875
8475,2074.75927734375
8476,2072.75830078125
8477,2070.7578125
8478,2068.76220703125
8479,2066.768310546875
8480,2064.775634765625
8481,2062.78759765625
8482,2060.799560546875
8483,2058.814453125
8484,2056.831787109375
8485,2054.851318359375
8486,2052.873779296875
8487,2050.8984375
8488,2048.925537109375
8489,2046.95458984375
8490,2044.9864501953125
8491,2043.020751953125
8492,2041.0572509765625
8493,2039.0970458984375
8494,2037.1376953125
8495,2035.1810302734375
8496,2033.2264404296875
8497,2031.2750244140625
8498,2029.32421875
8499,2027.378662109375
8500,2025.4326171875
8501,2023.490234375
8502,2021.549560546875
8503,2019.612060546875
8504,2017.67626953125
8505,2015.7430419921875
8506,2013.8125
8507,2011.8843994140625
8508,2009.9569091796875
8509,2008.033203125
8510,2006.1107177734375
8511,2004.19091796875
8512,2002.274658203125
8513,2000.3587646484375
8514,1998.447021484375
8515,1996.5360107421875
8516,1994.6270751953125
8517,1992.72265625
8518,1990.818115234375
8519,1988.9166259765625
8520,1987.01806640625
8521,1985.1202392578125
8522,1983.2252197265625
8523,1981.333984375
8524,1979.4434814453125
8525,1977.5550537109375
8526,1975.66845703125
8527,1973.7847900390625
8528,1971.904296875
8529,1970.02587890625
8530,1968.146728515625
8531,1966.2735595703125
8532,1964.4013671875
8533,1962.531982421875
8534,1960.6632080078125
8535,1958.7984619140625
8536,1956.9339599609375
8537,1955.07275390625
8538,1953.2139892578125
8539,1951.3570556640625
8540,1949.5023193359375
8541,1947.648681640625
8542,1945.7977294921875
8543,1943.94921875
8544,1942.104248046875
8545,1940.260009765625
8546,1938.417724609375
8547,1936.5787353515625
8548,1934.7412109375
8549,1932.9071044921875
8550,1931.0732421875
8551,1929.2435302734375
8552,1927.41259765625
8553,1925.5853271484375
8554,1923.7625732421875
8555,1921.9398193359375
8556,1920.1187744140625
8557,1918.30078125
8558,1916.48486328125
8559,1914.669921875
8560,1912.8590087890625
8561,1911.0506591796875
8562,1909.2431640625
8563,1907.4375
8564,1905.6329345703125
8565,1903.83203125
8566,1902.0333251953125
8567,1900.2359619140625
8568,1898.4407958984375
8569,1896.6488037109375
8570,1894.858154296875
8571,1893.0692138671875
8572,1891.2828369140625
8573,1889.4979248046875
8574,1887.715087890625
8575,1885.9346923828125
8576,1884.156005859375
8577,1882.3812255859375
8578,1880.6075439453125
8579,1878.834228515625
8580,1877.064453125
8581,1875.2974853515625
8582,1873.5306396484375
8583,1871.766845703125
8584,1870.0045166015625
8585,1868.245361328125
8586,1866.4879150390625
8587,1864.7322998046875
8588,1862.9798583984375
8589,1861.22705078125
8590,1859.4775390625
8591,1857.730224609375
8592,1855.9853515625
8593,1854.2427978515625
8594,1852.499267578125
8595,1850.7607421875
8596,1849.023193359375
8597,1847.288330078125
8598,1845.55419921875
8599,1843.823486328125
8600,1842.094482421875
8601,1840.3662109375
8602,1838.6397705078125
8603,1836.9166259765625
8604,1835.1962890625
8605,1833.476318359375
8606,1831.7589111328125
8607,1830.044189453125
8608,1828.3304443359375
8609,1826.6187744140625
8610,1824.9102783203125
8611,1823.201904296875
8612,1821.4964599609375
8613,1819.79296875
8614,1818.091552734375
8615,1816.3922119140625
8616,1814.694091796875
8617,1812.998291015625
8618,1811.304443359375
8619,1809.6123046875
8620,1807.9228515625
8621,1806.234375
8622,1804.5478515625
8623,1802.864990234375
8624,1801.182861328125
8625,1799.50244140625
8626,1797.823974609375
8627,1796.147216796875
8628,1794.47265625
8629,1792.799560546875
8630,1791.130126953125
8631,1789.460693359375
8632,1787.7939453125
8633,1786.12939453125
8634,1784.466796875
8635,1782.8057861328125
8636,1781.146728515625
8637,1779.4901123046875
8638,1777.8331298828125
8639,1776.1795654296875
8640,1774.52880859375
8641,1772.8795166015625
8642,1771.2314453125
8643,1769.5845947265625
8644,1767.9407958984375
8645,1766.298828125
8646,1764.657958984375
8647,1763.018798828125
8648,1761.3826904296875
8649,1759.748291015625
8650,1758.115234375
8651,1756.4842529296875
8652,1754.85546875
8653,1753.228759765625
8654,1751.60302734375
8655,1749.978515625
8656,1748.3572998046875
8657,1746.737548828125
8658,1745.1195068359375
8659,1743.5047607421875
8660,1741.8892822265625
8661,1740.2772216796875
8662,1738.666015625
8663,1737.056884765625
8664,1735.4495849609375
8665,1733.8446044921875
8666,1732.240478515625
8667,1730.6390380859375
8668,1729.040283203125
8669,1727.4415283203125
8670,1725.845947265625
8671,1724.2530517578125
8672,1722.6597900390625
8673,1721.0682373046875
8674,1719.47900390625
8675,1717.8927001953125
8676,1716.3060302734375
8677,1714.7236328125
8678,1713.14208984375
8679,1711.5615234375
8680,1709.984375
8681,1708.40771484375
8682,1706.8323974609375
8683,1705.260498046875
8684,1703.6888427734375
8685,1702.119384765625
8686,1700.55224609375
8687,1698.987060546875
8688,1697.4227294921875
8689,1695.8607177734375
8690,1694.30029296875
8691,1692.7412109375
8692,1691.185302734375
8693,1689.6297607421875
8694,1688.07470703125
8695,1686.5240478515625
8696,1684.9739990234375
8697,1683.426513671875
8698,1681.8790283203125
8699,1680.335205078125
8700,1678.79248046875
8701,1677.25
8702,1675.7113037109375
8703,1674.1727294921875
8704,1672.636962890625
8705,1671.1025390625
8706,1669.5701904296875
8707,1668.0389404296875
8708,1666.5098876953125
8709,1664.9820556640625
8710,1663.457275390625
8711,1661.9322509765625
8712,1660.410400390625
8713,1658.8905029296875
8714,1657.3709716796875
8715,1655.85302734375
8716,1654.338623046875
8717,1652.8251953125
8718,1651.312255859375
8719,1649.8017578125
8720,1648.29248046875
8721,1646.7864990234375
8722,1645.27978515625
8723,1643.7760009765625
8724,1642.2738037109375
8725,1640.7738037109375
8726,1639.2750244140625
8727,1637.7783203125
8728,1636.2830810546875
8729,1634.7886962890625
8730,1633.2972412109375
8731,1631.8065185546875
8732,1630.31787109375
8733,1628.8304443359375
8734,1627.3455810546875
8735,1625.8614501953125
8736,1624.380126953125
8737,1622.8990478515625
8738,1621.4197998046875
8739,1619.9437255859375
8740,1618.4677734375
8741,1616.994384765625
8742,1615.5213623046875
8743,1614.0513916015625
8744,1612.5816650390625
8745,1611.114501953125
8746,1609.648681640625
8747,1608.1859130859375
8748,1606.7227783203125
8749,1605.2620849609375
8750,1603.802978515625
8751,1602.344482421875
8752,1600.8890380859375
8753,1599.4346923828125
8754,1597.9822998046875
8755,1596.5302734375
8756,1595.0810546875
8757,1593.6319580078125
8758,1592.186279296875
8759,1590.7415771484375
8760,1589.2977294921875
8761,1587.8575439453125
8762,1586.417724609375
8763,1584.978515625
8764,1583.54296875
8765,1582.1064453125
8766,1580.674072265625
8767,1579.240478515625
8768,1577.8104248046875
8769,1576.3819580078125
8770,1574.9544677734375
8771,1573.5284423828125
8772,1572.1044921875
8773,1570.6822509765625
8774,1569.260986328125
8775,1567.8408203125
8776,1566.423828125
8777,1565.007568359375
8778,1563.5926513671875
8779,1562.179443359375
8780,1560.7667236328125
8781,1559.356689453125
8782,1557.947998046875
8783,1556.5404052734375
8784,1555.135498046875
8785,1553.732177734375
8786,1552.3289794921875
8787,1550.9293212890625
8788,1549.530029296875
8789,1548.1309814453125
8790,1546.7347412109375
8791,1545.3397216796875
8792,1543.9473876953125
8793,1542.554443359375
8794,1541.1654052734375
8795,1539.7764892578125
8796,1538.38916015625
8797,1537.0035400390625
8798,1535.6185302734375
8799,1534.2374267578125
8800,1532.8564453125
8801,1531.476806640625
8802,1530.0982666015625
8803,1528.7218017578125
8804,1527.346923828125
8805,1525.9737548828125
8806,1524.600830078125
8807,1523.2301025390625
8808,1521.862060546875
8809,1520.493408203125
8810,1519.1273193359375
8811,1517.76318359375
8812,1516.400146484375
8813,1515.0389404296875
8814,1513.677978515625
8815,1512.3204345703125
8816,1510.9622802734375
8817,1509.606689453125
8818,1508.252685546875
8819,1506.9010009765625
8820,1505.548828125
8821,1504.198974609375
8822,1502.850830078125
8823,1501.5030517578125
8824,1500.15771484375
8825,1498.813720703125
8826,1497.47216796875
8827,1496.13037109375
8828,1494.791748046875
8829,1493.4532470703125
8830,1492.11669921875
8831,1490.78125
8832,1489.447509765625
8833,1488.11669921875
8834,1486.7845458984375
8835,1485.4541015625
8836,1484.1268310546875
8837,1482.800048828125
8838,1481.4752197265625
8839,1480.1517333984375
8840,1478.829833984375
8841,1477.5089111328125
8842,1476.1881103515625
8843,1474.8704833984375
8844,1473.553466796875
8845,1472.239013671875
8846,1470.925048828125
8847,1469.6123046875
8848,1468.302490234375
8849,1466.9931640625
8850,1465.6846923828125
8851,1464.378173828125
8852,1463.072509765625
8853,1461.76904296875
8854,1460.4671630859375
8855,1459.165771484375
8856,1457.8662109375
8857,1456.5679931640625
8858,1455.2711181640625
8859,1453.9761962890625
8860,1452.68212890625
8861,1451.3883056640625
8862,1450.0965576171875
8863,1448.80712890625
8864,1447.518798828125
8865,1446.23193359375
8866,1444.94677734375
8867,1443.6622314453125
8868,1442.37939453125
8869,1441.0985107421875
8870,1439.8175048828125
8871,1438.5394287109375
8872,1437.2607421875
8873,1435.9857177734375
8874,1434.71044921875
8875,1433.43798828125
8876,1432.16552734375
8877,1430.8946533203125
8878,1429.625732421875
8879,1428.3577880859375
8880,1427.092529296875
8881,1425.8262939453125
8882,1424.562255859375
8883,1423.2998046875
8884,1422.0386962890625
8885,1420.778564453125
8886,1419.52099609375
8887,1418.263671875
8888,1417.008544921875
8889,1415.7535400390625
8890,1414.500732421875
8891,1413.248779296875
8892,1411.9979248046875
8893,1410.748779296875
8894,1409.502197265625
8895,1408.2550048828125
8896,1407.010498046875
8897,1405.7662353515625
8898,1404.52392578125
8899,1403.281982421875
8900,1402.04248046875
8901,1400.803955078125
8902,1399.5677490234375
8903,1398.332275390625
8904,1397.0975341796875
8905,1395.86376953125
8906,1394.6319580078125
8907,1393.4007568359375
8908,1392.1722412109375
8909,1390.9443359375
8910,1389.7183837890625
8911,1388.4927978515625
8912,1387.269287109375
8913,1386.0455322265625
8914,1384.824462890625
8915,1383.604248046875
8916,1382.38525390625
8917,1381.16748046875
8918,1379.951171875
8919,1378.7362060546875
8920,1377.52294921875
8921,1376.311279296875
8922,1375.0989990234375
8923,1373.8896484375
8924,1372.6805419921875
8925,1371.4737548828125
8926,1370.267822265625
8927,1369.062744140625
8928,1367.859130859375
8929,1366.6573486328125
8930,1365.4566650390625
8931,1364.2568359375
8932,1363.0584716796875
8933,1361.862060546875
8934,1360.6650390625
8935,1359.4710693359375
8936,1358.2772216796875
8937,1357.0855712890625
8938,1355.8939208984375
8939,1354.7044677734375
8940,1353.5169677734375
8941,1352.3292236328125
8942,1351.144775390625
8943,1349.9593505859375
8944,1348.7764892578125
8945,1347.59375
8946,1346.412841796875
8947,1345.2344970703125
8948,1344.0552978515625
8949,1342.8779296875
8950,1341.7027587890625
8951,1340.5274658203125
8952,1339.3553466796875
8953,1338.1820068359375
8954,1337.0123291015625
8955,1335.84228515625
8956,1334.6737060546875
8957,1333.505615234375
8958,1332.3397216796875
8959,1331.1751708984375
8960,1330.01123046875
8961,1328.849609375
8962,1327.6878662109375
8963,1326.5284423828125
8964,1325.3697509765625
8965,1324.2122802734375
8966,1323.0562744140625
8967,1321.90087890625
8968,1320.7470703125
8969,1319.5948486328125
8970,1318.4432373046875
8971,1317.2923583984375
8972,1316.1436767578125
8973,1314.9959716796875
8974,1313.8489990234375
8975,1312.7034912109375
8976,1311.5596923828125
8977,1310.416259765625
8978,1309.2745361328125
8979,1308.1334228515625
8980,1306.9945068359375
8981,1305.856201171875
8982,1304.7197265625
8983,1303.5836181640625
8984,1302.4482421875
8985,1301.3155517578125
8986,1300.1829833984375
8987,1299.0517578125
8988,1297.92236328125
8989,1296.79443359375
8990,1295.6656494140625
8991,1294.539306640625
8992,1293.4136962890625
8993,1292.289794921875
8994,1291.1661376953125
8995,1290.0455322265625
8996,1288.9249267578125
8997,1287.8052978515625
8998,1286.6866455078125
8999,1285.5701904296875
9000,1284.4537353515625
9001,1283.3392333984375
9002,1282.225341796875
9003,1281.1131591796875
9004,1280.001708984375
9005,1278.89208984375
9006,1277.78271484375
9007,1276.6741943359375
9008,1275.5684814453125
9009,1274.4627685546875
9010,1273.35791015625
9011,1272.2547607421875
9012,1271.15380859375
9013,1270.052001953125
9014,1268.951416015625
9015,1267.852783203125
9016,1266.7552490234375
9017,1265.6590576171875
9018,1264.5633544921875
9019,1263.46923828125
9020,1262.37646484375
9021,1261.2847900390625
9022,1260.193359375
9023,1259.1038818359375
9024,1258.0155029296875
9025,1256.9278564453125
9026,1255.841796875
9027,1254.7572021484375
9028,1253.6728515625
9029,1252.590087890625
9030,1251.508056640625
9031,1250.427734375
9032,1249.3480224609375
9033,1248.26953125
9034,1247.1920166015625
9035,1246.115966796875
9036,1245.0406494140625
9037,1243.967041015625
9038,1242.8935546875
9039,1241.8218994140625
9040,1240.751220703125
9041,1239.6810302734375
9042,1238.61279296875
9043,1237.5460205078125
9044,1236.480224609375
9045,1235.41357421875
9046,1234.350341796875
9047,1233.287109375
9048,1232.2254638671875
9049,1231.164306640625
9050,1230.1046142578125
9051,1229.046142578125
9052,1227.988525390625
9053,1226.931884765625
9054,1225.876220703125
9055,1224.822265625
9056,1223.768798828125
9057,1222.7164306640625
9058,1221.665283203125
9059,1220.6156005859375
9060,1219.5662841796875
9061,1218.5179443359375
9062,1217.47119140625
9063,1216.42529296875
9064,1215.3804931640625
9065,1214.3380126953125
9066,1213.2960205078125
9067,1212.25439453125
9068,1211.213623046875
9069,1210.1739501953125
9070,1209.1357421875
9071,1208.0980224609375
9072,1207.062744140625
9073,1206.0263671875
9074,1204.9932861328125
9075,1203.960205078125
9076,1202.927978515625
9077,1201.896484375
9078,1200.866943359375
9079,1199.8382568359375
9080,1198.81005859375
9081,1197.783447265625
9082,1196.758544921875
9083,1195.7340087890625
9084,1194.710205078125
9085,1193.68798828125
9086,1192.6663818359375
9087,1191.64599609375
9088,1190.626708984375
9089,1189.608154296875
9090,1188.591552734375
9091,1187.5751953125
9092,1186.5594482421875
9093,1185.5462646484375
9094,1184.5322265625
9095,1183.5198974609375
9096,1182.509033203125
9097,1181.498291015625
9098,1180.4891357421875
9099,1179.4815673828125
9100,1178.4742431640625
9101,1177.46826171875
9102,1176.462646484375
9103,1175.4593505859375
9104,1174.4566650390625
9105,1173.45458984375
9106,1172.4539794921875
9107,1171.4539794921875
9108,1170.455322265625
9109,1169.457275390625
9110,1168.460693359375
9111,1167.4642333984375
9112,1166.46923828125
9113,1165.4754638671875
9114,1164.4830322265625
9115,1163.4913330078125
9116,1162.5006103515625
9117,1161.510498046875
9118,1160.521728515625
9119,1159.5340576171875
9120,1158.5472412109375
9121,1157.5609130859375
9122,1156.5762939453125
9123,1155.5921630859375
9124,1154.6102294921875
9125,1153.627685546875
9126,1152.6470947265625
9127,1151.666259765625
9128,1150.688232421875
9129,1149.7110595703125
9130,1148.7325439453125
9131,1147.757080078125
9132,1146.7828369140625
9133,1145.807861328125
9134,1144.8360595703125
9135,1143.863037109375
9136,1142.8924560546875
9137,1141.9219970703125
9138,1140.9534912109375
9139,1139.9847412109375
9140,1139.017578125
9141,1138.0518798828125
9142,1137.08642578125
9143,1136.12255859375
9144,1135.158203125
9145,1134.1959228515625
9146,1133.2349853515625
9147,1132.27490234375
9148,1131.31494140625
9149,1130.3570556640625
9150,1129.4002685546875
9151,1128.443115234375
9152,1127.4874267578125
9153,1126.533203125
9154,1125.57861328125
9155,1124.626953125
9156,1123.67529296875
9157,1122.723876953125
9158,1121.7745361328125
9159,1120.826171875
9160,1119.8778076171875
9161,1118.9305419921875
9162,1117.9844970703125
9163,1117.0396728515625
9164,1116.0953369140625
9165,1115.1519775390625
9166,1114.2100830078125
9167,1113.26904296875
9168,1112.327880859375
9169,1111.3883056640625
9170,1110.4500732421875
9171,1109.5126953125
9172,1108.575439453125
9173,1107.64013671875
9174,1106.70556640625
9175,1105.77197265625
9176,1104.8389892578125
9177,1103.906982421875
9178,1102.9761962890625
9179,1102.046142578125
9180,1101.116943359375
9181,1100.18896484375
9182,1099.26123046875
9183,1098.335205078125
9184,1097.4093017578125
9185,1096.4852294921875
9186,1095.56103515625
9187,1094.638671875
9188,1093.7156982421875
9189,1092.7955322265625
9190,1091.875732421875
9191,1090.95654296875
9192,1090.0382080078125
9193,1089.1212158203125
9194,1088.2049560546875
9195,1087.28955078125
9196,1086.3758544921875
9197,1085.461669921875
9198,1084.54931640625
9199,1083.63720703125
9200,1082.7264404296875
9201,1081.816162109375
9202,1080.9078369140625
9203,1079.9989013671875
9204,1079.0916748046875
9205,1078.185546875
9206,1077.280029296875
9207,1076.37548828125
9208,1075.4715576171875
9209,1074.5689697265625
9210,1073.66748046875
9211,1072.7657470703125
9212,1071.8653564453125
9213,1070.9658203125
9214,1070.0677490234375
9215,1069.1702880859375
9216,1068.2738037109375
9217,1067.3782958984375
9218,1066.4840087890625
9219,1065.5899658203125
9220,1064.6968994140625
9221,1063.804443359375
9222,1062.9130859375
9223,1062.02294921875
9224,1061.134033203125
9225,1060.245361328125
9226,1059.3577880859375
9227,1058.47021484375
9228,1057.583740234375
9229,1056.69921875
9230,1055.8148193359375
9231,1054.931396484375
9232,1054.0484619140625
9233,1053.167724609375
9234,1052.2872314453125
9235,1051.406494140625
9236,1050.5281982421875
9237,1049.649169921875
9238,1048.7720947265625
9239,1047.8956298828125
9240,1047.0201416015625
9241,1046.1456298828125
9242,1045.271484375
9243,1044.398681640625
9244,1043.52685546875
9245,1042.6552734375
9246,1041.78515625
9247,1040.915283203125
9248,1040.04638671875
9249,1039.178466796875
9250,1038.3118896484375
9251,1037.4456787109375
9252,1036.5802001953125
9253,1035.7154541015625
9254,1034.851806640625
9255,1033.9893798828125
9256,1033.127197265625
9257,1032.26611328125
9258,1031.4061279296875
9259,1030.5462646484375
9260,1029.6871337890625
9261,1028.829833984375
9262,1027.9735107421875
9263,1027.116943359375
9264,1026.2623291015625
9265,1025.407958984375
9266,1024.5540771484375
9267,1023.7017822265625
9268,1022.8499145507812
9269,1021.9986572265625
9270,1021.1486206054688
9271,1020.298583984375
9272,1019.4509887695312
9273,1018.60302734375
9274,1017.7560424804688
9275,1016.9097290039062
9276,1016.0645751953125
9277,1015.2198486328125
9278,1014.3767700195312
9279,1013.5346069335938
9280,1012.6917724609375
9281,1011.8512573242188
9282,1011.0106201171875
9283,1010.1705322265625
9284,1009.3319091796875
9285,1008.4945068359375
9286,1007.6577758789062
9287,1006.8212280273438
9288,1005.9857788085938
9289,1005.1510620117188
9290,1004.31787109375
9291,1003.48486328125
9292,1002.6524658203125
9293,1001.8209838867188
9294,1000.9908447265625
9295,1000.1610717773438
9296,999.332763671875
9297,998.5037231445312
9298,997.6768798828125
9299,996.8500366210938
9300,996.024169921875
9301,995.1998901367188
9302,994.375732421875
9303,993.5516357421875
9304,992.7296142578125
9305,991.9077758789062
9306,991.0864868164062
9307,990.266845703125
9308,989.4468994140625
9309,988.6297607421875
9310,987.8107299804688
9311,986.9932861328125
9312,986.1779174804688
9313,985.3629760742188
9314,984.5484008789062
9315,983.7344970703125
9316,982.9215087890625
9317,982.1087036132812
9318,981.297607421875
9319,980.4867553710938
9320,979.6768798828125
9321,978.8676147460938
9322,978.0599365234375
9323,977.2523803710938
9324,976.4461059570312
9325,975.6399536132812
9326,974.8348999023438
9327,974.030029296875
9328,973.2265625
9329,972.4236450195312
9330,971.6216430664062
9331,970.820068359375
9332,970.0188598632812
9333,969.2196044921875
9334,968.4204711914062
9335,967.6222534179688
9336,966.8246459960938
9337,966.0286254882812
9338,965.2329711914062
9339,964.4376220703125
9340,963.6430053710938
9341,962.8493041992188
9342,962.0568237304688
9343,961.264892578125
9344,960.4734497070312
9345,959.68310546875
9346,958.8934936523438
9347,958.104248046875
9348,957.3157348632812
9349,956.5283813476562
9350,955.7413330078125
9351,954.9553833007812
9352,954.169921875
9353,953.3857421875
9354,952.6021118164062
9355,951.81884765625
9356,951.0360107421875
9357,950.2545166015625
9358,949.474609375
9359,948.6937255859375
9360,947.9144287109375
9361,947.13623046875
9362,946.35888671875
9363,945.5819702148438
9364,944.8056030273438
9365,944.0297241210938
9366,943.2559204101562
9367,942.4812622070312
9368,941.7083740234375
9369,940.9348754882812
9370,940.1637573242188
9371,939.3928833007812
9372,938.6220703125
9373,937.852783203125
9374,937.0839233398438
9375,936.3157958984375
9376,935.5479736328125
9377,934.7816772460938
9378,934.0155029296875
9379,933.2498779296875
9380,932.4859619140625
9381,931.7222290039062
9382,930.958984375
9383,930.1968994140625
9384,929.4349975585938
9385,928.6743774414062
9386,927.9143676757812
9387,927.1539306640625
9388,926.395751953125
9389,925.6381225585938
9390,924.881103515625
9391,924.125
9392,923.3690185546875
9393,922.6141357421875
9394,921.859375
9395,921.1060180664062
9396,920.35302734375
9397,919.6006469726562
9398,918.8489990234375
9399,918.0982666015625
9400,917.3486328125
9401,916.59912109375
9402,915.8511962890625
9403,915.1029663085938
9404,914.3551635742188
9405,913.6088256835938
9406,912.8629760742188
9407,912.1177368164062
9408,911.373291015625
9409,910.629638671875
9410,909.8866577148438
9411,909.1446533203125
9412,908.4030151367188
9413,907.6622314453125
9414,906.9221801757812
9415,906.1826171875
9416,905.4442749023438
9417,904.7057495117188
9418,903.9686279296875
9419,903.2317504882812
9420,902.4966430664062
9421,901.760986328125
9422,901.0262451171875
9423,900.2930297851562
9424,899.5597534179688
9425,898.8277587890625
9426,898.0952758789062
9427,897.3643798828125
9428,896.63330078125
9429,895.9038696289062
9430,895.1751708984375
9431,894.4467163085938
9432,893.7191772460938
9433,892.992431640625
9434,892.265869140625
9435,891.540283203125
9436,890.8151245117188
9437,890.0910034179688
9438,889.3673706054688
9439,888.6448974609375
9440,887.9227905273438
9441,887.2013549804688
9442,886.4806518554688
9443,885.7604370117188
9444,885.0408935546875
9445,884.3223266601562
9446,883.604248046875
9447,882.8865966796875
9448,882.1698608398438
9449,881.45361328125
9450,880.739013671875
9451,880.0239868164062
9452,879.3104248046875
9453,878.5972290039062
9454,877.8842163085938
9455,877.1722412109375
9456,876.4605102539062
9457,875.750244140625
9458,875.0400390625
9459,874.3306274414062
9460,873.6223754882812
9461,872.91455078125
9462,872.2063598632812
9463,871.5
9464,870.7940673828125
9465,870.0884399414062
9466,869.3848266601562
9467,868.6798706054688
9468,867.9765625
9469,867.2737426757812
9470,866.5718383789062
9471,865.8709716796875
9472,865.1704711914062
9473,864.4708251953125
9474,863.7711181640625
9475,863.0726318359375
9476,862.374267578125
9477,861.67626953125
9478,860.9800415039062
9479,860.2837524414062
9480,859.588134765625
9481,858.8941040039062
9482,858.1990966796875
9483,857.5057983398438
9484,856.8130493164062
9485,856.119873046875
9486,855.4287719726562
9487,854.7384033203125
9488,854.047607421875
9489,853.3574829101562
9490,852.6687622070312
9491,851.9804077148438
9492,851.292724609375
9493,850.6056518554688
9494,849.9196166992188
9495,849.233642578125
9496,848.548095703125
9497,847.864013671875
9498,847.179931640625
9499,846.4962768554688
9500,845.8139038085938
9501,845.1320190429688
9502,844.4509887695312
9503,843.7703857421875
9504,843.0902099609375
9505,842.4108276367188
9506,841.7321166992188
9507,841.0538940429688
9508,840.3765258789062
9509,839.6995239257812
9510,839.0228271484375
9511,838.3473510742188
9512,837.6725463867188
9513,836.9981079101562
9514,836.3247680664062
9515,835.651123046875
9516,834.978759765625
9517,834.30712890625
9518,833.6358642578125
9519,832.9649047851562
9520,832.294921875
9521,831.6251220703125
9522,830.9568481445312
9523,830.2887573242188
9524,829.6213989257812
9525,828.9545288085938
9526,828.2881469726562
9527,827.6223754882812
9528,826.9572143554688
9529,826.2926025390625
9530,825.6287841796875
9531,824.9660034179688
9532,824.30322265625
9533,823.6417846679688
9534,822.9798583984375
9535,822.3195190429688
9536,821.6593627929688
9537,820.9998779296875
9538,820.34130859375
9539,819.6826782226562
9540,819.024658203125
9541,818.36767578125
9542,817.7111206054688
9543,817.0553588867188
9544,816.3997802734375
9545,815.7457885742188
9546,815.09130859375
9547,814.4383544921875
9548,813.7847290039062
9549,813.1323852539062
9550,812.4810180664062
9551,811.830322265625
9552,811.1797485351562
9553,810.5297241210938
9554,809.880859375
9555,809.2321166992188
9556,808.5841064453125
9557,807.93701171875
9558,807.2901000976562
9559,806.6439819335938
9560,805.9983520507812
9561,805.3530883789062
9562,804.7088623046875
9563,804.0653076171875
9564,803.421630859375
9565,802.77880859375
9566,802.1370849609375
9567,801.4953002929688
9568,800.8545532226562
9569,800.2142333984375
9570,799.5742797851562
9571,798.935791015625
9572,798.2962646484375
9573,797.6583251953125
9574,797.0211181640625
9575,796.3839721679688
9576,795.7477416992188
9577,795.1123657226562
9578,794.4775390625
9579,793.84326171875
9580,793.2092895507812
9581,792.5761108398438
9582,791.9437866210938
9583,791.3110961914062
9584,790.6799926757812
9585,790.0491333007812
9586,789.4182739257812
9587,788.7883911132812
9588,788.1597290039062
9589,787.5308227539062
9590,786.9028930664062
9591,786.2754516601562
9592,785.6488647460938
9593,785.0218505859375
9594,784.396240234375
9595,783.7713012695312
9596,783.1466064453125
9597,782.5223388671875
9598,781.8988037109375
9599,781.2761840820312
9600,780.653564453125
9601,780.031982421875
9602,779.410888671875
9603,778.7897338867188
9604,778.1703491210938
9605,777.5506591796875
9606,776.931396484375
9607,776.313720703125
9608,775.695068359375
9609,775.0782470703125
9610,774.4611206054688
9611,773.8460083007812
9612,773.2300415039062
9613,772.6148681640625
9614,772.000732421875
9615,771.3872680664062
9616,770.7737426757812
9617,770.1611938476562
9618,769.5487670898438
9619,768.93701171875
9620,768.3261108398438
9621,767.7159423828125
9622,767.1058959960938
9623,766.4965209960938
9624,765.8872680664062
9625,765.279296875
9626,764.671142578125
9627,764.0640869140625
9628,763.4575805664062
9629,762.8519287109375
9630,762.2459716796875
9631,761.6409912109375
9632,761.0364379882812
9633,760.4324951171875
9634,759.829345703125
9635,759.2268676757812
9636,758.6243286132812
9637,758.0228271484375
9638,757.4216918945312
9639,756.8213500976562
9640,756.2216186523438
9641,755.6221923828125
9642,755.0227661132812
9643,754.4244384765625
9644,753.82666015625
9645,753.2294921875
9646,752.6324462890625
9647,752.0367431640625
9648,751.4407958984375
9649,750.8455200195312
9650,750.2510986328125
9651,749.6568603515625
9652,749.0630493164062
9653,748.4703979492188
9654,747.8781127929688
9655,747.2861328125
9656,746.6946411132812
9657,746.1038818359375
9658,745.5134887695312
9659,744.9237670898438
9660,744.3348999023438
9661,743.7460327148438
9662,743.1585083007812
9663,742.5701904296875
9664,741.982421875
9665,741.396240234375
9666,740.8102416992188
9667,740.224365234375
9668,739.6397094726562
9669,739.0552978515625
9670,738.4712524414062
9671,737.88818359375
9672,737.3056640625
9673,736.7232055664062
9674,736.1407470703125
9675,735.5599365234375
9676,734.9791259765625
9677,734.3986206054688
9678,733.8194580078125
9679,733.240234375
9680,732.6612548828125
9681,732.0833740234375
9682,731.5057373046875
9683,730.9286499023438
9684,730.35205078125
9685,729.7766723632812
9686,729.2005615234375
9687,728.62548828125
9688,728.0507202148438
9689,727.4771118164062
9690,726.9032592773438
9691,726.3303833007812
9692,725.7579956054688
9693,725.1859130859375
9694,724.61474609375
9695,724.0433959960938
9696,723.4735107421875
9697,722.903564453125
9698,722.3342895507812
9699,721.7650146484375
9700,721.1972045898438
9701,720.629150390625
9702,720.0615844726562
9703,719.49560546875
9704,718.9290161132812
9705,718.3631591796875
9706,717.7984008789062
9707,717.2332153320312
9708,716.6690063476562
9709,716.1055908203125
9710,715.541748046875
9711,714.97900390625
9712,714.4169921875
9713,713.8554077148438
9714,713.2939453125
9715,712.7335205078125
9716,712.1735229492188
9717,711.6136474609375
9718,711.0548095703125
9719,710.4960327148438
9720,709.937255859375
9721,709.3800659179688
9722,708.82275390625
9723,708.2662353515625
9724,707.709228515625
9725,707.153564453125
9726,706.5987548828125
9727,706.0441284179688
9728,705.4898681640625
9729,704.935791015625
9730,704.3831176757812
9731,703.830078125
9732,703.27783203125
9733,702.7259521484375
9734,702.1748657226562
9735,701.6242065429688
9736,701.07373046875
9737,700.5242309570312
9738,699.974853515625
9739,699.4263305664062
9740,698.8776245117188
9741,698.3302001953125
9742,697.7825927734375
9743,697.2363891601562
9744,696.689453125
9745,696.1439819335938
9746,695.5986328125
9747,695.0536499023438
9748,694.5093994140625
9749,693.9650268554688
9750,693.422119140625
9751,692.8793334960938
9752,692.3368530273438
9753,691.794921875
9754,691.2532958984375
9755,690.7125244140625
9756,690.1717529296875
9757,689.6309204101562
9758,689.091552734375
9759,688.5528564453125
9760,688.013916015625
9761,687.4762573242188
9762,686.93798828125
9763,686.4012451171875
9764,685.8646240234375
9765,685.328125
9766,684.7926635742188
9767,684.2575073242188
9768,683.7228393554688
9769,683.1883544921875
9770,682.6544189453125
9771,682.1207885742188
9772,681.5882568359375
9773,681.0554809570312
9774,680.5239868164062
9775,679.9923706054688
9776,679.461669921875
9777,678.9308471679688
9778,678.401123046875
9779,677.8707275390625
9780,677.342041015625
9781,676.8140869140625
9782,676.2852172851562
9783,675.7573852539062
9784,675.229736328125
9785,674.7035522460938
9786,674.1771240234375
9787,673.6514892578125
9788,673.1256713867188
9789,672.6011962890625
9790,672.0762939453125
9791,671.5526123046875
9792,671.0288696289062
9793,670.5059814453125
9794,669.9833984375
9795,669.4617309570312
9796,668.939697265625
9797,668.4186401367188
9798,667.8980712890625
9799,667.3777465820312
9800,666.85791015625
9801,666.3390502929688
9802,665.8195190429688
9803,665.3013916015625
9804,664.7831420898438
9805,664.2662353515625
9806,663.7489624023438
9807,663.2319946289062
9808,662.7158813476562
9809,662.2003784179688
9810,661.6847534179688
9811,661.1703491210938
9812,660.6563110351562
9813,660.1419677734375
9814,659.6289672851562
9815,659.115966796875
9816,658.603271484375
9817,658.0908203125
9818,657.5794677734375
9819,657.0678100585938
9820,656.5574951171875
9821,656.047119140625
9822,655.5371704101562
9823,655.0281372070312
9824,654.5184936523438
9825,654.01025390625
9826,653.50244140625
9827,652.9947509765625
9828,652.4877319335938
9829,651.9813232421875
9830,651.474853515625
9831,650.96923828125
9832,650.464111328125
9833,649.9588623046875
9834,649.454345703125
9835,648.950927734375
9836,648.4470825195312
9837,647.9439086914062
9838,647.4407958984375
9839,646.9395141601562
9840,646.4375
9841,645.9359130859375
9842,645.4353637695312
9843,644.9347534179688
9844,644.4342651367188
9845,643.9351196289062
9846,643.4356079101562
9847,642.9368896484375
9848,642.4385986328125
9849,641.9411010742188
9850,641.4434814453125
9851,640.9464111328125
9852,640.4498291015625
9853,639.9537963867188
9854,639.4580078125
9855,638.9629516601562
9856,638.468017578125
9857,637.973388671875
9858,637.479248046875
9859,636.9861450195312
9860,636.4923706054688
9861,636.0
9862,635.5077514648438
9863,635.0161743164062
9864,634.525146484375
9865,634.033935546875
9866,633.5433959960938
9867,633.0535278320312
9868,632.5641479492188
9869,632.07470703125
9870,631.585693359375
9871,631.0978393554688
9872,630.6094360351562
9873,630.122314453125
9874,629.634765625
9875,629.1483154296875
9876,628.6622924804688
9877,628.176513671875
9878,627.69091796875
9879,627.2062377929688
9880,626.721435546875
9881,626.2373046875
9882,625.7538452148438
9883,625.2705078125
9884,624.7877197265625
9885,624.3049926757812
9886,623.8231811523438
9887,623.3416137695312
9888,622.8603515625
9889,622.3795166015625
9890,621.8989868164062
9891,621.4191284179688
9892,620.9401245117188
9893,620.4608764648438
9894,619.982177734375
9895,619.504150390625
9896,619.0263061523438
9897,618.5485229492188
9898,618.0718994140625
9899,617.5952758789062
9900,617.1190185546875
9901,616.6431274414062
9902,616.1679077148438
9903,615.6934204101562
9904,615.218505859375
9905,614.7447509765625
9906,614.2711181640625
9907,613.7977905273438
9908,613.3250122070312
9909,612.8525390625
9910,612.380126953125
9911,611.9087524414062
9912,611.437744140625
9913,610.9669799804688
9914,610.49658203125
9915,610.0264892578125
9916,609.5570068359375
9917,609.0880126953125
9918,608.619140625
9919,608.150634765625
9920,607.68310546875
9921,607.2150268554688
9922,606.7478637695312
9923,606.281494140625
9924,605.814697265625
9925,605.3486328125
9926,604.8837280273438
9927,604.4185180664062
9928,603.9537353515625
9929,603.4893188476562
9930,603.0257568359375
9931,602.5623168945312
9932,602.0988159179688
9933,601.6360473632812
9934,601.1742553710938
9935,600.7122802734375
9936,600.2506103515625
9937,599.7896118164062
9938,599.3287353515625
9939,598.8687744140625
9940,598.4086303710938
9941,597.9492797851562
9942,597.4903564453125
9943,597.03173828125
9944,596.572998046875
9945,596.115234375
9946,595.6578369140625
9947,595.20068359375
9948,594.743896484375
9949,594.2879638671875
9950,593.8313598632812
9951,593.3760986328125
9952,592.9210205078125
9953,592.4663696289062
9954,592.0118408203125
9955,591.5579223632812
9956,591.1041259765625
9957,590.6509399414062
9958,590.1980590820312
9959,589.7457275390625
9960,589.2937622070312
9961,588.8417358398438
9962,588.3905639648438
9963,587.9398193359375
9964,587.4891357421875
9965,587.0390625
9966,586.5892333984375
9967,586.1402587890625
9968,585.6915283203125
9969,585.2425537109375
9970,584.7946166992188
9971,584.3471069335938
9972,583.8995971679688
9973,583.452880859375
9974,583.0059204101562
9975,582.5599975585938
9976,582.1141357421875
9977,581.668701171875
9978,581.2236328125
9979,580.7791748046875
9980,580.33447265625
9981,579.8909301757812
9982,579.447265625
9983,579.0040283203125
9984,578.5613403320312
9985,578.1190185546875
9986,577.677001953125
9987,577.2354736328125
9988,576.7941284179688
9989,576.3529663085938
9990,575.9127197265625
9991,575.4723510742188
9992,575.032470703125
9993,574.5931396484375
9994,574.1543579101562
9995,573.7156372070312
9996,573.2776489257812
9997,572.8399047851562
9998,572.4021606445312
9999,571.9651489257812
10000,571.5283813476562
