epoch,loss
1,0.16591589152812958
2,0.16271920502185822
3,0.16027869284152985
4,0.15842227637767792
5,0.1571618914604187
6,0.15690305829048157
7,0.15690305829048157
8,0.15690305829048157
9,0.15690305829048157
10,0.15690305829048157
11,0.15690305829048157
12,0.15690305829048157
13,0.15690305829048157
14,0.15690305829048157
15,0.15690305829048157
16,0.15690305829048157
17,0.15690305829048157
18,0.15690305829048157
19,0.15690305829048157
20,0.15690305829048157
21,0.15690305829048157
22,0.15690305829048157
23,0.15690305829048157
24,0.15690305829048157
25,0.15690305829048157
26,0.15690305829048157
27,0.15690305829048157
28,0.15690305829048157
29,0.15690305829048157
30,0.15690305829048157
31,0.15690305829048157
32,0.15690305829048157
33,0.15690305829048157
34,0.15690305829048157
35,0.15690305829048157
36,0.15690305829048157
37,0.15690305829048157
38,0.15690305829048157
39,0.15690305829048157
40,0.15690305829048157
41,0.15690305829048157
42,0.15690305829048157
43,0.15690305829048157
44,0.15690305829048157
45,0.15690305829048157
46,0.15690305829048157
47,0.15690305829048157
48,0.15690305829048157
49,0.15690305829048157
50,0.15690305829048157
51,0.15690305829048157
52,0.15690305829048157
53,0.15690305829048157
54,0.15690305829048157
55,0.15690305829048157
56,0.15690305829048157
57,0.15690305829048157
58,0.15690305829048157
59,0.15690305829048157
60,0.15690305829048157
61,0.15690305829048157
62,0.15690305829048157
63,0.15690305829048157
64,0.15690305829048157
65,0.15690305829048157
66,0.15690305829048157
67,0.15690305829048157
68,0.15690305829048157
69,0.15690305829048157
70,0.15690305829048157
71,0.15690305829048157
72,0.15690305829048157
73,0.15690305829048157
74,0.15690305829048157
75,0.15690305829048157
76,0.15690305829048157
77,0.15690305829048157
78,0.15690305829048157
79,0.15690305829048157
80,0.15690305829048157
81,0.15690305829048157
82,0.15690305829048157
83,0.15690305829048157
84,0.15690305829048157
85,0.15690305829048157
86,0.15690305829048157
87,0.15690305829048157
88,0.15690305829048157
89,0.15690305829048157
90,0.15690305829048157
91,0.15690305829048157
92,0.15690305829048157
93,0.15690305829048157
94,0.15690305829048157
95,0.15690305829048157
96,0.15690305829048157
97,0.15690305829048157
98,0.15690305829048157
99,0.15690305829048157
100,0.15690305829048157
101,0.15690305829048157
102,0.15690305829048157
103,0.15690305829048157
104,0.15690305829048157
105,0.15690305829048157
106,0.15690305829048157
107,0.15690305829048157
108,0.15690305829048157
109,0.15690305829048157
110,0.15690305829048157
111,0.15690305829048157
112,0.15690305829048157
113,0.15690305829048157
114,0.15690305829048157
115,0.15690305829048157
116,0.15690305829048157
117,0.15690305829048157
118,0.15690305829048157
119,0.15690305829048157
120,0.15690305829048157
121,0.15690305829048157
122,0.15690305829048157
123,0.15690305829048157
124,0.15690305829048157
125,0.15690305829048157
126,0.15690305829048157
127,0.15690305829048157
128,0.15690305829048157
129,0.15690305829048157
130,0.15690305829048157
131,0.15690305829048157
132,0.15690305829048157
133,0.15690305829048157
134,0.15690305829048157
135,0.15690305829048157
136,0.15690305829048157
137,0.15690305829048157
138,0.15690305829048157
139,0.15690305829048157
140,0.15690305829048157
141,0.15690305829048157
142,0.15690305829048157
143,0.15690305829048157
144,0.15690305829048157
145,0.15690305829048157
146,0.15690305829048157
147,0.15690305829048157
148,0.15690305829048157
149,0.15690305829048157
150,0.15690305829048157
151,0.15690305829048157
152,0.15690305829048157
153,0.15690305829048157
154,0.15690305829048157
155,0.15690305829048157
156,0.15690305829048157
157,0.15690305829048157
158,0.15690305829048157
159,0.15690305829048157
160,0.15690305829048157
161,0.15690305829048157
162,0.15690305829048157
163,0.15690305829048157
164,0.15690305829048157
165,0.15690305829048157
166,0.15690305829048157
167,0.15690305829048157
168,0.15690305829048157
169,0.15690305829048157
170,0.15690305829048157
171,0.15690305829048157
172,0.15690305829048157
173,0.15690305829048157
174,0.15690305829048157
175,0.15690305829048157
176,0.15690305829048157
177,0.15690305829048157
178,0.15690305829048157
179,0.15690305829048157
180,0.15690305829048157
181,0.15690305829048157
182,0.15690305829048157
183,0.15690305829048157
184,0.15690305829048157
185,0.15690305829048157
186,0.15690305829048157
187,0.15690305829048157
188,0.15690305829048157
189,0.15690305829048157
190,0.15690305829048157
191,0.15690305829048157
192,0.15690305829048157
193,0.15690305829048157
194,0.15690305829048157
195,0.15690305829048157
196,0.15690305829048157
197,0.15690305829048157
198,0.15690305829048157
199,0.15690305829048157
200,0.15690305829048157
201,0.15690305829048157
202,0.15690305829048157
203,0.15690305829048157
204,0.15690305829048157
205,0.15690305829048157
206,0.15690305829048157
207,0.15690305829048157
208,0.15690305829048157
209,0.15690305829048157
210,0.15690305829048157
211,0.15690305829048157
212,0.15690305829048157
213,0.15690305829048157
214,0.15690305829048157
215,0.15690305829048157
216,0.15690305829048157
217,0.15690305829048157
218,0.15690305829048157
219,0.15690305829048157
220,0.15690305829048157
221,0.15690305829048157
222,0.15690305829048157
223,0.15690305829048157
224,0.15690305829048157
225,0.15690305829048157
226,0.15690305829048157
227,0.15690305829048157
228,0.15690305829048157
229,0.15690305829048157
230,0.15690305829048157
231,0.15690305829048157
232,0.15690305829048157
233,0.15690305829048157
234,0.15690305829048157
235,0.15690305829048157
236,0.15690305829048157
237,0.15690305829048157
238,0.15690305829048157
239,0.15690305829048157
240,0.15690305829048157
241,0.15690305829048157
242,0.15690305829048157
243,0.15690305829048157
244,0.15690305829048157
245,0.15690305829048157
246,0.15690305829048157
247,0.15690305829048157
248,0.15690305829048157
249,0.15690305829048157
250,0.15690305829048157
251,0.15690305829048157
252,0.15690305829048157
253,0.15690305829048157
254,0.15690305829048157
255,0.15690305829048157
256,0.15690305829048157
257,0.15690305829048157
258,0.15690305829048157
259,0.15690305829048157
260,0.15690305829048157
261,0.15690305829048157
262,0.15690305829048157
263,0.15690305829048157
264,0.15690305829048157
265,0.15690305829048157
266,0.15690305829048157
267,0.15690305829048157
268,0.15690305829048157
269,0.15690305829048157
270,0.15690305829048157
271,0.15690305829048157
272,0.15690305829048157
273,0.15690305829048157
274,0.15690305829048157
275,0.15690305829048157
276,0.15690305829048157
277,0.15690305829048157
278,0.15690305829048157
279,0.15690305829048157
280,0.15690305829048157
281,0.15690305829048157
282,0.15690305829048157
283,0.15690305829048157
284,0.15690305829048157
285,0.15690305829048157
286,0.15690305829048157
287,0.15690305829048157
288,0.15690305829048157
289,0.15690305829048157
290,0.15690305829048157
291,0.15690305829048157
292,0.15690305829048157
293,0.15690305829048157
294,0.15690305829048157
295,0.15690305829048157
296,0.15690305829048157
297,0.15690305829048157
298,0.15690305829048157
299,0.15690305829048157
300,0.15690305829048157
301,0.15690305829048157
302,0.15690305829048157
303,0.15690305829048157
304,0.15690305829048157
305,0.15690305829048157
306,0.15690305829048157
307,0.15690305829048157
308,0.15690305829048157
309,0.15690305829048157
310,0.15690305829048157
311,0.15690305829048157
312,0.15690305829048157
313,0.15690305829048157
314,0.15690305829048157
315,0.15690305829048157
316,0.15690305829048157
317,0.15690305829048157
318,0.15690305829048157
319,0.15690305829048157
320,0.15690305829048157
321,0.15690305829048157
322,0.15690305829048157
323,0.15690305829048157
324,0.15690305829048157
325,0.15690305829048157
326,0.15690305829048157
327,0.15690305829048157
328,0.15690305829048157
329,0.15690305829048157
330,0.15690305829048157
331,0.15690305829048157
332,0.15690305829048157
333,0.15690305829048157
334,0.15690305829048157
335,0.15690305829048157
336,0.15690305829048157
337,0.15690305829048157
338,0.15690305829048157
339,0.15690305829048157
340,0.15690305829048157
341,0.15690305829048157
342,0.15690305829048157
343,0.15690305829048157
344,0.15690305829048157
345,0.15690305829048157
346,0.15690305829048157
347,0.15690305829048157
348,0.15690305829048157
349,0.15690305829048157
350,0.15690305829048157
351,0.15690305829048157
352,0.15690305829048157
353,0.15690305829048157
354,0.15690305829048157
355,0.15690305829048157
356,0.15690305829048157
357,0.15690305829048157
358,0.15690305829048157
359,0.15690305829048157
360,0.15690305829048157
361,0.15690305829048157
362,0.15690305829048157
363,0.15690305829048157
364,0.15690305829048157
365,0.15690305829048157
366,0.15690305829048157
367,0.15690305829048157
368,0.15690305829048157
369,0.15690305829048157
370,0.15690305829048157
371,0.15690305829048157
372,0.15690305829048157
373,0.15690305829048157
374,0.15690305829048157
375,0.15690305829048157
376,0.15690305829048157
377,0.15690305829048157
378,0.15690305829048157
379,0.15690305829048157
380,0.15690305829048157
381,0.15690305829048157
382,0.15690305829048157
383,0.15690305829048157
384,0.15690305829048157
385,0.15690305829048157
386,0.15690305829048157
387,0.15690305829048157
388,0.15690305829048157
389,0.15690305829048157
390,0.15690305829048157
391,0.15690305829048157
392,0.15690305829048157
393,0.15690305829048157
394,0.15690305829048157
395,0.15690305829048157
396,0.15690305829048157
397,0.15690305829048157
398,0.15690305829048157
399,0.15690305829048157
400,0.15690305829048157
401,0.15690305829048157
402,0.15690305829048157
403,0.15690305829048157
404,0.15690305829048157
405,0.15690305829048157
406,0.15690305829048157
407,0.15690305829048157
408,0.15690305829048157
409,0.15690305829048157
410,0.15690305829048157
411,0.15690305829048157
412,0.15690305829048157
413,0.15690305829048157
414,0.15690305829048157
415,0.15690305829048157
416,0.15690305829048157
417,0.15690305829048157
418,0.15690305829048157
419,0.15690305829048157
420,0.15690305829048157
421,0.15690305829048157
422,0.15690305829048157
423,0.15690305829048157
424,0.15690305829048157
425,0.15690305829048157
426,0.15690305829048157
427,0.15690305829048157
428,0.15690305829048157
429,0.15690305829048157
430,0.15690305829048157
431,0.15690305829048157
432,0.15690305829048157
433,0.15690305829048157
434,0.15690305829048157
435,0.15690305829048157
436,0.15690305829048157
437,0.15690305829048157
438,0.15690305829048157
439,0.15690305829048157
440,0.15690305829048157
441,0.15690305829048157
442,0.15690305829048157
443,0.15690305829048157
444,0.15690305829048157
445,0.15690305829048157
446,0.15690305829048157
447,0.15690305829048157
448,0.15690305829048157
449,0.15690305829048157
450,0.15690305829048157
451,0.15690305829048157
452,0.15690305829048157
453,0.15690305829048157
454,0.15690305829048157
455,0.15690305829048157
456,0.15690305829048157
457,0.15690305829048157
458,0.15690305829048157
459,0.15690305829048157
460,0.15690305829048157
461,0.15690305829048157
462,0.15690305829048157
463,0.15690305829048157
464,0.15690305829048157
465,0.15690305829048157
466,0.15690305829048157
467,0.15690305829048157
468,0.15690305829048157
469,0.15690305829048157
470,0.15690305829048157
471,0.15690305829048157
472,0.15690305829048157
473,0.15690305829048157
474,0.15690305829048157
475,0.15690305829048157
476,0.15690305829048157
477,0.15690305829048157
478,0.15690305829048157
479,0.15690305829048157
480,0.15690305829048157
481,0.15690305829048157
482,0.15690305829048157
483,0.15690305829048157
484,0.15690305829048157
485,0.15690305829048157
486,0.15690305829048157
487,0.15690305829048157
488,0.15690305829048157
489,0.15690305829048157
490,0.15690305829048157
491,0.15690305829048157
492,0.15690305829048157
493,0.15690305829048157
494,0.15690305829048157
495,0.15690305829048157
496,0.15690305829048157
497,0.15690305829048157
498,0.15690305829048157
499,0.15690305829048157
500,0.15690305829048157
501,0.15690305829048157
502,0.15690305829048157
503,0.15690305829048157
504,0.15690305829048157
505,0.15690305829048157
506,0.15690305829048157
507,0.15690305829048157
508,0.15690305829048157
509,0.15690305829048157
510,0.15690305829048157
511,0.15690305829048157
512,0.15690305829048157
513,0.15690305829048157
514,0.15690305829048157
515,0.15690305829048157
516,0.15690305829048157
517,0.15690305829048157
518,0.15690305829048157
519,0.15690305829048157
520,0.15690305829048157
521,0.15690305829048157
522,0.15690305829048157
523,0.15690305829048157
524,0.15690305829048157
525,0.15690305829048157
526,0.15690305829048157
527,0.15690305829048157
528,0.15690305829048157
529,0.15690305829048157
530,0.15690305829048157
531,0.15690305829048157
532,0.15690305829048157
533,0.15690305829048157
534,0.15690305829048157
535,0.15690305829048157
536,0.15690305829048157
537,0.15690305829048157
538,0.15690305829048157
539,0.15690305829048157
540,0.15690305829048157
541,0.15690305829048157
542,0.15690305829048157
543,0.15690305829048157
544,0.15690305829048157
545,0.15690305829048157
546,0.15690305829048157
547,0.15690305829048157
548,0.15690305829048157
549,0.15690305829048157
550,0.15690305829048157
551,0.15690305829048157
552,0.15690305829048157
553,0.15690305829048157
554,0.15690305829048157
555,0.15690305829048157
556,0.15690305829048157
557,0.15690305829048157
558,0.15690305829048157
559,0.15690305829048157
560,0.15690305829048157
561,0.15690305829048157
562,0.15690305829048157
563,0.15690305829048157
564,0.15690305829048157
565,0.15690305829048157
566,0.15690305829048157
567,0.15690305829048157
568,0.15690305829048157
569,0.15690305829048157
570,0.15690305829048157
571,0.15690305829048157
572,0.15690305829048157
573,0.15690305829048157
574,0.15690305829048157
575,0.15690305829048157
576,0.15690305829048157
577,0.15690305829048157
578,0.15690305829048157
579,0.15690305829048157
580,0.15690305829048157
581,0.15690305829048157
582,0.15690305829048157
583,0.15690305829048157
584,0.15690305829048157
585,0.15690305829048157
586,0.15690305829048157
587,0.15690305829048157
588,0.15690305829048157
589,0.15690305829048157
590,0.15690305829048157
591,0.15690305829048157
592,0.15690305829048157
593,0.15690305829048157
594,0.15690305829048157
595,0.15690305829048157
596,0.15690305829048157
597,0.15690305829048157
598,0.15690305829048157
599,0.15690305829048157
600,0.15690305829048157
601,0.15690305829048157
602,0.15690305829048157
603,0.15690305829048157
604,0.15690305829048157
605,0.15690305829048157
606,0.15690305829048157
607,0.15690305829048157
608,0.15690305829048157
609,0.15690305829048157
610,0.15690305829048157
611,0.15690305829048157
612,0.15690305829048157
613,0.15690305829048157
614,0.15690305829048157
615,0.15690305829048157
616,0.15690305829048157
617,0.15690305829048157
618,0.15690305829048157
619,0.15690305829048157
620,0.15690305829048157
621,0.15690305829048157
622,0.15690305829048157
623,0.15690305829048157
624,0.15690305829048157
625,0.15690305829048157
626,0.15690305829048157
627,0.15690305829048157
628,0.15690305829048157
629,0.15690305829048157
630,0.15690305829048157
631,0.15690305829048157
632,0.15690305829048157
633,0.15690305829048157
634,0.15690305829048157
635,0.15690305829048157
636,0.15690305829048157
637,0.15690305829048157
638,0.15690305829048157
639,0.15690305829048157
640,0.15690305829048157
641,0.15690305829048157
642,0.15690305829048157
643,0.15690305829048157
644,0.15690305829048157
645,0.15690305829048157
646,0.15690305829048157
647,0.15690305829048157
648,0.15690305829048157
649,0.15690305829048157
650,0.15690305829048157
651,0.15690305829048157
652,0.15690305829048157
653,0.15690305829048157
654,0.15690305829048157
655,0.15690305829048157
656,0.15690305829048157
657,0.15690305829048157
658,0.15690305829048157
659,0.15690305829048157
660,0.15690305829048157
661,0.15690305829048157
662,0.15690305829048157
663,0.15690305829048157
664,0.15690305829048157
665,0.15690305829048157
666,0.15690305829048157
667,0.15690305829048157
668,0.15690305829048157
669,0.15690305829048157
670,0.15690305829048157
671,0.15690305829048157
672,0.15690305829048157
673,0.15690305829048157
674,0.15690305829048157
675,0.15690305829048157
676,0.15690305829048157
677,0.15690305829048157
678,0.15690305829048157
679,0.15690305829048157
680,0.15690305829048157
681,0.15690305829048157
682,0.15690305829048157
683,0.15690305829048157
684,0.15690305829048157
685,0.15690305829048157
686,0.15690305829048157
687,0.15690305829048157
688,0.15690305829048157
689,0.15690305829048157
690,0.15690305829048157
691,0.15690305829048157
692,0.15690305829048157
693,0.15690305829048157
694,0.15690305829048157
695,0.15690305829048157
696,0.15690305829048157
697,0.15690305829048157
698,0.15690305829048157
699,0.15690305829048157
700,0.15690305829048157
701,0.15690305829048157
702,0.15690305829048157
703,0.15690305829048157
704,0.15690305829048157
705,0.15690305829048157
706,0.15690305829048157
707,0.15690305829048157
708,0.15690305829048157
709,0.15690305829048157
710,0.15690305829048157
711,0.15690305829048157
712,0.15690305829048157
713,0.15690305829048157
714,0.15690305829048157
715,0.15690305829048157
716,0.15690305829048157
717,0.15690305829048157
718,0.15690305829048157
719,0.15690305829048157
720,0.15690305829048157
721,0.15690305829048157
722,0.15690305829048157
723,0.15690305829048157
724,0.15690305829048157
725,0.15690305829048157
726,0.15690305829048157
727,0.15690305829048157
728,0.15690305829048157
729,0.15690305829048157
730,0.15690305829048157
731,0.15690305829048157
732,0.15690305829048157
733,0.15690305829048157
734,0.15690305829048157
735,0.15690305829048157
736,0.15690305829048157
737,0.15690305829048157
738,0.15690305829048157
739,0.15690305829048157
740,0.15690305829048157
741,0.15690305829048157
742,0.15690305829048157
743,0.15690305829048157
744,0.15690305829048157
745,0.15690305829048157
746,0.15690305829048157
747,0.15690305829048157
748,0.15690305829048157
749,0.15690305829048157
750,0.15690305829048157
751,0.15690305829048157
752,0.15690305829048157
753,0.15690305829048157
754,0.15690305829048157
755,0.15690305829048157
756,0.15690305829048157
757,0.15690305829048157
758,0.15690305829048157
759,0.15690305829048157
760,0.15690305829048157
761,0.15690305829048157
762,0.15690305829048157
763,0.15690305829048157
764,0.15690305829048157
765,0.15690305829048157
766,0.15690305829048157
767,0.15690305829048157
768,0.15690305829048157
769,0.15690305829048157
770,0.15690305829048157
771,0.15690305829048157
772,0.15690305829048157
773,0.15690305829048157
774,0.15690305829048157
775,0.15690305829048157
776,0.15690305829048157
777,0.15690305829048157
778,0.15690305829048157
779,0.15690305829048157
780,0.15690305829048157
781,0.15690305829048157
782,0.15690305829048157
783,0.15690305829048157
784,0.15690305829048157
785,0.15690305829048157
786,0.15690305829048157
787,0.15690305829048157
788,0.15690305829048157
789,0.15690305829048157
790,0.15690305829048157
791,0.15690305829048157
792,0.15690305829048157
793,0.15690305829048157
794,0.15690305829048157
795,0.15690305829048157
796,0.15690305829048157
797,0.15690305829048157
798,0.15690305829048157
799,0.15690305829048157
800,0.15690305829048157
801,0.15690305829048157
802,0.15690305829048157
803,0.15690305829048157
804,0.15690305829048157
805,0.15690305829048157
806,0.15690305829048157
807,0.15690305829048157
808,0.15690305829048157
809,0.15690305829048157
810,0.15690305829048157
811,0.15690305829048157
812,0.15690305829048157
813,0.15690305829048157
814,0.15690305829048157
815,0.15690305829048157
816,0.15690305829048157
817,0.15690305829048157
818,0.15690305829048157
819,0.15690305829048157
820,0.15690305829048157
821,0.15690305829048157
822,0.15690305829048157
823,0.15690305829048157
824,0.15690305829048157
825,0.15690305829048157
826,0.15690305829048157
827,0.15690305829048157
828,0.15690305829048157
829,0.15690305829048157
830,0.15690305829048157
831,0.15690305829048157
832,0.15690305829048157
833,0.15690305829048157
834,0.15690305829048157
835,0.15690305829048157
836,0.15690305829048157
837,0.15690305829048157
838,0.15690305829048157
839,0.15690305829048157
840,0.15690305829048157
841,0.15690305829048157
842,0.15690305829048157
843,0.15690305829048157
844,0.15690305829048157
845,0.15690305829048157
846,0.15690305829048157
847,0.15690305829048157
848,0.15690305829048157
849,0.15690305829048157
850,0.15690305829048157
851,0.15690305829048157
852,0.15690305829048157
853,0.15690305829048157
854,0.15690305829048157
855,0.15690305829048157
856,0.15690305829048157
857,0.15690305829048157
858,0.15690305829048157
859,0.15690305829048157
860,0.15690305829048157
861,0.15690305829048157
862,0.15690305829048157
863,0.15690305829048157
864,0.15690305829048157
865,0.15690305829048157
866,0.15690305829048157
867,0.15690305829048157
868,0.15690305829048157
869,0.15690305829048157
870,0.15690305829048157
871,0.15690305829048157
872,0.15690305829048157
873,0.15690305829048157
874,0.15690305829048157
875,0.15690305829048157
876,0.15690305829048157
877,0.15690305829048157
878,0.15690305829048157
879,0.15690305829048157
880,0.15690305829048157
881,0.15690305829048157
882,0.15690305829048157
883,0.15690305829048157
884,0.15690305829048157
885,0.15690305829048157
886,0.15690305829048157
887,0.15690305829048157
888,0.15690305829048157
889,0.15690305829048157
890,0.15690305829048157
891,0.15690305829048157
892,0.15690305829048157
893,0.15690305829048157
894,0.15690305829048157
895,0.15690305829048157
896,0.15690305829048157
897,0.15690305829048157
898,0.15690305829048157
899,0.15690305829048157
900,0.15690305829048157
901,0.15690305829048157
902,0.15690305829048157
903,0.15690305829048157
904,0.15690305829048157
905,0.15690305829048157
906,0.15690305829048157
907,0.15690305829048157
908,0.15690305829048157
909,0.15690305829048157
910,0.15690305829048157
911,0.15690305829048157
912,0.15690305829048157
913,0.15690305829048157
914,0.15690305829048157
915,0.15690305829048157
916,0.15690305829048157
917,0.15690305829048157
918,0.15690305829048157
919,0.15690305829048157
920,0.15690305829048157
921,0.15690305829048157
922,0.15690305829048157
923,0.15690305829048157
924,0.15690305829048157
925,0.15690305829048157
926,0.15690305829048157
927,0.15690305829048157
928,0.15690305829048157
929,0.15690305829048157
930,0.15690305829048157
931,0.15690305829048157
932,0.15690305829048157
933,0.15690305829048157
934,0.15690305829048157
935,0.15690305829048157
936,0.15690305829048157
937,0.15690305829048157
938,0.15690305829048157
939,0.15690305829048157
940,0.15690305829048157
941,0.15690305829048157
942,0.15690305829048157
943,0.15690305829048157
944,0.15690305829048157
945,0.15690305829048157
946,0.15690305829048157
947,0.15690305829048157
948,0.15690305829048157
949,0.15690305829048157
950,0.15690305829048157
951,0.15690305829048157
952,0.15690305829048157
953,0.15690305829048157
954,0.15690305829048157
955,0.15690305829048157
956,0.15690305829048157
957,0.15690305829048157
958,0.15690305829048157
959,0.15690305829048157
960,0.15690305829048157
961,0.15690305829048157
962,0.15690305829048157
963,0.15690305829048157
964,0.15690305829048157
965,0.15690305829048157
966,0.15690305829048157
967,0.15690305829048157
968,0.15690305829048157
969,0.15690305829048157
970,0.15690305829048157
971,0.15690305829048157
972,0.15690305829048157
973,0.15690305829048157
974,0.15690305829048157
975,0.15690305829048157
976,0.15690305829048157
977,0.15690305829048157
978,0.15690305829048157
979,0.15690305829048157
980,0.15690305829048157
981,0.15690305829048157
982,0.15690305829048157
983,0.15690305829048157
984,0.15690305829048157
985,0.15690305829048157
986,0.15690305829048157
987,0.15690305829048157
988,0.15690305829048157
989,0.15690305829048157
990,0.15690305829048157
991,0.15690305829048157
992,0.15690305829048157
993,0.15690305829048157
994,0.15690305829048157
995,0.15690305829048157
996,0.15690305829048157
997,0.15690305829048157
998,0.15690305829048157
999,0.15690305829048157
1000,0.15690305829048157
1001,0.15690305829048157
1002,0.15690305829048157
1003,0.15690305829048157
1004,0.15690305829048157
1005,0.15690305829048157
1006,0.15690305829048157
1007,0.15690305829048157
1008,0.15690305829048157
1009,0.15690305829048157
1010,0.15690305829048157
1011,0.15690305829048157
1012,0.15690305829048157
1013,0.15690305829048157
1014,0.15690305829048157
1015,0.15690305829048157
1016,0.15690305829048157
1017,0.15690305829048157
1018,0.15690305829048157
1019,0.15690305829048157
1020,0.15690305829048157
1021,0.15690305829048157
1022,0.15690305829048157
1023,0.15690305829048157
1024,0.15690305829048157
1025,0.15690305829048157
1026,0.15690305829048157
1027,0.15690305829048157
1028,0.15690305829048157
1029,0.15690305829048157
1030,0.15690305829048157
1031,0.15690305829048157
1032,0.15690305829048157
1033,0.15690305829048157
1034,0.15690305829048157
1035,0.15690305829048157
1036,0.15690305829048157
1037,0.15690305829048157
1038,0.15690305829048157
1039,0.15690305829048157
1040,0.15690305829048157
1041,0.15690305829048157
1042,0.15690305829048157
1043,0.15690305829048157
1044,0.15690305829048157
1045,0.15690305829048157
1046,0.15690305829048157
1047,0.15690305829048157
1048,0.15690305829048157
1049,0.15690305829048157
1050,0.15690305829048157
1051,0.15690305829048157
1052,0.15690305829048157
1053,0.15690305829048157
1054,0.15690305829048157
1055,0.15690305829048157
1056,0.15690305829048157
1057,0.15690305829048157
1058,0.15690305829048157
1059,0.15690305829048157
1060,0.15690305829048157
1061,0.15690305829048157
1062,0.15690305829048157
1063,0.15690305829048157
1064,0.15690305829048157
1065,0.15690305829048157
1066,0.15690305829048157
1067,0.15690305829048157
1068,0.15690305829048157
1069,0.15690305829048157
1070,0.15690305829048157
1071,0.15690305829048157
1072,0.15690305829048157
1073,0.15690305829048157
1074,0.15690305829048157
1075,0.15690305829048157
1076,0.15690305829048157
1077,0.15690305829048157
1078,0.15690305829048157
1079,0.15690305829048157
1080,0.15690305829048157
1081,0.15690305829048157
1082,0.15690305829048157
1083,0.15690305829048157
1084,0.15690305829048157
1085,0.15690305829048157
1086,0.15690305829048157
1087,0.15690305829048157
1088,0.15690305829048157
1089,0.15690305829048157
1090,0.15690305829048157
1091,0.15690305829048157
1092,0.15690305829048157
1093,0.15690305829048157
1094,0.15690305829048157
1095,0.15690305829048157
1096,0.15690305829048157
1097,0.15690305829048157
1098,0.15690305829048157
1099,0.15690305829048157
1100,0.15690305829048157
1101,0.15690305829048157
1102,0.15690305829048157
1103,0.15690305829048157
1104,0.15690305829048157
1105,0.15690305829048157
1106,0.15690305829048157
1107,0.15690305829048157
1108,0.15690305829048157
1109,0.15690305829048157
1110,0.15690305829048157
1111,0.15690305829048157
1112,0.15690305829048157
1113,0.15690305829048157
1114,0.15690305829048157
1115,0.15690305829048157
1116,0.15690305829048157
1117,0.15690305829048157
1118,0.15690305829048157
1119,0.15690305829048157
1120,0.15690305829048157
1121,0.15690305829048157
1122,0.15690305829048157
1123,0.15690305829048157
1124,0.15690305829048157
1125,0.15690305829048157
1126,0.15690305829048157
1127,0.15690305829048157
1128,0.15690305829048157
1129,0.15690305829048157
1130,0.15690305829048157
1131,0.15690305829048157
1132,0.15690305829048157
1133,0.15690305829048157
1134,0.15690305829048157
1135,0.15690305829048157
1136,0.15690305829048157
1137,0.15690305829048157
1138,0.15690305829048157
1139,0.15690305829048157
1140,0.15690305829048157
1141,0.15690305829048157
1142,0.15690305829048157
1143,0.15690305829048157
1144,0.15690305829048157
1145,0.15690305829048157
1146,0.15690305829048157
1147,0.15690305829048157
1148,0.15690305829048157
1149,0.15690305829048157
1150,0.15690305829048157
1151,0.15690305829048157
1152,0.15690305829048157
1153,0.15690305829048157
1154,0.15690305829048157
1155,0.15690305829048157
1156,0.15690305829048157
1157,0.15690305829048157
1158,0.15690305829048157
1159,0.15690305829048157
1160,0.15690305829048157
1161,0.15690305829048157
1162,0.15690305829048157
1163,0.15690305829048157
1164,0.15690305829048157
1165,0.15690305829048157
1166,0.15690305829048157
1167,0.15690305829048157
1168,0.15690305829048157
1169,0.15690305829048157
1170,0.15690305829048157
1171,0.15690305829048157
1172,0.15690305829048157
1173,0.15690305829048157
1174,0.15690305829048157
1175,0.15690305829048157
1176,0.15690305829048157
1177,0.15690305829048157
1178,0.15690305829048157
1179,0.15690305829048157
1180,0.15690305829048157
1181,0.15690305829048157
1182,0.15690305829048157
1183,0.15690305829048157
1184,0.15690305829048157
1185,0.15690305829048157
1186,0.15690305829048157
1187,0.15690305829048157
1188,0.15690305829048157
1189,0.15690305829048157
1190,0.15690305829048157
1191,0.15690305829048157
1192,0.15690305829048157
1193,0.15690305829048157
1194,0.15690305829048157
1195,0.15690305829048157
1196,0.15690305829048157
1197,0.15690305829048157
1198,0.15690305829048157
1199,0.15690305829048157
1200,0.15690305829048157
1201,0.15690305829048157
1202,0.15690305829048157
1203,0.15690305829048157
1204,0.15690305829048157
1205,0.15690305829048157
1206,0.15690305829048157
1207,0.15690305829048157
1208,0.15690305829048157
1209,0.15690305829048157
1210,0.15690305829048157
1211,0.15690305829048157
1212,0.15690305829048157
1213,0.15690305829048157
1214,0.15690305829048157
1215,0.15690305829048157
1216,0.15690305829048157
1217,0.15690305829048157
1218,0.15690305829048157
1219,0.15690305829048157
1220,0.15690305829048157
1221,0.15690305829048157
1222,0.15690305829048157
1223,0.15690305829048157
1224,0.15690305829048157
1225,0.15690305829048157
1226,0.15690305829048157
1227,0.15690305829048157
1228,0.15690305829048157
1229,0.15690305829048157
1230,0.15690305829048157
1231,0.15690305829048157
1232,0.15690305829048157
1233,0.15690305829048157
1234,0.15690305829048157
1235,0.15690305829048157
1236,0.15690305829048157
1237,0.15690305829048157
1238,0.15690305829048157
1239,0.15690305829048157
1240,0.15690305829048157
1241,0.15690305829048157
1242,0.15690305829048157
1243,0.15690305829048157
1244,0.15690305829048157
1245,0.15690305829048157
1246,0.15690305829048157
1247,0.15690305829048157
1248,0.15690305829048157
1249,0.15690305829048157
1250,0.15690305829048157
1251,0.15690305829048157
1252,0.15690305829048157
1253,0.15690305829048157
1254,0.15690305829048157
1255,0.15690305829048157
1256,0.15690305829048157
1257,0.15690305829048157
1258,0.15690305829048157
1259,0.15690305829048157
1260,0.15690305829048157
1261,0.15690305829048157
1262,0.15690305829048157
1263,0.15690305829048157
1264,0.15690305829048157
1265,0.15690305829048157
1266,0.15690305829048157
1267,0.15690305829048157
1268,0.15690305829048157
1269,0.15690305829048157
1270,0.15690305829048157
1271,0.15690305829048157
1272,0.15690305829048157
1273,0.15690305829048157
1274,0.15690305829048157
1275,0.15690305829048157
1276,0.15690305829048157
1277,0.15690305829048157
1278,0.15690305829048157
1279,0.15690305829048157
1280,0.15690305829048157
1281,0.15690305829048157
1282,0.15690305829048157
1283,0.15690305829048157
1284,0.15690305829048157
1285,0.15690305829048157
1286,0.15690305829048157
1287,0.15690305829048157
1288,0.15690305829048157
1289,0.15690305829048157
1290,0.15690305829048157
1291,0.15690305829048157
1292,0.15690305829048157
1293,0.15690305829048157
1294,0.15690305829048157
1295,0.15690305829048157
1296,0.15690305829048157
1297,0.15690305829048157
1298,0.15690305829048157
1299,0.15690305829048157
1300,0.15690305829048157
1301,0.15690305829048157
1302,0.15690305829048157
1303,0.15690305829048157
1304,0.15690305829048157
1305,0.15690305829048157
1306,0.15690305829048157
1307,0.15690305829048157
1308,0.15690305829048157
1309,0.15690305829048157
1310,0.15690305829048157
1311,0.15690305829048157
1312,0.15690305829048157
1313,0.15690305829048157
1314,0.15690305829048157
1315,0.15690305829048157
1316,0.15690305829048157
1317,0.15690305829048157
1318,0.15690305829048157
1319,0.15690305829048157
1320,0.15690305829048157
1321,0.15690305829048157
1322,0.15690305829048157
1323,0.15690305829048157
1324,0.15690305829048157
1325,0.15690305829048157
1326,0.15690305829048157
1327,0.15690305829048157
1328,0.15690305829048157
1329,0.15690305829048157
1330,0.15690305829048157
1331,0.15690305829048157
1332,0.15690305829048157
1333,0.15690305829048157
1334,0.15690305829048157
1335,0.15690305829048157
1336,0.15690305829048157
1337,0.15690305829048157
1338,0.15690305829048157
1339,0.15690305829048157
1340,0.15690305829048157
1341,0.15690305829048157
1342,0.15690305829048157
1343,0.15690305829048157
1344,0.15690305829048157
1345,0.15690305829048157
1346,0.15690305829048157
1347,0.15690305829048157
1348,0.15690305829048157
1349,0.15690305829048157
1350,0.15690305829048157
1351,0.15690305829048157
1352,0.15690305829048157
1353,0.15690305829048157
1354,0.15690305829048157
1355,0.15690305829048157
1356,0.15690305829048157
1357,0.15690305829048157
1358,0.15690305829048157
1359,0.15690305829048157
1360,0.15690305829048157
1361,0.15690305829048157
1362,0.15690305829048157
1363,0.15690305829048157
1364,0.15690305829048157
1365,0.15690305829048157
1366,0.15690305829048157
1367,0.15690305829048157
1368,0.15690305829048157
1369,0.15690305829048157
1370,0.15690305829048157
1371,0.15690305829048157
1372,0.15690305829048157
1373,0.15690305829048157
1374,0.15690305829048157
1375,0.15690305829048157
1376,0.15690305829048157
1377,0.15690305829048157
1378,0.15690305829048157
1379,0.15690305829048157
1380,0.15690305829048157
1381,0.15690305829048157
1382,0.15690305829048157
1383,0.15690305829048157
1384,0.15690305829048157
1385,0.15690305829048157
1386,0.15690305829048157
1387,0.15690305829048157
1388,0.15690305829048157
1389,0.15690305829048157
1390,0.15690305829048157
1391,0.15690305829048157
1392,0.15690305829048157
1393,0.15690305829048157
1394,0.15690305829048157
1395,0.15690305829048157
1396,0.15690305829048157
1397,0.15690305829048157
1398,0.15690305829048157
1399,0.15690305829048157
1400,0.15690305829048157
1401,0.15690305829048157
1402,0.15690305829048157
1403,0.15690305829048157
1404,0.15690305829048157
1405,0.15690305829048157
1406,0.15690305829048157
1407,0.15690305829048157
1408,0.15690305829048157
1409,0.15690305829048157
1410,0.15690305829048157
1411,0.15690305829048157
1412,0.15690305829048157
1413,0.15690305829048157
1414,0.15690305829048157
1415,0.15690305829048157
1416,0.15690305829048157
1417,0.15690305829048157
1418,0.15690305829048157
1419,0.15690305829048157
1420,0.15690305829048157
1421,0.15690305829048157
1422,0.15690305829048157
1423,0.15690305829048157
1424,0.15690305829048157
1425,0.15690305829048157
1426,0.15690305829048157
1427,0.15690305829048157
1428,0.15690305829048157
1429,0.15690305829048157
1430,0.15690305829048157
1431,0.15690305829048157
1432,0.15690305829048157
1433,0.15690305829048157
1434,0.15690305829048157
1435,0.15690305829048157
1436,0.15690305829048157
1437,0.15690305829048157
1438,0.15690305829048157
1439,0.15690305829048157
1440,0.15690305829048157
1441,0.15690305829048157
1442,0.15690305829048157
1443,0.15690305829048157
1444,0.15690305829048157
1445,0.15690305829048157
1446,0.15690305829048157
1447,0.15690305829048157
1448,0.15690305829048157
1449,0.15690305829048157
1450,0.15690305829048157
1451,0.15690305829048157
1452,0.15690305829048157
1453,0.15690305829048157
1454,0.15690305829048157
1455,0.15690305829048157
1456,0.15690305829048157
1457,0.15690305829048157
1458,0.15690305829048157
1459,0.15690305829048157
1460,0.15690305829048157
1461,0.15690305829048157
1462,0.15690305829048157
1463,0.15690305829048157
1464,0.15690305829048157
1465,0.15690305829048157
1466,0.15690305829048157
1467,0.15690305829048157
1468,0.15690305829048157
1469,0.15690305829048157
1470,0.15690305829048157
1471,0.15690305829048157
1472,0.15690305829048157
1473,0.15690305829048157
1474,0.15690305829048157
1475,0.15690305829048157
1476,0.15690305829048157
1477,0.15690305829048157
1478,0.15690305829048157
1479,0.15690305829048157
1480,0.15690305829048157
1481,0.15690305829048157
1482,0.15690305829048157
1483,0.15690305829048157
1484,0.15690305829048157
1485,0.15690305829048157
1486,0.15690305829048157
1487,0.15690305829048157
1488,0.15690305829048157
1489,0.15690305829048157
1490,0.15690305829048157
1491,0.15690305829048157
1492,0.15690305829048157
1493,0.15690305829048157
1494,0.15690305829048157
1495,0.15690305829048157
1496,0.15690305829048157
1497,0.15690305829048157
1498,0.15690305829048157
1499,0.15690305829048157
1500,0.15690305829048157
1501,0.15690305829048157
1502,0.15690305829048157
1503,0.15690305829048157
1504,0.15690305829048157
1505,0.15690305829048157
1506,0.15690305829048157
1507,0.15690305829048157
1508,0.15690305829048157
1509,0.15690305829048157
1510,0.15690305829048157
1511,0.15690305829048157
1512,0.15690305829048157
1513,0.15690305829048157
1514,0.15690305829048157
1515,0.15690305829048157
1516,0.15690305829048157
1517,0.15690305829048157
1518,0.15690305829048157
1519,0.15690305829048157
1520,0.15690305829048157
1521,0.15690305829048157
1522,0.15690305829048157
1523,0.15690305829048157
1524,0.15690305829048157
1525,0.15690305829048157
1526,0.15690305829048157
1527,0.15690305829048157
1528,0.15690305829048157
1529,0.15690305829048157
1530,0.15690305829048157
1531,0.15690305829048157
1532,0.15690305829048157
1533,0.15690305829048157
1534,0.15690305829048157
1535,0.15690305829048157
1536,0.15690305829048157
1537,0.15690305829048157
1538,0.15690305829048157
1539,0.15690305829048157
1540,0.15690305829048157
1541,0.15690305829048157
1542,0.15690305829048157
1543,0.15690305829048157
1544,0.15690305829048157
1545,0.15690305829048157
1546,0.15690305829048157
1547,0.15690305829048157
1548,0.15690305829048157
1549,0.15690305829048157
1550,0.15690305829048157
1551,0.15690305829048157
1552,0.15690305829048157
1553,0.15690305829048157
1554,0.15690305829048157
1555,0.15690305829048157
1556,0.15690305829048157
1557,0.15690305829048157
1558,0.15690305829048157
1559,0.15690305829048157
1560,0.15690305829048157
1561,0.15690305829048157
1562,0.15690305829048157
1563,0.15690305829048157
1564,0.15690305829048157
1565,0.15690305829048157
1566,0.15690305829048157
1567,0.15690305829048157
1568,0.15690305829048157
1569,0.15690305829048157
1570,0.15690305829048157
1571,0.15690305829048157
1572,0.15690305829048157
1573,0.15690305829048157
1574,0.15690305829048157
1575,0.15690305829048157
1576,0.15690305829048157
1577,0.15690305829048157
1578,0.15690305829048157
1579,0.15690305829048157
1580,0.15690305829048157
1581,0.15690305829048157
1582,0.15690305829048157
1583,0.15690305829048157
1584,0.15690305829048157
1585,0.15690305829048157
1586,0.15690305829048157
1587,0.15690305829048157
1588,0.15690305829048157
1589,0.15690305829048157
1590,0.15690305829048157
1591,0.15690305829048157
1592,0.15690305829048157
1593,0.15690305829048157
1594,0.15690305829048157
1595,0.15690305829048157
1596,0.15690305829048157
1597,0.15690305829048157
1598,0.15690305829048157
1599,0.15690305829048157
1600,0.15690305829048157
1601,0.15690305829048157
1602,0.15690305829048157
1603,0.15690305829048157
1604,0.15690305829048157
1605,0.15690305829048157
1606,0.15690305829048157
1607,0.15690305829048157
1608,0.15690305829048157
1609,0.15690305829048157
1610,0.15690305829048157
1611,0.15690305829048157
1612,0.15690305829048157
1613,0.15690305829048157
1614,0.15690305829048157
1615,0.15690305829048157
1616,0.15690305829048157
1617,0.15690305829048157
1618,0.15690305829048157
1619,0.15690305829048157
1620,0.15690305829048157
1621,0.15690305829048157
1622,0.15690305829048157
1623,0.15690305829048157
1624,0.15690305829048157
1625,0.15690305829048157
1626,0.15690305829048157
1627,0.15690305829048157
1628,0.15690305829048157
1629,0.15690305829048157
1630,0.15690305829048157
1631,0.15690305829048157
1632,0.15690305829048157
1633,0.15690305829048157
1634,0.15690305829048157
1635,0.15690305829048157
1636,0.15690305829048157
1637,0.15690305829048157
1638,0.15690305829048157
1639,0.15690305829048157
1640,0.15690305829048157
1641,0.15690305829048157
1642,0.15690305829048157
1643,0.15690305829048157
1644,0.15690305829048157
1645,0.15690305829048157
1646,0.15690305829048157
1647,0.15690305829048157
1648,0.15690305829048157
1649,0.15690305829048157
1650,0.15690305829048157
1651,0.15690305829048157
1652,0.15690305829048157
1653,0.15690305829048157
1654,0.15690305829048157
1655,0.15690305829048157
1656,0.15690305829048157
1657,0.15690305829048157
1658,0.15690305829048157
1659,0.15690305829048157
1660,0.15690305829048157
1661,0.15690305829048157
1662,0.15690305829048157
1663,0.15690305829048157
1664,0.15690305829048157
1665,0.15690305829048157
1666,0.15690305829048157
1667,0.15690305829048157
1668,0.15690305829048157
1669,0.15690305829048157
1670,0.15690305829048157
1671,0.15690305829048157
1672,0.15690305829048157
1673,0.15690305829048157
1674,0.15690305829048157
1675,0.15690305829048157
1676,0.15690305829048157
1677,0.15690305829048157
1678,0.15690305829048157
1679,0.15690305829048157
1680,0.15690305829048157
1681,0.15690305829048157
1682,0.15690305829048157
1683,0.15690305829048157
1684,0.15690305829048157
1685,0.15690305829048157
1686,0.15690305829048157
1687,0.15690305829048157
1688,0.15690305829048157
1689,0.15690305829048157
1690,0.15690305829048157
1691,0.15690305829048157
1692,0.15690305829048157
1693,0.15690305829048157
1694,0.15690305829048157
1695,0.15690305829048157
1696,0.15690305829048157
1697,0.15690305829048157
1698,0.15690305829048157
1699,0.15690305829048157
1700,0.15690305829048157
1701,0.15690305829048157
1702,0.15690305829048157
1703,0.15690305829048157
1704,0.15690305829048157
1705,0.15690305829048157
1706,0.15690305829048157
1707,0.15690305829048157
1708,0.15690305829048157
1709,0.15690305829048157
1710,0.15690305829048157
1711,0.15690305829048157
1712,0.15690305829048157
1713,0.15690305829048157
1714,0.15690305829048157
1715,0.15690305829048157
1716,0.15690305829048157
1717,0.15690305829048157
1718,0.15690305829048157
1719,0.15690305829048157
1720,0.15690305829048157
1721,0.15690305829048157
1722,0.15690305829048157
1723,0.15690305829048157
1724,0.15690305829048157
1725,0.15690305829048157
1726,0.15690305829048157
1727,0.15690305829048157
1728,0.15690305829048157
1729,0.15690305829048157
1730,0.15690305829048157
1731,0.15690305829048157
1732,0.15690305829048157
1733,0.15690305829048157
1734,0.15690305829048157
1735,0.15690305829048157
1736,0.15690305829048157
1737,0.15690305829048157
1738,0.15690305829048157
1739,0.15690305829048157
1740,0.15690305829048157
1741,0.15690305829048157
1742,0.15690305829048157
1743,0.15690305829048157
1744,0.15690305829048157
1745,0.15690305829048157
1746,0.15690305829048157
1747,0.15690305829048157
1748,0.15690305829048157
1749,0.15690305829048157
1750,0.15690305829048157
1751,0.15690305829048157
1752,0.15690305829048157
1753,0.15690305829048157
1754,0.15690305829048157
1755,0.15690305829048157
1756,0.15690305829048157
1757,0.15690305829048157
1758,0.15690305829048157
1759,0.15690305829048157
1760,0.15690305829048157
1761,0.15690305829048157
1762,0.15690305829048157
1763,0.15690305829048157
1764,0.15690305829048157
1765,0.15690305829048157
1766,0.15690305829048157
1767,0.15690305829048157
1768,0.15690305829048157
1769,0.15690305829048157
1770,0.15690305829048157
1771,0.15690305829048157
1772,0.15690305829048157
1773,0.15690305829048157
1774,0.15690305829048157
1775,0.15690305829048157
1776,0.15690305829048157
1777,0.15690305829048157
1778,0.15690305829048157
1779,0.15690305829048157
1780,0.15690305829048157
1781,0.15690305829048157
1782,0.15690305829048157
1783,0.15690305829048157
1784,0.15690305829048157
1785,0.15690305829048157
1786,0.15690305829048157
1787,0.15690305829048157
1788,0.15690305829048157
1789,0.15690305829048157
1790,0.15690305829048157
1791,0.15690305829048157
1792,0.15690305829048157
1793,0.15690305829048157
1794,0.15690305829048157
1795,0.15690305829048157
1796,0.15690305829048157
1797,0.15690305829048157
1798,0.15690305829048157
1799,0.15690305829048157
1800,0.15690305829048157
1801,0.15690305829048157
1802,0.15690305829048157
1803,0.15690305829048157
1804,0.15690305829048157
1805,0.15690305829048157
1806,0.15690305829048157
1807,0.15690305829048157
1808,0.15690305829048157
1809,0.15690305829048157
1810,0.15690305829048157
1811,0.15690305829048157
1812,0.15690305829048157
1813,0.15690305829048157
1814,0.15690305829048157
1815,0.15690305829048157
1816,0.15690305829048157
1817,0.15690305829048157
1818,0.15690305829048157
1819,0.15690305829048157
1820,0.15690305829048157
1821,0.15690305829048157
1822,0.15690305829048157
1823,0.15690305829048157
1824,0.15690305829048157
1825,0.15690305829048157
1826,0.15690305829048157
1827,0.15690305829048157
1828,0.15690305829048157
1829,0.15690305829048157
1830,0.15690305829048157
1831,0.15690305829048157
1832,0.15690305829048157
1833,0.15690305829048157
1834,0.15690305829048157
1835,0.15690305829048157
1836,0.15690305829048157
1837,0.15690305829048157
1838,0.15690305829048157
1839,0.15690305829048157
1840,0.15690305829048157
1841,0.15690305829048157
1842,0.15690305829048157
1843,0.15690305829048157
1844,0.15690305829048157
1845,0.15690305829048157
1846,0.15690305829048157
1847,0.15690305829048157
1848,0.15690305829048157
1849,0.15690305829048157
1850,0.15690305829048157
1851,0.15690305829048157
1852,0.15690305829048157
1853,0.15690305829048157
1854,0.15690305829048157
1855,0.15690305829048157
1856,0.15690305829048157
1857,0.15690305829048157
1858,0.15690305829048157
1859,0.15690305829048157
1860,0.15690305829048157
1861,0.15690305829048157
1862,0.15690305829048157
1863,0.15690305829048157
1864,0.15690305829048157
1865,0.15690305829048157
1866,0.15690305829048157
1867,0.15690305829048157
1868,0.15690305829048157
1869,0.15690305829048157
1870,0.15690305829048157
1871,0.15690305829048157
1872,0.15690305829048157
1873,0.15690305829048157
1874,0.15690305829048157
1875,0.15690305829048157
1876,0.15690305829048157
1877,0.15690305829048157
1878,0.15690305829048157
1879,0.15690305829048157
1880,0.15690305829048157
1881,0.15690305829048157
1882,0.15690305829048157
1883,0.15690305829048157
1884,0.15690305829048157
1885,0.15690305829048157
1886,0.15690305829048157
1887,0.15690305829048157
1888,0.15690305829048157
1889,0.15690305829048157
1890,0.15690305829048157
1891,0.15690305829048157
1892,0.15690305829048157
1893,0.15690305829048157
1894,0.15690305829048157
1895,0.15690305829048157
1896,0.15690305829048157
1897,0.15690305829048157
1898,0.15690305829048157
1899,0.15690305829048157
1900,0.15690305829048157
1901,0.15690305829048157
1902,0.15690305829048157
1903,0.15690305829048157
1904,0.15690305829048157
1905,0.15690305829048157
1906,0.15690305829048157
1907,0.15690305829048157
1908,0.15690305829048157
1909,0.15690305829048157
1910,0.15690305829048157
1911,0.15690305829048157
1912,0.15690305829048157
1913,0.15690305829048157
1914,0.15690305829048157
1915,0.15690305829048157
1916,0.15690305829048157
1917,0.15690305829048157
1918,0.15690305829048157
1919,0.15690305829048157
1920,0.15690305829048157
1921,0.15690305829048157
1922,0.15690305829048157
1923,0.15690305829048157
1924,0.15690305829048157
1925,0.15690305829048157
1926,0.15690305829048157
1927,0.15690305829048157
1928,0.15690305829048157
1929,0.15690305829048157
1930,0.15690305829048157
1931,0.15690305829048157
1932,0.15690305829048157
1933,0.15690305829048157
1934,0.15690305829048157
1935,0.15690305829048157
1936,0.15690305829048157
1937,0.15690305829048157
1938,0.15690305829048157
1939,0.15690305829048157
1940,0.15690305829048157
1941,0.15690305829048157
1942,0.15690305829048157
1943,0.15690305829048157
1944,0.15690305829048157
1945,0.15690305829048157
1946,0.15690305829048157
1947,0.15690305829048157
1948,0.15690305829048157
1949,0.15690305829048157
1950,0.15690305829048157
1951,0.15690305829048157
1952,0.15690305829048157
1953,0.15690305829048157
1954,0.15690305829048157
1955,0.15690305829048157
1956,0.15690305829048157
1957,0.15690305829048157
1958,0.15690305829048157
1959,0.15690305829048157
1960,0.15690305829048157
1961,0.15690305829048157
1962,0.15690305829048157
1963,0.15690305829048157
1964,0.15690305829048157
1965,0.15690305829048157
1966,0.15690305829048157
1967,0.15690305829048157
1968,0.15690305829048157
1969,0.15690305829048157
1970,0.15690305829048157
1971,0.15690305829048157
1972,0.15690305829048157
1973,0.15690305829048157
1974,0.15690305829048157
1975,0.15690305829048157
1976,0.15690305829048157
1977,0.15690305829048157
1978,0.15690305829048157
1979,0.15690305829048157
1980,0.15690305829048157
1981,0.15690305829048157
1982,0.15690305829048157
1983,0.15690305829048157
1984,0.15690305829048157
1985,0.15690305829048157
1986,0.15690305829048157
1987,0.15690305829048157
1988,0.15690305829048157
1989,0.15690305829048157
1990,0.15690305829048157
1991,0.15690305829048157
1992,0.15690305829048157
1993,0.15690305829048157
1994,0.15690305829048157
1995,0.15690305829048157
1996,0.15690305829048157
1997,0.15690305829048157
1998,0.15690305829048157
1999,0.15690305829048157
2000,0.15690305829048157
2001,0.15690305829048157
2002,0.15690305829048157
2003,0.15690305829048157
2004,0.15690305829048157
2005,0.15690305829048157
2006,0.15690305829048157
2007,0.15690305829048157
2008,0.15690305829048157
2009,0.15690305829048157
2010,0.15690305829048157
2011,0.15690305829048157
2012,0.15690305829048157
2013,0.15690305829048157
2014,0.15690305829048157
2015,0.15690305829048157
2016,0.15690305829048157
2017,0.15690305829048157
2018,0.15690305829048157
2019,0.15690305829048157
2020,0.15690305829048157
2021,0.15690305829048157
2022,0.15690305829048157
2023,0.15690305829048157
2024,0.15690305829048157
2025,0.15690305829048157
2026,0.15690305829048157
2027,0.15690305829048157
2028,0.15690305829048157
2029,0.15690305829048157
2030,0.15690305829048157
2031,0.15690305829048157
2032,0.15690305829048157
2033,0.15690305829048157
2034,0.15690305829048157
2035,0.15690305829048157
2036,0.15690305829048157
2037,0.15690305829048157
2038,0.15690305829048157
2039,0.15690305829048157
2040,0.15690305829048157
2041,0.15690305829048157
2042,0.15690305829048157
2043,0.15690305829048157
2044,0.15690305829048157
2045,0.15690305829048157
2046,0.15690305829048157
2047,0.15690305829048157
2048,0.15690305829048157
2049,0.15690305829048157
2050,0.15690305829048157
2051,0.15690305829048157
2052,0.15690305829048157
2053,0.15690305829048157
2054,0.15690305829048157
2055,0.15690305829048157
2056,0.15690305829048157
2057,0.15690305829048157
2058,0.15690305829048157
2059,0.15690305829048157
2060,0.15690305829048157
2061,0.15690305829048157
2062,0.15690305829048157
2063,0.15690305829048157
2064,0.15690305829048157
2065,0.15690305829048157
2066,0.15690305829048157
2067,0.15690305829048157
2068,0.15690305829048157
2069,0.15690305829048157
2070,0.15690305829048157
2071,0.15690305829048157
2072,0.15690305829048157
2073,0.15690305829048157
2074,0.15690305829048157
2075,0.15690305829048157
2076,0.15690305829048157
2077,0.15690305829048157
2078,0.15690305829048157
2079,0.15690305829048157
2080,0.15690305829048157
2081,0.15690305829048157
2082,0.15690305829048157
2083,0.15690305829048157
2084,0.15690305829048157
2085,0.15690305829048157
2086,0.15690305829048157
2087,0.15690305829048157
2088,0.15690305829048157
2089,0.15690305829048157
2090,0.15690305829048157
2091,0.15690305829048157
2092,0.15690305829048157
2093,0.15690305829048157
2094,0.15690305829048157
2095,0.15690305829048157
2096,0.15690305829048157
2097,0.15690305829048157
2098,0.15690305829048157
2099,0.15690305829048157
2100,0.15690305829048157
2101,0.15690305829048157
2102,0.15690305829048157
2103,0.15690305829048157
2104,0.15690305829048157
2105,0.15690305829048157
2106,0.15690305829048157
2107,0.15690305829048157
2108,0.15690305829048157
2109,0.15690305829048157
2110,0.15690305829048157
2111,0.15690305829048157
2112,0.15690305829048157
2113,0.15690305829048157
2114,0.15690305829048157
2115,0.15690305829048157
2116,0.15690305829048157
2117,0.15690305829048157
2118,0.15690305829048157
2119,0.15690305829048157
2120,0.15690305829048157
2121,0.15690305829048157
2122,0.15690305829048157
2123,0.15690305829048157
2124,0.15690305829048157
2125,0.15690305829048157
2126,0.15690305829048157
2127,0.15690305829048157
2128,0.15690305829048157
2129,0.15690305829048157
2130,0.15690305829048157
2131,0.15690305829048157
2132,0.15690305829048157
2133,0.15690305829048157
2134,0.15690305829048157
2135,0.15690305829048157
2136,0.15690305829048157
2137,0.15690305829048157
2138,0.15690305829048157
2139,0.15690305829048157
2140,0.15690305829048157
2141,0.15690305829048157
2142,0.15690305829048157
2143,0.15690305829048157
2144,0.15690305829048157
2145,0.15690305829048157
2146,0.15690305829048157
2147,0.15690305829048157
2148,0.15690305829048157
2149,0.15690305829048157
2150,0.15690305829048157
2151,0.15690305829048157
2152,0.15690305829048157
2153,0.15690305829048157
2154,0.15690305829048157
2155,0.15690305829048157
2156,0.15690305829048157
2157,0.15690305829048157
2158,0.15690305829048157
2159,0.15690305829048157
2160,0.15690305829048157
2161,0.15690305829048157
2162,0.15690305829048157
2163,0.15690305829048157
2164,0.15690305829048157
2165,0.15690305829048157
2166,0.15690305829048157
2167,0.15690305829048157
2168,0.15690305829048157
2169,0.15690305829048157
2170,0.15690305829048157
2171,0.15690305829048157
2172,0.15690305829048157
2173,0.15690305829048157
2174,0.15690305829048157
2175,0.15690305829048157
2176,0.15690305829048157
2177,0.15690305829048157
2178,0.15690305829048157
2179,0.15690305829048157
2180,0.15690305829048157
2181,0.15690305829048157
2182,0.15690305829048157
2183,0.15690305829048157
2184,0.15690305829048157
2185,0.15690305829048157
2186,0.15690305829048157
2187,0.15690305829048157
2188,0.15690305829048157
2189,0.15690305829048157
2190,0.15690305829048157
2191,0.15690305829048157
2192,0.15690305829048157
2193,0.15690305829048157
2194,0.15690305829048157
2195,0.15690305829048157
2196,0.15690305829048157
2197,0.15690305829048157
2198,0.15690305829048157
2199,0.15690305829048157
2200,0.15690305829048157
2201,0.15690305829048157
2202,0.15690305829048157
2203,0.15690305829048157
2204,0.15690305829048157
2205,0.15690305829048157
2206,0.15690305829048157
2207,0.15690305829048157
2208,0.15690305829048157
2209,0.15690305829048157
2210,0.15690305829048157
2211,0.15690305829048157
2212,0.15690305829048157
2213,0.15690305829048157
2214,0.15690305829048157
2215,0.15690305829048157
2216,0.15690305829048157
2217,0.15690305829048157
2218,0.15690305829048157
2219,0.15690305829048157
2220,0.15690305829048157
2221,0.15690305829048157
2222,0.15690305829048157
2223,0.15690305829048157
2224,0.15690305829048157
2225,0.15690305829048157
2226,0.15690305829048157
2227,0.15690305829048157
2228,0.15690305829048157
2229,0.15690305829048157
2230,0.15690305829048157
2231,0.15690305829048157
2232,0.15690305829048157
2233,0.15690305829048157
2234,0.15690305829048157
2235,0.15690305829048157
2236,0.15690305829048157
2237,0.15690305829048157
2238,0.15690305829048157
2239,0.15690305829048157
2240,0.15690305829048157
2241,0.15690305829048157
2242,0.15690305829048157
2243,0.15690305829048157
2244,0.15690305829048157
2245,0.15690305829048157
2246,0.15690305829048157
2247,0.15690305829048157
2248,0.15690305829048157
2249,0.15690305829048157
2250,0.15690305829048157
2251,0.15690305829048157
2252,0.15690305829048157
2253,0.15690305829048157
2254,0.15690305829048157
2255,0.15690305829048157
2256,0.15690305829048157
2257,0.15690305829048157
2258,0.15690305829048157
2259,0.15690305829048157
2260,0.15690305829048157
2261,0.15690305829048157
2262,0.15690305829048157
2263,0.15690305829048157
2264,0.15690305829048157
2265,0.15690305829048157
2266,0.15690305829048157
2267,0.15690305829048157
2268,0.15690305829048157
2269,0.15690305829048157
2270,0.15690305829048157
2271,0.15690305829048157
2272,0.15690305829048157
2273,0.15690305829048157
2274,0.15690305829048157
2275,0.15690305829048157
2276,0.15690305829048157
2277,0.15690305829048157
2278,0.15690305829048157
2279,0.15690305829048157
2280,0.15690305829048157
2281,0.15690305829048157
2282,0.15690305829048157
2283,0.15690305829048157
2284,0.15690305829048157
2285,0.15690305829048157
2286,0.15690305829048157
2287,0.15690305829048157
2288,0.15690305829048157
2289,0.15690305829048157
2290,0.15690305829048157
2291,0.15690305829048157
2292,0.15690305829048157
2293,0.15690305829048157
2294,0.15690305829048157
2295,0.15690305829048157
2296,0.15690305829048157
2297,0.15690305829048157
2298,0.15690305829048157
2299,0.15690305829048157
2300,0.15690305829048157
2301,0.15690305829048157
2302,0.15690305829048157
2303,0.15690305829048157
2304,0.15690305829048157
2305,0.15690305829048157
2306,0.15690305829048157
2307,0.15690305829048157
2308,0.15690305829048157
2309,0.15690305829048157
2310,0.15690305829048157
2311,0.15690305829048157
2312,0.15690305829048157
2313,0.15690305829048157
2314,0.15690305829048157
2315,0.15690305829048157
2316,0.15690305829048157
2317,0.15690305829048157
2318,0.15690305829048157
2319,0.15690305829048157
2320,0.15690305829048157
2321,0.15690305829048157
2322,0.15690305829048157
2323,0.15690305829048157
2324,0.15690305829048157
2325,0.15690305829048157
2326,0.15690305829048157
2327,0.15690305829048157
2328,0.15690305829048157
2329,0.15690305829048157
2330,0.15690305829048157
2331,0.15690305829048157
2332,0.15690305829048157
2333,0.15690305829048157
2334,0.15690305829048157
2335,0.15690305829048157
2336,0.15690305829048157
2337,0.15690305829048157
2338,0.15690305829048157
2339,0.15690305829048157
2340,0.15690305829048157
2341,0.15690305829048157
2342,0.15690305829048157
2343,0.15690305829048157
2344,0.15690305829048157
2345,0.15690305829048157
2346,0.15690305829048157
2347,0.15690305829048157
2348,0.15690305829048157
2349,0.15690305829048157
2350,0.15690305829048157
2351,0.15690305829048157
2352,0.15690305829048157
2353,0.15690305829048157
2354,0.15690305829048157
2355,0.15690305829048157
2356,0.15690305829048157
2357,0.15690305829048157
2358,0.15690305829048157
2359,0.15690305829048157
2360,0.15690305829048157
2361,0.15690305829048157
2362,0.15690305829048157
2363,0.15690305829048157
2364,0.15690305829048157
2365,0.15690305829048157
2366,0.15690305829048157
2367,0.15690305829048157
2368,0.15690305829048157
2369,0.15690305829048157
2370,0.15690305829048157
2371,0.15690305829048157
2372,0.15690305829048157
2373,0.15690305829048157
2374,0.15690305829048157
2375,0.15690305829048157
2376,0.15690305829048157
2377,0.15690305829048157
2378,0.15690305829048157
2379,0.15690305829048157
2380,0.15690305829048157
2381,0.15690305829048157
2382,0.15690305829048157
2383,0.15690305829048157
2384,0.15690305829048157
2385,0.15690305829048157
2386,0.15690305829048157
2387,0.15690305829048157
2388,0.15690305829048157
2389,0.15690305829048157
2390,0.15690305829048157
2391,0.15690305829048157
2392,0.15690305829048157
2393,0.15690305829048157
2394,0.15690305829048157
2395,0.15690305829048157
2396,0.15690305829048157
2397,0.15690305829048157
2398,0.15690305829048157
2399,0.15690305829048157
2400,0.15690305829048157
2401,0.15690305829048157
2402,0.15690305829048157
2403,0.15690305829048157
2404,0.15690305829048157
2405,0.15690305829048157
2406,0.15690305829048157
2407,0.15690305829048157
2408,0.15690305829048157
2409,0.15690305829048157
2410,0.15690305829048157
2411,0.15690305829048157
2412,0.15690305829048157
2413,0.15690305829048157
2414,0.15690305829048157
2415,0.15690305829048157
2416,0.15690305829048157
2417,0.15690305829048157
2418,0.15690305829048157
2419,0.15690305829048157
2420,0.15690305829048157
2421,0.15690305829048157
2422,0.15690305829048157
2423,0.15690305829048157
2424,0.15690305829048157
2425,0.15690305829048157
2426,0.15690305829048157
2427,0.15690305829048157
2428,0.15690305829048157
2429,0.15690305829048157
2430,0.15690305829048157
2431,0.15690305829048157
2432,0.15690305829048157
2433,0.15690305829048157
2434,0.15690305829048157
2435,0.15690305829048157
2436,0.15690305829048157
2437,0.15690305829048157
2438,0.15690305829048157
2439,0.15690305829048157
2440,0.15690305829048157
2441,0.15690305829048157
2442,0.15690305829048157
2443,0.15690305829048157
2444,0.15690305829048157
2445,0.15690305829048157
2446,0.15690305829048157
2447,0.15690305829048157
2448,0.15690305829048157
2449,0.15690305829048157
2450,0.15690305829048157
2451,0.15690305829048157
2452,0.15690305829048157
2453,0.15690305829048157
2454,0.15690305829048157
2455,0.15690305829048157
2456,0.15690305829048157
2457,0.15690305829048157
2458,0.15690305829048157
2459,0.15690305829048157
2460,0.15690305829048157
2461,0.15690305829048157
2462,0.15690305829048157
2463,0.15690305829048157
2464,0.15690305829048157
2465,0.15690305829048157
2466,0.15690305829048157
2467,0.15690305829048157
2468,0.15690305829048157
2469,0.15690305829048157
2470,0.15690305829048157
2471,0.15690305829048157
2472,0.15690305829048157
2473,0.15690305829048157
2474,0.15690305829048157
2475,0.15690305829048157
2476,0.15690305829048157
2477,0.15690305829048157
2478,0.15690305829048157
2479,0.15690305829048157
2480,0.15690305829048157
2481,0.15690305829048157
2482,0.15690305829048157
2483,0.15690305829048157
2484,0.15690305829048157
2485,0.15690305829048157
2486,0.15690305829048157
2487,0.15690305829048157
2488,0.15690305829048157
2489,0.15690305829048157
2490,0.15690305829048157
2491,0.15690305829048157
2492,0.15690305829048157
2493,0.15690305829048157
2494,0.15690305829048157
2495,0.15690305829048157
2496,0.15690305829048157
2497,0.15690305829048157
2498,0.15690305829048157
2499,0.15690305829048157
2500,0.15690305829048157
2501,0.15690305829048157
2502,0.15690305829048157
2503,0.15690305829048157
2504,0.15690305829048157
2505,0.15690305829048157
2506,0.15690305829048157
2507,0.15690305829048157
2508,0.15690305829048157
2509,0.15690305829048157
2510,0.15690305829048157
2511,0.15690305829048157
2512,0.15690305829048157
2513,0.15690305829048157
2514,0.15690305829048157
2515,0.15690305829048157
2516,0.15690305829048157
2517,0.15690305829048157
2518,0.15690305829048157
2519,0.15690305829048157
2520,0.15690305829048157
2521,0.15690305829048157
2522,0.15690305829048157
2523,0.15690305829048157
2524,0.15690305829048157
2525,0.15690305829048157
2526,0.15690305829048157
2527,0.15690305829048157
2528,0.15690305829048157
2529,0.15690305829048157
2530,0.15690305829048157
2531,0.15690305829048157
2532,0.15690305829048157
2533,0.15690305829048157
2534,0.15690305829048157
2535,0.15690305829048157
2536,0.15690305829048157
2537,0.15690305829048157
2538,0.15690305829048157
2539,0.15690305829048157
2540,0.15690305829048157
2541,0.15690305829048157
2542,0.15690305829048157
2543,0.15690305829048157
2544,0.15690305829048157
2545,0.15690305829048157
2546,0.15690305829048157
2547,0.15690305829048157
2548,0.15690305829048157
2549,0.15690305829048157
2550,0.15690305829048157
2551,0.15690305829048157
2552,0.15690305829048157
2553,0.15690305829048157
2554,0.15690305829048157
2555,0.15690305829048157
2556,0.15690305829048157
2557,0.15690305829048157
2558,0.15690305829048157
2559,0.15690305829048157
2560,0.15690305829048157
2561,0.15690305829048157
2562,0.15690305829048157
2563,0.15690305829048157
2564,0.15690305829048157
2565,0.15690305829048157
2566,0.15690305829048157
2567,0.15690305829048157
2568,0.15690305829048157
2569,0.15690305829048157
2570,0.15690305829048157
2571,0.15690305829048157
2572,0.15690305829048157
2573,0.15690305829048157
2574,0.15690305829048157
2575,0.15690305829048157
2576,0.15690305829048157
2577,0.15690305829048157
2578,0.15690305829048157
2579,0.15690305829048157
2580,0.15690305829048157
2581,0.15690305829048157
2582,0.15690305829048157
2583,0.15690305829048157
2584,0.15690305829048157
2585,0.15690305829048157
2586,0.15690305829048157
2587,0.15690305829048157
2588,0.15690305829048157
2589,0.15690305829048157
2590,0.15690305829048157
2591,0.15690305829048157
2592,0.15690305829048157
2593,0.15690305829048157
2594,0.15690305829048157
2595,0.15690305829048157
2596,0.15690305829048157
2597,0.15690305829048157
2598,0.15690305829048157
2599,0.15690305829048157
2600,0.15690305829048157
2601,0.15690305829048157
2602,0.15690305829048157
2603,0.15690305829048157
2604,0.15690305829048157
2605,0.15690305829048157
2606,0.15690305829048157
2607,0.15690305829048157
2608,0.15690305829048157
2609,0.15690305829048157
2610,0.15690305829048157
2611,0.15690305829048157
2612,0.15690305829048157
2613,0.15690305829048157
2614,0.15690305829048157
2615,0.15690305829048157
2616,0.15690305829048157
2617,0.15690305829048157
2618,0.15690305829048157
2619,0.15690305829048157
2620,0.15690305829048157
2621,0.15690305829048157
2622,0.15690305829048157
2623,0.15690305829048157
2624,0.15690305829048157
2625,0.15690305829048157
2626,0.15690305829048157
2627,0.15690305829048157
2628,0.15690305829048157
2629,0.15690305829048157
2630,0.15690305829048157
2631,0.15690305829048157
2632,0.15690305829048157
2633,0.15690305829048157
2634,0.15690305829048157
2635,0.15690305829048157
2636,0.15690305829048157
2637,0.15690305829048157
2638,0.15690305829048157
2639,0.15690305829048157
2640,0.15690305829048157
2641,0.15690305829048157
2642,0.15690305829048157
2643,0.15690305829048157
2644,0.15690305829048157
2645,0.15690305829048157
2646,0.15690305829048157
2647,0.15690305829048157
2648,0.15690305829048157
2649,0.15690305829048157
2650,0.15690305829048157
2651,0.15690305829048157
2652,0.15690305829048157
2653,0.15690305829048157
2654,0.15690305829048157
2655,0.15690305829048157
2656,0.15690305829048157
2657,0.15690305829048157
2658,0.15690305829048157
2659,0.15690305829048157
2660,0.15690305829048157
2661,0.15690305829048157
2662,0.15690305829048157
2663,0.15690305829048157
2664,0.15690305829048157
2665,0.15690305829048157
2666,0.15690305829048157
2667,0.15690305829048157
2668,0.15690305829048157
2669,0.15690305829048157
2670,0.15690305829048157
2671,0.15690305829048157
2672,0.15690305829048157
2673,0.15690305829048157
2674,0.15690305829048157
2675,0.15690305829048157
2676,0.15690305829048157
2677,0.15690305829048157
2678,0.15690305829048157
2679,0.15690305829048157
2680,0.15690305829048157
2681,0.15690305829048157
2682,0.15690305829048157
2683,0.15690305829048157
2684,0.15690305829048157
2685,0.15690305829048157
2686,0.15690305829048157
2687,0.15690305829048157
2688,0.15690305829048157
2689,0.15690305829048157
2690,0.15690305829048157
2691,0.15690305829048157
2692,0.15690305829048157
2693,0.15690305829048157
2694,0.15690305829048157
2695,0.15690305829048157
2696,0.15690305829048157
2697,0.15690305829048157
2698,0.15690305829048157
2699,0.15690305829048157
2700,0.15690305829048157
2701,0.15690305829048157
2702,0.15690305829048157
2703,0.15690305829048157
2704,0.15690305829048157
2705,0.15690305829048157
2706,0.15690305829048157
2707,0.15690305829048157
2708,0.15690305829048157
2709,0.15690305829048157
2710,0.15690305829048157
2711,0.15690305829048157
2712,0.15690305829048157
2713,0.15690305829048157
2714,0.15690305829048157
2715,0.15690305829048157
2716,0.15690305829048157
2717,0.15690305829048157
2718,0.15690305829048157
2719,0.15690305829048157
2720,0.15690305829048157
2721,0.15690305829048157
2722,0.15690305829048157
2723,0.15690305829048157
2724,0.15690305829048157
2725,0.15690305829048157
2726,0.15690305829048157
2727,0.15690305829048157
2728,0.15690305829048157
2729,0.15690305829048157
2730,0.15690305829048157
2731,0.15690305829048157
2732,0.15690305829048157
2733,0.15690305829048157
2734,0.15690305829048157
2735,0.15690305829048157
2736,0.15690305829048157
2737,0.15690305829048157
2738,0.15690305829048157
2739,0.15690305829048157
2740,0.15690305829048157
2741,0.15690305829048157
2742,0.15690305829048157
2743,0.15690305829048157
2744,0.15690305829048157
2745,0.15690305829048157
2746,0.15690305829048157
2747,0.15690305829048157
2748,0.15690305829048157
2749,0.15690305829048157
2750,0.15690305829048157
2751,0.15690305829048157
2752,0.15690305829048157
2753,0.15690305829048157
2754,0.15690305829048157
2755,0.15690305829048157
2756,0.15690305829048157
2757,0.15690305829048157
2758,0.15690305829048157
2759,0.15690305829048157
2760,0.15690305829048157
2761,0.15690305829048157
2762,0.15690305829048157
2763,0.15690305829048157
2764,0.15690305829048157
2765,0.15690305829048157
2766,0.15690305829048157
2767,0.15690305829048157
2768,0.15690305829048157
2769,0.15690305829048157
2770,0.15690305829048157
2771,0.15690305829048157
2772,0.15690305829048157
2773,0.15690305829048157
2774,0.15690305829048157
2775,0.15690305829048157
2776,0.15690305829048157
2777,0.15690305829048157
2778,0.15690305829048157
2779,0.15690305829048157
2780,0.15690305829048157
2781,0.15690305829048157
2782,0.15690305829048157
2783,0.15690305829048157
2784,0.15690305829048157
2785,0.15690305829048157
2786,0.15690305829048157
2787,0.15690305829048157
2788,0.15690305829048157
2789,0.15690305829048157
2790,0.15690305829048157
2791,0.15690305829048157
2792,0.15690305829048157
2793,0.15690305829048157
2794,0.15690305829048157
2795,0.15690305829048157
2796,0.15690305829048157
2797,0.15690305829048157
2798,0.15690305829048157
2799,0.15690305829048157
2800,0.15690305829048157
2801,0.15690305829048157
2802,0.15690305829048157
2803,0.15690305829048157
2804,0.15690305829048157
2805,0.15690305829048157
2806,0.15690305829048157
2807,0.15690305829048157
2808,0.15690305829048157
2809,0.15690305829048157
2810,0.15690305829048157
2811,0.15690305829048157
2812,0.15690305829048157
2813,0.15690305829048157
2814,0.15690305829048157
2815,0.15690305829048157
2816,0.15690305829048157
2817,0.15690305829048157
2818,0.15690305829048157
2819,0.15690305829048157
2820,0.15690305829048157
2821,0.15690305829048157
2822,0.15690305829048157
2823,0.15690305829048157
2824,0.15690305829048157
2825,0.15690305829048157
2826,0.15690305829048157
2827,0.15690305829048157
2828,0.15690305829048157
2829,0.15690305829048157
2830,0.15690305829048157
2831,0.15690305829048157
2832,0.15690305829048157
2833,0.15690305829048157
2834,0.15690305829048157
2835,0.15690305829048157
2836,0.15690305829048157
2837,0.15690305829048157
2838,0.15690305829048157
2839,0.15690305829048157
2840,0.15690305829048157
2841,0.15690305829048157
2842,0.15690305829048157
2843,0.15690305829048157
2844,0.15690305829048157
2845,0.15690305829048157
2846,0.15690305829048157
2847,0.15690305829048157
2848,0.15690305829048157
2849,0.15690305829048157
2850,0.15690305829048157
2851,0.15690305829048157
2852,0.15690305829048157
2853,0.15690305829048157
2854,0.15690305829048157
2855,0.15690305829048157
2856,0.15690305829048157
2857,0.15690305829048157
2858,0.15690305829048157
2859,0.15690305829048157
2860,0.15690305829048157
2861,0.15690305829048157
2862,0.15690305829048157
2863,0.15690305829048157
2864,0.15690305829048157
2865,0.15690305829048157
2866,0.15690305829048157
2867,0.15690305829048157
2868,0.15690305829048157
2869,0.15690305829048157
2870,0.15690305829048157
2871,0.15690305829048157
2872,0.15690305829048157
2873,0.15690305829048157
2874,0.15690305829048157
2875,0.15690305829048157
2876,0.15690305829048157
2877,0.15690305829048157
2878,0.15690305829048157
2879,0.15690305829048157
2880,0.15690305829048157
2881,0.15690305829048157
2882,0.15690305829048157
2883,0.15690305829048157
2884,0.15690305829048157
2885,0.15690305829048157
2886,0.15690305829048157
2887,0.15690305829048157
2888,0.15690305829048157
2889,0.15690305829048157
2890,0.15690305829048157
2891,0.15690305829048157
2892,0.15690305829048157
2893,0.15690305829048157
2894,0.15690305829048157
2895,0.15690305829048157
2896,0.15690305829048157
2897,0.15690305829048157
2898,0.15690305829048157
2899,0.15690305829048157
2900,0.15690305829048157
2901,0.15690305829048157
2902,0.15690305829048157
2903,0.15690305829048157
2904,0.15690305829048157
2905,0.15690305829048157
2906,0.15690305829048157
2907,0.15690305829048157
2908,0.15690305829048157
2909,0.15690305829048157
2910,0.15690305829048157
2911,0.15690305829048157
2912,0.15690305829048157
2913,0.15690305829048157
2914,0.15690305829048157
2915,0.15690305829048157
2916,0.15690305829048157
2917,0.15690305829048157
2918,0.15690305829048157
2919,0.15690305829048157
2920,0.15690305829048157
2921,0.15690305829048157
2922,0.15690305829048157
2923,0.15690305829048157
2924,0.15690305829048157
2925,0.15690305829048157
2926,0.15690305829048157
2927,0.15690305829048157
2928,0.15690305829048157
2929,0.15690305829048157
2930,0.15690305829048157
2931,0.15690305829048157
2932,0.15690305829048157
2933,0.15690305829048157
2934,0.15690305829048157
2935,0.15690305829048157
2936,0.15690305829048157
2937,0.15690305829048157
2938,0.15690305829048157
2939,0.15690305829048157
2940,0.15690305829048157
2941,0.15690305829048157
2942,0.15690305829048157
2943,0.15690305829048157
2944,0.15690305829048157
2945,0.15690305829048157
2946,0.15690305829048157
2947,0.15690305829048157
2948,0.15690305829048157
2949,0.15690305829048157
2950,0.15690305829048157
2951,0.15690305829048157
2952,0.15690305829048157
2953,0.15690305829048157
2954,0.15690305829048157
2955,0.15690305829048157
2956,0.15690305829048157
2957,0.15690305829048157
2958,0.15690305829048157
2959,0.15690305829048157
2960,0.15690305829048157
2961,0.15690305829048157
2962,0.15690305829048157
2963,0.15690305829048157
2964,0.15690305829048157
2965,0.15690305829048157
2966,0.15690305829048157
2967,0.15690305829048157
2968,0.15690305829048157
2969,0.15690305829048157
2970,0.15690305829048157
2971,0.15690305829048157
2972,0.15690305829048157
2973,0.15690305829048157
2974,0.15690305829048157
2975,0.15690305829048157
2976,0.15690305829048157
2977,0.15690305829048157
2978,0.15690305829048157
2979,0.15690305829048157
2980,0.15690305829048157
2981,0.15690305829048157
2982,0.15690305829048157
2983,0.15690305829048157
2984,0.15690305829048157
2985,0.15690305829048157
2986,0.15690305829048157
2987,0.15690305829048157
2988,0.15690305829048157
2989,0.15690305829048157
2990,0.15690305829048157
2991,0.15690305829048157
2992,0.15690305829048157
2993,0.15690305829048157
2994,0.15690305829048157
2995,0.15690305829048157
2996,0.15690305829048157
2997,0.15690305829048157
2998,0.15690305829048157
2999,0.15690305829048157
3000,0.15690305829048157
3001,0.15690305829048157
3002,0.15690305829048157
3003,0.15690305829048157
3004,0.15690305829048157
3005,0.15690305829048157
3006,0.15690305829048157
3007,0.15690305829048157
3008,0.15690305829048157
3009,0.15690305829048157
3010,0.15690305829048157
3011,0.15690305829048157
3012,0.15690305829048157
3013,0.15690305829048157
3014,0.15690305829048157
3015,0.15690305829048157
3016,0.15690305829048157
3017,0.15690305829048157
3018,0.15690305829048157
3019,0.15690305829048157
3020,0.15690305829048157
3021,0.15690305829048157
3022,0.15690305829048157
3023,0.15690305829048157
3024,0.15690305829048157
3025,0.15690305829048157
3026,0.15690305829048157
3027,0.15690305829048157
3028,0.15690305829048157
3029,0.15690305829048157
3030,0.15690305829048157
3031,0.15690305829048157
3032,0.15690305829048157
3033,0.15690305829048157
3034,0.15690305829048157
3035,0.15690305829048157
3036,0.15690305829048157
3037,0.15690305829048157
3038,0.15690305829048157
3039,0.15690305829048157
3040,0.15690305829048157
3041,0.15690305829048157
3042,0.15690305829048157
3043,0.15690305829048157
3044,0.15690305829048157
3045,0.15690305829048157
3046,0.15690305829048157
3047,0.15690305829048157
3048,0.15690305829048157
3049,0.15690305829048157
3050,0.15690305829048157
3051,0.15690305829048157
3052,0.15690305829048157
3053,0.15690305829048157
3054,0.15690305829048157
3055,0.15690305829048157
3056,0.15690305829048157
3057,0.15690305829048157
3058,0.15690305829048157
3059,0.15690305829048157
3060,0.15690305829048157
3061,0.15690305829048157
3062,0.15690305829048157
3063,0.15690305829048157
3064,0.15690305829048157
3065,0.15690305829048157
3066,0.15690305829048157
3067,0.15690305829048157
3068,0.15690305829048157
3069,0.15690305829048157
3070,0.15690305829048157
3071,0.15690305829048157
3072,0.15690305829048157
3073,0.15690305829048157
3074,0.15690305829048157
3075,0.15690305829048157
3076,0.15690305829048157
3077,0.15690305829048157
3078,0.15690305829048157
3079,0.15690305829048157
3080,0.15690305829048157
3081,0.15690305829048157
3082,0.15690305829048157
3083,0.15690305829048157
3084,0.15690305829048157
3085,0.15690305829048157
3086,0.15690305829048157
3087,0.15690305829048157
3088,0.15690305829048157
3089,0.15690305829048157
3090,0.15690305829048157
3091,0.15690305829048157
3092,0.15690305829048157
3093,0.15690305829048157
3094,0.15690305829048157
3095,0.15690305829048157
3096,0.15690305829048157
3097,0.15690305829048157
3098,0.15690305829048157
3099,0.15690305829048157
3100,0.15690305829048157
3101,0.15690305829048157
3102,0.15690305829048157
3103,0.15690305829048157
3104,0.15690305829048157
3105,0.15690305829048157
3106,0.15690305829048157
3107,0.15690305829048157
3108,0.15690305829048157
3109,0.15690305829048157
3110,0.15690305829048157
3111,0.15690305829048157
3112,0.15690305829048157
3113,0.15690305829048157
3114,0.15690305829048157
3115,0.15690305829048157
3116,0.15690305829048157
3117,0.15690305829048157
3118,0.15690305829048157
3119,0.15690305829048157
3120,0.15690305829048157
3121,0.15690305829048157
3122,0.15690305829048157
3123,0.15690305829048157
3124,0.15690305829048157
3125,0.15690305829048157
3126,0.15690305829048157
3127,0.15690305829048157
3128,0.15690305829048157
3129,0.15690305829048157
3130,0.15690305829048157
3131,0.15690305829048157
3132,0.15690305829048157
3133,0.15690305829048157
3134,0.15690305829048157
3135,0.15690305829048157
3136,0.15690305829048157
3137,0.15690305829048157
3138,0.15690305829048157
3139,0.15690305829048157
3140,0.15690305829048157
3141,0.15690305829048157
3142,0.15690305829048157
3143,0.15690305829048157
3144,0.15690305829048157
3145,0.15690305829048157
3146,0.15690305829048157
3147,0.15690305829048157
3148,0.15690305829048157
3149,0.15690305829048157
3150,0.15690305829048157
3151,0.15690305829048157
3152,0.15690305829048157
3153,0.15690305829048157
3154,0.15690305829048157
3155,0.15690305829048157
3156,0.15690305829048157
3157,0.15690305829048157
3158,0.15690305829048157
3159,0.15690305829048157
3160,0.15690305829048157
3161,0.15690305829048157
3162,0.15690305829048157
3163,0.15690305829048157
3164,0.15690305829048157
3165,0.15690305829048157
3166,0.15690305829048157
3167,0.15690305829048157
3168,0.15690305829048157
3169,0.15690305829048157
3170,0.15690305829048157
3171,0.15690305829048157
3172,0.15690305829048157
3173,0.15690305829048157
3174,0.15690305829048157
3175,0.15690305829048157
3176,0.15690305829048157
3177,0.15690305829048157
3178,0.15690305829048157
3179,0.15690305829048157
3180,0.15690305829048157
3181,0.15690305829048157
3182,0.15690305829048157
3183,0.15690305829048157
3184,0.15690305829048157
3185,0.15690305829048157
3186,0.15690305829048157
3187,0.15690305829048157
3188,0.15690305829048157
3189,0.15690305829048157
3190,0.15690305829048157
3191,0.15690305829048157
3192,0.15690305829048157
3193,0.15690305829048157
3194,0.15690305829048157
3195,0.15690305829048157
3196,0.15690305829048157
3197,0.15690305829048157
3198,0.15690305829048157
3199,0.15690305829048157
3200,0.15690305829048157
3201,0.15690305829048157
3202,0.15690305829048157
3203,0.15690305829048157
3204,0.15690305829048157
3205,0.15690305829048157
3206,0.15690305829048157
3207,0.15690305829048157
3208,0.15690305829048157
3209,0.15690305829048157
3210,0.15690305829048157
3211,0.15690305829048157
3212,0.15690305829048157
3213,0.15690305829048157
3214,0.15690305829048157
3215,0.15690305829048157
3216,0.15690305829048157
3217,0.15690305829048157
3218,0.15690305829048157
3219,0.15690305829048157
3220,0.15690305829048157
3221,0.15690305829048157
3222,0.15690305829048157
3223,0.15690305829048157
3224,0.15690305829048157
3225,0.15690305829048157
3226,0.15690305829048157
3227,0.15690305829048157
3228,0.15690305829048157
3229,0.15690305829048157
3230,0.15690305829048157
3231,0.15690305829048157
3232,0.15690305829048157
3233,0.15690305829048157
3234,0.15690305829048157
3235,0.15690305829048157
3236,0.15690305829048157
3237,0.15690305829048157
3238,0.15690305829048157
3239,0.15690305829048157
3240,0.15690305829048157
3241,0.15690305829048157
3242,0.15690305829048157
3243,0.15690305829048157
3244,0.15690305829048157
3245,0.15690305829048157
3246,0.15690305829048157
3247,0.15690305829048157
3248,0.15690305829048157
3249,0.15690305829048157
3250,0.15690305829048157
3251,0.15690305829048157
3252,0.15690305829048157
3253,0.15690305829048157
3254,0.15690305829048157
3255,0.15690305829048157
3256,0.15690305829048157
3257,0.15690305829048157
3258,0.15690305829048157
3259,0.15690305829048157
3260,0.15690305829048157
3261,0.15690305829048157
3262,0.15690305829048157
3263,0.15690305829048157
3264,0.15690305829048157
3265,0.15690305829048157
3266,0.15690305829048157
3267,0.15690305829048157
3268,0.15690305829048157
3269,0.15690305829048157
3270,0.15690305829048157
3271,0.15690305829048157
3272,0.15690305829048157
3273,0.15690305829048157
3274,0.15690305829048157
3275,0.15690305829048157
3276,0.15690305829048157
3277,0.15690305829048157
3278,0.15690305829048157
3279,0.15690305829048157
3280,0.15690305829048157
3281,0.15690305829048157
3282,0.15690305829048157
3283,0.15690305829048157
3284,0.15690305829048157
3285,0.15690305829048157
3286,0.15690305829048157
3287,0.15690305829048157
3288,0.15690305829048157
3289,0.15690305829048157
3290,0.15690305829048157
3291,0.15690305829048157
3292,0.15690305829048157
3293,0.15690305829048157
3294,0.15690305829048157
3295,0.15690305829048157
3296,0.15690305829048157
3297,0.15690305829048157
3298,0.15690305829048157
3299,0.15690305829048157
3300,0.15690305829048157
3301,0.15690305829048157
3302,0.15690305829048157
3303,0.15690305829048157
3304,0.15690305829048157
3305,0.15690305829048157
3306,0.15690305829048157
3307,0.15690305829048157
3308,0.15690305829048157
3309,0.15690305829048157
3310,0.15690305829048157
3311,0.15690305829048157
3312,0.15690305829048157
3313,0.15690305829048157
3314,0.15690305829048157
3315,0.15690305829048157
3316,0.15690305829048157
3317,0.15690305829048157
3318,0.15690305829048157
3319,0.15690305829048157
3320,0.15690305829048157
3321,0.15690305829048157
3322,0.15690305829048157
3323,0.15690305829048157
3324,0.15690305829048157
3325,0.15690305829048157
3326,0.15690305829048157
3327,0.15690305829048157
3328,0.15690305829048157
3329,0.15690305829048157
3330,0.15690305829048157
3331,0.15690305829048157
3332,0.15690305829048157
3333,0.15690305829048157
3334,0.15690305829048157
3335,0.15690305829048157
3336,0.15690305829048157
3337,0.15690305829048157
3338,0.15690305829048157
3339,0.15690305829048157
3340,0.15690305829048157
3341,0.15690305829048157
3342,0.15690305829048157
3343,0.15690305829048157
3344,0.15690305829048157
3345,0.15690305829048157
3346,0.15690305829048157
3347,0.15690305829048157
3348,0.15690305829048157
3349,0.15690305829048157
3350,0.15690305829048157
3351,0.15690305829048157
3352,0.15690305829048157
3353,0.15690305829048157
3354,0.15690305829048157
3355,0.15690305829048157
3356,0.15690305829048157
3357,0.15690305829048157
3358,0.15690305829048157
3359,0.15690305829048157
3360,0.15690305829048157
3361,0.15690305829048157
3362,0.15690305829048157
3363,0.15690305829048157
3364,0.15690305829048157
3365,0.15690305829048157
3366,0.15690305829048157
3367,0.15690305829048157
3368,0.15690305829048157
3369,0.15690305829048157
3370,0.15690305829048157
3371,0.15690305829048157
3372,0.15690305829048157
3373,0.15690305829048157
3374,0.15690305829048157
3375,0.15690305829048157
3376,0.15690305829048157
3377,0.15690305829048157
3378,0.15690305829048157
3379,0.15690305829048157
3380,0.15690305829048157
3381,0.15690305829048157
3382,0.15690305829048157
3383,0.15690305829048157
3384,0.15690305829048157
3385,0.15690305829048157
3386,0.15690305829048157
3387,0.15690305829048157
3388,0.15690305829048157
3389,0.15690305829048157
3390,0.15690305829048157
3391,0.15690305829048157
3392,0.15690305829048157
3393,0.15690305829048157
3394,0.15690305829048157
3395,0.15690305829048157
3396,0.15690305829048157
3397,0.15690305829048157
3398,0.15690305829048157
3399,0.15690305829048157
3400,0.15690305829048157
3401,0.15690305829048157
3402,0.15690305829048157
3403,0.15690305829048157
3404,0.15690305829048157
3405,0.15690305829048157
3406,0.15690305829048157
3407,0.15690305829048157
3408,0.15690305829048157
3409,0.15690305829048157
3410,0.15690305829048157
3411,0.15690305829048157
3412,0.15690305829048157
3413,0.15690305829048157
3414,0.15690305829048157
3415,0.15690305829048157
3416,0.15690305829048157
3417,0.15690305829048157
3418,0.15690305829048157
3419,0.15690305829048157
3420,0.15690305829048157
3421,0.15690305829048157
3422,0.15690305829048157
3423,0.15690305829048157
3424,0.15690305829048157
3425,0.15690305829048157
3426,0.15690305829048157
3427,0.15690305829048157
3428,0.15690305829048157
3429,0.15690305829048157
3430,0.15690305829048157
3431,0.15690305829048157
3432,0.15690305829048157
3433,0.15690305829048157
3434,0.15690305829048157
3435,0.15690305829048157
3436,0.15690305829048157
3437,0.15690305829048157
3438,0.15690305829048157
3439,0.15690305829048157
3440,0.15690305829048157
3441,0.15690305829048157
3442,0.15690305829048157
3443,0.15690305829048157
3444,0.15690305829048157
3445,0.15690305829048157
3446,0.15690305829048157
3447,0.15690305829048157
3448,0.15690305829048157
3449,0.15690305829048157
3450,0.15690305829048157
3451,0.15690305829048157
3452,0.15690305829048157
3453,0.15690305829048157
3454,0.15690305829048157
3455,0.15690305829048157
3456,0.15690305829048157
3457,0.15690305829048157
3458,0.15690305829048157
3459,0.15690305829048157
3460,0.15690305829048157
3461,0.15690305829048157
3462,0.15690305829048157
3463,0.15690305829048157
3464,0.15690305829048157
3465,0.15690305829048157
3466,0.15690305829048157
3467,0.15690305829048157
3468,0.15690305829048157
3469,0.15690305829048157
3470,0.15690305829048157
3471,0.15690305829048157
3472,0.15690305829048157
3473,0.15690305829048157
3474,0.15690305829048157
3475,0.15690305829048157
3476,0.15690305829048157
3477,0.15690305829048157
3478,0.15690305829048157
3479,0.15690305829048157
3480,0.15690305829048157
3481,0.15690305829048157
3482,0.15690305829048157
3483,0.15690305829048157
3484,0.15690305829048157
3485,0.15690305829048157
3486,0.15690305829048157
3487,0.15690305829048157
3488,0.15690305829048157
3489,0.15690305829048157
3490,0.15690305829048157
3491,0.15690305829048157
3492,0.15690305829048157
3493,0.15690305829048157
3494,0.15690305829048157
3495,0.15690305829048157
3496,0.15690305829048157
3497,0.15690305829048157
3498,0.15690305829048157
3499,0.15690305829048157
3500,0.15690305829048157
3501,0.15690305829048157
3502,0.15690305829048157
3503,0.15690305829048157
3504,0.15690305829048157
3505,0.15690305829048157
3506,0.15690305829048157
3507,0.15690305829048157
3508,0.15690305829048157
3509,0.15690305829048157
3510,0.15690305829048157
3511,0.15690305829048157
3512,0.15690305829048157
3513,0.15690305829048157
3514,0.15690305829048157
3515,0.15690305829048157
3516,0.15690305829048157
3517,0.15690305829048157
3518,0.15690305829048157
3519,0.15690305829048157
3520,0.15690305829048157
3521,0.15690305829048157
3522,0.15690305829048157
3523,0.15690305829048157
3524,0.15690305829048157
3525,0.15690305829048157
3526,0.15690305829048157
3527,0.15690305829048157
3528,0.15690305829048157
3529,0.15690305829048157
3530,0.15690305829048157
3531,0.15690305829048157
3532,0.15690305829048157
3533,0.15690305829048157
3534,0.15690305829048157
3535,0.15690305829048157
3536,0.15690305829048157
3537,0.15690305829048157
3538,0.15690305829048157
3539,0.15690305829048157
3540,0.15690305829048157
3541,0.15690305829048157
3542,0.15690305829048157
3543,0.15690305829048157
3544,0.15690305829048157
3545,0.15690305829048157
3546,0.15690305829048157
3547,0.15690305829048157
3548,0.15690305829048157
3549,0.15690305829048157
3550,0.15690305829048157
3551,0.15690305829048157
3552,0.15690305829048157
3553,0.15690305829048157
3554,0.15690305829048157
3555,0.15690305829048157
3556,0.15690305829048157
3557,0.15690305829048157
3558,0.15690305829048157
3559,0.15690305829048157
3560,0.15690305829048157
3561,0.15690305829048157
3562,0.15690305829048157
3563,0.15690305829048157
3564,0.15690305829048157
3565,0.15690305829048157
3566,0.15690305829048157
3567,0.15690305829048157
3568,0.15690305829048157
3569,0.15690305829048157
3570,0.15690305829048157
3571,0.15690305829048157
3572,0.15690305829048157
3573,0.15690305829048157
3574,0.15690305829048157
3575,0.15690305829048157
3576,0.15690305829048157
3577,0.15690305829048157
3578,0.15690305829048157
3579,0.15690305829048157
3580,0.15690305829048157
3581,0.15690305829048157
3582,0.15690305829048157
3583,0.15690305829048157
3584,0.15690305829048157
3585,0.15690305829048157
3586,0.15690305829048157
3587,0.15690305829048157
3588,0.15690305829048157
3589,0.15690305829048157
3590,0.15690305829048157
3591,0.15690305829048157
3592,0.15690305829048157
3593,0.15690305829048157
3594,0.15690305829048157
3595,0.15690305829048157
3596,0.15690305829048157
3597,0.15690305829048157
3598,0.15690305829048157
3599,0.15690305829048157
3600,0.15690305829048157
3601,0.15690305829048157
3602,0.15690305829048157
3603,0.15690305829048157
3604,0.15690305829048157
3605,0.15690305829048157
3606,0.15690305829048157
3607,0.15690305829048157
3608,0.15690305829048157
3609,0.15690305829048157
3610,0.15690305829048157
3611,0.15690305829048157
3612,0.15690305829048157
3613,0.15690305829048157
3614,0.15690305829048157
3615,0.15690305829048157
3616,0.15690305829048157
3617,0.15690305829048157
3618,0.15690305829048157
3619,0.15690305829048157
3620,0.15690305829048157
3621,0.15690305829048157
3622,0.15690305829048157
3623,0.15690305829048157
3624,0.15690305829048157
3625,0.15690305829048157
3626,0.15690305829048157
3627,0.15690305829048157
3628,0.15690305829048157
3629,0.15690305829048157
3630,0.15690305829048157
3631,0.15690305829048157
3632,0.15690305829048157
3633,0.15690305829048157
3634,0.15690305829048157
3635,0.15690305829048157
3636,0.15690305829048157
3637,0.15690305829048157
3638,0.15690305829048157
3639,0.15690305829048157
3640,0.15690305829048157
3641,0.15690305829048157
3642,0.15690305829048157
3643,0.15690305829048157
3644,0.15690305829048157
3645,0.15690305829048157
3646,0.15690305829048157
3647,0.15690305829048157
3648,0.15690305829048157
3649,0.15690305829048157
3650,0.15690305829048157
3651,0.15690305829048157
3652,0.15690305829048157
3653,0.15690305829048157
3654,0.15690305829048157
3655,0.15690305829048157
3656,0.15690305829048157
3657,0.15690305829048157
3658,0.15690305829048157
3659,0.15690305829048157
3660,0.15690305829048157
3661,0.15690305829048157
3662,0.15690305829048157
3663,0.15690305829048157
3664,0.15690305829048157
3665,0.15690305829048157
3666,0.15690305829048157
3667,0.15690305829048157
3668,0.15690305829048157
3669,0.15690305829048157
3670,0.15690305829048157
3671,0.15690305829048157
3672,0.15690305829048157
3673,0.15690305829048157
3674,0.15690305829048157
3675,0.15690305829048157
3676,0.15690305829048157
3677,0.15690305829048157
3678,0.15690305829048157
3679,0.15690305829048157
3680,0.15690305829048157
3681,0.15690305829048157
3682,0.15690305829048157
3683,0.15690305829048157
3684,0.15690305829048157
3685,0.15690305829048157
3686,0.15690305829048157
3687,0.15690305829048157
3688,0.15690305829048157
3689,0.15690305829048157
3690,0.15690305829048157
3691,0.15690305829048157
3692,0.15690305829048157
3693,0.15690305829048157
3694,0.15690305829048157
3695,0.15690305829048157
3696,0.15690305829048157
3697,0.15690305829048157
3698,0.15690305829048157
3699,0.15690305829048157
3700,0.15690305829048157
3701,0.15690305829048157
3702,0.15690305829048157
3703,0.15690305829048157
3704,0.15690305829048157
3705,0.15690305829048157
3706,0.15690305829048157
3707,0.15690305829048157
3708,0.15690305829048157
3709,0.15690305829048157
3710,0.15690305829048157
3711,0.15690305829048157
3712,0.15690305829048157
3713,0.15690305829048157
3714,0.15690305829048157
3715,0.15690305829048157
3716,0.15690305829048157
3717,0.15690305829048157
3718,0.15690305829048157
3719,0.15690305829048157
3720,0.15690305829048157
3721,0.15690305829048157
3722,0.15690305829048157
3723,0.15690305829048157
3724,0.15690305829048157
3725,0.15690305829048157
3726,0.15690305829048157
3727,0.15690305829048157
3728,0.15690305829048157
3729,0.15690305829048157
3730,0.15690305829048157
3731,0.15690305829048157
3732,0.15690305829048157
3733,0.15690305829048157
3734,0.15690305829048157
3735,0.15690305829048157
3736,0.15690305829048157
3737,0.15690305829048157
3738,0.15690305829048157
3739,0.15690305829048157
3740,0.15690305829048157
3741,0.15690305829048157
3742,0.15690305829048157
3743,0.15690305829048157
3744,0.15690305829048157
3745,0.15690305829048157
3746,0.15690305829048157
3747,0.15690305829048157
3748,0.15690305829048157
3749,0.15690305829048157
3750,0.15690305829048157
3751,0.15690305829048157
3752,0.15690305829048157
3753,0.15690305829048157
3754,0.15690305829048157
3755,0.15690305829048157
3756,0.15690305829048157
3757,0.15690305829048157
3758,0.15690305829048157
3759,0.15690305829048157
3760,0.15690305829048157
3761,0.15690305829048157
3762,0.15690305829048157
3763,0.15690305829048157
3764,0.15690305829048157
3765,0.15690305829048157
3766,0.15690305829048157
3767,0.15690305829048157
3768,0.15690305829048157
3769,0.15690305829048157
3770,0.15690305829048157
3771,0.15690305829048157
3772,0.15690305829048157
3773,0.15690305829048157
3774,0.15690305829048157
3775,0.15690305829048157
3776,0.15690305829048157
3777,0.15690305829048157
3778,0.15690305829048157
3779,0.15690305829048157
3780,0.15690305829048157
3781,0.15690305829048157
3782,0.15690305829048157
3783,0.15690305829048157
3784,0.15690305829048157
3785,0.15690305829048157
3786,0.15690305829048157
3787,0.15690305829048157
3788,0.15690305829048157
3789,0.15690305829048157
3790,0.15690305829048157
3791,0.15690305829048157
3792,0.15690305829048157
3793,0.15690305829048157
3794,0.15690305829048157
3795,0.15690305829048157
3796,0.15690305829048157
3797,0.15690305829048157
3798,0.15690305829048157
3799,0.15690305829048157
3800,0.15690305829048157
3801,0.15690305829048157
3802,0.15690305829048157
3803,0.15690305829048157
3804,0.15690305829048157
3805,0.15690305829048157
3806,0.15690305829048157
3807,0.15690305829048157
3808,0.15690305829048157
3809,0.15690305829048157
3810,0.15690305829048157
3811,0.15690305829048157
3812,0.15690305829048157
3813,0.15690305829048157
3814,0.15690305829048157
3815,0.15690305829048157
3816,0.15690305829048157
3817,0.15690305829048157
3818,0.15690305829048157
3819,0.15690305829048157
3820,0.15690305829048157
3821,0.15690305829048157
3822,0.15690305829048157
3823,0.15690305829048157
3824,0.15690305829048157
3825,0.15690305829048157
3826,0.15690305829048157
3827,0.15690305829048157
3828,0.15690305829048157
3829,0.15690305829048157
3830,0.15690305829048157
3831,0.15690305829048157
3832,0.15690305829048157
3833,0.15690305829048157
3834,0.15690305829048157
3835,0.15690305829048157
3836,0.15690305829048157
3837,0.15690305829048157
3838,0.15690305829048157
3839,0.15690305829048157
3840,0.15690305829048157
3841,0.15690305829048157
3842,0.15690305829048157
3843,0.15690305829048157
3844,0.15690305829048157
3845,0.15690305829048157
3846,0.15690305829048157
3847,0.15690305829048157
3848,0.15690305829048157
3849,0.15690305829048157
3850,0.15690305829048157
3851,0.15690305829048157
3852,0.15690305829048157
3853,0.15690305829048157
3854,0.15690305829048157
3855,0.15690305829048157
3856,0.15690305829048157
3857,0.15690305829048157
3858,0.15690305829048157
3859,0.15690305829048157
3860,0.15690305829048157
3861,0.15690305829048157
3862,0.15690305829048157
3863,0.15690305829048157
3864,0.15690305829048157
3865,0.15690305829048157
3866,0.15690305829048157
3867,0.15690305829048157
3868,0.15690305829048157
3869,0.15690305829048157
3870,0.15690305829048157
3871,0.15690305829048157
3872,0.15690305829048157
3873,0.15690305829048157
3874,0.15690305829048157
3875,0.15690305829048157
3876,0.15690305829048157
3877,0.15690305829048157
3878,0.15690305829048157
3879,0.15690305829048157
3880,0.15690305829048157
3881,0.15690305829048157
3882,0.15690305829048157
3883,0.15690305829048157
3884,0.15690305829048157
3885,0.15690305829048157
3886,0.15690305829048157
3887,0.15690305829048157
3888,0.15690305829048157
3889,0.15690305829048157
3890,0.15690305829048157
3891,0.15690305829048157
3892,0.15690305829048157
3893,0.15690305829048157
3894,0.15690305829048157
3895,0.15690305829048157
3896,0.15690305829048157
3897,0.15690305829048157
3898,0.15690305829048157
3899,0.15690305829048157
3900,0.15690305829048157
3901,0.15690305829048157
3902,0.15690305829048157
3903,0.15690305829048157
3904,0.15690305829048157
3905,0.15690305829048157
3906,0.15690305829048157
3907,0.15690305829048157
3908,0.15690305829048157
3909,0.15690305829048157
3910,0.15690305829048157
3911,0.15690305829048157
3912,0.15690305829048157
3913,0.15690305829048157
3914,0.15690305829048157
3915,0.15690305829048157
3916,0.15690305829048157
3917,0.15690305829048157
3918,0.15690305829048157
3919,0.15690305829048157
3920,0.15690305829048157
3921,0.15690305829048157
3922,0.15690305829048157
3923,0.15690305829048157
3924,0.15690305829048157
3925,0.15690305829048157
3926,0.15690305829048157
3927,0.15690305829048157
3928,0.15690305829048157
3929,0.15690305829048157
3930,0.15690305829048157
3931,0.15690305829048157
3932,0.15690305829048157
3933,0.15690305829048157
3934,0.15690305829048157
3935,0.15690305829048157
3936,0.15690305829048157
3937,0.15690305829048157
3938,0.15690305829048157
3939,0.15690305829048157
3940,0.15690305829048157
3941,0.15690305829048157
3942,0.15690305829048157
3943,0.15690305829048157
3944,0.15690305829048157
3945,0.15690305829048157
3946,0.15690305829048157
3947,0.15690305829048157
3948,0.15690305829048157
3949,0.15690305829048157
3950,0.15690305829048157
3951,0.15690305829048157
3952,0.15690305829048157
3953,0.15690305829048157
3954,0.15690305829048157
3955,0.15690305829048157
3956,0.15690305829048157
3957,0.15690305829048157
3958,0.15690305829048157
3959,0.15690305829048157
3960,0.15690305829048157
3961,0.15690305829048157
3962,0.15690305829048157
3963,0.15690305829048157
3964,0.15690305829048157
3965,0.15690305829048157
3966,0.15690305829048157
3967,0.15690305829048157
3968,0.15690305829048157
3969,0.15690305829048157
3970,0.15690305829048157
3971,0.15690305829048157
3972,0.15690305829048157
3973,0.15690305829048157
3974,0.15690305829048157
3975,0.15690305829048157
3976,0.15690305829048157
3977,0.15690305829048157
3978,0.15690305829048157
3979,0.15690305829048157
3980,0.15690305829048157
3981,0.15690305829048157
3982,0.15690305829048157
3983,0.15690305829048157
3984,0.15690305829048157
3985,0.15690305829048157
3986,0.15690305829048157
3987,0.15690305829048157
3988,0.15690305829048157
3989,0.15690305829048157
3990,0.15690305829048157
3991,0.15690305829048157
3992,0.15690305829048157
3993,0.15690305829048157
3994,0.15690305829048157
3995,0.15690305829048157
3996,0.15690305829048157
3997,0.15690305829048157
3998,0.15690305829048157
3999,0.15690305829048157
4000,0.15690305829048157
4001,0.15690305829048157
4002,0.15690305829048157
4003,0.15690305829048157
4004,0.15690305829048157
4005,0.15690305829048157
4006,0.15690305829048157
4007,0.15690305829048157
4008,0.15690305829048157
4009,0.15690305829048157
4010,0.15690305829048157
4011,0.15690305829048157
4012,0.15690305829048157
4013,0.15690305829048157
4014,0.15690305829048157
4015,0.15690305829048157
4016,0.15690305829048157
4017,0.15690305829048157
4018,0.15690305829048157
4019,0.15690305829048157
4020,0.15690305829048157
4021,0.15690305829048157
4022,0.15690305829048157
4023,0.15690305829048157
4024,0.15690305829048157
4025,0.15690305829048157
4026,0.15690305829048157
4027,0.15690305829048157
4028,0.15690305829048157
4029,0.15690305829048157
4030,0.15690305829048157
4031,0.15690305829048157
4032,0.15690305829048157
4033,0.15690305829048157
4034,0.15690305829048157
4035,0.15690305829048157
4036,0.15690305829048157
4037,0.15690305829048157
4038,0.15690305829048157
4039,0.15690305829048157
4040,0.15690305829048157
4041,0.15690305829048157
4042,0.15690305829048157
4043,0.15690305829048157
4044,0.15690305829048157
4045,0.15690305829048157
4046,0.15690305829048157
4047,0.15690305829048157
4048,0.15690305829048157
4049,0.15690305829048157
4050,0.15690305829048157
4051,0.15690305829048157
4052,0.15690305829048157
4053,0.15690305829048157
4054,0.15690305829048157
4055,0.15690305829048157
4056,0.15690305829048157
4057,0.15690305829048157
4058,0.15690305829048157
4059,0.15690305829048157
4060,0.15690305829048157
4061,0.15690305829048157
4062,0.15690305829048157
4063,0.15690305829048157
4064,0.15690305829048157
4065,0.15690305829048157
4066,0.15690305829048157
4067,0.15690305829048157
4068,0.15690305829048157
4069,0.15690305829048157
4070,0.15690305829048157
4071,0.15690305829048157
4072,0.15690305829048157
4073,0.15690305829048157
4074,0.15690305829048157
4075,0.15690305829048157
4076,0.15690305829048157
4077,0.15690305829048157
4078,0.15690305829048157
4079,0.15690305829048157
4080,0.15690305829048157
4081,0.15690305829048157
4082,0.15690305829048157
4083,0.15690305829048157
4084,0.15690305829048157
4085,0.15690305829048157
4086,0.15690305829048157
4087,0.15690305829048157
4088,0.15690305829048157
4089,0.15690305829048157
4090,0.15690305829048157
4091,0.15690305829048157
4092,0.15690305829048157
4093,0.15690305829048157
4094,0.15690305829048157
4095,0.15690305829048157
4096,0.15690305829048157
4097,0.15690305829048157
4098,0.15690305829048157
4099,0.15690305829048157
4100,0.15690305829048157
4101,0.15690305829048157
4102,0.15690305829048157
4103,0.15690305829048157
4104,0.15690305829048157
4105,0.15690305829048157
4106,0.15690305829048157
4107,0.15690305829048157
4108,0.15690305829048157
4109,0.15690305829048157
4110,0.15690305829048157
4111,0.15690305829048157
4112,0.15690305829048157
4113,0.15690305829048157
4114,0.15690305829048157
4115,0.15690305829048157
4116,0.15690305829048157
4117,0.15690305829048157
4118,0.15690305829048157
4119,0.15690305829048157
4120,0.15690305829048157
4121,0.15690305829048157
4122,0.15690305829048157
4123,0.15690305829048157
4124,0.15690305829048157
4125,0.15690305829048157
4126,0.15690305829048157
4127,0.15690305829048157
4128,0.15690305829048157
4129,0.15690305829048157
4130,0.15690305829048157
4131,0.15690305829048157
4132,0.15690305829048157
4133,0.15690305829048157
4134,0.15690305829048157
4135,0.15690305829048157
4136,0.15690305829048157
4137,0.15690305829048157
4138,0.15690305829048157
4139,0.15690305829048157
4140,0.15690305829048157
4141,0.15690305829048157
4142,0.15690305829048157
4143,0.15690305829048157
4144,0.15690305829048157
4145,0.15690305829048157
4146,0.15690305829048157
4147,0.15690305829048157
4148,0.15690305829048157
4149,0.15690305829048157
4150,0.15690305829048157
4151,0.15690305829048157
4152,0.15690305829048157
4153,0.15690305829048157
4154,0.15690305829048157
4155,0.15690305829048157
4156,0.15690305829048157
4157,0.15690305829048157
4158,0.15690305829048157
4159,0.15690305829048157
4160,0.15690305829048157
4161,0.15690305829048157
4162,0.15690305829048157
4163,0.15690305829048157
4164,0.15690305829048157
4165,0.15690305829048157
4166,0.15690305829048157
4167,0.15690305829048157
4168,0.15690305829048157
4169,0.15690305829048157
4170,0.15690305829048157
4171,0.15690305829048157
4172,0.15690305829048157
4173,0.15690305829048157
4174,0.15690305829048157
4175,0.15690305829048157
4176,0.15690305829048157
4177,0.15690305829048157
4178,0.15690305829048157
4179,0.15690305829048157
4180,0.15690305829048157
4181,0.15690305829048157
4182,0.15690305829048157
4183,0.15690305829048157
4184,0.15690305829048157
4185,0.15690305829048157
4186,0.15690305829048157
4187,0.15690305829048157
4188,0.15690305829048157
4189,0.15690305829048157
4190,0.15690305829048157
4191,0.15690305829048157
4192,0.15690305829048157
4193,0.15690305829048157
4194,0.15690305829048157
4195,0.15690305829048157
4196,0.15690305829048157
4197,0.15690305829048157
4198,0.15690305829048157
4199,0.15690305829048157
4200,0.15690305829048157
4201,0.15690305829048157
4202,0.15690305829048157
4203,0.15690305829048157
4204,0.15690305829048157
4205,0.15690305829048157
4206,0.15690305829048157
4207,0.15690305829048157
4208,0.15690305829048157
4209,0.15690305829048157
4210,0.15690305829048157
4211,0.15690305829048157
4212,0.15690305829048157
4213,0.15690305829048157
4214,0.15690305829048157
4215,0.15690305829048157
4216,0.15690305829048157
4217,0.15690305829048157
4218,0.15690305829048157
4219,0.15690305829048157
4220,0.15690305829048157
4221,0.15690305829048157
4222,0.15690305829048157
4223,0.15690305829048157
4224,0.15690305829048157
4225,0.15690305829048157
4226,0.15690305829048157
4227,0.15690305829048157
4228,0.15690305829048157
4229,0.15690305829048157
4230,0.15690305829048157
4231,0.15690305829048157
4232,0.15690305829048157
4233,0.15690305829048157
4234,0.15690305829048157
4235,0.15690305829048157
4236,0.15690305829048157
4237,0.15690305829048157
4238,0.15690305829048157
4239,0.15690305829048157
4240,0.15690305829048157
4241,0.15690305829048157
4242,0.15690305829048157
4243,0.15690305829048157
4244,0.15690305829048157
4245,0.15690305829048157
4246,0.15690305829048157
4247,0.15690305829048157
4248,0.15690305829048157
4249,0.15690305829048157
4250,0.15690305829048157
4251,0.15690305829048157
4252,0.15690305829048157
4253,0.15690305829048157
4254,0.15690305829048157
4255,0.15690305829048157
4256,0.15690305829048157
4257,0.15690305829048157
4258,0.15690305829048157
4259,0.15690305829048157
4260,0.15690305829048157
4261,0.15690305829048157
4262,0.15690305829048157
4263,0.15690305829048157
4264,0.15690305829048157
4265,0.15690305829048157
4266,0.15690305829048157
4267,0.15690305829048157
4268,0.15690305829048157
4269,0.15690305829048157
4270,0.15690305829048157
4271,0.15690305829048157
4272,0.15690305829048157
4273,0.15690305829048157
4274,0.15690305829048157
4275,0.15690305829048157
4276,0.15690305829048157
4277,0.15690305829048157
4278,0.15690305829048157
4279,0.15690305829048157
4280,0.15690305829048157
4281,0.15690305829048157
4282,0.15690305829048157
4283,0.15690305829048157
4284,0.15690305829048157
4285,0.15690305829048157
4286,0.15690305829048157
4287,0.15690305829048157
4288,0.15690305829048157
4289,0.15690305829048157
4290,0.15690305829048157
4291,0.15690305829048157
4292,0.15690305829048157
4293,0.15690305829048157
4294,0.15690305829048157
4295,0.15690305829048157
4296,0.15690305829048157
4297,0.15690305829048157
4298,0.15690305829048157
4299,0.15690305829048157
4300,0.15690305829048157
4301,0.15690305829048157
4302,0.15690305829048157
4303,0.15690305829048157
4304,0.15690305829048157
4305,0.15690305829048157
4306,0.15690305829048157
4307,0.15690305829048157
4308,0.15690305829048157
4309,0.15690305829048157
4310,0.15690305829048157
4311,0.15690305829048157
4312,0.15690305829048157
4313,0.15690305829048157
4314,0.15690305829048157
4315,0.15690305829048157
4316,0.15690305829048157
4317,0.15690305829048157
4318,0.15690305829048157
4319,0.15690305829048157
4320,0.15690305829048157
4321,0.15690305829048157
4322,0.15690305829048157
4323,0.15690305829048157
4324,0.15690305829048157
4325,0.15690305829048157
4326,0.15690305829048157
4327,0.15690305829048157
4328,0.15690305829048157
4329,0.15690305829048157
4330,0.15690305829048157
4331,0.15690305829048157
4332,0.15690305829048157
4333,0.15690305829048157
4334,0.15690305829048157
4335,0.15690305829048157
4336,0.15690305829048157
4337,0.15690305829048157
4338,0.15690305829048157
4339,0.15690305829048157
4340,0.15690305829048157
4341,0.15690305829048157
4342,0.15690305829048157
4343,0.15690305829048157
4344,0.15690305829048157
4345,0.15690305829048157
4346,0.15690305829048157
4347,0.15690305829048157
4348,0.15690305829048157
4349,0.15690305829048157
4350,0.15690305829048157
4351,0.15690305829048157
4352,0.15690305829048157
4353,0.15690305829048157
4354,0.15690305829048157
4355,0.15690305829048157
4356,0.15690305829048157
4357,0.15690305829048157
4358,0.15690305829048157
4359,0.15690305829048157
4360,0.15690305829048157
4361,0.15690305829048157
4362,0.15690305829048157
4363,0.15690305829048157
4364,0.15690305829048157
4365,0.15690305829048157
4366,0.15690305829048157
4367,0.15690305829048157
4368,0.15690305829048157
4369,0.15690305829048157
4370,0.15690305829048157
4371,0.15690305829048157
4372,0.15690305829048157
4373,0.15690305829048157
4374,0.15690305829048157
4375,0.15690305829048157
4376,0.15690305829048157
4377,0.15690305829048157
4378,0.15690305829048157
4379,0.15690305829048157
4380,0.15690305829048157
4381,0.15690305829048157
4382,0.15690305829048157
4383,0.15690305829048157
4384,0.15690305829048157
4385,0.15690305829048157
4386,0.15690305829048157
4387,0.15690305829048157
4388,0.15690305829048157
4389,0.15690305829048157
4390,0.15690305829048157
4391,0.15690305829048157
4392,0.15690305829048157
4393,0.15690305829048157
4394,0.15690305829048157
4395,0.15690305829048157
4396,0.15690305829048157
4397,0.15690305829048157
4398,0.15690305829048157
4399,0.15690305829048157
4400,0.15690305829048157
4401,0.15690305829048157
4402,0.15690305829048157
4403,0.15690305829048157
4404,0.15690305829048157
4405,0.15690305829048157
4406,0.15690305829048157
4407,0.15690305829048157
4408,0.15690305829048157
4409,0.15690305829048157
4410,0.15690305829048157
4411,0.15690305829048157
4412,0.15690305829048157
4413,0.15690305829048157
4414,0.15690305829048157
4415,0.15690305829048157
4416,0.15690305829048157
4417,0.15690305829048157
4418,0.15690305829048157
4419,0.15690305829048157
4420,0.15690305829048157
4421,0.15690305829048157
4422,0.15690305829048157
4423,0.15690305829048157
4424,0.15690305829048157
4425,0.15690305829048157
4426,0.15690305829048157
4427,0.15690305829048157
4428,0.15690305829048157
4429,0.15690305829048157
4430,0.15690305829048157
4431,0.15690305829048157
4432,0.15690305829048157
4433,0.15690305829048157
4434,0.15690305829048157
4435,0.15690305829048157
4436,0.15690305829048157
4437,0.15690305829048157
4438,0.15690305829048157
4439,0.15690305829048157
4440,0.15690305829048157
4441,0.15690305829048157
4442,0.15690305829048157
4443,0.15690305829048157
4444,0.15690305829048157
4445,0.15690305829048157
4446,0.15690305829048157
4447,0.15690305829048157
4448,0.15690305829048157
4449,0.15690305829048157
4450,0.15690305829048157
4451,0.15690305829048157
4452,0.15690305829048157
4453,0.15690305829048157
4454,0.15690305829048157
4455,0.15690305829048157
4456,0.15690305829048157
4457,0.15690305829048157
4458,0.15690305829048157
4459,0.15690305829048157
4460,0.15690305829048157
4461,0.15690305829048157
4462,0.15690305829048157
4463,0.15690305829048157
4464,0.15690305829048157
4465,0.15690305829048157
4466,0.15690305829048157
4467,0.15690305829048157
4468,0.15690305829048157
4469,0.15690305829048157
4470,0.15690305829048157
4471,0.15690305829048157
4472,0.15690305829048157
4473,0.15690305829048157
4474,0.15690305829048157
4475,0.15690305829048157
4476,0.15690305829048157
4477,0.15690305829048157
4478,0.15690305829048157
4479,0.15690305829048157
4480,0.15690305829048157
4481,0.15690305829048157
4482,0.15690305829048157
4483,0.15690305829048157
4484,0.15690305829048157
4485,0.15690305829048157
4486,0.15690305829048157
4487,0.15690305829048157
4488,0.15690305829048157
4489,0.15690305829048157
4490,0.15690305829048157
4491,0.15690305829048157
4492,0.15690305829048157
4493,0.15690305829048157
4494,0.15690305829048157
4495,0.15690305829048157
4496,0.15690305829048157
4497,0.15690305829048157
4498,0.15690305829048157
4499,0.15690305829048157
4500,0.15690305829048157
4501,0.15690305829048157
4502,0.15690305829048157
4503,0.15690305829048157
4504,0.15690305829048157
4505,0.15690305829048157
4506,0.15690305829048157
4507,0.15690305829048157
4508,0.15690305829048157
4509,0.15690305829048157
4510,0.15690305829048157
4511,0.15690305829048157
4512,0.15690305829048157
4513,0.15690305829048157
4514,0.15690305829048157
4515,0.15690305829048157
4516,0.15690305829048157
4517,0.15690305829048157
4518,0.15690305829048157
4519,0.15690305829048157
4520,0.15690305829048157
4521,0.15690305829048157
4522,0.15690305829048157
4523,0.15690305829048157
4524,0.15690305829048157
4525,0.15690305829048157
4526,0.15690305829048157
4527,0.15690305829048157
4528,0.15690305829048157
4529,0.15690305829048157
4530,0.15690305829048157
4531,0.15690305829048157
4532,0.15690305829048157
4533,0.15690305829048157
4534,0.15690305829048157
4535,0.15690305829048157
4536,0.15690305829048157
4537,0.15690305829048157
4538,0.15690305829048157
4539,0.15690305829048157
4540,0.15690305829048157
4541,0.15690305829048157
4542,0.15690305829048157
4543,0.15690305829048157
4544,0.15690305829048157
4545,0.15690305829048157
4546,0.15690305829048157
4547,0.15690305829048157
4548,0.15690305829048157
4549,0.15690305829048157
4550,0.15690305829048157
4551,0.15690305829048157
4552,0.15690305829048157
4553,0.15690305829048157
4554,0.15690305829048157
4555,0.15690305829048157
4556,0.15690305829048157
4557,0.15690305829048157
4558,0.15690305829048157
4559,0.15690305829048157
4560,0.15690305829048157
4561,0.15690305829048157
4562,0.15690305829048157
4563,0.15690305829048157
4564,0.15690305829048157
4565,0.15690305829048157
4566,0.15690305829048157
4567,0.15690305829048157
4568,0.15690305829048157
4569,0.15690305829048157
4570,0.15690305829048157
4571,0.15690305829048157
4572,0.15690305829048157
4573,0.15690305829048157
4574,0.15690305829048157
4575,0.15690305829048157
4576,0.15690305829048157
4577,0.15690305829048157
4578,0.15690305829048157
4579,0.15690305829048157
4580,0.15690305829048157
4581,0.15690305829048157
4582,0.15690305829048157
4583,0.15690305829048157
4584,0.15690305829048157
4585,0.15690305829048157
4586,0.15690305829048157
4587,0.15690305829048157
4588,0.15690305829048157
4589,0.15690305829048157
4590,0.15690305829048157
4591,0.15690305829048157
4592,0.15690305829048157
4593,0.15690305829048157
4594,0.15690305829048157
4595,0.15690305829048157
4596,0.15690305829048157
4597,0.15690305829048157
4598,0.15690305829048157
4599,0.15690305829048157
4600,0.15690305829048157
4601,0.15690305829048157
4602,0.15690305829048157
4603,0.15690305829048157
4604,0.15690305829048157
4605,0.15690305829048157
4606,0.15690305829048157
4607,0.15690305829048157
4608,0.15690305829048157
4609,0.15690305829048157
4610,0.15690305829048157
4611,0.15690305829048157
4612,0.15690305829048157
4613,0.15690305829048157
4614,0.15690305829048157
4615,0.15690305829048157
4616,0.15690305829048157
4617,0.15690305829048157
4618,0.15690305829048157
4619,0.15690305829048157
4620,0.15690305829048157
4621,0.15690305829048157
4622,0.15690305829048157
4623,0.15690305829048157
4624,0.15690305829048157
4625,0.15690305829048157
4626,0.15690305829048157
4627,0.15690305829048157
4628,0.15690305829048157
4629,0.15690305829048157
4630,0.15690305829048157
4631,0.15690305829048157
4632,0.15690305829048157
4633,0.15690305829048157
4634,0.15690305829048157
4635,0.15690305829048157
4636,0.15690305829048157
4637,0.15690305829048157
4638,0.15690305829048157
4639,0.15690305829048157
4640,0.15690305829048157
4641,0.15690305829048157
4642,0.15690305829048157
4643,0.15690305829048157
4644,0.15690305829048157
4645,0.15690305829048157
4646,0.15690305829048157
4647,0.15690305829048157
4648,0.15690305829048157
4649,0.15690305829048157
4650,0.15690305829048157
4651,0.15690305829048157
4652,0.15690305829048157
4653,0.15690305829048157
4654,0.15690305829048157
4655,0.15690305829048157
4656,0.15690305829048157
4657,0.15690305829048157
4658,0.15690305829048157
4659,0.15690305829048157
4660,0.15690305829048157
4661,0.15690305829048157
4662,0.15690305829048157
4663,0.15690305829048157
4664,0.15690305829048157
4665,0.15690305829048157
4666,0.15690305829048157
4667,0.15690305829048157
4668,0.15690305829048157
4669,0.15690305829048157
4670,0.15690305829048157
4671,0.15690305829048157
4672,0.15690305829048157
4673,0.15690305829048157
4674,0.15690305829048157
4675,0.15690305829048157
4676,0.15690305829048157
4677,0.15690305829048157
4678,0.15690305829048157
4679,0.15690305829048157
4680,0.15690305829048157
4681,0.15690305829048157
4682,0.15690305829048157
4683,0.15690305829048157
4684,0.15690305829048157
4685,0.15690305829048157
4686,0.15690305829048157
4687,0.15690305829048157
4688,0.15690305829048157
4689,0.15690305829048157
4690,0.15690305829048157
4691,0.15690305829048157
4692,0.15690305829048157
4693,0.15690305829048157
4694,0.15690305829048157
4695,0.15690305829048157
4696,0.15690305829048157
4697,0.15690305829048157
4698,0.15690305829048157
4699,0.15690305829048157
4700,0.15690305829048157
4701,0.15690305829048157
4702,0.15690305829048157
4703,0.15690305829048157
4704,0.15690305829048157
4705,0.15690305829048157
4706,0.15690305829048157
4707,0.15690305829048157
4708,0.15690305829048157
4709,0.15690305829048157
4710,0.15690305829048157
4711,0.15690305829048157
4712,0.15690305829048157
4713,0.15690305829048157
4714,0.15690305829048157
4715,0.15690305829048157
4716,0.15690305829048157
4717,0.15690305829048157
4718,0.15690305829048157
4719,0.15690305829048157
4720,0.15690305829048157
4721,0.15690305829048157
4722,0.15690305829048157
4723,0.15690305829048157
4724,0.15690305829048157
4725,0.15690305829048157
4726,0.15690305829048157
4727,0.15690305829048157
4728,0.15690305829048157
4729,0.15690305829048157
4730,0.15690305829048157
4731,0.15690305829048157
4732,0.15690305829048157
4733,0.15690305829048157
4734,0.15690305829048157
4735,0.15690305829048157
4736,0.15690305829048157
4737,0.15690305829048157
4738,0.15690305829048157
4739,0.15690305829048157
4740,0.15690305829048157
4741,0.15690305829048157
4742,0.15690305829048157
4743,0.15690305829048157
4744,0.15690305829048157
4745,0.15690305829048157
4746,0.15690305829048157
4747,0.15690305829048157
4748,0.15690305829048157
4749,0.15690305829048157
4750,0.15690305829048157
4751,0.15690305829048157
4752,0.15690305829048157
4753,0.15690305829048157
4754,0.15690305829048157
4755,0.15690305829048157
4756,0.15690305829048157
4757,0.15690305829048157
4758,0.15690305829048157
4759,0.15690305829048157
4760,0.15690305829048157
4761,0.15690305829048157
4762,0.15690305829048157
4763,0.15690305829048157
4764,0.15690305829048157
4765,0.15690305829048157
4766,0.15690305829048157
4767,0.15690305829048157
4768,0.15690305829048157
4769,0.15690305829048157
4770,0.15690305829048157
4771,0.15690305829048157
4772,0.15690305829048157
4773,0.15690305829048157
4774,0.15690305829048157
4775,0.15690305829048157
4776,0.15690305829048157
4777,0.15690305829048157
4778,0.15690305829048157
4779,0.15690305829048157
4780,0.15690305829048157
4781,0.15690305829048157
4782,0.15690305829048157
4783,0.15690305829048157
4784,0.15690305829048157
4785,0.15690305829048157
4786,0.15690305829048157
4787,0.15690305829048157
4788,0.15690305829048157
4789,0.15690305829048157
4790,0.15690305829048157
4791,0.15690305829048157
4792,0.15690305829048157
4793,0.15690305829048157
4794,0.15690305829048157
4795,0.15690305829048157
4796,0.15690305829048157
4797,0.15690305829048157
4798,0.15690305829048157
4799,0.15690305829048157
4800,0.15690305829048157
4801,0.15690305829048157
4802,0.15690305829048157
4803,0.15690305829048157
4804,0.15690305829048157
4805,0.15690305829048157
4806,0.15690305829048157
4807,0.15690305829048157
4808,0.15690305829048157
4809,0.15690305829048157
4810,0.15690305829048157
4811,0.15690305829048157
4812,0.15690305829048157
4813,0.15690305829048157
4814,0.15690305829048157
4815,0.15690305829048157
4816,0.15690305829048157
4817,0.15690305829048157
4818,0.15690305829048157
4819,0.15690305829048157
4820,0.15690305829048157
4821,0.15690305829048157
4822,0.15690305829048157
4823,0.15690305829048157
4824,0.15690305829048157
4825,0.15690305829048157
4826,0.15690305829048157
4827,0.15690305829048157
4828,0.15690305829048157
4829,0.15690305829048157
4830,0.15690305829048157
4831,0.15690305829048157
4832,0.15690305829048157
4833,0.15690305829048157
4834,0.15690305829048157
4835,0.15690305829048157
4836,0.15690305829048157
4837,0.15690305829048157
4838,0.15690305829048157
4839,0.15690305829048157
4840,0.15690305829048157
4841,0.15690305829048157
4842,0.15690305829048157
4843,0.15690305829048157
4844,0.15690305829048157
4845,0.15690305829048157
4846,0.15690305829048157
4847,0.15690305829048157
4848,0.15690305829048157
4849,0.15690305829048157
4850,0.15690305829048157
4851,0.15690305829048157
4852,0.15690305829048157
4853,0.15690305829048157
4854,0.15690305829048157
4855,0.15690305829048157
4856,0.15690305829048157
4857,0.15690305829048157
4858,0.15690305829048157
4859,0.15690305829048157
4860,0.15690305829048157
4861,0.15690305829048157
4862,0.15690305829048157
4863,0.15690305829048157
4864,0.15690305829048157
4865,0.15690305829048157
4866,0.15690305829048157
4867,0.15690305829048157
4868,0.15690305829048157
4869,0.15690305829048157
4870,0.15690305829048157
4871,0.15690305829048157
4872,0.15690305829048157
4873,0.15690305829048157
4874,0.15690305829048157
4875,0.15690305829048157
4876,0.15690305829048157
4877,0.15690305829048157
4878,0.15690305829048157
4879,0.15690305829048157
4880,0.15690305829048157
4881,0.15690305829048157
4882,0.15690305829048157
4883,0.15690305829048157
4884,0.15690305829048157
4885,0.15690305829048157
4886,0.15690305829048157
4887,0.15690305829048157
4888,0.15690305829048157
4889,0.15690305829048157
4890,0.15690305829048157
4891,0.15690305829048157
4892,0.15690305829048157
4893,0.15690305829048157
4894,0.15690305829048157
4895,0.15690305829048157
4896,0.15690305829048157
4897,0.15690305829048157
4898,0.15690305829048157
4899,0.15690305829048157
4900,0.15690305829048157
4901,0.15690305829048157
4902,0.15690305829048157
4903,0.15690305829048157
4904,0.15690305829048157
4905,0.15690305829048157
4906,0.15690305829048157
4907,0.15690305829048157
4908,0.15690305829048157
4909,0.15690305829048157
4910,0.15690305829048157
4911,0.15690305829048157
4912,0.15690305829048157
4913,0.15690305829048157
4914,0.15690305829048157
4915,0.15690305829048157
4916,0.15690305829048157
4917,0.15690305829048157
4918,0.15690305829048157
4919,0.15690305829048157
4920,0.15690305829048157
4921,0.15690305829048157
4922,0.15690305829048157
4923,0.15690305829048157
4924,0.15690305829048157
4925,0.15690305829048157
4926,0.15690305829048157
4927,0.15690305829048157
4928,0.15690305829048157
4929,0.15690305829048157
4930,0.15690305829048157
4931,0.15690305829048157
4932,0.15690305829048157
4933,0.15690305829048157
4934,0.15690305829048157
4935,0.15690305829048157
4936,0.15690305829048157
4937,0.15690305829048157
4938,0.15690305829048157
4939,0.15690305829048157
4940,0.15690305829048157
4941,0.15690305829048157
4942,0.15690305829048157
4943,0.15690305829048157
4944,0.15690305829048157
4945,0.15690305829048157
4946,0.15690305829048157
4947,0.15690305829048157
4948,0.15690305829048157
4949,0.15690305829048157
4950,0.15690305829048157
4951,0.15690305829048157
4952,0.15690305829048157
4953,0.15690305829048157
4954,0.15690305829048157
4955,0.15690305829048157
4956,0.15690305829048157
4957,0.15690305829048157
4958,0.15690305829048157
4959,0.15690305829048157
4960,0.15690305829048157
4961,0.15690305829048157
4962,0.15690305829048157
4963,0.15690305829048157
4964,0.15690305829048157
4965,0.15690305829048157
4966,0.15690305829048157
4967,0.15690305829048157
4968,0.15690305829048157
4969,0.15690305829048157
4970,0.15690305829048157
4971,0.15690305829048157
4972,0.15690305829048157
4973,0.15690305829048157
4974,0.15690305829048157
4975,0.15690305829048157
4976,0.15690305829048157
4977,0.15690305829048157
4978,0.15690305829048157
4979,0.15690305829048157
4980,0.15690305829048157
4981,0.15690305829048157
4982,0.15690305829048157
4983,0.15690305829048157
4984,0.15690305829048157
4985,0.15690305829048157
4986,0.15690305829048157
4987,0.15690305829048157
4988,0.15690305829048157
4989,0.15690305829048157
4990,0.15690305829048157
4991,0.15690305829048157
4992,0.15690305829048157
4993,0.15690305829048157
4994,0.15690305829048157
4995,0.15690305829048157
4996,0.15690305829048157
4997,0.15690305829048157
4998,0.15690305829048157
4999,0.15690305829048157
5000,0.15690305829048157
5001,0.15690305829048157
5002,0.15690305829048157
5003,0.15690305829048157
5004,0.15690305829048157
5005,0.15690305829048157
5006,0.15690305829048157
5007,0.15690305829048157
5008,0.15690305829048157
5009,0.15690305829048157
5010,0.15690305829048157
5011,0.15690305829048157
5012,0.15690305829048157
5013,0.15690305829048157
5014,0.15690305829048157
5015,0.15690305829048157
5016,0.15690305829048157
5017,0.15690305829048157
5018,0.15690305829048157
5019,0.15690305829048157
5020,0.15690305829048157
5021,0.15690305829048157
5022,0.15690305829048157
5023,0.15690305829048157
5024,0.15690305829048157
5025,0.15690305829048157
5026,0.15690305829048157
5027,0.15690305829048157
5028,0.15690305829048157
5029,0.15690305829048157
5030,0.15690305829048157
5031,0.15690305829048157
5032,0.15690305829048157
5033,0.15690305829048157
5034,0.15690305829048157
5035,0.15690305829048157
5036,0.15690305829048157
5037,0.15690305829048157
5038,0.15690305829048157
5039,0.15690305829048157
5040,0.15690305829048157
5041,0.15690305829048157
5042,0.15690305829048157
5043,0.15690305829048157
5044,0.15690305829048157
5045,0.15690305829048157
5046,0.15690305829048157
5047,0.15690305829048157
5048,0.15690305829048157
5049,0.15690305829048157
5050,0.15690305829048157
5051,0.15690305829048157
5052,0.15690305829048157
5053,0.15690305829048157
5054,0.15690305829048157
5055,0.15690305829048157
5056,0.15690305829048157
5057,0.15690305829048157
5058,0.15690305829048157
5059,0.15690305829048157
5060,0.15690305829048157
5061,0.15690305829048157
5062,0.15690305829048157
5063,0.15690305829048157
5064,0.15690305829048157
5065,0.15690305829048157
5066,0.15690305829048157
5067,0.15690305829048157
5068,0.15690305829048157
5069,0.15690305829048157
5070,0.15690305829048157
5071,0.15690305829048157
5072,0.15690305829048157
5073,0.15690305829048157
5074,0.15690305829048157
5075,0.15690305829048157
5076,0.15690305829048157
5077,0.15690305829048157
5078,0.15690305829048157
5079,0.15690305829048157
5080,0.15690305829048157
5081,0.15690305829048157
5082,0.15690305829048157
5083,0.15690305829048157
5084,0.15690305829048157
5085,0.15690305829048157
5086,0.15690305829048157
5087,0.15690305829048157
5088,0.15690305829048157
5089,0.15690305829048157
5090,0.15690305829048157
5091,0.15690305829048157
5092,0.15690305829048157
5093,0.15690305829048157
5094,0.15690305829048157
5095,0.15690305829048157
5096,0.15690305829048157
5097,0.15690305829048157
5098,0.15690305829048157
5099,0.15690305829048157
5100,0.15690305829048157
5101,0.15690305829048157
5102,0.15690305829048157
5103,0.15690305829048157
5104,0.15690305829048157
5105,0.15690305829048157
5106,0.15690305829048157
5107,0.15690305829048157
5108,0.15690305829048157
5109,0.15690305829048157
5110,0.15690305829048157
5111,0.15690305829048157
5112,0.15690305829048157
5113,0.15690305829048157
5114,0.15690305829048157
5115,0.15690305829048157
5116,0.15690305829048157
5117,0.15690305829048157
5118,0.15690305829048157
5119,0.15690305829048157
5120,0.15690305829048157
5121,0.15690305829048157
5122,0.15690305829048157
5123,0.15690305829048157
5124,0.15690305829048157
5125,0.15690305829048157
5126,0.15690305829048157
5127,0.15690305829048157
5128,0.15690305829048157
5129,0.15690305829048157
5130,0.15690305829048157
5131,0.15690305829048157
5132,0.15690305829048157
5133,0.15690305829048157
5134,0.15690305829048157
5135,0.15690305829048157
5136,0.15690305829048157
5137,0.15690305829048157
5138,0.15690305829048157
5139,0.15690305829048157
5140,0.15690305829048157
5141,0.15690305829048157
5142,0.15690305829048157
5143,0.15690305829048157
5144,0.15690305829048157
5145,0.15690305829048157
5146,0.15690305829048157
5147,0.15690305829048157
5148,0.15690305829048157
5149,0.15690305829048157
5150,0.15690305829048157
5151,0.15690305829048157
5152,0.15690305829048157
5153,0.15690305829048157
5154,0.15690305829048157
5155,0.15690305829048157
5156,0.15690305829048157
5157,0.15690305829048157
5158,0.15690305829048157
5159,0.15690305829048157
5160,0.15690305829048157
5161,0.15690305829048157
5162,0.15690305829048157
5163,0.15690305829048157
5164,0.15690305829048157
5165,0.15690305829048157
5166,0.15690305829048157
5167,0.15690305829048157
5168,0.15690305829048157
5169,0.15690305829048157
5170,0.15690305829048157
5171,0.15690305829048157
5172,0.15690305829048157
5173,0.15690305829048157
5174,0.15690305829048157
5175,0.15690305829048157
5176,0.15690305829048157
5177,0.15690305829048157
5178,0.15690305829048157
5179,0.15690305829048157
5180,0.15690305829048157
5181,0.15690305829048157
5182,0.15690305829048157
5183,0.15690305829048157
5184,0.15690305829048157
5185,0.15690305829048157
5186,0.15690305829048157
5187,0.15690305829048157
5188,0.15690305829048157
5189,0.15690305829048157
5190,0.15690305829048157
5191,0.15690305829048157
5192,0.15690305829048157
5193,0.15690305829048157
5194,0.15690305829048157
5195,0.15690305829048157
5196,0.15690305829048157
5197,0.15690305829048157
5198,0.15690305829048157
5199,0.15690305829048157
5200,0.15690305829048157
5201,0.15690305829048157
5202,0.15690305829048157
5203,0.15690305829048157
5204,0.15690305829048157
5205,0.15690305829048157
5206,0.15690305829048157
5207,0.15690305829048157
5208,0.15690305829048157
5209,0.15690305829048157
5210,0.15690305829048157
5211,0.15690305829048157
5212,0.15690305829048157
5213,0.15690305829048157
5214,0.15690305829048157
5215,0.15690305829048157
5216,0.15690305829048157
5217,0.15690305829048157
5218,0.15690305829048157
5219,0.15690305829048157
5220,0.15690305829048157
5221,0.15690305829048157
5222,0.15690305829048157
5223,0.15690305829048157
5224,0.15690305829048157
5225,0.15690305829048157
5226,0.15690305829048157
5227,0.15690305829048157
5228,0.15690305829048157
5229,0.15690305829048157
5230,0.15690305829048157
5231,0.15690305829048157
5232,0.15690305829048157
5233,0.15690305829048157
5234,0.15690305829048157
5235,0.15690305829048157
5236,0.15690305829048157
5237,0.15690305829048157
5238,0.15690305829048157
5239,0.15690305829048157
5240,0.15690305829048157
5241,0.15690305829048157
5242,0.15690305829048157
5243,0.15690305829048157
5244,0.15690305829048157
5245,0.15690305829048157
5246,0.15690305829048157
5247,0.15690305829048157
5248,0.15690305829048157
5249,0.15690305829048157
5250,0.15690305829048157
5251,0.15690305829048157
5252,0.15690305829048157
5253,0.15690305829048157
5254,0.15690305829048157
5255,0.15690305829048157
5256,0.15690305829048157
5257,0.15690305829048157
5258,0.15690305829048157
5259,0.15690305829048157
5260,0.15690305829048157
5261,0.15690305829048157
5262,0.15690305829048157
5263,0.15690305829048157
5264,0.15690305829048157
5265,0.15690305829048157
5266,0.15690305829048157
5267,0.15690305829048157
5268,0.15690305829048157
5269,0.15690305829048157
5270,0.15690305829048157
5271,0.15690305829048157
5272,0.15690305829048157
5273,0.15690305829048157
5274,0.15690305829048157
5275,0.15690305829048157
5276,0.15690305829048157
5277,0.15690305829048157
5278,0.15690305829048157
5279,0.15690305829048157
5280,0.15690305829048157
5281,0.15690305829048157
5282,0.15690305829048157
5283,0.15690305829048157
5284,0.15690305829048157
5285,0.15690305829048157
5286,0.15690305829048157
5287,0.15690305829048157
5288,0.15690305829048157
5289,0.15690305829048157
5290,0.15690305829048157
5291,0.15690305829048157
5292,0.15690305829048157
5293,0.15690305829048157
5294,0.15690305829048157
5295,0.15690305829048157
5296,0.15690305829048157
5297,0.15690305829048157
5298,0.15690305829048157
5299,0.15690305829048157
5300,0.15690305829048157
5301,0.15690305829048157
5302,0.15690305829048157
5303,0.15690305829048157
5304,0.15690305829048157
5305,0.15690305829048157
5306,0.15690305829048157
5307,0.15690305829048157
5308,0.15690305829048157
5309,0.15690305829048157
5310,0.15690305829048157
5311,0.15690305829048157
5312,0.15690305829048157
5313,0.15690305829048157
5314,0.15690305829048157
5315,0.15690305829048157
5316,0.15690305829048157
5317,0.15690305829048157
5318,0.15690305829048157
5319,0.15690305829048157
5320,0.15690305829048157
5321,0.15690305829048157
5322,0.15690305829048157
5323,0.15690305829048157
5324,0.15690305829048157
5325,0.15690305829048157
5326,0.15690305829048157
5327,0.15690305829048157
5328,0.15690305829048157
5329,0.15690305829048157
5330,0.15690305829048157
5331,0.15690305829048157
5332,0.15690305829048157
5333,0.15690305829048157
5334,0.15690305829048157
5335,0.15690305829048157
5336,0.15690305829048157
5337,0.15690305829048157
5338,0.15690305829048157
5339,0.15690305829048157
5340,0.15690305829048157
5341,0.15690305829048157
5342,0.15690305829048157
5343,0.15690305829048157
5344,0.15690305829048157
5345,0.15690305829048157
5346,0.15690305829048157
5347,0.15690305829048157
5348,0.15690305829048157
5349,0.15690305829048157
5350,0.15690305829048157
5351,0.15690305829048157
5352,0.15690305829048157
5353,0.15690305829048157
5354,0.15690305829048157
5355,0.15690305829048157
5356,0.15690305829048157
5357,0.15690305829048157
5358,0.15690305829048157
5359,0.15690305829048157
5360,0.15690305829048157
5361,0.15690305829048157
5362,0.15690305829048157
5363,0.15690305829048157
5364,0.15690305829048157
5365,0.15690305829048157
5366,0.15690305829048157
5367,0.15690305829048157
5368,0.15690305829048157
5369,0.15690305829048157
5370,0.15690305829048157
5371,0.15690305829048157
5372,0.15690305829048157
5373,0.15690305829048157
5374,0.15690305829048157
5375,0.15690305829048157
5376,0.15690305829048157
5377,0.15690305829048157
5378,0.15690305829048157
5379,0.15690305829048157
5380,0.15690305829048157
5381,0.15690305829048157
5382,0.15690305829048157
5383,0.15690305829048157
5384,0.15690305829048157
5385,0.15690305829048157
5386,0.15690305829048157
5387,0.15690305829048157
5388,0.15690305829048157
5389,0.15690305829048157
5390,0.15690305829048157
5391,0.15690305829048157
5392,0.15690305829048157
5393,0.15690305829048157
5394,0.15690305829048157
5395,0.15690305829048157
5396,0.15690305829048157
5397,0.15690305829048157
5398,0.15690305829048157
5399,0.15690305829048157
5400,0.15690305829048157
5401,0.15690305829048157
5402,0.15690305829048157
5403,0.15690305829048157
5404,0.15690305829048157
5405,0.15690305829048157
5406,0.15690305829048157
5407,0.15690305829048157
5408,0.15690305829048157
5409,0.15690305829048157
5410,0.15690305829048157
5411,0.15690305829048157
5412,0.15690305829048157
5413,0.15690305829048157
5414,0.15690305829048157
5415,0.15690305829048157
5416,0.15690305829048157
5417,0.15690305829048157
5418,0.15690305829048157
5419,0.15690305829048157
5420,0.15690305829048157
5421,0.15690305829048157
5422,0.15690305829048157
5423,0.15690305829048157
5424,0.15690305829048157
5425,0.15690305829048157
5426,0.15690305829048157
5427,0.15690305829048157
5428,0.15690305829048157
5429,0.15690305829048157
5430,0.15690305829048157
5431,0.15690305829048157
5432,0.15690305829048157
5433,0.15690305829048157
5434,0.15690305829048157
5435,0.15690305829048157
5436,0.15690305829048157
5437,0.15690305829048157
5438,0.15690305829048157
5439,0.15690305829048157
5440,0.15690305829048157
5441,0.15690305829048157
5442,0.15690305829048157
5443,0.15690305829048157
5444,0.15690305829048157
5445,0.15690305829048157
5446,0.15690305829048157
5447,0.15690305829048157
5448,0.15690305829048157
5449,0.15690305829048157
5450,0.15690305829048157
5451,0.15690305829048157
5452,0.15690305829048157
5453,0.15690305829048157
5454,0.15690305829048157
5455,0.15690305829048157
5456,0.15690305829048157
5457,0.15690305829048157
5458,0.15690305829048157
5459,0.15690305829048157
5460,0.15690305829048157
5461,0.15690305829048157
5462,0.15690305829048157
5463,0.15690305829048157
5464,0.15690305829048157
5465,0.15690305829048157
5466,0.15690305829048157
5467,0.15690305829048157
5468,0.15690305829048157
5469,0.15690305829048157
5470,0.15690305829048157
5471,0.15690305829048157
5472,0.15690305829048157
5473,0.15690305829048157
5474,0.15690305829048157
5475,0.15690305829048157
5476,0.15690305829048157
5477,0.15690305829048157
5478,0.15690305829048157
5479,0.15690305829048157
5480,0.15690305829048157
5481,0.15690305829048157
5482,0.15690305829048157
5483,0.15690305829048157
5484,0.15690305829048157
5485,0.15690305829048157
5486,0.15690305829048157
5487,0.15690305829048157
5488,0.15690305829048157
5489,0.15690305829048157
5490,0.15690305829048157
5491,0.15690305829048157
5492,0.15690305829048157
5493,0.15690305829048157
5494,0.15690305829048157
5495,0.15690305829048157
5496,0.15690305829048157
5497,0.15690305829048157
5498,0.15690305829048157
5499,0.15690305829048157
5500,0.15690305829048157
5501,0.15690305829048157
5502,0.15690305829048157
5503,0.15690305829048157
5504,0.15690305829048157
5505,0.15690305829048157
5506,0.15690305829048157
5507,0.15690305829048157
5508,0.15690305829048157
5509,0.15690305829048157
5510,0.15690305829048157
5511,0.15690305829048157
5512,0.15690305829048157
5513,0.15690305829048157
5514,0.15690305829048157
5515,0.15690305829048157
5516,0.15690305829048157
5517,0.15690305829048157
5518,0.15690305829048157
5519,0.15690305829048157
5520,0.15690305829048157
5521,0.15690305829048157
5522,0.15690305829048157
5523,0.15690305829048157
5524,0.15690305829048157
5525,0.15690305829048157
5526,0.15690305829048157
5527,0.15690305829048157
5528,0.15690305829048157
5529,0.15690305829048157
5530,0.15690305829048157
5531,0.15690305829048157
5532,0.15690305829048157
5533,0.15690305829048157
5534,0.15690305829048157
5535,0.15690305829048157
5536,0.15690305829048157
5537,0.15690305829048157
5538,0.15690305829048157
5539,0.15690305829048157
5540,0.15690305829048157
5541,0.15690305829048157
5542,0.15690305829048157
5543,0.15690305829048157
5544,0.15690305829048157
5545,0.15690305829048157
5546,0.15690305829048157
5547,0.15690305829048157
5548,0.15690305829048157
5549,0.15690305829048157
5550,0.15690305829048157
5551,0.15690305829048157
5552,0.15690305829048157
5553,0.15690305829048157
5554,0.15690305829048157
5555,0.15690305829048157
5556,0.15690305829048157
5557,0.15690305829048157
5558,0.15690305829048157
5559,0.15690305829048157
5560,0.15690305829048157
5561,0.15690305829048157
5562,0.15690305829048157
5563,0.15690305829048157
5564,0.15690305829048157
5565,0.15690305829048157
5566,0.15690305829048157
5567,0.15690305829048157
5568,0.15690305829048157
5569,0.15690305829048157
5570,0.15690305829048157
5571,0.15690305829048157
5572,0.15690305829048157
5573,0.15690305829048157
5574,0.15690305829048157
5575,0.15690305829048157
5576,0.15690305829048157
5577,0.15690305829048157
5578,0.15690305829048157
5579,0.15690305829048157
5580,0.15690305829048157
5581,0.15690305829048157
5582,0.15690305829048157
5583,0.15690305829048157
5584,0.15690305829048157
5585,0.15690305829048157
5586,0.15690305829048157
5587,0.15690305829048157
5588,0.15690305829048157
5589,0.15690305829048157
5590,0.15690305829048157
5591,0.15690305829048157
5592,0.15690305829048157
5593,0.15690305829048157
5594,0.15690305829048157
5595,0.15690305829048157
5596,0.15690305829048157
5597,0.15690305829048157
5598,0.15690305829048157
5599,0.15690305829048157
5600,0.15690305829048157
5601,0.15690305829048157
5602,0.15690305829048157
5603,0.15690305829048157
5604,0.15690305829048157
5605,0.15690305829048157
5606,0.15690305829048157
5607,0.15690305829048157
5608,0.15690305829048157
5609,0.15690305829048157
5610,0.15690305829048157
5611,0.15690305829048157
5612,0.15690305829048157
5613,0.15690305829048157
5614,0.15690305829048157
5615,0.15690305829048157
5616,0.15690305829048157
5617,0.15690305829048157
5618,0.15690305829048157
5619,0.15690305829048157
5620,0.15690305829048157
5621,0.15690305829048157
5622,0.15690305829048157
5623,0.15690305829048157
5624,0.15690305829048157
5625,0.15690305829048157
5626,0.15690305829048157
5627,0.15690305829048157
5628,0.15690305829048157
5629,0.15690305829048157
5630,0.15690305829048157
5631,0.15690305829048157
5632,0.15690305829048157
5633,0.15690305829048157
5634,0.15690305829048157
5635,0.15690305829048157
5636,0.15690305829048157
5637,0.15690305829048157
5638,0.15690305829048157
5639,0.15690305829048157
5640,0.15690305829048157
5641,0.15690305829048157
5642,0.15690305829048157
5643,0.15690305829048157
5644,0.15690305829048157
5645,0.15690305829048157
5646,0.15690305829048157
5647,0.15690305829048157
5648,0.15690305829048157
5649,0.15690305829048157
5650,0.15690305829048157
5651,0.15690305829048157
5652,0.15690305829048157
5653,0.15690305829048157
5654,0.15690305829048157
5655,0.15690305829048157
5656,0.15690305829048157
5657,0.15690305829048157
5658,0.15690305829048157
5659,0.15690305829048157
5660,0.15690305829048157
5661,0.15690305829048157
5662,0.15690305829048157
5663,0.15690305829048157
5664,0.15690305829048157
5665,0.15690305829048157
5666,0.15690305829048157
5667,0.15690305829048157
5668,0.15690305829048157
5669,0.15690305829048157
5670,0.15690305829048157
5671,0.15690305829048157
5672,0.15690305829048157
5673,0.15690305829048157
5674,0.15690305829048157
5675,0.15690305829048157
5676,0.15690305829048157
5677,0.15690305829048157
5678,0.15690305829048157
5679,0.15690305829048157
5680,0.15690305829048157
5681,0.15690305829048157
5682,0.15690305829048157
5683,0.15690305829048157
5684,0.15690305829048157
5685,0.15690305829048157
5686,0.15690305829048157
5687,0.15690305829048157
5688,0.15690305829048157
5689,0.15690305829048157
5690,0.15690305829048157
5691,0.15690305829048157
5692,0.15690305829048157
5693,0.15690305829048157
5694,0.15690305829048157
5695,0.15690305829048157
5696,0.15690305829048157
5697,0.15690305829048157
5698,0.15690305829048157
5699,0.15690305829048157
5700,0.15690305829048157
5701,0.15690305829048157
5702,0.15690305829048157
5703,0.15690305829048157
5704,0.15690305829048157
5705,0.15690305829048157
5706,0.15690305829048157
5707,0.15690305829048157
5708,0.15690305829048157
5709,0.15690305829048157
5710,0.15690305829048157
5711,0.15690305829048157
5712,0.15690305829048157
5713,0.15690305829048157
5714,0.15690305829048157
5715,0.15690305829048157
5716,0.15690305829048157
5717,0.15690305829048157
5718,0.15690305829048157
5719,0.15690305829048157
5720,0.15690305829048157
5721,0.15690305829048157
5722,0.15690305829048157
5723,0.15690305829048157
5724,0.15690305829048157
5725,0.15690305829048157
5726,0.15690305829048157
5727,0.15690305829048157
5728,0.15690305829048157
5729,0.15690305829048157
5730,0.15690305829048157
5731,0.15690305829048157
5732,0.15690305829048157
5733,0.15690305829048157
5734,0.15690305829048157
5735,0.15690305829048157
5736,0.15690305829048157
5737,0.15690305829048157
5738,0.15690305829048157
5739,0.15690305829048157
5740,0.15690305829048157
5741,0.15690305829048157
5742,0.15690305829048157
5743,0.15690305829048157
5744,0.15690305829048157
5745,0.15690305829048157
5746,0.15690305829048157
5747,0.15690305829048157
5748,0.15690305829048157
5749,0.15690305829048157
5750,0.15690305829048157
5751,0.15690305829048157
5752,0.15690305829048157
5753,0.15690305829048157
5754,0.15690305829048157
5755,0.15690305829048157
5756,0.15690305829048157
5757,0.15690305829048157
5758,0.15690305829048157
5759,0.15690305829048157
5760,0.15690305829048157
5761,0.15690305829048157
5762,0.15690305829048157
5763,0.15690305829048157
5764,0.15690305829048157
5765,0.15690305829048157
5766,0.15690305829048157
5767,0.15690305829048157
5768,0.15690305829048157
5769,0.15690305829048157
5770,0.15690305829048157
5771,0.15690305829048157
5772,0.15690305829048157
5773,0.15690305829048157
5774,0.15690305829048157
5775,0.15690305829048157
5776,0.15690305829048157
5777,0.15690305829048157
5778,0.15690305829048157
5779,0.15690305829048157
5780,0.15690305829048157
5781,0.15690305829048157
5782,0.15690305829048157
5783,0.15690305829048157
5784,0.15690305829048157
5785,0.15690305829048157
5786,0.15690305829048157
5787,0.15690305829048157
5788,0.15690305829048157
5789,0.15690305829048157
5790,0.15690305829048157
5791,0.15690305829048157
5792,0.15690305829048157
5793,0.15690305829048157
5794,0.15690305829048157
5795,0.15690305829048157
5796,0.15690305829048157
5797,0.15690305829048157
5798,0.15690305829048157
5799,0.15690305829048157
5800,0.15690305829048157
5801,0.15690305829048157
5802,0.15690305829048157
5803,0.15690305829048157
5804,0.15690305829048157
5805,0.15690305829048157
5806,0.15690305829048157
5807,0.15690305829048157
5808,0.15690305829048157
5809,0.15690305829048157
5810,0.15690305829048157
5811,0.15690305829048157
5812,0.15690305829048157
5813,0.15690305829048157
5814,0.15690305829048157
5815,0.15690305829048157
5816,0.15690305829048157
5817,0.15690305829048157
5818,0.15690305829048157
5819,0.15690305829048157
5820,0.15690305829048157
5821,0.15690305829048157
5822,0.15690305829048157
5823,0.15690305829048157
5824,0.15690305829048157
5825,0.15690305829048157
5826,0.15690305829048157
5827,0.15690305829048157
5828,0.15690305829048157
5829,0.15690305829048157
5830,0.15690305829048157
5831,0.15690305829048157
5832,0.15690305829048157
5833,0.15690305829048157
5834,0.15690305829048157
5835,0.15690305829048157
5836,0.15690305829048157
5837,0.15690305829048157
5838,0.15690305829048157
5839,0.15690305829048157
5840,0.15690305829048157
5841,0.15690305829048157
5842,0.15690305829048157
5843,0.15690305829048157
5844,0.15690305829048157
5845,0.15690305829048157
5846,0.15690305829048157
5847,0.15690305829048157
5848,0.15690305829048157
5849,0.15690305829048157
5850,0.15690305829048157
5851,0.15690305829048157
5852,0.15690305829048157
5853,0.15690305829048157
5854,0.15690305829048157
5855,0.15690305829048157
5856,0.15690305829048157
5857,0.15690305829048157
5858,0.15690305829048157
5859,0.15690305829048157
5860,0.15690305829048157
5861,0.15690305829048157
5862,0.15690305829048157
5863,0.15690305829048157
5864,0.15690305829048157
5865,0.15690305829048157
5866,0.15690305829048157
5867,0.15690305829048157
5868,0.15690305829048157
5869,0.15690305829048157
5870,0.15690305829048157
5871,0.15690305829048157
5872,0.15690305829048157
5873,0.15690305829048157
5874,0.15690305829048157
5875,0.15690305829048157
5876,0.15690305829048157
5877,0.15690305829048157
5878,0.15690305829048157
5879,0.15690305829048157
5880,0.15690305829048157
5881,0.15690305829048157
5882,0.15690305829048157
5883,0.15690305829048157
5884,0.15690305829048157
5885,0.15690305829048157
5886,0.15690305829048157
5887,0.15690305829048157
5888,0.15690305829048157
5889,0.15690305829048157
5890,0.15690305829048157
5891,0.15690305829048157
5892,0.15690305829048157
5893,0.15690305829048157
5894,0.15690305829048157
5895,0.15690305829048157
5896,0.15690305829048157
5897,0.15690305829048157
5898,0.15690305829048157
5899,0.15690305829048157
5900,0.15690305829048157
5901,0.15690305829048157
5902,0.15690305829048157
5903,0.15690305829048157
5904,0.15690305829048157
5905,0.15690305829048157
5906,0.15690305829048157
5907,0.15690305829048157
5908,0.15690305829048157
5909,0.15690305829048157
5910,0.15690305829048157
5911,0.15690305829048157
5912,0.15690305829048157
5913,0.15690305829048157
5914,0.15690305829048157
5915,0.15690305829048157
5916,0.15690305829048157
5917,0.15690305829048157
5918,0.15690305829048157
5919,0.15690305829048157
5920,0.15690305829048157
5921,0.15690305829048157
5922,0.15690305829048157
5923,0.15690305829048157
5924,0.15690305829048157
5925,0.15690305829048157
5926,0.15690305829048157
5927,0.15690305829048157
5928,0.15690305829048157
5929,0.15690305829048157
5930,0.15690305829048157
5931,0.15690305829048157
5932,0.15690305829048157
5933,0.15690305829048157
5934,0.15690305829048157
5935,0.15690305829048157
5936,0.15690305829048157
5937,0.15690305829048157
5938,0.15690305829048157
5939,0.15690305829048157
5940,0.15690305829048157
5941,0.15690305829048157
5942,0.15690305829048157
5943,0.15690305829048157
5944,0.15690305829048157
5945,0.15690305829048157
5946,0.15690305829048157
5947,0.15690305829048157
5948,0.15690305829048157
5949,0.15690305829048157
5950,0.15690305829048157
5951,0.15690305829048157
5952,0.15690305829048157
5953,0.15690305829048157
5954,0.15690305829048157
5955,0.15690305829048157
5956,0.15690305829048157
5957,0.15690305829048157
5958,0.15690305829048157
5959,0.15690305829048157
5960,0.15690305829048157
5961,0.15690305829048157
5962,0.15690305829048157
5963,0.15690305829048157
5964,0.15690305829048157
5965,0.15690305829048157
5966,0.15690305829048157
5967,0.15690305829048157
5968,0.15690305829048157
5969,0.15690305829048157
5970,0.15690305829048157
5971,0.15690305829048157
5972,0.15690305829048157
5973,0.15690305829048157
5974,0.15690305829048157
5975,0.15690305829048157
5976,0.15690305829048157
5977,0.15690305829048157
5978,0.15690305829048157
5979,0.15690305829048157
5980,0.15690305829048157
5981,0.15690305829048157
5982,0.15690305829048157
5983,0.15690305829048157
5984,0.15690305829048157
5985,0.15690305829048157
5986,0.15690305829048157
5987,0.15690305829048157
5988,0.15690305829048157
5989,0.15690305829048157
5990,0.15690305829048157
5991,0.15690305829048157
5992,0.15690305829048157
5993,0.15690305829048157
5994,0.15690305829048157
5995,0.15690305829048157
5996,0.15690305829048157
5997,0.15690305829048157
5998,0.15690305829048157
5999,0.15690305829048157
6000,0.15690305829048157
6001,0.15690305829048157
6002,0.15690305829048157
6003,0.15690305829048157
6004,0.15690305829048157
6005,0.15690305829048157
6006,0.15690305829048157
6007,0.15690305829048157
6008,0.15690305829048157
6009,0.15690305829048157
6010,0.15690305829048157
6011,0.15690305829048157
6012,0.15690305829048157
6013,0.15690305829048157
6014,0.15690305829048157
6015,0.15690305829048157
6016,0.15690305829048157
6017,0.15690305829048157
6018,0.15690305829048157
6019,0.15690305829048157
6020,0.15690305829048157
6021,0.15690305829048157
6022,0.15690305829048157
6023,0.15690305829048157
6024,0.15690305829048157
6025,0.15690305829048157
6026,0.15690305829048157
6027,0.15690305829048157
6028,0.15690305829048157
6029,0.15690305829048157
6030,0.15690305829048157
6031,0.15690305829048157
6032,0.15690305829048157
6033,0.15690305829048157
6034,0.15690305829048157
6035,0.15690305829048157
6036,0.15690305829048157
6037,0.15690305829048157
6038,0.15690305829048157
6039,0.15690305829048157
6040,0.15690305829048157
6041,0.15690305829048157
6042,0.15690305829048157
6043,0.15690305829048157
6044,0.15690305829048157
6045,0.15690305829048157
6046,0.15690305829048157
6047,0.15690305829048157
6048,0.15690305829048157
6049,0.15690305829048157
6050,0.15690305829048157
6051,0.15690305829048157
6052,0.15690305829048157
6053,0.15690305829048157
6054,0.15690305829048157
6055,0.15690305829048157
6056,0.15690305829048157
6057,0.15690305829048157
6058,0.15690305829048157
6059,0.15690305829048157
6060,0.15690305829048157
6061,0.15690305829048157
6062,0.15690305829048157
6063,0.15690305829048157
6064,0.15690305829048157
6065,0.15690305829048157
6066,0.15690305829048157
6067,0.15690305829048157
6068,0.15690305829048157
6069,0.15690305829048157
6070,0.15690305829048157
6071,0.15690305829048157
6072,0.15690305829048157
6073,0.15690305829048157
6074,0.15690305829048157
6075,0.15690305829048157
6076,0.15690305829048157
6077,0.15690305829048157
6078,0.15690305829048157
6079,0.15690305829048157
6080,0.15690305829048157
6081,0.15690305829048157
6082,0.15690305829048157
6083,0.15690305829048157
6084,0.15690305829048157
6085,0.15690305829048157
6086,0.15690305829048157
6087,0.15690305829048157
6088,0.15690305829048157
6089,0.15690305829048157
6090,0.15690305829048157
6091,0.15690305829048157
6092,0.15690305829048157
6093,0.15690305829048157
6094,0.15690305829048157
6095,0.15690305829048157
6096,0.15690305829048157
6097,0.15690305829048157
6098,0.15690305829048157
6099,0.15690305829048157
6100,0.15690305829048157
6101,0.15690305829048157
6102,0.15690305829048157
6103,0.15690305829048157
6104,0.15690305829048157
6105,0.15690305829048157
6106,0.15690305829048157
6107,0.15690305829048157
6108,0.15690305829048157
6109,0.15690305829048157
6110,0.15690305829048157
6111,0.15690305829048157
6112,0.15690305829048157
6113,0.15690305829048157
6114,0.15690305829048157
6115,0.15690305829048157
6116,0.15690305829048157
6117,0.15690305829048157
6118,0.15690305829048157
6119,0.15690305829048157
6120,0.15690305829048157
6121,0.15690305829048157
6122,0.15690305829048157
6123,0.15690305829048157
6124,0.15690305829048157
6125,0.15690305829048157
6126,0.15690305829048157
6127,0.15690305829048157
6128,0.15690305829048157
6129,0.15690305829048157
6130,0.15690305829048157
6131,0.15690305829048157
6132,0.15690305829048157
6133,0.15690305829048157
6134,0.15690305829048157
6135,0.15690305829048157
6136,0.15690305829048157
6137,0.15690305829048157
6138,0.15690305829048157
6139,0.15690305829048157
6140,0.15690305829048157
6141,0.15690305829048157
6142,0.15690305829048157
6143,0.15690305829048157
6144,0.15690305829048157
6145,0.15690305829048157
6146,0.15690305829048157
6147,0.15690305829048157
6148,0.15690305829048157
6149,0.15690305829048157
6150,0.15690305829048157
6151,0.15690305829048157
6152,0.15690305829048157
6153,0.15690305829048157
6154,0.15690305829048157
6155,0.15690305829048157
6156,0.15690305829048157
6157,0.15690305829048157
6158,0.15690305829048157
6159,0.15690305829048157
6160,0.15690305829048157
6161,0.15690305829048157
6162,0.15690305829048157
6163,0.15690305829048157
6164,0.15690305829048157
6165,0.15690305829048157
6166,0.15690305829048157
6167,0.15690305829048157
6168,0.15690305829048157
6169,0.15690305829048157
6170,0.15690305829048157
6171,0.15690305829048157
6172,0.15690305829048157
6173,0.15690305829048157
6174,0.15690305829048157
6175,0.15690305829048157
6176,0.15690305829048157
6177,0.15690305829048157
6178,0.15690305829048157
6179,0.15690305829048157
6180,0.15690305829048157
6181,0.15690305829048157
6182,0.15690305829048157
6183,0.15690305829048157
6184,0.15690305829048157
6185,0.15690305829048157
6186,0.15690305829048157
6187,0.15690305829048157
6188,0.15690305829048157
6189,0.15690305829048157
6190,0.15690305829048157
6191,0.15690305829048157
6192,0.15690305829048157
6193,0.15690305829048157
6194,0.15690305829048157
6195,0.15690305829048157
6196,0.15690305829048157
6197,0.15690305829048157
6198,0.15690305829048157
6199,0.15690305829048157
6200,0.15690305829048157
6201,0.15690305829048157
6202,0.15690305829048157
6203,0.15690305829048157
6204,0.15690305829048157
6205,0.15690305829048157
6206,0.15690305829048157
6207,0.15690305829048157
6208,0.15690305829048157
6209,0.15690305829048157
6210,0.15690305829048157
6211,0.15690305829048157
6212,0.15690305829048157
6213,0.15690305829048157
6214,0.15690305829048157
6215,0.15690305829048157
6216,0.15690305829048157
6217,0.15690305829048157
6218,0.15690305829048157
6219,0.15690305829048157
6220,0.15690305829048157
6221,0.15690305829048157
6222,0.15690305829048157
6223,0.15690305829048157
6224,0.15690305829048157
6225,0.15690305829048157
6226,0.15690305829048157
6227,0.15690305829048157
6228,0.15690305829048157
6229,0.15690305829048157
6230,0.15690305829048157
6231,0.15690305829048157
6232,0.15690305829048157
6233,0.15690305829048157
6234,0.15690305829048157
6235,0.15690305829048157
6236,0.15690305829048157
6237,0.15690305829048157
6238,0.15690305829048157
6239,0.15690305829048157
6240,0.15690305829048157
6241,0.15690305829048157
6242,0.15690305829048157
6243,0.15690305829048157
6244,0.15690305829048157
6245,0.15690305829048157
6246,0.15690305829048157
6247,0.15690305829048157
6248,0.15690305829048157
6249,0.15690305829048157
6250,0.15690305829048157
6251,0.15690305829048157
6252,0.15690305829048157
6253,0.15690305829048157
6254,0.15690305829048157
6255,0.15690305829048157
6256,0.15690305829048157
6257,0.15690305829048157
6258,0.15690305829048157
6259,0.15690305829048157
6260,0.15690305829048157
6261,0.15690305829048157
6262,0.15690305829048157
6263,0.15690305829048157
6264,0.15690305829048157
6265,0.15690305829048157
6266,0.15690305829048157
6267,0.15690305829048157
6268,0.15690305829048157
6269,0.15690305829048157
6270,0.15690305829048157
6271,0.15690305829048157
6272,0.15690305829048157
6273,0.15690305829048157
6274,0.15690305829048157
6275,0.15690305829048157
6276,0.15690305829048157
6277,0.15690305829048157
6278,0.15690305829048157
6279,0.15690305829048157
6280,0.15690305829048157
6281,0.15690305829048157
6282,0.15690305829048157
6283,0.15690305829048157
6284,0.15690305829048157
6285,0.15690305829048157
6286,0.15690305829048157
6287,0.15690305829048157
6288,0.15690305829048157
6289,0.15690305829048157
6290,0.15690305829048157
6291,0.15690305829048157
6292,0.15690305829048157
6293,0.15690305829048157
6294,0.15690305829048157
6295,0.15690305829048157
6296,0.15690305829048157
6297,0.15690305829048157
6298,0.15690305829048157
6299,0.15690305829048157
6300,0.15690305829048157
6301,0.15690305829048157
6302,0.15690305829048157
6303,0.15690305829048157
6304,0.15690305829048157
6305,0.15690305829048157
6306,0.15690305829048157
6307,0.15690305829048157
6308,0.15690305829048157
6309,0.15690305829048157
6310,0.15690305829048157
6311,0.15690305829048157
6312,0.15690305829048157
6313,0.15690305829048157
6314,0.15690305829048157
6315,0.15690305829048157
6316,0.15690305829048157
6317,0.15690305829048157
6318,0.15690305829048157
6319,0.15690305829048157
6320,0.15690305829048157
6321,0.15690305829048157
6322,0.15690305829048157
6323,0.15690305829048157
6324,0.15690305829048157
6325,0.15690305829048157
6326,0.15690305829048157
6327,0.15690305829048157
6328,0.15690305829048157
6329,0.15690305829048157
6330,0.15690305829048157
6331,0.15690305829048157
6332,0.15690305829048157
6333,0.15690305829048157
6334,0.15690305829048157
6335,0.15690305829048157
6336,0.15690305829048157
6337,0.15690305829048157
6338,0.15690305829048157
6339,0.15690305829048157
6340,0.15690305829048157
6341,0.15690305829048157
6342,0.15690305829048157
6343,0.15690305829048157
6344,0.15690305829048157
6345,0.15690305829048157
6346,0.15690305829048157
6347,0.15690305829048157
6348,0.15690305829048157
6349,0.15690305829048157
6350,0.15690305829048157
6351,0.15690305829048157
6352,0.15690305829048157
6353,0.15690305829048157
6354,0.15690305829048157
6355,0.15690305829048157
6356,0.15690305829048157
6357,0.15690305829048157
6358,0.15690305829048157
6359,0.15690305829048157
6360,0.15690305829048157
6361,0.15690305829048157
6362,0.15690305829048157
6363,0.15690305829048157
6364,0.15690305829048157
6365,0.15690305829048157
6366,0.15690305829048157
6367,0.15690305829048157
6368,0.15690305829048157
6369,0.15690305829048157
6370,0.15690305829048157
6371,0.15690305829048157
6372,0.15690305829048157
6373,0.15690305829048157
6374,0.15690305829048157
6375,0.15690305829048157
6376,0.15690305829048157
6377,0.15690305829048157
6378,0.15690305829048157
6379,0.15690305829048157
6380,0.15690305829048157
6381,0.15690305829048157
6382,0.15690305829048157
6383,0.15690305829048157
6384,0.15690305829048157
6385,0.15690305829048157
6386,0.15690305829048157
6387,0.15690305829048157
6388,0.15690305829048157
6389,0.15690305829048157
6390,0.15690305829048157
6391,0.15690305829048157
6392,0.15690305829048157
6393,0.15690305829048157
6394,0.15690305829048157
6395,0.15690305829048157
6396,0.15690305829048157
6397,0.15690305829048157
6398,0.15690305829048157
6399,0.15690305829048157
6400,0.15690305829048157
6401,0.15690305829048157
6402,0.15690305829048157
6403,0.15690305829048157
6404,0.15690305829048157
6405,0.15690305829048157
6406,0.15690305829048157
6407,0.15690305829048157
6408,0.15690305829048157
6409,0.15690305829048157
6410,0.15690305829048157
6411,0.15690305829048157
6412,0.15690305829048157
6413,0.15690305829048157
6414,0.15690305829048157
6415,0.15690305829048157
6416,0.15690305829048157
6417,0.15690305829048157
6418,0.15690305829048157
6419,0.15690305829048157
6420,0.15690305829048157
6421,0.15690305829048157
6422,0.15690305829048157
6423,0.15690305829048157
6424,0.15690305829048157
6425,0.15690305829048157
6426,0.15690305829048157
6427,0.15690305829048157
6428,0.15690305829048157
6429,0.15690305829048157
6430,0.15690305829048157
6431,0.15690305829048157
6432,0.15690305829048157
6433,0.15690305829048157
6434,0.15690305829048157
6435,0.15690305829048157
6436,0.15690305829048157
6437,0.15690305829048157
6438,0.15690305829048157
6439,0.15690305829048157
6440,0.15690305829048157
6441,0.15690305829048157
6442,0.15690305829048157
6443,0.15690305829048157
6444,0.15690305829048157
6445,0.15690305829048157
6446,0.15690305829048157
6447,0.15690305829048157
6448,0.15690305829048157
6449,0.15690305829048157
6450,0.15690305829048157
6451,0.15690305829048157
6452,0.15690305829048157
6453,0.15690305829048157
6454,0.15690305829048157
6455,0.15690305829048157
6456,0.15690305829048157
6457,0.15690305829048157
6458,0.15690305829048157
6459,0.15690305829048157
6460,0.15690305829048157
6461,0.15690305829048157
6462,0.15690305829048157
6463,0.15690305829048157
6464,0.15690305829048157
6465,0.15690305829048157
6466,0.15690305829048157
6467,0.15690305829048157
6468,0.15690305829048157
6469,0.15690305829048157
6470,0.15690305829048157
6471,0.15690305829048157
6472,0.15690305829048157
6473,0.15690305829048157
6474,0.15690305829048157
6475,0.15690305829048157
6476,0.15690305829048157
6477,0.15690305829048157
6478,0.15690305829048157
6479,0.15690305829048157
6480,0.15690305829048157
6481,0.15690305829048157
6482,0.15690305829048157
6483,0.15690305829048157
6484,0.15690305829048157
6485,0.15690305829048157
6486,0.15690305829048157
6487,0.15690305829048157
6488,0.15690305829048157
6489,0.15690305829048157
6490,0.15690305829048157
6491,0.15690305829048157
6492,0.15690305829048157
6493,0.15690305829048157
6494,0.15690305829048157
6495,0.15690305829048157
6496,0.15690305829048157
6497,0.15690305829048157
6498,0.15690305829048157
6499,0.15690305829048157
6500,0.15690305829048157
6501,0.15690305829048157
6502,0.15690305829048157
6503,0.15690305829048157
6504,0.15690305829048157
6505,0.15690305829048157
6506,0.15690305829048157
6507,0.15690305829048157
6508,0.15690305829048157
6509,0.15690305829048157
6510,0.15690305829048157
6511,0.15690305829048157
6512,0.15690305829048157
6513,0.15690305829048157
6514,0.15690305829048157
6515,0.15690305829048157
6516,0.15690305829048157
6517,0.15690305829048157
6518,0.15690305829048157
6519,0.15690305829048157
6520,0.15690305829048157
6521,0.15690305829048157
6522,0.15690305829048157
6523,0.15690305829048157
6524,0.15690305829048157
6525,0.15690305829048157
6526,0.15690305829048157
6527,0.15690305829048157
6528,0.15690305829048157
6529,0.15690305829048157
6530,0.15690305829048157
6531,0.15690305829048157
6532,0.15690305829048157
6533,0.15690305829048157
6534,0.15690305829048157
6535,0.15690305829048157
6536,0.15690305829048157
6537,0.15690305829048157
6538,0.15690305829048157
6539,0.15690305829048157
6540,0.15690305829048157
6541,0.15690305829048157
6542,0.15690305829048157
6543,0.15690305829048157
6544,0.15690305829048157
6545,0.15690305829048157
6546,0.15690305829048157
6547,0.15690305829048157
6548,0.15690305829048157
6549,0.15690305829048157
6550,0.15690305829048157
6551,0.15690305829048157
6552,0.15690305829048157
6553,0.15690305829048157
6554,0.15690305829048157
6555,0.15690305829048157
6556,0.15690305829048157
6557,0.15690305829048157
6558,0.15690305829048157
6559,0.15690305829048157
6560,0.15690305829048157
6561,0.15690305829048157
6562,0.15690305829048157
6563,0.15690305829048157
6564,0.15690305829048157
6565,0.15690305829048157
6566,0.15690305829048157
6567,0.15690305829048157
6568,0.15690305829048157
6569,0.15690305829048157
6570,0.15690305829048157
6571,0.15690305829048157
6572,0.15690305829048157
6573,0.15690305829048157
6574,0.15690305829048157
6575,0.15690305829048157
6576,0.15690305829048157
6577,0.15690305829048157
6578,0.15690305829048157
6579,0.15690305829048157
6580,0.15690305829048157
6581,0.15690305829048157
6582,0.15690305829048157
6583,0.15690305829048157
6584,0.15690305829048157
6585,0.15690305829048157
6586,0.15690305829048157
6587,0.15690305829048157
6588,0.15690305829048157
6589,0.15690305829048157
6590,0.15690305829048157
6591,0.15690305829048157
6592,0.15690305829048157
6593,0.15690305829048157
6594,0.15690305829048157
6595,0.15690305829048157
6596,0.15690305829048157
6597,0.15690305829048157
6598,0.15690305829048157
6599,0.15690305829048157
6600,0.15690305829048157
6601,0.15690305829048157
6602,0.15690305829048157
6603,0.15690305829048157
6604,0.15690305829048157
6605,0.15690305829048157
6606,0.15690305829048157
6607,0.15690305829048157
6608,0.15690305829048157
6609,0.15690305829048157
6610,0.15690305829048157
6611,0.15690305829048157
6612,0.15690305829048157
6613,0.15690305829048157
6614,0.15690305829048157
6615,0.15690305829048157
6616,0.15690305829048157
6617,0.15690305829048157
6618,0.15690305829048157
6619,0.15690305829048157
6620,0.15690305829048157
6621,0.15690305829048157
6622,0.15690305829048157
6623,0.15690305829048157
6624,0.15690305829048157
6625,0.15690305829048157
6626,0.15690305829048157
6627,0.15690305829048157
6628,0.15690305829048157
6629,0.15690305829048157
6630,0.15690305829048157
6631,0.15690305829048157
6632,0.15690305829048157
6633,0.15690305829048157
6634,0.15690305829048157
6635,0.15690305829048157
6636,0.15690305829048157
6637,0.15690305829048157
6638,0.15690305829048157
6639,0.15690305829048157
6640,0.15690305829048157
6641,0.15690305829048157
6642,0.15690305829048157
6643,0.15690305829048157
6644,0.15690305829048157
6645,0.15690305829048157
6646,0.15690305829048157
6647,0.15690305829048157
6648,0.15690305829048157
6649,0.15690305829048157
6650,0.15690305829048157
6651,0.15690305829048157
6652,0.15690305829048157
6653,0.15690305829048157
6654,0.15690305829048157
6655,0.15690305829048157
6656,0.15690305829048157
6657,0.15690305829048157
6658,0.15690305829048157
6659,0.15690305829048157
6660,0.15690305829048157
6661,0.15690305829048157
6662,0.15690305829048157
6663,0.15690305829048157
6664,0.15690305829048157
6665,0.15690305829048157
6666,0.15690305829048157
6667,0.15690305829048157
6668,0.15690305829048157
6669,0.15690305829048157
6670,0.15690305829048157
6671,0.15690305829048157
6672,0.15690305829048157
6673,0.15690305829048157
6674,0.15690305829048157
6675,0.15690305829048157
6676,0.15690305829048157
6677,0.15690305829048157
6678,0.15690305829048157
6679,0.15690305829048157
6680,0.15690305829048157
6681,0.15690305829048157
6682,0.15690305829048157
6683,0.15690305829048157
6684,0.15690305829048157
6685,0.15690305829048157
6686,0.15690305829048157
6687,0.15690305829048157
6688,0.15690305829048157
6689,0.15690305829048157
6690,0.15690305829048157
6691,0.15690305829048157
6692,0.15690305829048157
6693,0.15690305829048157
6694,0.15690305829048157
6695,0.15690305829048157
6696,0.15690305829048157
6697,0.15690305829048157
6698,0.15690305829048157
6699,0.15690305829048157
6700,0.15690305829048157
6701,0.15690305829048157
6702,0.15690305829048157
6703,0.15690305829048157
6704,0.15690305829048157
6705,0.15690305829048157
6706,0.15690305829048157
6707,0.15690305829048157
6708,0.15690305829048157
6709,0.15690305829048157
6710,0.15690305829048157
6711,0.15690305829048157
6712,0.15690305829048157
6713,0.15690305829048157
6714,0.15690305829048157
6715,0.15690305829048157
6716,0.15690305829048157
6717,0.15690305829048157
6718,0.15690305829048157
6719,0.15690305829048157
6720,0.15690305829048157
6721,0.15690305829048157
6722,0.15690305829048157
6723,0.15690305829048157
6724,0.15690305829048157
6725,0.15690305829048157
6726,0.15690305829048157
6727,0.15690305829048157
6728,0.15690305829048157
6729,0.15690305829048157
6730,0.15690305829048157
6731,0.15690305829048157
6732,0.15690305829048157
6733,0.15690305829048157
6734,0.15690305829048157
6735,0.15690305829048157
6736,0.15690305829048157
6737,0.15690305829048157
6738,0.15690305829048157
6739,0.15690305829048157
6740,0.15690305829048157
6741,0.15690305829048157
6742,0.15690305829048157
6743,0.15690305829048157
6744,0.15690305829048157
6745,0.15690305829048157
6746,0.15690305829048157
6747,0.15690305829048157
6748,0.15690305829048157
6749,0.15690305829048157
6750,0.15690305829048157
6751,0.15690305829048157
6752,0.15690305829048157
6753,0.15690305829048157
6754,0.15690305829048157
6755,0.15690305829048157
6756,0.15690305829048157
6757,0.15690305829048157
6758,0.15690305829048157
6759,0.15690305829048157
6760,0.15690305829048157
6761,0.15690305829048157
6762,0.15690305829048157
6763,0.15690305829048157
6764,0.15690305829048157
6765,0.15690305829048157
6766,0.15690305829048157
6767,0.15690305829048157
6768,0.15690305829048157
6769,0.15690305829048157
6770,0.15690305829048157
6771,0.15690305829048157
6772,0.15690305829048157
6773,0.15690305829048157
6774,0.15690305829048157
6775,0.15690305829048157
6776,0.15690305829048157
6777,0.15690305829048157
6778,0.15690305829048157
6779,0.15690305829048157
6780,0.15690305829048157
6781,0.15690305829048157
6782,0.15690305829048157
6783,0.15690305829048157
6784,0.15690305829048157
6785,0.15690305829048157
6786,0.15690305829048157
6787,0.15690305829048157
6788,0.15690305829048157
6789,0.15690305829048157
6790,0.15690305829048157
6791,0.15690305829048157
6792,0.15690305829048157
6793,0.15690305829048157
6794,0.15690305829048157
6795,0.15690305829048157
6796,0.15690305829048157
6797,0.15690305829048157
6798,0.15690305829048157
6799,0.15690305829048157
6800,0.15690305829048157
6801,0.15690305829048157
6802,0.15690305829048157
6803,0.15690305829048157
6804,0.15690305829048157
6805,0.15690305829048157
6806,0.15690305829048157
6807,0.15690305829048157
6808,0.15690305829048157
6809,0.15690305829048157
6810,0.15690305829048157
6811,0.15690305829048157
6812,0.15690305829048157
6813,0.15690305829048157
6814,0.15690305829048157
6815,0.15690305829048157
6816,0.15690305829048157
6817,0.15690305829048157
6818,0.15690305829048157
6819,0.15690305829048157
6820,0.15690305829048157
6821,0.15690305829048157
6822,0.15690305829048157
6823,0.15690305829048157
6824,0.15690305829048157
6825,0.15690305829048157
6826,0.15690305829048157
6827,0.15690305829048157
6828,0.15690305829048157
6829,0.15690305829048157
6830,0.15690305829048157
6831,0.15690305829048157
6832,0.15690305829048157
6833,0.15690305829048157
6834,0.15690305829048157
6835,0.15690305829048157
6836,0.15690305829048157
6837,0.15690305829048157
6838,0.15690305829048157
6839,0.15690305829048157
6840,0.15690305829048157
6841,0.15690305829048157
6842,0.15690305829048157
6843,0.15690305829048157
6844,0.15690305829048157
6845,0.15690305829048157
6846,0.15690305829048157
6847,0.15690305829048157
6848,0.15690305829048157
6849,0.15690305829048157
6850,0.15690305829048157
6851,0.15690305829048157
6852,0.15690305829048157
6853,0.15690305829048157
6854,0.15690305829048157
6855,0.15690305829048157
6856,0.15690305829048157
6857,0.15690305829048157
6858,0.15690305829048157
6859,0.15690305829048157
6860,0.15690305829048157
6861,0.15690305829048157
6862,0.15690305829048157
6863,0.15690305829048157
6864,0.15690305829048157
6865,0.15690305829048157
6866,0.15690305829048157
6867,0.15690305829048157
6868,0.15690305829048157
6869,0.15690305829048157
6870,0.15690305829048157
6871,0.15690305829048157
6872,0.15690305829048157
6873,0.15690305829048157
6874,0.15690305829048157
6875,0.15690305829048157
6876,0.15690305829048157
6877,0.15690305829048157
6878,0.15690305829048157
6879,0.15690305829048157
6880,0.15690305829048157
6881,0.15690305829048157
6882,0.15690305829048157
6883,0.15690305829048157
6884,0.15690305829048157
6885,0.15690305829048157
6886,0.15690305829048157
6887,0.15690305829048157
6888,0.15690305829048157
6889,0.15690305829048157
6890,0.15690305829048157
6891,0.15690305829048157
6892,0.15690305829048157
6893,0.15690305829048157
6894,0.15690305829048157
6895,0.15690305829048157
6896,0.15690305829048157
6897,0.15690305829048157
6898,0.15690305829048157
6899,0.15690305829048157
6900,0.15690305829048157
6901,0.15690305829048157
6902,0.15690305829048157
6903,0.15690305829048157
6904,0.15690305829048157
6905,0.15690305829048157
6906,0.15690305829048157
6907,0.15690305829048157
6908,0.15690305829048157
6909,0.15690305829048157
6910,0.15690305829048157
6911,0.15690305829048157
6912,0.15690305829048157
6913,0.15690305829048157
6914,0.15690305829048157
6915,0.15690305829048157
6916,0.15690305829048157
6917,0.15690305829048157
6918,0.15690305829048157
6919,0.15690305829048157
6920,0.15690305829048157
6921,0.15690305829048157
6922,0.15690305829048157
6923,0.15690305829048157
6924,0.15690305829048157
6925,0.15690305829048157
6926,0.15690305829048157
6927,0.15690305829048157
6928,0.15690305829048157
6929,0.15690305829048157
6930,0.15690305829048157
6931,0.15690305829048157
6932,0.15690305829048157
6933,0.15690305829048157
6934,0.15690305829048157
6935,0.15690305829048157
6936,0.15690305829048157
6937,0.15690305829048157
6938,0.15690305829048157
6939,0.15690305829048157
6940,0.15690305829048157
6941,0.15690305829048157
6942,0.15690305829048157
6943,0.15690305829048157
6944,0.15690305829048157
6945,0.15690305829048157
6946,0.15690305829048157
6947,0.15690305829048157
6948,0.15690305829048157
6949,0.15690305829048157
6950,0.15690305829048157
6951,0.15690305829048157
6952,0.15690305829048157
6953,0.15690305829048157
6954,0.15690305829048157
6955,0.15690305829048157
6956,0.15690305829048157
6957,0.15690305829048157
6958,0.15690305829048157
6959,0.15690305829048157
6960,0.15690305829048157
6961,0.15690305829048157
6962,0.15690305829048157
6963,0.15690305829048157
6964,0.15690305829048157
6965,0.15690305829048157
6966,0.15690305829048157
6967,0.15690305829048157
6968,0.15690305829048157
6969,0.15690305829048157
6970,0.15690305829048157
6971,0.15690305829048157
6972,0.15690305829048157
6973,0.15690305829048157
6974,0.15690305829048157
6975,0.15690305829048157
6976,0.15690305829048157
6977,0.15690305829048157
6978,0.15690305829048157
6979,0.15690305829048157
6980,0.15690305829048157
6981,0.15690305829048157
6982,0.15690305829048157
6983,0.15690305829048157
6984,0.15690305829048157
6985,0.15690305829048157
6986,0.15690305829048157
6987,0.15690305829048157
6988,0.15690305829048157
6989,0.15690305829048157
6990,0.15690305829048157
6991,0.15690305829048157
6992,0.15690305829048157
6993,0.15690305829048157
6994,0.15690305829048157
6995,0.15690305829048157
6996,0.15690305829048157
6997,0.15690305829048157
6998,0.15690305829048157
6999,0.15690305829048157
7000,0.15690305829048157
7001,0.15690305829048157
7002,0.15690305829048157
7003,0.15690305829048157
7004,0.15690305829048157
7005,0.15690305829048157
7006,0.15690305829048157
7007,0.15690305829048157
7008,0.15690305829048157
7009,0.15690305829048157
7010,0.15690305829048157
7011,0.15690305829048157
7012,0.15690305829048157
7013,0.15690305829048157
7014,0.15690305829048157
7015,0.15690305829048157
7016,0.15690305829048157
7017,0.15690305829048157
7018,0.15690305829048157
7019,0.15690305829048157
7020,0.15690305829048157
7021,0.15690305829048157
7022,0.15690305829048157
7023,0.15690305829048157
7024,0.15690305829048157
7025,0.15690305829048157
7026,0.15690305829048157
7027,0.15690305829048157
7028,0.15690305829048157
7029,0.15690305829048157
7030,0.15690305829048157
7031,0.15690305829048157
7032,0.15690305829048157
7033,0.15690305829048157
7034,0.15690305829048157
7035,0.15690305829048157
7036,0.15690305829048157
7037,0.15690305829048157
7038,0.15690305829048157
7039,0.15690305829048157
7040,0.15690305829048157
7041,0.15690305829048157
7042,0.15690305829048157
7043,0.15690305829048157
7044,0.15690305829048157
7045,0.15690305829048157
7046,0.15690305829048157
7047,0.15690305829048157
7048,0.15690305829048157
7049,0.15690305829048157
7050,0.15690305829048157
7051,0.15690305829048157
7052,0.15690305829048157
7053,0.15690305829048157
7054,0.15690305829048157
7055,0.15690305829048157
7056,0.15690305829048157
7057,0.15690305829048157
7058,0.15690305829048157
7059,0.15690305829048157
7060,0.15690305829048157
7061,0.15690305829048157
7062,0.15690305829048157
7063,0.15690305829048157
7064,0.15690305829048157
7065,0.15690305829048157
7066,0.15690305829048157
7067,0.15690305829048157
7068,0.15690305829048157
7069,0.15690305829048157
7070,0.15690305829048157
7071,0.15690305829048157
7072,0.15690305829048157
7073,0.15690305829048157
7074,0.15690305829048157
7075,0.15690305829048157
7076,0.15690305829048157
7077,0.15690305829048157
7078,0.15690305829048157
7079,0.15690305829048157
7080,0.15690305829048157
7081,0.15690305829048157
7082,0.15690305829048157
7083,0.15690305829048157
7084,0.15690305829048157
7085,0.15690305829048157
7086,0.15690305829048157
7087,0.15690305829048157
7088,0.15690305829048157
7089,0.15690305829048157
7090,0.15690305829048157
7091,0.15690305829048157
7092,0.15690305829048157
7093,0.15690305829048157
7094,0.15690305829048157
7095,0.15690305829048157
7096,0.15690305829048157
7097,0.15690305829048157
7098,0.15690305829048157
7099,0.15690305829048157
7100,0.15690305829048157
7101,0.15690305829048157
7102,0.15690305829048157
7103,0.15690305829048157
7104,0.15690305829048157
7105,0.15690305829048157
7106,0.15690305829048157
7107,0.15690305829048157
7108,0.15690305829048157
7109,0.15690305829048157
7110,0.15690305829048157
7111,0.15690305829048157
7112,0.15690305829048157
7113,0.15690305829048157
7114,0.15690305829048157
7115,0.15690305829048157
7116,0.15690305829048157
7117,0.15690305829048157
7118,0.15690305829048157
7119,0.15690305829048157
7120,0.15690305829048157
7121,0.15690305829048157
7122,0.15690305829048157
7123,0.15690305829048157
7124,0.15690305829048157
7125,0.15690305829048157
7126,0.15690305829048157
7127,0.15690305829048157
7128,0.15690305829048157
7129,0.15690305829048157
7130,0.15690305829048157
7131,0.15690305829048157
7132,0.15690305829048157
7133,0.15690305829048157
7134,0.15690305829048157
7135,0.15690305829048157
7136,0.15690305829048157
7137,0.15690305829048157
7138,0.15690305829048157
7139,0.15690305829048157
7140,0.15690305829048157
7141,0.15690305829048157
7142,0.15690305829048157
7143,0.15690305829048157
7144,0.15690305829048157
7145,0.15690305829048157
7146,0.15690305829048157
7147,0.15690305829048157
7148,0.15690305829048157
7149,0.15690305829048157
7150,0.15690305829048157
7151,0.15690305829048157
7152,0.15690305829048157
7153,0.15690305829048157
7154,0.15690305829048157
7155,0.15690305829048157
7156,0.15690305829048157
7157,0.15690305829048157
7158,0.15690305829048157
7159,0.15690305829048157
7160,0.15690305829048157
7161,0.15690305829048157
7162,0.15690305829048157
7163,0.15690305829048157
7164,0.15690305829048157
7165,0.15690305829048157
7166,0.15690305829048157
7167,0.15690305829048157
7168,0.15690305829048157
7169,0.15690305829048157
7170,0.15690305829048157
7171,0.15690305829048157
7172,0.15690305829048157
7173,0.15690305829048157
7174,0.15690305829048157
7175,0.15690305829048157
7176,0.15690305829048157
7177,0.15690305829048157
7178,0.15690305829048157
7179,0.15690305829048157
7180,0.15690305829048157
7181,0.15690305829048157
7182,0.15690305829048157
7183,0.15690305829048157
7184,0.15690305829048157
7185,0.15690305829048157
7186,0.15690305829048157
7187,0.15690305829048157
7188,0.15690305829048157
7189,0.15690305829048157
7190,0.15690305829048157
7191,0.15690305829048157
7192,0.15690305829048157
7193,0.15690305829048157
7194,0.15690305829048157
7195,0.15690305829048157
7196,0.15690305829048157
7197,0.15690305829048157
7198,0.15690305829048157
7199,0.15690305829048157
7200,0.15690305829048157
7201,0.15690305829048157
7202,0.15690305829048157
7203,0.15690305829048157
7204,0.15690305829048157
7205,0.15690305829048157
7206,0.15690305829048157
7207,0.15690305829048157
7208,0.15690305829048157
7209,0.15690305829048157
7210,0.15690305829048157
7211,0.15690305829048157
7212,0.15690305829048157
7213,0.15690305829048157
7214,0.15690305829048157
7215,0.15690305829048157
7216,0.15690305829048157
7217,0.15690305829048157
7218,0.15690305829048157
7219,0.15690305829048157
7220,0.15690305829048157
7221,0.15690305829048157
7222,0.15690305829048157
7223,0.15690305829048157
7224,0.15690305829048157
7225,0.15690305829048157
7226,0.15690305829048157
7227,0.15690305829048157
7228,0.15690305829048157
7229,0.15690305829048157
7230,0.15690305829048157
7231,0.15690305829048157
7232,0.15690305829048157
7233,0.15690305829048157
7234,0.15690305829048157
7235,0.15690305829048157
7236,0.15690305829048157
7237,0.15690305829048157
7238,0.15690305829048157
7239,0.15690305829048157
7240,0.15690305829048157
7241,0.15690305829048157
7242,0.15690305829048157
7243,0.15690305829048157
7244,0.15690305829048157
7245,0.15690305829048157
7246,0.15690305829048157
7247,0.15690305829048157
7248,0.15690305829048157
7249,0.15690305829048157
7250,0.15690305829048157
7251,0.15690305829048157
7252,0.15690305829048157
7253,0.15690305829048157
7254,0.15690305829048157
7255,0.15690305829048157
7256,0.15690305829048157
7257,0.15690305829048157
7258,0.15690305829048157
7259,0.15690305829048157
7260,0.15690305829048157
7261,0.15690305829048157
7262,0.15690305829048157
7263,0.15690305829048157
7264,0.15690305829048157
7265,0.15690305829048157
7266,0.15690305829048157
7267,0.15690305829048157
7268,0.15690305829048157
7269,0.15690305829048157
7270,0.15690305829048157
7271,0.15690305829048157
7272,0.15690305829048157
7273,0.15690305829048157
7274,0.15690305829048157
7275,0.15690305829048157
7276,0.15690305829048157
7277,0.15690305829048157
7278,0.15690305829048157
7279,0.15690305829048157
7280,0.15690305829048157
7281,0.15690305829048157
7282,0.15690305829048157
7283,0.15690305829048157
7284,0.15690305829048157
7285,0.15690305829048157
7286,0.15690305829048157
7287,0.15690305829048157
7288,0.15690305829048157
7289,0.15690305829048157
7290,0.15690305829048157
7291,0.15690305829048157
7292,0.15690305829048157
7293,0.15690305829048157
7294,0.15690305829048157
7295,0.15690305829048157
7296,0.15690305829048157
7297,0.15690305829048157
7298,0.15690305829048157
7299,0.15690305829048157
7300,0.15690305829048157
7301,0.15690305829048157
7302,0.15690305829048157
7303,0.15690305829048157
7304,0.15690305829048157
7305,0.15690305829048157
7306,0.15690305829048157
7307,0.15690305829048157
7308,0.15690305829048157
7309,0.15690305829048157
7310,0.15690305829048157
7311,0.15690305829048157
7312,0.15690305829048157
7313,0.15690305829048157
7314,0.15690305829048157
7315,0.15690305829048157
7316,0.15690305829048157
7317,0.15690305829048157
7318,0.15690305829048157
7319,0.15690305829048157
7320,0.15690305829048157
7321,0.15690305829048157
7322,0.15690305829048157
7323,0.15690305829048157
7324,0.15690305829048157
7325,0.15690305829048157
7326,0.15690305829048157
7327,0.15690305829048157
7328,0.15690305829048157
7329,0.15690305829048157
7330,0.15690305829048157
7331,0.15690305829048157
7332,0.15690305829048157
7333,0.15690305829048157
7334,0.15690305829048157
7335,0.15690305829048157
7336,0.15690305829048157
7337,0.15690305829048157
7338,0.15690305829048157
7339,0.15690305829048157
7340,0.15690305829048157
7341,0.15690305829048157
7342,0.15690305829048157
7343,0.15690305829048157
7344,0.15690305829048157
7345,0.15690305829048157
7346,0.15690305829048157
7347,0.15690305829048157
7348,0.15690305829048157
7349,0.15690305829048157
7350,0.15690305829048157
7351,0.15690305829048157
7352,0.15690305829048157
7353,0.15690305829048157
7354,0.15690305829048157
7355,0.15690305829048157
7356,0.15690305829048157
7357,0.15690305829048157
7358,0.15690305829048157
7359,0.15690305829048157
7360,0.15690305829048157
7361,0.15690305829048157
7362,0.15690305829048157
7363,0.15690305829048157
7364,0.15690305829048157
7365,0.15690305829048157
7366,0.15690305829048157
7367,0.15690305829048157
7368,0.15690305829048157
7369,0.15690305829048157
7370,0.15690305829048157
7371,0.15690305829048157
7372,0.15690305829048157
7373,0.15690305829048157
7374,0.15690305829048157
7375,0.15690305829048157
7376,0.15690305829048157
7377,0.15690305829048157
7378,0.15690305829048157
7379,0.15690305829048157
7380,0.15690305829048157
7381,0.15690305829048157
7382,0.15690305829048157
7383,0.15690305829048157
7384,0.15690305829048157
7385,0.15690305829048157
7386,0.15690305829048157
7387,0.15690305829048157
7388,0.15690305829048157
7389,0.15690305829048157
7390,0.15690305829048157
7391,0.15690305829048157
7392,0.15690305829048157
7393,0.15690305829048157
7394,0.15690305829048157
7395,0.15690305829048157
7396,0.15690305829048157
7397,0.15690305829048157
7398,0.15690305829048157
7399,0.15690305829048157
7400,0.15690305829048157
7401,0.15690305829048157
7402,0.15690305829048157
7403,0.15690305829048157
7404,0.15690305829048157
7405,0.15690305829048157
7406,0.15690305829048157
7407,0.15690305829048157
7408,0.15690305829048157
7409,0.15690305829048157
7410,0.15690305829048157
7411,0.15690305829048157
7412,0.15690305829048157
7413,0.15690305829048157
7414,0.15690305829048157
7415,0.15690305829048157
7416,0.15690305829048157
7417,0.15690305829048157
7418,0.15690305829048157
7419,0.15690305829048157
7420,0.15690305829048157
7421,0.15690305829048157
7422,0.15690305829048157
7423,0.15690305829048157
7424,0.15690305829048157
7425,0.15690305829048157
7426,0.15690305829048157
7427,0.15690305829048157
7428,0.15690305829048157
7429,0.15690305829048157
7430,0.15690305829048157
7431,0.15690305829048157
7432,0.15690305829048157
7433,0.15690305829048157
7434,0.15690305829048157
7435,0.15690305829048157
7436,0.15690305829048157
7437,0.15690305829048157
7438,0.15690305829048157
7439,0.15690305829048157
7440,0.15690305829048157
7441,0.15690305829048157
7442,0.15690305829048157
7443,0.15690305829048157
7444,0.15690305829048157
7445,0.15690305829048157
7446,0.15690305829048157
7447,0.15690305829048157
7448,0.15690305829048157
7449,0.15690305829048157
7450,0.15690305829048157
7451,0.15690305829048157
7452,0.15690305829048157
7453,0.15690305829048157
7454,0.15690305829048157
7455,0.15690305829048157
7456,0.15690305829048157
7457,0.15690305829048157
7458,0.15690305829048157
7459,0.15690305829048157
7460,0.15690305829048157
7461,0.15690305829048157
7462,0.15690305829048157
7463,0.15690305829048157
7464,0.15690305829048157
7465,0.15690305829048157
7466,0.15690305829048157
7467,0.15690305829048157
7468,0.15690305829048157
7469,0.15690305829048157
7470,0.15690305829048157
7471,0.15690305829048157
7472,0.15690305829048157
7473,0.15690305829048157
7474,0.15690305829048157
7475,0.15690305829048157
7476,0.15690305829048157
7477,0.15690305829048157
7478,0.15690305829048157
7479,0.15690305829048157
7480,0.15690305829048157
7481,0.15690305829048157
7482,0.15690305829048157
7483,0.15690305829048157
7484,0.15690305829048157
7485,0.15690305829048157
7486,0.15690305829048157
7487,0.15690305829048157
7488,0.15690305829048157
7489,0.15690305829048157
7490,0.15690305829048157
7491,0.15690305829048157
7492,0.15690305829048157
7493,0.15690305829048157
7494,0.15690305829048157
7495,0.15690305829048157
7496,0.15690305829048157
7497,0.15690305829048157
7498,0.15690305829048157
7499,0.15690305829048157
7500,0.15690305829048157
7501,0.15690305829048157
7502,0.15690305829048157
7503,0.15690305829048157
7504,0.15690305829048157
7505,0.15690305829048157
7506,0.15690305829048157
7507,0.15690305829048157
7508,0.15690305829048157
7509,0.15690305829048157
7510,0.15690305829048157
7511,0.15690305829048157
7512,0.15690305829048157
7513,0.15690305829048157
7514,0.15690305829048157
7515,0.15690305829048157
7516,0.15690305829048157
7517,0.15690305829048157
7518,0.15690305829048157
7519,0.15690305829048157
7520,0.15690305829048157
7521,0.15690305829048157
7522,0.15690305829048157
7523,0.15690305829048157
7524,0.15690305829048157
7525,0.15690305829048157
7526,0.15690305829048157
7527,0.15690305829048157
7528,0.15690305829048157
7529,0.15690305829048157
7530,0.15690305829048157
7531,0.15690305829048157
7532,0.15690305829048157
7533,0.15690305829048157
7534,0.15690305829048157
7535,0.15690305829048157
7536,0.15690305829048157
7537,0.15690305829048157
7538,0.15690305829048157
7539,0.15690305829048157
7540,0.15690305829048157
7541,0.15690305829048157
7542,0.15690305829048157
7543,0.15690305829048157
7544,0.15690305829048157
7545,0.15690305829048157
7546,0.15690305829048157
7547,0.15690305829048157
7548,0.15690305829048157
7549,0.15690305829048157
7550,0.15690305829048157
7551,0.15690305829048157
7552,0.15690305829048157
7553,0.15690305829048157
7554,0.15690305829048157
7555,0.15690305829048157
7556,0.15690305829048157
7557,0.15690305829048157
7558,0.15690305829048157
7559,0.15690305829048157
7560,0.15690305829048157
7561,0.15690305829048157
7562,0.15690305829048157
7563,0.15690305829048157
7564,0.15690305829048157
7565,0.15690305829048157
7566,0.15690305829048157
7567,0.15690305829048157
7568,0.15690305829048157
7569,0.15690305829048157
7570,0.15690305829048157
7571,0.15690305829048157
7572,0.15690305829048157
7573,0.15690305829048157
7574,0.15690305829048157
7575,0.15690305829048157
7576,0.15690305829048157
7577,0.15690305829048157
7578,0.15690305829048157
7579,0.15690305829048157
7580,0.15690305829048157
7581,0.15690305829048157
7582,0.15690305829048157
7583,0.15690305829048157
7584,0.15690305829048157
7585,0.15690305829048157
7586,0.15690305829048157
7587,0.15690305829048157
7588,0.15690305829048157
7589,0.15690305829048157
7590,0.15690305829048157
7591,0.15690305829048157
7592,0.15690305829048157
7593,0.15690305829048157
7594,0.15690305829048157
7595,0.15690305829048157
7596,0.15690305829048157
7597,0.15690305829048157
7598,0.15690305829048157
7599,0.15690305829048157
7600,0.15690305829048157
7601,0.15690305829048157
7602,0.15690305829048157
7603,0.15690305829048157
7604,0.15690305829048157
7605,0.15690305829048157
7606,0.15690305829048157
7607,0.15690305829048157
7608,0.15690305829048157
7609,0.15690305829048157
7610,0.15690305829048157
7611,0.15690305829048157
7612,0.15690305829048157
7613,0.15690305829048157
7614,0.15690305829048157
7615,0.15690305829048157
7616,0.15690305829048157
7617,0.15690305829048157
7618,0.15690305829048157
7619,0.15690305829048157
7620,0.15690305829048157
7621,0.15690305829048157
7622,0.15690305829048157
7623,0.15690305829048157
7624,0.15690305829048157
7625,0.15690305829048157
7626,0.15690305829048157
7627,0.15690305829048157
7628,0.15690305829048157
7629,0.15690305829048157
7630,0.15690305829048157
7631,0.15690305829048157
7632,0.15690305829048157
7633,0.15690305829048157
7634,0.15690305829048157
7635,0.15690305829048157
7636,0.15690305829048157
7637,0.15690305829048157
7638,0.15690305829048157
7639,0.15690305829048157
7640,0.15690305829048157
7641,0.15690305829048157
7642,0.15690305829048157
7643,0.15690305829048157
7644,0.15690305829048157
7645,0.15690305829048157
7646,0.15690305829048157
7647,0.15690305829048157
7648,0.15690305829048157
7649,0.15690305829048157
7650,0.15690305829048157
7651,0.15690305829048157
7652,0.15690305829048157
7653,0.15690305829048157
7654,0.15690305829048157
7655,0.15690305829048157
7656,0.15690305829048157
7657,0.15690305829048157
7658,0.15690305829048157
7659,0.15690305829048157
7660,0.15690305829048157
7661,0.15690305829048157
7662,0.15690305829048157
7663,0.15690305829048157
7664,0.15690305829048157
7665,0.15690305829048157
7666,0.15690305829048157
7667,0.15690305829048157
7668,0.15690305829048157
7669,0.15690305829048157
7670,0.15690305829048157
7671,0.15690305829048157
7672,0.15690305829048157
7673,0.15690305829048157
7674,0.15690305829048157
7675,0.15690305829048157
7676,0.15690305829048157
7677,0.15690305829048157
7678,0.15690305829048157
7679,0.15690305829048157
7680,0.15690305829048157
7681,0.15690305829048157
7682,0.15690305829048157
7683,0.15690305829048157
7684,0.15690305829048157
7685,0.15690305829048157
7686,0.15690305829048157
7687,0.15690305829048157
7688,0.15690305829048157
7689,0.15690305829048157
7690,0.15690305829048157
7691,0.15690305829048157
7692,0.15690305829048157
7693,0.15690305829048157
7694,0.15690305829048157
7695,0.15690305829048157
7696,0.15690305829048157
7697,0.15690305829048157
7698,0.15690305829048157
7699,0.15690305829048157
7700,0.15690305829048157
7701,0.15690305829048157
7702,0.15690305829048157
7703,0.15690305829048157
7704,0.15690305829048157
7705,0.15690305829048157
7706,0.15690305829048157
7707,0.15690305829048157
7708,0.15690305829048157
7709,0.15690305829048157
7710,0.15690305829048157
7711,0.15690305829048157
7712,0.15690305829048157
7713,0.15690305829048157
7714,0.15690305829048157
7715,0.15690305829048157
7716,0.15690305829048157
7717,0.15690305829048157
7718,0.15690305829048157
7719,0.15690305829048157
7720,0.15690305829048157
7721,0.15690305829048157
7722,0.15690305829048157
7723,0.15690305829048157
7724,0.15690305829048157
7725,0.15690305829048157
7726,0.15690305829048157
7727,0.15690305829048157
7728,0.15690305829048157
7729,0.15690305829048157
7730,0.15690305829048157
7731,0.15690305829048157
7732,0.15690305829048157
7733,0.15690305829048157
7734,0.15690305829048157
7735,0.15690305829048157
7736,0.15690305829048157
7737,0.15690305829048157
7738,0.15690305829048157
7739,0.15690305829048157
7740,0.15690305829048157
7741,0.15690305829048157
7742,0.15690305829048157
7743,0.15690305829048157
7744,0.15690305829048157
7745,0.15690305829048157
7746,0.15690305829048157
7747,0.15690305829048157
7748,0.15690305829048157
7749,0.15690305829048157
7750,0.15690305829048157
7751,0.15690305829048157
7752,0.15690305829048157
7753,0.15690305829048157
7754,0.15690305829048157
7755,0.15690305829048157
7756,0.15690305829048157
7757,0.15690305829048157
7758,0.15690305829048157
7759,0.15690305829048157
7760,0.15690305829048157
7761,0.15690305829048157
7762,0.15690305829048157
7763,0.15690305829048157
7764,0.15690305829048157
7765,0.15690305829048157
7766,0.15690305829048157
7767,0.15690305829048157
7768,0.15690305829048157
7769,0.15690305829048157
7770,0.15690305829048157
7771,0.15690305829048157
7772,0.15690305829048157
7773,0.15690305829048157
7774,0.15690305829048157
7775,0.15690305829048157
7776,0.15690305829048157
7777,0.15690305829048157
7778,0.15690305829048157
7779,0.15690305829048157
7780,0.15690305829048157
7781,0.15690305829048157
7782,0.15690305829048157
7783,0.15690305829048157
7784,0.15690305829048157
7785,0.15690305829048157
7786,0.15690305829048157
7787,0.15690305829048157
7788,0.15690305829048157
7789,0.15690305829048157
7790,0.15690305829048157
7791,0.15690305829048157
7792,0.15690305829048157
7793,0.15690305829048157
7794,0.15690305829048157
7795,0.15690305829048157
7796,0.15690305829048157
7797,0.15690305829048157
7798,0.15690305829048157
7799,0.15690305829048157
7800,0.15690305829048157
7801,0.15690305829048157
7802,0.15690305829048157
7803,0.15690305829048157
7804,0.15690305829048157
7805,0.15690305829048157
7806,0.15690305829048157
7807,0.15690305829048157
7808,0.15690305829048157
7809,0.15690305829048157
7810,0.15690305829048157
7811,0.15690305829048157
7812,0.15690305829048157
7813,0.15690305829048157
7814,0.15690305829048157
7815,0.15690305829048157
7816,0.15690305829048157
7817,0.15690305829048157
7818,0.15690305829048157
7819,0.15690305829048157
7820,0.15690305829048157
7821,0.15690305829048157
7822,0.15690305829048157
7823,0.15690305829048157
7824,0.15690305829048157
7825,0.15690305829048157
7826,0.15690305829048157
7827,0.15690305829048157
7828,0.15690305829048157
7829,0.15690305829048157
7830,0.15690305829048157
7831,0.15690305829048157
7832,0.15690305829048157
7833,0.15690305829048157
7834,0.15690305829048157
7835,0.15690305829048157
7836,0.15690305829048157
7837,0.15690305829048157
7838,0.15690305829048157
7839,0.15690305829048157
7840,0.15690305829048157
7841,0.15690305829048157
7842,0.15690305829048157
7843,0.15690305829048157
7844,0.15690305829048157
7845,0.15690305829048157
7846,0.15690305829048157
7847,0.15690305829048157
7848,0.15690305829048157
7849,0.15690305829048157
7850,0.15690305829048157
7851,0.15690305829048157
7852,0.15690305829048157
7853,0.15690305829048157
7854,0.15690305829048157
7855,0.15690305829048157
7856,0.15690305829048157
7857,0.15690305829048157
7858,0.15690305829048157
7859,0.15690305829048157
7860,0.15690305829048157
7861,0.15690305829048157
7862,0.15690305829048157
7863,0.15690305829048157
7864,0.15690305829048157
7865,0.15690305829048157
7866,0.15690305829048157
7867,0.15690305829048157
7868,0.15690305829048157
7869,0.15690305829048157
7870,0.15690305829048157
7871,0.15690305829048157
7872,0.15690305829048157
7873,0.15690305829048157
7874,0.15690305829048157
7875,0.15690305829048157
7876,0.15690305829048157
7877,0.15690305829048157
7878,0.15690305829048157
7879,0.15690305829048157
7880,0.15690305829048157
7881,0.15690305829048157
7882,0.15690305829048157
7883,0.15690305829048157
7884,0.15690305829048157
7885,0.15690305829048157
7886,0.15690305829048157
7887,0.15690305829048157
7888,0.15690305829048157
7889,0.15690305829048157
7890,0.15690305829048157
7891,0.15690305829048157
7892,0.15690305829048157
7893,0.15690305829048157
7894,0.15690305829048157
7895,0.15690305829048157
7896,0.15690305829048157
7897,0.15690305829048157
7898,0.15690305829048157
7899,0.15690305829048157
7900,0.15690305829048157
7901,0.15690305829048157
7902,0.15690305829048157
7903,0.15690305829048157
7904,0.15690305829048157
7905,0.15690305829048157
7906,0.15690305829048157
7907,0.15690305829048157
7908,0.15690305829048157
7909,0.15690305829048157
7910,0.15690305829048157
7911,0.15690305829048157
7912,0.15690305829048157
7913,0.15690305829048157
7914,0.15690305829048157
7915,0.15690305829048157
7916,0.15690305829048157
7917,0.15690305829048157
7918,0.15690305829048157
7919,0.15690305829048157
7920,0.15690305829048157
7921,0.15690305829048157
7922,0.15690305829048157
7923,0.15690305829048157
7924,0.15690305829048157
7925,0.15690305829048157
7926,0.15690305829048157
7927,0.15690305829048157
7928,0.15690305829048157
7929,0.15690305829048157
7930,0.15690305829048157
7931,0.15690305829048157
7932,0.15690305829048157
7933,0.15690305829048157
7934,0.15690305829048157
7935,0.15690305829048157
7936,0.15690305829048157
7937,0.15690305829048157
7938,0.15690305829048157
7939,0.15690305829048157
7940,0.15690305829048157
7941,0.15690305829048157
7942,0.15690305829048157
7943,0.15690305829048157
7944,0.15690305829048157
7945,0.15690305829048157
7946,0.15690305829048157
7947,0.15690305829048157
7948,0.15690305829048157
7949,0.15690305829048157
7950,0.15690305829048157
7951,0.15690305829048157
7952,0.15690305829048157
7953,0.15690305829048157
7954,0.15690305829048157
7955,0.15690305829048157
7956,0.15690305829048157
7957,0.15690305829048157
7958,0.15690305829048157
7959,0.15690305829048157
7960,0.15690305829048157
7961,0.15690305829048157
7962,0.15690305829048157
7963,0.15690305829048157
7964,0.15690305829048157
7965,0.15690305829048157
7966,0.15690305829048157
7967,0.15690305829048157
7968,0.15690305829048157
7969,0.15690305829048157
7970,0.15690305829048157
7971,0.15690305829048157
7972,0.15690305829048157
7973,0.15690305829048157
7974,0.15690305829048157
7975,0.15690305829048157
7976,0.15690305829048157
7977,0.15690305829048157
7978,0.15690305829048157
7979,0.15690305829048157
7980,0.15690305829048157
7981,0.15690305829048157
7982,0.15690305829048157
7983,0.15690305829048157
7984,0.15690305829048157
7985,0.15690305829048157
7986,0.15690305829048157
7987,0.15690305829048157
7988,0.15690305829048157
7989,0.15690305829048157
7990,0.15690305829048157
7991,0.15690305829048157
7992,0.15690305829048157
7993,0.15690305829048157
7994,0.15690305829048157
7995,0.15690305829048157
7996,0.15690305829048157
7997,0.15690305829048157
7998,0.15690305829048157
7999,0.15690305829048157
8000,0.15690305829048157
8001,0.15690305829048157
8002,0.15690305829048157
8003,0.15690305829048157
8004,0.15690305829048157
8005,0.15690305829048157
8006,0.15690305829048157
8007,0.15690305829048157
8008,0.15690305829048157
8009,0.15690305829048157
8010,0.15690305829048157
8011,0.15690305829048157
8012,0.15690305829048157
8013,0.15690305829048157
8014,0.15690305829048157
8015,0.15690305829048157
8016,0.15690305829048157
8017,0.15690305829048157
8018,0.15690305829048157
8019,0.15690305829048157
8020,0.15690305829048157
8021,0.15690305829048157
8022,0.15690305829048157
8023,0.15690305829048157
8024,0.15690305829048157
8025,0.15690305829048157
8026,0.15690305829048157
8027,0.15690305829048157
8028,0.15690305829048157
8029,0.15690305829048157
8030,0.15690305829048157
8031,0.15690305829048157
8032,0.15690305829048157
8033,0.15690305829048157
8034,0.15690305829048157
8035,0.15690305829048157
8036,0.15690305829048157
8037,0.15690305829048157
8038,0.15690305829048157
8039,0.15690305829048157
8040,0.15690305829048157
8041,0.15690305829048157
8042,0.15690305829048157
8043,0.15690305829048157
8044,0.15690305829048157
8045,0.15690305829048157
8046,0.15690305829048157
8047,0.15690305829048157
8048,0.15690305829048157
8049,0.15690305829048157
8050,0.15690305829048157
8051,0.15690305829048157
8052,0.15690305829048157
8053,0.15690305829048157
8054,0.15690305829048157
8055,0.15690305829048157
8056,0.15690305829048157
8057,0.15690305829048157
8058,0.15690305829048157
8059,0.15690305829048157
8060,0.15690305829048157
8061,0.15690305829048157
8062,0.15690305829048157
8063,0.15690305829048157
8064,0.15690305829048157
8065,0.15690305829048157
8066,0.15690305829048157
8067,0.15690305829048157
8068,0.15690305829048157
8069,0.15690305829048157
8070,0.15690305829048157
8071,0.15690305829048157
8072,0.15690305829048157
8073,0.15690305829048157
8074,0.15690305829048157
8075,0.15690305829048157
8076,0.15690305829048157
8077,0.15690305829048157
8078,0.15690305829048157
8079,0.15690305829048157
8080,0.15690305829048157
8081,0.15690305829048157
8082,0.15690305829048157
8083,0.15690305829048157
8084,0.15690305829048157
8085,0.15690305829048157
8086,0.15690305829048157
8087,0.15690305829048157
8088,0.15690305829048157
8089,0.15690305829048157
8090,0.15690305829048157
8091,0.15690305829048157
8092,0.15690305829048157
8093,0.15690305829048157
8094,0.15690305829048157
8095,0.15690305829048157
8096,0.15690305829048157
8097,0.15690305829048157
8098,0.15690305829048157
8099,0.15690305829048157
8100,0.15690305829048157
8101,0.15690305829048157
8102,0.15690305829048157
8103,0.15690305829048157
8104,0.15690305829048157
8105,0.15690305829048157
8106,0.15690305829048157
8107,0.15690305829048157
8108,0.15690305829048157
8109,0.15690305829048157
8110,0.15690305829048157
8111,0.15690305829048157
8112,0.15690305829048157
8113,0.15690305829048157
8114,0.15690305829048157
8115,0.15690305829048157
8116,0.15690305829048157
8117,0.15690305829048157
8118,0.15690305829048157
8119,0.15690305829048157
8120,0.15690305829048157
8121,0.15690305829048157
8122,0.15690305829048157
8123,0.15690305829048157
8124,0.15690305829048157
8125,0.15690305829048157
8126,0.15690305829048157
8127,0.15690305829048157
8128,0.15690305829048157
8129,0.15690305829048157
8130,0.15690305829048157
8131,0.15690305829048157
8132,0.15690305829048157
8133,0.15690305829048157
8134,0.15690305829048157
8135,0.15690305829048157
8136,0.15690305829048157
8137,0.15690305829048157
8138,0.15690305829048157
8139,0.15690305829048157
8140,0.15690305829048157
8141,0.15690305829048157
8142,0.15690305829048157
8143,0.15690305829048157
8144,0.15690305829048157
8145,0.15690305829048157
8146,0.15690305829048157
8147,0.15690305829048157
8148,0.15690305829048157
8149,0.15690305829048157
8150,0.15690305829048157
8151,0.15690305829048157
8152,0.15690305829048157
8153,0.15690305829048157
8154,0.15690305829048157
8155,0.15690305829048157
8156,0.15690305829048157
8157,0.15690305829048157
8158,0.15690305829048157
8159,0.15690305829048157
8160,0.15690305829048157
8161,0.15690305829048157
8162,0.15690305829048157
8163,0.15690305829048157
8164,0.15690305829048157
8165,0.15690305829048157
8166,0.15690305829048157
8167,0.15690305829048157
8168,0.15690305829048157
8169,0.15690305829048157
8170,0.15690305829048157
8171,0.15690305829048157
8172,0.15690305829048157
8173,0.15690305829048157
8174,0.15690305829048157
8175,0.15690305829048157
8176,0.15690305829048157
8177,0.15690305829048157
8178,0.15690305829048157
8179,0.15690305829048157
8180,0.15690305829048157
8181,0.15690305829048157
8182,0.15690305829048157
8183,0.15690305829048157
8184,0.15690305829048157
8185,0.15690305829048157
8186,0.15690305829048157
8187,0.15690305829048157
8188,0.15690305829048157
8189,0.15690305829048157
8190,0.15690305829048157
8191,0.15690305829048157
8192,0.15690305829048157
8193,0.15690305829048157
8194,0.15690305829048157
8195,0.15690305829048157
8196,0.15690305829048157
8197,0.15690305829048157
8198,0.15690305829048157
8199,0.15690305829048157
8200,0.15690305829048157
8201,0.15690305829048157
8202,0.15690305829048157
8203,0.15690305829048157
8204,0.15690305829048157
8205,0.15690305829048157
8206,0.15690305829048157
8207,0.15690305829048157
8208,0.15690305829048157
8209,0.15690305829048157
8210,0.15690305829048157
8211,0.15690305829048157
8212,0.15690305829048157
8213,0.15690305829048157
8214,0.15690305829048157
8215,0.15690305829048157
8216,0.15690305829048157
8217,0.15690305829048157
8218,0.15690305829048157
8219,0.15690305829048157
8220,0.15690305829048157
8221,0.15690305829048157
8222,0.15690305829048157
8223,0.15690305829048157
8224,0.15690305829048157
8225,0.15690305829048157
8226,0.15690305829048157
8227,0.15690305829048157
8228,0.15690305829048157
8229,0.15690305829048157
8230,0.15690305829048157
8231,0.15690305829048157
8232,0.15690305829048157
8233,0.15690305829048157
8234,0.15690305829048157
8235,0.15690305829048157
8236,0.15690305829048157
8237,0.15690305829048157
8238,0.15690305829048157
8239,0.15690305829048157
8240,0.15690305829048157
8241,0.15690305829048157
8242,0.15690305829048157
8243,0.15690305829048157
8244,0.15690305829048157
8245,0.15690305829048157
8246,0.15690305829048157
8247,0.15690305829048157
8248,0.15690305829048157
8249,0.15690305829048157
8250,0.15690305829048157
8251,0.15690305829048157
8252,0.15690305829048157
8253,0.15690305829048157
8254,0.15690305829048157
8255,0.15690305829048157
8256,0.15690305829048157
8257,0.15690305829048157
8258,0.15690305829048157
8259,0.15690305829048157
8260,0.15690305829048157
8261,0.15690305829048157
8262,0.15690305829048157
8263,0.15690305829048157
8264,0.15690305829048157
8265,0.15690305829048157
8266,0.15690305829048157
8267,0.15690305829048157
8268,0.15690305829048157
8269,0.15690305829048157
8270,0.15690305829048157
8271,0.15690305829048157
8272,0.15690305829048157
8273,0.15690305829048157
8274,0.15690305829048157
8275,0.15690305829048157
8276,0.15690305829048157
8277,0.15690305829048157
8278,0.15690305829048157
8279,0.15690305829048157
8280,0.15690305829048157
8281,0.15690305829048157
8282,0.15690305829048157
8283,0.15690305829048157
8284,0.15690305829048157
8285,0.15690305829048157
8286,0.15690305829048157
8287,0.15690305829048157
8288,0.15690305829048157
8289,0.15690305829048157
8290,0.15690305829048157
8291,0.15690305829048157
8292,0.15690305829048157
8293,0.15690305829048157
8294,0.15690305829048157
8295,0.15690305829048157
8296,0.15690305829048157
8297,0.15690305829048157
8298,0.15690305829048157
8299,0.15690305829048157
8300,0.15690305829048157
8301,0.15690305829048157
8302,0.15690305829048157
8303,0.15690305829048157
8304,0.15690305829048157
8305,0.15690305829048157
8306,0.15690305829048157
8307,0.15690305829048157
8308,0.15690305829048157
8309,0.15690305829048157
8310,0.15690305829048157
8311,0.15690305829048157
8312,0.15690305829048157
8313,0.15690305829048157
8314,0.15690305829048157
8315,0.15690305829048157
8316,0.15690305829048157
8317,0.15690305829048157
8318,0.15690305829048157
8319,0.15690305829048157
8320,0.15690305829048157
8321,0.15690305829048157
8322,0.15690305829048157
8323,0.15690305829048157
8324,0.15690305829048157
8325,0.15690305829048157
8326,0.15690305829048157
8327,0.15690305829048157
8328,0.15690305829048157
8329,0.15690305829048157
8330,0.15690305829048157
8331,0.15690305829048157
8332,0.15690305829048157
8333,0.15690305829048157
8334,0.15690305829048157
8335,0.15690305829048157
8336,0.15690305829048157
8337,0.15690305829048157
8338,0.15690305829048157
8339,0.15690305829048157
8340,0.15690305829048157
8341,0.15690305829048157
8342,0.15690305829048157
8343,0.15690305829048157
8344,0.15690305829048157
8345,0.15690305829048157
8346,0.15690305829048157
8347,0.15690305829048157
8348,0.15690305829048157
8349,0.15690305829048157
8350,0.15690305829048157
8351,0.15690305829048157
8352,0.15690305829048157
8353,0.15690305829048157
8354,0.15690305829048157
8355,0.15690305829048157
8356,0.15690305829048157
8357,0.15690305829048157
8358,0.15690305829048157
8359,0.15690305829048157
8360,0.15690305829048157
8361,0.15690305829048157
8362,0.15690305829048157
8363,0.15690305829048157
8364,0.15690305829048157
8365,0.15690305829048157
8366,0.15690305829048157
8367,0.15690305829048157
8368,0.15690305829048157
8369,0.15690305829048157
8370,0.15690305829048157
8371,0.15690305829048157
8372,0.15690305829048157
8373,0.15690305829048157
8374,0.15690305829048157
8375,0.15690305829048157
8376,0.15690305829048157
8377,0.15690305829048157
8378,0.15690305829048157
8379,0.15690305829048157
8380,0.15690305829048157
8381,0.15690305829048157
8382,0.15690305829048157
8383,0.15690305829048157
8384,0.15690305829048157
8385,0.15690305829048157
8386,0.15690305829048157
8387,0.15690305829048157
8388,0.15690305829048157
8389,0.15690305829048157
8390,0.15690305829048157
8391,0.15690305829048157
8392,0.15690305829048157
8393,0.15690305829048157
8394,0.15690305829048157
8395,0.15690305829048157
8396,0.15690305829048157
8397,0.15690305829048157
8398,0.15690305829048157
8399,0.15690305829048157
8400,0.15690305829048157
8401,0.15690305829048157
8402,0.15690305829048157
8403,0.15690305829048157
8404,0.15690305829048157
8405,0.15690305829048157
8406,0.15690305829048157
8407,0.15690305829048157
8408,0.15690305829048157
8409,0.15690305829048157
8410,0.15690305829048157
8411,0.15690305829048157
8412,0.15690305829048157
8413,0.15690305829048157
8414,0.15690305829048157
8415,0.15690305829048157
8416,0.15690305829048157
8417,0.15690305829048157
8418,0.15690305829048157
8419,0.15690305829048157
8420,0.15690305829048157
8421,0.15690305829048157
8422,0.15690305829048157
8423,0.15690305829048157
8424,0.15690305829048157
8425,0.15690305829048157
8426,0.15690305829048157
8427,0.15690305829048157
8428,0.15690305829048157
8429,0.15690305829048157
8430,0.15690305829048157
8431,0.15690305829048157
8432,0.15690305829048157
8433,0.15690305829048157
8434,0.15690305829048157
8435,0.15690305829048157
8436,0.15690305829048157
8437,0.15690305829048157
8438,0.15690305829048157
8439,0.15690305829048157
8440,0.15690305829048157
8441,0.15690305829048157
8442,0.15690305829048157
8443,0.15690305829048157
8444,0.15690305829048157
8445,0.15690305829048157
8446,0.15690305829048157
8447,0.15690305829048157
8448,0.15690305829048157
8449,0.15690305829048157
8450,0.15690305829048157
8451,0.15690305829048157
8452,0.15690305829048157
8453,0.15690305829048157
8454,0.15690305829048157
8455,0.15690305829048157
8456,0.15690305829048157
8457,0.15690305829048157
8458,0.15690305829048157
8459,0.15690305829048157
8460,0.15690305829048157
8461,0.15690305829048157
8462,0.15690305829048157
8463,0.15690305829048157
8464,0.15690305829048157
8465,0.15690305829048157
8466,0.15690305829048157
8467,0.15690305829048157
8468,0.15690305829048157
8469,0.15690305829048157
8470,0.15690305829048157
8471,0.15690305829048157
8472,0.15690305829048157
8473,0.15690305829048157
8474,0.15690305829048157
8475,0.15690305829048157
8476,0.15690305829048157
8477,0.15690305829048157
8478,0.15690305829048157
8479,0.15690305829048157
8480,0.15690305829048157
8481,0.15690305829048157
8482,0.15690305829048157
8483,0.15690305829048157
8484,0.15690305829048157
8485,0.15690305829048157
8486,0.15690305829048157
8487,0.15690305829048157
8488,0.15690305829048157
8489,0.15690305829048157
8490,0.15690305829048157
8491,0.15690305829048157
8492,0.15690305829048157
8493,0.15690305829048157
8494,0.15690305829048157
8495,0.15690305829048157
8496,0.15690305829048157
8497,0.15690305829048157
8498,0.15690305829048157
8499,0.15690305829048157
8500,0.15690305829048157
8501,0.15690305829048157
8502,0.15690305829048157
8503,0.15690305829048157
8504,0.15690305829048157
8505,0.15690305829048157
8506,0.15690305829048157
8507,0.15690305829048157
8508,0.15690305829048157
8509,0.15690305829048157
8510,0.15690305829048157
8511,0.15690305829048157
8512,0.15690305829048157
8513,0.15690305829048157
8514,0.15690305829048157
8515,0.15690305829048157
8516,0.15690305829048157
8517,0.15690305829048157
8518,0.15690305829048157
8519,0.15690305829048157
8520,0.15690305829048157
8521,0.15690305829048157
8522,0.15690305829048157
8523,0.15690305829048157
8524,0.15690305829048157
8525,0.15690305829048157
8526,0.15690305829048157
8527,0.15690305829048157
8528,0.15690305829048157
8529,0.15690305829048157
8530,0.15690305829048157
8531,0.15690305829048157
8532,0.15690305829048157
8533,0.15690305829048157
8534,0.15690305829048157
8535,0.15690305829048157
8536,0.15690305829048157
8537,0.15690305829048157
8538,0.15690305829048157
8539,0.15690305829048157
8540,0.15690305829048157
8541,0.15690305829048157
8542,0.15690305829048157
8543,0.15690305829048157
8544,0.15690305829048157
8545,0.15690305829048157
8546,0.15690305829048157
8547,0.15690305829048157
8548,0.15690305829048157
8549,0.15690305829048157
8550,0.15690305829048157
8551,0.15690305829048157
8552,0.15690305829048157
8553,0.15690305829048157
8554,0.15690305829048157
8555,0.15690305829048157
8556,0.15690305829048157
8557,0.15690305829048157
8558,0.15690305829048157
8559,0.15690305829048157
8560,0.15690305829048157
8561,0.15690305829048157
8562,0.15690305829048157
8563,0.15690305829048157
8564,0.15690305829048157
8565,0.15690305829048157
8566,0.15690305829048157
8567,0.15690305829048157
8568,0.15690305829048157
8569,0.15690305829048157
8570,0.15690305829048157
8571,0.15690305829048157
8572,0.15690305829048157
8573,0.15690305829048157
8574,0.15690305829048157
8575,0.15690305829048157
8576,0.15690305829048157
8577,0.15690305829048157
8578,0.15690305829048157
8579,0.15690305829048157
8580,0.15690305829048157
8581,0.15690305829048157
8582,0.15690305829048157
8583,0.15690305829048157
8584,0.15690305829048157
8585,0.15690305829048157
8586,0.15690305829048157
8587,0.15690305829048157
8588,0.15690305829048157
8589,0.15690305829048157
8590,0.15690305829048157
8591,0.15690305829048157
8592,0.15690305829048157
8593,0.15690305829048157
8594,0.15690305829048157
8595,0.15690305829048157
8596,0.15690305829048157
8597,0.15690305829048157
8598,0.15690305829048157
8599,0.15690305829048157
8600,0.15690305829048157
8601,0.15690305829048157
8602,0.15690305829048157
8603,0.15690305829048157
8604,0.15690305829048157
8605,0.15690305829048157
8606,0.15690305829048157
8607,0.15690305829048157
8608,0.15690305829048157
8609,0.15690305829048157
8610,0.15690305829048157
8611,0.15690305829048157
8612,0.15690305829048157
8613,0.15690305829048157
8614,0.15690305829048157
8615,0.15690305829048157
8616,0.15690305829048157
8617,0.15690305829048157
8618,0.15690305829048157
8619,0.15690305829048157
8620,0.15690305829048157
8621,0.15690305829048157
8622,0.15690305829048157
8623,0.15690305829048157
8624,0.15690305829048157
8625,0.15690305829048157
8626,0.15690305829048157
8627,0.15690305829048157
8628,0.15690305829048157
8629,0.15690305829048157
8630,0.15690305829048157
8631,0.15690305829048157
8632,0.15690305829048157
8633,0.15690305829048157
8634,0.15690305829048157
8635,0.15690305829048157
8636,0.15690305829048157
8637,0.15690305829048157
8638,0.15690305829048157
8639,0.15690305829048157
8640,0.15690305829048157
8641,0.15690305829048157
8642,0.15690305829048157
8643,0.15690305829048157
8644,0.15690305829048157
8645,0.15690305829048157
8646,0.15690305829048157
8647,0.15690305829048157
8648,0.15690305829048157
8649,0.15690305829048157
8650,0.15690305829048157
8651,0.15690305829048157
8652,0.15690305829048157
8653,0.15690305829048157
8654,0.15690305829048157
8655,0.15690305829048157
8656,0.15690305829048157
8657,0.15690305829048157
8658,0.15690305829048157
8659,0.15690305829048157
8660,0.15690305829048157
8661,0.15690305829048157
8662,0.15690305829048157
8663,0.15690305829048157
8664,0.15690305829048157
8665,0.15690305829048157
8666,0.15690305829048157
8667,0.15690305829048157
8668,0.15690305829048157
8669,0.15690305829048157
8670,0.15690305829048157
8671,0.15690305829048157
8672,0.15690305829048157
8673,0.15690305829048157
8674,0.15690305829048157
8675,0.15690305829048157
8676,0.15690305829048157
8677,0.15690305829048157
8678,0.15690305829048157
8679,0.15690305829048157
8680,0.15690305829048157
8681,0.15690305829048157
8682,0.15690305829048157
8683,0.15690305829048157
8684,0.15690305829048157
8685,0.15690305829048157
8686,0.15690305829048157
8687,0.15690305829048157
8688,0.15690305829048157
8689,0.15690305829048157
8690,0.15690305829048157
8691,0.15690305829048157
8692,0.15690305829048157
8693,0.15690305829048157
8694,0.15690305829048157
8695,0.15690305829048157
8696,0.15690305829048157
8697,0.15690305829048157
8698,0.15690305829048157
8699,0.15690305829048157
8700,0.15690305829048157
8701,0.15690305829048157
8702,0.15690305829048157
8703,0.15690305829048157
8704,0.15690305829048157
8705,0.15690305829048157
8706,0.15690305829048157
8707,0.15690305829048157
8708,0.15690305829048157
8709,0.15690305829048157
8710,0.15690305829048157
8711,0.15690305829048157
8712,0.15690305829048157
8713,0.15690305829048157
8714,0.15690305829048157
8715,0.15690305829048157
8716,0.15690305829048157
8717,0.15690305829048157
8718,0.15690305829048157
8719,0.15690305829048157
8720,0.15690305829048157
8721,0.15690305829048157
8722,0.15690305829048157
8723,0.15690305829048157
8724,0.15690305829048157
8725,0.15690305829048157
8726,0.15690305829048157
8727,0.15690305829048157
8728,0.15690305829048157
8729,0.15690305829048157
8730,0.15690305829048157
8731,0.15690305829048157
8732,0.15690305829048157
8733,0.15690305829048157
8734,0.15690305829048157
8735,0.15690305829048157
8736,0.15690305829048157
8737,0.15690305829048157
8738,0.15690305829048157
8739,0.15690305829048157
8740,0.15690305829048157
8741,0.15690305829048157
8742,0.15690305829048157
8743,0.15690305829048157
8744,0.15690305829048157
8745,0.15690305829048157
8746,0.15690305829048157
8747,0.15690305829048157
8748,0.15690305829048157
8749,0.15690305829048157
8750,0.15690305829048157
8751,0.15690305829048157
8752,0.15690305829048157
8753,0.15690305829048157
8754,0.15690305829048157
8755,0.15690305829048157
8756,0.15690305829048157
8757,0.15690305829048157
8758,0.15690305829048157
8759,0.15690305829048157
8760,0.15690305829048157
8761,0.15690305829048157
8762,0.15690305829048157
8763,0.15690305829048157
8764,0.15690305829048157
8765,0.15690305829048157
8766,0.15690305829048157
8767,0.15690305829048157
8768,0.15690305829048157
8769,0.15690305829048157
8770,0.15690305829048157
8771,0.15690305829048157
8772,0.15690305829048157
8773,0.15690305829048157
8774,0.15690305829048157
8775,0.15690305829048157
8776,0.15690305829048157
8777,0.15690305829048157
8778,0.15690305829048157
8779,0.15690305829048157
8780,0.15690305829048157
8781,0.15690305829048157
8782,0.15690305829048157
8783,0.15690305829048157
8784,0.15690305829048157
8785,0.15690305829048157
8786,0.15690305829048157
8787,0.15690305829048157
8788,0.15690305829048157
8789,0.15690305829048157
8790,0.15690305829048157
8791,0.15690305829048157
8792,0.15690305829048157
8793,0.15690305829048157
8794,0.15690305829048157
8795,0.15690305829048157
8796,0.15690305829048157
8797,0.15690305829048157
8798,0.15690305829048157
8799,0.15690305829048157
8800,0.15690305829048157
8801,0.15690305829048157
8802,0.15690305829048157
8803,0.15690305829048157
8804,0.15690305829048157
8805,0.15690305829048157
8806,0.15690305829048157
8807,0.15690305829048157
8808,0.15690305829048157
8809,0.15690305829048157
8810,0.15690305829048157
8811,0.15690305829048157
8812,0.15690305829048157
8813,0.15690305829048157
8814,0.15690305829048157
8815,0.15690305829048157
8816,0.15690305829048157
8817,0.15690305829048157
8818,0.15690305829048157
8819,0.15690305829048157
8820,0.15690305829048157
8821,0.15690305829048157
8822,0.15690305829048157
8823,0.15690305829048157
8824,0.15690305829048157
8825,0.15690305829048157
8826,0.15690305829048157
8827,0.15690305829048157
8828,0.15690305829048157
8829,0.15690305829048157
8830,0.15690305829048157
8831,0.15690305829048157
8832,0.15690305829048157
8833,0.15690305829048157
8834,0.15690305829048157
8835,0.15690305829048157
8836,0.15690305829048157
8837,0.15690305829048157
8838,0.15690305829048157
8839,0.15690305829048157
8840,0.15690305829048157
8841,0.15690305829048157
8842,0.15690305829048157
8843,0.15690305829048157
8844,0.15690305829048157
8845,0.15690305829048157
8846,0.15690305829048157
8847,0.15690305829048157
8848,0.15690305829048157
8849,0.15690305829048157
8850,0.15690305829048157
8851,0.15690305829048157
8852,0.15690305829048157
8853,0.15690305829048157
8854,0.15690305829048157
8855,0.15690305829048157
8856,0.15690305829048157
8857,0.15690305829048157
8858,0.15690305829048157
8859,0.15690305829048157
8860,0.15690305829048157
8861,0.15690305829048157
8862,0.15690305829048157
8863,0.15690305829048157
8864,0.15690305829048157
8865,0.15690305829048157
8866,0.15690305829048157
8867,0.15690305829048157
8868,0.15690305829048157
8869,0.15690305829048157
8870,0.15690305829048157
8871,0.15690305829048157
8872,0.15690305829048157
8873,0.15690305829048157
8874,0.15690305829048157
8875,0.15690305829048157
8876,0.15690305829048157
8877,0.15690305829048157
8878,0.15690305829048157
8879,0.15690305829048157
8880,0.15690305829048157
8881,0.15690305829048157
8882,0.15690305829048157
8883,0.15690305829048157
8884,0.15690305829048157
8885,0.15690305829048157
8886,0.15690305829048157
8887,0.15690305829048157
8888,0.15690305829048157
8889,0.15690305829048157
8890,0.15690305829048157
8891,0.15690305829048157
8892,0.15690305829048157
8893,0.15690305829048157
8894,0.15690305829048157
8895,0.15690305829048157
8896,0.15690305829048157
8897,0.15690305829048157
8898,0.15690305829048157
8899,0.15690305829048157
8900,0.15690305829048157
8901,0.15690305829048157
8902,0.15690305829048157
8903,0.15690305829048157
8904,0.15690305829048157
8905,0.15690305829048157
8906,0.15690305829048157
8907,0.15690305829048157
8908,0.15690305829048157
8909,0.15690305829048157
8910,0.15690305829048157
8911,0.15690305829048157
8912,0.15690305829048157
8913,0.15690305829048157
8914,0.15690305829048157
8915,0.15690305829048157
8916,0.15690305829048157
8917,0.15690305829048157
8918,0.15690305829048157
8919,0.15690305829048157
8920,0.15690305829048157
8921,0.15690305829048157
8922,0.15690305829048157
8923,0.15690305829048157
8924,0.15690305829048157
8925,0.15690305829048157
8926,0.15690305829048157
8927,0.15690305829048157
8928,0.15690305829048157
8929,0.15690305829048157
8930,0.15690305829048157
8931,0.15690305829048157
8932,0.15690305829048157
8933,0.15690305829048157
8934,0.15690305829048157
8935,0.15690305829048157
8936,0.15690305829048157
8937,0.15690305829048157
8938,0.15690305829048157
8939,0.15690305829048157
8940,0.15690305829048157
8941,0.15690305829048157
8942,0.15690305829048157
8943,0.15690305829048157
8944,0.15690305829048157
8945,0.15690305829048157
8946,0.15690305829048157
8947,0.15690305829048157
8948,0.15690305829048157
8949,0.15690305829048157
8950,0.15690305829048157
8951,0.15690305829048157
8952,0.15690305829048157
8953,0.15690305829048157
8954,0.15690305829048157
8955,0.15690305829048157
8956,0.15690305829048157
8957,0.15690305829048157
8958,0.15690305829048157
8959,0.15690305829048157
8960,0.15690305829048157
8961,0.15690305829048157
8962,0.15690305829048157
8963,0.15690305829048157
8964,0.15690305829048157
8965,0.15690305829048157
8966,0.15690305829048157
8967,0.15690305829048157
8968,0.15690305829048157
8969,0.15690305829048157
8970,0.15690305829048157
8971,0.15690305829048157
8972,0.15690305829048157
8973,0.15690305829048157
8974,0.15690305829048157
8975,0.15690305829048157
8976,0.15690305829048157
8977,0.15690305829048157
8978,0.15690305829048157
8979,0.15690305829048157
8980,0.15690305829048157
8981,0.15690305829048157
8982,0.15690305829048157
8983,0.15690305829048157
8984,0.15690305829048157
8985,0.15690305829048157
8986,0.15690305829048157
8987,0.15690305829048157
8988,0.15690305829048157
8989,0.15690305829048157
8990,0.15690305829048157
8991,0.15690305829048157
8992,0.15690305829048157
8993,0.15690305829048157
8994,0.15690305829048157
8995,0.15690305829048157
8996,0.15690305829048157
8997,0.15690305829048157
8998,0.15690305829048157
8999,0.15690305829048157
9000,0.15690305829048157
9001,0.15690305829048157
9002,0.15690305829048157
9003,0.15690305829048157
9004,0.15690305829048157
9005,0.15690305829048157
9006,0.15690305829048157
9007,0.15690305829048157
9008,0.15690305829048157
9009,0.15690305829048157
9010,0.15690305829048157
9011,0.15690305829048157
9012,0.15690305829048157
9013,0.15690305829048157
9014,0.15690305829048157
9015,0.15690305829048157
9016,0.15690305829048157
9017,0.15690305829048157
9018,0.15690305829048157
9019,0.15690305829048157
9020,0.15690305829048157
9021,0.15690305829048157
9022,0.15690305829048157
9023,0.15690305829048157
9024,0.15690305829048157
9025,0.15690305829048157
9026,0.15690305829048157
9027,0.15690305829048157
9028,0.15690305829048157
9029,0.15690305829048157
9030,0.15690305829048157
9031,0.15690305829048157
9032,0.15690305829048157
9033,0.15690305829048157
9034,0.15690305829048157
9035,0.15690305829048157
9036,0.15690305829048157
9037,0.15690305829048157
9038,0.15690305829048157
9039,0.15690305829048157
9040,0.15690305829048157
9041,0.15690305829048157
9042,0.15690305829048157
9043,0.15690305829048157
9044,0.15690305829048157
9045,0.15690305829048157
9046,0.15690305829048157
9047,0.15690305829048157
9048,0.15690305829048157
9049,0.15690305829048157
9050,0.15690305829048157
9051,0.15690305829048157
9052,0.15690305829048157
9053,0.15690305829048157
9054,0.15690305829048157
9055,0.15690305829048157
9056,0.15690305829048157
9057,0.15690305829048157
9058,0.15690305829048157
9059,0.15690305829048157
9060,0.15690305829048157
9061,0.15690305829048157
9062,0.15690305829048157
9063,0.15690305829048157
9064,0.15690305829048157
9065,0.15690305829048157
9066,0.15690305829048157
9067,0.15690305829048157
9068,0.15690305829048157
9069,0.15690305829048157
9070,0.15690305829048157
9071,0.15690305829048157
9072,0.15690305829048157
9073,0.15690305829048157
9074,0.15690305829048157
9075,0.15690305829048157
9076,0.15690305829048157
9077,0.15690305829048157
9078,0.15690305829048157
9079,0.15690305829048157
9080,0.15690305829048157
9081,0.15690305829048157
9082,0.15690305829048157
9083,0.15690305829048157
9084,0.15690305829048157
9085,0.15690305829048157
9086,0.15690305829048157
9087,0.15690305829048157
9088,0.15690305829048157
9089,0.15690305829048157
9090,0.15690305829048157
9091,0.15690305829048157
9092,0.15690305829048157
9093,0.15690305829048157
9094,0.15690305829048157
9095,0.15690305829048157
9096,0.15690305829048157
9097,0.15690305829048157
9098,0.15690305829048157
9099,0.15690305829048157
9100,0.15690305829048157
9101,0.15690305829048157
9102,0.15690305829048157
9103,0.15690305829048157
9104,0.15690305829048157
9105,0.15690305829048157
9106,0.15690305829048157
9107,0.15690305829048157
9108,0.15690305829048157
9109,0.15690305829048157
9110,0.15690305829048157
9111,0.15690305829048157
9112,0.15690305829048157
9113,0.15690305829048157
9114,0.15690305829048157
9115,0.15690305829048157
9116,0.15690305829048157
9117,0.15690305829048157
9118,0.15690305829048157
9119,0.15690305829048157
9120,0.15690305829048157
9121,0.15690305829048157
9122,0.15690305829048157
9123,0.15690305829048157
9124,0.15690305829048157
9125,0.15690305829048157
9126,0.15690305829048157
9127,0.15690305829048157
9128,0.15690305829048157
9129,0.15690305829048157
9130,0.15690305829048157
9131,0.15690305829048157
9132,0.15690305829048157
9133,0.15690305829048157
9134,0.15690305829048157
9135,0.15690305829048157
9136,0.15690305829048157
9137,0.15690305829048157
9138,0.15690305829048157
9139,0.15690305829048157
9140,0.15690305829048157
9141,0.15690305829048157
9142,0.15690305829048157
9143,0.15690305829048157
9144,0.15690305829048157
9145,0.15690305829048157
9146,0.15690305829048157
9147,0.15690305829048157
9148,0.15690305829048157
9149,0.15690305829048157
9150,0.15690305829048157
9151,0.15690305829048157
9152,0.15690305829048157
9153,0.15690305829048157
9154,0.15690305829048157
9155,0.15690305829048157
9156,0.15690305829048157
9157,0.15690305829048157
9158,0.15690305829048157
9159,0.15690305829048157
9160,0.15690305829048157
9161,0.15690305829048157
9162,0.15690305829048157
9163,0.15690305829048157
9164,0.15690305829048157
9165,0.15690305829048157
9166,0.15690305829048157
9167,0.15690305829048157
9168,0.15690305829048157
9169,0.15690305829048157
9170,0.15690305829048157
9171,0.15690305829048157
9172,0.15690305829048157
9173,0.15690305829048157
9174,0.15690305829048157
9175,0.15690305829048157
9176,0.15690305829048157
9177,0.15690305829048157
9178,0.15690305829048157
9179,0.15690305829048157
9180,0.15690305829048157
9181,0.15690305829048157
9182,0.15690305829048157
9183,0.15690305829048157
9184,0.15690305829048157
9185,0.15690305829048157
9186,0.15690305829048157
9187,0.15690305829048157
9188,0.15690305829048157
9189,0.15690305829048157
9190,0.15690305829048157
9191,0.15690305829048157
9192,0.15690305829048157
9193,0.15690305829048157
9194,0.15690305829048157
9195,0.15690305829048157
9196,0.15690305829048157
9197,0.15690305829048157
9198,0.15690305829048157
9199,0.15690305829048157
9200,0.15690305829048157
9201,0.15690305829048157
9202,0.15690305829048157
9203,0.15690305829048157
9204,0.15690305829048157
9205,0.15690305829048157
9206,0.15690305829048157
9207,0.15690305829048157
9208,0.15690305829048157
9209,0.15690305829048157
9210,0.15690305829048157
9211,0.15690305829048157
9212,0.15690305829048157
9213,0.15690305829048157
9214,0.15690305829048157
9215,0.15690305829048157
9216,0.15690305829048157
9217,0.15690305829048157
9218,0.15690305829048157
9219,0.15690305829048157
9220,0.15690305829048157
9221,0.15690305829048157
9222,0.15690305829048157
9223,0.15690305829048157
9224,0.15690305829048157
9225,0.15690305829048157
9226,0.15690305829048157
9227,0.15690305829048157
9228,0.15690305829048157
9229,0.15690305829048157
9230,0.15690305829048157
9231,0.15690305829048157
9232,0.15690305829048157
9233,0.15690305829048157
9234,0.15690305829048157
9235,0.15690305829048157
9236,0.15690305829048157
9237,0.15690305829048157
9238,0.15690305829048157
9239,0.15690305829048157
9240,0.15690305829048157
9241,0.15690305829048157
9242,0.15690305829048157
9243,0.15690305829048157
9244,0.15690305829048157
9245,0.15690305829048157
9246,0.15690305829048157
9247,0.15690305829048157
9248,0.15690305829048157
9249,0.15690305829048157
9250,0.15690305829048157
9251,0.15690305829048157
9252,0.15690305829048157
9253,0.15690305829048157
9254,0.15690305829048157
9255,0.15690305829048157
9256,0.15690305829048157
9257,0.15690305829048157
9258,0.15690305829048157
9259,0.15690305829048157
9260,0.15690305829048157
9261,0.15690305829048157
9262,0.15690305829048157
9263,0.15690305829048157
9264,0.15690305829048157
9265,0.15690305829048157
9266,0.15690305829048157
9267,0.15690305829048157
9268,0.15690305829048157
9269,0.15690305829048157
9270,0.15690305829048157
9271,0.15690305829048157
9272,0.15690305829048157
9273,0.15690305829048157
9274,0.15690305829048157
9275,0.15690305829048157
9276,0.15690305829048157
9277,0.15690305829048157
9278,0.15690305829048157
9279,0.15690305829048157
9280,0.15690305829048157
9281,0.15690305829048157
9282,0.15690305829048157
9283,0.15690305829048157
9284,0.15690305829048157
9285,0.15690305829048157
9286,0.15690305829048157
9287,0.15690305829048157
9288,0.15690305829048157
9289,0.15690305829048157
9290,0.15690305829048157
9291,0.15690305829048157
9292,0.15690305829048157
9293,0.15690305829048157
9294,0.15690305829048157
9295,0.15690305829048157
9296,0.15690305829048157
9297,0.15690305829048157
9298,0.15690305829048157
9299,0.15690305829048157
9300,0.15690305829048157
9301,0.15690305829048157
9302,0.15690305829048157
9303,0.15690305829048157
9304,0.15690305829048157
9305,0.15690305829048157
9306,0.15690305829048157
9307,0.15690305829048157
9308,0.15690305829048157
9309,0.15690305829048157
9310,0.15690305829048157
9311,0.15690305829048157
9312,0.15690305829048157
9313,0.15690305829048157
9314,0.15690305829048157
9315,0.15690305829048157
9316,0.15690305829048157
9317,0.15690305829048157
9318,0.15690305829048157
9319,0.15690305829048157
9320,0.15690305829048157
9321,0.15690305829048157
9322,0.15690305829048157
9323,0.15690305829048157
9324,0.15690305829048157
9325,0.15690305829048157
9326,0.15690305829048157
9327,0.15690305829048157
9328,0.15690305829048157
9329,0.15690305829048157
9330,0.15690305829048157
9331,0.15690305829048157
9332,0.15690305829048157
9333,0.15690305829048157
9334,0.15690305829048157
9335,0.15690305829048157
9336,0.15690305829048157
9337,0.15690305829048157
9338,0.15690305829048157
9339,0.15690305829048157
9340,0.15690305829048157
9341,0.15690305829048157
9342,0.15690305829048157
9343,0.15690305829048157
9344,0.15690305829048157
9345,0.15690305829048157
9346,0.15690305829048157
9347,0.15690305829048157
9348,0.15690305829048157
9349,0.15690305829048157
9350,0.15690305829048157
9351,0.15690305829048157
9352,0.15690305829048157
9353,0.15690305829048157
9354,0.15690305829048157
9355,0.15690305829048157
9356,0.15690305829048157
9357,0.15690305829048157
9358,0.15690305829048157
9359,0.15690305829048157
9360,0.15690305829048157
9361,0.15690305829048157
9362,0.15690305829048157
9363,0.15690305829048157
9364,0.15690305829048157
9365,0.15690305829048157
9366,0.15690305829048157
9367,0.15690305829048157
9368,0.15690305829048157
9369,0.15690305829048157
9370,0.15690305829048157
9371,0.15690305829048157
9372,0.15690305829048157
9373,0.15690305829048157
9374,0.15690305829048157
9375,0.15690305829048157
9376,0.15690305829048157
9377,0.15690305829048157
9378,0.15690305829048157
9379,0.15690305829048157
9380,0.15690305829048157
9381,0.15690305829048157
9382,0.15690305829048157
9383,0.15690305829048157
9384,0.15690305829048157
9385,0.15690305829048157
9386,0.15690305829048157
9387,0.15690305829048157
9388,0.15690305829048157
9389,0.15690305829048157
9390,0.15690305829048157
9391,0.15690305829048157
9392,0.15690305829048157
9393,0.15690305829048157
9394,0.15690305829048157
9395,0.15690305829048157
9396,0.15690305829048157
9397,0.15690305829048157
9398,0.15690305829048157
9399,0.15690305829048157
9400,0.15690305829048157
9401,0.15690305829048157
9402,0.15690305829048157
9403,0.15690305829048157
9404,0.15690305829048157
9405,0.15690305829048157
9406,0.15690305829048157
9407,0.15690305829048157
9408,0.15690305829048157
9409,0.15690305829048157
9410,0.15690305829048157
9411,0.15690305829048157
9412,0.15690305829048157
9413,0.15690305829048157
9414,0.15690305829048157
9415,0.15690305829048157
9416,0.15690305829048157
9417,0.15690305829048157
9418,0.15690305829048157
9419,0.15690305829048157
9420,0.15690305829048157
9421,0.15690305829048157
9422,0.15690305829048157
9423,0.15690305829048157
9424,0.15690305829048157
9425,0.15690305829048157
9426,0.15690305829048157
9427,0.15690305829048157
9428,0.15690305829048157
9429,0.15690305829048157
9430,0.15690305829048157
9431,0.15690305829048157
9432,0.15690305829048157
9433,0.15690305829048157
9434,0.15690305829048157
9435,0.15690305829048157
9436,0.15690305829048157
9437,0.15690305829048157
9438,0.15690305829048157
9439,0.15690305829048157
9440,0.15690305829048157
9441,0.15690305829048157
9442,0.15690305829048157
9443,0.15690305829048157
9444,0.15690305829048157
9445,0.15690305829048157
9446,0.15690305829048157
9447,0.15690305829048157
9448,0.15690305829048157
9449,0.15690305829048157
9450,0.15690305829048157
9451,0.15690305829048157
9452,0.15690305829048157
9453,0.15690305829048157
9454,0.15690305829048157
9455,0.15690305829048157
9456,0.15690305829048157
9457,0.15690305829048157
9458,0.15690305829048157
9459,0.15690305829048157
9460,0.15690305829048157
9461,0.15690305829048157
9462,0.15690305829048157
9463,0.15690305829048157
9464,0.15690305829048157
9465,0.15690305829048157
9466,0.15690305829048157
9467,0.15690305829048157
9468,0.15690305829048157
9469,0.15690305829048157
9470,0.15690305829048157
9471,0.15690305829048157
9472,0.15690305829048157
9473,0.15690305829048157
9474,0.15690305829048157
9475,0.15690305829048157
9476,0.15690305829048157
9477,0.15690305829048157
9478,0.15690305829048157
9479,0.15690305829048157
9480,0.15690305829048157
9481,0.15690305829048157
9482,0.15690305829048157
9483,0.15690305829048157
9484,0.15690305829048157
9485,0.15690305829048157
9486,0.15690305829048157
9487,0.15690305829048157
9488,0.15690305829048157
9489,0.15690305829048157
9490,0.15690305829048157
9491,0.15690305829048157
9492,0.15690305829048157
9493,0.15690305829048157
9494,0.15690305829048157
9495,0.15690305829048157
9496,0.15690305829048157
9497,0.15690305829048157
9498,0.15690305829048157
9499,0.15690305829048157
9500,0.15690305829048157
9501,0.15690305829048157
9502,0.15690305829048157
9503,0.15690305829048157
9504,0.15690305829048157
9505,0.15690305829048157
9506,0.15690305829048157
9507,0.15690305829048157
9508,0.15690305829048157
9509,0.15690305829048157
9510,0.15690305829048157
9511,0.15690305829048157
9512,0.15690305829048157
9513,0.15690305829048157
9514,0.15690305829048157
9515,0.15690305829048157
9516,0.15690305829048157
9517,0.15690305829048157
9518,0.15690305829048157
9519,0.15690305829048157
9520,0.15690305829048157
9521,0.15690305829048157
9522,0.15690305829048157
9523,0.15690305829048157
9524,0.15690305829048157
9525,0.15690305829048157
9526,0.15690305829048157
9527,0.15690305829048157
9528,0.15690305829048157
9529,0.15690305829048157
9530,0.15690305829048157
9531,0.15690305829048157
9532,0.15690305829048157
9533,0.15690305829048157
9534,0.15690305829048157
9535,0.15690305829048157
9536,0.15690305829048157
9537,0.15690305829048157
9538,0.15690305829048157
9539,0.15690305829048157
9540,0.15690305829048157
9541,0.15690305829048157
9542,0.15690305829048157
9543,0.15690305829048157
9544,0.15690305829048157
9545,0.15690305829048157
9546,0.15690305829048157
9547,0.15690305829048157
9548,0.15690305829048157
9549,0.15690305829048157
9550,0.15690305829048157
9551,0.15690305829048157
9552,0.15690305829048157
9553,0.15690305829048157
9554,0.15690305829048157
9555,0.15690305829048157
9556,0.15690305829048157
9557,0.15690305829048157
9558,0.15690305829048157
9559,0.15690305829048157
9560,0.15690305829048157
9561,0.15690305829048157
9562,0.15690305829048157
9563,0.15690305829048157
9564,0.15690305829048157
9565,0.15690305829048157
9566,0.15690305829048157
9567,0.15690305829048157
9568,0.15690305829048157
9569,0.15690305829048157
9570,0.15690305829048157
9571,0.15690305829048157
9572,0.15690305829048157
9573,0.15690305829048157
9574,0.15690305829048157
9575,0.15690305829048157
9576,0.15690305829048157
9577,0.15690305829048157
9578,0.15690305829048157
9579,0.15690305829048157
9580,0.15690305829048157
9581,0.15690305829048157
9582,0.15690305829048157
9583,0.15690305829048157
9584,0.15690305829048157
9585,0.15690305829048157
9586,0.15690305829048157
9587,0.15690305829048157
9588,0.15690305829048157
9589,0.15690305829048157
9590,0.15690305829048157
9591,0.15690305829048157
9592,0.15690305829048157
9593,0.15690305829048157
9594,0.15690305829048157
9595,0.15690305829048157
9596,0.15690305829048157
9597,0.15690305829048157
9598,0.15690305829048157
9599,0.15690305829048157
9600,0.15690305829048157
9601,0.15690305829048157
9602,0.15690305829048157
9603,0.15690305829048157
9604,0.15690305829048157
9605,0.15690305829048157
9606,0.15690305829048157
9607,0.15690305829048157
9608,0.15690305829048157
9609,0.15690305829048157
9610,0.15690305829048157
9611,0.15690305829048157
9612,0.15690305829048157
9613,0.15690305829048157
9614,0.15690305829048157
9615,0.15690305829048157
9616,0.15690305829048157
9617,0.15690305829048157
9618,0.15690305829048157
9619,0.15690305829048157
9620,0.15690305829048157
9621,0.15690305829048157
9622,0.15690305829048157
9623,0.15690305829048157
9624,0.15690305829048157
9625,0.15690305829048157
9626,0.15690305829048157
9627,0.15690305829048157
9628,0.15690305829048157
9629,0.15690305829048157
9630,0.15690305829048157
9631,0.15690305829048157
9632,0.15690305829048157
9633,0.15690305829048157
9634,0.15690305829048157
9635,0.15690305829048157
9636,0.15690305829048157
9637,0.15690305829048157
9638,0.15690305829048157
9639,0.15690305829048157
9640,0.15690305829048157
9641,0.15690305829048157
9642,0.15690305829048157
9643,0.15690305829048157
9644,0.15690305829048157
9645,0.15690305829048157
9646,0.15690305829048157
9647,0.15690305829048157
9648,0.15690305829048157
9649,0.15690305829048157
9650,0.15690305829048157
9651,0.15690305829048157
9652,0.15690305829048157
9653,0.15690305829048157
9654,0.15690305829048157
9655,0.15690305829048157
9656,0.15690305829048157
9657,0.15690305829048157
9658,0.15690305829048157
9659,0.15690305829048157
9660,0.15690305829048157
9661,0.15690305829048157
9662,0.15690305829048157
9663,0.15690305829048157
9664,0.15690305829048157
9665,0.15690305829048157
9666,0.15690305829048157
9667,0.15690305829048157
9668,0.15690305829048157
9669,0.15690305829048157
9670,0.15690305829048157
9671,0.15690305829048157
9672,0.15690305829048157
9673,0.15690305829048157
9674,0.15690305829048157
9675,0.15690305829048157
9676,0.15690305829048157
9677,0.15690305829048157
9678,0.15690305829048157
9679,0.15690305829048157
9680,0.15690305829048157
9681,0.15690305829048157
9682,0.15690305829048157
9683,0.15690305829048157
9684,0.15690305829048157
9685,0.15690305829048157
9686,0.15690305829048157
9687,0.15690305829048157
9688,0.15690305829048157
9689,0.15690305829048157
9690,0.15690305829048157
9691,0.15690305829048157
9692,0.15690305829048157
9693,0.15690305829048157
9694,0.15690305829048157
9695,0.15690305829048157
9696,0.15690305829048157
9697,0.15690305829048157
9698,0.15690305829048157
9699,0.15690305829048157
9700,0.15690305829048157
9701,0.15690305829048157
9702,0.15690305829048157
9703,0.15690305829048157
9704,0.15690305829048157
9705,0.15690305829048157
9706,0.15690305829048157
9707,0.15690305829048157
9708,0.15690305829048157
9709,0.15690305829048157
9710,0.15690305829048157
9711,0.15690305829048157
9712,0.15690305829048157
9713,0.15690305829048157
9714,0.15690305829048157
9715,0.15690305829048157
9716,0.15690305829048157
9717,0.15690305829048157
9718,0.15690305829048157
9719,0.15690305829048157
9720,0.15690305829048157
9721,0.15690305829048157
9722,0.15690305829048157
9723,0.15690305829048157
9724,0.15690305829048157
9725,0.15690305829048157
9726,0.15690305829048157
9727,0.15690305829048157
9728,0.15690305829048157
9729,0.15690305829048157
9730,0.15690305829048157
9731,0.15690305829048157
9732,0.15690305829048157
9733,0.15690305829048157
9734,0.15690305829048157
9735,0.15690305829048157
9736,0.15690305829048157
9737,0.15690305829048157
9738,0.15690305829048157
9739,0.15690305829048157
9740,0.15690305829048157
9741,0.15690305829048157
9742,0.15690305829048157
9743,0.15690305829048157
9744,0.15690305829048157
9745,0.15690305829048157
9746,0.15690305829048157
9747,0.15690305829048157
9748,0.15690305829048157
9749,0.15690305829048157
9750,0.15690305829048157
9751,0.15690305829048157
9752,0.15690305829048157
9753,0.15690305829048157
9754,0.15690305829048157
9755,0.15690305829048157
9756,0.15690305829048157
9757,0.15690305829048157
9758,0.15690305829048157
9759,0.15690305829048157
9760,0.15690305829048157
9761,0.15690305829048157
9762,0.15690305829048157
9763,0.15690305829048157
9764,0.15690305829048157
9765,0.15690305829048157
9766,0.15690305829048157
9767,0.15690305829048157
9768,0.15690305829048157
9769,0.15690305829048157
9770,0.15690305829048157
9771,0.15690305829048157
9772,0.15690305829048157
9773,0.15690305829048157
9774,0.15690305829048157
9775,0.15690305829048157
9776,0.15690305829048157
9777,0.15690305829048157
9778,0.15690305829048157
9779,0.15690305829048157
9780,0.15690305829048157
9781,0.15690305829048157
9782,0.15690305829048157
9783,0.15690305829048157
9784,0.15690305829048157
9785,0.15690305829048157
9786,0.15690305829048157
9787,0.15690305829048157
9788,0.15690305829048157
9789,0.15690305829048157
9790,0.15690305829048157
9791,0.15690305829048157
9792,0.15690305829048157
9793,0.15690305829048157
9794,0.15690305829048157
9795,0.15690305829048157
9796,0.15690305829048157
9797,0.15690305829048157
9798,0.15690305829048157
9799,0.15690305829048157
9800,0.15690305829048157
9801,0.15690305829048157
9802,0.15690305829048157
9803,0.15690305829048157
9804,0.15690305829048157
9805,0.15690305829048157
9806,0.15690305829048157
9807,0.15690305829048157
9808,0.15690305829048157
9809,0.15690305829048157
9810,0.15690305829048157
9811,0.15690305829048157
9812,0.15690305829048157
9813,0.15690305829048157
9814,0.15690305829048157
9815,0.15690305829048157
9816,0.15690305829048157
9817,0.15690305829048157
9818,0.15690305829048157
9819,0.15690305829048157
9820,0.15690305829048157
9821,0.15690305829048157
9822,0.15690305829048157
9823,0.15690305829048157
9824,0.15690305829048157
9825,0.15690305829048157
9826,0.15690305829048157
9827,0.15690305829048157
9828,0.15690305829048157
9829,0.15690305829048157
9830,0.15690305829048157
9831,0.15690305829048157
9832,0.15690305829048157
9833,0.15690305829048157
9834,0.15690305829048157
9835,0.15690305829048157
9836,0.15690305829048157
9837,0.15690305829048157
9838,0.15690305829048157
9839,0.15690305829048157
9840,0.15690305829048157
9841,0.15690305829048157
9842,0.15690305829048157
9843,0.15690305829048157
9844,0.15690305829048157
9845,0.15690305829048157
9846,0.15690305829048157
9847,0.15690305829048157
9848,0.15690305829048157
9849,0.15690305829048157
9850,0.15690305829048157
9851,0.15690305829048157
9852,0.15690305829048157
9853,0.15690305829048157
9854,0.15690305829048157
9855,0.15690305829048157
9856,0.15690305829048157
9857,0.15690305829048157
9858,0.15690305829048157
9859,0.15690305829048157
9860,0.15690305829048157
9861,0.15690305829048157
9862,0.15690305829048157
9863,0.15690305829048157
9864,0.15690305829048157
9865,0.15690305829048157
9866,0.15690305829048157
9867,0.15690305829048157
9868,0.15690305829048157
9869,0.15690305829048157
9870,0.15690305829048157
9871,0.15690305829048157
9872,0.15690305829048157
9873,0.15690305829048157
9874,0.15690305829048157
9875,0.15690305829048157
9876,0.15690305829048157
9877,0.15690305829048157
9878,0.15690305829048157
9879,0.15690305829048157
9880,0.15690305829048157
9881,0.15690305829048157
9882,0.15690305829048157
9883,0.15690305829048157
9884,0.15690305829048157
9885,0.15690305829048157
9886,0.15690305829048157
9887,0.15690305829048157
9888,0.15690305829048157
9889,0.15690305829048157
9890,0.15690305829048157
9891,0.15690305829048157
9892,0.15690305829048157
9893,0.15690305829048157
9894,0.15690305829048157
9895,0.15690305829048157
9896,0.15690305829048157
9897,0.15690305829048157
9898,0.15690305829048157
9899,0.15690305829048157
9900,0.15690305829048157
9901,0.15690305829048157
9902,0.15690305829048157
9903,0.15690305829048157
9904,0.15690305829048157
9905,0.15690305829048157
9906,0.15690305829048157
9907,0.15690305829048157
9908,0.15690305829048157
9909,0.15690305829048157
9910,0.15690305829048157
9911,0.15690305829048157
9912,0.15690305829048157
9913,0.15690305829048157
9914,0.15690305829048157
9915,0.15690305829048157
9916,0.15690305829048157
9917,0.15690305829048157
9918,0.15690305829048157
9919,0.15690305829048157
9920,0.15690305829048157
9921,0.15690305829048157
9922,0.15690305829048157
9923,0.15690305829048157
9924,0.15690305829048157
9925,0.15690305829048157
9926,0.15690305829048157
9927,0.15690305829048157
9928,0.15690305829048157
9929,0.15690305829048157
9930,0.15690305829048157
9931,0.15690305829048157
9932,0.15690305829048157
9933,0.15690305829048157
9934,0.15690305829048157
9935,0.15690305829048157
9936,0.15690305829048157
9937,0.15690305829048157
9938,0.15690305829048157
9939,0.15690305829048157
9940,0.15690305829048157
9941,0.15690305829048157
9942,0.15690305829048157
9943,0.15690305829048157
9944,0.15690305829048157
9945,0.15690305829048157
9946,0.15690305829048157
9947,0.15690305829048157
9948,0.15690305829048157
9949,0.15690305829048157
9950,0.15690305829048157
9951,0.15690305829048157
9952,0.15690305829048157
9953,0.15690305829048157
9954,0.15690305829048157
9955,0.15690305829048157
9956,0.15690305829048157
9957,0.15690305829048157
9958,0.15690305829048157
9959,0.15690305829048157
9960,0.15690305829048157
9961,0.15690305829048157
9962,0.15690305829048157
9963,0.15690305829048157
9964,0.15690305829048157
9965,0.15690305829048157
9966,0.15690305829048157
9967,0.15690305829048157
9968,0.15690305829048157
9969,0.15690305829048157
9970,0.15690305829048157
9971,0.15690305829048157
9972,0.15690305829048157
9973,0.15690305829048157
9974,0.15690305829048157
9975,0.15690305829048157
9976,0.15690305829048157
9977,0.15690305829048157
9978,0.15690305829048157
9979,0.15690305829048157
9980,0.15690305829048157
9981,0.15690305829048157
9982,0.15690305829048157
9983,0.15690305829048157
9984,0.15690305829048157
9985,0.15690305829048157
9986,0.15690305829048157
9987,0.15690305829048157
9988,0.15690305829048157
9989,0.15690305829048157
9990,0.15690305829048157
9991,0.15690305829048157
9992,0.15690305829048157
9993,0.15690305829048157
9994,0.15690305829048157
9995,0.15690305829048157
9996,0.15690305829048157
9997,0.15690305829048157
9998,0.15690305829048157
9999,0.15690305829048157
10000,0.15690305829048157
