epoch,loss
1,0.17480626702308655
2,0.1663239449262619
3,0.16231130063533783
4,0.16010360419750214
5,0.15881721675395966
6,0.15811879932880402
7,0.15774071216583252
8,0.15750163793563843
9,0.1573476940393448
10,0.1572396606206894
11,0.15717139840126038
12,0.15711607038974762
13,0.15707066655158997
14,0.1570330262184143
15,0.1570023149251938
16,0.15698522329330444
17,0.1569722443819046
18,0.15696145594120026
19,0.15695248544216156
20,0.1569449007511139
21,0.15693841874599457
22,0.15693292021751404
23,0.1569284051656723
24,0.1569247841835022
25,0.15692177414894104
26,0.15691910684108734
27,0.1569167524576187
28,0.15691468119621277
29,0.15691286325454712
30,0.15691125392913818
31,0.15690983831882477
32,0.1569085568189621
33,0.1569075882434845
34,0.15690679848194122
35,0.1569060981273651
36,0.15690544247627258
37,0.15690484642982483
38,0.15690430998802185
39,0.15690384805202484
40,0.1569034904241562
41,0.15690316259860992
42,0.15690301358699799
43,0.15690286457538605
44,0.1569027453660965
45,0.15690261125564575
46,0.1569025218486786
47,0.15690241754055023
48,0.15690234303474426
49,0.1569022536277771
50,0.15690219402313232
51,0.15690213441848755
52,0.15690208971500397
53,0.1569020301103592
54,0.15690197050571442
55,0.15690194070339203
56,0.15690189599990845
57,0.15690185129642487
58,0.15690182149410248
59,0.1569017618894577
60,0.15690173208713531
61,0.15690168738365173
62,0.15690165758132935
63,0.15690161287784576
64,0.15690158307552338
65,0.156901553273201
66,0.1569015234708786
67,0.1569014936685562
68,0.15690146386623383
69,0.15690143406391144
70,0.15690140426158905
71,0.15690138936042786
72,0.15690134465694427
73,0.1569013148546219
74,0.1569012999534607
75,0.1569012701511383
76,0.1569012701511383
77,0.15690124034881592
78,0.15690121054649353
79,0.15690119564533234
80,0.15690118074417114
81,0.15690115094184875
82,0.15690113604068756
83,0.15690110623836517
84,0.15690109133720398
85,0.15690109133720398
86,0.15690107643604279
87,0.1569010615348816
88,0.1569010466337204
89,0.1569010466337204
90,0.1569010615348816
91,0.1569010466337204
92,0.1569010317325592
93,0.1569010615348816
94,0.1569010317325592
95,0.1569010317325592
96,0.1569010317325592
97,0.1569010317325592
98,0.1569010317325592
99,0.1569010317325592
100,0.1569010317325592
101,0.156901016831398
102,0.1569010317325592
103,0.156901016831398
104,0.156901016831398
105,0.1569010317325592
106,0.156901016831398
107,0.15690100193023682
108,0.15690100193023682
109,0.15690100193023682
110,0.15690100193023682
111,0.15690100193023682
112,0.15690100193023682
113,0.15690100193023682
114,0.15690100193023682
115,0.15690100193023682
116,0.15690098702907562
117,0.15690098702907562
118,0.15690100193023682
119,0.15690097212791443
120,0.15690098702907562
121,0.15690097212791443
122,0.15690097212791443
123,0.15690097212791443
124,0.15690097212791443
125,0.15690097212791443
126,0.15690097212791443
127,0.15690095722675323
128,0.15690097212791443
129,0.15690097212791443
130,0.15690095722675323
131,0.15690095722675323
132,0.15690095722675323
133,0.15690095722675323
134,0.15690094232559204
135,0.15690094232559204
136,0.15690094232559204
137,0.15690094232559204
138,0.15690094232559204
139,0.15690094232559204
140,0.15690094232559204
141,0.15690092742443085
142,0.15690094232559204
143,0.15690091252326965
144,0.15690091252326965
145,0.15690091252326965
146,0.15690091252326965
147,0.15690091252326965
148,0.15690091252326965
149,0.15690091252326965
150,0.15690091252326965
151,0.15690091252326965
152,0.15690089762210846
153,0.15690089762210846
154,0.15690089762210846
155,0.15690088272094727
156,0.15690088272094727
157,0.15690088272094727
158,0.15690088272094727
159,0.15690088272094727
160,0.15690088272094727
161,0.15690088272094727
162,0.15690088272094727
163,0.15690086781978607
164,0.15690086781978607
165,0.15690086781978607
166,0.15690085291862488
167,0.15690085291862488
168,0.15690085291862488
169,0.15690085291862488
170,0.15690085291862488
171,0.15690085291862488
172,0.15690083801746368
173,0.15690085291862488
174,0.15690083801746368
175,0.15690083801746368
176,0.1569008231163025
177,0.1569008231163025
178,0.1569008231163025
179,0.1569008231163025
180,0.1569008082151413
181,0.1569008231163025
182,0.1569008082151413
183,0.1569008082151413
184,0.1569007933139801
185,0.1569007933139801
186,0.1569007933139801
187,0.1569007933139801
188,0.1569007933139801
189,0.1569007784128189
190,0.1569007933139801
191,0.15690076351165771
192,0.15690076351165771
193,0.15690076351165771
194,0.15690076351165771
195,0.15690076351165771
196,0.15690076351165771
197,0.15690076351165771
198,0.15690074861049652
199,0.15690074861049652
200,0.15690073370933533
201,0.15690073370933533
202,0.15690073370933533
203,0.15690073370933533
204,0.15690070390701294
205,0.15690070390701294
206,0.15690070390701294
207,0.15690068900585175
208,0.15690068900585175
209,0.15690068900585175
210,0.15690070390701294
211,0.15690067410469055
212,0.15690067410469055
213,0.15690065920352936
214,0.15690065920352936
215,0.15690065920352936
216,0.15690065920352936
217,0.15690065920352936
218,0.15690065920352936
219,0.15690065920352936
220,0.15690064430236816
221,0.15690064430236816
222,0.15690062940120697
223,0.15690062940120697
224,0.15690062940120697
225,0.15690062940120697
226,0.15690061450004578
227,0.15690059959888458
228,0.15690059959888458
229,0.15690059959888458
230,0.1569005846977234
231,0.15690059959888458
232,0.1569005846977234
233,0.1569005697965622
234,0.1569005697965622
235,0.1569005697965622
236,0.1569005697965622
237,0.1569005697965622
238,0.156900554895401
239,0.156900554895401
240,0.1569005399942398
241,0.1569005399942398
242,0.1569005399942398
243,0.1569005250930786
244,0.1569005250930786
245,0.15690051019191742
246,0.15690051019191742
247,0.15690051019191742
248,0.15690049529075623
249,0.15690049529075623
250,0.15690048038959503
251,0.15690048038959503
252,0.15690048038959503
253,0.15690046548843384
254,0.15690046548843384
255,0.15690045058727264
256,0.15690045058727264
257,0.15690045058727264
258,0.15690043568611145
259,0.15690042078495026
260,0.15690042078495026
261,0.15690042078495026
262,0.15690040588378906
263,0.15690040588378906
264,0.15690039098262787
265,0.15690039098262787
266,0.15690037608146667
267,0.15690037608146667
268,0.15690036118030548
269,0.15690036118030548
270,0.1569003462791443
271,0.15690036118030548
272,0.1569003313779831
273,0.1569003313779831
274,0.1569003313779831
275,0.1569003164768219
276,0.1569003015756607
277,0.1569003015756607
278,0.1569003015756607
279,0.1569002866744995
280,0.15690027177333832
281,0.15690027177333832
282,0.15690027177333832
283,0.15690024197101593
284,0.15690024197101593
285,0.15690024197101593
286,0.15690024197101593
287,0.15690022706985474
288,0.15690021216869354
289,0.15690021216869354
290,0.15690019726753235
291,0.15690018236637115
292,0.15690018236637115
293,0.15690018236637115
294,0.15690016746520996
295,0.15690015256404877
296,0.15690015256404877
297,0.15690013766288757
298,0.15690012276172638
299,0.15690012276172638
300,0.15690010786056519
301,0.1569000780582428
302,0.1569000780582428
303,0.1569000631570816
304,0.1569000482559204
305,0.1569000482559204
306,0.15690003335475922
307,0.15690001845359802
308,0.15690001845359802
309,0.15690000355243683
310,0.15689998865127563
311,0.15689998865127563
312,0.15689995884895325
313,0.15689995884895325
314,0.15689995884895325
315,0.15689992904663086
316,0.15689992904663086
317,0.15689991414546967
318,0.15689989924430847
319,0.15689989924430847
320,0.15689988434314728
321,0.1568998545408249
322,0.15689986944198608
323,0.1568998396396637
324,0.1568998247385025
325,0.1568998247385025
326,0.1568998098373413
327,0.15689979493618011
328,0.15689978003501892
329,0.15689976513385773
330,0.15689975023269653
331,0.15689973533153534
332,0.15689972043037415
333,0.15689970552921295
334,0.15689970552921295
335,0.15689969062805176
336,0.15689966082572937
337,0.15689964592456818
338,0.15689963102340698
339,0.1568996161222458
340,0.1568996012210846
341,0.1568995863199234
342,0.1568995714187622
343,0.15689954161643982
344,0.15689954161643982
345,0.15689951181411743
346,0.15689951181411743
347,0.15689948201179504
348,0.15689946711063385
349,0.15689943730831146
350,0.15689940750598907
351,0.15689940750598907
352,0.1568993777036667
353,0.1568993628025055
354,0.1568993330001831
355,0.1568993180990219
356,0.15689930319786072
357,0.15689928829669952
358,0.15689925849437714
359,0.15689922869205475
360,0.15689921379089355
361,0.15689919888973236
362,0.15689916908740997
363,0.15689915418624878
364,0.15689913928508759
365,0.156899094581604
366,0.1568990796804428
367,0.15689904987812042
368,0.15689902007579803
369,0.15689902007579803
370,0.15689897537231445
371,0.15689896047115326
372,0.15689891576766968
373,0.1568988859653473
374,0.1568988710641861
375,0.15689882636070251
376,0.15689878165721893
377,0.15689873695373535
378,0.15689870715141296
379,0.15689869225025177
380,0.1568986475467682
381,0.1568986177444458
382,0.15689855813980103
383,0.15689852833747864
384,0.15689849853515625
385,0.15689846873283386
386,0.15689842402935028
387,0.1568983793258667
388,0.15689833462238312
389,0.15689827501773834
390,0.15689823031425476
391,0.1568981558084488
392,0.1568981260061264
393,0.15689806640148163
394,0.15689800679683685
395,0.15689794719219208
396,0.1568978875875473
397,0.15689782798290253
398,0.15689775347709656
399,0.1568976789712906
400,0.1568976193666458
401,0.15689751505851746
402,0.1568974256515503
403,0.15689733624458313
404,0.15689724683761597
405,0.1568971574306488
406,0.15689703822135925
407,0.1568969488143921
408,0.15689681470394135
409,0.1568966954946518
410,0.15689654648303986
411,0.15689630806446075
412,0.1568932980298996
413,0.1568892002105713
414,0.156887948513031
415,0.15688547492027283
416,0.1568843126296997
417,0.1568814069032669
418,0.15687666833400726
419,0.15687121450901031
420,0.1568610817193985
421,0.15684081614017487
422,0.15678802132606506
423,0.15646962821483612
424,0.15459227561950684
425,0.14581191539764404
426,0.10798635333776474
427,0.09406784176826477
428,0.08280915766954422
429,0.09921683371067047
430,0.08913441002368927
431,0.06237535923719406
432,0.08859367668628693
433,0.058423805981874466
434,0.07117456197738647
435,0.07287830114364624
436,0.0659438967704773
437,0.05620790645480156
438,0.05413733422756195
439,0.05768878757953644
440,0.04767336696386337
441,0.0480654202401638
442,0.047489460557699203
443,0.04111215099692345
444,0.04078932851552963
445,0.03759840503334999
446,0.03577345982193947
447,0.03618766739964485
448,0.03324063494801521
449,0.03680429235100746
450,0.03656262904405594
451,0.037173546850681305
452,0.03290631249547005
453,0.03516755625605583
454,0.03269986808300018
455,0.033706918358802795
456,0.029720375314354897
457,0.03344985097646713
458,0.02968670427799225
459,0.0316157229244709
460,0.03144807368516922
461,0.030076509341597557
462,0.03154690936207771
463,0.029498958960175514
464,0.02955966256558895
465,0.029128916561603546
466,0.027969518676400185
467,0.028774859383702278
468,0.027468422427773476
469,0.02805653028190136
470,0.027111873030662537
471,0.027384815737605095
472,0.0261525996029377
473,0.02600891888141632
474,0.024954797700047493
475,0.0247160866856575
476,0.02364460378885269
477,0.02333586849272251
478,0.02257242612540722
479,0.022497892379760742
480,0.021891074255108833
481,0.021906260401010513
482,0.021815525367856026
483,0.021749520674347878
484,0.021854477003216743
485,0.021609658375382423
486,0.02151184342801571
487,0.021346325054764748
488,0.02102552354335785
489,0.02098574861884117
490,0.020758740603923798
491,0.020517731085419655
492,0.020451141521334648
493,0.020166628062725067
494,0.02005128748714924
495,0.020009219646453857
496,0.019872883334755898
497,0.019859401509165764
498,0.019825389608740807
499,0.0197081808000803
500,0.01965973898768425
501,0.019567713141441345
502,0.01944340579211712
503,0.019348235800862312
504,0.019252857193350792
505,0.01912413351237774
506,0.01901792362332344
507,0.018929027020931244
508,0.0188213512301445
509,0.01871734857559204
510,0.018640777096152306
511,0.01856899820268154
512,0.01847129687666893
513,0.018373951315879822
514,0.018281986936926842
515,0.018191080540418625
516,0.018093422055244446
517,0.017980048432946205
518,0.01787438802421093
519,0.017780790105462074
520,0.0176983792334795
521,0.01763022318482399
522,0.0175691656768322
523,0.017535697668790817
524,0.01751171238720417
525,0.01763264089822769
526,0.017564838752150536
527,0.01770365610718727
528,0.01726020686328411
529,0.016996853053569794
530,0.016900265589356422
531,0.01694076880812645
532,0.01703908108174801
533,0.01682594045996666
534,0.016648566350340843
535,0.01652851328253746
536,0.016537699848413467
537,0.01659201830625534
538,0.016484584659337997
539,0.016361134126782417
540,0.016285482794046402
541,0.016288794577121735
542,0.01630471460521221
543,0.016230231150984764
544,0.016140425577759743
545,0.016077563166618347
546,0.016043609008193016
547,0.015989597886800766
548,0.015878645703196526
549,0.015782341361045837
550,0.015689630061388016
551,0.01562683656811714
552,0.015570065006613731
553,0.015475396998226643
554,0.015349632129073143
555,0.015175003558397293
556,0.015032968483865261
557,0.014908351935446262
558,0.01482270285487175
559,0.014752145856618881
560,0.01465852651745081
561,0.014547589235007763
562,0.014436015859246254
563,0.01432754471898079
564,0.014216838404536247
565,0.014102962799370289
566,0.013988429680466652
567,0.01386337447911501
568,0.013732528313994408
569,0.013596711680293083
570,0.013491830788552761
571,0.013383004814386368
572,0.013288972899317741
573,0.013208665885031223
574,0.013247898779809475
575,0.013192364014685154
576,0.013201029039919376
577,0.01278574950993061
578,0.012472078204154968
579,0.012302848510444164
580,0.012265389785170555
581,0.012302147224545479
582,0.012221994809806347
583,0.012173074297606945
584,0.01187905389815569
585,0.011665078811347485
586,0.011557030491530895
587,0.011577538214623928
588,0.011780820786952972
589,0.012267195619642735
590,0.014251377433538437
591,0.012290899641811848
592,0.01155373640358448
593,0.011831212788820267
594,0.01203212235122919
595,0.011690656654536724
596,0.01126247551292181
597,0.011788160540163517
598,0.012309163808822632
599,0.011220303364098072
600,0.012103389948606491
601,0.013310658745467663
602,0.011173219420015812
603,0.013399135321378708
604,0.01498721819370985
605,0.012119204737246037
606,0.017638809978961945
607,0.015507909469306469
608,0.016271498054265976
609,0.0128462640568614
610,0.013554786331951618
611,0.01413476187735796
612,0.013894784264266491
613,0.012510017491877079
614,0.012057555839419365
615,0.012793220579624176
616,0.012244916521012783
617,0.012277508154511452
618,0.011175815016031265
619,0.011865297332406044
620,0.011243096552789211
621,0.011681986041367054
622,0.010856796987354755
623,0.011338355019688606
624,0.010923497378826141
625,0.011236434802412987
626,0.010793443769216537
627,0.011061390861868858
628,0.010782395489513874
629,0.010983148589730263
630,0.010698620229959488
631,0.010888549499213696
632,0.010667874477803707
633,0.010844675824046135
634,0.01062907837331295
635,0.01076644379645586
636,0.01060474757105112
637,0.01071886345744133
638,0.010582164861261845
639,0.010665453970432281
640,0.010557509027421474
641,0.0106295645236969
642,0.010536635294556618
643,0.010584809817373753
644,0.0105168791487813
645,0.010553923435509205
646,0.01050454843789339
647,0.010525941848754883
648,0.010489432141184807
649,0.010501714423298836
650,0.01047529187053442
651,0.010477475821971893
652,0.01046123169362545
653,0.010456236079335213
654,0.010448640212416649
655,0.010438347235321999
656,0.01043729204684496
657,0.010423598811030388
658,0.010423299856483936
659,0.010408787056803703
660,0.01041045505553484
661,0.010395685210824013
662,0.010395843535661697
663,0.010382911190390587
664,0.010383655317127705
665,0.010372507385909557
666,0.010370693169534206
667,0.010360845364630222
668,0.010359149426221848
669,0.010350480675697327
670,0.010346658527851105
671,0.010340823791921139
672,0.010337239131331444
673,0.010330930352210999
674,0.010325252078473568
675,0.010319722816348076
676,0.01031503826379776
677,0.010310566984117031
678,0.01030519139021635
679,0.010300485417246819
680,0.010294605046510696
681,0.010289939120411873
682,0.010285202413797379
683,0.010281331837177277
684,0.010276244021952152
685,0.010271974839270115
686,0.010266109369695187
687,0.010261830873787403
688,0.010257551446557045
689,0.010253488086163998
690,0.010248646140098572
691,0.010243671014904976
692,0.01023916620761156
693,0.01023529190570116
694,0.010230409912765026
695,0.010226288810372353
696,0.01022216398268938
697,0.01021792832762003
698,0.010213430970907211
699,0.010209587402641773
700,0.01020559947937727
701,0.010201110504567623
702,0.010197353549301624
703,0.010193713940680027
704,0.010189342312514782
705,0.010185197927057743
706,0.01018161978572607
707,0.010177575051784515
708,0.010173476301133633
709,0.010169724002480507
710,0.010166056454181671
711,0.010162307880818844
712,0.010158462449908257
713,0.010154618881642818
714,0.010151123628020287
715,0.01014720369130373
716,0.010143556632101536
717,0.010139855556190014
718,0.010136052034795284
719,0.010132682509720325
720,0.010128818452358246
721,0.010125327855348587
722,0.010121556930243969
723,0.010118192061781883
724,0.01011460367590189
725,0.0101108243688941
726,0.010107534937560558
727,0.010103760287165642
728,0.010100376792252064
729,0.010096522979438305
730,0.01009276881814003
731,0.010089137591421604
732,0.010085439309477806
733,0.01008157804608345
734,0.010077147744596004
735,0.010072847828269005
736,0.010068491101264954
737,0.01006424892693758
738,0.010060535743832588
739,0.01005637552589178
740,0.010052420198917389
741,0.01004833821207285
742,0.010044660419225693
743,0.010040409862995148
744,0.010036774910986423
745,0.010032561607658863
746,0.010028742253780365
747,0.010025189258158207
748,0.010021377354860306
749,0.010017846710979939
750,0.010014308616518974
751,0.010010555386543274
752,0.01000694278627634
753,0.010003297589719296
754,0.00999966450035572
755,0.009996077045798302
756,0.00999247096478939
757,0.009988806210458279
758,0.009985378943383694
759,0.009981811977922916
760,0.00997823104262352
761,0.009974805638194084
762,0.00997124332934618
763,0.009967831894755363
764,0.00996436271816492
765,0.009960953146219254
766,0.009957559406757355
767,0.009954139590263367
768,0.009950809180736542
769,0.00994741078466177
770,0.009944083169102669
771,0.009940718300640583
772,0.009937377646565437
773,0.00993407890200615
774,0.009930727072060108
775,0.009927436709403992
776,0.009924126788973808
777,0.009920832701027393
778,0.009917545132339
779,0.009914250113070011
780,0.009910971857607365
781,0.009907758794724941
782,0.009904439561069012
783,0.009901158511638641
784,0.009897866286337376
785,0.009894583374261856
786,0.009891240857541561
787,0.009887888096272945
788,0.009884525090456009
789,0.009881199337542057
790,0.009877849370241165
791,0.009874552488327026
792,0.009871251881122589
793,0.00986793264746666
794,0.00986465997993946
795,0.009861360304057598
796,0.009858082048594952
797,0.009854888543486595
798,0.009851726703345776
799,0.009848563931882381
800,0.009845424443483353
801,0.009842303581535816
802,0.009839174337685108
803,0.009836127050220966
804,0.00983310304582119
805,0.009830083698034286
806,0.009827090427279472
807,0.009824076667428017
808,0.009821074083447456
809,0.009818104095757008
810,0.009815150871872902
811,0.009812208823859692
812,0.009809284470975399
813,0.009806363843381405
814,0.009803451597690582
815,0.009800578467547894
816,0.0097977165132761
817,0.009794855490326881
818,0.009792003780603409
819,0.009789155796170235
820,0.009786330163478851
821,0.009783507324755192
822,0.009780680760741234
823,0.009777859784662724
824,0.009775047190487385
825,0.00977223739027977
826,0.009769403375685215
827,0.009766514413058758
828,0.009763612411916256
829,0.009760669432580471
830,0.009757719933986664
831,0.009754774160683155
832,0.009751822799444199
833,0.009748863987624645
834,0.009745899587869644
835,0.00974290445446968
836,0.00973990373313427
837,0.009736966341733932
838,0.009734059683978558
839,0.009731154888868332
840,0.009728247299790382
841,0.009725362062454224
842,0.009722461923956871
843,0.009719572961330414
844,0.009716694243252277
845,0.00971381925046444
846,0.009710983373224735
847,0.009708166122436523
848,0.009705361910164356
849,0.009702542796730995
850,0.009699725545942783
851,0.00969691202044487
852,0.009694096632301807
853,0.009691274724900723
854,0.00968845933675766
855,0.009685636498034
856,0.009682778269052505
857,0.009676334448158741
858,0.009668814949691296
859,0.00966261699795723
860,0.009655877016484737
861,0.00964908767491579
862,0.009645515121519566
863,0.009642049670219421
864,0.009635845199227333
865,0.00962892360985279
866,0.009626992046833038
867,0.009622185491025448
868,0.009616672061383724
869,0.00961396936327219
870,0.009612254798412323
871,0.00962014589458704
872,0.009631633758544922
873,0.009648900479078293
874,0.009619049727916718
875,0.009594175033271313
876,0.009581683203577995
877,0.009583760984241962
878,0.009581153281033039
879,0.009566739201545715
880,0.009559309110045433
881,0.009558252058923244
882,0.009547366760671139
883,0.009539039805531502
884,0.009537611156702042
885,0.009531772695481777
886,0.00952281802892685
887,0.009518679231405258
888,0.009516018442809582
889,0.009510524570941925
890,0.009503932669758797
891,0.00949874334037304
892,0.009495263919234276
893,0.009491830132901669
894,0.009487152099609375
895,0.009481222368776798
896,0.009476512670516968
897,0.009472593665122986
898,0.009468264877796173
899,0.009463491849601269
900,0.009458010084927082
901,0.009452431462705135
902,0.009447721764445305
903,0.009443650022149086
904,0.009439326822757721
905,0.009434058330953121
906,0.009428507648408413
907,0.009423204697668552
908,0.009418602101504803
909,0.00941442046314478
910,0.009410175494849682
911,0.00940576009452343
912,0.009401094168424606
913,0.009396339766681194
914,0.009391744621098042
915,0.009387020021677017
916,0.009382238611578941
917,0.00937698781490326
918,0.009371092543005943
919,0.0093633271753788
920,0.009355156682431698
921,0.009347064420580864
922,0.009339351207017899
923,0.009331593289971352
924,0.009323423728346825
925,0.009315421804785728
926,0.009308543987572193
927,0.009302008897066116
928,0.009297705255448818
929,0.009297274984419346
930,0.009319272823631763
931,0.009359916672110558
932,0.009590753354132175
933,0.009524671360850334
934,0.009633773937821388
935,0.009290730580687523
936,0.009324091486632824
937,0.009585997089743614
938,0.00933180470019579
939,0.009210243821144104
940,0.009294944815337658
941,0.009279456920921803
942,0.009213483892381191
943,0.009189958684146404
944,0.009232205338776112
945,0.009201872162520885
946,0.009159160777926445
947,0.009180138818919659
948,0.009188426658511162
949,0.009130142629146576
950,0.009133207611739635
951,0.00914340652525425
952,0.009105382487177849
953,0.009089269675314426
954,0.009092088788747787
955,0.009079240262508392
956,0.00906173326075077
957,0.009053894318640232
958,0.009047748520970345
959,0.009034465998411179
960,0.009024008177220821
961,0.009019548073410988
962,0.0090138278901577
963,0.009001708589494228
964,0.008990111760795116
965,0.00898173451423645
966,0.00897335633635521
967,0.00896439515054226
968,0.008953317999839783
969,0.00894199125468731
970,0.008929405361413956
971,0.008917754516005516
972,0.008903749287128448
973,0.008890269324183464
974,0.008878517895936966
975,0.008867347612977028
976,0.008854547515511513
977,0.008841903880238533
978,0.00882912240922451
979,0.008815314620733261
980,0.008799906820058823
981,0.008784403093159199
982,0.008767522871494293
983,0.008749598637223244
984,0.00873158872127533
985,0.008716396056115627
986,0.008702848106622696
987,0.008685366250574589
988,0.00867003109306097
989,0.008655762299895287
990,0.008641116321086884
991,0.008624347858130932
992,0.008606125600636005
993,0.008588723838329315
994,0.008572368882596493
995,0.008560842834413052
996,0.008552593179047108
997,0.0085451640188694
998,0.00854172557592392
999,0.008538978174328804
1000,0.008537870831787586
1001,0.00855852011591196
1002,0.00861674826592207
1003,0.008841785602271557
1004,0.009207778610289097
1005,0.010684411972761154
1006,0.00908765010535717
1007,0.008711051195859909
1008,0.008542372845113277
1009,0.00893309060484171
1010,0.009189299307763577
1011,0.008821127004921436
1012,0.008786176331341267
1013,0.008436759933829308
1014,0.008726482279598713
1015,0.008897464722394943
1016,0.008639253675937653
1017,0.008578312583267689
1018,0.008529084734618664
1019,0.008693247102200985
1020,0.008514076471328735
1021,0.008384224027395248
1022,0.008488718420267105
1023,0.008440549485385418
1024,0.00842775497585535
1025,0.008379194885492325
1026,0.008311479352414608
1027,0.00838473904877901
1028,0.008366437628865242
1029,0.008357089012861252
1030,0.008314531296491623
1031,0.008268768899142742
1032,0.008311575278639793
1033,0.008279070258140564
1034,0.008269749581813812
1035,0.008243532851338387
1036,0.008232210762798786
1037,0.008241643197834492
1038,0.008225799538195133
1039,0.008224052377045155
1040,0.008203291334211826
1041,0.008197547867894173
1042,0.008195602335035801
1043,0.008186303079128265
1044,0.008182588964700699
1045,0.008168330416083336
1046,0.008164238184690475
1047,0.00815781019628048
1048,0.008152497932314873
1049,0.008146990090608597
1050,0.00813767034560442
1051,0.008133440278470516
1052,0.00812704861164093
1053,0.008121534250676632
1054,0.0081147076562047
1055,0.008106685243546963
1056,0.008100989274680614
1057,0.008094033226370811
1058,0.008088302798569202
1059,0.008081482723355293
1060,0.008075176738202572
1061,0.008068161085247993
1062,0.008061248809099197
1063,0.008054714649915695
1064,0.008047683164477348
1065,0.008041298016905785
1066,0.008034939877688885
1067,0.008029896765947342
1068,0.008024781942367554
1069,0.00801937561482191
1070,0.008013729006052017
1071,0.008007814176380634
1072,0.008002202026546001
1073,0.007996656000614166
1074,0.007991169579327106
1075,0.007985570468008518
1076,0.00797970313578844
1077,0.00797423068434
1078,0.007968704216182232
1079,0.007963567972183228
1080,0.007958409376442432
1081,0.007953434251248837
1082,0.007947984151542187
1083,0.007942643947899342
1084,0.007937385700643063
1085,0.007932180538773537
1086,0.007927104830741882
1087,0.007922034710645676
1088,0.007916982285678387
1089,0.007911961525678635
1090,0.007907342165708542
1091,0.007902446202933788
1092,0.007897616364061832
1093,0.007893151603639126
1094,0.007888820953667164
1095,0.007884535007178783
1096,0.00788029097020626
1097,0.007876040413975716
1098,0.00787176750600338
1099,0.007867526262998581
1100,0.007863301783800125
1101,0.007859169505536556
1102,0.00785515084862709
1103,0.007851064205169678
1104,0.007847040891647339
1105,0.00784300547093153
1106,0.007839038036763668
1107,0.00783524103462696
1108,0.007831403985619545
1109,0.00782768428325653
1110,0.007823852822184563
1111,0.007820099592208862
1112,0.007816395722329617
1113,0.007812689058482647
1114,0.007808915339410305
1115,0.007805274799466133
1116,0.007801633793860674
1117,0.007797855883836746
1118,0.007794376462697983
1119,0.0077908714301884174
1120,0.007787312380969524
1121,0.007783666718751192
1122,0.007780015002936125
1123,0.0077765705063939095
1124,0.007773169316351414
1125,0.007769641932100058
1126,0.007765990681946278
1127,0.00776247400790453
1128,0.007759018335491419
1129,0.007755514234304428
1130,0.007751921657472849
1131,0.007748629432171583
1132,0.007745320443063974
1133,0.007741933222860098
1134,0.007738460786640644
1135,0.007735009305179119
1136,0.007731757126748562
1137,0.007728450931608677
1138,0.007724979426711798
1139,0.00772142643108964
1140,0.007718081586062908
1141,0.007714723236858845
1142,0.007711336947977543
1143,0.007708074990659952
1144,0.007704735733568668
1145,0.007701392751187086
1146,0.007698133587837219
1147,0.007694809697568417
1148,0.0076914443634450436
1149,0.007688097655773163
1150,0.007684910669922829
1151,0.007681698072701693
1152,0.007678462192416191
1153,0.0076753864996135235
1154,0.007672312669456005
1155,0.007669249549508095
1156,0.007666200865060091
1157,0.007663166616111994
1158,0.00766013516113162
1159,0.007657086011022329
1160,0.007654085289686918
1161,0.007651031482964754
1162,0.007647987920790911
1163,0.007644963916391134
1164,0.0076418532989919186
1165,0.007638700306415558
1166,0.007635639514774084
1167,0.007632644847035408
1168,0.007629392668604851
1169,0.00762614281848073
1170,0.007622959092259407
1171,0.007619863376021385
1172,0.007616868708282709
1173,0.007613864727318287
1174,0.0076109315268695354
1175,0.007608089130371809
1176,0.007605351507663727
1177,0.007602636236697435
1178,0.007599853910505772
1179,0.007597062271088362
1180,0.007594270631670952
1181,0.007591519970446825
1182,0.007588807959109545
1183,0.007586128544062376
1184,0.0075834281742572784
1185,0.007580894511193037
1186,0.007578532211482525
1187,0.0075764828361570835
1188,0.0075748395174741745
1189,0.007574405986815691
1190,0.00757592311128974
1191,0.0075835054740309715
1192,0.007605287246406078
1193,0.0076962681487202644
1194,0.008085500448942184
1195,0.010237440466880798
1196,0.011493407189846039
1197,0.018724078312516212
1198,0.011929304338991642
1199,0.01736515760421753
1200,0.02182397060096264
1201,0.015557408332824707
1202,0.023953108116984367
1203,0.01939578540623188
1204,0.03016076609492302
1205,0.027329422533512115
1206,0.01927899196743965
1207,0.020284732803702354
1208,0.016310878098011017
1209,0.019682252779603004
1210,0.020181013271212578
1211,0.013874545693397522
1212,0.0118897445499897
1213,0.014575843699276447
1214,0.014108221046626568
1215,0.011638120748102665
1216,0.01579182967543602
1217,0.009629705920815468
1218,0.01250334270298481
1219,0.013353223912417889
1220,0.010224721394479275
1221,0.010342659428715706
1222,0.011017688550055027
1223,0.010272004641592503
1224,0.009372991509735584
1225,0.010965842753648758
1226,0.00866727251559496
1227,0.009546967223286629
1228,0.00998696405440569
1229,0.008630047552287579
1230,0.009265189990401268
1231,0.009054501540958881
1232,0.00869995541870594
1233,0.008608374744653702
1234,0.008961427956819534
1235,0.008151895366609097
1236,0.00867417361587286
1237,0.008462602272629738
1238,0.008092624135315418
1239,0.00854217167943716
1240,0.008175903931260109
1241,0.008233612403273582
1242,0.008293982595205307
1243,0.00812314823269844
1244,0.008089790120720863
1245,0.008241159841418266
1246,0.007942751049995422
1247,0.008165794424712658
1248,0.007979837246239185
1249,0.00799632165580988
1250,0.008011057041585445
1251,0.00793615635484457
1252,0.00791323371231556
1253,0.007955090142786503
1254,0.007823528721928596
1255,0.007923746481537819
1256,0.007829971611499786
1257,0.007842136546969414
1258,0.007845102809369564
1259,0.007802295498549938
1260,0.007812032010406256
1261,0.007807573769241571
1262,0.007763586938381195
1263,0.007797731552273035
1264,0.0077495211735367775
1265,0.007763704285025597
1266,0.007752818055450916
1267,0.007737180218100548
1268,0.007741240318864584
1269,0.007733137346804142
1270,0.007721414789557457
1271,0.007731422316282988
1272,0.007708861958235502
1273,0.007716896943747997
1274,0.007705602794885635
1275,0.0077004628255963326
1276,0.007699604146182537
1277,0.007690404076129198
1278,0.007687666453421116
1279,0.007685803342610598
1280,0.007677578367292881
1281,0.007679809350520372
1282,0.007671014871448278
1283,0.007670280057936907
1284,0.007665689568966627
1285,0.007660493720322847
1286,0.007659187540411949
1287,0.007653724402189255
1288,0.007649750914424658
1289,0.007646543905138969
1290,0.007639588322490454
1291,0.007635659538209438
1292,0.007629691157490015
1293,0.0076234000734984875
1294,0.007618002127856016
1295,0.0076086013577878475
1296,0.007601928897202015
1297,0.007594570051878691
1298,0.0075867013074457645
1299,0.007580871228128672
1300,0.007574602961540222
1301,0.007569815497845411
1302,0.00756582897156477
1303,0.007561449892818928
1304,0.0075590722262859344
1305,0.0075560929253697395
1306,0.007554033305495977
1307,0.007552072871476412
1308,0.007549561560153961
1309,0.0075477007776498795
1310,0.007545298431068659
1311,0.007542971055954695
1312,0.007540531922131777
1313,0.007537652738392353
1314,0.007535101845860481
1315,0.0075322287157177925
1316,0.007529599592089653
1317,0.0075270975939929485
1318,0.007524332031607628
1319,0.007521922700107098
1320,0.007519271224737167
1321,0.007517063990235329
1322,0.007514924742281437
1323,0.007512748707085848
1324,0.007510706782341003
1325,0.007508593611419201
1326,0.007506588939577341
1327,0.007504648063331842
1328,0.0075026825070381165
1329,0.00750100938603282
1330,0.007499202154576778
1331,0.007497366983443499
1332,0.007495462894439697
1333,0.007493705954402685
1334,0.007491941563785076
1335,0.00749016460031271
1336,0.007488388102501631
1337,0.007486638613045216
1338,0.007484834641218185
1339,0.007483081892132759
1340,0.007481299806386232
1341,0.007479563821107149
1342,0.007477825041860342
1343,0.0074761612340807915
1344,0.007474400103092194
1345,0.00747268833220005
1346,0.007471014745533466
1347,0.007469382137060165
1348,0.0074677360244095325
1349,0.007466121111065149
1350,0.007464501541107893
1351,0.007462932728230953
1352,0.007461315952241421
1353,0.007459727115929127
1354,0.007458196487277746
1355,0.007456670980900526
1356,0.00745516549795866
1357,0.007453657686710358
1358,0.007452189456671476
1359,0.007450697012245655
1360,0.007449228782206774
1361,0.007447801996022463
1362,0.007446354255080223
1363,0.007444932125508785
1364,0.007443518843501806
1365,0.007442109286785126
1366,0.007440723944455385
1367,0.007439327426254749
1368,0.0074379537254571915
1369,0.007436591200530529
1370,0.0074352361261844635
1371,0.007433902006596327
1372,0.007432569283992052
1373,0.007431249134242535
1374,0.007429970894008875
1375,0.007428647484630346
1376,0.007427358068525791
1377,0.007426121272146702
1378,0.007424836978316307
1379,0.007423589006066322
1380,0.007422344293445349
1381,0.007421107962727547
1382,0.007419878151267767
1383,0.007418646011501551
1384,0.007417425978928804
1385,0.007416201289743185
1386,0.007415025029331446
1387,0.007413810584694147
1388,0.007412637583911419
1389,0.007411458529531956
1390,0.0074102794751524925
1391,0.007409099955111742
1392,0.007407929748296738
1393,0.007406760007143021
1394,0.007405598182231188
1395,0.007404440548270941
1396,0.007403286639600992
1397,0.007402134593576193
1398,0.007401004433631897
1399,0.007399890571832657
1400,0.007398760877549648
1401,0.007397648878395557
1402,0.007396549452096224
1403,0.007395450491458178
1404,0.007394354324787855
1405,0.007393260952085257
1406,0.007392159663140774
1407,0.007391061168164015
1408,0.007389981299638748
1409,0.007388879545032978
1410,0.0073877964168787
1411,0.007386716548353434
1412,0.007385646924376488
1413,0.007384579628705978
1414,0.007383544929325581
1415,0.007382487412542105
1416,0.007381422445178032
1417,0.00738037982955575
1418,0.007379346992820501
1419,0.007378317881375551
1420,0.007377292029559612
1421,0.007376295048743486
1422,0.007375260815024376
1423,0.007374252192676067
1424,0.007373244501650333
1425,0.007372244261205196
1426,0.007371250074356794
1427,0.007370261009782553
1428,0.007369276601821184
1429,0.007368303369730711
1430,0.0073673608712852
1431,0.007366369478404522
1432,0.0073654125444591045
1433,0.007364484015852213
1434,0.007363516837358475
1435,0.007362571079283953
1436,0.007361631374806166
1437,0.007360699586570263
1438,0.007359784096479416
1439,0.0073588695377111435
1440,0.007357967086136341
1441,0.007357060443609953
1442,0.0073561579920351505
1443,0.007355261128395796
1444,0.007354367524385452
1445,0.007353480439633131
1446,0.007352634333074093
1447,0.007351738400757313
1448,0.007350875996053219
1449,0.007350023835897446
1450,0.007349169347435236
1451,0.007348313927650452
1452,0.007347468752413988
1453,0.007346627302467823
1454,0.0073457881808280945
1455,0.007344950921833515
1456,0.007344121113419533
1457,0.007343294098973274
1458,0.007342473138123751
1459,0.0073416633531451225
1460,0.0073408461175858974
1461,0.00734004145488143
1462,0.007339241914451122
1463,0.007338470779359341
1464,0.007337651215493679
1465,0.007336861919611692
1466,0.007336080074310303
1467,0.007335297763347626
1468,0.007334520108997822
1469,0.007333746179938316
1470,0.007332971319556236
1471,0.00733219925314188
1472,0.007331430446356535
1473,0.0073306807316839695
1474,0.007329913321882486
1475,0.007329160813242197
1476,0.007328412029892206
1477,0.007327663246542215
1478,0.007326918188482523
1479,0.007326171733438969
1480,0.007325432263314724
1481,0.007324713282287121
1482,0.007323956582695246
1483,0.0073232208378612995
1484,0.007322497200220823
1485,0.007321773562580347
1486,0.007321048527956009
1487,0.0073203230276703835
1488,0.007319603115320206
1489,0.00731891393661499
1490,0.007318164221942425
1491,0.007317440118640661
1492,0.007316716015338898
1493,0.007315988652408123
1494,0.0073152631521224976
1495,0.007314539048820734
1496,0.007313815411180258
1497,0.007313091307878494
1498,0.007312370464205742
1499,0.007311650086194277
1500,0.007310931105166674
1501,0.007310250774025917
1502,0.007309522945433855
1503,0.007308815140277147
1504,0.00730812456458807
1505,0.007307423744350672
1506,0.007306777872145176
1507,0.0073060342110693455
1508,0.007305319886654615
1509,0.007304611150175333
1510,0.007303904742002487
1511,0.007303201127797365
1512,0.007302502170205116
1513,0.007301802281290293
1514,0.0073011042550206184
1515,0.007300407160073519
1516,0.007299710530787706
1517,0.007299014832824469
1518,0.007298322860151529
1519,0.007297631818801165
1520,0.007296969182789326
1521,0.007296272087842226
1522,0.007295595947653055
1523,0.0072949291206896305
1524,0.0072942571714520454
1525,0.007293579168617725
1526,0.007292912807315588
1527,0.007292216178029776
1528,0.007291536778211594
1529,0.007290856912732124
1530,0.007290171459317207
1531,0.007289491128176451
1532,0.007288809400051832
1533,0.007288131397217512
1534,0.007287455722689629
1535,0.007286779582500458
1536,0.007286123465746641
1537,0.0072854431346058846
1538,0.007284779567271471
1539,0.007284120190888643
1540,0.007283475250005722
1541,0.00728281494230032
1542,0.007282161619514227
1543,0.007281516212970018
1544,0.0072808703407645226
1545,0.007280223071575165
1546,0.007279579993337393
1547,0.0072789378464221954
1548,0.0072782947681844234
1549,0.007277689874172211
1550,0.007277028635144234
1551,0.007276399992406368
1552,0.007275772746652365
1553,0.0072751762345433235
1554,0.007274520583450794
1555,0.007273884955793619
1556,0.007273252587765455
1557,0.007272606249898672
1558,0.007271965965628624
1559,0.007271328009665012
1560,0.007270687259733677
1561,0.007270082365721464
1562,0.007269422523677349
1563,0.007268792949616909
1564,0.007268167566508055
1565,0.007267541252076626
1566,0.007266916334629059
1567,0.0072662923485040665
1568,0.0072656720876693726
1569,0.007265057880431414
1570,0.007264439482241869
1571,0.007263824809342623
1572,0.007263237610459328
1573,0.007262602914124727
1574,0.007261994294822216
1575,0.007261387072503567
1576,0.007260778918862343
1577,0.00726017402485013
1578,0.007259571924805641
1579,0.007258971221745014
1580,0.0072583723813295364
1581,0.007257777266204357
1582,0.007257186807692051
1583,0.007256632670760155
1584,0.007256014738231897
1585,0.007255437318235636
1586,0.007254856172949076
1587,0.007254277355968952
1588,0.007253696210682392
1589,0.007253154180943966
1590,0.007252560928463936
1591,0.007251989562064409
1592,0.00725142378360033
1593,0.007250860333442688
1594,0.007250301539897919
1595,0.007249741815030575
1596,0.007249183487147093
1597,0.007248628418892622
1598,0.007248104549944401
1599,0.00724752526730299
1600,0.007246977649629116
1601,0.007246431428939104
1602,0.00724588381126523
1603,0.007245340384542942
1604,0.0072447978891432285
1605,0.007244253996759653
1606,0.007243715692311525
1607,0.007243195082992315
1608,0.00724261999130249
1609,0.007242042571306229
1610,0.007241472136229277
1611,0.007240897510200739
1612,0.007240306120365858
1613,0.007239688653498888
1614,0.007239044643938541
1615,0.00723837548866868
1616,0.007237698417156935
1617,0.007237017620354891
1618,0.007236332632601261
1619,0.007235649973154068
1620,0.007234974764287472
1621,0.007234306540340185
1622,0.007233641110360622
1623,0.007232981268316507
1624,0.007232333067804575
1625,0.0072316997684538364
1626,0.007231088820844889
1627,0.007230435963720083
1628,0.00722980871796608
1629,0.007229210343211889
1630,0.007228559348732233
1631,0.007227920461446047
1632,0.0072272541001439095
1633,0.007226608227938414
1634,0.007225963287055492
1635,0.007225320674479008
1636,0.0072246273048222065
1637,0.007223929278552532
1638,0.007223229389637709
1639,0.007222525775432587
1640,0.007221761159598827
1641,0.007220998872071505
1642,0.007220224943011999
1643,0.007219451945275068
1644,0.007218696642667055
1645,0.007217931095510721
1646,0.007217179983854294
1647,0.007216437254101038
1648,0.007215701974928379
1649,0.007215018849819899
1650,0.007214254233986139
1651,0.0072135720402002335
1652,0.007212833967059851
1653,0.007212128024548292
1654,0.007211425807327032
1655,0.007210726849734783
1656,0.007210033480077982
1657,0.007209341507405043
1658,0.007208654657006264
1659,0.0072079733945429325
1660,0.007207311224192381
1661,0.00720662996172905
1662,0.007205956615507603
1663,0.007205258589237928
1664,0.007204560562968254
1665,0.0072038681246340275
1666,0.007203164976090193
1667,0.007202452514320612
1668,0.007201737258583307
1669,0.007201047148555517
1670,0.007200326770544052
1671,0.007199624087661505
1672,0.007198930252343416
1673,0.007198235020041466
1674,0.007197534199804068
1675,0.0071968757547438145
1676,0.00719617260619998
1677,0.007195461541414261
1678,0.007194737438112497
1679,0.00719401054084301
1680,0.007193276192992926
1681,0.007192548830062151
1682,0.007191819604486227
1683,0.0071910894475877285
1684,0.007190365809947252
1685,0.007189633324742317
1686,0.007188859395682812
1687,0.007188064511865377
1688,0.007187253795564175
1689,0.007186427246779203
1690,0.00718564260751009
1691,0.007184801623225212
1692,0.0071840109303593636
1693,0.007183260750025511
1694,0.007182527333498001
1695,0.007181799504905939
1696,0.007181092165410519
1697,0.007180382497608662
1698,0.007179686799645424
1699,0.007178997155278921
1700,0.007178312633186579
1701,0.007177631836384535
1702,0.007176955696195364
1703,0.007176289334893227
1704,0.0071756262332201
1705,0.007174967788159847
1706,0.007174322381615639
1707,0.007173669990152121
1708,0.007173022720962763
1709,0.007172411773353815
1710,0.007171736564487219
1711,0.007171151228249073
1712,0.007170496042817831
1713,0.007169889286160469
1714,0.0071692815981805325
1715,0.007168672978878021
1716,0.007168127223849297
1717,0.007167480420321226
1718,0.0071668848395347595
1719,0.007166294381022453
1720,0.0071657029911875725
1721,0.007165118120610714
1722,0.007164490409195423
1723,0.007163860835134983
1724,0.0071632517501711845
1725,0.007162582594901323
1726,0.007161934860050678
1727,0.0071613057516515255
1728,0.007160643115639687
1729,0.007160003762692213
1730,0.007159366738051176
1731,0.007158749271184206
1732,0.007158113643527031
1733,0.007157485466450453
1734,0.007156858220696449
1735,0.007156245410442352
1736,0.007155624218285084
1737,0.0071550155989825726
1738,0.007154399063438177
1739,0.007153818383812904
1740,0.0071531920693814754
1741,0.0071525974199175835
1742,0.007152017205953598
1743,0.007151418831199408
1744,0.007150821853429079
1745,0.007150233257561922
1746,0.007149646058678627
1747,0.007149059791117907
1748,0.007148475851863623
1749,0.007147891912609339
1750,0.007147316355258226
1751,0.007146737072616816
1752,0.007146166171878576
1753,0.007145601324737072
1754,0.007145032752305269
1755,0.007144466042518616
1756,0.007143920287489891
1757,0.007143351715058088
1758,0.007142798043787479
1759,0.007142277900129557
1760,0.007141694892197847
1761,0.007141149137169123
1762,0.007140608038753271
1763,0.007140063680708408
1764,0.007139555178582668
1765,0.007139001972973347
1766,0.007138462737202644
1767,0.0071379318833351135
1768,0.007137403357774019
1769,0.007136878091841936
1770,0.007136351428925991
1771,0.007135829888284206
1772,0.007135308347642422
1773,0.007134782616049051
1774,0.007134262938052416
1775,0.0071337479166686535
1776,0.0071332273073494434
1777,0.007132730912417173
1778,0.0071322135627269745
1779,0.007131711579859257
1780,0.007131208200007677
1781,0.0071307034231722355
1782,0.007130209822207689
1783,0.007129708770662546
1784,0.007129210978746414
1785,0.007128719240427017
1786,0.007128216791898012
1787,0.00712771899998188
1788,0.007127233315259218
1789,0.00712673831731081
1790,0.007126258220523596
1791,0.007125768344849348
1792,0.007125278934836388
1793,0.007124835159629583
1794,0.0071243057027459145
1795,0.007123841904103756
1796,0.007123348768800497
1797,0.007122867740690708
1798,0.00712238997220993
1799,0.007121915929019451
1800,0.0071214353665709496
1801,0.007120969705283642
1802,0.0071204970590770245
1803,0.007120027206838131
1804,0.007119615096598864
1805,0.007119102403521538
1806,0.007118633948266506
1807,0.007118163164705038
1808,0.007117701228708029
1809,0.007117250002920628
1810,0.0071167792193591595
1811,0.007116319611668587
1812,0.007115866523236036
1813,0.007115401327610016
1814,0.0071149407885968685
1815,0.007114497013390064
1816,0.007114030420780182
1817,0.007113579194992781
1818,0.007113129831850529
1819,0.0071126739494502544
1820,0.007112215273082256
1821,0.007111755665391684
1822,0.007111316546797752
1823,0.007110857870429754
1824,0.007110413163900375
1825,0.007109988946467638
1826,0.007109527941793203
1827,0.00710908230394125
1828,0.007108645513653755
1829,0.007108209654688835
1830,0.007107769139111042
1831,0.007107337471097708
1832,0.007106908597052097
1833,0.0071065085940063
1834,0.0071060615591704845
1835,0.007105627097189426
1836,0.007105196360498667
1837,0.007104771211743355
1838,0.007104335818439722
1839,0.007103907410055399
1840,0.007103482261300087
1841,0.007103059906512499
1842,0.007102635223418474
1843,0.007102204021066427
1844,0.007101775147020817
1845,0.007101353723555803
1846,0.007100928574800491
1847,0.007100517395883799
1848,0.007100086659193039
1849,0.007099676877260208
1850,0.007099265232682228
1851,0.007098835427314043
1852,0.00709842424839735
1853,0.007098015863448381
1854,0.007097601890563965
1855,0.007097182795405388
1856,0.007096774410456419
1857,0.00709637301042676
1858,0.007095962297171354
1859,0.007095551583915949
1860,0.007095156703144312
1861,0.007094753440469503
1862,0.007094358094036579
1863,0.007093958090990782
1864,0.007093561347573996
1865,0.0070931692607700825
1866,0.0070927757769823074
1867,0.007092413492500782
1868,0.007091995794326067
1869,0.0070916032418608665
1870,0.007091216277331114
1871,0.007090827915817499
1872,0.007090442813932896
1873,0.007090067025274038
1874,0.007089669816195965
1875,0.007089301012456417
1876,0.007088921498507261
1877,0.007088542450219393
1878,0.007088160142302513
1879,0.007087778765708208
1880,0.007087405771017075
1881,0.007087032776325941
1882,0.007086653728038073
1883,0.0070862798020243645
1884,0.007085904013365507
1885,0.007085536140948534
1886,0.007085165474563837
1887,0.007084792945533991
1888,0.007084427867084742
1889,0.007084062788635492
1890,0.00708369817584753
1891,0.007083350792527199
1892,0.0070830038748681545
1893,0.007082659751176834
1894,0.007082314230501652
1895,0.007081962656229734
1896,0.0070816087536513805
1897,0.007081256713718176
1898,0.007080908864736557
1899,0.007080558687448502
1900,0.007080205716192722
1901,0.007079854607582092
1902,0.007079505827277899
1903,0.0070791589096188545
1904,0.007078825030475855
1905,0.007078496273607016
1906,0.007078173104673624
1907,0.007077844813466072
1908,0.007077567745000124
1909,0.007077204994857311
1910,0.007076882291585207
1911,0.007076548878103495
1912,0.007076220586895943
1913,0.007075901608914137
1914,0.007075583562254906
1915,0.0070752655155956745
1916,0.00707494281232357
1917,0.007074621506035328
1918,0.007074309512972832
1919,0.007074000313878059
1920,0.007073673419654369
1921,0.007073348853737116
1922,0.007073034066706896
1923,0.007072729524224997
1924,0.007072417065501213
1925,0.007072102278470993
1926,0.007071786560118198
1927,0.007071472704410553
1928,0.007071168161928654
1929,0.007070859428495169
1930,0.00707054790109396
1931,0.007070237770676613
1932,0.007069926243275404
1933,0.007069622632116079
1934,0.007069314830005169
1935,0.007069009821861982
1936,0.007068704813718796
1937,0.007068396545946598
1938,0.007068097125738859
1939,0.007067793980240822
1940,0.00706750201061368
1941,0.007067199796438217
1942,0.007066903170198202
1943,0.007066603749990463
1944,0.007066307123750448
1945,0.007066016551107168
1946,0.007065721321851015
1947,0.007065427955240011
1948,0.007065154146403074
1949,0.007064847741276026
1950,0.007064547855407
1951,0.007064242381602526
1952,0.007063931319862604
1953,0.0070636216551065445
1954,0.007063305005431175
1955,0.007062995806336403
1956,0.007062690332531929
1957,0.007062384393066168
1958,0.007062078919261694
1959,0.007061778102070093
1960,0.007061474025249481
1961,0.007061167620122433
1962,0.007060858886688948
1963,0.007060544099658728
1964,0.007060220930725336
1965,0.007059879135340452
1966,0.007059532217681408
1967,0.0070591820403933525
1968,0.007058830466121435
1969,0.00705850962549448
1970,0.007058161310851574
1971,0.007057833019644022
1972,0.007057506591081619
1973,0.00705717271193862
1974,0.007056850474327803
1975,0.007056535687297583
1976,0.007056204602122307
1977,0.00705588748678565
1978,0.007055574096739292
1979,0.007055251393467188
1980,0.007054926827549934
1981,0.007054610177874565
1982,0.007054326590150595
1983,0.007053999695926905
1984,0.007053687237203121
1985,0.007053387816995382
1986,0.007053073029965162
1987,0.007052765693515539
1988,0.007052460685372353
1989,0.007052150554955006
1990,0.007051854394376278
1991,0.007051548920571804
1992,0.007051256485283375
1993,0.007050950545817614
1994,0.007050648797303438
1995,0.007050352171063423
1996,0.007050064858049154
1997,0.00704975938424468
1998,0.007049465551972389
1999,0.007049177307635546
2000,0.007048886269330978
2001,0.007048604544252157
2002,0.007048312108963728
2003,0.007048068102449179
2004,0.007047757972031832
2005,0.007047479506582022
2006,0.007047198247164488
2007,0.007046961225569248
2008,0.007046642247587442
2009,0.007046363782137632
2010,0.007046080194413662
2011,0.0070457980036735535
2012,0.00704551674425602
2013,0.007045247126370668
2014,0.007044975180178881
2015,0.007044708356261253
2016,0.007044441066682339
2017,0.007044169586151838
2018,0.007043896708637476
2019,0.007043621968477964
2020,0.007043346296995878
2021,0.007043077144771814
2022,0.0070428098551929
2023,0.007042539771646261
2024,0.007042274344712496
2025,0.007042011246085167
2026,0.0070417495444417
2027,0.007041482720524073
2028,0.007041222415864468
2029,0.007040960714221001
2030,0.007040700875222683
2031,0.007040438707917929
2032,0.007040178403258324
2033,0.007039955351501703
2034,0.007039688993245363
2035,0.007039464544504881
2036,0.007039244286715984
2037,0.007039019372314215
2038,0.007038796320557594
2039,0.007038570940494537
2040,0.007038339041173458
2041,0.007038091775029898
2042,0.007037848699837923
2043,0.007037606090307236
2044,0.0070373849011957645
2045,0.0070371064357459545
2046,0.007036839611828327
2047,0.007036575581878424
2048,0.007036313880234957
2049,0.007036072667688131
2050,0.007035867776721716
2051,0.007035677321255207
2052,0.007035518065094948
2053,0.007035375107079744
2054,0.007035302929580212
2055,0.007035333663225174
2056,0.00703564565628767
2057,0.007036336697638035
2058,0.007037862669676542
2059,0.00704078609123826
2060,0.007047569379210472
2061,0.007060484495013952
2062,0.007093298714607954
2063,0.00715990737080574
2064,0.007364215794950724
2065,0.007696805987507105
2066,0.008908350020647049
2067,0.00945268664509058
2068,0.012598291970789433
2069,0.00935037899762392
2070,0.00846740324050188
2071,0.007199253421276808
2072,0.007794606499373913
2073,0.00841764360666275
2074,0.008251292631030083
2075,0.008192451670765877
2076,0.007289760746061802
2077,0.008494890294969082
2078,0.008736121468245983
2079,0.008187947794795036
2080,0.00782933458685875
2081,0.007939533330500126
2082,0.008293506689369678
2083,0.007428990211337805
2084,0.007451228331774473
2085,0.007401065900921822
2086,0.007393206469714642
2087,0.007235003635287285
2088,0.007150828372687101
2089,0.007338681258261204
2090,0.007086094468832016
2091,0.007269727531820536
2092,0.007218456361442804
2093,0.007216659840196371
2094,0.00709350872784853
2095,0.007195574231445789
2096,0.007113360334187746
2097,0.007076489273458719
2098,0.00712737999856472
2099,0.007088743150234222
2100,0.00708894245326519
2101,0.007071739062666893
2102,0.007112098857760429
2103,0.0070526874624192715
2104,0.00707405898720026
2105,0.007068517152220011
2106,0.007065695710480213
2107,0.0070516797713935375
2108,0.00705865491181612
2109,0.0070639620535075665
2110,0.007043409161269665
2111,0.0070577822625637054
2112,0.0070506916381418705
2113,0.0070520550943911076
2114,0.007040892727673054
2115,0.007049742620438337
2116,0.0070452699437737465
2117,0.007040198426693678
2118,0.007043141406029463
2119,0.007041031960397959
2120,0.007040759082883596
2121,0.007036171853542328
2122,0.007040922064334154
2123,0.007036610506474972
2124,0.007036240305751562
2125,0.007035632152110338
2126,0.007036107126623392
2127,0.007034332491457462
2128,0.007033270783722401
2129,0.007034795358777046
2130,0.0070327394641935825
2131,0.007032827474176884
2132,0.007032100576907396
2133,0.007032809313386679
2134,0.007031080313026905
2135,0.007031131535768509
2136,0.0070310914888978004
2137,0.007030498702079058
2138,0.007030045613646507
2139,0.007029661908745766
2140,0.007029912434518337
2141,0.007028941996395588
2142,0.007028946653008461
2143,0.007028638385236263
2144,0.007028487976640463
2145,0.007027928251773119
2146,0.00702780531719327
2147,0.0070276944898068905
2148,0.007027240935713053
2149,0.007027067244052887
2150,0.007026816252619028
2151,0.007026713341474533
2152,0.007026287727057934
2153,0.007026169914752245
2154,0.007025963626801968
2155,0.007025730796158314
2156,0.007025479804724455
2157,0.007025298196822405
2158,0.007025143131613731
2159,0.007024852558970451
2160,0.007024690508842468
2161,0.0070244804956018925
2162,0.007024307269603014
2163,0.007024056278169155
2164,0.007023884914815426
2165,0.007023699581623077
2166,0.007023483980447054
2167,0.007023287937045097
2168,0.007023093290627003
2169,0.007022939156740904
2170,0.007022721227258444
2171,0.007022544741630554
2172,0.007022359874099493
2173,0.007022193633019924
2174,0.007022003643214703
2175,0.007021822035312653
2176,0.007021660916507244
2177,0.007021486293524504
2178,0.0070213149301707745
2179,0.007021136581897736
2180,0.007020972203463316
2181,0.007020796183496714
2182,0.00702062388882041
2183,0.007020453456789255
2184,0.007020291406661272
2185,0.007020113058388233
2186,0.007019949145615101
2187,0.007019788958132267
2188,0.007019618060439825
2189,0.00701948394998908
2190,0.007019299082458019
2191,0.007019145414233208
2192,0.0070189847610890865
2193,0.007018823176622391
2194,0.007018670905381441
2195,0.007018513046205044
2196,0.0070183551870286465
2197,0.007018199190497398
2198,0.0070180464535951614
2199,0.007017891854047775
2200,0.007017731666564941
2201,0.007017573341727257
2202,0.00701742060482502
2203,0.0070172687992453575
2204,0.007017114665359259
2205,0.007016961928457022
2206,0.007016816176474094
2207,0.007016661576926708
2208,0.007016513962298632
2209,0.007016364019364119
2210,0.007016215939074755
2211,0.007016065996140242
2212,0.0070159174501895905
2213,0.007015768904238939
2214,0.007015620358288288
2215,0.007015470415353775
2216,0.007015320006757975
2217,0.007015170529484749
2218,0.00701502338051796
2219,0.007014874368906021
2220,0.00701472582295537
2221,0.0070145768113434315
2222,0.00701442826539278
2223,0.007014270406216383
2224,0.007014105096459389
2225,0.007013936527073383
2226,0.007013761438429356
2227,0.007013583090156317
2228,0.00701339915394783
2229,0.007013213820755482
2230,0.007013022433966398
2231,0.007012838032096624
2232,0.007012661080807447
2233,0.00701249809935689
2234,0.0070123071782290936
2235,0.007012117188423872
2236,0.007011929526925087
2237,0.007011742796748877
2238,0.007011557463556528
2239,0.007011367939412594
2240,0.007011184468865395
2241,0.007010999135673046
2242,0.007010815665125847
2243,0.007010630797594786
2244,0.00701044499874115
2245,0.007010278292000294
2246,0.007010085973888636
2247,0.007009910419583321
2248,0.0070097316056489944
2249,0.00700955418869853
2250,0.007009387947618961
2251,0.007009214721620083
2252,0.0070090508088469505
2253,0.0070088813081383705
2254,0.007008705288171768
2255,0.007008539047092199
2256,0.007008376996964216
2257,0.007008218672126532
2258,0.007008051499724388
2259,0.007007889915257692
2260,0.0070077283307909966
2261,0.007007568143308163
2262,0.0070074149407446384
2263,0.007007257081568241
2264,0.0070070973597466946
2265,0.00700693903490901
2266,0.00700678676366806
2267,0.007006634492427111
2268,0.007006478495895863
2269,0.007006322965025902
2270,0.007006167899817228
2271,0.007006015628576279
2272,0.007005864754319191
2273,0.007005712483078241
2274,0.007005560211837292
2275,0.007005408406257629
2276,0.007005259394645691
2277,0.007005109917372465
2278,0.007004959974437952
2279,0.007004809565842152
2280,0.0070046596229076385
2281,0.007004513405263424
2282,0.007004365790635347
2283,0.007004217244684696
2284,0.007004069164395332
2285,0.007003922015428543
2286,0.007003776729106903
2287,0.0070036305114626884
2288,0.007003487087786198
2289,0.007003341801464558
2290,0.007003195118159056
2291,0.007003049831837416
2292,0.007002905942499638
2293,0.007002763915807009
2294,0.007002623751759529
2295,0.00700247660279274
2296,0.007002334576100111
2297,0.0070021916180849075
2298,0.007002050522714853
2299,0.007001914083957672
2300,0.007001776713877916
2301,0.007001645863056183
2302,0.007001506630331278
2303,0.007001364137977362
2304,0.0070012216456234455
2305,0.007001083344221115
2306,0.007000948768109083
2307,0.007000814191997051
2308,0.007000676356256008
2309,0.007000534329563379
2310,0.0070003969594836235
2311,0.007000262383371592
2312,0.007000127341598272
2313,0.0069999913685023785
2314,0.006999852601438761
2315,0.006999713368713856
2316,0.006999576929956675
2317,0.006999441888183355
2318,0.006999306846410036
2319,0.006999170407652855
2320,0.006999033037573099
2321,0.006998895201832056
2322,0.006998759228736162
2323,0.00699862465262413
2324,0.006998491007834673
2325,0.006998355034738779
2326,0.006998218595981598
2327,0.006998085416853428
2328,0.006997950840741396
2329,0.006997818127274513
2330,0.006997684948146343
2331,0.006997552700340748
2332,0.006997417658567429
2333,0.006997286807745695
2334,0.006997153628617525
2335,0.006997028831392527
2336,0.0069968984462320805
2337,0.006996766664087772
2338,0.006996656768023968
2339,0.00699650077149272
2340,0.006996383890509605
2341,0.006996265612542629
2342,0.00699613755568862
2343,0.0069959997199475765
2344,0.006995861884206533
2345,0.006995730567723513
2346,0.006995603442192078
2347,0.0069954837672412395
2348,0.00699536083266139
2349,0.006995235104113817
2350,0.006995100062340498
2351,0.00699496828019619
2352,0.006994837895035744
2353,0.006994713097810745
2354,0.006994589697569609
2355,0.006994464434683323
2356,0.006994339171797037
2357,0.006994212511926889
2358,0.006994083523750305
2359,0.006993953138589859
2360,0.006993826944380999
2361,0.006993704009801149
2362,0.006993577815592289
2363,0.006993453484028578
2364,0.00699332682415843
2365,0.006993201095610857
2366,0.006993074901401997
2367,0.0069929491728544235
2368,0.006992822512984276
2369,0.006992699112743139
2370,0.006992577575147152
2371,0.00699244998395443
2372,0.006992325186729431
2373,0.006992201320827007
2374,0.006992076989263296
2375,0.006991962436586618
2376,0.006991844158619642
2377,0.0069917235523462296
2378,0.00699160061776638
2379,0.006991473957896233
2380,0.006991345901042223
2381,0.006991221569478512
2382,0.006991097703576088
2383,0.0069909775629639626
2384,0.006990856025367975
2385,0.00699073588475585
2386,0.006990612950176001
2387,0.006990490481257439
2388,0.006990368012338877
2389,0.0069902450777590275
2390,0.006990121677517891
2391,0.006989999674260616
2392,0.006989878136664629
2393,0.006989757996052504
2394,0.0069896383211016655
2395,0.006989516317844391
2396,0.006989392917603254
2397,0.006989268586039543
2398,0.006989145651459694
2399,0.006989023182541132
2400,0.006988901644945145
2401,0.006988781038671732
2402,0.006988660432398319
2403,0.006988540291786194
2404,0.006988419685512781
2405,0.00698830047622323
2406,0.00698818126693368
2407,0.006988062057644129
2408,0.006987942848354578
2409,0.006987822707742453
2410,0.006987702567130327
2411,0.006987585220485926
2412,0.0069874650798738
2413,0.006987347267568111
2414,0.006987228058278561
2415,0.006987109314650297
2416,0.006986992433667183
2417,0.006986874621361494
2418,0.006986758206039667
2419,0.006986638996750116
2420,0.006986521650105715
2421,0.006986405234783888
2422,0.006986287888139486
2423,0.006986170541495085
2424,0.0069860536605119705
2425,0.006985936313867569
2426,0.006985819898545742
2427,0.006985703483223915
2428,0.006985586602240801
2429,0.006985470652580261
2430,0.006985354237258434
2431,0.006985240150243044
2432,0.006985124666243792
2433,0.006985009182244539
2434,0.006984895095229149
2435,0.006984783336520195
2436,0.0069846720434725285
2437,0.006984562147408724
2438,0.006984469015151262
2439,0.006984360050410032
2440,0.00698428088799119
2441,0.006984210107475519
2442,0.006984151899814606
2443,0.006984120234847069
2444,0.006984123960137367
2445,0.006984199397265911
2446,0.006984391249716282
2447,0.006984836421906948
2448,0.006985727231949568
2449,0.006987622939050198
2450,0.006991338916122913
2451,0.006999795790761709
2452,0.007017155177891254
2453,0.007062813732773066
2454,0.007158113643527031
2455,0.007454263512045145
2456,0.00793188251554966
2457,0.009663105010986328
2458,0.01067145075649023
2459,0.01651991531252861
2460,0.009736057370901108
2461,0.007753630634397268
2462,0.007140867877751589
2463,0.008244630880653858
2464,0.010028394870460033
2465,0.00828746147453785
2466,0.0074591790325939655
2467,0.007188307587057352
2468,0.008080895990133286
2469,0.00811756495386362
2470,0.007188829593360424
2471,0.007977415807545185
2472,0.008307438343763351
2473,0.0073929764330387115
2474,0.007500133477151394
2475,0.0076820203103125095
2476,0.007342223543673754
2477,0.007091229315847158
2478,0.007273591123521328
2479,0.007103112060576677
2480,0.007071665022522211
2481,0.007148698437958956
2482,0.007050955202430487
2483,0.0070887538604438305
2484,0.007081270217895508
2485,0.007080540526658297
2486,0.007025120314210653
2487,0.007061665877699852
2488,0.007037461269646883
2489,0.007012116722762585
2490,0.007039677817374468
2491,0.007011099718511105
2492,0.007017417810857296
2493,0.007011075969785452
2494,0.007022778503596783
2495,0.0070021552965044975
2496,0.007004504092037678
2497,0.007013279013335705
2498,0.006995744537562132
2499,0.00700153736397624
2500,0.006997439544647932
2501,0.007000179961323738
2502,0.006993295159190893
2503,0.006994397379457951
2504,0.006998984608799219
2505,0.006990497931838036
2506,0.006993777118623257
2507,0.006992998067289591
2508,0.006992770358920097
2509,0.006990113761276007
2510,0.006989853922277689
2511,0.006992338690906763
2512,0.006987730972468853
2513,0.0069887530989944935
2514,0.006988758221268654
2515,0.006987676490098238
2516,0.006986842956393957
2517,0.006985919084399939
2518,0.006987057626247406
2519,0.006984919775277376
2520,0.006984850857406855
2521,0.0069851079024374485
2522,0.006984193809330463
2523,0.0069839670322835445
2524,0.006983377505093813
2525,0.0069838217459619045
2526,0.006982896942645311
2527,0.006982548162341118
2528,0.006982744205743074
2529,0.006982163991779089
2530,0.0069819423370063305
2531,0.006981514394283295
2532,0.006981585640460253
2533,0.006981179118156433
2534,0.006980752106755972
2535,0.006980785634368658
2536,0.006980454549193382
2537,0.0069802384823560715
2538,0.00697993952780962
2539,0.006979862228035927
2540,0.00697966106235981
2541,0.006979326251894236
2542,0.0069792564027011395
2543,0.006979044992476702
2544,0.006978857796639204
2545,0.006978635210543871
2546,0.006978488061577082
2547,0.006978355813771486
2548,0.006978101097047329
2549,0.006977964658290148
2550,0.006977804936468601
2551,0.006977635435760021
2552,0.0069774542935192585
2553,0.006977282930165529
2554,0.006977166514843702
2555,0.006976975128054619
2556,0.00697682611644268
2557,0.006976681295782328
2558,0.006976527161896229
2559,0.00697637815028429
2560,0.006976211443543434
2561,0.006976082921028137
2562,0.006975931581109762
2563,0.006975777447223663
2564,0.006975638214498758
2565,0.006975492462515831
2566,0.006975357886403799
2567,0.006975205615162849
2568,0.006975070107728243
2569,0.006974935531616211
2570,0.006974793970584869
2571,0.006974657531827688
2572,0.006974517833441496
2573,0.006974388379603624
2574,0.006974251940846443
2575,0.006974118296056986
2576,0.006973988376557827
2577,0.006973856128752232
2578,0.006973727140575647
2579,0.006973592564463615
2580,0.006973465904593468
2581,0.006973337847739458
2582,0.006973207462579012
2583,0.006973078474402428
2584,0.006972950417548418
2585,0.00697282375767827
2586,0.006972695700824261
2587,0.0069725695066154
2588,0.006972443778067827
2589,0.006972317583858967
2590,0.006972193252295256
2591,0.00697206798940897
2592,0.006971942726522684
2593,0.0069718193262815475
2594,0.006971695926040411
2595,0.0069715725257992744
2596,0.0069714500568807125
2597,0.006971326656639576
2598,0.0069712065160274506
2599,0.006971083581447601
2600,0.006970963440835476
2601,0.006970840506255627
2602,0.006970721296966076
2603,0.006970602087676525
2604,0.006970483809709549
2605,0.006970364600419998
2606,0.006970247719436884
2607,0.0069701289758086205
2608,0.006970011163502932
2609,0.006969894748181105
2610,0.0069697764702141285
2611,0.006969659123569727
2612,0.0069695427082479
2613,0.006969423498958349
2614,0.006969307083636522
2615,0.006969186943024397
2616,0.006969069130718708
2617,0.006968948058784008
2618,0.006968815810978413
2619,0.006968680303543806
2620,0.006968542467802763
2621,0.0069684055633842945
2622,0.006968267261981964
2623,0.006968130357563496
2624,0.0069679981097579
2625,0.006967863999307156
2626,0.006967730354517698
2627,0.0069675990380346775
2628,0.006967467721551657
2629,0.006967338267713785
2630,0.006967207882553339
2631,0.006967079360038042
2632,0.006966950371861458
2633,0.006966820918023586
2634,0.006966691929847002
2635,0.006966565269976854
2636,0.006966437678784132
2637,0.006966311484575272
2638,0.006966186687350273
2639,0.006966061424463987
2640,0.006965938489884138
2641,0.006965815555304289
2642,0.00696569262072444
2643,0.006965572014451027
2644,0.00696545047685504
2645,0.0069653308019042015
2646,0.006965211126953363
2647,0.006965090055018663
2648,0.0069649736396968365
2649,0.006964853033423424
2650,0.006964733824133873
2651,0.006964615546166897
2652,0.006964496336877346
2653,0.0069643775932490826
2654,0.006964260246604681
2655,0.0069641428999602795
2656,0.006964025553315878
2657,0.0069639110006392
2658,0.006963791791349649
2659,0.006963657680898905
2660,0.0069635179825127125
2661,0.006963375024497509
2662,0.0069632274098694324
2663,0.006963076535612345
2664,0.006962926592677832
2665,0.006962773390114307
2666,0.006962621584534645
2667,0.0069624693132936954
2668,0.006962318439036608
2669,0.006962187588214874
2670,0.006962059997022152
2671,0.006961929611861706
2672,0.006961796898394823
2673,0.00696166418492794
2674,0.006961531937122345
2675,0.006961400154978037
2676,0.006961268372833729
2677,0.006961136125028133
2678,0.006961006671190262
2679,0.006960876286029816
2680,0.006960749626159668
2681,0.00696062296628952
2682,0.0069604977034032345
2683,0.006960373371839523
2684,0.006960252299904823
2685,0.00696013355627656
2686,0.006960014346987009
2687,0.006959901656955481
2688,0.006959785707294941
2689,0.0069596730172634125
2690,0.006959560792893171
2691,0.006959449965506792
2692,0.006959341466426849
2693,0.006959234364330769
2694,0.006959123071283102
2695,0.006959015037864447
2696,0.006958908401429653
2697,0.006958805490285158
2698,0.006958701182156801
2699,0.006958597339689732
2700,0.006958498619496822
2701,0.006958397570997477
2702,0.006958295591175556
2703,0.006958196870982647
2704,0.00695809768512845
2705,0.006957998499274254
2706,0.0069579011760652065
2707,0.006957801058888435
2708,0.006957700941711664
2709,0.006957606878131628
2710,0.006957509089261293
2711,0.006957409903407097
2712,0.006957311648875475
2713,0.006957218050956726
2714,0.006957121659070253
2715,0.006957024801522493
2716,0.006956926546990871
2717,0.006956832483410835
2718,0.0069567360915243626
2719,0.006956641096621752
2720,0.006956546567380428
2721,0.006956446450203657
2722,0.006956351455301046
2723,0.006956259720027447
2724,0.006956162396818399
2725,0.006956067867577076
2726,0.006955975200980902
2727,0.006955878809094429
2728,0.006955784745514393
2729,0.006955692078918219
2730,0.006955599877983332
2731,0.006955503951758146
2732,0.006955409422516823
2733,0.006955317221581936
2734,0.0069552231580019
2735,0.0069551304914057255
2736,0.0069550396874547005
2737,0.00695494469255209
2738,0.006954851094633341
2739,0.006954758428037167
2740,0.006954665761440992
2741,0.006954573560506105
2742,0.006954480428248644
2743,0.006954388692975044
2744,0.006954297423362732
2745,0.006954206619411707
2746,0.006954113487154245
2747,0.006954022217541933
2748,0.006953930947929621
2749,0.006953839678317308
2750,0.006953750737011433
2751,0.006953659001737833
2752,0.006953567732125521
2753,0.0069534750655293465
2754,0.00695338798686862
2755,0.006953296717256308
2756,0.006953205913305283
2757,0.006953115575015545
2758,0.006953023839741945
2759,0.00695293303579092
2760,0.006952843628823757
2761,0.006952754221856594
2762,0.006952664814889431
2763,0.0069525763392448425
2764,0.00695248506963253
2765,0.006952394265681505
2766,0.006952305790036917
2767,0.006952217780053616
2768,0.0069521269761025906
2769,0.006952038966119289
2770,0.006951950490474701
2771,0.006951860152184963
2772,0.0069517712108790874
2773,0.006951681803911924
2774,0.006951595190912485
2775,0.006951507646590471
2776,0.006951418239623308
2777,0.006951328366994858
2778,0.006951244082301855
2779,0.006951157469302416
2780,0.006951068993657827
2781,0.006950979121029377
2782,0.006950889714062214
2783,0.006950802635401487
2784,0.00695072440430522
2785,0.006950629409402609
2786,0.006950549315661192
2787,0.0069504654966294765
2788,0.00695037841796875
2789,0.006950287614017725
2790,0.006950201001018286
2791,0.006950115319341421
2792,0.00695002730935812
2793,0.00694994255900383
2794,0.006949859671294689
2795,0.006949774920940399
2796,0.00694968830794096
2797,0.006949599366635084
2798,0.006949515547603369
2799,0.0069494303315877914
2800,0.006949346512556076
2801,0.006949259899556637
2802,0.006949177011847496
2803,0.006949091795831919
2804,0.006949006579816341
2805,0.00694891856983304
2806,0.006948835216462612
2807,0.006948753260076046
2808,0.006948668509721756
2809,0.006948583759367466
2810,0.006948497612029314
2811,0.006948415655642748
2812,0.006948330905288458
2813,0.0069482470862567425
2814,0.0069481623359024525
2815,0.006948078516870737
2816,0.006947997026145458
2817,0.006947911344468594
2818,0.006947831250727177
2819,0.006947750225663185
2820,0.006947665009647608
2821,0.006947581190615892
2822,0.006947498302906752
2823,0.006947415415197611
2824,0.006947332993149757
2825,0.0069472515024244785
2826,0.006947170943021774
2827,0.006947088986635208
2828,0.00694700563326478
2829,0.006946923211216927
2830,0.00694684125483036
2831,0.006946759298443794
2832,0.006946677807718515
2833,0.0069465963169932365
2834,0.006946512497961521
2835,0.006946431007236242
2836,0.006946350447833538
2837,0.006946268491446972
2838,0.006946187932044268
2839,0.006946106906980276
2840,0.0069460258819162846
2841,0.006945943459868431
2842,0.006945863366127014
2843,0.006945781875401735
2844,0.006945700850337744
2845,0.006945619359612465
2846,0.006945539265871048
2847,0.006945458240807056
2848,0.00694537628442049
2849,0.006945296656340361
2850,0.006945215165615082
2851,0.0069451360031962395
2852,0.006945054046809673
2853,0.006944974418729544
2854,0.006944894790649414
2855,0.006944814696907997
2856,0.00694473460316658
2857,0.006944653578102589
2858,0.006944574881345034
2859,0.006944494787603617
2860,0.006944415159523487
2861,0.0069443355314433575
2862,0.006944254972040653
2863,0.006944175809621811
2864,0.006944097112864256
2865,0.006944017484784126
2866,0.006943937856703997
2867,0.006943858228623867
2868,0.006943780928850174
2869,0.006943700835108757
2870,0.006943624000996351
2871,0.0069435518234968185
2872,0.006943483836948872
2873,0.006943419110029936
2874,0.006943357642740011
2875,0.00694330083206296
2876,0.006943247746676207
2877,0.006943199317902327
2878,0.006943154148757458
2879,0.006943130400031805
2880,0.0069431159645318985
2881,0.006943127606064081
2882,0.006943168584257364
2883,0.0069432687014341354
2884,0.006943465676158667
2885,0.006943865679204464
2886,0.006944605149328709
2887,0.006946096196770668
2888,0.006948900409042835
2889,0.0069553060457110405
2890,0.00696856202557683
2891,0.0070036849938333035
2892,0.007079851347953081
2893,0.007303670980036259
2894,0.007782614789903164
2895,0.00965059082955122
2896,0.012068061158061028
2897,0.023512957617640495
2898,0.00841678585857153
2899,0.010390834882855415
2900,0.0222942978143692
2901,0.007286186330020428
2902,0.019373886287212372
2903,0.03650744631886482
2904,0.024930959567427635
2905,0.035539425909519196
2906,0.013827905990183353
2907,0.024678554385900497
2908,0.013999054208397865
2909,0.015011259354650974
2910,0.013328607194125652
2911,0.014630907215178013
2912,0.01098284125328064
2913,0.015487396158277988
2914,0.008449800312519073
2915,0.011891516856849194
2916,0.011517013423144817
2917,0.0078501645475626
2918,0.011862600222229958
2919,0.008283914998173714
2920,0.009574944153428078
2921,0.009504297748208046
2922,0.008454812690615654
2923,0.008699998259544373
2924,0.008702997118234634
2925,0.008498361334204674
2926,0.007903356105089188
2927,0.008833440952003002
2928,0.0075586047023534775
2929,0.008340968750417233
2930,0.008096926845610142
2931,0.007535573095083237
2932,0.008231603540480137
2933,0.007534381002187729
2934,0.007815776392817497
2935,0.007755746133625507
2936,0.007586650550365448
2937,0.007604425307363272
2938,0.007635365705937147
2939,0.007519696373492479
2940,0.007506541907787323
2941,0.00760409701615572
2942,0.007365749217569828
2943,0.007563573308289051
2944,0.007413754239678383
2945,0.007394265849143267
2946,0.007467314600944519
2947,0.007347496226429939
2948,0.007406153716146946
2949,0.007376303896307945
2950,0.007351952139288187
2951,0.007343373727053404
2952,0.007357684895396233
2953,0.0073012178763747215
2954,0.0073302858509123325
2955,0.007312667556107044
2956,0.007279403507709503
2957,0.007314872927963734
2958,0.007268118672072887
2959,0.007279686164110899
2960,0.007271864917129278
2961,0.007256462238729
2962,0.0072531625628471375
2963,0.007249101530760527
2964,0.007235274184495211
2965,0.007232437841594219
2966,0.007233210373669863
2967,0.007214490789920092
2968,0.007224969565868378
2969,0.007210214622318745
2970,0.007208405528217554
2971,0.007207205984741449
2972,0.007197550963610411
2973,0.007197215221822262
2974,0.0071922168135643005
2975,0.007188013289123774
2976,0.0071841152384877205
2977,0.0071828956715762615
2978,0.007175105158239603
2979,0.007176005747169256
2980,0.007169715594500303
2981,0.007167392875999212
2982,0.007165208458900452
2983,0.0071605294942855835
2984,0.007159136235713959
2985,0.007155799772590399
2986,0.007153370883315802
2987,0.007150618825107813
2988,0.007148629520088434
2989,0.007144939620047808
2990,0.007143684197217226
2991,0.007140022236853838
2992,0.007138176821172237
2993,0.007135668769478798
2994,0.007132987026125193
2995,0.007131144404411316
2996,0.007128603756427765
2997,0.007126623298972845
2998,0.007124514319002628
2999,0.007122546900063753
3000,0.007120426278561354
3001,0.0071188886649906635
3002,0.0071166581474244595
3003,0.007115296553820372
3004,0.007113300263881683
3005,0.007111742626875639
3006,0.007110083941370249
3007,0.007108419667929411
3008,0.007106878329068422
3009,0.00710535142570734
3010,0.007103808224201202
3011,0.007102429401129484
3012,0.007100995164364576
3013,0.00709962286055088
3014,0.007098355330526829
3015,0.007096906658262014
3016,0.007095566485077143
3017,0.007094060070812702
3018,0.007092681247740984
3019,0.007091285195201635
3020,0.007089919876307249
3021,0.007088563870638609
3022,0.007087275385856628
3023,0.0070859408006072044
3024,0.007084709592163563
3025,0.0070834350772202015
3026,0.007082226686179638
3027,0.0070810443721711636
3028,0.00707987230271101
3029,0.007078750059008598
3030,0.007077629677951336
3031,0.007076535373926163
3032,0.0070754652842879295
3033,0.007074399851262569
3034,0.007073360960930586
3035,0.007072333246469498
3036,0.007071312051266432
3037,0.007070306688547134
3038,0.007069295737892389
3039,0.007068313658237457
3040,0.00706733763217926
3041,0.007066379766911268
3042,0.007065453100949526
3043,0.007064519915729761
3044,0.007063580676913261
3045,0.007062662858515978
3046,0.0070617482997477055
3047,0.0070608495734632015
3048,0.007059932220727205
3049,0.007059015333652496
3050,0.007058099377900362
3051,0.007057175971567631
3052,0.007056220900267363
3053,0.007055267225950956
3054,0.007054324261844158
3055,0.007053393870592117
3056,0.007052475120872259
3057,0.007051573600620031
3058,0.007050683721899986
3059,0.007049790117889643
3060,0.007048851810395718
3061,0.007047916296869516
3062,0.007046904414892197
3063,0.007045878563076258
3064,0.00704484386369586
3065,0.007043779361993074
3066,0.007042599841952324
3067,0.00704142265021801
3068,0.00704026548191905
3069,0.007039143703877926
3070,0.007038065232336521
3071,0.007037022616714239
3072,0.007035877089947462
3073,0.007034730166196823
3074,0.007033621892333031
3075,0.0070325410924851894
3076,0.007031514309346676
3077,0.007030515465885401
3078,0.007029549218714237
3079,0.007028620690107346
3080,0.007027726154774427
3081,0.007026852108538151
3082,0.007025998085737228
3083,0.007025166880339384
3084,0.007024371065199375
3085,0.007023796904832125
3086,0.007023186888545752
3087,0.007022645324468613
3088,0.007022086996585131
3089,0.0070215510204434395
3090,0.007021000608801842
3091,0.007020473480224609
3092,0.007019952870905399
3093,0.007019456010311842
3094,0.007018957752734423
3095,0.007018479984253645
3096,0.0070180087350308895
3097,0.007017551455646753
3098,0.007017100229859352
3099,0.007016653660684824
3100,0.007016222458332777
3101,0.007015791721642017
3102,0.007015356793999672
3103,0.007014923263341188
3104,0.007014486938714981
3105,0.007014056202024221
3106,0.007013627793639898
3107,0.007013207301497459
3108,0.007012791465967894
3109,0.007012389600276947
3110,0.007012000773102045
3111,0.0070116096176207066
3112,0.0070112100802361965
3113,0.007010811939835548
3114,0.007010419853031635
3115,0.0070100161246955395
3116,0.007009593304246664
3117,0.007009171415120363
3118,0.007008750922977924
3119,0.0070083350874483585
3120,0.0070079355500638485
3121,0.007007571402937174
3122,0.007007204927504063
3123,0.007006851024925709
3124,0.00700651528313756
3125,0.007006186060607433
3126,0.007005859166383743
3127,0.007005536928772926
3128,0.007005220279097557
3129,0.007004907820373774
3130,0.007004598621279001
3131,0.007004295941442251
3132,0.0070039997808635235
3133,0.007003704085946083
3134,0.0070034172385931015
3135,0.007003128528594971
3136,0.007002848666161299
3137,0.007002571132034063
3138,0.0070023005828261375
3139,0.0070020598359405994
3140,0.0070017920807003975
3141,0.007001545280218124
3142,0.007001303136348724
3143,0.007001061923801899
3144,0.007000822573900223
3145,0.007000587414950132
3146,0.007000353652983904
3147,0.007000124081969261
3148,0.00699989590793848
3149,0.006999670527875423
3150,0.00699944794178009
3151,0.006999232340604067
3152,0.006999013479799032
3153,0.006998800672590733
3154,0.00699858833104372
3155,0.006998379714787006
3156,0.006998173426836729
3157,0.006997966207563877
3158,0.0069977641105651855
3159,0.0069975643418729305
3160,0.00699736550450325
3161,0.006997168529778719
3162,0.006996971555054188
3163,0.006996779702603817
3164,0.00699659064412117
3165,0.006996401119977236
3166,0.0069962129928171635
3167,0.006996029056608677
3168,0.00699584512040019
3169,0.006995663046836853
3170,0.006995481438934803
3171,0.006995303090661764
3172,0.006995125208050013
3173,0.006994948256760836
3174,0.006994776427745819
3175,0.006994602270424366
3176,0.0069944304414093494
3177,0.006994260009378195
3178,0.006994090974330902
3179,0.006993922404944897
3180,0.006993756163865328
3181,0.006993590388447046
3182,0.006993425544351339
3183,0.006993263028562069
3184,0.006993100047111511
3185,0.006992939859628677
3186,0.006992778740823269
3187,0.006992615759372711
3188,0.006992451846599579
3189,0.0069922893308103085
3190,0.0069921258836984634
3191,0.00699196569621563
3192,0.00699180644005537
3193,0.0069916462525725365
3194,0.006991489324718714
3195,0.006991333793848753
3196,0.006991179659962654
3197,0.006991025060415268
3198,0.006990872789174318
3199,0.006990721914917231
3200,0.0069905780255794525
3201,0.006990423426032066
3202,0.00699027581140399
3203,0.0069901300594210625
3204,0.0069899833761155605
3205,0.006989839021116495
3206,0.006989693734794855
3207,0.006989551708102226
3208,0.006989407353103161
3209,0.006989266723394394
3210,0.00698912562802434
3211,0.006988987326622009
3212,0.006988842505961657
3213,0.00698870187625289
3214,0.006988560780882835
3215,0.006988418288528919
3216,0.006988275330513716
3217,0.006988131441175938
3218,0.006987989414483309
3219,0.006987849250435829
3220,0.006987708155065775
3221,0.006987567059695721
3222,0.006987425964325666
3223,0.006987286731600761
3224,0.006987145636230707
3225,0.006987007334828377
3226,0.006986869033426046
3227,0.006986731197685003
3228,0.006986592896282673
3229,0.006986456923186779
3230,0.006986320484429598
3231,0.006986184976994991
3232,0.00698604853823781
3233,0.0069859265349805355
3234,0.006985785439610481
3235,0.006985653657466173
3236,0.006985523272305727
3237,0.006985390093177557
3238,0.006985258311033249
3239,0.006985126994550228
3240,0.006984995678067207
3241,0.006984865292906761
3242,0.006984734442085028
3243,0.0069846040569245815
3244,0.006984473206102848
3245,0.006984345614910126
3246,0.006984214764088392
3247,0.006984086707234383
3248,0.006983956787735224
3249,0.006983828265219927
3250,0.006983700208365917
3251,0.006983574014157057
3252,0.006983445957303047
3253,0.006983319763094187
3254,0.006983193568885326
3255,0.006983068305999041
3256,0.006982940714806318
3257,0.00698281591758132
3258,0.006982691120356321
3259,0.00698256678879261
3260,0.006982442922890186
3261,0.0069823190569877625
3262,0.006982195191085339
3263,0.006982072722166777
3264,0.00698194932192564
3265,0.006981827784329653
3266,0.0069817062467336655
3267,0.0069815851747989655
3268,0.006981463637202978
3269,0.006981348153203726
3270,0.006981225218623877
3271,0.006981105078011751
3272,0.006980987265706062
3273,0.0069808694534003735
3274,0.006980750244110823
3275,0.006980630569159985
3276,0.006980509497225285
3277,0.0069803884252905846
3278,0.006980265490710735
3279,0.006980144418776035
3280,0.006980023346841335
3281,0.006979905068874359
3282,0.006979787722229958
3283,0.0069796680472791195
3284,0.006979550234973431
3285,0.006979433819651604
3286,0.006979318335652351
3287,0.0069792079739272594
3288,0.006979099474847317
3289,0.006978991441428661
3290,0.006978882476687431
3291,0.006978775840252638
3292,0.006978669669479132
3293,0.0069785634987056255
3294,0.0069784559309482574
3295,0.0069783516228199005
3296,0.006978247780352831
3297,0.006978143472224474
3298,0.006978041026741266
3299,0.006977937184274197
3300,0.006977835204452276
3301,0.006977731827646494
3302,0.006977631710469723
3303,0.006977531127631664
3304,0.006977430544793606
3305,0.006977330893278122
3306,0.006977231707423925
3307,0.006977131590247154
3308,0.006977032870054245
3309,0.006976934615522623
3310,0.006976836360991001
3311,0.006976739969104528
3312,0.0069766417145729065
3313,0.006976545322686434
3314,0.006976448930799961
3315,0.006976353470236063
3316,0.006976257544010878
3317,0.006976163014769554
3318,0.006976067554205656
3319,0.006975975818932056
3320,0.006975878030061722
3321,0.00697578489780426
3322,0.006975690368562937
3323,0.006975596304982901
3324,0.006975503172725439
3325,0.0069754100404679775
3326,0.006975317839533091
3327,0.006975224707275629
3328,0.006975129246711731
3329,0.0069750347174704075
3330,0.006974858231842518
3331,0.006974626332521439
3332,0.006974353920668364
3333,0.006974061019718647
3334,0.006973759736865759
3335,0.0069734700955450535
3336,0.006973205134272575
3337,0.006972962990403175
3338,0.006972744129598141
3339,0.006972550880163908
3340,0.006972371134907007
3341,0.006972204428166151
3342,0.006972039584070444
3343,0.006971871946007013
3344,0.006971705239266157
3345,0.006971536669880152
3346,0.006971369963139296
3347,0.006971207447350025
3348,0.006971054244786501
3349,0.006970908958464861
3350,0.006970771588385105
3351,0.006970643997192383
3352,0.006970523856580257
3353,0.00697040930390358
3354,0.006970299407839775
3355,0.0069701895117759705
3356,0.006970079615712166
3357,0.006969967857003212
3358,0.0069698551669716835
3359,0.006969743873924017
3360,0.006969633977860212
3361,0.006969526410102844
3362,0.00696941651403904
3363,0.00696930754929781
3364,0.006969204638153315
3365,0.006969103589653969
3366,0.006969006732106209
3367,0.006968911271542311
3368,0.006968815810978413
3369,0.006968720816075802
3370,0.006968626752495766
3371,0.006968534551560879
3372,0.006968439556658268
3373,0.00696834409609437
3374,0.006968253292143345
3375,0.00696816248819232
3376,0.00696807075291872
3377,0.006967982277274132
3378,0.006967891473323107
3379,0.006967803463339806
3380,0.006967714987695217
3381,0.006967627443373203
3382,0.006967539899051189
3383,0.006967451889067888
3384,0.006967365276068449
3385,0.006967280060052872
3386,0.006967192515730858
3387,0.006967106368392706
3388,0.006967019755393267
3389,0.006966933608055115
3390,0.006966850254684687
3391,0.006966763641685247
3392,0.006966679356992245
3393,0.006966595537960529
3394,0.006966513581573963
3395,0.006966431625187397
3396,0.0069663506001234055
3397,0.0069662705063819885
3398,0.006966190412640572
3399,0.006966108456254005
3400,0.006966027431190014
3401,0.006965949200093746
3402,0.006965869106352329
3403,0.006965789943933487
3404,0.006965711712837219
3405,0.006965633016079664
3406,0.006965553853660822
3407,0.006965476553887129
3408,0.0069653987884521484
3409,0.006965320091694593
3410,0.006965241394937038
3411,0.006965164095163345
3412,0.006965086795389652
3413,0.006965008098632097
3414,0.006964929401874542
3415,0.006964853499084711
3416,0.0069647799246013165
3417,0.006964699365198612
3418,0.006964623928070068
3419,0.006964549887925386
3420,0.006964473519474268
3421,0.006964396219700575
3422,0.006964321248233318
3423,0.006964247208088636
3424,0.006964173633605242
3425,0.00696409959346056
3426,0.006964024621993303
3427,0.006963950116187334
3428,0.0069638765417039394
3429,0.00696380203589797
3430,0.006963728461414576
3431,0.006963654886931181
3432,0.0069635892286896706
3433,0.006963512394577265
3434,0.0069634392857551575
3435,0.006963364779949188
3436,0.006963290739804506
3437,0.006963218096643686
3438,0.00696314824745059
3439,0.006963072810322046
3440,0.006963001098483801
3441,0.006962927989661694
3442,0.0069628553465008736
3443,0.0069627827033400536
3444,0.0069627114571630955
3445,0.006962640676647425
3446,0.006962569430470467
3447,0.0069624981842935085
3448,0.006962426006793976
3449,0.006962353829294443
3450,0.00696228165179491
3451,0.00696221087127924
3452,0.006962140090763569
3453,0.006962069310247898
3454,0.00696199806407094
3455,0.006961927283555269
3456,0.006961856037378311
3457,0.006961781997233629
3458,0.0069617098197340965
3459,0.0069616371765732765
3460,0.006961560808122158
3461,0.006961487699300051
3462,0.00696141179651022
3463,0.006961290258914232
3464,0.00696114357560873
3465,0.006960975006222725
3466,0.006960802245885134
3467,0.006960676051676273
3468,0.006960632279515266
3469,0.006960576865822077
3470,0.006960517726838589
3471,0.006960444618016481
3472,0.006960369646549225
3473,0.006960293743759394
3474,0.006960213650017977
3475,0.006960126105695963
3476,0.0069600362330675125
3477,0.006959951017051935
3478,0.006959871388971806
3479,0.006959790363907814
3480,0.006959714461117983
3481,0.006959640420973301
3482,0.0069595701061189175
3483,0.006959500256925821
3484,0.006959423888474703
3485,0.006959345657378435
3486,0.006959271617233753
3487,0.006959197111427784
3488,0.006959119811654091
3489,0.006959044374525547
3490,0.006958969868719578
3491,0.0069588967598974705
3492,0.006958818528801203
3493,0.006958765909075737
3494,0.006958683021366596
3495,0.0069586131721735
3496,0.006958542391657829
3497,0.006958475336432457
3498,0.006958399433642626
3499,0.0069583323784172535
3500,0.006958254612982273
3501,0.00695818429812789
3502,0.006958103273063898
3503,0.006958031561225653
3504,0.006957969628274441
3505,0.0069578890688717365
3506,0.006957830395549536
3507,0.006957761012017727
3508,0.006957686971873045
3509,0.006957619450986385
3510,0.006957550533115864
3511,0.006957473699003458
3512,0.006957396399229765
3513,0.006957325153052807
3514,0.006957251578569412
3515,0.0069571929052472115
3516,0.006957115139812231
3517,0.006957044824957848
3518,0.006956976838409901
3519,0.006956909317523241
3520,0.006956841796636581
3521,0.006956773344427347
3522,0.006956702098250389
3523,0.006956631783396006
3524,0.0069565549492836
3525,0.0069564818404614925
3526,0.006956411059945822
3527,0.006956352386623621
3528,0.006956275086849928
3529,0.006956206168979406
3530,0.006956140976399183
3531,0.006956076715141535
3532,0.006956020370125771
3533,0.006955955643206835
3534,0.006955896969884634
3535,0.006955834571272135
3536,0.006955774500966072
3537,0.006955709308385849
3538,0.00695564690977335
3539,0.006955582648515701
3540,0.006955519784241915
3541,0.006955456919968128
3542,0.006955395918339491
3543,0.006955331191420555
3544,0.006955268327146769
3545,0.006955204531550407
3546,0.006955149117857218
3547,0.00695508299395442
3548,0.006955025717616081
3549,0.006954964715987444
3550,0.006954896729439497
3551,0.0069548338651657104
3552,0.006954774726182222
3553,0.006954710930585861
3554,0.006954648066312075
3555,0.006954587996006012
3556,0.0069545260630548
3557,0.0069544631987810135
3558,0.006954398471862078
3559,0.006954337935894728
3560,0.006954273208975792
3561,0.006954207085072994
3562,0.00695414561778307
3563,0.006954084616154432
3564,0.006954019423574209
3565,0.006953958421945572
3566,0.006953898351639509
3567,0.006953833624720573
3568,0.00695377541705966
3569,0.0069537111558020115
3570,0.0069536506198346615
3571,0.006953584495931864
3572,0.0069535234943032265
3573,0.006953458767384291
3574,0.006953401491045952
3575,0.006953333970159292
3576,0.006953271105885506
3577,0.006953205913305283
3578,0.006953143049031496
3579,0.006953081581741571
3580,0.006953018717467785
3581,0.006952953524887562
3582,0.006952893454581499
3583,0.006952831521630287
3584,0.006952770985662937
3585,0.006952700205147266
3586,0.006952621508389711
3587,0.006952535826712847
3588,0.006952449679374695
3589,0.00695236399769783
3590,0.006952275056391954
3591,0.006952190306037664
3592,0.006952106952667236
3593,0.0069520254619419575
3594,0.006951944436877966
3595,0.00695186760276556
3596,0.006951790302991867
3597,0.006951714400202036
3598,0.006951638963073492
3599,0.0069515639916062355
3600,0.006951486226171255
3601,0.006951409392058849
3602,0.006951329298317432
3603,0.006951251067221165
3604,0.006951173301786184
3605,0.006951101124286652
3606,0.006951026152819395
3607,0.006950947921723127
3608,0.006950876209884882
3609,0.006950803101062775
3610,0.006950730457901955
3611,0.006950659211724997
3612,0.006950588431209326
3613,0.006950526963919401
3614,0.006950453855097294
3615,0.00695039052516222
3616,0.006950317416340113
3617,0.0069502536207437515
3618,0.006950180046260357
3619,0.0069501157850027084
3620,0.006950040813535452
3621,0.006949978414922953
3622,0.00694990623742342
3623,0.006949843838810921
3624,0.0069497739896178246
3625,0.006949714384973049
3626,0.006949644070118666
3627,0.006949583999812603
3628,0.0069495136849582195
3629,0.006949449423700571
3630,0.006949388422071934
3631,0.006949322763830423
3632,0.006949254777282476
3633,0.006949188653379679
3634,0.0069491262547671795
3635,0.006949061527848244
3636,0.0069489991292357445
3637,0.006948935799300671
3638,0.00694887014105916
3639,0.006948806345462799
3640,0.006948743015527725
3641,0.006948681082576513
3642,0.0069486228749156
3643,0.006948559079319239
3644,0.006948495749384165
3645,0.006948435679078102
3646,0.006948372349143028
3647,0.006948308553546667
3648,0.00694824755191803
3649,0.006948183290660381
3650,0.006948118098080158
3651,0.006948057096451521
3652,0.006947996094822884
3653,0.006947934627532959
3654,0.0069478703662753105
3655,0.006947809364646673
3656,0.006947743706405163
3657,0.006947682239115238
3658,0.006947624031454325
3659,0.006947564892470837
3660,0.006947504822164774
3661,0.006947445683181286
3662,0.006947386544197798
3663,0.006947329733520746
3664,0.006947272457182407
3665,0.006947211921215057
3666,0.006947153247892857
3667,0.006947095040231943
3668,0.006947038695216179
3669,0.006946977227926254
3670,0.006946917623281479
3671,0.006946857552975416
3672,0.006946795620024204
3673,0.006946734618395567
3674,0.00694667175412178
3675,0.006946609355509281
3676,0.006946548353880644
3677,0.006946487817913294
3678,0.006946427281945944
3679,0.006946367211639881
3680,0.006946305278688669
3681,0.006946248933672905
3682,0.00694618932902813
3683,0.006946127861738205
3684,0.0069460682570934296
3685,0.00694601284340024
3686,0.0069459532387554646
3687,0.006945895962417126
3688,0.006945839151740074
3689,0.006945780944079161
3690,0.006945723667740822
3691,0.006945667788386345
3692,0.006945611909031868
3693,0.0069455537013709545
3694,0.00694549735635519
3695,0.006945441942662001
3696,0.006945386528968811
3697,0.006945331115275621
3698,0.006945275701582432
3699,0.006945220287889242
3700,0.0069451648741960526
3701,0.006945108529180288
3702,0.006945053581148386
3703,0.00694499583914876
3704,0.006944939959794283
3705,0.0069448878057301044
3706,0.006944832392036915
3707,0.006944776047021151
3708,0.006944718305021524
3709,0.006944663356989622
3710,0.00694460840895772
3711,0.006944553926587105
3712,0.006944497115910053
3713,0.006944443564862013
3714,0.006944391410797834
3715,0.006944335997104645
3716,0.006944280583411455
3717,0.006944227963685989
3718,0.0069441720843315125
3719,0.006944116670638323
3720,0.006944062653928995
3721,0.006944007705897093
3722,0.006943954154849052
3723,0.006943897809833288
3724,0.006943843327462673
3725,0.00694379024207592
3726,0.0069437334313988686
3727,0.0069436789490282536
3728,0.006943622604012489
3729,0.006943569052964449
3730,0.006943511310964823
3731,0.0069434610195457935
3732,0.006943404208868742
3733,0.006943348795175552
3734,0.006943292450159788
3735,0.006943241227418184
3736,0.00694318488240242
3737,0.006943128537386656
3738,0.006943072658032179
3739,0.006943018175661564
3740,0.006942961364984512
3741,0.006942904554307461
3742,0.0069428482092916965
3743,0.006942792795598507
3744,0.006942738313227892
3745,0.00694268150255084
3746,0.006942626088857651
3747,0.006942568812519312
3748,0.006942514330148697
3749,0.006942457053810358
3750,0.006942398846149445
3751,0.006942340638488531
3752,0.006942286621779203
3753,0.0069422293454408646
3754,0.0069421702064573765
3755,0.006942113395780325
3756,0.006942055653780699
3757,0.00694199837744236
3758,0.006941941101104021
3759,0.006941883824765682
3760,0.006941825617104769
3761,0.006941767875105143
3762,0.006941711530089378
3763,0.006941652856767178
3764,0.006941595114767551
3765,0.006941539701074362
3766,0.006941479165107012
3767,0.006941421423107386
3768,0.006941365078091621
3769,0.006941305939108133
3770,0.006941250059753656
3771,0.00694119231775403
3772,0.006941133178770542
3773,0.006941076368093491
3774,0.0069410186260938644
3775,0.006940959487110376
3776,0.0069409022107720375
3777,0.006940844468772411
3778,0.006940786261111498
3779,0.006940728519111872
3780,0.006940671242773533
3781,0.006940614432096481
3782,0.0069405571557581425
3783,0.006940498482435942
3784,0.006940441206097603
3785,0.00694038113579154
3786,0.006940326653420925
3787,0.0069402712397277355
3788,0.006940213032066822
3789,0.006940158549696207
3790,0.0069401017390191555
3791,0.006940045859664679
3792,0.006939988117665052
3793,0.006939931772649288
3794,0.006939874496310949
3795,0.006939817685633898
3796,0.0069397613406181335
3797,0.0069397068582475185
3798,0.00693965470418334
3799,0.006939618848264217
3800,0.006939563900232315
3801,0.0069395084865391254
3802,0.006939456798136234
3803,0.006939395796507597
3804,0.006939328741282225
3805,0.00693927938118577
3806,0.006939223501831293
3807,0.006939161103218794
3808,0.006939107086509466
3809,0.0069390470162034035
3810,0.006938988342881203
3811,0.006938932463526726
3812,0.006938875652849674
3813,0.006938817910850048
3814,0.006938766222447157
3815,0.006938707549124956
3816,0.006938658654689789
3817,0.006938622333109379
3818,0.006938565988093615
3819,0.006938499864190817
3820,0.0069384523667395115
3821,0.006938395090401173
3822,0.006938326172530651
3823,0.0069382768124341965
3824,0.006938221864402294
3825,0.006938159000128508
3826,0.0069381073117256165
3827,0.006938050501048565
3828,0.0069379862397909164
3829,0.006937933154404163
3830,0.00693788006901741
3831,0.006937819067388773
3832,0.00693776598200202
3833,0.006937733385711908
3834,0.006937677972018719
3835,0.0069376216270029545
3836,0.006937564816325903
3837,0.006937513127923012
3838,0.006937449332326651
3839,0.006937386933714151
3840,0.006937339901924133
3841,0.0069372826255857944
3842,0.0069372206926345825
3843,0.006937163416296244
3844,0.00693710520863533
3845,0.006937067024409771
3846,0.006937004160135984
3847,0.006936957128345966
3848,0.006936902645975351
3849,0.0069368318654596806
3850,0.006936756428331137
3851,0.006936702877283096
3852,0.006936642341315746
3853,0.006936574820429087
3854,0.006936526391655207
3855,0.006936457473784685
3856,0.006936406251043081
3857,0.006936363410204649
3858,0.006936296354979277
3859,0.006936240941286087
3860,0.006936169229447842
3861,0.0069361040368676186
3862,0.00693604676052928
3863,0.006935986690223217
3864,0.0069359405897557735
3865,0.006935868412256241
3866,0.006935810204595327
3867,0.006935759913176298
3868,0.0069357044994831085
3869,0.006935644429177046
3870,0.006935570389032364
3871,0.006935505662113428
3872,0.006935387384146452
3873,0.006935234647244215
3874,0.0069350795820355415
3875,0.006934887729585171
3876,0.006934721954166889
3877,0.006934561766684055
3878,0.006934412755072117
3879,0.006934271194040775
3880,0.006934135686606169
3881,0.006934002973139286
3882,0.006933930795639753
3883,0.006933819968253374
3884,0.006933723576366901
3885,0.006933601573109627
3886,0.0069335144944489
3887,0.006933428812772036
3888,0.006933335214853287
3889,0.006933231372386217
3890,0.006933177355676889
3891,0.006933112163096666
3892,0.0069330353289842606
3893,0.0069329203106462955
3894,0.006932842079550028
3895,0.006932778749614954
3896,0.006932694464921951
3897,0.006932602729648352
3898,0.006932573392987251
3899,0.006932530086487532
3900,0.006932459771633148
3901,0.006932349875569344
3902,0.006932283751666546
3903,0.006932235322892666
3904,0.006932140793651342
3905,0.006932036019861698
3906,0.00693197175860405
3907,0.006931919138878584
3908,0.006931823678314686
3909,0.006931766401976347
3910,0.006931712850928307
3911,0.00693162064999342
3912,0.006931539624929428
3913,0.0069314842112362385
3914,0.006931409239768982
3915,0.0069313328713178635
3916,0.0069312904961407185
3917,0.0069311922416090965
3918,0.006931132636964321
3919,0.006931075360625982
3920,0.006931005511432886
3921,0.006930934730917215
3922,0.006930862553417683
3923,0.006930790841579437
3924,0.006930716801434755
3925,0.006930658593773842
3926,0.006930588278919458
3927,0.006930533330887556
3928,0.006930471397936344
3929,0.00693040294572711
3930,0.006930335890501738
3931,0.006930270232260227
3932,0.006930196657776833
3933,0.006930133793503046
3934,0.006930097006261349
3935,0.006930047180503607
3936,0.0069299545139074326
3937,0.006929891183972359
3938,0.00692983902990818
3939,0.006929771509021521
3940,0.0069296881556510925
3941,0.0069296653382480145
3942,0.0069296169094741344
3943,0.006929551251232624
3944,0.006929449737071991
3945,0.006929398514330387
3946,0.006929353345185518
3947,0.006929267663508654
3948,0.0069291964173316956
3949,0.006929138209670782
3950,0.0069290753453969955
3951,0.00692901061847806
3952,0.006928956601768732
3953,0.00692887743934989
3954,0.006928820163011551
3955,0.006928746588528156
3956,0.006928727962076664
3957,0.006928670685738325
3958,0.006928588263690472
3959,0.006928524933755398
3960,0.006928458344191313
3961,0.006928405724465847
3962,0.006928336340934038
3963,0.006928287446498871
3964,0.006928207818418741
3965,0.006928145419806242
3966,0.0069280955940485
3967,0.006928013172000647
3968,0.006927958223968744
3969,0.006927920505404472
3970,0.006927868817001581
3971,0.006927807349711657
3972,0.006927710957825184
3973,0.006927670445293188
3974,0.006927612237632275
3975,0.0069275847636163235
3976,0.006927508395165205
3977,0.0069274138659238815
3978,0.006927371956408024
3979,0.006927308160811663
3980,0.006927243433892727
3981,0.006927212700247765
3982,0.0069271414540708065
3983,0.006927110720425844
3984,0.006927033420652151
3985,0.0069269416853785515
3986,0.006926896516233683
3987,0.0069268676452338696
3988,0.006926760543137789
3989,0.006926721893250942
3990,0.006926683709025383
3991,0.006926608271896839
3992,0.0069265300408005714
3993,0.0069265044294297695
3994,0.006926419213414192
3995,0.006926361937075853
3996,0.006926313508301973
3997,0.006926251575350761
3998,0.006926179863512516
3999,0.006926165893673897
4000,0.006926072295755148
4001,0.006926015019416809
4002,0.007621590048074722
4003,0.006942307110875845
4004,0.0072083380073308945
4005,0.007365472614765167
4006,0.00715492432937026
4007,0.006967262830585241
4008,0.0070116869173944
4009,0.007124132476747036
4010,0.00710772629827261
4011,0.007010383065789938
4012,0.006962116342037916
4013,0.006989744957536459
4014,0.007023975253105164
4015,0.007012846879661083
4016,0.006976153235882521
4017,0.006959529593586922
4018,0.006971699185669422
4019,0.006980003789067268
4020,0.0069659557193517685
4021,0.006947839632630348
4022,0.006946089677512646
4023,0.006955623626708984
4024,0.006959150545299053
4025,0.006949000991880894
4026,0.006935001816600561
4027,0.006933513097465038
4028,0.006943894550204277
4029,0.0069488417357206345
4030,0.006939757149666548
4031,0.006928522605448961
4032,0.006927202455699444
4033,0.006933603901416063
4034,0.006937866564840078
4035,0.006934683304280043
4036,0.0069277104921638966
4037,0.006925266236066818
4038,0.006929126568138599
4039,0.006932550109922886
4040,0.00693052913993597
4041,0.006926165893673897
4042,0.006924753077328205
4043,0.006926767062395811
4044,0.0069285002537071705
4045,0.006927637383341789
4046,0.006925539579242468
4047,0.006924862507730722
4048,0.00692583667114377
4049,0.0069264620542526245
4050,0.006925773806869984
4051,0.006924912333488464
4052,0.006924811284989119
4053,0.006925063673406839
4054,0.006925046909600496
4055,0.006924808956682682
4056,0.00692468648776412
4057,0.006924638524651527
4058,0.006924468092620373
4059,0.006924304645508528
4060,0.0069244117476046085
4061,0.006924489047378302
4062,0.006924277171492577
4063,0.006924022920429707
4064,0.006924066226929426
4065,0.006924248766154051
4066,0.006924199406057596
4067,0.006923931650817394
4068,0.006923810113221407
4069,0.006923944689333439
4070,0.006924043875187635
4071,0.006923875771462917
4072,0.00692371092736721
4073,0.006923743989318609
4074,0.006923839449882507
4075,0.0069237868301570415
4076,0.006923646666109562
4077,0.006923615466803312
4078,0.006923668086528778
4079,0.0069236368872225285
4080,0.0069235628470778465
4081,0.006923543754965067
4082,0.006923555862158537
4083,0.006923537235707045
4084,0.0069234962575137615
4085,0.006923467852175236
4086,0.006923454347997904
4087,0.006923433393239975
4088,0.00692341011017561
4089,0.006923392415046692
4090,0.006923370528966188
4091,0.00692334258928895
4092,0.006923319771885872
4093,0.006923322565853596
4094,0.006923299748450518
4095,0.006923255044966936
4096,0.00692323874682188
4097,0.006923230364918709
4098,0.0069232117384672165
4099,0.006923187989741564
4100,0.006923170760273933
4101,0.006923154927790165
4102,0.006923134438693523
4103,0.006923113949596882
4104,0.00692309346050024
4105,0.006923085544258356
4106,0.006923062261193991
4107,0.006923037581145763
4108,0.006923023145645857
4109,0.006923007778823376
4110,0.006922991946339607
4111,0.006922973319888115
4112,0.006922954693436623
4113,0.006922933738678694
4114,0.006922911386936903
4115,0.006922889966517687
4116,0.006922885775566101
4117,0.00692286342382431
4118,0.006922840140759945
4119,0.0069228229112923145
4120,0.006922802422195673
4121,0.006922785192728043
4122,0.0069227684289216995
4123,0.00692274933680892
4124,0.0069227260537445545
4125,0.006922705564647913
4126,0.006922687403857708
4127,0.006922677159309387
4128,0.006922653876245022
4129,0.006922630593180656
4130,0.006922614295035601
4131,0.006922597531229258
4132,0.0069225807674229145
4133,0.006922562140971422
4134,0.006922543980181217
4135,0.006922523491084576
4136,0.006922503001987934
4137,0.006922482512891293
4138,0.0069224638864398
4139,0.006922443863004446
4140,0.006922425702214241
4141,0.006922406144440174
4142,0.0069223917089402676
4143,0.006922368425875902
4144,0.006922351662069559
4145,0.006922333501279354
4146,0.006922314874827862
4147,0.00692229438573122
4148,0.006922274362295866
4149,0.006922253407537937
4150,0.006922236643731594
4151,0.006922219414263964
4152,0.0069221979938447475
4153,0.006922178436070681
4154,0.006922157481312752
4155,0.006922145374119282
4156,0.006922114174813032
4157,0.006922097411006689
4158,0.006922077853232622
4159,0.006922054570168257
4160,0.006922032684087753
4161,0.006922014523297548
4162,0.006921997293829918
4163,0.006921975873410702
4164,0.006921954452991486
4165,0.006921932101249695
4166,0.006921910680830479
4167,0.00692189484834671
4168,0.006921866443008184
4169,0.006921848282217979
4170,0.006921827327460051
4171,0.006921806372702122
4172,0.006921783555299044
4173,0.006921763066202402
4174,0.006921742577105761
4175,0.006921720691025257
4176,0.0069216955453157425
4177,0.006921670865267515
4178,0.006921646185219288
4179,0.00692162336781621
4180,0.006921601016074419
4181,0.006921575870364904
4182,0.006921552121639252
4183,0.006921533495187759
4184,0.006921504158526659
4185,0.006921486929059029
4186,0.006921461317688227
4187,0.006921435706317425
4188,0.00692141056060791
4189,0.0069213928654789925
4190,0.0069213625974953175
4191,0.006921340711414814
4192,0.006921316962689161
4193,0.006921291351318359
4194,0.0069212717935442924
4195,0.006921242922544479
4196,0.006921222899109125
4197,0.00692119961604476
4198,0.006921174004673958
4199,0.006921149790287018
4200,0.006921128835529089
4201,0.006921101361513138
4202,0.006921080406755209
4203,0.006921055726706982
4204,0.006921029649674892
4205,0.006921005435287952
4206,0.0069209919311106205
4207,0.00692095747217536
4208,0.006920937914401293
4209,0.006920911837369204
4210,0.006920885294675827
4211,0.0069208648055791855
4212,0.006920838262885809
4213,0.00692081730812788
4214,0.006920794956386089
4215,0.006920768879354
4216,0.006920742802321911
4217,0.006920717656612396
4218,0.006920700892806053
4219,0.006920670159161091
4220,0.006920650135725737
4221,0.006920621730387211
4222,0.006920596119016409
4223,0.006920574698597193
4224,0.006920554209500551
4225,0.0069205304607748985
4226,0.0069205062463879585
4227,0.006920479238033295
4228,0.0069204531610012054
4229,0.006920425221323967
4230,0.006920415908098221
4231,0.0069203805178403854
4232,0.006920362822711468
4233,0.006920341867953539
4234,0.006920316722244024
4235,0.006920295301824808
4236,0.006920271087437868
4237,0.006920242216438055
4238,0.006920214742422104
4239,0.00692018773406744
4240,0.006920157931745052
4241,0.006920141167938709
4242,0.006920109502971172
4243,0.00692009087651968
4244,0.006920067593455315
4245,0.006920043844729662
4246,0.006920021492987871
4247,0.006919994484633207
4248,0.006919966544955969
4249,0.00691994046792388
4250,0.006919910199940205
4251,0.006919884122908115
4252,0.0069198692217469215
4253,0.0069198342971503735
4254,0.006919815205037594
4255,0.006919790990650654
4256,0.006919767241925001
4257,0.006919746287167072
4258,0.006919718813151121
4259,0.006919689476490021
4260,0.006919661536812782
4261,0.006919633597135544
4262,0.006919603329151869
4263,0.006919594947248697
4264,0.006919558625668287
4265,0.006919534876942635
4266,0.006919512525200844
4267,0.006919486448168755
4268,0.006919466890394688
4269,0.006919438950717449
4270,0.006919408682733774
4271,0.006919382605701685
4272,0.0069193532690405846
4273,0.006919323466718197
4274,0.006919311359524727
4275,0.006919274106621742
4276,0.006919252686202526
4277,0.006919229403138161
4278,0.006919202860444784
4279,0.00691918283700943
4280,0.0069191548973321915
4281,0.0069191246293485165
4282,0.00691909808665514
4283,0.006919068284332752
4284,0.006919037085026503
4285,0.006919020786881447
4286,0.006918983068317175
4287,0.006918969098478556
4288,0.006918945349752903
4289,0.0069189188070595264
4290,0.006918896455317736
4291,0.006918869912624359
4292,0.006918841041624546
4293,0.006918811704963446
4294,0.006918780971318483
4295,0.006918750237673521
4296,0.0069187297485768795
4297,0.0069186934269964695
4298,0.006918678991496563
4299,0.006918653380125761
4300,0.006918624974787235
4301,0.006918604951351881
4302,0.006918575614690781
4303,0.0069185467436909676
4304,0.006918516010046005
4305,0.0069184862077236176
4306,0.006918455474078655
4307,0.0069184377789497375
4308,0.006918400060385466
4309,0.006918380968272686
4310,0.006918356288224459
4311,0.006918330676853657
4312,0.006918309256434441
4313,0.006918278522789478
4314,0.006918249186128378
4315,0.006918218918144703
4316,0.006918186321854591
4317,0.006918156053870916
4318,0.006918139290064573
4319,0.006918103434145451
4320,0.006918085273355246
4321,0.0069180564023554325
4322,0.006918031722307205
4323,0.006918007042258978
4324,0.006917976308614016
4325,0.00691794790327549
4326,0.006917917635291815
4327,0.006917886435985565
4328,0.006917857564985752
4329,0.006917837541550398
4330,0.0069178007543087006
4331,0.0069177825935184956
4332,0.006917754653841257
4333,0.006917730439454317
4334,0.006917708553373814
4335,0.00691767456009984
4336,0.006917646620422602
4337,0.006917614955455065
4338,0.006917581893503666
4339,0.006917553022503853
4340,0.006917536724358797
4341,0.006917497143149376
4342,0.006917479448020458
4343,0.006917449180036783
4344,0.006917425896972418
4345,0.006917400751262903
4346,0.006917365826666355
4347,0.006917338818311691
4348,0.0069173057563602924
4349,0.0069172740913927555
4350,0.006917244754731655
4351,0.0069172317162156105
4352,0.006917193997651339
4353,0.006917168386280537
4354,0.006917138583958149
4355,0.006917117163538933
4356,0.0069170924834907055
4357,0.00691705709323287
4358,0.006917031481862068
4359,0.006916998419910669
4360,0.006916966289281845
4361,0.006916932761669159
4362,0.00691691879183054
4363,0.006916881538927555
4364,0.006916860584169626
4365,0.006916831713169813
4366,0.006916806101799011
4367,0.006916776765137911
4368,0.006916748825460672
4369,0.006916713900864124
4370,0.006916678976267576
4371,0.006916651036590338
4372,0.006916614715009928
4373,0.006916608661413193
4374,0.006916572339832783
4375,0.006916534621268511
4376,0.006916510406881571
4377,0.006916483398526907
4378,0.006916454993188381
4379,0.006916429381817579
4380,0.006916393060237169
4381,0.006916359066963196
4382,0.00691633066162467
4383,0.006916292477399111
4384,0.006916268263012171
4385,0.006916239857673645
4386,0.006916205398738384
4387,0.006916182115674019
4388,0.006916150916367769
4389,0.006916125304996967
4390,0.00691609364002943
4391,0.006916065700352192
4392,0.00691603310406208
4393,0.00691599864512682
4394,0.006915970239788294
4395,0.0069159576669335365
4396,0.006915917620062828
4397,0.00691588269546628
4398,0.006915859412401915
4399,0.0069158365949988365
4400,0.006915805395692587
4401,0.006915771868079901
4402,0.0069157397374510765
4403,0.006915704812854528
4404,0.006915672216564417
4405,0.0069156549870967865
4406,0.006915615405887365
4407,0.006915595382452011
4408,0.006915565114468336
4409,0.00691553670912981
4410,0.006915512029081583
4411,0.006915475707501173
4412,0.006915444042533636
4413,0.006915411911904812
4414,0.006915376055985689
4415,0.0069153499789536
4416,0.006915312726050615
4417,0.006915283389389515
4418,0.006915250793099403
4419,0.006915227975696325
4420,0.0069151935167610645
4421,0.006915166508406401
4422,0.006915136240422726
4423,0.0069151041097939014
4424,0.006915071979165077
4425,0.006915037985891104
4426,0.0069150193594396114
4427,0.006914977449923754
4428,0.006914946250617504
4429,0.00691491924226284
4430,0.00691488990560174
4431,0.006914863362908363
4432,0.006914833094924688
4433,0.006914801429957151
4434,0.00691476883366704
4435,0.006914733909070492
4436,0.006914703641086817
4437,0.006914671044796705
4438,0.006914640311151743
4439,0.006914608180522919
4440,0.006914578843861818
4441,0.006914549972862005
4442,0.006914523430168629
4443,0.006914488505572081
4444,0.006914458237588406
4445,0.0069144233129918575
4446,0.006914389785379171
4447,0.006914366502314806
4448,0.006914328783750534
4449,0.006914294324815273
4450,0.006914262659847736
4451,0.006914235185831785
4452,0.006914203055202961
4453,0.0069141751155257225
4454,0.006914141122251749
4455,0.006914112251251936
4456,0.006914077792316675
4457,0.006914040539413691
4458,0.006914020515978336
4459,0.006913980934768915
4460,0.006913946010172367
4461,0.006913920398801565
4462,0.006913887802511454
4463,0.0069138603284955025
4464,0.006913831457495689
4465,0.006913797929883003
4466,0.006913764402270317
4467,0.006913729012012482
4468,0.006913692690432072
4469,0.006913665682077408
4470,0.006913633551448584
4471,0.0069136000238358974
4472,0.006913567427545786
4473,0.0069135380908846855
4474,0.006913511082530022
4475,0.006913477089256048
4476,0.006913443561643362
4477,0.006913409102708101
4478,0.006913374178111553
4479,0.006913358811289072
4480,0.006913318764418364
4481,0.006913290359079838
4482,0.006913257297128439
4483,0.0069132354110479355
4484,0.006913201883435249
4485,0.006913162302225828
4486,0.006913129240274429
4487,0.0069130887277424335
4488,0.0069130524061620235
4489,0.0069130221381783485
4490,0.006912988610565662
4491,0.006912954617291689
4492,0.006912930402904749
4493,0.006912889424711466
4494,0.006912860553711653
4495,0.006912827491760254
4496,0.006912794895470142
4497,0.006912757642567158
4498,0.006912727374583483
4499,0.006912698969244957
4500,0.006912659853696823
4501,0.006912626791745424
4502,0.006912602577358484
4503,0.006912567652761936
4504,0.006912535522133112
4505,0.006912499200552702
4506,0.006912466138601303
4507,0.006912426091730595
4508,0.006912405136972666
4509,0.006912369281053543
4510,0.0069123366847634315
4511,0.006912301294505596
4512,0.006912266835570335
4513,0.006912241689860821
4514,0.006912204436957836
4515,0.006912171375006437
4516,0.0069121369160711765
4517,0.006912111770361662
4518,0.006912074983119965
4519,0.006912042386829853
4520,0.006912006996572018
4521,0.006911966484040022
4522,0.006911945063620806
4523,0.006911899894475937
4524,0.006911870092153549
4525,0.006911830976605415
4526,0.006911802105605602
4527,0.0069117737002670765
4528,0.0069117359817028046
4529,0.006911700125783682
4530,0.006911647971719503
4531,0.00691160187125206
4532,0.006911558099091053
4533,0.006911509204655886
4534,0.006911461241543293
4535,0.0069114132784307
4536,0.006911362987011671
4537,0.006911309435963631
4538,0.006911258678883314
4539,0.00691120233386755
4540,0.006911143660545349
4541,0.006911096628755331
4542,0.006911041215062141
4543,0.006910985801368952
4544,0.006910927128046751
4545,0.006910873576998711
4546,0.0069108265452086926
4547,0.006910773925483227
4548,0.006910719443112612
4549,0.0069106584414839745
4550,0.00691061420366168
4551,0.006910552270710468
4552,0.006910503376275301
4553,0.006910459604114294
4554,0.006910393014550209
4555,0.0069103483110666275
4556,0.006910301279276609
4557,0.006910248659551144
4558,0.006910214200615883
4559,0.0069101471453905106
4560,0.0069101047702133656
4561,0.006910051219165325
4562,0.0069099958054721355
4563,0.006909961812198162
4564,0.006909903604537249
4565,0.006909852847456932
4566,0.0069098155945539474
4567,0.006909760646522045
4568,0.0069097173400223255
4569,0.006909687537699938
4570,0.006909630261361599
4571,0.006909594405442476
4572,0.006909546442329884
4573,0.00690949521958828
4574,0.006909458432346582
4575,0.006909440271556377
4576,0.006909395568072796
4577,0.006909368094056845
4578,0.0069093420170247555
4579,0.006909314077347517
4580,0.006909277755767107
4581,0.006909238640218973
4582,0.0069091967307031155
4583,0.006909153889864683
4584,0.006909111514687538
4585,0.006909092888236046
4586,0.0069090439938008785
4587,0.006909016519784927
4588,0.006908976472914219
4589,0.006908948067575693
4590,0.006908909883350134
4591,0.006908867042511702
4592,0.0069088260643184185
4593,0.006908786483108997
4594,0.006908745970577002
4595,0.0069087352603673935
4596,0.006908688228577375
4597,0.006908652372658253
4598,0.006908597890287638
4599,0.006908542010933161
4600,0.00690848333761096
4601,0.006908402778208256
4602,0.0069083296693861485
4603,0.006908244453370571
4604,0.006908158306032419
4605,0.006908082868903875
4606,0.006907990667968988
4607,0.006907909642904997
4608,0.00690782256424427
4609,0.006907744333148003
4610,0.0069076623767614365
4611,0.00690757529810071
4612,0.006907506845891476
4613,0.0069074127823114395
4614,0.006907335482537746
4615,0.006907261908054352
4616,0.006907185539603233
4617,0.0069071101024746895
4618,0.006907035131007433
4619,0.006906973198056221
4620,0.006906889844685793
4621,0.006906820926815271
4622,0.006906750146299601
4623,0.006906681694090366
4624,0.006906617898494005
4625,0.006906550377607346
4626,0.006906483788043261
4627,0.006906416267156601
4628,0.006906351074576378
4629,0.006906281691044569
4630,0.0069062127731740475
4631,0.006906167138367891
4632,0.006906080991029739
4633,0.006906020920723677
4634,0.006905949674546719
4635,0.0069058858789503574
4636,0.006905803456902504
4637,0.006905723828822374
4638,0.006905641406774521
4639,0.006905557122081518
4640,0.006905474700033665
4641,0.006905393674969673
4642,0.006905336864292622
4643,0.0069052488543093204
4644,0.006905172485858202
4645,0.006905104033648968
4646,0.0069050416350364685
4647,0.006904966197907925
4648,0.00690489774569869
4649,0.006904819514602423
4650,0.00690474221482873
4651,0.0069046663120388985
4652,0.006904591340571642
4653,0.006904555018991232
4654,0.006904479116201401
4655,0.006904398091137409
4656,0.006904343608766794
4657,0.00690428726375103
4658,0.006904221139848232
4659,0.006904157809913158
4660,0.0069040898233652115
4661,0.006904024165123701
4662,0.0069039566442370415
4663,0.006903917994350195
4664,0.006903850939124823
4665,0.006903786212205887
4666,0.0069037312641739845
4667,0.0069036828354001045
4668,0.006903619039803743
4669,0.0069035631604492664
4670,0.006903493776917458
4671,0.006903431378304958
4672,0.0069033741019666195
4673,0.006903317291289568
4674,0.006903261411935091
4675,0.006903199013322592
4676,0.006903146393597126
4677,0.006903099361807108
4678,0.006903044879436493
4679,0.0069029913283884525
4680,0.00690293125808239
4681,0.006902876775711775
4682,0.0069028413854539394
4683,0.00690277898684144
4684,0.006902731955051422
4685,0.006902683991938829
4686,0.006902643945068121
4687,0.006902580615133047
4688,0.006902528461068869
4689,0.006902470253407955
4690,0.006902420427650213
4691,0.006902365945279598
4692,0.006902316585183144
4693,0.006902264431118965
4694,0.0069022285751998425
4695,0.006902170833200216
4696,0.00690212519839406
4697,0.006902079563587904
4698,0.006902023684233427
4699,0.006901970133185387
4700,0.0069019366055727005
4701,0.00690188305452466
4702,0.006901836954057217
4703,0.006901782471686602
4704,0.00690174475312233
4705,0.006901693996042013
4706,0.006901635322719812
4707,0.006901601795107126
4708,0.006901553366333246
4709,0.006901513319462538
4710,0.006901465822011232
4711,0.006901412736624479
4712,0.006901360582560301
4713,0.006901303771883249
4714,0.006901289336383343
4715,0.006901221349835396
4716,0.006901179905980825
4717,0.006901134271174669
4718,0.006901098415255547
4719,0.006901041138917208
4720,0.0069009969010949135
4721,0.0069009349681437016
4722,0.0069008865393698215
4723,0.006900853011757135
4724,0.00690080551430583
4725,0.006900759879499674
4726,0.006900714244693518
4727,0.006900670938193798
4728,0.006900620646774769
4729,0.006900566164404154
4730,0.00690050981938839
4731,0.006900452543050051
4732,0.0069004325196146965
4733,0.006900366395711899
4734,0.006900327745825052
4735,0.006900272332131863
4736,0.0069002448581159115
4737,0.0069001829251646996
4738,0.0069001358933746815
4739,0.006900076288729906
4740,0.006900020409375429
4741,0.0069000013172626495
4742,0.00689993379637599
4743,0.0068998998031020164
4744,0.006899842992424965
4745,0.006899816449731588
4746,0.006899749860167503
4747,0.006899709813296795
4748,0.006899648811668158
4749,0.006899594329297543
4750,0.006899573374539614
4751,0.006899507716298103
4752,0.0068994793109595776
4753,0.006899419706314802
4754,0.006899399217218161
4755,0.006899326574057341
4756,0.006899290252476931
4757,0.006899220868945122
4758,0.006899169646203518
4759,0.006899149622768164
4760,0.006899082567542791
4761,0.006899060215801001
4762,0.006898990832269192
4763,0.0068989708088338375
4764,0.006898902356624603
4765,0.006898865569382906
4766,0.006898798048496246
4767,0.006898748222738504
4768,0.006898724474012852
4769,0.006898660212755203
4770,0.006898634601384401
4771,0.006898572668433189
4772,0.006898554973304272
4773,0.006898481398820877
4774,0.006898452062159777
4775,0.0068983775563538074
4776,0.006898330524563789
4777,0.0068982988595962524
4778,0.0068982429802417755
4779,0.006898189429193735
4780,0.006898148451000452
4781,0.006898100022226572
4782,0.006898052059113979
4783,0.006898018531501293
4784,0.006897957529872656
4785,0.0068979146890342236
4786,0.006897849962115288
4787,0.006897833198308945
4788,0.006897768937051296
4789,0.006897729821503162
4790,0.0068976907059550285
4791,0.00689765065908432
4792,0.006897598970681429
4793,0.006897549144923687
4794,0.006897491402924061
4795,0.006897440180182457
4796,0.006897413171827793
4797,0.0068973638117313385
4798,0.006897313054651022
4799,0.006897283252328634
4800,0.006897235754877329
4801,0.006897191982716322
4802,0.006897141225636005
4803,0.006897080689668655
4804,0.006897029932588339
4805,0.006896986160427332
4806,0.006896945647895336
4807,0.006896889768540859
4808,0.006896842736750841
4809,0.006896805949509144
4810,0.006896763574331999
4811,0.006896717939525843
4812,0.006896665319800377
4813,0.006896611303091049
4814,0.0068965754471719265
4815,0.006896521896123886
4816,0.006896472070366144
4817,0.006896433420479298
4818,0.006896383129060268
4819,0.0068963454104959965
4820,0.006896297447383404
4821,0.006896251812577248
4822,0.006896197330206633
4823,0.006896146107465029
4824,0.0068961214274168015
4825,0.0068960608914494514
4826,0.006896022707223892
4827,0.006895983126014471
4828,0.006895944941788912
4829,0.006895896978676319
4830,0.006895844358950853
4831,0.006895788945257664
4832,0.006895736325532198
4833,0.006895706057548523
4834,0.006895650178194046
4835,0.006895611993968487
4836,0.006895571481436491
4837,0.006895530037581921
4838,0.006895481608808041
4839,0.006895431783050299
4840,0.006895372178405523
4841,0.006895321421325207
4842,0.006895294412970543
4843,0.006895238533616066
4844,0.006895193364471197
4845,0.006895146332681179
4846,0.006895115599036217
4847,0.006895058788359165
4848,0.006895013619214296
4849,0.006894947960972786
4850,0.0068949004635214806
4851,0.006894858554005623
4852,0.006894808262586594
4853,0.006894753314554691
4854,0.006894710008054972
4855,0.006894669495522976
4856,0.00689462386071682
4857,0.0068945735692977905
4858,0.006894521415233612
4859,0.00689446646720171
4860,0.006894424557685852
4861,0.006894378457218409
4862,0.006894321646541357
4863,0.006894283462315798
4864,0.006894235499203205
4865,0.00689420010894537
4866,0.006894148886203766
4867,0.006894100923091173
4868,0.006894043646752834
4869,0.006893991492688656
4870,0.006893958430737257
4871,0.0068938955664634705
4872,0.006893862504512072
4873,0.006893821060657501
4874,0.006893777754157782
4875,0.006893727462738752
4876,0.006893668789416552
4877,0.006893616635352373
4878,0.006893560290336609
4879,0.006893538404256105
4880,0.006893476936966181
4881,0.0068934280425310135
4882,0.0068933917209506035
4883,0.00689335074275732
4884,0.006893299054354429
4885,0.006893249694257975
4886,0.006893186829984188
4887,0.00689313467592001
4888,0.006893102079629898
4889,0.006893052253872156
4890,0.006893002428114414
4891,0.006892961449921131
4892,0.006892920937389135
4893,0.006892871577292681
4894,0.006892820354551077
4895,0.006892758421599865
4896,0.006892704870551825
4897,0.006892665755003691
4898,0.006892621051520109
4899,0.006892564240843058
4900,0.0068925293162465096
4901,0.006892484612762928
4902,0.006892438977956772
4903,0.00689238216727972
4904,0.006892325356602669
4905,0.006892272736877203
4906,0.00689223175868392
4907,0.006892188917845488
4908,0.0068921311758458614
4909,0.006892106961458921
4910,0.006892050616443157
4911,0.006892010569572449
4912,0.006891950033605099
4913,0.0068918983452022076
4914,0.006891842931509018
4915,0.00689181312918663
4916,0.006891760043799877
4917,0.00689169904217124
4918,0.006891669239848852
4919,0.006891618482768536
4920,0.006891575641930103
4921,0.006891516502946615
4922,0.0068914624862372875
4923,0.006891405209898949
4924,0.006891386117786169
4925,0.006891327910125256
4926,0.006891273427754641
4927,0.006891240365803242
4928,0.006891188677400351
4929,0.006891143042594194
4930,0.006891084834933281
4931,0.006891027558594942
4932,0.006890968419611454
4933,0.006890942342579365
4934,0.0068908920511603355
4935,0.0068908254615962505
4936,0.006890793796628714
4937,0.0068907407112419605
4938,0.006890700198709965
4939,0.006890637334436178
4940,0.006890580989420414
4941,0.006890520919114351
4942,0.006890479940921068
4943,0.006890429649502039
4944,0.006890370976179838
4945,0.006890343502163887
4946,0.006890288554131985
4947,0.006890244781970978
4948,0.006890176795423031
4949,0.006890118587762117
4950,0.006890062242746353
4951,0.006890039891004562
4952,0.0068899765610694885
4953,0.006889914162456989
4954,0.0068898880854249
4955,0.006889833603054285
4956,0.006889793090522289
4957,0.006889720913022757
4958,0.006889669224619865
4959,0.006889606826007366
4960,0.006889583542943001
4961,0.006889524403959513
4962,0.006889458745718002
4963,0.00688943499699235
4964,0.006889380514621735
4965,0.00688932603225112
4966,0.0068892682902514935
4967,0.006889213342219591
4968,0.006889157462865114
4969,0.006889133248478174
4970,0.006889074109494686
4971,0.006889014039188623
4972,0.006888980977237225
4973,0.006888930220156908
4974,0.006888879928737879
4975,0.006888822186738253
4976,0.006888761650770903
4977,0.006888703443109989
4978,0.006888668518513441
4979,0.006888609379529953
4980,0.00688856141641736
4981,0.006888531614094973
4982,0.006888477131724358
4983,0.0068884361535310745
4984,0.006888371426612139
4985,0.006888313684612513
4986,0.006888255011290312
4987,0.006888227537274361
4988,0.006888165604323149
4989,0.006888111587613821
4990,0.006888082250952721
4991,0.006888031028211117
4992,0.006887985859066248
4993,0.006887916475534439
4994,0.006887865252792835
4995,0.006887807510793209
4996,0.0068877763114869595
4997,0.006887719966471195
4998,0.006887662690132856
4999,0.006887625902891159
5000,0.006887579802423716
5001,0.006887533701956272
5002,0.00688747176900506
5003,0.006887415423989296
5004,0.006887356750667095
5005,0.006887324154376984
5006,0.006887267343699932
5007,0.006887219380587339
5008,0.006887184921652079
5009,0.006887140218168497
5010,0.006887093186378479
5011,0.0068870289251208305
5012,0.006886974908411503
5013,0.006886920891702175
5014,0.006886898074299097
5015,0.0068868305534124374
5016,0.006886779330670834
5017,0.006886748131364584
5018,0.006886700633913279
5019,0.006886657793074846
5020,0.006886592600494623
5021,0.006886535789817572
5022,0.006886479444801807
5023,0.006886444520205259
5024,0.006886380258947611
5025,0.006886338349431753
5026,0.006886306684464216
5027,0.0068862540647387505
5028,0.006886207964271307
5029,0.006886149290949106
5030,0.0068860952742397785
5031,0.0068860347382724285
5032,0.006886003538966179
5033,0.006885940209031105
5034,0.00688589084893465
5035,0.00688586663454771
5036,0.006885823328047991
5037,0.0068857683800160885
5038,0.006885708775371313
5039,0.00688564870506525
5040,0.00688559515401721
5041,0.006885581184178591
5042,0.006885521113872528
5043,0.006885460112243891
5044,0.006885427050292492
5045,0.006885380018502474
5046,0.006885329261422157
5047,0.006885269656777382
5048,0.00688521470874548
5049,0.00688515417277813
5050,0.006885124836117029
5051,0.006885065231472254
5052,0.006885010749101639
5053,0.00688497768715024
5054,0.006884929724037647
5055,0.006884879898279905
5056,0.0068848151713609695
5057,0.0068847560323774815
5058,0.006884698756039143
5059,0.006884662434458733
5060,0.006884593982249498
5061,0.006884551141411066
5062,0.006884511094540358
5063,0.006884468253701925
5064,0.006884410046041012
5065,0.006884350907057524
5066,0.006884283851832151
5067,0.006884230766445398
5068,0.0068841977044939995
5069,0.0068841353058815
5070,0.006884073372930288
5071,0.00688404543325305
5072,0.006883996073156595
5073,0.0068839434534311295
5074,0.0068838768638670444
5075,0.00688382051885128
5076,0.006883764173835516
5077,0.006883733440190554
5078,0.006883660331368446
5079,0.006883610971271992
5080,0.006883573718369007
5081,0.006883525755256414
5082,0.0068834759294986725
5083,0.006883410736918449
5084,0.006883344613015652
5085,0.006883290130645037
5086,0.0068832458928227425
5087,0.006883178371936083
5088,0.006883143913000822
5089,0.006883108522742987
5090,0.006883053574711084
5091,0.006883007474243641
5092,0.00688293669372797
5093,0.006882885470986366
5094,0.006882821209728718
5095,0.0068827904760837555
5096,0.006882724817842245
5097,0.006882675923407078
5098,0.006882638204842806
5099,0.006882590241730213
5100,0.006882537622004747
5101,0.0068824756890535355
5102,0.006882416550070047
5103,0.006882354151457548
5104,0.0068823182955384254
5105,0.006882261019200087
5106,0.006882197689265013
5107,0.006882158108055592
5108,0.00688211852684617
5109,0.006882072426378727
5110,0.006882016081362963
5111,0.006881951354444027
5112,0.006881901528686285
5113,0.0068818386644124985
5114,0.006881821434944868
5115,0.006881751585751772
5116,0.006881693843752146
5117,0.006881664972752333
5118,0.006881616543978453
5119,0.006881569977849722
5120,0.006881496869027615
5121,0.006881437264382839
5122,0.006881375331431627
5123,0.0068813506513834
5124,0.006881276145577431
5125,0.006881240289658308
5126,0.006881202571094036
5127,0.006881146226078272
5128,0.006881102453917265
5129,0.006881037261337042
5130,0.006880967877805233
5131,0.006880916189402342
5132,0.006880882661789656
5133,0.006880811881273985
5134,0.0068807522766292095
5135,0.006880701519548893
5136,0.006880649831146002
5137,0.006880607455968857
5138,0.006880548316985369
5139,0.006880507338792086
5140,0.0068804542534053326
5141,0.006880396045744419
5142,0.0068803452886641026
5143,0.006880308501422405
5144,0.006880251690745354
5145,0.006880199536681175
5146,0.006880144122987986
5147,0.006880099419504404
5148,0.00688004307448864
5149,0.0068799955770373344
5150,0.006879937369376421
5151,0.006879893131554127
5152,0.006879838649183512
5153,0.006879801861941814
5154,0.0068797399289906025
5155,0.006879688706248999
5156,0.006879640277475119
5157,0.006879583466798067
5158,0.0068795327097177505
5159,0.006879481486976147
5160,0.006879438646137714
5161,0.006879372522234917
5162,0.006879332009702921
5163,0.006879276130348444
5164,0.0068792239762842655
5165,0.006879181135445833
5166,0.006879125256091356
5167,0.006879071239382029
5168,0.006879023276269436
5169,0.006878985092043877
5170,0.006878922693431377
5171,0.006878873333334923
5172,0.006878821644932032
5173,0.006878766231238842
5174,0.006878734566271305
5175,0.006878682877868414
5176,0.0068786246702075005
5177,0.006878562271595001
5178,0.0068785217590630054
5179,0.0068784779869019985
5180,0.006878410000354052
5181,0.006878368090838194
5182,0.006878318730741739
5183,0.00687825633212924
5184,0.006878205109387636
5185,0.006878153886646032
5186,0.006878106854856014
5187,0.0068780528381466866
5188,0.006878000218421221
5189,0.006877948064357042
5190,0.006877914071083069
5191,0.006877850741147995
5192,0.006877809297293425
5193,0.006877753417938948
5194,0.006877698935568333
5195,0.006877652369439602
5196,0.006877612322568893
5197,0.006877557840198278
5198,0.006877507548779249
5199,0.006877453066408634
5200,0.006877394858747721
5201,0.006877346429973841
5202,0.006877299398183823
5203,0.006877245381474495
5204,0.006877182051539421
5205,0.006877135951071978
5206,0.006877116393297911
5207,0.0068770418874919415
5208,0.006876987870782614
5209,0.006876930128782988
5210,0.006876879371702671
5211,0.006876836530864239
5212,0.006876785308122635
5213,0.006876741070300341
5214,0.00687668239697814
5215,0.006876630708575249
5216,0.0068765729665756226
5217,0.006876526400446892
5218,0.0068764821626245975
5219,0.00687642814591527
5220,0.006876370403915644
5221,0.006876317784190178
5222,0.0068762958981096745
5223,0.00687622744590044
5224,0.0068761748261749744
5225,0.00687612546607852
5226,0.006876079365611076
5227,0.006876039318740368
5228,0.006875978317111731
5229,0.006875931750983
5230,0.006875887047499418
5231,0.006875831168144941
5232,0.006875770632177591
5233,0.0068757240660488605
5234,0.006875679828226566
5235,0.006875629536807537
5236,0.006875570397824049
5237,0.006875517778098583
5238,0.006875502876937389
5239,0.006875429302453995
5240,0.0068753669038414955
5241,0.0068753184750676155
5242,0.00687527097761631
5243,0.0068752337247133255
5244,0.006875178311020136
5245,0.006875120103359222
5246,0.00687507214024663
5247,0.006875027436763048
5248,0.0068749673664569855
5249,0.006874913815408945
5250,0.006874868180602789
5251,0.0068748206831514835
5252,0.0068747675977647305
5253,0.006874709855765104
5254,0.0068746814504265785
5255,0.006874639540910721
5256,0.006874582264572382
5257,0.006874517537653446
5258,0.006874470971524715
5259,0.006874413695186377
5260,0.006874371785670519
5261,0.006874321959912777
5262,0.006874270271509886
5263,0.006874216720461845
5264,0.006874164566397667
5265,0.006874134764075279
5266,0.006874080281704664
5267,0.0068740337155759335
5268,0.0068739946000278
5269,0.006873942445963621
5270,0.00687389774248004
5271,0.006873849779367447
5272,0.006873783189803362
5273,0.0068737175315618515
5274,0.0068736812099814415
5275,0.006873629987239838
5276,0.006873567122966051
5277,0.006873532198369503
5278,0.006873474456369877
5279,0.006873413920402527
5280,0.006873382721096277
5281,0.006873320788145065
5282,0.006873267237097025
5283,0.006873224396258593
5284,0.006873163394629955
5285,0.006873121485114098
5286,0.006873067002743483
5287,0.006873026955872774
5288,0.006872966885566711
5289,0.006872913334518671
5290,0.00687288586050272
5291,0.006872844882309437
5292,0.0068727899342775345
5293,0.006872722879052162
5294,0.0068726749159395695
5295,0.006872630212455988
5296,0.00687258830294013
5297,0.006872533354908228
5298,0.006872495636343956
5299,0.00687245512381196
5300,0.006872386205941439
5301,0.006872312631458044
5302,0.006872313097119331
5303,0.006872254423797131
5304,0.006872176192700863
5305,0.006872124504297972
5306,0.006872085854411125
5307,0.0068720425479114056
5308,0.006871968042105436
5309,0.006871933117508888
5310,0.0068718926049768925
5311,0.006871838588267565
5312,0.006871775723993778
5313,0.006871743127703667
5314,0.0068716853857040405
5315,0.006871637422591448
5316,0.00687157828360796
5317,0.006871533580124378
5318,0.006871487945318222
5319,0.006871430203318596
5320,0.006871388293802738
5321,0.006871344987303019
5322,0.006871279329061508
5323,0.006871230900287628
5324,0.006871210876852274
5325,0.0068711345084011555
5326,0.006871084216982126
5327,0.0068710423074662685
5328,0.006870987359434366
5329,0.006870930083096027
5330,0.006870879326015711
5331,0.006870841141790152
5332,0.006870788522064686
5333,0.006870724726468325
5334,0.00687067024409771
5335,0.00687064416706562
5336,0.006870581768453121
5337,0.0068705338053405285
5338,0.006870477460324764
5339,0.006870429962873459
5340,0.006870387587696314
5341,0.006870335899293423
5342,0.006870289333164692
5343,0.006870248820632696
5344,0.006870193872600794
5345,0.006870124954730272
5346,0.006870083976536989
5347,0.006870048586279154
5348,0.006869989912956953
5349,0.006869929376989603
5350,0.006869889330118895
5351,0.006869829259812832
5352,0.006869772914797068
5353,0.006869732402265072
5354,0.006869679316878319
5355,0.0068696243688464165
5356,0.006869571283459663
5357,0.006869532633572817
5358,0.006869473960250616
5359,0.0068694246001541615
5360,0.006869371049106121
5361,0.006869323551654816
5362,0.006869270466268063
5363,0.006869216915220022
5364,0.006869181524962187
5365,0.006869139615446329
5366,0.006869083736091852
5367,0.006869015283882618
5368,0.006868971977382898
5369,0.006868922151625156
5370,0.0068688769824802876
5371,0.00686881598085165
5372,0.006868768483400345
5373,0.006868706550449133
5374,0.006868667900562286
5375,0.00686864135786891
5376,0.0068685817532241344
5377,0.0068685151636600494
5378,0.006868478376418352
5379,0.006868408527225256
5380,0.006868365220725536
5381,0.006868322845548391
5382,0.006868280470371246
5383,0.006868208758533001
5384,0.006868136581033468
5385,0.0068681021220982075
5386,0.006868042983114719
5387,0.006867978256195784
5388,0.006867919582873583
5389,0.006867879536002874
5390,0.006867814809083939
5391,0.006867750082165003
5392,0.006867740303277969
5393,0.006867674179375172
5394,0.0068675982765853405
5395,0.006867558695375919
5396,0.006867476273328066
5397,0.006867416203022003
5398,0.006867407821118832
5399,0.006867340300232172
5400,0.006867247633635998
5401,0.00686721783131361
5402,0.006867159623652697
5403,0.006867085117846727
5404,0.006867081858217716
5405,0.006867050193250179
5406,0.006866934709250927
5407,0.006866889540106058
5408,0.006866842973977327
5409,0.006866735406219959
5410,0.006866706069558859
5411,0.00686663668602705
5412,0.006866597104817629
5413,0.0068665496073663235
5414,0.006866477895528078
5415,0.006866391282528639
5416,0.006866346579045057
5417,0.006866281386464834
5418,0.006866224110126495
5419,0.006866164039820433
5420,0.006866108626127243
5421,0.0068660518154501915
5422,0.006865987088531256
5423,0.006865937262773514
5424,0.006865904666483402
5425,0.00686584273353219
5426,0.006865782663226128
5427,0.006865727715194225
5428,0.006865655537694693
5429,0.006865601055324078
5430,0.0068655358627438545
5431,0.006865500472486019
5432,0.006865462753921747
5433,0.006865416653454304
5434,0.00686535844579339
5435,0.006865288596600294
5436,0.006865226663649082
5437,0.006865137256681919
5438,0.006865095347166061
5439,0.006865059025585651
5440,0.006865028757601976
5441,0.006864994298666716
5442,0.006864927243441343
5443,0.006864896044135094
5444,0.0068648699671030045
5445,0.006864787545055151
5446,0.006864698138087988
5447,0.00686462689191103
5448,0.006864549592137337
5449,0.006864460185170174
5450,0.0068643842823803425
5451,0.006864343304187059
5452,0.006864304654300213
5453,0.006864264607429504
5454,0.006864223629236221
5455,0.006864160764962435
5456,0.006864089518785477
5457,0.006864065770059824
5458,0.006863993126899004
5459,0.00686394888907671
5460,0.006863888818770647
5461,0.00686382781714201
5462,0.006863770075142384
5463,0.006863685324788094
5464,0.0068636261858046055
5465,0.0068635279312729836
5466,0.0068634748458862305
5467,0.0068634324707090855
5468,0.006863391026854515
5469,0.006863343995064497
5470,0.006863289047032595
5471,0.006863235030323267
5472,0.006863211281597614
5473,0.006863162852823734
5474,0.006863150745630264
5475,0.006863104645162821
5476,0.0068630557507276535
5477,0.006863020360469818
5478,0.006862973794341087
5479,0.006862927693873644
5480,0.006862940266728401
5481,0.006862952373921871
5482,0.006863045506179333
5483,0.00686314282938838
5484,0.006863364018499851
5485,0.006863759830594063
5486,0.006864496972411871
5487,0.006866042036563158
5488,0.006869245320558548
5489,0.006875408347696066
5490,0.006888548843562603
5491,0.0069101713597774506
5492,0.0069409506395459175
5493,0.006937396712601185
5494,0.0069058178924024105
5495,0.006865768227726221
5496,0.006872766651213169
5497,0.006898204796016216
5498,0.00688619539141655
5499,0.0068637290969491005
5500,0.006868426222354174
5501,0.006881905719637871
5502,0.006872908212244511
5503,0.0068615335039794445
5504,0.006870877463370562
5505,0.006873162463307381
5506,0.006862492300570011
5507,0.00686468044295907
5508,0.006869437173008919
5509,0.006863624323159456
5510,0.00686176773160696
5511,0.006865336559712887
5512,0.00686379661783576
5513,0.00686102407053113
5514,0.006862714886665344
5515,0.006863127928227186
5516,0.00686104129999876
5517,0.006861446425318718
5518,0.006862355396151543
5519,0.006861074361950159
5520,0.00686083035543561
5521,0.006861664820462465
5522,0.006861045956611633
5523,0.006860536523163319
5524,0.0068610361777246
5525,0.006860856432467699
5526,0.006860361434519291
5527,0.006860644556581974
5528,0.00686064176261425
5529,0.00686020078137517
5530,0.006860331632196903
5531,0.0068604289554059505
5532,0.006860108580440283
5533,0.006860052701085806
5534,0.00686018168926239
5535,0.0068599870428442955
5536,0.006859863176941872
5537,0.006859937682747841
5538,0.006859845947474241
5539,0.006859707646071911
5540,0.006859723478555679
5541,0.006859688553959131
5542,0.006859550252556801
5543,0.0068595316261053085
5544,0.006859526038169861
5545,0.006859415210783482
5546,0.006859384477138519
5547,0.006859361659735441
5548,0.006859292276203632
5549,0.006859245244413614
5550,0.006859188433736563
5551,0.006859141867607832
5552,0.006859076675027609
5553,0.006859029643237591
5554,0.00685899006202817
5555,0.006858930457383394
5556,0.006858887616544962
5557,0.006858835928142071
5558,0.006858792155981064
5559,0.006858752574771643
5560,0.006858709268271923
5561,0.006858658045530319
5562,0.00685860263183713
5563,0.006858550012111664
5564,0.006858497392386198
5565,0.006858449894934893
5566,0.006858403328806162
5567,0.006858356297016144
5568,0.00685831718146801
5569,0.006858273409307003
5570,0.006858223117887974
5571,0.0068581788800656796
5572,0.006858138367533684
5573,0.006858079228550196
5574,0.006858036853373051
5575,0.006857981905341148
5576,0.006857928354293108
5577,0.006857894826680422
5578,0.006857835687696934
5579,0.006857786327600479
5580,0.006857745349407196
5581,0.006857700180262327
5582,0.006857654545456171
5583,0.00685761496424675
5584,0.0068575660698115826
5585,0.006857516244053841
5586,0.006857472471892834
5587,0.006857411935925484
5588,0.0068573676981031895
5589,0.006857323460280895
5590,0.006857266649603844
5591,0.006857224274426699
5592,0.006857178173959255
5593,0.006857129279524088
5594,0.00685708224773407
5595,0.006857031956315041
5596,0.006856983061879873
5597,0.006856934633105993
5598,0.006856892723590136
5599,0.006856848020106554
5600,0.006856807507574558
5601,0.006856759078800678
5602,0.006856708321720362
5603,0.006856652442365885
5604,0.006856604944914579
5605,0.006856556050479412
5606,0.006856509950011969
5607,0.0068564643152058125
5608,0.006856419611722231
5609,0.006856369320303202
5610,0.00685631949454546
5611,0.006856270134449005
5612,0.006856218911707401
5613,0.006856175139546394
5614,0.006856126710772514
5615,0.006856080610305071
5616,0.0068560331128537655
5617,0.006855986546725035
5618,0.0068559483624994755
5619,0.006855908315628767
5620,0.006855852901935577
5621,0.006855804473161697
5622,0.006855759769678116
5623,0.006855707615613937
5624,0.006855660118162632
5625,0.006855613552033901
5626,0.006855565123260021
5627,0.006855526939034462
5628,0.006855471525341272
5629,0.0068554203025996685
5630,0.00685537327080965
5631,0.006855327170342207
5632,0.006855280138552189
5633,0.006855236832052469
5634,0.006855189800262451
5635,0.006855142302811146
5636,0.006855108309537172
5637,0.006855062209069729
5638,0.006855019833892584
5639,0.006854963023215532
5640,0.006854919251054525
5641,0.00685486663132906
5642,0.006854824721813202
5643,0.0068547772243618965
5644,0.006854727398604155
5645,0.006854684557765722
5646,0.006854638922959566
5647,0.006854587234556675
5648,0.006854536943137646
5649,0.006854482460767031
5650,0.0068544321693480015
5651,0.0068543823435902596
5652,0.006854336708784103
5653,0.006854284554719925
5654,0.006854234728962183
5655,0.006854190956801176
5656,0.006854163017123938
5657,0.006854120176285505
5658,0.006854057777673006
5659,0.006854005623608828
5660,0.006853957194834948
5661,0.006853905972093344
5662,0.006853856146335602
5663,0.006853800732642412
5664,0.006853756029158831
5665,0.0068537164479494095
5666,0.0068536559119820595
5667,0.006853602360934019
5668,0.00685355719178915
5669,0.006853505503386259
5670,0.006853451021015644
5671,0.006853397469967604
5672,0.006853346712887287
5673,0.006853300612419844
5674,0.006853249855339527
5675,0.006853207945823669
5676,0.00685318885371089
5677,0.0068531217984855175
5678,0.006853064522147179
5679,0.0068530188873410225
5680,0.0068529630079865456
5681,0.0068529206328094006
5682,0.006852869410067797
5683,0.0068528116680681705
5684,0.0068527692928910255
5685,0.0068527148105204105
5686,0.006852658465504646
5687,0.00685260770842433
5688,0.006852554623037577
5689,0.006852495018392801
5690,0.006852425169199705
5691,0.006852351129055023
5692,0.00685227382928133
5693,0.006852196529507637
5694,0.006852118764072657
5695,0.006852043326944113
5696,0.006851972080767155
5697,0.006851905025541782
5698,0.0068518356420099735
5699,0.0068517690524458885
5700,0.006851704325526953
5701,0.006851641461253166
5702,0.00685157859697938
5703,0.006851488258689642
5704,0.006851390935480595
5705,0.00685129826888442
5706,0.006851201876997948
5707,0.00685110641643405
5708,0.0068510123528540134
5709,0.00685091782361269
5710,0.0068508232943713665
5711,0.006850732024759054
5712,0.006850637961179018
5713,0.006850548554211855
5714,0.0068504600785672665
5715,0.006850372534245253
5716,0.006850286852568388
5717,0.0068501983769237995
5718,0.006850113160908222
5719,0.006850029807537794
5720,0.00684994924813509
5721,0.00684986962005496
5722,0.006849788594990969
5723,0.0068497247993946075
5724,0.006849664729088545
5725,0.0068495855666697025
5726,0.006849509198218584
5727,0.006849430035799742
5728,0.006849352270364761
5729,0.006849282421171665
5730,0.006849216762930155
5731,0.006849140394479036
5732,0.006849065888673067
5733,0.006849001627415419
5734,0.006848932709544897
5735,0.00684885960072279
5736,0.006848802790045738
5737,0.006848759949207306
5738,0.006848704535514116
5739,0.00684862956404686
5740,0.00684854993596673
5741,0.006848481483757496
5742,0.00684842374175787
5743,0.0068483599461615086
5744,0.006848328746855259
5745,0.006848243530839682
5746,0.006848183926194906
5747,0.006848112214356661
5748,0.006848054938018322
5749,0.006847998593002558
5750,0.006847931072115898
5751,0.00684786681085825
5752,0.006847807671874762
5753,0.00684775086119771
5754,0.006847694981843233
5755,0.006847653537988663
5756,0.0068475836887955666
5757,0.0068475245498120785
5758,0.006847471930086613
5759,0.006847396958619356
5760,0.006847329903393984
5761,0.006847296375781298
5762,0.006847243290394545
5763,0.0068471794947981834
5764,0.0068471175618469715
5765,0.006847076117992401
5766,0.0068470085971057415
5767,0.006846929434686899
5768,0.006846879608929157
5769,0.006846832111477852
5770,0.0068467664532363415
5771,0.006846707314252853
5772,0.0068466574884951115
5773,0.00684660580009222
5774,0.0068465410731732845
5775,0.006846472155302763
5776,0.006846419535577297
5777,0.006846382282674313
5778,0.006846312899142504
5779,0.006846253760159016
5780,0.006846203468739986
5781,0.006846154574304819
5782,0.006846088916063309
5783,0.006846021860837936
5784,0.0068459645844995975
5785,0.006845927331596613
5786,0.006845864467322826
5787,0.006845809984952211
5788,0.006845757365226746
5789,0.00684570986777544
5790,0.006845647469162941
5791,0.006845577619969845
5792,0.006845520343631506
5793,0.006845497060567141
5794,0.006845424883067608
5795,0.0068453713320195675
5796,0.006845318712294102
5797,0.006845267489552498
5798,0.006845203228294849
5799,0.006845136638730764
5800,0.006845077499747276
5801,0.0068450565449893475
5802,0.006844984833151102
5803,0.006844932213425636
5804,0.006844875402748585
5805,0.006844824645668268
5806,0.006844767834991217
5807,0.006844700779765844
5808,0.00684464443475008
5809,0.006844596937298775
5810,0.006844560615718365
5811,0.0068445210345089436
5812,0.006844466086477041
5813,0.006844397634267807
5814,0.006844324059784412
5815,0.006844261661171913
5816,0.006844229996204376
5817,0.006844167597591877
5818,0.0068441154435276985
5819,0.006844053044915199
5820,0.006844004616141319
5821,0.0068439580500125885
5822,0.00684389378875494
5823,0.006843832787126303
5824,0.0068437778390944
5825,0.006843739654868841
5826,0.0068437024019658566
5827,0.006843655835837126
5828,0.0068435934372246265
5829,0.006843521259725094
5830,0.006843451876193285
5831,0.006843423005193472
5832,0.0068433466367423534
5833,0.006843299604952335
5834,0.006843246519565582
5835,0.0068431938998401165
5836,0.006843136623501778
5837,0.006843078415840864
5838,0.006843033712357283
5839,0.006842984352260828
5840,0.006842959206551313
5841,0.006842927075922489
5842,0.006842872593551874
5843,0.006842799484729767
5844,0.0068427217192947865
5845,0.0068426597863435745
5846,0.006842623930424452
5847,0.006842623930424452
5848,0.006842616479843855
5849,0.006842579692602158
5850,0.006842511240392923
5851,0.006842410657554865
5852,0.006842309609055519
5853,0.006842272821813822
5854,0.006842196453362703
5855,0.006842145696282387
5856,0.006842088419944048
5857,0.006842040456831455
5858,0.006841989699751139
5859,0.00684192543849349
5860,0.006841879803687334
5861,0.006841834168881178
5862,0.00684180436655879
5863,0.006841764319688082
5864,0.006841711234301329
5865,0.006841642316430807
5866,0.006841572467237711
5867,0.006841511465609074
5868,0.006841468159109354
5869,0.006841454189270735
5870,0.006841451860964298
5871,0.006841436494141817
5872,0.006841394584625959
5873,0.006841321475803852
5874,0.0068412283435463905
5875,0.006841190159320831
5876,0.006841101683676243
5877,0.006841049063950777
5878,0.006840979680418968
5879,0.006840915884822607
5880,0.006840854417532682
5881,0.006840781308710575
5882,0.006840731017291546
5883,0.0068406821228563786
5884,0.006840672343969345
5885,0.006840670481324196
5886,0.006840667221695185
5887,0.006840655580163002
5888,0.006840633228421211
5889,0.006840700749307871
5890,0.0068407924845814705
5891,0.00684087909758091
5892,0.006840967107564211
5893,0.00684106070548296
5894,0.006841192953288555
5895,0.006841579452157021
5896,0.006842156406491995
5897,0.0068429941311478615
5898,0.006844361312687397
5899,0.0068464744836091995
5900,0.006850237958133221
5901,0.006856212392449379
5902,0.0068658338859677315
5903,0.006875843275338411
5904,0.006885612849146128
5905,0.006879863794893026
5906,0.0068680886179208755
5907,0.006848752032965422
5908,0.006840042304247618
5909,0.006844261195510626
5910,0.006852367427200079
5911,0.006852497346699238
5912,0.006844003219157457
5913,0.006839599926024675
5914,0.006841849535703659
5915,0.006844853051006794
5916,0.006843784358352423
5917,0.006840132642537355
5918,0.006839341018348932
5919,0.006841179449111223
5920,0.0068418048322200775
5921,0.006840081419795752
5922,0.006838853936642408
5923,0.006839794106781483
5924,0.006840371061116457
5925,0.006839343812316656
5926,0.006838712841272354
5927,0.006839241366833448
5928,0.0068396637216210365
5929,0.006839072331786156
5930,0.006838502828031778
5931,0.0068388148210942745
5932,0.006839063949882984
5933,0.006838615983724594
5934,0.006838315166532993
5935,0.006838573608547449
5936,0.006838715635240078
5937,0.006838430184870958
5938,0.006838150788098574
5939,0.006838277913630009
5940,0.006838357076048851
5941,0.006838122382760048
5942,0.006837976630777121
5943,0.0068380883894860744
5944,0.006838134955614805
5945,0.006837966851890087
5946,0.00683781411498785
5947,0.006837853230535984
5948,0.006837870925664902
5949,0.006837739609181881
5950,0.006837633904069662
5951,0.006837690249085426
5952,0.00683770002797246
5953,0.006837598979473114
5954,0.006837473716586828
5955,0.006837472785264254
5956,0.0068374802358448505
5957,0.006837386172264814
5958,0.006837304215878248
5959,0.0068372697569429874
5960,0.00683724507689476
5961,0.00683719152584672
5962,0.006837137974798679
5963,0.0068371049128472805
5964,0.006837063934653997
5965,0.006837012711912394
5966,0.006836997345089912
5967,0.0068369293585419655
5968,0.0068368869833648205
5969,0.006836850196123123
5970,0.00683680921792984
5971,0.006836762651801109
5972,0.006836718879640102
5973,0.006836689077317715
5974,0.006836649030447006
5975,0.006836620159447193
5976,0.006836559157818556
5977,0.006836525164544582
5978,0.006836481858044863
5979,0.006836434360593557
5980,0.006836407817900181
5981,0.006836357992142439
5982,0.006836325395852327
5983,0.006836280692368746
5984,0.00683623505756259
5985,0.00683619873598218
5986,0.0068361517041921616
5987,0.006836105138063431
5988,0.006836094427853823
5989,0.006836047396063805
5990,0.0068360138684511185
5991,0.006835962180048227
5992,0.006835910025984049
5993,0.006835869047790766
5994,0.006835839245468378
5995,0.006835800129920244
5996,0.006835751701146364
5997,0.006835716776549816
5998,0.0068356613628566265
5999,0.006835629232227802
6000,0.00683559151366353
6001,0.0068355342373251915
6002,0.006835492327809334
6003,0.006835489068180323
6004,0.006835433188825846
6005,0.006835398729890585
6006,0.006835347972810268
6007,0.006835293956100941
6008,0.006835256703197956
6009,0.006835225038230419
6010,0.0068351817317306995
6011,0.006835142150521278
6012,0.00683510210365057
6013,0.006835047621279955
6014,0.006835014559328556
6015,0.006834972184151411
6016,0.006834920030087233
6017,0.0068348851054906845
6018,0.006834838539361954
6019,0.0068348064087331295
6020,0.006834765896201134
6021,0.006834718864411116
6022,0.0068346778862178326
6023,0.006834633648395538
6024,0.0068345991894602776
6025,0.00683456240221858
6026,0.006834527011960745
6027,0.006834482308477163
6028,0.006834435276687145
6029,0.0068343933671712875
6030,0.006834353785961866
6031,0.006834311876446009
6032,0.00683428393676877
6033,0.0068342434242367744
6034,0.006834192201495171
6035,0.006834148894995451
6036,0.00683410931378603
6037,0.006834066938608885
6038,0.0068340296857059
6039,0.006833992898464203
6040,0.00683395704254508
6041,0.006833908148109913
6042,0.006833863910287619
6043,0.0068338243290781975
6044,0.006833782885223627
6045,0.006833738647401333
6046,0.0068337093107402325
6047,0.006833674851804972
6048,0.006833619903773069
6049,0.006833573337644339
6050,0.006833537481725216
6051,0.0068334960378706455
6052,0.0068334536626935005
6053,0.006833426188677549
6054,0.006833389867097139
6055,0.0068333386443555355
6056,0.006833287421613932
6057,0.006833248306065798
6058,0.006833207327872515
6059,0.006833171006292105
6060,0.006833141669631004
6061,0.006833108142018318
6062,0.00683304900303483
6063,0.00683299545198679
6064,0.006832954473793507
6065,0.006832918152213097
6066,0.006832889746874571
6067,0.00683285528793931
6068,0.006832820829004049
6069,0.006832759827375412
6070,0.0068327030166983604
6071,0.006832660175859928
6072,0.00683262525126338
6073,0.0068325987085700035
6074,0.006832570303231478
6075,0.0068325321190059185
6076,0.006832465063780546
6077,0.006832405459135771
6078,0.006832363083958626
6079,0.006832323968410492
6080,0.00683229137212038
6081,0.006832266692072153
6082,0.006832223851233721
6083,0.006832160986959934
6084,0.006832094397395849
6085,0.0068320464342832565
6086,0.0068320115096867085
6087,0.00683197844773531
6088,0.006831966806203127
6089,0.00683192815631628
6090,0.0068318587727844715
6091,0.006831780541688204
6092,0.006831728387624025
6093,0.006831692531704903
6094,0.006831671576946974
6095,0.006831659935414791
6096,0.0068316287361085415
6097,0.006831558421254158
6098,0.0068314759992063046
6099,0.006831410340964794
6100,0.0068313684314489365
6101,0.006831349804997444
6102,0.006831356789916754
6103,0.006831346545368433
6104,0.00683128135278821
6105,0.0068311854265630245
6106,0.0068311006762087345
6107,0.006831048056483269
6108,0.006831030827015638
6109,0.006831062026321888
6110,0.006831072270870209
6111,0.006831019185483456
6112,0.006830914411693811
6113,0.00683080218732357
6114,0.006830728612840176
6115,0.006830703001469374
6116,0.006830706726759672
6117,0.006830635480582714
6118,0.006830566097050905
6119,0.006830510217696428
6120,0.006830474827438593
6121,0.006830440368503332
6122,0.006830394733697176
6123,0.006830341648310423
6124,0.006830316968262196
6125,0.006830258294939995
6126,0.006830213125795126
6127,0.006830160040408373
6128,0.0068301125429570675
6129,0.006830059457570314
6130,0.006830004509538412
6131,0.006829967722296715
6132,0.006829946301877499
6133,0.006829940713942051
6134,0.0068299132399261
6135,0.006829856429249048
6136,0.006829786580055952
6137,0.00682971253991127
6138,0.00682964688166976
6139,0.006829616613686085
6140,0.006829570978879929
6141,0.006829529535025358
6142,0.0068294755183160305
6143,0.006829436402767897
6144,0.00682939263060689
6145,0.006829335819929838
6146,0.006829288322478533
6147,0.0068292818032205105
6148,0.0068292273208498955
6149,0.006829195190221071
6150,0.00682916259393096
6151,0.0068291244097054005
6152,0.0068290699273347855
6153,0.006828997749835253
6154,0.006828937213867903
6155,0.0068289050832390785
6156,0.006828854791820049
6157,0.006828808691352606
6158,0.00682876305654645
6159,0.006828721612691879
6160,0.006828667130321264
6161,0.006828611250966787
6162,0.006828563753515482
6163,0.0068285404704511166
6164,0.006828491576015949
6165,0.006828460842370987
6166,0.006828430574387312
6167,0.006828400772064924
6168,0.006828350946307182
6169,0.006828283425420523
6170,0.0068282196298241615
6171,0.006828184239566326
6172,0.0068281348794698715
6173,0.0068280971609056
6174,0.0068280561827123165
6175,0.006828021258115768
6176,0.006827970035374165
6177,0.006827901117503643
6178,0.006827837787568569
6179,0.0068278065882623196
6180,0.006827760953456163
6181,0.006827728822827339
6182,0.006827689241617918
6183,0.006827652454376221
6184,0.006827604491263628
6185,0.00682753836736083
6186,0.006827476434409618
6187,0.006827461067587137
6188,0.006827410776168108
6189,0.006827392149716616
6190,0.0068273646757006645
6191,0.006827342789620161
6192,0.006827321369200945
6193,0.006827280856668949
6194,0.006827232427895069
6195,0.006827256176620722
6196,0.006827264558523893
6197,0.006827369797974825
6198,0.00682775117456913
6199,0.0068282997235655785
6200,0.0068291956558823586
6201,0.006830922327935696
6202,0.0068342601880431175
6203,0.006840975489467382
6204,0.006853602826595306
6205,0.006875900086015463
6206,0.0068971202708780766
6207,0.006912632845342159
6208,0.006882695946842432
6209,0.006848787423223257
6210,0.006830407306551933
6211,0.006843872833997011
6212,0.006859547458589077
6213,0.006843812298029661
6214,0.006827296689152718
6215,0.006832382176071405
6216,0.0068415747955441475
6217,0.006835347041487694
6218,0.006826540920883417
6219,0.006831444799900055
6220,0.006835024803876877
6221,0.006829551421105862
6222,0.006827233824878931
6223,0.0068296026438474655
6224,0.0068303379230201244
6225,0.0068276566453278065
6226,0.006826318334788084
6227,0.0068284254521131516
6228,0.006828306242823601
6229,0.006825884338468313
6230,0.006826344877481461
6231,0.006827464792877436
6232,0.006826184224337339
6233,0.00682560820132494
6234,0.006826343946158886
6235,0.006826137192547321
6236,0.006825446151196957
6237,0.006825698539614677
6238,0.00682602496817708
6239,0.00682551134377718
6240,0.006825231947004795
6241,0.006825627759099007
6242,0.006825446151196957
6243,0.006825105752795935
6244,0.006825244519859552
6245,0.006825283169746399
6246,0.006825036834925413
6247,0.006824977230280638
6248,0.006825098767876625
6249,0.006825005169957876
6250,0.006824804935604334
6251,0.006824871059507132
6252,0.006824856624007225
6253,0.006824691314250231
6254,0.006824707146733999
6255,0.006824761163443327
6256,0.006824645213782787
6257,0.006824555341154337
6258,0.0068245758302509785
6259,0.006824533920735121
6260,0.006824417971074581
6261,0.006824416574090719
6262,0.006824387703090906
6263,0.00682430062443018
6264,0.006824285723268986
6265,0.006824255920946598
6266,0.006824180483818054
6267,0.006824171636253595
6268,0.006824119482189417
6269,0.006824071519076824
6270,0.006824051029980183
6271,0.006823997478932142
6272,0.00682395463809371
6273,0.0068239253014326096
6274,0.006823875475674868
6275,0.00682384567335248
6276,0.006823809817433357
6277,0.0068237618543207645
6278,0.0068237255327403545
6279,0.006823689676821232
6280,0.006823650095611811
6281,0.006823623552918434
6282,0.006823579780757427
6283,0.006823532283306122
6284,0.006823495961725712
6285,0.006823453586548567
6286,0.0068234167993068695
6287,0.006823398172855377
6288,0.006823352538049221
6289,0.006823296658694744
6290,0.00682326452806592
6291,0.0068232337944209576
6292,0.006823185831308365
6293,0.006823164876550436
6294,0.006823126692324877
6295,0.0068230642937123775
6296,0.006823016796261072
6297,0.0068229809403419495
6298,0.00682290131226182
6299,0.00682285288348794
6300,0.0068227979354560375
6301,0.00682271271944046
6302,0.006822650786489248
6303,0.006822597701102495
6304,0.006822544615715742
6305,0.0068224696442484856
6306,0.006822394207119942
6307,0.006822326220571995
6308,0.006822273135185242
6309,0.006822195369750261
6310,0.006822134833782911
6311,0.006822074763476849
6312,0.006822030525654554
6313,0.006821957882493734
6314,0.006821897346526384
6315,0.0068218400701880455
6316,0.006821784190833569
6317,0.0068217250518500805
6318,0.006821660324931145
6319,0.006821611430495977
6320,0.006821547634899616
6321,0.0068214950151741505
6322,0.006821440998464823
6323,0.006821382790803909
6324,0.006821325048804283
6325,0.0068212770856916904
6326,0.0068212333135306835
6327,0.0068211848847568035
6328,0.006821135524660349
6329,0.006821075454354286
6330,0.006821020040661097
6331,0.006820972077548504
6332,0.006820946466177702
6333,0.006820873823016882
6334,0.006820824462920427
6335,0.006820766720920801
6336,0.006820726674050093
6337,0.00682067172601819
6338,0.006820626091212034
6339,0.006820605602115393
6340,0.0068205576390028
6341,0.006820501293987036
6342,0.006820444483309984
6343,0.00682039326056838
6344,0.006820364389568567
6345,0.006820307113230228
6346,0.006820265203714371
6347,0.006820237264037132
6348,0.006820166949182749
6349,0.00682010967284441
6350,0.006820080801844597
6351,0.00682005425915122
6352,0.006820000242441893
6353,0.006819944828748703
6354,0.006819884292781353
6355,0.006819863338023424
6356,0.006819802336394787
6357,0.006819750647991896
6358,0.006819748319685459
6359,0.006819708738476038
6360,0.006819646805524826
6361,0.006819584872573614
6362,0.006819532718509436
6363,0.006819512229412794
6364,0.00681945588439703
6365,0.006819404661655426
6366,0.006819391157478094
6367,0.006819330155849457
6368,0.006819254718720913
6369,0.006819230504333973
6370,0.006819206289947033
6371,0.006819169037044048
6372,0.006819117348641157
6373,0.006819034926593304
6374,0.0068190209567546844
6375,0.006818970665335655
6376,0.006818909663707018
6377,0.006818902213126421
6378,0.006818876601755619
6379,0.006818820256739855
6380,0.006818757392466068
6381,0.0068186866119503975
6382,0.006818672176450491
6383,0.0068186367861926556
6384,0.0068185594864189625
6385,0.0068185459822416306
6386,0.006818502675741911
6387,0.006818418391048908
6388,0.006818388123065233
6389,0.006818365305662155
6390,0.006818296853452921
6391,0.006818270776420832
6392,0.00681822095066309
6393,0.006818155292421579
6394,0.006818130612373352
6395,0.006818092428147793
6396,0.006818035617470741
6397,0.006818004883825779
6398,0.006817949470132589
6399,0.0068178940564394
6400,0.006817871239036322
6401,0.0068178242072463036
6402,0.006817780900746584
6403,0.006817752495408058
6404,0.0068176924251019955
6405,0.006817632354795933
6406,0.006817608140408993
6407,0.006817562505602837
6408,0.0068175094202160835
6409,0.006817481480538845
6410,0.00681743398308754
6411,0.0068173715844750404
6412,0.006817339453846216
6413,0.006817305460572243
6414,0.006817254237830639
6415,0.0068172188475728035
6416,0.006817169021815062
6417,0.0068171098828315735
6418,0.0068170796148478985
6419,0.0068170432932674885
6420,0.006816992536187172
6421,0.006816953886300325
6422,0.006816905923187733
6423,0.006816844921559095
6424,0.006816806737333536
6425,0.00681677833199501
6426,0.006816723383963108
6427,0.006816685665398836
6428,0.006816640496253967
6429,0.006816576234996319
6430,0.006816547829657793
6431,0.006816511042416096
6432,0.006816459354013205
6433,0.006816417910158634
6434,0.0068163760006427765
6435,0.006816313602030277
6436,0.006816268898546696
6437,0.006816254463046789
6438,0.006816202774643898
6439,0.006816180422902107
6440,0.006816111505031586
6441,0.006816050969064236
6442,0.006816021166741848
6443,0.006815975997596979
6444,0.006815948057919741
6445,0.006815895903855562
6446,0.006815847475081682
6447,0.006815795786678791
6448,0.006815749686211348
6449,0.006815711036324501
6450,0.006815665401518345
6451,0.006815620698034763
6452,0.006815577857196331
6453,0.006815536413341761
6454,0.0068154893815517426
6455,0.0068154409527778625
6456,0.006815397646278143
6457,0.006815352477133274
6458,0.006815312895923853
6459,0.006815277971327305
6460,0.006815245840698481
6461,0.006815190892666578
6462,0.006815141066908836
6463,0.006815093103796244
6464,0.006815048865973949
6465,0.006815014407038689
6466,0.006814982742071152
6467,0.006814949214458466
6468,0.006814891006797552
6469,0.006814831402152777
6470,0.006814786698669195
6471,0.006814748980104923
6472,0.006814724300056696
6473,0.0068146837875247
6474,0.006814645137637854
6475,0.006814584601670504
6476,0.006814522203058004
6477,0.006814478896558285
6478,0.006814443040639162
6479,0.00681442441418767
6480,0.006814391352236271
6481,0.00681434478610754
6482,0.006814279593527317
6483,0.006814227905124426
6484,0.006814191117882729
6485,0.006814159918576479
6486,0.006814115680754185
6487,0.0068140821531414986
6488,0.0068140397779643536
6489,0.0068140109069645405
6490,0.006813960615545511
6491,0.006813921965658665
6492,0.0068138837814331055
6493,0.006813850253820419
6494,0.006813784595578909
6495,0.006813758052885532
6496,0.006813716143369675
6497,0.006813677027821541
6498,0.0068136537447571754
6499,0.006813632789999247
6500,0.006813562475144863
6501,0.006813536398112774
6502,0.006813485641032457
6503,0.006813444662839174
6504,0.00681341765448451
6505,0.006813392974436283
6506,0.0068133133463561535
6507,0.00681329146027565
6508,0.0068132574670016766
6509,0.006813211366534233
6510,0.006813199259340763
6511,0.00681318948045373
6512,0.006813115440309048
6513,0.0068130409345030785
6514,0.0068130274303257465
6515,0.006812964100390673
6516,0.006812912877649069
6517,0.0068128760904073715
6518,0.0068128411658108234
6519,0.0068127927370369434
6520,0.006812763400375843
6521,0.006812747102230787
6522,0.006812714505940676
6523,0.006812657229602337
6524,0.006812593434005976
6525,0.006812574341893196
6526,0.006812513340264559
6527,0.006812473759055138
6528,0.006812433246523142
6529,0.006812393199652433
6530,0.006812359672039747
6531,0.006812325678765774
6532,0.006812309846282005
6533,0.006812280509620905
6534,0.006812230683863163
6535,0.006812164094299078
6536,0.00681214639917016
6537,0.006812082603573799
6538,0.0068120453506708145
6539,0.006811993196606636
6540,0.006811958272010088
6541,0.006811942905187607
6542,0.006811898201704025
6543,0.006811880972236395
6544,0.006811864208430052
6545,0.006811812520027161
6546,0.006811740808188915
6547,0.006811731960624456
6548,0.006811661645770073
6549,0.006811618804931641
6550,0.006811560597270727
6551,0.006811530329287052
6552,0.0068115186877548695
6553,0.006811473052948713
6554,0.006811463739722967
6555,0.006811455357819796
6556,0.00681140786036849
6557,0.006811327766627073
6558,0.0068113128654658794
6559,0.00681123835965991
6560,0.006811190862208605
6561,0.006811132654547691
6562,0.006811097264289856
6563,0.006811090745031834
6564,0.006811043713241816
6565,0.006811043713241816
6566,0.006811043713241816
6567,0.006811007857322693
6568,0.006810931023210287
6569,0.006810910068452358
6570,0.006810834631323814
6571,0.006810798775404692
6572,0.006810806225985289
6573,0.0068108029663562775
6574,0.006810775958001614
6575,0.006810711696743965
6576,0.006810630671679974
6577,0.006810550577938557
6578,0.006810505408793688
6579,0.0068104383535683155
6580,0.006810464430600405
6581,0.006810626480728388
6582,0.006810797844082117
6583,0.006810919847339392
6584,0.006810970138758421
6585,0.006810925900936127
6586,0.0068107894621789455
6587,0.006810755003243685
6588,0.006810684222728014
6589,0.0068105366080999374
6590,0.006810355465859175
6591,0.006810266524553299
6592,0.00681016780436039
6593,0.006810048129409552
6594,0.00680992566049099
6595,0.006809827405959368
6596,0.006809774786233902
6597,0.006809733808040619
6598,0.006809699349105358
6599,0.006809655111283064
6600,0.006809613201767206
6601,0.00680961087346077
6602,0.0068095712922513485
6603,0.006809555925428867
6604,0.006809533108025789
6605,0.006809514947235584
6606,0.006809542886912823
6607,0.006809576880186796
6608,0.006809590384364128
6609,0.006809559650719166
6610,0.0068094925954937935
6611,0.00680947070941329
6612,0.006809399463236332
6613,0.006809397600591183
6614,0.00680954847484827
6615,0.006809698883444071
6616,0.006809797137975693
6617,0.006809908896684647
6618,0.006810057442635298
6619,0.00681026466190815
6620,0.006810740567743778
6621,0.006811554078012705
6622,0.0068132285960018635
6623,0.0068159946240484715
6624,0.006820226088166237
6625,0.006827422883361578
6626,0.006837741006165743
6627,0.006851663812994957
6628,0.00685846759006381
6629,0.006858742795884609
6630,0.006838580593466759
6631,0.00682026194408536
6632,0.006810151040554047
6633,0.006814065854996443
6634,0.006822914816439152
6635,0.0068221865221858025
6636,0.0068143378011882305
6637,0.006808485370129347
6638,0.006811204366385937
6639,0.006815094966441393
6640,0.006813207641243935
6641,0.006809530314058065
6642,0.006808598060160875
6643,0.006810646969825029
6644,0.006811764556914568
6645,0.006809805985540152
6646,0.006808085832744837
6647,0.006808515638113022
6648,0.006809459533542395
6649,0.006808910518884659
6650,0.006807900499552488
6651,0.006808116566389799
6652,0.0068086194805800915
6653,0.006808330304920673
6654,0.0068077389150857925
6655,0.006807773839682341
6656,0.006808053236454725
6657,0.006807888858020306
6658,0.006807560566812754
6659,0.006807570345699787
6660,0.006807688623666763
6661,0.0068075698800385
6662,0.006807396188378334
6663,0.00680745393037796
6664,0.006807547528296709
6665,0.006807428784668446
6666,0.006807250902056694
6667,0.006807292345911264
6668,0.006807371973991394
6669,0.006807256489992142
6670,0.006807122845202684
6671,0.006807108875364065
6672,0.006807135418057442
6673,0.006807075813412666
6674,0.006806983612477779
6675,0.006806948687881231
6676,0.006806937977671623
6677,0.006806892342865467
6678,0.0068068434484303
6679,0.006806798744946718
6680,0.006806766148656607
6681,0.006806731224060059
6682,0.006806688383221626
6683,0.006806658115237951
6684,0.006806618068367243
6685,0.006806588731706142
6686,0.006806553341448307
6687,0.006806513294577599
6688,0.006806486286222935
6689,0.006806460674852133
6690,0.006806432735174894
6691,0.006806380581110716
6692,0.006806341931223869
6693,0.006806332617998123
6694,0.006806313060224056
6695,0.006806269753724337
6696,0.006806204095482826
6697,0.006806165911257267
6698,0.006806178018450737
6699,0.006806147750467062
6700,0.006806093268096447
6701,0.006806026678532362
6702,0.006806001532822847
6703,0.00680600805208087
6704,0.006805965211242437
6705,0.0068059093318879604
6706,0.006805852521210909
6707,0.0068058292381465435
6708,0.006805825978517532
6709,0.006805787794291973
6710,0.006805731449276209
6711,0.006805678363889456
6712,0.0068056536838412285
6713,0.006805652752518654
6714,0.006805607583373785
6715,0.006805554032325745
6716,0.006805504206568003
6717,0.006805477663874626
6718,0.006805473007261753
6719,0.006805436220020056
6720,0.00680538360029459
6721,0.0068053267896175385
6722,0.006805300246924162
6723,0.006805310025811195
6724,0.006805266719311476
6725,0.006805208511650562
6726,0.0068051451817154884
6727,0.006805108860135078
6728,0.00680510513484478
6729,0.006805045995861292
6730,0.006804977543652058
6731,0.006804897915571928
6732,0.006804854609072208
6733,0.006804834585636854
6734,0.0068048094399273396
6735,0.0068047428503632545
6736,0.006804661825299263
6737,0.006804619915783405
6738,0.006804591044783592
6739,0.006804578937590122
6740,0.00680451700463891
6741,0.006804431788623333
6742,0.006804381497204304
6743,0.006804355885833502
6744,0.0068043596111238
6745,0.0068042948842048645
6746,0.006804197560995817
6747,0.006804145406931639
6748,0.00680415378883481
6749,0.006804134696722031
6750,0.006804067641496658
6751,0.006803969386965036
6752,0.006803925149142742
6753,0.006803897675126791
6754,0.006803862750530243
6755,0.006803799420595169
6756,0.006803751923143864
6757,0.006803736090660095
6758,0.006803663447499275
6759,0.006803622469305992
6760,0.006803590804338455
6761,0.006803569383919239
6762,0.006803526077419519
6763,0.006803493015468121
6764,0.006803421303629875
6765,0.0068033854477107525
6766,0.006803342141211033
6767,0.006803307682275772
6768,0.006803265772759914
6769,0.006803219672292471
6770,0.00680319219827652
6771,0.006803157739341259
6772,0.006803109776228666
6773,0.006803057622164488
6774,0.006803032010793686
6775,0.006802994292229414
6776,0.006802944932132959
6777,0.006802905350923538
6778,0.006802873220294714
6779,0.0068028452806174755
6780,0.006802799180150032
6781,0.006802748888731003
6782,0.006802719086408615
6783,0.0068026818335056305
6784,0.006802639923989773
6785,0.006802593823522329
6786,0.006802563555538654
6787,0.0068025304935872555
6788,0.0068024806678295135
6789,0.006802451331168413
6790,0.0068024033680558205
6791,0.00680237403139472
6792,0.006802326999604702
6793,0.0068022990599274635
6794,0.00680225295946002
6795,0.006802221294492483
6796,0.006802182178944349
6797,0.006802146788686514
6798,0.0068021067418158054
6799,0.006802075542509556
6800,0.0068020266480743885
6801,0.006802002899348736
6802,0.00680195027962327
6803,0.006801922339946032
6804,0.006801874842494726
6805,0.006801855284720659
6806,0.006801803596317768
6807,0.006801772862672806
6808,0.0068017286248505116
6809,0.00680170813575387
6810,0.006801656913012266
6811,0.006801623851060867
6812,0.006801579613238573
6813,0.006801565643399954
6814,0.00680150231346488
6815,0.006801472511142492
6816,0.006801490671932697
6817,0.00680147297680378
6818,0.00680141756311059
6819,0.006801349576562643
6820,0.00680128950625658
6821,0.006801280193030834
6822,0.006801281124353409
6823,0.00680132769048214
6824,0.006801295094192028
6825,0.006801191251724958
6826,0.006801088340580463
6827,0.0068010385148227215
6828,0.006801058538258076
6829,0.006801019888371229
6830,0.0068009719252586365
6831,0.006800949107855558
6832,0.006800897419452667
6833,0.006800833623856306
6834,0.006800787057727575
6835,0.006800779141485691
6836,0.0068007274530828
6837,0.0068006874062120914
6838,0.0068006678484380245
6839,0.006800635252147913
6840,0.006800579838454723
6841,0.006800526287406683
6842,0.006800508126616478
6843,0.006800458766520023
6844,0.006800432689487934
6845,0.006800421047955751
6846,0.006800394039601088
6847,0.006800344213843346
6848,0.006800288334488869
6849,0.006800258532166481
6850,0.00680021196603775
6851,0.006800177041441202
6852,0.006800169125199318
6853,0.006800145376473665
6854,0.0068000988103449345
6855,0.0068000443279743195
6856,0.0068000126630067825
6857,0.006799956317991018
6858,0.006799926050007343
6859,0.006799920927733183
6860,0.006799907889217138
6861,0.006799863651394844
6862,0.006799805443733931
6863,0.006799763534218073
6864,0.006799706257879734
6865,0.006799672730267048
6866,0.006799668539315462
6867,0.00679965503513813
6868,0.006799615919589996
6869,0.0067995586432516575
6870,0.006799505092203617
6871,0.006799457594752312
6872,0.006799428258091211
6873,0.0067994119599461555
6874,0.006799381226301193
6875,0.006799335591495037
6876,0.0067992848344147205
6877,0.0067992256954312325
6878,0.0067992303520441055
6879,0.006799194496124983
6880,0.006799130234867334
6881,0.006799125578254461
6882,0.0067991092801094055
6883,0.006799048278480768
6884,0.006798983551561832
6885,0.006798980757594109
6886,0.006798930000513792
6887,0.006798870861530304
6888,0.006798852235078812
6889,0.006798834539949894
6890,0.0067987991496920586
6891,0.006798755377531052
6892,0.006798735819756985
6893,0.006798682268708944
6894,0.006798633374273777
6895,0.006798604037612677
6896,0.006798580288887024
6897,0.0067985462956130505
6898,0.00679850485175848
6899,0.006798493210226297
6900,0.006798447575420141
6901,0.006798392161726952
6902,0.006798349320888519
6903,0.0067983162589371204
6904,0.006798279006034136
6905,0.006798245012760162
6906,0.006798238027840853
6907,0.006798222195357084
6908,0.006798238027840853
6909,0.006798263639211655
6910,0.006798272021114826
6911,0.006798216607421637
6912,0.006798129994422197
6913,0.006798026151955128
6914,0.006797997746616602
6915,0.006797915790230036
6916,0.006797816138714552
6917,0.006797801703214645
6918,0.006797807291150093
6919,0.006797802168875933
6920,0.006797783076763153
6921,0.006797798443585634
6922,0.0067977579310536385
6923,0.00679768156260252
6924,0.006797612179070711
6925,0.0067975325509905815
6926,0.006797463167458773
6927,0.006797407288104296
6928,0.006797412876039743
6929,0.0067973993718624115
6930,0.006797370966523886
6931,0.006797353271394968
6932,0.006797309033572674
6933,0.0067972466349601746
6934,0.0067971753887832165
6935,0.006797140929847956
6936,0.006797088775783777
6937,0.0067970589734613895
6938,0.006797044537961483
6939,0.006797008216381073
6940,0.006796952802687883
6941,0.006796899251639843
6942,0.006796882022172213
6943,0.006796837784349918
6944,0.006796799134463072
6945,0.006796781439334154
6946,0.006796745583415031
6947,0.006796693429350853
6948,0.0067966403439641
6949,0.006796619389206171
6950,0.006796582136303186
6951,0.006796553265303373
6952,0.006796531844884157
6953,0.0067964899353682995
6954,0.006796437315642834
6955,0.0067963856272399426
6956,0.006796375382691622
6957,0.006796331610530615
6958,0.006796293426305056
6959,0.006796276196837425
6960,0.006796241272240877
6961,0.006796187721192837
6962,0.006796132307499647
6963,0.006796109955757856
6964,0.0067960708402097225
6965,0.006796036846935749
6966,0.006796014495193958
6967,0.006795973517000675
6968,0.00679592601954937
6969,0.006795872468501329
6970,0.006795857101678848
6971,0.006795815192162991
6972,0.006795783061534166
6973,0.006795766297727823
6974,0.00679573230445385
6975,0.006795677822083235
6976,0.006795623805373907
6977,0.006795610301196575
6978,0.006795564666390419
6979,0.00679551949724555
6980,0.006795505993068218
6981,0.006795475259423256
6982,0.006795426364988089
6983,0.006795383058488369
6984,0.006795388180762529
6985,0.0067953807301819324
6986,0.006795387715101242
6987,0.006795407272875309
6988,0.006795448251068592
6989,0.006795544642955065
6990,0.006795735564082861
6991,0.006796137895435095
6992,0.006797122303396463
6993,0.0067991153337061405
6994,0.006804125849157572
6995,0.006815893575549126
6996,0.006843728944659233
6997,0.0068912869319319725
6998,0.006954347249120474
6999,0.0069205136969685555
7000,0.006851013284176588
7001,0.006804780103266239
7002,0.006840514484792948
7003,0.006863152142614126
7004,0.006811386905610561
7005,0.0068032825365662575
7006,0.006831570062786341
7007,0.006812313571572304
7008,0.006795452907681465
7009,0.006811896339058876
7010,0.006808214355260134
7011,0.006794733926653862
7012,0.006802726536989212
7013,0.006803837604820728
7014,0.006794941611588001
7015,0.006798694841563702
7016,0.006800554692745209
7017,0.006795144639909267
7018,0.006796623580157757
7019,0.00679840799421072
7020,0.006795153021812439
7021,0.006795366294682026
7022,0.006796940695494413
7023,0.006794916000217199
7024,0.006794665474444628
7025,0.006795971654355526
7026,0.0067946710623800755
7027,0.006794331595301628
7028,0.006795323919504881
7029,0.00679439352825284
7030,0.006794184911996126
7031,0.006794934161007404
7032,0.006794257089495659
7033,0.00679401122033596
7034,0.006794489920139313
7035,0.0067939767614007
7036,0.006793752778321505
7037,0.006794183515012264
7038,0.00679375184699893
7039,0.006793543230742216
7040,0.006793922279030085
7041,0.0067935511469841
7042,0.0067933425307273865
7043,0.0067937239073216915
7044,0.00679339375346899
7045,0.006793167907744646
7046,0.006793405395001173
7047,0.006793167907744646
7048,0.006792986765503883
7049,0.00679318793118
7050,0.006793005857616663
7051,0.006792829371988773
7052,0.00679296487942338
7053,0.006792781408876181
7054,0.0067926994524896145
7055,0.0067928144708275795
7056,0.006792609579861164
7057,0.006792562548071146
7058,0.006792637053877115
7059,0.006792527157813311
7060,0.0067924377508461475
7061,0.006792435422539711
7062,0.006792341824620962
7063,0.006792289670556784
7064,0.006792270578444004
7065,0.006792211439460516
7066,0.0067921350710093975
7067,0.006792108993977308
7068,0.006792057771235704
7069,0.006791966501623392
7070,0.0067919520661234856
7071,0.0067919110879302025
7072,0.006791833788156509
7073,0.006791824474930763
7074,0.006791799794882536
7075,0.006791738327592611
7076,0.006791686173528433
7077,0.006791642401367426
7078,0.006791598163545132
7079,0.006791551597416401
7080,0.0067915283143520355
7081,0.0067914919927716255
7082,0.006791443098336458
7083,0.006791405379772186
7084,0.006791356019675732
7085,0.006791317369788885
7086,0.006791281048208475
7087,0.006791242398321629
7088,0.0067911893129348755
7089,0.0067911879159510136
7090,0.0067911408841609955
7091,0.006791081745177507
7092,0.006791080813854933
7093,0.006791049148887396
7094,0.006790998857468367
7095,0.0067909411154687405
7096,0.006790927145630121
7097,0.006790905725210905
7098,0.006790853571146727
7099,0.006790805608034134
7100,0.006790774408727884
7101,0.006790726445615292
7102,0.006790695246309042
7103,0.006790656130760908
7104,0.006790620740503073
7105,0.00679059186950326
7106,0.0067905462346971035
7107,0.006790533196181059
7108,0.006790502462536097
7109,0.006790453102439642
7110,0.0067904251627624035
7111,0.006790404673665762
7112,0.006790360901504755
7113,0.0067903087474405766
7114,0.006790275685489178
7115,0.00679024588316679
7116,0.006790216080844402
7117,0.006790180690586567
7118,0.006790149491280317
7119,0.006790118291974068
7120,0.00679009361192584
7121,0.006790052633732557
7122,0.006790028885006905
7123,0.00678999163210392
7124,0.006789941806346178
7125,0.006789920385926962
7126,0.006789906416088343
7127,0.006789859849959612
7128,0.006789828184992075
7129,0.006789800710976124
7130,0.006789768114686012
7131,0.006789722945541143
7132,0.006789717823266983
7133,0.006789684761315584
7134,0.006789625156670809
7135,0.006789601407945156
7136,0.006789573468267918
7137,0.006789518520236015
7138,0.0067895217798650265
7139,0.006789507810026407
7140,0.006789445877075195
7141,0.006789389532059431
7142,0.006789396516978741
7143,0.0067893690429627895
7144,0.0067893159575760365
7145,0.0067892614752054214
7146,0.006789229344576597
7147,0.006789189297705889
7148,0.006789172068238258
7149,0.006789139937609434
7150,0.006789091043174267
7151,0.006789071019738913
7152,0.006789078935980797
7153,0.006789014674723148
7154,0.006788972299546003
7155,0.00678896764293313
7156,0.006788932718336582
7157,0.006788868922740221
7158,0.0067888726480305195
7159,0.0067888586781919
7160,0.006788783706724644
7161,0.0067887515760958195
7162,0.006788739003241062
7163,0.0067886849865317345
7164,0.006788642145693302
7165,0.00678862351924181
7166,0.0067886002361774445
7167,0.00678855599835515
7168,0.006788534112274647
7169,0.006788503844290972
7170,0.0067884717136621475
7171,0.0067884367890655994
7172,0.00678839860484004
7173,0.006788375787436962
7174,0.006788354832679033
7175,0.006788317579776049
7176,0.006788268219679594
7177,0.006788227241486311
7178,0.0067882053554058075
7179,0.006788181606680155
7180,0.0067881313152611256
7181,0.006788100115954876
7182,0.00678810803219676
7183,0.006788056343793869
7184,0.006788006518036127
7185,0.00678796973079443
7186,0.00678793853148818
7187,0.006787923630326986
7188,0.006787887308746576
7189,0.006787844467908144
7190,0.006787825841456652
7191,0.006787780672311783
7192,0.006787755060940981
7193,0.0067877331748604774
7194,0.006787699647247791
7195,0.0067876591347157955
7196,0.006787655409425497
7197,0.006787627004086971
7198,0.006787567399442196
7199,0.006787560880184174
7200,0.006787542719393969
7201,0.006787488237023354
7202,0.006787448655813932
7203,0.006787441670894623
7204,0.006787419319152832
7205,0.006787382997572422
7206,0.006787317339330912
7207,0.006787302903831005
7208,0.0067872582003474236
7209,0.006787242367863655
7210,0.006787207443267107
7211,0.006787161808460951
7212,0.006787133868783712
7213,0.006787124555557966
7214,0.006787081714719534
7215,0.006787043530493975
7216,0.006787030957639217
7217,0.006787023041397333
7218,0.006786958780139685
7219,0.006786949001252651
7220,0.006786944344639778
7221,0.006786894518882036
7222,0.006786838173866272
7223,0.006786809302866459
7224,0.006786790676414967
7225,0.006786749232560396
7226,0.006786733400076628
7227,0.006786688230931759
7228,0.006786652375012636
7229,0.006786653306335211
7230,0.0067866030149161816
7231,0.006786547601222992
7232,0.00678652198985219
7233,0.0067864879965782166
7234,0.006786465644836426
7235,0.006786450278013945
7236,0.006786411628127098
7237,0.00678638182580471
7238,0.006786351557821035
7239,0.006786331068724394
7240,0.00678629707545042
7241,0.006786246318370104
7242,0.006786237936466932
7243,0.006786213722079992
7244,0.006786161568015814
7245,0.006786155980080366
7246,0.006786107085645199
7247,0.006786071229726076
7248,0.006786060519516468
7249,0.006786007434129715
7250,0.006785988342016935
7251,0.006785966921597719
7252,0.006785934325307608
7253,0.006785895209759474
7254,0.006785877514630556
7255,0.0067858509719371796
7256,0.006785816978663206
7257,0.0067857797257602215
7258,0.006785750389099121
7259,0.006785716861486435
7260,0.006785696838051081
7261,0.0067856707610189915
7262,0.006785637699067593
7263,0.006785579491406679
7264,0.00678557064384222
7265,0.0067855543456971645
7266,0.006785512901842594
7267,0.0067854709923267365
7268,0.0067854453809559345
7269,0.006785402074456215
7270,0.006785373203456402
7271,0.006785340141505003
7272,0.0067853061482310295
7273,0.006785272620618343
7274,0.006785249337553978
7275,0.00678521441295743
7276,0.006785186007618904
7277,0.0067851608619093895
7278,0.006785117089748383
7279,0.0067851124331355095
7280,0.006785085890442133
7281,0.006785033270716667
7282,0.006785015109926462
7283,0.00678500160574913
7284,0.00678495317697525
7285,0.006784901488572359
7286,0.006784907542169094
7287,0.00678488751873374
7288,0.0067848446778953075
7289,0.006784787867218256
7290,0.006784768309444189
7291,0.006784727796912193
7292,0.006784702651202679
7293,0.006784670986235142
7294,0.006784629076719284
7295,0.006784601602703333
7296,0.00678458996117115
7297,0.006784552708268166
7298,0.006784514524042606
7299,0.006784486584365368
7300,0.006784494500607252
7301,0.006784449797123671
7302,0.006784404162317514
7303,0.006784351542592049
7304,0.006784323137253523
7305,0.006784308236092329
7306,0.006784263998270035
7307,0.006784236058592796
7308,0.006784207187592983
7309,0.0067841787822544575
7310,0.006784162484109402
7311,0.006784113124012947
7312,0.006784102413803339
7313,0.006784077268093824
7314,0.006784026511013508
7315,0.006784009747207165
7316,0.006783995311707258
7317,0.006783944088965654
7318,0.006783897057175636
7319,0.00678386352956295
7320,0.00678383931517601
7321,0.0067838095128536224
7322,0.006783772259950638
7323,0.006783741991966963
7324,0.006783731281757355
7325,0.006783702876418829
7326,0.006783676333725452
7327,0.00678363349288702
7328,0.006783587858080864
7329,0.006783571094274521
7330,0.006783532444387674
7331,0.006783502642065287
7332,0.006783471908420324
7333,0.0067834435030817986
7334,0.006783424410969019
7335,0.0067833843640983105
7336,0.006783373653888702
7337,0.006783350836485624
7338,0.00678329449146986
7339,0.006783268880099058
7340,0.006783257704228163
7341,0.006783206015825272
7342,0.0067831650376319885
7343,0.0067831408232450485
7344,0.006783101242035627
7345,0.006783067714422941
7346,0.006783047690987587
7347,0.006783012766391039
7348,0.006782989948987961
7349,0.006782968528568745
7350,0.006782921031117439
7351,0.0067828986793756485
7352,0.006782874930649996
7353,0.006782822776585817
7354,0.006782824639230967
7355,0.006782811600714922
7356,0.006782762706279755
7357,0.006782704498618841
7358,0.006782707758247852
7359,0.006782690063118935
7360,0.006782645359635353
7361,0.0067825946025550365
7362,0.006782569922506809
7363,0.006782527081668377
7364,0.006782501004636288
7365,0.006782467011362314
7366,0.006782434415072203
7367,0.0067824083380401134
7368,0.00678241066634655
7369,0.006782369688153267
7370,0.0067823175340890884
7371,0.00678228959441185
7372,0.0067822933197021484
7373,0.006782274693250656
7374,0.006782237906008959
7375,0.006782179232686758
7376,0.006782130803912878
7377,0.006782118696719408
7378,0.0067820739932358265
7379,0.006782044656574726
7380,0.006782027427107096
7381,0.0067819771356880665
7382,0.006781960371881723
7383,0.00678192637860775
7384,0.006781918462365866
7385,0.006781891919672489
7386,0.006781833246350288
7387,0.0067818136885762215
7388,0.006781801115721464
7389,0.006781756412237883
7390,0.006781697738915682
7391,0.00678171357139945
7392,0.00678169634193182
7393,0.006781639996916056
7394,0.006781581789255142
7395,0.006781555246561766
7396,0.006781522184610367
7397,0.006781501695513725
7398,0.006781463511288166
7399,0.006781423464417458
7400,0.006781404837965965
7401,0.006781414616852999
7402,0.0067813824862241745
7403,0.006781332660466433
7404,0.006781295873224735
7405,0.0067812781780958176
7406,0.006781271658837795
7407,0.006781274918466806
7408,0.0067812190391123295
7409,0.006781151983886957
7410,0.006781124975532293
7411,0.006781068164855242
7412,0.006781041622161865
7413,0.006781052332371473
7414,0.006781050469726324
7415,0.006780980154871941
7416,0.006780941970646381
7417,0.006780919153243303
7418,0.006780882831662893
7419,0.006780893541872501
7420,0.006780863273888826
7421,0.006780768278986216
7422,0.006780762225389481
7423,0.006780752446502447
7424,0.006780691910535097
7425,0.0067806425504386425
7426,0.006780650001019239
7427,0.006780616939067841
7428,0.006780561059713364
7429,0.006780526135116816
7430,0.006780496798455715
7431,0.006780455820262432
7432,0.006780421826988459
7433,0.006780389696359634
7434,0.006780351512134075
7435,0.0067803277634084225
7436,0.00678029702976346
7437,0.006780262105166912
7438,0.0067802416160702705
7439,0.006780211813747883
7440,0.006780171766877174
7441,0.006780155003070831
7442,0.0067801279947161674
7443,0.006780075840651989
7444,0.0067800721153616905
7445,0.006780050229281187
7446,0.006780002731829882
7447,0.00677994592115283
7448,0.006779955700039864
7449,0.006779944058507681
7450,0.00677989749237895
7451,0.006779852788895369
7452,0.006779832765460014
7453,0.006779788061976433
7454,0.006779746152460575
7455,0.006779711693525314
7456,0.006779679097235203
7457,0.006779655814170837
7458,0.0067796288058161736
7459,0.006779589224606752
7460,0.0067795622162520885
7461,0.006779526825994253
7462,0.006779484450817108
7463,0.006779476068913937
7464,0.006779445800930262
7465,0.006779392249882221
7466,0.006779384799301624
7467,0.0067793685011565685
7468,0.006779325194656849
7469,0.006779261864721775
7470,0.006779253017157316
7471,0.006779238115996122
7472,0.006779194809496403
7473,0.006779160350561142
7474,0.006779153365641832
7475,0.006779110059142113
7476,0.006779065355658531
7477,0.006779019720852375
7478,0.0067789615131914616
7479,0.006778936367481947
7480,0.006778920069336891
7481,0.006778881885111332
7482,0.006778862327337265
7483,0.006778830196708441
7484,0.006778782233595848
7485,0.006778758950531483
7486,0.00677872309461236
7487,0.006778666749596596
7488,0.00677866255864501
7489,0.006778636947274208
7490,0.006778594106435776
7491,0.006778534967452288
7492,0.006778531242161989
7493,0.0067785149440169334
7494,0.006778464186936617
7495,0.006778424605727196
7496,0.006778417620807886
7497,0.006778376642614603
7498,0.006778320763260126
7499,0.006778283976018429
7500,0.006778246723115444
7501,0.0067782048135995865
7502,0.006778174079954624
7503,0.0067781428806483746
7504,0.006778127979487181
7505,0.006778109353035688
7506,0.006778078619390726
7507,0.0067780534736812115
7508,0.0067780208773911
7509,0.0067779626697301865
7510,0.006777963601052761
7511,0.006777937989681959
7512,0.006777879782021046
7513,0.006777814123779535
7514,0.006777804344892502
7515,0.006777789909392595
7516,0.006777749862521887
7517,0.006777723785489798
7518,0.00677773542702198
7519,0.006777718663215637
7520,0.006777687463909388
7521,0.006777642294764519
7522,0.006777574308216572
7523,0.006777503993362188
7524,0.006777452304959297
7525,0.0067774150520563126
7526,0.006777407135814428
7527,0.0067774029448628426
7528,0.006777388043701649
7529,0.006777393631637096
7530,0.0067773847840726376
7531,0.0067773256450891495
7532,0.006777341943234205
7533,0.006777320988476276
7534,0.006777249742299318
7535,0.006777155678719282
7536,0.006777109112590551
7537,0.0067770699970424175
7538,0.006777012720704079
7539,0.006776982452720404
7540,0.006777012720704079
7541,0.006777043454349041
7542,0.0067770699970424175
7543,0.006777095142751932
7544,0.006777193397283554
7545,0.006777253933250904
7546,0.006777392700314522
7547,0.006777512840926647
7548,0.006777720060199499
7549,0.00677798455581069
7550,0.006778333801776171
7551,0.0067788767628371716
7552,0.006779527757316828
7553,0.00678054615855217
7554,0.006781784817576408
7555,0.006783551536500454
7556,0.00678594596683979
7557,0.006789163686335087
7558,0.006793198641389608
7559,0.0067965192720294
7560,0.006799014750868082
7561,0.0067968824878335
7562,0.006792248226702213
7563,0.006784765049815178
7564,0.00677871610969305
7565,0.0067763119004666805
7566,0.00677779596298933
7567,0.006780548021197319
7568,0.006781443487852812
7569,0.006780187599360943
7570,0.006777557544410229
7571,0.006776003632694483
7572,0.006776324473321438
7573,0.006777438335120678
7574,0.006777919363230467
7575,0.006777288857847452
7576,0.006776320748031139
7577,0.006775781977921724
7578,0.006775945890694857
7579,0.006776390131562948
7580,0.0067765964195132256
7581,0.006776310969144106
7582,0.006775800604373217
7583,0.006775542162358761
7584,0.006775683257728815
7585,0.0067759109660983086
7586,0.006775863468647003
7587,0.0067756143398582935
7588,0.006775389891117811
7589,0.006775314453989267
7590,0.006775358226150274
7591,0.006775357760488987
7592,0.006775271613150835
7593,0.0067751407623291016
7594,0.006775076035410166
7595,0.006775002460926771
7596,0.006774956826120615
7597,0.00677496986463666
7598,0.006774935405701399
7599,0.0067748515866696835
7600,0.006774778477847576
7601,0.006774723529815674
7602,0.006774666719138622
7603,0.006774642039090395
7604,0.006774613168090582
7605,0.006774572189897299
7606,0.006774519104510546
7607,0.006774467416107655
7608,0.006774430628865957
7609,0.006774401757866144
7610,0.0067743537947535515
7611,0.006774320732802153
7612,0.0067742918618023396
7613,0.006774266716092825
7614,0.006774244364351034
7615,0.006774200592190027
7616,0.006774150300770998
7617,0.006774101871997118
7618,0.006774067413061857
7619,0.0067740390077233315
7620,0.006773997098207474
7621,0.006773969624191523
7622,0.006773924920707941
7623,0.006773883011192083
7624,0.006773858796805143
7625,0.006773807108402252
7626,0.006773776840418577
7627,0.006773784756660461
7628,0.006773756351321936
7629,0.0067736986093223095
7630,0.006773689761757851
7631,0.006773647852241993
7632,0.006773581728339195
7633,0.006773523520678282
7634,0.006773501168936491
7635,0.0067734806798398495
7636,0.006773429922759533
7637,0.006773407105356455
7638,0.006773370783776045
7639,0.006773314904421568
7640,0.0067733097821474075
7641,0.006773303262889385
7642,0.006773266009986401
7643,0.006773193366825581
7644,0.006773174274712801
7645,0.006773157976567745
7646,0.006773102097213268
7647,0.006773064844310284
7648,0.006773059256374836
7649,0.006773022469133139
7650,0.006772968452423811
7651,0.006772927474230528
7652,0.006772921420633793
7653,0.006772859487682581
7654,0.006772823166102171
7655,0.006772820372134447
7656,0.006772779859602451
7657,0.006772745866328478
7658,0.006772731896489859
7659,0.006772683933377266
7660,0.006772656459361315
7661,0.006772629916667938
7662,0.00677258986979723
7663,0.006772523280233145
7664,0.0067724790424108505
7665,0.006772465538233519
7666,0.00677244458347559
7667,0.0067724017426371574
7668,0.006772394757717848
7669,0.006772366352379322
7670,0.00677231140434742
7671,0.006772295106202364
7672,0.006772272754460573
7673,0.006772233173251152
7674,0.006772165186703205
7675,0.006772149819880724
7676,0.006772143300622702
7677,0.006772105116397142
7678,0.00677205715328455
7679,0.006772044580429792
7680,0.006772019434720278
7681,0.0067719966173172
7682,0.0067719584330916405
7683,0.006771900691092014
7684,0.006771898828446865
7685,0.006771870423108339
7686,0.006771816406399012
7687,0.0067717544734478
7688,0.006771751679480076
7689,0.006771738640964031
7690,0.006771687418222427
7691,0.006771650165319443
7692,0.006771653424948454
7693,0.006771623156964779
7694,0.006771572399884462
7695,0.006771550513803959
7696,0.0067715514451265335
7697,0.0067715151235461235
7698,0.006771468091756105
7699,0.006771426182240248
7700,0.006771363317966461
7701,0.006771320477128029
7702,0.006771287880837917
7703,0.006771252490580082
7704,0.006771265063434839
7705,0.006771281361579895
7706,0.0067712776362895966
7707,0.0067712534219026566
7708,0.006771267857402563
7709,0.0067713018506765366
7710,0.00677128229290247
7711,0.006771306041628122
7712,0.006771305575966835
7713,0.006771332584321499
7714,0.006771421991288662
7715,0.006771470885723829
7716,0.006771619897335768
7717,0.0067717102356255054
7718,0.0067717707715928555
7719,0.006771863903850317
7720,0.006771939340978861
7721,0.006772005930542946
7722,0.006772116292268038
7723,0.006772324908524752
7724,0.006772560067474842
7725,0.0067728441208601
7726,0.00677327299490571
7727,0.006773915141820908
7728,0.006774717476218939
7729,0.006775864865630865
7730,0.006777145434170961
7731,0.006778961978852749
7732,0.006780908443033695
7733,0.006783393677324057
7734,0.006785230711102486
7735,0.006786766462028027
7736,0.006785886827856302
7737,0.006783723831176758
7738,0.006779270712286234
7739,0.006774714682251215
7740,0.006771179381757975
7741,0.006770189385861158
7742,0.006771310698240995
7743,0.006773027125746012
7744,0.006773916073143482
7745,0.006773254368454218
7746,0.006771810818463564
7747,0.006770509760826826
7748,0.006769934203475714
7749,0.0067701865918934345
7750,0.006770767737179995
7751,0.00677098985761404
7752,0.0067706541158258915
7753,0.006770208943635225
7754,0.006769810803234577
7755,0.0067697083577513695
7756,0.006769772153347731
7757,0.0067698354832828045
7758,0.006769828964024782
7759,0.0067697325721383095
7760,0.006769637577235699
7761,0.006769529543817043
7762,0.006769528612494469
7763,0.006769582629203796
7764,0.0067695751786231995
7765,0.0067695314064621925
7766,0.006769465748220682
7767,0.006769374944269657
7768,0.006769333500415087
7769,0.0067693740129470825
7770,0.0067694117315113544
7771,0.006769382860511541
7772,0.006769324187189341
7773,0.00676922919228673
7774,0.006769151426851749
7775,0.006769154686480761
7776,0.00676915654912591
7777,0.006769119296222925
7778,0.006769054103642702
7779,0.006769043859094381
7780,0.006769021973013878
7781,0.006768978200852871
7782,0.006768919061869383
7783,0.006768951192498207
7784,0.0067689549177885056
7785,0.006768905557692051
7786,0.0067688352428376675
7787,0.006768787279725075
7788,0.006768770050257444
7789,0.00676873791962862
7790,0.006768721621483564
7791,0.006768711376935244
7792,0.006768676917999983
7793,0.006768625695258379
7794,0.006768583320081234
7795,0.006768553052097559
7796,0.006768534891307354
7797,0.006768514402210712
7798,0.006768522784113884
7799,0.006768491119146347
7800,0.006768431514501572
7801,0.006768401712179184
7802,0.006768377032130957
7803,0.006768330466002226
7804,0.006768292281776667
7805,0.00676826061680913
7806,0.006768235005438328
7807,0.0067682149820029736
7808,0.006768223363906145
7809,0.00676820008084178
7810,0.006768158171325922
7811,0.0067681558430194855
7812,0.006768116261810064
7813,0.006768054328858852
7814,0.00676801847293973
7815,0.006768000312149525
7816,0.006767962593585253
7817,0.006767916493117809
7818,0.006767883896827698
7819,0.006767863407731056
7820,0.006767834536731243
7821,0.006767801940441132
7822,0.0067677744664251804
7823,0.006767754442989826
7824,0.006767720449715853
7825,0.006767689250409603
7826,0.006767680868506432
7827,0.006767651531845331
7828,0.006767604034394026
7829,0.0067676049657166
7830,0.006767593324184418
7831,0.006767552811652422
7832,0.006767492275685072
7833,0.006767478305846453
7834,0.006767455954104662
7835,0.006767421029508114
7836,0.00676738889887929
7837,0.006767389830201864
7838,0.006767359562218189
7839,0.006767347455024719
7840,0.006767309736460447
7841,0.006767249200493097
7842,0.006767247337847948
7843,0.006767221260815859
7844,0.006767168175429106
7845,0.0067671057768166065
7846,0.006767107639461756
7847,0.00676710857078433
7848,0.006767073646187782
7849,0.006767029874026775
7850,0.006767028011381626
7851,0.006766995415091515
7852,0.006766967009752989
7853,0.006766927428543568
7854,0.006766870617866516
7855,0.006766821723431349
7856,0.0067667909897863865
7857,0.006766757927834988
7858,0.006766747683286667
7859,0.0067667351104319096
7860,0.006766707636415958
7861,0.006766712758690119
7862,0.006766701117157936
7863,0.006766648031771183
7864,0.006766633130609989
7865,0.0067666154354810715
7866,0.006766573991626501
7867,0.006766515783965588
7868,0.0067664869129657745
7869,0.0067664859816432
7870,0.006766451057046652
7871,0.00676640123128891
7872,0.006766359321773052
7873,0.0067663067020475864
7874,0.0067662810906767845
7875,0.006766255013644695
7876,0.006766228005290031
7877,0.00676626106724143
7878,0.00676628015935421
7879,0.006766283884644508
7880,0.0067662629298865795
7881,0.006766279228031635
7882,0.006766341160982847
7883,0.006766378879547119
7884,0.006766495294868946
7885,0.00676663126796484
7886,0.006766858510673046
7887,0.006767190061509609
7888,0.006767681799829006
7889,0.0067685069516301155
7890,0.006769650615751743
7891,0.00677151745185256
7892,0.006774306297302246
7893,0.006778542883694172
7894,0.006784962490200996
7895,0.006792656145989895
7896,0.006802136078476906
7897,0.006805235054343939
7898,0.006802074611186981
7899,0.006786490324884653
7900,0.006771525368094444
7901,0.006765308789908886
7902,0.006770109757781029
7903,0.006777260452508926
7904,0.0067774225026369095
7905,0.006771850399672985
7906,0.006765811238437891
7907,0.006765336263924837
7908,0.006768838502466679
7909,0.006770396139472723
7910,0.006768242921680212
7911,0.006765054073184729
7912,0.006764511577785015
7913,0.006766040343791246
7914,0.006766879931092262
7915,0.006765957921743393
7916,0.006764447316527367
7917,0.006764210760593414
7918,0.006765136495232582
7919,0.006765489000827074
7920,0.006764683406800032
7921,0.006763888988643885
7922,0.006763978395611048
7923,0.006764467805624008
7924,0.006764464545994997
7925,0.006763974204659462
7926,0.006763647310435772
7927,0.006763818208128214
7928,0.00676406966522336
7929,0.006763926707208157
7930,0.006763590034097433
7931,0.006763462908565998
7932,0.006763617508113384
7933,0.006763733923435211
7934,0.006763569079339504
7935,0.006763352546840906
7936,0.006763309706002474
7937,0.0067634060978889465
7938,0.006763435434550047
7939,0.0067632910795509815
7940,0.006763177458196878
7941,0.006763163488358259
7942,0.006763182580471039
7943,0.006763205397874117
7944,0.006763140205293894
7945,0.006763032171875238
7946,0.006762961391359568
7947,0.006763007957488298
7948,0.006763035897165537
7949,0.006762979552149773
7950,0.006762889679521322
7951,0.006762813311070204
7952,0.006762786768376827
7953,0.006762774661183357
7954,0.006762736476957798
7955,0.00676271365955472
7956,0.006762683391571045
7957,0.006762638688087463
7958,0.006762620992958546
7959,0.006762597244232893
7960,0.006762572098523378
7961,0.006762530189007521
7962,0.006762489210814238
7963,0.006762473378330469
7964,0.006762450095266104
7965,0.006762410048395395
7966,0.006762368138879538
7967,0.006762340664863586
7968,0.006762316916137934
7969,0.006762289442121983
7970,0.006762249395251274
7971,0.006762219592928886
7972,0.006762202829122543
7973,0.006762172095477581
7974,0.006762138567864895
7975,0.0067621273919939995
7976,0.006762092933058739
7977,0.006762045901268721
7978,0.006762029603123665
7979,0.006762008182704449
7980,0.006761971861124039
7981,0.006761928088963032
7982,0.006761901546269655
7983,0.006761870346963406
7984,0.006761846598237753
7985,0.006761816330254078
7986,0.00676178140565753
7987,0.006761766504496336
7988,0.006761734839528799
7989,0.006761694792658091
7990,0.006761685945093632
7991,0.006761659402400255
7992,0.006761614698916674
7993,0.00676159281283617
7994,0.006761569995433092
7995,0.006761528085917234
7996,0.006761497352272272
7997,0.006761472672224045
7998,0.0067614302970469
7999,0.006761405151337385
8000,0.006761383265256882
8001,0.006761347409337759
8002,0.006761328782886267
8003,0.006761298049241304
8004,0.006761256605386734
8005,0.006761254742741585
8006,0.006761230994015932
8007,0.006761179771274328
8008,0.006761152762919664
8009,0.006761130876839161
8010,0.006761090364307165
8011,0.006761061027646065
8012,0.00676103588193655
8013,0.0067609939724206924
8014,0.006760976277291775
8015,0.006760976277291775
8016,0.006760944612324238
8017,0.006760906893759966
8018,0.00676087848842144
8019,0.0067608472891151905
8020,0.006760817486792803
8021,0.006760794669389725
8022,0.006760782096534967
8023,0.006760747637599707
8024,0.006760715041309595
8025,0.006760696414858103
8026,0.00676068477332592
8027,0.006760663818567991
8028,0.006760627496987581
8029,0.006760584656149149
8030,0.006760539952665567
8031,0.006760539952665567
8032,0.0067605506628751755
8033,0.0067605311051011086
8034,0.006760495714843273
8035,0.006760449148714542
8036,0.006760388147085905
8037,0.006760365795344114
8038,0.006760353222489357
8039,0.006760345306247473
8040,0.006760302931070328
8041,0.006760262418538332
8042,0.006760245654731989
8043,0.006760227493941784
8044,0.006760204676538706
8045,0.006760172545909882
8046,0.006760139483958483
8047,0.006760093849152327
8048,0.006760073360055685
8049,0.006760088726878166
8050,0.006760079879313707
8051,0.00676006218418479
8052,0.006760029122233391
8053,0.006759959273040295
8054,0.00675990479066968
8055,0.006759890355169773
8056,0.006759891286492348
8057,0.006759846583008766
8058,0.006759813521057367
8059,0.006759798154234886
8060,0.0067597646266222
8061,0.0067597306333482265
8062,0.006759712006896734
8063,0.006759691052138805
8064,0.0067596472799777985
8065,0.00675965053960681
8066,0.006759624928236008
8067,0.00675957789644599
8068,0.0067595369182527065
8069,0.006759515032172203
8070,0.006759473588317633
8071,0.006759455893188715
8072,0.006759491749107838
8073,0.006759488023817539
8074,0.006759442389011383
8075,0.00675943261012435
8076,0.006759396754205227
8077,0.006759324111044407
8078,0.006759284064173698
8079,0.006759271956980228
8080,0.006759228650480509
8081,0.0067591918632388115
8082,0.006759172771126032
8083,0.006759147625416517
8084,0.006759120617061853
8085,0.006759102921932936
8086,0.006759080104529858
8087,0.006759059615433216
8088,0.006759025622159243
8089,0.0067589846439659595
8090,0.006758957635611296
8091,0.006758933421224356
8092,0.006758897099643946
8093,0.006758880335837603
8094,0.006758855655789375
8095,0.006758817005902529
8096,0.006758800707757473
8097,0.0067587862722575665
8098,0.006758767180144787
8099,0.0067587606608867645
8100,0.006758763920515776
8101,0.006758748088032007
8102,0.006758750416338444
8103,0.006758710835129023
8104,0.0067587182857096195
8105,0.006758678238838911
8106,0.0067586214281618595
8107,0.006758552044630051
8108,0.006758492905646563
8109,0.006758449133485556
8110,0.006758422590792179
8111,0.006758404895663261
8112,0.006758404895663261
8113,0.0067583839409053326
8114,0.006758351344615221
8115,0.0067583415657281876
8116,0.0067583308555185795
8117,0.006758310832083225
8118,0.00675829965621233
8119,0.006758281495422125
8120,0.00675826845690608
8121,0.006758269388228655
8122,0.0067582642659544945
8123,0.006758291739970446
8124,0.006758292205631733
8125,0.006758332718163729
8126,0.0067583187483251095
8127,0.006758370436728001
8128,0.0067583597265183926
8129,0.006758315488696098
8130,0.006758285686373711
8131,0.00675820792093873
8132,0.006758095696568489
8133,0.006758015602827072
8134,0.0067579662427306175
8135,0.006757897324860096
8136,0.006757842376828194
8137,0.006757789757102728
8138,0.006757723167538643
8139,0.006757698953151703
8140,0.006757661700248718
8141,0.006757617462426424
8142,0.006757586263120174
8143,0.006757563445717096
8144,0.006757521536201239
8145,0.00675751781091094
8146,0.006757495924830437
8147,0.006757460534572601
8148,0.006757419556379318
8149,0.006757399998605251
8150,0.006757418625056744
8151,0.006757405586540699
8152,0.006757382303476334
8153,0.006757366005331278
8154,0.006757339928299189
8155,0.00675731198862195
8156,0.006757325027137995
8157,0.006757362280040979
8158,0.006757425609976053
8159,0.0067574987187981606
8160,0.006757631432265043
8161,0.00675788102671504
8162,0.006758298724889755
8163,0.006759075913578272
8164,0.006760291755199432
8165,0.00676242308691144
8166,0.006765894591808319
8167,0.0067717754282057285
8168,0.006781877484172583
8169,0.006795502733439207
8170,0.006813731975853443
8171,0.006818888708949089
8172,0.006809696089476347
8173,0.006779333110898733
8174,0.006758611649274826
8175,0.006761576514691114
8176,0.006776681635528803
8177,0.006781022530049086
8178,0.006767285522073507
8179,0.006757259834557772
8180,0.006760392338037491
8181,0.006767475511878729
8182,0.006766465958207846
8183,0.00675883237272501
8184,0.006756914779543877
8185,0.006761148571968079
8186,0.006762688979506493
8187,0.0067592523992061615
8188,0.006756355054676533
8189,0.006757800932973623
8190,0.006759905721992254
8191,0.006758596748113632
8192,0.006756438873708248
8193,0.0067565967328846455
8194,0.006758030969649553
8195,0.006757909432053566
8196,0.006756478920578957
8197,0.0067561473697423935
8198,0.006756979040801525
8199,0.0067571476101875305
8200,0.006756346207112074
8201,0.0067559196613729
8202,0.006756421644240618
8203,0.0067567117512226105
8204,0.006756202783435583
8205,0.006755818147212267
8206,0.00675604771822691
8207,0.006756266579031944
8208,0.0067559899762272835
8209,0.006755719892680645
8210,0.006755792535841465
8211,0.006755930837243795
8212,0.006755794398486614
8213,0.0067556328140199184
8214,0.006755636539310217
8215,0.0067556980066001415
8216,0.006755623035132885
8217,0.006755513604730368
8218,0.006755500566214323
8219,0.006755537819117308
8220,0.006755509879440069
8221,0.006755409296602011
8222,0.00675539392977953
8223,0.00675540417432785
8224,0.00675537483766675
8225,0.0067553105764091015
8226,0.006755285896360874
8227,0.006755282171070576
8228,0.00675529520958662
8229,0.006755245383828878
8230,0.006755187176167965
8231,0.00675516203045845
8232,0.00675518112257123
8233,0.0067551578395068645
8234,0.0067551047541201115
8235,0.0067550563253462315
8236,0.006755081471055746
8237,0.006755082868039608
8238,0.006755022797733545
8239,0.00675495620816946
8240,0.006754959933459759
8241,0.006754959002137184
8242,0.006754910107702017
8243,0.006754849571734667
8244,0.006754865869879723
8245,0.006754876114428043
8246,0.006754839792847633
8247,0.0067547704093158245
8248,0.006754740606993437
8249,0.006754745729267597
8250,0.006754720583558083
8251,0.006754672154784203
8252,0.006754638627171516
8253,0.0067546009086072445
8254,0.006754593923687935
8255,0.006754571106284857
8256,0.006754537578672171
8257,0.006754504982382059
8258,0.006754487287253141
8259,0.006754465866833925
8260,0.00675444258376956
8261,0.006754413712769747
8262,0.0067543876357376575
8263,0.006754362024366856
8264,0.0067543457262218
8265,0.006754323840141296
8266,0.0067542907781898975
8267,0.006754267495125532
8268,0.006754271686077118
8269,0.00675424886867404
8270,0.006754222791641951
8271,0.006754180416464806
8272,0.006754144560545683
8273,0.0067541287280619144
8274,0.006754105444997549
8275,0.006754085421562195
8276,0.006754064466804266
8277,0.006754030007869005
8278,0.006754009053111076
8279,0.006753989960998297
8280,0.006753959227353334
8281,0.006753944791853428
8282,0.006753918714821339
8283,0.006753886584192514
8284,0.006753875873982906
8285,0.006753855850547552
8286,0.006753821857273579
8287,0.006753808818757534
8288,0.006753796711564064
8289,0.006753761321306229
8290,0.0067537217400968075
8291,0.006753699854016304
8292,0.006753675639629364
8293,0.006753660272806883
8294,0.006753670983016491
8295,0.006753634661436081
8296,0.00675358297303319
8297,0.00675357086583972
8298,0.006753584835678339
8299,0.0067535643465816975
8300,0.006753543857485056
8301,0.006753484718501568
8302,0.006753439083695412
8303,0.0067534237168729305
8304,0.006753397174179554
8305,0.006753376219421625
8306,0.006753364112228155
8307,0.006753329187631607
8308,0.006753299850970507
8309,0.006753287278115749
8310,0.006753250490874052
8311,0.006753235589712858
8312,0.006753212306648493
8313,0.006753174588084221
8314,0.006753168068826199
8315,0.006753150839358568
8316,0.006753111723810434
8317,0.006753096356987953
8318,0.006753081921488047
8319,0.006753047928214073
8320,0.006753010209649801
8321,0.0067529864609241486
8322,0.006752968765795231
8323,0.006752940360456705
8324,0.006752923130989075
8325,0.00675289798527956
8326,0.0067528714425861835
8327,0.006752847693860531
8328,0.006752819754183292
8329,0.00675279600545764
8330,0.006752787623554468
8331,0.006752773188054562
8332,0.006752742920070887
8333,0.006752716843038797
8334,0.006752683315426111
8335,0.006752660498023033
8336,0.006752638146281242
8337,0.0067526185885071754
8338,0.006752593442797661
8339,0.0067525627091526985
8340,0.006752530112862587
8341,0.006752515211701393
8342,0.006752498913556337
8343,0.006752470973879099
8344,0.00675246911123395
8345,0.006752443499863148
8346,0.00675239646807313
8347,0.006752374581992626
8348,0.006752362474799156
8349,0.00675232894718647
8350,0.00675229262560606
8351,0.00675227539613843
8352,0.006752249784767628
8353,0.00675222696736455
8354,0.006752228830009699
8355,0.006752203684300184
8356,0.006752160843461752
8357,0.00675214035436511
8358,0.006752140820026398
8359,0.0067521207965910435
8360,0.006752117536962032
8361,0.006752094719558954
8362,0.006752061191946268
8363,0.0067520285956561565
8364,0.006751983892172575
8365,0.006751963868737221
8366,0.00675191730260849
8367,0.0067518968135118484
8368,0.00675189821049571
8369,0.006751862354576588
8370,0.006751822307705879
8371,0.006751809734851122
8372,0.006751776672899723
8373,0.006751760840415955
8374,0.0067517501302063465
8375,0.006751724518835545
8376,0.006751711945980787
8377,0.006751685868948698
8378,0.006751632783561945
8379,0.006751625798642635
8380,0.0067516108974814415
8381,0.006751575507223606
8382,0.006751531269401312
8383,0.006751537322998047
8384,0.006751527078449726
8385,0.006751493085175753
8386,0.006751440931111574
8387,0.006751444656401873
8388,0.006751442328095436
8389,0.006751410663127899
8390,0.006751362234354019
8391,0.006751338951289654
8392,0.0067513189278542995
8393,0.006751278880983591
8394,0.0067512565292418
8395,0.006751255597919226
8396,0.006751231849193573
8397,0.0067512053065001965
8398,0.0067511750385165215
8399,0.0067511252127587795
8400,0.006751123815774918
8401,0.006751105654984713
8402,0.006751069333404303
8403,0.006751029286533594
8404,0.006751034874469042
8405,0.006751025095582008
8406,0.0067509859800338745
8407,0.006750934291630983
8408,0.006750920787453651
8409,0.006750892847776413
8410,0.006750870496034622
8411,0.006750848609954119
8412,0.0067508104257285595
8413,0.006750789005309343
8414,0.00675079645588994
8415,0.006750789470970631
8416,0.006750816013664007
8417,0.006750800646841526
8418,0.006750764790922403
8419,0.006750699132680893
8420,0.0067506274208426476
8421,0.006750600412487984
8422,0.006750592030584812
8423,0.006750580854713917
8424,0.006750605534762144
8425,0.006750625092536211
8426,0.006750628352165222
8427,0.0067505971528589725
8428,0.006750562693923712
8429,0.006750535219907761
8430,0.006750480737537146
8431,0.00675045745447278
8432,0.006750406697392464
8433,0.006750389933586121
8434,0.006750333588570356
8435,0.00675028283149004
8436,0.006750257685780525
8437,0.006750233471393585
8438,0.006750202272087336
8439,0.006750184111297131
8440,0.006750175263732672
8441,0.006750177126377821
8442,0.006750187836587429
8443,0.006750183179974556
8444,0.006750184576958418
8445,0.00675014965236187
8446,0.006750140804797411
8447,0.006750104483217001
8448,0.006750104017555714
8449,0.006750072352588177
8450,0.006750073749572039
8451,0.006750017870217562
8452,0.006749945692718029
8453,0.006749890279024839
8454,0.006749845575541258
8455,0.006749794818460941
8456,0.006749763153493404
8457,0.006749758031219244
8458,0.006749772932380438
8459,0.006749800872057676
8460,0.006749854423105717
8461,0.006749895401299
8462,0.006749903783202171
8463,0.006749934516847134
8464,0.006749932188540697
8465,0.006749975960701704
8466,0.006749983876943588
8467,0.00675007002428174
8468,0.006750098895281553
8469,0.00675020320340991
8470,0.006750232540071011
8471,0.006750206463038921
8472,0.006750194355845451
8473,0.006750145927071571
8474,0.006750063505023718
8475,0.006750030443072319
8476,0.006750020664185286
8477,0.006750001106411219
8478,0.006749965250492096
8479,0.0067499615252017975
8480,0.006749980617314577
8481,0.0067499964497983456
8482,0.006750076077878475
8483,0.006750134751200676
8484,0.006750280503183603
8485,0.006750472821295261
8486,0.006750757340341806
8487,0.0067511931993067265
8488,0.006751461885869503
8489,0.006751870736479759
8490,0.0067521957680583
8491,0.006752571556717157
8492,0.006753201596438885
8493,0.006753943394869566
8494,0.006754684261977673
8495,0.006755731999874115
8496,0.006757240276783705
8497,0.006757911294698715
8498,0.006758833769708872
8499,0.0067576514557003975
8500,0.006755770184099674
8501,0.006752170622348785
8502,0.006748442072421312
8503,0.006744994781911373
8504,0.006743032950907946
8505,0.0067428164184093475
8506,0.006743849720805883
8507,0.006745139602571726
8508,0.006745827384293079
8509,0.00674565602093935
8510,0.006744546815752983
8511,0.006742970552295446
8512,0.00674149114638567
8513,0.0067407782189548016
8514,0.0067409006878733635
8515,0.0067413984797894955
8516,0.006741764023900032
8517,0.006741740740835667
8518,0.006741266697645187
8519,0.00674050347879529
8520,0.006739847362041473
8521,0.006739567965269089
8522,0.006739651784300804
8523,0.006739877630025148
8524,0.006739881355315447
8525,0.006739601027220488
8526,0.006739194039255381
8527,0.006738846655935049
8528,0.006738611962646246
8529,0.006738509051501751
8530,0.0067384797148406506
8531,0.006738414987921715
8532,0.006738333497196436
8533,0.006738168187439442
8534,0.00673795398324728
8535,0.006737780757248402
8536,0.00673762708902359
8537,0.006737501360476017
8538,0.006737322546541691
8539,0.006737112998962402
8540,0.006736842915415764
8541,0.006736522540450096
8542,0.006736232899129391
8543,0.0067359572276473045
8544,0.006735719740390778
8545,0.006735533941537142
8546,0.006735375616699457
8547,0.006735208909958601
8548,0.006735058035701513
8549,0.0067348787561059
8550,0.006734692491590977
8551,0.006734516471624374
8552,0.006734345108270645
8553,0.006734169088304043
8554,0.006733999587595463
8555,0.006733848713338375
8556,0.006733719725161791
8557,0.006733618676662445
8558,0.0067335073836147785
8559,0.006733411457389593
8560,0.00673330994322896
8561,0.006733207497745752
8562,0.006733107380568981
8563,0.006733005400747061
8564,0.006732941139489412
8565,0.006732869427651167
8566,0.00673277722671628
8567,0.006732686888426542
8568,0.006732611451297998
8569,0.006732530891895294
8570,0.006732443813234568
8571,0.006732345558702946
8572,0.006732269190251827
8573,0.006732194684445858
8574,0.006732107140123844
8575,0.0067320214584469795
8576,0.006731949746608734
8577,0.006731872446835041
8578,0.006731794215738773
8579,0.006731722969561815
8580,0.006731646601110697
8581,0.006731592118740082
8582,0.006731520406901836
8583,0.006731442641466856
8584,0.006731382105499506
8585,0.0067313192412257195
8586,0.006731246132403612
8587,0.006731180939823389
8588,0.006731113884598017
8589,0.006731044035404921
8590,0.00673098536208272
8591,0.006730919238179922
8592,0.006730847992002964
8593,0.0067307958379387856
8594,0.0067307366989552975
8595,0.006730667781084776
8596,0.006730607245117426
8597,0.006730545312166214
8598,0.006730475462973118
8599,0.006730429828166962
8600,0.006730369757860899
8601,0.00673030037432909
8602,0.006730246357619762
8603,0.0067301904782652855
8604,0.006730121094733477
8605,0.006730083376169205
8606,0.006730030290782452
8607,0.006729964166879654
8608,0.00672991294413805
8609,0.006729861255735159
8610,0.006729801185429096
8611,0.006729756947606802
8612,0.006729702930897474
8613,0.006729640066623688
8614,0.006729594897478819
8615,0.006729537155479193
8616,0.006729475688189268
8617,0.006729433313012123
8618,0.006729382090270519
8619,0.006729327607899904
8620,0.006729277782142162
8621,0.006729224231094122
8622,0.006729165092110634
8623,0.00672914320603013
8624,0.006729104556143284
8625,0.00672905845567584
8626,0.006729002110660076
8627,0.006728969048708677
8628,0.0067289648577570915
8629,0.0067289541475474834
8630,0.0067289420403540134
8631,0.006728981155902147
8632,0.0067290375009179115
8633,0.006729092914611101
8634,0.006729186046868563
8635,0.0067293765023350716
8636,0.0067296940833330154
8637,0.006730141583830118
8638,0.006730891298502684
8639,0.006732061970978975
8640,0.006734090857207775
8641,0.006737385410815477
8642,0.006743302568793297
8643,0.006752315908670425
8644,0.006766772363334894
8645,0.006780636962503195
8646,0.006792938336730003
8647,0.006780082359910011
8648,0.00675641093403101
8649,0.006732648704200983
8650,0.006730034947395325
8651,0.0067426604218780994
8652,0.006749322637915611
8653,0.006742570083588362
8654,0.006730213295668364
8655,0.006728783715516329
8656,0.006736086681485176
8657,0.006737744435667992
8658,0.0067318519577383995
8659,0.006727348547428846
8660,0.006729763001203537
8661,0.006732846610248089
8662,0.006730739492923021
8663,0.006727541796863079
8664,0.006727653555572033
8665,0.006729650776833296
8666,0.006729482673108578
8667,0.0067274607717990875
8668,0.006727075669914484
8669,0.0067282505333423615
8670,0.006728292442858219
8671,0.006727151107043028
8672,0.006726802792400122
8673,0.006727502681314945
8674,0.006727603729814291
8675,0.006726855877786875
8676,0.006726620253175497
8677,0.006727040279656649
8678,0.0067270840518176556
8679,0.006726640742272139
8680,0.006726421881467104
8681,0.006726650521159172
8682,0.006726759951561689
8683,0.006726465187966824
8684,0.006726247724145651
8685,0.006726367864757776
8686,0.006726487539708614
8687,0.006726291961967945
8688,0.006726093124598265
8689,0.0067261685617268085
8690,0.006726249121129513
8691,0.006726123858243227
8692,0.006725951097905636
8693,0.006725949235260487
8694,0.006726014893501997
8695,0.00672595901414752
8696,0.006725808139890432
8697,0.006725771818310022
8698,0.006725826300680637
8699,0.006725770886987448
8700,0.0067256600596010685
8701,0.006725613493472338
8702,0.006725623272359371
8703,0.006725586950778961
8704,0.006725503131747246
8705,0.0067254649475216866
8706,0.006725468672811985
8707,0.0067254346795380116
8708,0.0067253559827804565
8709,0.006725316867232323
8710,0.006725298706442118
8711,0.00672525679692626
8712,0.006725207902491093
8713,0.006725172977894545
8714,0.006725141778588295
8715,0.006725121755152941
8716,0.00672508031129837
8717,0.006725030485540628
8718,0.006724994163960218
8719,0.006724982056766748
8720,0.006724946200847626
8721,0.006724898237735033
8722,0.006724854465574026
8723,0.00672483816742897
8724,0.006724810227751732
8725,0.006724763661623001
8726,0.006724709179252386
8727,0.006724691484123468
8728,0.006724667735397816
8729,0.006724619772285223
8730,0.006724567152559757
8731,0.006724536884576082
8732,0.006724505219608545
8733,0.006724481005221605
8734,0.006724447477608919
8735,0.006724405102431774
8736,0.006724362727254629
8737,0.006724339444190264
8738,0.006724311038851738
8739,0.006724267732352018
8740,0.006724243517965078
8741,0.006724209990352392
8742,0.006724172737449408
8743,0.006724131293594837
8744,0.006724114064127207
8745,0.006724088452756405
8746,0.006724042352288961
8747,0.006723994389176369
8748,0.00672399066388607
8749,0.006723968777805567
8750,0.006723923608660698
8751,0.006723879370838404
8752,0.006723836995661259
8753,0.006723812315613031
8754,0.0067237806506454945
8755,0.006723741535097361
8756,0.0067237080074846745
8757,0.006723675411194563
8758,0.006723642814904451
8759,0.006723607424646616
8760,0.006723577622324228
8761,0.006723544094711542
8762,0.006723504979163408
8763,0.0067234826274216175
8764,0.006723462603986263
8765,0.00672341650351882
8766,0.006723391357809305
8767,0.006723347585648298
8768,0.006723322905600071
8769,0.006723302882164717
8770,0.006723272148519754
8771,0.006723227445036173
8772,0.006723188329488039
8773,0.006723159458488226
8774,0.006723137106746435
8775,0.006723126396536827
8776,0.006723085418343544
8777,0.0067230286076664925
8778,0.006723005790263414
8779,0.0067229787819087505
8780,0.006722943391650915
8781,0.006722912658005953
8782,0.006722879130393267
8783,0.0067228409461677074
8784,0.006722805090248585
8785,0.006722781341522932
8786,0.006722765974700451
8787,0.006722720805555582
8788,0.006722684018313885
8789,0.006722637917846441
8790,0.006722620222717524
8791,0.0067226034589111805
8792,0.006722569931298494
8793,0.006722519174218178
8794,0.006722481921315193
8795,0.0067224507220089436
8796,0.006722430232912302
8797,0.00672239949926734
8798,0.006722352933138609
8799,0.006722326390445232
8800,0.0067222993820905685
8801,0.006722260732203722
8802,0.006722224410623312
8803,0.006722193211317062
8804,0.006722163874655962
8805,0.006722131744027138
8806,0.00672209681943059
8807,0.006722066085785627
8808,0.0067220344208180904
8809,0.006721988320350647
8810,0.006721945013850927
8811,0.0067218998447060585
8812,0.006721841637045145
8813,0.006721788085997105
8814,0.006721738260239363
8815,0.006721704266965389
8816,0.006721669342368841
8817,0.00672162277624011
8818,0.00672156224027276
8819,0.006721506826579571
8820,0.0067214807495474815
8821,0.006721459329128265
8822,0.006721436977386475
8823,0.0067213973961770535
8824,0.006721329875290394
8825,0.006721275858581066
8826,0.006721234880387783
8827,0.006721203681081533
8828,0.006721158977597952
8829,0.0067211296409368515
8830,0.0067210933193564415
8831,0.006721050478518009
8832,0.006721023470163345
8833,0.00672098807990551
8834,0.006720946170389652
8835,0.006720918696373701
8836,0.0067208800464868546
8837,0.006720842327922583
8838,0.006720816716551781
8839,0.006720781326293945
8840,0.006720738485455513
8841,0.006720718462020159
8842,0.006720703095197678
8843,0.0067206574603915215
8844,0.006720615550875664
8845,0.006720592267811298
8846,0.006720564793795347
8847,0.006720527540892363
8848,0.006720517296344042
8849,0.006720491219311953
8850,0.006720449309796095
8851,0.006720420904457569
8852,0.006720372010022402
8853,0.006720311939716339
8854,0.006720295175909996
8855,0.006720307748764753
8856,0.006720277946442366
8857,0.0067202444188296795
8858,0.006720198318362236
8859,0.0067201415076851845
8860,0.006720096804201603
8861,0.006720059551298618
8862,0.006720018573105335
8863,0.006720004603266716
8864,0.006720009259879589
8865,0.006719987839460373
8866,0.006719944998621941
8867,0.006719899829477072
8868,0.00671984301880002
8869,0.006719798780977726
8870,0.006719765719026327
8871,0.006719745695590973
8872,0.006719724740833044
8873,0.00671968050301075
8874,0.0067196437157690525
8875,0.0067196073941886425
8876,0.006719569675624371
8877,0.006719539873301983
8878,0.006719512864947319
8879,0.006719478406012058
8880,0.006719444412738085
8881,0.006719427648931742
8882,0.006719394586980343
8883,0.006719352677464485
8884,0.006719334051012993
8885,0.006719304248690605
8886,0.006719260476529598
8887,0.0067192246206104755
8888,0.006719209719449282
8889,0.006719180382788181
8890,0.0067191412672400475
8891,0.006719113327562809
8892,0.006719090510159731
8893,0.0067190490663051605
8894,0.006719011347740889
8895,0.006718976888805628
8896,0.006718942429870367
8897,0.006718916818499565
8898,0.0067188856191933155
8899,0.006718863733112812
8900,0.0067188371904194355
8901,0.006718797609210014
8902,0.00671877758577466
8903,0.006718744058161974
8904,0.006718706339597702
8905,0.006718662101775408
8906,0.006718639750033617
8907,0.0067186192609369755
8908,0.00671859085559845
8909,0.006718564312905073
8910,0.006718536373227835
8911,0.00671849912032485
8912,0.00671845767647028
8913,0.006718417163938284
8914,0.006718391552567482
8915,0.0067183589562773705
8916,0.006718331947922707
8917,0.006718299351632595
8918,0.006718270480632782
8919,0.006718252319842577
8920,0.006718223914504051
8921,0.006718185264617205
8922,0.006718156859278679
8923,0.006718115881085396
8924,0.006718067917972803
8925,0.006718045100569725
8926,0.00671801995486021
8927,0.0067179822362959385
8928,0.0067179398611187935
8929,0.006717918440699577
8930,0.00671789376065135
8931,0.006717858370393515
8932,0.006717831827700138
8933,0.006717809475958347
8934,0.00671777967363596
8935,0.006717739626765251
8936,0.006717713084071875
8937,0.006717697251588106
8938,0.006717673037201166
8939,0.0067176539450883865
8940,0.006717636249959469
8941,0.006717609241604805
8942,0.006717577576637268
8943,0.006717551499605179
8944,0.006717507727444172
8945,0.006717453710734844
8946,0.006717419717460871
8947,0.006717387121170759
8948,0.006717340555042028
8949,0.006717293988913298
8950,0.006717274896800518
8951,0.006717250682413578
8952,0.006717216223478317
8953,0.006717193406075239
8954,0.006717185955494642
8955,0.006717165932059288
8956,0.0067171393893659115
8957,0.006717144511640072
8958,0.006717154290527105
8959,0.00671717245131731
8960,0.006717198994010687
8961,0.0067172544077038765
8962,0.006717310287058353
8963,0.0067174406722188
8964,0.006717586424201727
8965,0.006717733573168516
8966,0.006717924028635025
8967,0.0067181894555687904
8968,0.0067186662927269936
8969,0.006719378288835287
8970,0.0067205908708274364
8971,0.006722507998347282
8972,0.006725715007632971
8973,0.006730720400810242
8974,0.006739187985658646
8975,0.006750216707587242
8976,0.006765933241695166
8977,0.006773937027901411
8978,0.0067750210873782635
8979,0.006751929875463247
8980,0.006727642845362425
8981,0.006716473959386349
8982,0.006725042127072811
8983,0.006736899726092815
8984,0.00673368014395237
8985,0.006722534075379372
8986,0.006716325879096985
8987,0.006721011828631163
8988,0.00672628078609705
8989,0.0067229806445539
8990,0.006717316806316376
8991,0.006716727279126644
8992,0.006720087956637144
8993,0.006720714271068573
8994,0.00671765673905611
8995,0.006716032046824694
8996,0.006717310752719641
8997,0.006718422286212444
8998,0.006717400159686804
8999,0.006716021802276373
9000,0.006716270465403795
9001,0.006717106327414513
9002,0.006716800853610039
9003,0.00671593751758337
9004,0.006715854629874229
9005,0.006716371048241854
9006,0.006716386415064335
9007,0.006715849973261356
9008,0.00671566603705287
9009,0.006715971045196056
9010,0.006716099102050066
9011,0.006715753581374884
9012,0.006715527735650539
9013,0.0067156460136175156
9014,0.006715753581374884
9015,0.006715616211295128
9016,0.006715424358844757
9017,0.006715419702231884
9018,0.006715476047247648
9019,0.006715426221489906
9020,0.00671532703563571
9021,0.006715281866490841
9022,0.006715304218232632
9023,0.006715299561619759
9024,0.006715231109410524
9025,0.006715172901749611
9026,0.006715151481330395
9027,0.006715146824717522
9028,0.006715118419378996
9029,0.0067150709219276905
9030,0.006715030875056982
9031,0.00671500526368618
9032,0.006714987568557262
9033,0.006714960094541311
9034,0.006714925169944763
9035,0.006714897695928812
9036,0.006714866496622562
9037,0.006714842282235622
9038,0.006714824587106705
9039,0.006714796181768179
9040,0.006714764516800642
9041,0.006714733317494392
9042,0.006714703515172005
9043,0.006714681629091501
9044,0.006714665796607733
9045,0.0067146397195756435
9046,0.006714601069688797
9047,0.0067145642824471
9048,0.006714555434882641
9049,0.006714540533721447
9050,0.006714514922350645
9051,0.006714468356221914
9052,0.00671443110331893
9053,0.006714416202157736
9054,0.006714390590786934
9055,0.006714354269206524
9056,0.006714324466884136
9057,0.006714309565722942
9058,0.006714278366416693
9059,0.006714245304465294
9060,0.0067142220214009285
9061,0.006714189890772104
9062,0.0067141614854335785
9063,0.006714134942740202
9064,0.006714105140417814
9065,0.006714084651321173
9066,0.006714054848998785
9067,0.006714024115353823
9068,0.006714004557579756
9069,0.006713974289596081
9070,0.006713947746902704
9071,0.00671391561627388
9072,0.006713894661515951
9073,0.006713873706758022
9074,0.0067138406448066235
9075,0.00671381363645196
9076,0.006713785231113434
9077,0.006713752634823322
9078,0.006713732611387968
9079,0.0067137014120817184
9080,0.006713679526001215
9081,0.006713648326694965
9082,0.0067136166617274284
9083,0.006713599432259798
9084,0.006713565904647112
9085,0.006713538896292448
9086,0.006713510025292635
9087,0.006713483016937971
9088,0.006713464856147766
9089,0.006713433191180229
9090,0.00671340711414814
9091,0.006713374052196741
9092,0.00671334657818079
9093,0.006713328417390585
9094,0.006713296752423048
9095,0.0067132702097296715
9096,0.006713236216455698
9097,0.006713212467730045
9098,0.006713197100907564
9099,0.0067131612449884415
9100,0.0067131356336176395
9101,0.00671310443431139
9102,0.006713076028972864
9103,0.006713059730827808
9104,0.006713030394166708
9105,0.006712998263537884
9106,0.006712965667247772
9107,0.006712939124554396
9108,0.006712926086038351
9109,0.006712895352393389
9110,0.006712864153087139
9111,0.006712828762829304
9112,0.006712800823152065
9113,0.006712784059345722
9114,0.0067127542570233345
9115,0.006712727714329958
9116,0.006712691392749548
9117,0.006712667644023895
9118,0.006712654139846563
9119,0.006712627597153187
9120,0.006712595000863075
9121,0.006712554022669792
9122,0.006712530739605427
9123,0.006712518632411957
9124,0.006712490692734718
9125,0.006712460424751043
9126,0.006712422240525484
9127,0.006712388247251511
9128,0.006712376605719328
9129,0.006712360307574272
9130,0.006712328642606735
9131,0.006712283939123154
9132,0.006712252739816904
9133,0.006712239235639572
9134,0.006712216418236494
9135,0.006712187547236681
9136,0.006712147034704685
9137,0.00671211164444685
9138,0.006712101865559816
9139,0.006712085567414761
9140,0.006712062284350395
9141,0.006712018046528101
9142,0.006711977533996105
9143,0.006711961701512337
9144,0.006711943540722132
9145,0.006711928639560938
9146,0.006711887661367655
9147,0.006711844354867935
9148,0.006711821537464857
9149,0.006711804773658514
9150,0.006711785215884447
9151,0.006711751688271761
9152,0.006711704656481743
9153,0.006711678113788366
9154,0.00671166367828846
9155,0.006711652968078852
9156,0.006711618509143591
9157,0.006711570080369711
9158,0.00671154260635376
9159,0.006711523048579693
9160,0.006711504887789488
9161,0.006711476482450962
9162,0.0067114573903381824
9163,0.006711419206112623
9164,0.0067113847471773624
9165,0.006711354944854975
9166,0.0067113228142261505
9167,0.006711292080581188
9168,0.006711269728839397
9169,0.006711245514452457
9170,0.006711211986839771
9171,0.006711185909807682
9172,0.006711158901453018
9173,0.006711128167808056
9174,0.006711106281727552
9175,0.006711107213050127
9176,0.006711094174534082
9177,0.00671105831861496
9178,0.006711022462695837
9179,0.006710983347147703
9180,0.0067109460942447186
9181,0.006710934452712536
9182,0.006710919085890055
9183,0.006710907910019159
9184,0.006710872054100037
9185,0.006710822694003582
9186,0.0067107900977134705
9187,0.006710770074278116
9188,0.006710759364068508
9189,0.0067107342183589935
9190,0.006710694171488285
9191,0.006710657384246588
9192,0.006710623856633902
9193,0.006710615940392017
9194,0.006710595916956663
9195,0.0067105600610375404
9196,0.006710528861731291
9197,0.006710493937134743
9198,0.006710468325763941
9199,0.006710448767989874
9200,0.006710425950586796
9201,0.006710395682603121
9202,0.006710359361022711
9203,0.006710332818329334
9204,0.006710308138281107
9205,0.006710289977490902
9206,0.006710264831781387
9207,0.006710228510200977
9208,0.006710201036185026
9209,0.006710175424814224
9210,0.006710153538733721
9211,0.006710129790008068
9212,0.006710093934088945
9213,0.0067100669257342815
9214,0.006710038986057043
9215,0.006710015702992678
9216,0.006709991488605738
9217,0.006709956098347902
9218,0.006709931883960962
9219,0.006709907669574022
9220,0.006709878332912922
9221,0.006709853187203407
9222,0.0067098187282681465
9223,0.00670979730784893
9224,0.006709774024784565
9225,0.006709746550768614
9226,0.006709716748446226
9227,0.006709686014801264
9228,0.00670966412872076
9229,0.006709638983011246
9230,0.006709609646350145
9231,0.006709583103656769
9232,0.006709553766995668
9233,0.0067095281556248665
9234,0.006709501147270203
9235,0.006709478795528412
9236,0.006709452718496323
9237,0.006709421053528786
9238,0.006709395442157984
9239,0.006709365174174309
9240,0.006709344685077667
9241,0.006709317211061716
9242,0.006709282286465168
9243,0.006709256209433079
9244,0.006709227338433266
9245,0.006709208711981773
9246,0.006709183566272259
9247,0.006709150969982147
9248,0.006709123030304909
9249,0.006709097884595394
9250,0.0067090741358697414
9251,0.006709046196192503
9252,0.0067090122029185295
9253,0.006708990316838026
9254,0.006708964239805937
9255,0.006708940025418997
9256,0.006708915811032057
9257,0.006708879489451647
9258,0.006708852015435696
9259,0.006708826869726181
9260,0.006708803121000528
9261,0.006708777509629726
9262,0.00670874398201704
9263,0.006708717439323664
9264,0.006708688568323851
9265,0.006708669010549784
9266,0.006708644330501556
9267,0.006708611734211445
9268,0.006708584725856781
9269,0.006708560045808554
9270,0.006708536762744188
9271,0.006708510220050812
9272,0.0067084780894219875
9273,0.0067084492184221745
9274,0.006708426866680384
9275,0.0067084054462611675
9276,0.006708377040922642
9277,0.0067083449102938175
9278,0.0067083220928907394
9279,0.006708292756229639
9280,0.0067082676105201244
9281,0.006708244327455759
9282,0.006708215456455946
9283,0.006708186119794846
9284,0.006708155851811171
9285,0.006708134897053242
9286,0.006708110682666302
9287,0.0067080785520374775
9288,0.006708049681037664
9289,0.0067080240696668625
9290,0.00670800032094121
9291,0.006707977037876844
9292,0.0067079453729093075
9293,0.006707921624183655
9294,0.006707893684506416
9295,0.006707873195409775
9296,0.0067078485153615475
9297,0.006707814056426287
9298,0.006707783788442612
9299,0.006707754917442799
9300,0.006707735825330019
9301,0.006707713007926941
9302,0.0067076790146529675
9303,0.006707651540637016
9304,0.006707625929266214
9305,0.006707608234137297
9306,0.006707582622766495
9307,0.006707547232508659
9308,0.006707518361508846
9309,0.006707492750138044
9310,0.006707466673105955
9311,0.006707444321364164
9312,0.00670741219073534
9313,0.006707382388412952
9314,0.006707356311380863
9315,0.006707336753606796
9316,0.006707312539219856
9317,0.0067072841338813305
9318,0.006707251537591219
9319,0.006707236170768738
9320,0.00670721335336566
9321,0.0067071737721562386
9322,0.00670715281739831
9323,0.006707132328301668
9324,0.006707103457301855
9325,0.006707073654979467
9326,0.00670705595985055
9327,0.0067070359364151955
9328,0.00670701963827014
9329,0.006707037333399057
9330,0.006707136053591967
9331,0.006707306951284409
9332,0.006707597523927689
9333,0.0067081451416015625
9334,0.00670932000502944
9335,0.006711769849061966
9336,0.006717185024172068
9337,0.006729261949658394
9338,0.006753804627805948
9339,0.0068031917326152325
9340,0.006849642377346754
9341,0.006873360835015774
9342,0.006778351031243801
9343,0.006713481154292822
9344,0.0067391605116426945
9345,0.006775552872568369
9346,0.006751914508640766
9347,0.00670984573662281
9348,0.006736222188919783
9349,0.006752342917025089
9350,0.006713039241731167
9351,0.006717278156429529
9352,0.006738649681210518
9353,0.006715246941894293
9354,0.006709798704832792
9355,0.00672544352710247
9356,0.0067143975757062435
9357,0.006707723252475262
9358,0.006717186886817217
9359,0.006713137496262789
9360,0.006707210559397936
9361,0.006712085101753473
9362,0.006711732596158981
9363,0.006707087159156799
9364,0.006709344685077667
9365,0.006710521411150694
9366,0.006706892047077417
9367,0.006707722786813974
9368,0.006709422916173935
9369,0.006706752814352512
9370,0.0067069679498672485
9371,0.006708585191518068
9372,0.006706608925014734
9373,0.006706640589982271
9374,0.006707735825330019
9375,0.00670643150806427
9376,0.00670633977279067
9377,0.006707136519253254
9378,0.00670633465051651
9379,0.006706139538437128
9380,0.006706734653562307
9381,0.0067061916925013065
9382,0.0067059737630188465
9383,0.0067064641043543816
9384,0.006706092040985823
9385,0.006705869920551777
9386,0.00670621870085597
9387,0.006705950014293194
9388,0.00670578284189105
9389,0.006706045940518379
9390,0.006705874111503363
9391,0.006705714855343103
9392,0.006705884821712971
9393,0.006705753970891237
9394,0.006705638952553272
9395,0.0067057437263429165
9396,0.006705658044666052
9397,0.0067055718973279
9398,0.006705631036311388
9399,0.006705569103360176
9400,0.006705506704747677
9401,0.0067055304534733295
9402,0.006705491803586483
9403,0.006705446168780327
9404,0.0067054457031190395
9405,0.006705423351377249
9406,0.00670538330450654
9407,0.006705386098474264
9408,0.006705363281071186
9409,0.006705328822135925
9410,0.006705319043248892
9411,0.006705299485474825
9412,0.006705262698233128
9413,0.00670525012537837
9414,0.006705231964588165
9415,0.006705204490572214
9416,0.006705185864120722
9417,0.006705168168991804
9418,0.006705143488943577
9419,0.006705125793814659
9420,0.006705102045089006
9421,0.006705084349960089
9422,0.006705066189169884
9423,0.006705043837428093
9424,0.0067050219513475895
9425,0.006704997271299362
9426,0.006704975850880146
9427,0.006704961881041527
9428,0.00670494232326746
9429,0.0067049190402030945
9430,0.006704898085445166
9431,0.006704875733703375
9432,0.006704852916300297
9433,0.006704835686832666
9434,0.00670482125133276
9435,0.006704795639961958
9436,0.006704769562929869
9437,0.0067047537304461
9438,0.006704730913043022
9439,0.006704709492623806
9440,0.006704689934849739
9441,0.006704668048769236
9442,0.006704644300043583
9443,0.006704628001898527
9444,0.006704607047140598
9445,0.006704587955027819
9446,0.006704573519527912
9447,0.006704549305140972
9448,0.006704523228108883
9449,0.0067045059986412525
9450,0.0067044822499156
9451,0.006704464089125395
9452,0.006704450584948063
9453,0.006704426370561123
9454,0.006704399362206459
9455,0.006704382132738829
9456,0.006704362109303474
9457,0.00670434208586812
9458,0.00670432485640049
9459,0.006704302038997412
9460,0.006704272236675024
9461,0.006704258732497692
9462,0.006704237777739763
9463,0.006704211235046387
9464,0.006704197730869055
9465,0.006704176776111126
9466,0.0067041474394500256
9467,0.0067041367292404175
9468,0.006704115774482489
9469,0.0067040883004665375
9470,0.006704075261950493
9471,0.006704053841531277
9472,0.00670402217656374
9473,0.006704012863337994
9474,0.006703993771225214
9475,0.006703962106257677
9476,0.006703950930386782
9477,0.0067039309069514275
9478,0.006703899707645178
9479,0.006703879218548536
9480,0.006703861989080906
9481,0.006703838240355253
9482,0.006703821010887623
9483,0.006703795399516821
9484,0.006703775376081467
9485,0.006703765131533146
9486,0.006703733466565609
9487,0.006703717168420553
9488,0.006703703198581934
9489,0.006703673396259546
9490,0.006703656166791916
9491,0.006703630555421114
9492,0.006703607738018036
9493,0.006703585851937532
9494,0.006703559774905443
9495,0.006703542545437813
9496,0.006703528575599194
9497,0.0067034997045993805
9498,0.006703475955873728
9499,0.006703456398099661
9500,0.006703427527099848
9501,0.006703410297632217
9502,0.006703394930809736
9503,0.006703370250761509
9504,0.00670334417372942
9505,0.006703324615955353
9506,0.006703302264213562
9507,0.006703282706439495
9508,0.006703264079988003
9509,0.006703242193907499
9510,0.006703218445181847
9511,0.006703200284391642
9512,0.006703177001327276
9513,0.0067031546495854855
9514,0.00670313835144043
9515,0.006703113671392202
9516,0.006703087594360113
9517,0.006703066639602184
9518,0.006703047547489405
9519,0.006703029852360487
9520,0.006703010760247707
9521,0.006702987477183342
9522,0.006702959071844816
9523,0.0067029427736997604
9524,0.006702922750264406
9525,0.006702903192490339
9526,0.006702883169054985
9527,0.006702855695039034
9528,0.006702837068587542
9529,0.006702817976474762
9530,0.006702793762087822
9531,0.006702776998281479
9532,0.006702756974846125
9533,0.006702729966491461
9534,0.006702706683427095
9535,0.006702696438878775
9536,0.006702670827507973
9537,0.006702644284814596
9538,0.006702628917992115
9539,0.006702606100589037
9540,0.006702580489218235
9541,0.006702557671815157
9542,0.0067025357857346535
9543,0.006702515296638012
9544,0.0067024994641542435
9545,0.006702477112412453
9546,0.0067024533636868
9547,0.006702439393848181
9548,0.006702415645122528
9549,0.00670239282771945
9550,0.006702380254864693
9551,0.006702357437461615
9552,0.0067023346200585365
9553,0.006702310871332884
9554,0.0067022875882685184
9555,0.00670227175578475
9556,0.006702249404042959
9557,0.00670222844928503
9558,0.006702202372252941
9559,0.006702179554849863
9560,0.006702160928398371
9561,0.006702137645334005
9562,0.006702112965285778
9563,0.006702091079205275
9564,0.0067020682618021965
9565,0.006702049169689417
9566,0.006702027749270201
9567,0.006702005863189697
9568,0.00670198816806078
9569,0.006701966281980276
9570,0.006701943464577198
9571,0.006701920181512833
9572,0.006701909005641937
9573,0.0067018852569162846
9574,0.006701857317239046
9575,0.006701841950416565
9576,0.0067018186673521996
9577,0.006701791193336248
9578,0.006701779551804066
9579,0.0067017595283687115
9580,0.006701734382659197
9581,0.006701716221868992
9582,0.006701694335788488
9583,0.006701670587062836
9584,0.006701647769659758
9585,0.006701629608869553
9586,0.0067016142420470715
9587,0.0067015886306762695
9588,0.006701568141579628
9589,0.006701546721160412
9590,0.006701520644128323
9591,0.0067014978267252445
9592,0.006701482925564051
9593,0.006701461039483547
9594,0.006701437756419182
9595,0.006701416801661253
9596,0.006701393518596888
9597,0.006701368372887373
9598,0.006701349746435881
9599,0.006701331119984388
9600,0.006701306905597448
9601,0.006701281759887934
9602,0.006701260339468718
9603,0.006701238453388214
9604,0.006701220758259296
9605,0.00670119933784008
9606,0.006701179314404726
9607,0.006701155100017786
9608,0.00670113367959857
9609,0.00670110946521163
9610,0.006701094098389149
9611,0.006701073609292507
9612,0.006701051723212004
9613,0.0067010256461799145
9614,0.0067010060884058475
9615,0.006700985133647919
9616,0.006700963247567415
9617,0.006700944155454636
9618,0.006700919009745121
9619,0.006700899451971054
9620,0.0067008789628744125
9621,0.006700853351503611
9622,0.0067008379846811295
9623,0.006700815167278051
9624,0.006700791884213686
9625,0.00670077046379447
9626,0.006700748112052679
9627,0.006700725294649601
9628,0.00670070992782712
9629,0.00670068571344018
9630,0.006700658705085516
9631,0.006700639147311449
9632,0.006700619589537382
9633,0.006700594909489155
9634,0.006700579542666674
9635,0.006700557190924883
9636,0.006700537633150816
9637,0.006700514350086451
9638,0.006700488738715649
9639,0.0067004673182964325
9640,0.006700452417135239
9641,0.006700429599732161
9642,0.0067004067823290825
9643,0.0067003811709582806
9644,0.006700360216200352
9645,0.006700342521071434
9646,0.0067003220319747925
9647,0.006700299214571714
9648,0.0067002736032009125
9649,0.006700251717120409
9650,0.0067002312280237675
9651,0.00670020654797554
9652,0.0067001888528466225
9653,0.006700168829411268
9654,0.006700144615024328
9655,0.00670012179762125
9656,0.00670009758323431
9657,0.006700075697153807
9658,0.006700059864670038
9659,0.006700040306895971
9660,0.006700014695525169
9661,0.006699992343783379
9662,0.006699975114315748
9663,0.006699953228235245
9664,0.006699929013848305
9665,0.006699907127767801
9666,0.006699881050735712
9667,0.006699861027300358
9668,0.0066998424008488655
9669,0.006699816789478064
9670,0.006699800491333008
9671,0.006699777208268642
9672,0.006699752062559128
9673,0.006699730642139912
9674,0.006699706427752972
9675,0.006699683144688606
9676,0.006699667312204838
9677,0.006699642166495323
9678,0.006699617486447096
9679,0.006699596531689167
9680,0.006699579302221537
9681,0.006699556019157171
9682,0.0066995336674153805
9683,0.00669951131567359
9684,0.006699489429593086
9685,0.0066994670778512955
9686,0.006699444726109505
9687,0.006699422840029001
9688,0.0066994065418839455
9689,0.006699382793158293
9690,0.0066993581131100655
9691,0.006699336227029562
9692,0.006699315272271633
9693,0.006699287332594395
9694,0.006699268240481615
9695,0.006699247285723686
9696,0.006699219346046448
9697,0.006699193734675646
9698,0.006699173711240292
9699,0.006699156481772661
9700,0.0066991280764341354
9701,0.006699110846966505
9702,0.006699089892208576
9703,0.006699062883853912
9704,0.006699041463434696
9705,0.0066990116611123085
9706,0.00669899070635438
9707,0.0066989632323384285
9708,0.006698950193822384
9709,0.006698932498693466
9710,0.006698907352983952
9711,0.0066988784819841385
9712,0.0066988589242100716
9713,0.00669883843511343
9714,0.006698816083371639
9715,0.006698794662952423
9716,0.006698772311210632
9717,0.00669874669983983
9718,0.006698727607727051
9719,0.0066987001337111
9720,0.00669868104159832
9721,0.006698665674775839
9722,0.006698636803776026
9723,0.006698611192405224
9724,0.0066985939629375935
9725,0.006698567420244217
9726,0.006698544602841139
9727,0.006698531564325094
9728,0.006698499899357557
9729,0.006698475684970617
9730,0.006698452867567539
9731,0.006698427721858025
9732,0.00669841468334198
9733,0.006698395125567913
9734,0.006698365323245525
9735,0.006698342505842447
9736,0.006698317360132933
9737,0.006698294542729855
9738,0.0066982838325202465
9739,0.006698258221149445
9740,0.006698230281472206
9741,0.006698210723698139
9742,0.006698184181004763
9743,0.006698167882859707
9744,0.0066981506533920765
9745,0.0066981264390051365
9746,0.006698097102344036
9747,0.0066980766132473946
9748,0.006698055192828178
9749,0.006698033772408962
9750,0.006698012351989746
9751,0.006697987671941519
9752,0.006697961129248142
9753,0.00669794250279665
9754,0.006697919685393572
9755,0.006697896867990494
9756,0.006697878707200289
9757,0.006697853095829487
9758,0.00669782655313611
9759,0.006697806529700756
9760,0.006697784643620253
9761,0.0066977692767977715
9762,0.006697750184684992
9763,0.006697716191411018
9764,0.006697694770991802
9765,0.006697666831314564
9766,0.006697654724121094
9767,0.006697643082588911
9768,0.006697617005556822
9769,0.006697583943605423
9770,0.006697552744299173
9771,0.006697532720863819
9772,0.0066975136287510395
9773,0.006697493605315685
9774,0.006697463802993298
9775,0.00669743912294507
9776,0.006697425153106451
9777,0.006697400007396936
9778,0.006697371136397123
9779,0.0066973562352359295
9780,0.006697326432913542
9781,0.006697298493236303
9782,0.0066972896456718445
9783,0.006697263568639755
9784,0.00669723330065608
9785,0.006697218399494886
9786,0.006697189528495073
9787,0.006697161588817835
9788,0.006697145756334066
9789,0.006697121541947126
9790,0.006697108969092369
9791,0.006697085686028004
9792,0.006697048433125019
9793,0.006697031203657389
9794,0.0066970037296414375
9795,0.006696985103189945
9796,0.006696972995996475
9797,0.006696946918964386
9798,0.006696914788335562
9799,0.006696883123368025
9800,0.006696867756545544
9801,0.006696846801787615
9802,0.0066968221217393875
9803,0.006696795113384724
9804,0.006696767173707485
9805,0.006696756463497877
9806,0.006696728523820639
9807,0.006696702912449837
9808,0.006696688011288643
9809,0.00669665914028883
9810,0.006696629337966442
9811,0.006696618162095547
9812,0.006696594413369894
9813,0.006696564145386219
9814,0.006696547381579876
9815,0.0066965180449187756
9816,0.006696498952805996
9817,0.006696475204080343
9818,0.0066964575089514256
9819,0.006696436554193497
9820,0.0066964090801775455
9821,0.006696383934468031
9822,0.006696363911032677
9823,0.006696335040032864
9824,0.006696317810565233
9825,0.006696302443742752
9826,0.00669627171009779
9827,0.006696246098726988
9828,0.006696235854178667
9829,0.006696209777146578
9830,0.006696179509162903
9831,0.0066961669363081455
9832,0.0066961366683244705
9833,0.006696111522614956
9834,0.0066960942931473255
9835,0.006696072872728109
9836,0.006696049589663744
9837,0.006696022115647793
9838,0.0066960034891963005
9839,0.006696003954857588
9840,0.006695994641631842
9841,0.006695967633277178
9842,0.006695934105664492
9843,0.006695894058793783
9844,0.006695869844406843
9845,0.006695857737213373
9846,0.0066958521492779255
9847,0.006695831660181284
9848,0.006695803254842758
9849,0.00669576320797205
9850,0.006695734336972237
9851,0.006695714313536882
9852,0.006695690099149942
9853,0.006695668213069439
9854,0.0066956584341824055
9855,0.006695630960166454
9856,0.00669559882953763
9857,0.006695579271763563
9858,0.006695555057376623
9859,0.006695537827908993
9860,0.006695521529763937
9861,0.006695510819554329
9862,0.00669550895690918
9863,0.006695494521409273
9864,0.006695457734167576
9865,0.006695420481264591
9866,0.006695381365716457
9867,0.006695353426039219
9868,0.00669533247128129
9869,0.006695307791233063
9870,0.006695280782878399
9871,0.006695263087749481
9872,0.006695237942039967
9873,0.006695219781249762
9874,0.006695202551782131
9875,0.006695176474750042
9876,0.0066951485350728035
9877,0.006695134565234184
9878,0.006695108488202095
9879,0.006695083808153868
9880,0.006695066578686237
9881,0.0066950395703315735
9882,0.00669501256197691
9883,0.006694992072880268
9884,0.006694970652461052
9885,0.006694972515106201
9886,0.006694969721138477
9887,0.00669495016336441
9888,0.006694925483316183
9889,0.006694895215332508
9890,0.00669487239792943
9891,0.006694852374494076
9892,0.006694827228784561
9893,0.0066947899758815765
9894,0.0066947611048817635
9895,0.0066947294399142265
9896,0.006694701500236988
9897,0.006694684736430645
9898,0.006694669369608164
9899,0.006694657262414694
9900,0.006694666109979153
9901,0.006694667041301727
9902,0.006694696377962828
9903,0.006694701500236988
9904,0.006694677751511335
9905,0.006694639567285776
9906,0.006694604177027941
9907,0.006694568321108818
9908,0.0066945552825927734
9909,0.0066945296712219715
9910,0.006694483570754528
9911,0.006694450508803129
9912,0.006694410461932421
9913,0.006694387178868055
9914,0.006694369483739138
9915,0.006694355979561806
9916,0.006694323383271694
9917,0.006694290321320295
9918,0.006694253068417311
9919,0.006694235373288393
9920,0.006694220472127199
9921,0.0066942195408046246
9922,0.006694253068417311
9923,0.006694259587675333
9924,0.0066942633129656315
9925,0.006694257725030184
9926,0.006694288924336433
9927,0.006694315932691097
9928,0.006694396026432514
9929,0.006694485433399677
9930,0.006694693583995104
9931,0.006694926880300045
9932,0.006695234216749668
9933,0.006695677526295185
9934,0.006696506403386593
9935,0.006697856821119785
9936,0.006700300145894289
9937,0.006704611703753471
9938,0.006712290458381176
9939,0.006725997664034367
9940,0.006744819693267345
9941,0.006770991254597902
9942,0.006776683963835239
9943,0.006764937192201614
9944,0.006722272839397192
9945,0.006697208620607853
9946,0.006702244747430086
9947,0.006720101460814476
9948,0.006723993457853794
9949,0.0067046754993498325
9950,0.006693876348435879
9951,0.0067015644162893295
9952,0.006708857603371143
9953,0.006702999118715525
9954,0.00669407844543457
9955,0.006696715485304594
9956,0.00670204684138298
9957,0.0066988603211939335
9958,0.006694176234304905
9959,0.006694955751299858
9960,0.006697746459394693
9961,0.006696790922433138
9962,0.00669387262314558
9963,0.0066940621472895145
9964,0.00669580465182662
9965,0.006695116404443979
9966,0.006693447474390268
9967,0.006693636998534203
9968,0.0066946749575436115
9969,0.006694121286273003
9970,0.0066932011395692825
9971,0.006693658418953419
9972,0.006694058887660503
9973,0.006693481467664242
9974,0.006693045608699322
9975,0.006693345960229635
9976,0.00669350428506732
9977,0.006693093106150627
9978,0.006692884024232626
9979,0.0066931117326021194
9980,0.0066930921748280525
9981,0.00669278996065259
9982,0.006692750379443169
9983,0.006692866329103708
9984,0.006692780181765556
9985,0.006692614406347275
9986,0.00669260136783123
9987,0.006692712660878897
9988,0.006692658644169569
9989,0.00669252360239625
9990,0.006692550610750914
9991,0.006692532449960709
9992,0.006692445836961269
9993,0.006692394148558378
9994,0.006692415103316307
9995,0.006692406255751848
9996,0.006692341063171625
9997,0.006692297291010618
9998,0.006692308466881514
9999,0.006692292168736458
10000,0.006692251190543175
10001,0.006692229304462671
10002,0.006692224647849798
10003,0.00669223302975297
10004,0.00669219670817256
10005,0.006692149676382542
10006,0.006692135240882635
10007,0.006692102644592524
10008,0.006692093331366777
10009,0.006692065857350826
10010,0.0066920435056090355
10011,0.006692025810480118
10012,0.006692002527415752
10013,0.006691977381706238
10014,0.006691966205835342
10015,0.006691951770335436
10016,0.0066919210366904736
10017,0.006691902410238981
10018,0.00669189402833581
10019,0.00669186282902956
10020,0.006691858638077974
10021,0.006691852584481239
10022,0.00669181440025568
10023,0.006691796239465475
10024,0.00669178506359458
10025,0.006691767834126949
10026,0.006691750604659319
10027,0.006691722199320793
10028,0.006691687274724245
10029,0.006691679824143648
10030,0.006691657938063145
10031,0.006691621616482735
10032,0.0066916197538375854
10033,0.006691602058708668
10034,0.006691581569612026
10035,0.006691559683531523
10036,0.006691529415547848
10037,0.006691514048725367
10038,0.006691502407193184
10039,0.006691477727144957
10040,0.006691469810903072
10041,0.006691447924822569
10042,0.006691435817629099
10043,0.006691412068903446
10044,0.00669139064848423
10045,0.006691361777484417
10046,0.006691330578178167
10047,0.006691314745694399
10048,0.006691284477710724
10049,0.006691274233162403
10050,0.006691263988614082
10051,0.0066912537440657616
10052,0.00669122813269496
10053,0.006691193673759699
10054,0.0066911824978888035
10055,0.0066911689937114716
10056,0.0066911387257277966
10057,0.00669111916795373
10058,0.0066910916939377785
10059,0.006691077258437872
10060,0.0066910600289702415
10061,0.0066910372115671635
10062,0.006691021379083395
10063,0.006691001821309328
10064,0.006690984591841698
10065,0.0066909571178257465
10066,0.006690954323858023
10067,0.0066909403540194035
10068,0.0066909086890518665
10069,0.006690891459584236
10070,0.006690863985568285
10071,0.0066908374428749084
10072,0.006690825801342726
10073,0.006690798327326775
10074,0.006690776441246271
10075,0.006690762937068939
10076,0.006690752226859331
10077,0.006690735463052988
10078,0.006690715439617634
10079,0.006690688896924257
10080,0.006690673995763063
10081,0.006690653972327709
10082,0.006690637208521366
10083,0.0066906241700053215
10084,0.006690597627311945
10085,0.006690578069537878
10086,0.006690563168376684
10087,0.006690540350973606
10088,0.006690512411296368
10089,0.00669050682336092
10090,0.006690482143312693
10091,0.006690450944006443
10092,0.006690435577183962
10093,0.006690405774861574
10094,0.006690402515232563
10095,0.006690384820103645
10096,0.006690358743071556
10097,0.006690348032861948
10098,0.006690321024507284
10099,0.006690295413136482
10100,0.006690274458378553
10101,0.006690266542136669
10102,0.0066902549006044865
10103,0.00669023348018527
10104,0.006690198089927435
10105,0.006690176669508219
10106,0.006690164562314749
10107,0.006690158508718014
10108,0.006690126843750477
10109,0.006690107751637697
10110,0.006690098904073238
10111,0.006690070033073425
10112,0.006690049543976784
10113,0.0066900234669446945
10114,0.00669001042842865
10115,0.006689991801977158
10116,0.00668996712192893
10117,0.006689944304525852
10118,0.006689934991300106
10119,0.006689920090138912
10120,0.006689891684800386
10121,0.006689874455332756
10122,0.006689859554171562
10123,0.0066898418590426445
10124,0.0066898176446557045
10125,0.006689807865768671
10126,0.006689788307994604
10127,0.006689758040010929
10128,0.006689740344882011
10129,0.00668971287086606
10130,0.006689714267849922
10131,0.006689692847430706
10132,0.006689659785479307
10133,0.006689638830721378
10134,0.006689615081995726
10135,0.006689591333270073
10136,0.006689575035125017
10137,0.006689561065286398
10138,0.006689545698463917
10139,0.0066895210184156895
10140,0.006689494010061026
10141,0.006689494475722313
10142,0.006689483765512705
10143,0.0066894530318677425
10144,0.0066894288174808025
10145,0.0066894167102873325
10146,0.006689395289868116
10147,0.006689362693578005
10148,0.00668936176225543
10149,0.006689341273158789
10150,0.006689311005175114
10151,0.006689305882900953
10152,0.006689287722110748
10153,0.006689267698675394
10154,0.0066892425529658794
10155,0.006689211819320917
10156,0.0066891987808048725
10157,0.006689185742288828
10158,0.006689161527901888
10159,0.006689139641821384
10160,0.006689116358757019
10161,0.0066891023889184
10162,0.006689087953418493
10163,0.006689079105854034
10164,0.006689060479402542
10165,0.006689026020467281
10166,0.006688996218144894
10167,0.006688996683806181
10168,0.006688975263386965
10169,0.006688943598419428
10170,0.006688909605145454
10171,0.006688893307000399
10172,0.006688895635306835
10173,0.006688885856419802
10174,0.006688844878226519
10175,0.00668883603066206
10176,0.006688808556646109
10177,0.0066887810826301575
10178,0.006688776891678572
10179,0.006688760593533516
10180,0.006688741501420736
10181,0.006688709370791912
10182,0.006688673980534077
10183,0.006688679568469524
10184,0.006688662804663181
10185,0.006688627414405346
10186,0.006688592489808798
10187,0.006688594818115234
10188,0.006688568741083145
10189,0.00668854545801878
10190,0.00668851425871253
10191,0.0066885072737932205
10192,0.00668849004432559
10193,0.00668846070766449
10194,0.006688464432954788
10195,0.006688449997454882
10196,0.006688408553600311
10197,0.006688379216939211
10198,0.0066883498802781105
10199,0.006688347086310387
10200,0.006688329856842756
10201,0.006688300520181656
10202,0.006688280962407589
10203,0.006688266061246395
10204,0.006688248366117477
10205,0.0066882348619401455
10206,0.00668820645660162
10207,0.006688180845230818
10208,0.006688154302537441
10209,0.006688146386295557
10210,0.006688123103231192
10211,0.006688104011118412
10212,0.006688068620860577
10213,0.0066880532540380955
10214,0.006688037421554327
10215,0.006688018795102835
10216,0.006687987595796585
10217,0.006687983870506287
10218,0.0066879671066999435
10219,0.006687931250780821
10220,0.006687922868877649
10221,0.006687913555651903
10222,0.006687888875603676
10223,0.006687857676297426
10224,0.006687833461910486
10225,0.0066878097131848335
10226,0.0066877976059913635
10227,0.006687783170491457
10228,0.006687753833830357
10229,0.006687733810395002
10230,0.0066877142526209354
10231,0.006687698420137167
10232,0.006687679328024387
10233,0.0066876523196697235
10234,0.006687636952847242
10235,0.006687616463750601
10236,0.006687587592750788
10237,0.0066875736229121685
10238,0.006687554065138102
10239,0.006687529385089874
10240,0.006687518209218979
10241,0.006687505170702934
10242,0.006687483284622431
10243,0.006687469314783812
10244,0.006687437649816275
10245,0.0066874283365905285
10246,0.006687400862574577
10247,0.006687373388558626
10248,0.006687363609671593
10249,0.006687343120574951
10250,0.0066873375326395035
10251,0.0066873119212687016
10252,0.006687282584607601
10253,0.006687257904559374
10254,0.006687229033559561
10255,0.006687224376946688
10256,0.0066872150637209415
10257,0.006687188986688852
10258,0.006687168497592211
10259,0.006687141489237547
10260,0.006687114015221596
10261,0.0066871028393507
10262,0.006687104236334562
10263,0.006687096320092678
10264,0.006687084678560495
10265,0.006687087006866932
10266,0.006687068846076727
10267,0.006687031127512455
10268,0.006686981301754713
10269,0.006686950568109751
10270,0.006686924025416374
10271,0.006686908658593893
10272,0.00668690400198102
10273,0.0066869077272713184
10274,0.006686899345368147
10275,0.006686888635158539
10276,0.006686862092465162
10277,0.006686857435852289
10278,0.006686852313578129
10279,0.006686813198029995
10280,0.0066867731511592865
10281,0.006686727050691843
10282,0.006686689332127571
10283,0.006686655338853598
10284,0.006686631124466658
10285,0.006686617620289326
10286,0.006686609238386154
10287,0.006686612032353878
10288,0.0066865854896605015
10289,0.00668654590845108
10290,0.006686534266918898
10291,0.006686507258564234
10292,0.006686482112854719
10293,0.00668648537248373
10294,0.006686493754386902
10295,0.006686519365757704
10296,0.006686547305434942
10297,0.006686575245112181
10298,0.006686655804514885
10299,0.0066866884008049965
10300,0.006686700042337179
10301,0.006686660461127758
10302,0.006686638109385967
10303,0.006686601787805557
10304,0.006686564534902573
10305,0.006686529144644737
10306,0.006686546839773655
10307,0.006686523091048002
10308,0.006686474662274122
10309,0.0066864206455647945
10310,0.006686372682452202
10311,0.006686321459710598
10312,0.0066862632520496845
10313,0.00668623112142086
10314,0.006686219945549965
10315,0.006686191540211439
10316,0.006686229724436998
10317,0.0066862259991467
10318,0.00668619479984045
10319,0.0066861859522759914
10320,0.006686183623969555
10321,0.00668618967756629
10322,0.006686250679194927
10323,0.006686302367597818
10324,0.0066863661631941795
10325,0.00668642483651638
10326,0.006686609238386154
10327,0.006686812732368708
10328,0.0066871060989797115
10329,0.006687493063509464
10330,0.006688150577247143
10331,0.006689178757369518
10332,0.0066909329034388065
10333,0.006694091949611902
10334,0.006699726451188326
10335,0.006709984503686428
10336,0.006725515238940716
10337,0.006749721709638834
10338,0.006765219382941723
10339,0.0067707207053899765
10340,0.006735857576131821
10341,0.0067003038711845875
10342,0.006686970125883818
10343,0.006701935548335314
10344,0.0067173875868320465
10345,0.0067072645761072636
10346,0.006690393667668104
10347,0.006686817388981581
10348,0.006696942262351513
10349,0.0067000905983150005
10350,0.006690157111734152
10351,0.006685605272650719
10352,0.0066904714331030846
10353,0.006692927796393633
10354,0.006688796449452639
10355,0.006685467902570963
10356,0.006687851157039404
10357,0.006689985748380423
10358,0.00668763741850853
10359,0.006685418076813221
10360,0.006686478387564421
10361,0.006687914486974478
10362,0.006686768494546413
10363,0.006685265805572271
10364,0.006685925181955099
10365,0.006686762440949678
10366,0.006685929838567972
10367,0.006685119587928057
10368,0.0066856336779892445
10369,0.006686084903776646
10370,0.006685515400022268
10371,0.006685047410428524
10372,0.006685376632958651
10373,0.0066855717450380325
10374,0.006685191299766302
10375,0.006684976629912853
10376,0.0066852145828306675
10377,0.006685295607894659
10378,0.0066850450821220875
10379,0.006684915628284216
10380,0.006685034837573767
10381,0.006685046944767237
10382,0.00668490631505847
10383,0.006684853695333004
10384,0.006684922147542238
10385,0.006684924941509962
10386,0.006684837397187948
10387,0.0066847894340753555
10388,0.006684810854494572
10389,0.006684785708785057
10390,0.006684738676995039
10391,0.006684738211333752
10392,0.006684764754027128
10393,0.006684711668640375
10394,0.006684673950076103
10395,0.006684654857963324
10396,0.006684650667011738
10397,0.006684621796011925
10398,0.006684586405754089
10399,0.006684569176286459
10400,0.006684551946818829
10401,0.006684537976980209
10402,0.006684516090899706
10403,0.006684503518044949
10404,0.00668448768556118
10405,0.006684466730803251
10406,0.00668445136398077
10407,0.006684431806206703
10408,0.006684417370706797
10409,0.006684401538223028
10410,0.006684381514787674
10411,0.0066843777894973755
10412,0.0066843596287071705
10413,0.0066843354143202305
10414,0.0066843158565461636
10415,0.006684301421046257
10416,0.0066842855885624886
10417,0.0066842688247561455
10418,0.006684248335659504
10419,0.006684234831482172
10420,0.006684226915240288
10421,0.006684205029159784
10422,0.006684178952127695
10423,0.006684165447950363
10424,0.006684149615466595
10425,0.00668413657695055
10426,0.006684113759547472
10427,0.006684096064418554
10428,0.0066840993240475655
10429,0.006684071384370327
10430,0.006684056017547846
10431,0.006684033665806055
10432,0.006684009917080402
10433,0.006683999206870794
10434,0.006683985702693462
10435,0.006683956831693649
10436,0.0066839549690485
10437,0.006683943327516317
10438,0.006683913990855217
10439,0.006683886982500553
10440,0.006683893036097288
10441,0.00668388232588768
10442,0.006683859974145889
10443,0.006683823652565479
10444,0.006683811079710722
10445,0.006683809217065573
10446,0.006683774292469025
10447,0.006683750078082085
10448,0.006683732848614454
10449,0.006683724466711283
10450,0.006683709565550089
10451,0.006683677900582552
10452,0.006683671846985817
10453,0.0066836620680987835
10454,0.006683644372969866
10455,0.006683621555566788
10456,0.0066835917532444
10457,0.006683592684566975
10458,0.0066835880279541016
10459,0.006683560088276863
10460,0.006683536805212498
10461,0.0066835274919867516
10462,0.006683519575744867
10463,0.006683497689664364
10464,0.006683485582470894
10465,0.00668345857411623
10466,0.006683446932584047
10467,0.0066834320314228535
10468,0.0066834003664553165
10469,0.0066833789460361
10470,0.006683358456939459
10471,0.006683357525616884
10472,0.006683337036520243
10473,0.0066833035089075565
10474,0.006683297920972109
10475,0.006683288142085075
10476,0.006683262996375561
10477,0.006683242041617632
10478,0.006683229468762875
10479,0.006683216895908117
10480,0.006683193147182465
10481,0.006683166604489088
10482,0.0066831521689891815
10483,0.006683157756924629
10484,0.006683135870844126
10485,0.006683098617941141
10486,0.006683078594505787
10487,0.006683094892650843
10488,0.006683083716779947
10489,0.006683039478957653
10490,0.006683015264570713
10491,0.0066829947754740715
10492,0.00668297940865159
10493,0.0066829766146838665
10494,0.006682968232780695
10495,0.006682929582893848
10496,0.006682900246232748
10497,0.00668288441374898
10498,0.006682872772216797
10499,0.006682857405394316
10500,0.006682840175926685
10501,0.006682824809104204
10502,0.006682808510959148
10503,0.006682801991701126
10504,0.006682771723717451
10505,0.006682752165943384
10506,0.00668275635689497
10507,0.006682741921395063
10508,0.006682711653411388
10509,0.00668267672881484
10510,0.006682691629976034
10511,0.006682714447379112
10512,0.006682673469185829
10513,0.006682613864541054
10514,0.006682596169412136
10515,0.006682587321847677
10516,0.006682578939944506
10517,0.006682555191218853
10518,0.006682521663606167
10519,0.006682517938315868
10520,0.006682521663606167
10521,0.006682508625090122
10522,0.006682471372187138
10523,0.00668244669213891
10524,0.006682416889816523
10525,0.006682398729026318
10526,0.00668239314109087
10527,0.006682367529720068
10528,0.006682349368929863
10529,0.006682334002107382
10530,0.006682313047349453
10531,0.006682298611849546
10532,0.006682290229946375
10533,0.006682266015559435
10534,0.006682251114398241
10535,0.006682233884930611
10536,0.006682213861495256
10537,0.006682189647108316
10538,0.0066821682266891
10539,0.006682160310447216
10540,0.006682141683995724
10541,0.006682117469608784
10542,0.006682122126221657
10543,0.006682112812995911
10544,0.006682099774479866
10545,0.0066820657812058926
10546,0.006682033650577068
10547,0.006682014558464289
10548,0.006682023871690035
10549,0.006681998260319233
10550,0.006681968457996845
10551,0.0066819582134485245
10552,0.006681945640593767
10553,0.0066819204948842525
10554,0.006681906525045633
10555,0.0066818855702877045
10556,0.006681858561933041
10557,0.00668186554685235
10558,0.006681857164949179
10559,0.0066818189807236195
10560,0.006681785453110933
10561,0.006681783590465784
10562,0.006681777071207762
10563,0.006681756116449833
10564,0.006681729108095169
10565,0.006681718397885561
10566,0.006681683007627726
10567,0.0066816662438213825
10568,0.006681671366095543
10569,0.006681653205305338
10570,0.006681624799966812
10571,0.006681608036160469
10572,0.006681585684418678
10573,0.006681574042886496
10574,0.006681552156805992
10575,0.006681544240564108
10576,0.006681524217128754
10577,0.006681510247290134
10578,0.006681491155177355
10579,0.006681465078145266
10580,0.006681451573967934
10581,0.006681435275822878
10582,0.006681425031274557
10583,0.0066813998855650425
10584,0.006681385915726423
10585,0.006681380327790976
10586,0.006681359838694334
10587,0.0066813207231462
10588,0.006681297440081835
10589,0.0066812788136303425
10590,0.006681263912469149
10591,0.0066812545992434025
10592,0.006681238301098347
10593,0.00668122386559844
10594,0.006681208964437246
10595,0.006681172642856836
10596,0.0066811637952923775
10597,0.006681149825453758
10598,0.006681141909211874
10599,0.006681116297841072
10600,0.006681092083454132
10601,0.006681071128696203
10602,0.006681045982986689
10603,0.006681039463728666
10604,0.006681025493890047
10605,0.006680997554212809
10606,0.006680972874164581
10607,0.0066809700801968575
10608,0.006680957041680813
10609,0.006680928170681
10610,0.006680910941213369
10611,0.006680902559310198
10612,0.006680881604552269
10613,0.006680856924504042
10614,0.006680834572762251
10615,0.00668081920593977
10616,0.006680813152343035
10617,0.0066807931289076805
10618,0.006680792663246393
10619,0.006680778227746487
10620,0.006680743303149939
10621,0.006680725608021021
10622,0.006680705118924379
10623,0.006680697668343782
10624,0.006680675316601992
10625,0.006680656224489212
10626,0.006680641323328018
10627,0.006680610589683056
10628,0.006680600345134735
10629,0.006680584046989679
10630,0.006680551450699568
10631,0.0066805314272642136
10632,0.006680518854409456
10633,0.0066804965026676655
10634,0.006680488586425781
10635,0.006680475082248449
10636,0.006680463906377554
10637,0.006680447142571211
10638,0.006680409889668226
10639,0.006680408958345652
10640,0.0066804043017327785
10641,0.006680378690361977
10642,0.006680336780846119
10643,0.006680328398942947
10644,0.006680318620055914
10645,0.006680293474346399
10646,0.006680268794298172
10647,0.006680256221443415
10648,0.006680246442556381
10649,0.00668021384626627
10650,0.006680191494524479
10651,0.006680184043943882
10652,0.006680164951831102
10653,0.0066801439970731735
10654,0.006680118851363659
10655,0.006680115591734648
10656,0.006680116523057222
10657,0.006680121645331383
10658,0.006680125370621681
10659,0.006680103950202465
10660,0.006680102087557316
10661,0.0066800713539123535
10662,0.006680012680590153
10663,0.006679990794509649
10664,0.00667995773255825
10665,0.006679932586848736
10666,0.006679931655526161
10667,0.006679911632090807
10668,0.006679899990558624
10669,0.006679874379187822
10670,0.006679852958768606
10671,0.006679847836494446
10672,0.0066798292100429535
10673,0.006679806392639875
10674,0.006679784972220659
10675,0.006679757032543421
10676,0.006679742597043514
10677,0.00667971558868885
10678,0.0066797006875276566
10679,0.0066796778701245785
10680,0.0066796583123505116
10681,0.006679650861769915
10682,0.00667964480817318
10683,0.006679625250399113
10684,0.006679592654109001
10685,0.006679594982415438
10686,0.00667958939447999
10687,0.006679550278931856
10688,0.006679534912109375
10689,0.006679530255496502
10690,0.006679501850157976
10691,0.00667946832254529
10692,0.006679451558738947
10693,0.006679433863610029
10694,0.006679417099803686
10695,0.006679394748061895
10696,0.006679382175207138
10697,0.006679369602352381
10698,0.006679365411400795
10699,0.006679351441562176
10700,0.006679338403046131
10701,0.006679320242255926
10702,0.006679294630885124
10703,0.0066792708821594715
10704,0.00667925737798214
10705,0.006679251790046692
10706,0.0066792527213692665
10707,0.006679246202111244
10708,0.0066792345605790615
10709,0.006679277401417494
10710,0.006679285783320665
10711,0.00667932815849781
10712,0.006679374258965254
10713,0.006679377518594265
10714,0.006679350044578314
10715,0.006679311394691467
10716,0.006679251790046692
10717,0.006679251790046692
10718,0.006679286248981953
10719,0.00667929369956255
10720,0.0066792722791433334
10721,0.00667929882183671
10722,0.006679316516965628
10723,0.0066793691366910934
10724,0.006679451558738947
10725,0.006679595448076725
10726,0.006679813843220472
10727,0.006680185440927744
10728,0.0066807991825044155
10729,0.006681904662400484
10730,0.006683817598968744
10731,0.006687587592750788
10732,0.006694503594189882
10733,0.006706829648464918
10734,0.0067292493768036366
10735,0.006756121758371592
10736,0.006787797901779413
10737,0.006772416178137064
10738,0.0067329625599086285
10739,0.006686425302177668
10740,0.00668641272932291
10741,0.006714886054396629
10742,0.006718435324728489
10743,0.006695585325360298
10744,0.00667903246358037
10745,0.00669245095923543
10746,0.006702599115669727
10747,0.006687359884381294
10748,0.006678777746856213
10749,0.006686907261610031
10750,0.0066903093829751015
10751,0.006682791747152805
10752,0.0066789425909519196
10753,0.006683981977403164
10754,0.006685119122266769
10755,0.006680103484541178
10756,0.006679421290755272
10757,0.006682192906737328
10758,0.006681534927338362
10759,0.006679070647805929
10760,0.006679237820208073
10761,0.00668067391961813
10762,0.006679870653897524
10763,0.006678450386971235
10764,0.006679085548967123
10765,0.006679747719317675
10766,0.006678764242678881
10767,0.006678315810859203
10768,0.006678912788629532
10769,0.006678876932710409
10770,0.00667828693985939
10771,0.006678359117358923
10772,0.006678747944533825
10773,0.006678456906229258
10774,0.006678158417344093
10775,0.006678339093923569
10776,0.006678455043584108
10777,0.006678203586488962
10778,0.0066781118512153625
10779,0.006678229663521051
10780,0.0066782087087631226
10781,0.006678079254925251
10782,0.006678103469312191
10783,0.006678134668618441
10784,0.0066780392080545425
10785,0.0066779968328773975
10786,0.00667802756652236
10787,0.006678042467683554
10788,0.0066779786720871925
10789,0.006677933502942324
10790,0.006677962373942137
10791,0.006677951663732529
10792,0.0066778953187167645
10793,0.006677872035652399
10794,0.006677908822894096
10795,0.006677886005491018
10796,0.006677843164652586
10797,0.00667783385142684
10798,0.006677819415926933
10799,0.00667779054492712
10800,0.006677782163023949
10801,0.0066777849569916725
10802,0.0066777607426047325
10803,0.006677723489701748
10804,0.0066777179017663
10805,0.006677720230072737
10806,0.006677699275314808
10807,0.006677686702460051
10808,0.006677667610347271
10809,0.006677646189928055
10810,0.006677629426121712
10811,0.006677605677396059
10812,0.00667760381475091
10813,0.006677575409412384
10814,0.006677570752799511
10815,0.006677549332380295
10816,0.006677543744444847
10817,0.0066775307059288025
10818,0.006677508354187012
10819,0.006677486468106508
10820,0.0066774748265743256
10821,0.006677453871816397
10822,0.006677455734461546
10823,0.006677443627268076
10824,0.006677417550235987
10825,0.0066773975268006325
10826,0.006677387282252312
10827,0.006677375640720129
10828,0.0066773612052202225
10829,0.006677343510091305
10830,0.006677338853478432
10831,0.006677336525171995
10832,0.006677307188510895
10833,0.006677283439785242
10834,0.006677286233752966
10835,0.006677277386188507
10836,0.006677249912172556
10837,0.0066772326827049255
10838,0.006677248980849981
10839,0.006677230354398489
10840,0.006677181459963322
10841,0.0066771735437214375
10842,0.006677190773189068
10843,0.006677156314253807
10844,0.006677134893834591
10845,0.006677115336060524
10846,0.006677136290818453
10847,0.006677127908915281
10848,0.00667707622051239
10849,0.006677072495222092
10850,0.006677086930721998
10851,0.006677053868770599
10852,0.006677025929093361
10853,0.006677002180367708
10854,0.006677024997770786
10855,0.006677008233964443
10856,0.0066769737750291824
10857,0.006676950491964817
10858,0.006676950491964817
10859,0.006676928140223026
10860,0.00667690671980381
10861,0.0066768876276910305
10862,0.006676878780126572
10863,0.006676856894046068
10864,0.0066768452525138855
10865,0.006676827557384968
10866,0.006676809396594763
10867,0.006676800549030304
10868,0.006676776334643364
10869,0.006676776800304651
10870,0.006676756776869297
10871,0.006676744669675827
10872,0.006676729302853346
10873,0.006676721386611462
10874,0.006676708348095417
10875,0.006676690187305212
10876,0.006676672026515007
10877,0.00667666457593441
10878,0.006676652003079653
10879,0.006676627788692713
10880,0.006676618941128254
10881,0.006676601245999336
10882,0.006676580756902695
10883,0.0066765593364834785
10884,0.0066765472292900085
10885,0.006676529534161091
10886,0.006676529999822378
10887,0.0066765062510967255
10888,0.006676487158983946
10889,0.0066764806397259235
10890,0.006676462013274431
10891,0.006676440127193928
10892,0.006676431279629469
10893,0.006676426623016596
10894,0.006676411256194115
10895,0.006676403805613518
10896,0.0066763851791620255
10897,0.006676356308162212
10898,0.006676338147372007
10899,0.006676337216049433
10900,0.006676308810710907
10901,0.0066762943752110004
10902,0.006676292512565851
10903,0.006676271557807922
10904,0.006676261778920889
10905,0.006676249671727419
10906,0.0066762384958565235
10907,0.006676217075437307
10908,0.006676195189356804
10909,0.00667618541046977
10910,0.00667617516592145
10911,0.006676154211163521
10912,0.006676148623228073
10913,0.006676137447357178
10914,0.006676113698631525
10915,0.006676106248050928
10916,0.006676086224615574
10917,0.00667606620118022
10918,0.006676059681922197
10919,0.0066760568879544735
10920,0.006676028948277235
10921,0.006676011253148317
10922,0.00667601777240634
10923,0.006675995886325836
10924,0.0066759721376001835
10925,0.006675956770777702
10926,0.006675944663584232
10927,0.006675919983536005
10928,0.0066759102046489716
10929,0.0066758980974555016
10930,0.006675891112536192
10931,0.006675865966826677
10932,0.006675854790955782
10933,0.006675838492810726
10934,0.006675823125988245
10935,0.0066758012399077415
10936,0.006675805430859327
10937,0.006675787270069122
10938,0.0066757649183273315
10939,0.006675748620182276
10940,0.0066757285967469215
10941,0.006675727665424347
10942,0.0066756997257471085
10943,0.00667570298537612
10944,0.0066756801679730415
10945,0.00667566480115056
10946,0.006675650365650654
10947,0.00667563546448946
10948,0.006675616838037968
10949,0.0066756075248122215
10950,0.0066755954176187515
10951,0.00667557492852211
10952,0.006675550248473883
10953,0.006675568409264088
10954,0.0066755483858287334
10955,0.006675515323877335
10956,0.006675515323877335
10957,0.0066755120642483234
10958,0.00667549716308713
10959,0.00667548319324851
10960,0.006675464101135731
10961,0.006675433367490768
10962,0.006675415672361851
10963,0.006675431039184332
10964,0.0066753881983459
10965,0.006675384473055601
10966,0.006675375625491142
10967,0.00667535187676549
10968,0.006675345357507467
10969,0.006675319746136665
10970,0.006675296928733587
10971,0.006675285287201405
10972,0.00667526526376605
10973,0.006675244774669409
10974,0.00667524803429842
10975,0.006675232667475939
10976,0.006675209384411573
10977,0.0066752047277987
10978,0.0066751837730407715
10979,0.006675175856798887
10980,0.006675161886960268
10981,0.006675134878605604
10982,0.006675123702734709
10983,0.006675128825008869
10984,0.006675122771412134
10985,0.006675098557025194
10986,0.0066750794649124146
10987,0.006675046402961016
10988,0.00667504733428359
10989,0.006675065029412508
10990,0.006675048731267452
10991,0.006674997508525848
10992,0.006674974225461483
10993,0.0066749658435583115
10994,0.0066749476827681065
10995,0.006674939766526222
10996,0.006674949079751968
10997,0.006674908567219973
10998,0.00667488994076848
10999,0.006674883887171745
11000,0.006674877367913723
11001,0.006674857344478369
11002,0.006674850359559059
11003,0.006674822419881821
11004,0.00667480006814003
11005,0.0066748131066560745
11006,0.006674806587398052
11007,0.006674759555608034
11008,0.006674752105027437
11009,0.006674734875559807
11010,0.006674702744930983
11011,0.006674701813608408
11012,0.006674690172076225
11013,0.006674658041447401
11014,0.006674664560705423
11015,0.006674644537270069
11016,0.006674623116850853
11017,0.006674611940979958
11018,0.006674597039818764
11019,0.006674567703157663
11020,0.0066745700314641
11021,0.006674560718238354
11022,0.0066745406948029995
11023,0.006674516946077347
11024,0.006674500647932291
11025,0.0066744922660291195
11026,0.006674471776932478
11027,0.006674457341432571
11028,0.0066744424402713776
11029,0.0066744196228682995
11030,0.006674417294561863
11031,0.006674414500594139
11032,0.006674393080174923
11033,0.006674360483884811
11034,0.006674360483884811
11035,0.006674348376691341
11036,0.006674329750239849
11037,0.006674301344901323
11038,0.006674301344901323
11039,0.0066742924973368645
11040,0.006674281321465969
11041,0.006674247328191996
11042,0.006674235220998526
11043,0.006674229633063078
11044,0.006674217991530895
11045,0.0066741942428052425
11046,0.006674183066934347
11047,0.006674184929579496
11048,0.006674169562757015
11049,0.006674130447208881
11050,0.006674126256257296
11051,0.006674130912870169
11052,0.006674101576209068
11053,0.006674083881080151
11054,0.0066740806214511395
11055,0.006674090400338173
11056,0.006674099247902632
11057,0.006674071308225393
11058,0.006674031261354685
11059,0.006673991214483976
11060,0.006673977244645357
11061,0.006673967931419611
11062,0.006673947907984257
11063,0.006673918571323156
11064,0.0066739036701619625
11065,0.006673907395452261
11066,0.006673887372016907
11067,0.006673863623291254
11068,0.0066738734021782875
11069,0.006673835217952728
11070,0.00667382450774312
11071,0.006673801224678755
11072,0.006673789117485285
11073,0.006673782132565975
11074,0.006673783529549837
11075,0.006673771888017654
11076,0.0066737644374370575
11077,0.006673742551356554
11078,0.006673705764114857
11079,0.006673676427453756
11080,0.006673671770840883
11081,0.006673656404018402
11082,0.00667367409914732
11083,0.006673652678728104
11084,0.0066736238077282906
11085,0.006673606112599373
11086,0.006673596333712339
11087,0.0066735586151480675
11088,0.0066735344007611275
11089,0.006673543713986874
11090,0.0066735344007611275
11091,0.006673508323729038
11092,0.006673480849713087
11093,0.006673464085906744
11094,0.006673441268503666
11095,0.006673433817923069
11096,0.006673429161310196
11097,0.0066734179854393005
11098,0.006673402152955532
11099,0.006673380732536316
11100,0.006673367694020271
11101,0.006673337891697884
11102,0.0066733346320688725
11103,0.006673312280327082
11104,0.006673293188214302
11105,0.006673309486359358
11106,0.006673319730907679
11107,0.006673308555036783
11108,0.0066732740961015224
11109,0.0066732559353113174
11110,0.0066732196137309074
11111,0.006673192139714956
11112,0.006673167925328016
11113,0.006673162337392569
11114,0.006673138588666916
11115,0.006673132069408894
11116,0.006673118565231562
11117,0.006673081312328577
11118,0.006673088762909174
11119,0.006673084106296301
11120,0.006673051044344902
11121,0.006673050113022327
11122,0.00667305663228035
11123,0.006673027761280537
11124,0.006673005875200033
11125,0.006672992836683989
11126,0.006672960706055164
11127,0.006672963500022888
11128,0.006672956980764866
11129,0.006672914605587721
11130,0.006672904826700687
11131,0.006672889459878206
11132,0.006672856397926807
11133,0.0066728489473462105
11134,0.006672833580523729
11135,0.006672806106507778
11136,0.00667279539629817
11137,0.006672787945717573
11138,0.006672773044556379
11139,0.0066727688536047935
11140,0.006672770716249943
11141,0.006672755349427462
11142,0.006672768387943506
11143,0.006672803778201342
11144,0.006672804243862629
11145,0.006672815419733524
11146,0.006672823801636696
11147,0.006672846153378487
11148,0.006672893185168505
11149,0.006673029158264399
11150,0.006673284340649843
11151,0.006673665717244148
11152,0.006674337200820446
11153,0.0066752443090081215
11154,0.006676860619336367
11155,0.006679672747850418
11156,0.006684937048703432
11157,0.006694711744785309
11158,0.006710090674459934
11159,0.006734712980687618
11160,0.006752531509846449
11161,0.006762504577636719
11162,0.006729846820235252
11163,0.006693046540021896
11164,0.006674463860690594
11165,0.0066861966624855995
11166,0.006703835446387529
11167,0.006698225624859333
11168,0.006681304425001144
11169,0.006673009134829044
11170,0.006682051811367273
11171,0.0066886041313409805
11172,0.006679638754576445
11173,0.006672520190477371
11174,0.00667578587308526
11175,0.006679924204945564
11176,0.006677026394754648
11177,0.006672689225524664
11178,0.006674015894532204
11179,0.0066766501404345036
11180,0.0066751413978636265
11181,0.006672688759863377
11182,0.006672890856862068
11183,0.006674414966255426
11184,0.006674064788967371
11185,0.006672479212284088
11186,0.006672447081655264
11187,0.006673392374068499
11188,0.006673205643892288
11189,0.006672265939414501
11190,0.006672220770269632
11191,0.006672834977507591
11192,0.006672704126685858
11193,0.006672091782093048
11194,0.006672160234302282
11195,0.006672507151961327
11196,0.00667232321575284
11197,0.006672005634754896
11198,0.006672069430351257
11199,0.006672251503914595
11200,0.006672130897641182
11201,0.0066719381138682365
11202,0.006671958137303591
11203,0.006672054063528776
11204,0.006671988870948553
11205,0.0066718729212880135
11206,0.006671880837529898
11207,0.006671965587884188
11208,0.006671918090432882
11209,0.006671808194369078
11210,0.006671851966530085
11211,0.006671852897852659
11212,0.006671794690191746
11213,0.006671777926385403
11214,0.006671814247965813
11215,0.006671771872788668
11216,0.006671737879514694
11217,0.006671729031950235
11218,0.006671728566288948
11219,0.006671704351902008
11220,0.006671671289950609
11221,0.006671679671853781
11222,0.006671687588095665
11223,0.006671649403870106
11224,0.006671628914773464
11225,0.006671626586467028
11226,0.006671602372080088
11227,0.006671588402241468
11228,0.006671588402241468
11229,0.006671590730547905
11230,0.0066715725697577
11231,0.006671556271612644
11232,0.006671544164419174
11233,0.006671518553048372
11234,0.006671500392258167
11235,0.006671486888080835
11236,0.006671483162790537
11237,0.006671476177871227
11238,0.006671452429145575
11239,0.006671448703855276
11240,0.006671424023807049
11241,0.006671411916613579
11242,0.0066714040003716946
11243,0.006671394221484661
11244,0.006671388633549213
11245,0.006671364419162273
11246,0.006671346724033356
11247,0.006671333219856024
11248,0.006671310402452946
11249,0.006671300157904625
11250,0.006671290844678879
11251,0.006671301554888487
11252,0.0066712768748402596
11253,0.0066712661646306515
11254,0.006671264301985502
11255,0.006671251263469458
11256,0.006671234965324402
11257,0.006671215407550335
11258,0.00667119026184082
11259,0.006671171169728041
11260,0.0066711679100990295
11261,0.006671163719147444
11262,0.006671138573437929
11263,0.00667112972587347
11264,0.006671134382486343
11265,0.006671115756034851
11266,0.006671099457889795
11267,0.006671088747680187
11268,0.006671085488051176
11269,0.0066710542887449265
11270,0.006671051029115915
11271,0.006671035196632147
11272,0.006671026814728975
11273,0.006671025417745113
11274,0.006670993287116289
11275,0.006670983508229256
11276,0.006670964881777763
11277,0.00667095510289073
11278,0.006670947652310133
11279,0.006670926231890917
11280,0.006670926231890917
11281,0.006670910865068436
11282,0.0066708847880363464
11283,0.006670878268778324
11284,0.006670873146504164
11285,0.0066708410158753395
11286,0.006670840084552765
11287,0.006670815404504538
11288,0.006670807022601366
11289,0.006670793052762747
11290,0.006670764181762934
11291,0.006670770701020956
11292,0.006670753471553326
11293,0.006670727860182524
11294,0.006670730654150248
11295,0.006670715752989054
11296,0.006670696195214987
11297,0.006670685950666666
11298,0.006670670583844185
11299,0.006670657079666853
11300,0.006670648697763681
11301,0.006670632399618626
11302,0.006670613307505846
11303,0.00667060911655426
11304,0.006670596543699503
11305,0.006670590955764055
11306,0.0066705686040222645
11307,0.00667055556550622
11308,0.006670552771538496
11309,0.0066705369390547276
11310,0.006670527625828981
11311,0.006670515052974224
11312,0.006670496892184019
11313,0.006670474074780941
11314,0.0066704582422971725
11315,0.006670462433248758
11316,0.006670461967587471
11317,0.006670428439974785
11318,0.006670409347862005
11319,0.0066704051569104195
11320,0.0066704051569104195
11321,0.006670378614217043
11322,0.006670357659459114
11323,0.006670348346233368
11324,0.006670333910733461
11325,0.006670316681265831
11326,0.006670297123491764
11327,0.006670305039733648
11328,0.006670289672911167
11329,0.0066702659241855145
11330,0.0066702598705887794
11331,0.006670269183814526
11332,0.006670243106782436
11333,0.006670224945992231
11334,0.006670223083347082
11335,0.006670184433460236
11336,0.006670181639492512
11337,0.006670194678008556
11338,0.006670142523944378
11339,0.006670134607702494
11340,0.006670129019767046
11341,0.006670115981251001
11342,0.0066701010800898075
11343,0.006670091766864061
11344,0.006670069880783558
11345,0.006670068949460983
11346,0.006670057307928801
11347,0.006670033559203148
11348,0.006670024711638689
11349,0.006670031696557999
11350,0.006670011673122644
11351,0.006669999100267887
11352,0.006669983733445406
11353,0.006669969297945499
11354,0.006669946480542421
11355,0.006669945549219847
11356,0.006669938564300537
11357,0.006669929716736078
11358,0.0066699013113975525
11359,0.00666988268494606
11360,0.00666987057775259
11361,0.006669862661510706
11362,0.006669850554317236
11363,0.006669831462204456
11364,0.006669820286333561
11365,0.006669826805591583
11366,0.006669800728559494
11367,0.006669764406979084
11368,0.006669755559414625
11369,0.006669751368463039
11370,0.0066697378642857075
11371,0.0066697197034955025
11372,0.006669717840850353
11373,0.00666970107704401
11374,0.006669686175882816
11375,0.006669666152447462
11376,0.006669673137366772
11377,0.006669668946415186
11378,0.006669642869383097
11379,0.006669627036899328
11380,0.006669612135738134
11381,0.006669588387012482
11382,0.006669569760560989
11383,0.006669554393738508
11384,0.006669549737125635
11385,0.006669537629932165
11386,0.0066695320419967175
11387,0.0066695143468678
11388,0.006669505033642054
11389,0.00666949013248086
11390,0.006669489201158285
11391,0.0066694822162389755
11392,0.0066694654524326324
11393,0.006669449619948864
11394,0.006669444032013416
11395,0.006669431459158659
11396,0.006669404450803995
11397,0.006669389549642801
11398,0.00666938116773963
11399,0.0066693550907075405
11400,0.006669346243143082
11401,0.006669337395578623
11402,0.006669322028756142
11403,0.006669302936643362
11404,0.006669297348707914
11405,0.006669284775853157
11406,0.006669281981885433
11407,0.006669255904853344
11408,0.0066692461259663105
11409,0.006669238209724426
11410,0.006669220048934221
11411,0.006669206544756889
11412,0.006669179070740938
11413,0.006669168826192617
11414,0.00666915625333786
11415,0.00666913902387023
11416,0.0066691236570477486
11417,0.006669127382338047
11418,0.006669100373983383
11419,0.006669092923402786
11420,0.006669086404144764
11421,0.0066690752282738686
11422,0.0066690691746771336
11423,0.006669051479548216
11424,0.006669024005532265
11425,0.0066690160892903805
11426,0.0066690100356936455
11427,0.00666899373754859
11428,0.006668969988822937
11429,0.006668977439403534
11430,0.006668946705758572
11431,0.006668942514806986
11432,0.006668939255177975
11433,0.006668920628726482
11434,0.0066689313389360905
11435,0.00666891410946846
11436,0.0066688768565654755
11437,0.0066688572987914085
11438,0.0066688633523881435
11439,0.006668844725936651
11440,0.006668803747743368
11441,0.006668811663985252
11442,0.006668798625469208
11443,0.006668779533356428
11444,0.006668764166533947
11445,0.006668761372566223
11446,0.006668732967227697
11447,0.00666871527209878
11448,0.006668700370937586
11449,0.0066687059588730335
11450,0.0066686877980828285
11451,0.006668652407824993
11452,0.006668637506663799
11453,0.0066686407662928104
11454,0.006668619811534882
11455,0.006668602582067251
11456,0.006668588146567345
11457,0.006668583024293184
11458,0.006668563466519117
11459,0.006668553221970797
11460,0.0066685485653579235
11461,0.006668522953987122
11462,0.006668495014309883
11463,0.006668507121503353
11464,0.006668502930551767
11465,0.006668474990874529
11466,0.006668449845165014
11467,0.00666843680664897
11468,0.006668430287390947
11469,0.00666841072961688
11470,0.006668389774858952
11471,0.006668371148407459
11472,0.006668351590633392
11473,0.00666833808645606
11474,0.006668321788311005
11475,0.006668321322649717
11476,0.006668300833553076
11477,0.006668276619166136
11478,0.006668289192020893
11479,0.006668278016149998
11480,0.00666823610663414
11481,0.0066682277247309685
11482,0.00666821701452136
11483,0.006668212823569775
11484,0.006668183021247387
11485,0.006668174173682928
11486,0.006668166723102331
11487,0.0066681415773928165
11488,0.006668129004538059
11489,0.006668122485280037
11490,0.006668116897344589
11491,0.0066680870950222015
11492,0.006668075453490019
11493,0.00666808383539319
11494,0.006668081507086754
11495,0.006668093614280224
11496,0.00666808383539319
11497,0.006668080110102892
11498,0.0066680689342319965
11499,0.006668036803603172
11500,0.006668006535619497
11501,0.006667988374829292
11502,0.006667956709861755
11503,0.006667909678071737
11504,0.006667898502200842
11505,0.006667883135378361
11506,0.006667868234217167
11507,0.00666784355416894
11508,0.006667868699878454
11509,0.006667856592684984
11510,0.006667820271104574
11511,0.00666779512539506
11512,0.006667789537459612
11513,0.006667765788733959
11514,0.006667747627943754
11515,0.006667747162282467
11516,0.006667751353234053
11517,0.006667762529104948
11518,0.00666777603328228
11519,0.006667783949524164
11520,0.006667827721685171
11521,0.0066678524017333984
11522,0.006667833309620619
11523,0.006667840760201216
11524,0.006667851470410824
11525,0.006667859852313995
11526,0.006667837966233492
11527,0.006667787674814463
11528,0.006667730398476124
11529,0.006667653564363718
11530,0.006667591631412506
11531,0.006667564623057842
11532,0.006667542736977339
11533,0.006667518988251686
11534,0.006667529232800007
11535,0.006667515728622675
11536,0.006667531095445156
11537,0.006667525041848421
11538,0.006667531095445156
11539,0.0066675301641225815
11540,0.006667543202638626
11541,0.006667554844170809
11542,0.006667552515864372
11543,0.006667557638138533
11544,0.006667563691735268
11545,0.006667535752058029
11546,0.006667491979897022
11547,0.006667472422122955
11548,0.006667438894510269
11549,0.006667410489171743
11550,0.006667419336736202
11551,0.0066674984991550446
11552,0.006667567417025566
11553,0.006667656823992729
11554,0.006667750887572765
11555,0.0066679115407168865
11556,0.006668228190392256
11557,0.00666880002245307
11558,0.006669952534139156
11559,0.006672029383480549
11560,0.0066763353534042835
11561,0.006684931926429272
11562,0.006701560225337744
11563,0.006733874790370464
11564,0.006772135850042105
11565,0.006812011823058128
11566,0.006771367508918047
11567,0.006707789376378059
11568,0.006670269183814526
11569,0.006697393953800201
11570,0.006728402338922024
11571,0.006700549274682999
11572,0.0066705988720059395
11573,0.006679455749690533
11574,0.006696992088109255
11575,0.006685544736683369
11576,0.00666749058291316
11577,0.006678887642920017
11578,0.006687409244477749
11579,0.006672041956335306
11580,0.006668604910373688
11581,0.006677963305264711
11582,0.006674526259303093
11583,0.006667440291494131
11584,0.006670298054814339
11585,0.006673377472907305
11586,0.006669313181191683
11587,0.006667360197752714
11588,0.006670513190329075
11589,0.006670122500509024
11590,0.006667236797511578
11591,0.006668193731456995
11592,0.006669337395578623
11593,0.006667670328170061
11594,0.00666711525991559
11595,0.006668176501989365
11596,0.006667912006378174
11597,0.0066669597290456295
11598,0.006667319219559431
11599,0.0066677178256213665
11600,0.006667040288448334
11601,0.006666852626949549
11602,0.006667324807494879
11603,0.0066670882515609264
11604,0.006666698958724737
11605,0.006666962057352066
11606,0.006666980683803558
11607,0.006666693836450577
11608,0.006666754838079214
11609,0.006666875910013914
11610,0.006666687782853842
11611,0.006666652392596006
11612,0.006666765548288822
11613,0.006666704546660185
11614,0.0066666025668382645
11615,0.006666670553386211
11616,0.0066666449420154095
11617,0.006666580215096474
11618,0.0066666025668382645
11619,0.006666617467999458
11620,0.006666556466370821
11621,0.0066665238700807095
11622,0.006666553672403097
11623,0.006666532717645168
11624,0.006666499190032482
11625,0.006666501052677631
11626,0.006666501052677631
11627,0.006666465662419796
11628,0.006666466593742371
11629,0.0066664740443229675
11630,0.006666424218565226
11631,0.006666430272161961
11632,0.0066664512269198895
11633,0.006666414439678192
11634,0.006666388362646103
11635,0.006666387431323528
11636,0.006666375324130058
11637,0.00666634738445282
11638,0.006666342727839947
11639,0.006666338071227074
11640,0.006666308268904686
11641,0.00666631106287241
11642,0.006666306406259537
11643,0.006666281726211309
11644,0.006666265893727541
11645,0.006666265893727541
11646,0.00666625052690506
11647,0.006666227709501982
11648,0.006666234694421291
11649,0.006666220724582672
11650,0.0066662016324698925
11651,0.0066661834716796875
11652,0.006666182540357113
11653,0.006666179746389389
11654,0.006666155066341162
11655,0.006666150409728289
11656,0.006666140630841255
11657,0.006666127126663923
11658,0.006666108965873718
11659,0.006666099186986685
11660,0.006666094530373812
11661,0.006666077766567469
11662,0.006666076835244894
11663,0.006666062865406275
11664,0.006666050758212805
11665,0.006666038651019335
11666,0.006666023284196854
11667,0.006666016299277544
11668,0.00666600139811635
11669,0.006665990222245455
11670,0.0066659837029874325
11671,0.006665972527116537
11672,0.00666596507653594
11673,0.006665955297648907
11674,0.006665944121778011
11675,0.006665931083261967
11676,0.006665926892310381
11677,0.006665916182100773
11678,0.006665896624326706
11679,0.006665882654488087
11680,0.006665891967713833
11681,0.0066658686846494675
11682,0.006665844935923815
11683,0.0066658491268754005
11684,0.006665841676294804
11685,0.006665822118520737
11686,0.006665810476988554
11687,0.0066658067516982555
11688,0.006665801163762808
11689,0.00666577136144042
11690,0.00666576623916626
11691,0.006665768567472696
11692,0.006665755063295364
11693,0.006665730383247137
11694,0.006665719207376242
11695,0.006665720138698816
11696,0.006665706634521484
11697,0.006665688473731279
11698,0.006665683817118406
11699,0.006665675900876522
11700,0.006665670778602362
11701,0.006665664725005627
11702,0.006665643770247698
11703,0.006665629800409079
11704,0.006665636785328388
11705,0.006665618158876896
11706,0.006665592547506094
11707,0.0066655888222157955
11708,0.0066655888222157955
11709,0.006665570195764303
11710,0.006665549241006374
11711,0.006665543653070927
11712,0.006665531080216169
11713,0.006665528751909733
11714,0.006665530148893595
11715,0.006665502674877644
11716,0.006665476132184267
11717,0.006665505934506655
11718,0.006665498949587345
11719,0.006665457505732775
11720,0.006665435619652271
11721,0.006665440276265144
11722,0.006665440741926432
11723,0.0066654132679104805
11724,0.006665398366749287
11725,0.006665396504104137
11726,0.006665393710136414
11727,0.006665369961410761
11728,0.006665356457233429
11729,0.006665363442152739
11730,0.006665350869297981
11731,0.006665336899459362
11732,0.0066653164103627205
11733,0.00666531827300787
11734,0.006665307097136974
11735,0.006665270775556564
11736,0.006665272172540426
11737,0.0066652544774115086
11738,0.006665241438895464
11739,0.006665247492492199
11740,0.0066652316600084305
11741,0.00666522141546011
11742,0.006665214896202087
11743,0.006665189750492573
11744,0.006665179505944252
11745,0.006665165536105633
11746,0.006665157154202461
11747,0.006665154360234737
11748,0.006665138527750969
11749,0.006665130145847797
11750,0.006665126886218786
11751,0.006665110122412443
11752,0.0066651045344769955
11753,0.006665083114057779
11754,0.006665062624961138
11755,0.006665051449090242
11756,0.006665074732154608
11757,0.00666505703702569
11758,0.006665018852800131
11759,0.00666500860825181
11760,0.00666501559317112
11761,0.006665006745606661
11762,0.00666499137878418
11763,0.006664970889687538
11764,0.006664969027042389
11765,0.00666495505720377
11766,0.0066649350337684155
11767,0.006664933171123266
11768,0.006664922460913658
11769,0.006664912216365337
11770,0.006664906162768602
11771,0.0066649047657847404
11772,0.0066648805513978004
11773,0.0066648512147367
11774,0.006664845161139965
11775,0.006664871703833342
11776,0.006664852611720562
11777,0.0066648321226239204
11778,0.006664830259978771
11779,0.006664804648607969
11780,0.006664796732366085
11781,0.006664787884801626
11782,0.006664762273430824
11783,0.006664752960205078
11784,0.006664736662060022
11785,0.006664722226560116
11786,0.006664709188044071
11787,0.006664708256721497
11788,0.006664698012173176
11789,0.006664683111011982
11790,0.006664671003818512
11791,0.0066646551713347435
11792,0.00666467472910881
11793,0.006664643995463848
11794,0.00666461605578661
11795,0.006664623040705919
11796,0.006664608605206013
11797,0.006664593238383532
11798,0.006664578337222338
11799,0.00666457274928689
11800,0.006664566230028868
11801,0.00666455551981926
11802,0.0066645462065935135
11803,0.006664533633738756
11804,0.006664528977125883
11805,0.006664519663900137
11806,0.006664497312158346
11807,0.006664489395916462
11808,0.006664471700787544
11809,0.00666445167735219
11810,0.0066644540056586266
11811,0.006664453539997339
11812,0.006664436310529709
11813,0.006664416752755642
11814,0.0066644055768847466
11815,0.006664406508207321
11816,0.006664396729320288
11817,0.00666437903419137
11818,0.006664368323981762
11819,0.006664350628852844
11820,0.0066643403843045235
11821,0.0066643268801271915
11822,0.0066643161699175835
11823,0.006664326414465904
11824,0.006664329674094915
11825,0.006664300803095102
11826,0.0066642751917243
11827,0.006664280313998461
11828,0.006664280779659748
11829,0.00666427006945014
11830,0.006664233282208443
11831,0.006664206273853779
11832,0.006664239801466465
11833,0.006664245389401913
11834,0.006664219778031111
11835,0.0066641648299992085
11836,0.00666415598243475
11837,0.0066641694866120815
11838,0.006664151791483164
11839,0.0066641224548220634
11840,0.0066641224548220634
11841,0.006664120592176914
11842,0.006664121523499489
11843,0.00666410755366087
11844,0.00666407123208046
11845,0.006664037238806486
11846,0.006664041429758072
11847,0.006664026994258165
11848,0.00666400883346796
11849,0.00666401069611311
11850,0.006663989275693893
11851,0.006663980893790722
11852,0.006663974840193987
11853,0.006663951091468334
11854,0.006663932930678129
11855,0.006663930136710405
11856,0.006663926877081394
11857,0.00666391383856535
11858,0.006663899403065443
11859,0.006663892883807421
11860,0.006663907784968615
11861,0.006663905922323465
11862,0.006663876585662365
11863,0.006663856096565723
11864,0.0066638546995818615
11865,0.006663845386356115
11866,0.006663830950856209
11867,0.00666381698101759
11868,0.006663795560598373
11869,0.006663807667791843
11870,0.006663821171969175
11871,0.006663793697953224
11872,0.006663748528808355
11873,0.006663747597485781
11874,0.006663752254098654
11875,0.006663759704679251
11876,0.006663752719759941
11877,0.006663698703050613
11878,0.006663666572421789
11879,0.006663719192147255
11880,0.006663729436695576
11881,0.00666371826082468
11882,0.0066636656410992146
11883,0.006663612090051174
11884,0.006663608364760876
11885,0.006663675885647535
11886,0.00666368193924427
11887,0.006663621868938208
11888,0.006663566920906305
11889,0.006663547363132238
11890,0.006663563195616007
11891,0.00666359206661582
11892,0.006663586013019085
11893,0.006663551554083824
11894,0.006663503125309944
11895,0.006663480773568153
11896,0.006663498468697071
11897,0.0066635156981647015
11898,0.0066635096445679665
11899,0.006663465406745672
11900,0.006663409993052483
11901,0.0066634067334234715
11902,0.006663413718342781
11903,0.00666341558098793
11904,0.006663401611149311
11905,0.006663384381681681
11906,0.006663364823907614
11907,0.0066633448004722595
11908,0.006663331761956215
11909,0.006663326174020767
11910,0.006663315463811159
11911,0.00666330149397254
11912,0.006663277745246887
11913,0.00666326517239213
11914,0.006663249805569649
11915,0.006663241423666477
11916,0.006663227919489145
11917,0.006663220468908548
11918,0.006663207896053791
11919,0.0066631813533604145
11920,0.006663179956376553
11921,0.006663169711828232
11922,0.006663164123892784
11923,0.006663143169134855
11924,0.006663132458925247
11925,0.006663146428763866
11926,0.006663117557764053
11927,0.006663098465651274
11928,0.0066631026566028595
11929,0.006663092412054539
11930,0.00666307145729661
11931,0.006663057487457991
11932,0.00666302815079689
11933,0.006663030944764614
11934,0.0066630239598453045
11935,0.006663014180958271
11936,0.006663002539426088
11937,0.00666298670694232
11938,0.006662972271442413
11939,0.006662959232926369
11940,0.006662973202764988
11941,0.006662977393716574
11942,0.006662956438958645
11943,0.0066629392094910145
11944,0.006662906147539616
11945,0.00666288286447525
11946,0.006662872154265642
11947,0.006662868894636631
11948,0.0066628591157495975
11949,0.0066628484055399895
11950,0.006662827450782061
11951,0.006662816274911165
11952,0.006662817671895027
11953,0.006662807893007994
11954,0.006662787403911352
11955,0.006662782747298479
11956,0.0066627864725887775
11957,0.006662777625024319
11958,0.006662751082330942
11959,0.006662724539637566
11960,0.006662700790911913
11961,0.0066627091728150845
11962,0.006662697531282902
11963,0.006662685889750719
11964,0.006662663538008928
11965,0.006662649568170309
11966,0.006662638857960701
11967,0.00666264072060585
11968,0.006662663072347641
11969,0.006662667263299227
11970,0.006662645377218723
11971,0.0066626472398638725
11972,0.0066626062616705894
11973,0.006662560626864433
11974,0.0066625443287193775
11975,0.006662528961896896
11976,0.006662520579993725
11977,0.006662518717348576
11978,0.0066625080071389675
11979,0.006662506610155106
11980,0.006662485655397177
11981,0.0066624591127038
11982,0.006662443280220032
11983,0.006662445142865181
11984,0.006662439554929733
11985,0.00666245399042964
11986,0.006662476342171431
11987,0.006662455853074789
11988,0.006662458647042513
11989,0.006662426982074976
11990,0.006662379950284958
11991,0.006662346888333559
11992,0.006662334315478802
11993,0.0066623203456401825
11994,0.006662297993898392
11995,0.006662321742624044
11996,0.006662306841462851
11997,0.006662286818027496
11998,0.006662284955382347
11999,0.006662264000624418
12000,0.006662239320576191
12001,0.006662219297140837
12002,0.006671570707112551
12003,0.006662528030574322
12004,0.006666174158453941
12005,0.00666752178221941
12006,0.006664359010756016
12007,0.006662304047495127
12008,0.00666336715221405
12009,0.006664913147687912
12010,0.0066645401529967785
12011,0.006663024891167879
12012,0.0066622355952858925
12013,0.006662807893007994
12014,0.0066635990515351295
12015,0.006663544103503227
12016,0.006662797648459673
12017,0.006662250496447086
12018,0.006662433501332998
12019,0.006662906147539616
12020,0.006662995554506779
12021,0.0066626244224607944
12022,0.006662242114543915
12023,0.006662249565124512
12024,0.006662516389042139
12025,0.006662645377218723
12026,0.006662482861429453
12027,0.006662237923592329
12028,0.00666218064725399
12029,0.006662317086011171
12030,0.006662416737526655
12031,0.006662353873252869
12032,0.006662212777882814
12033,0.006662173196673393
12034,0.006662239320576191
12035,0.00666228961199522
12036,0.00666225329041481
12037,0.0066621811129152775
12038,0.006662158295512199
12039,0.006662196945399046
12040,0.006662233732640743
12041,0.006662207189947367
12042,0.006662155967205763
12043,0.006662148982286453
12044,0.0066621750593185425
12045,0.006662185303866863
12046,0.006662162020802498
12047,0.0066621312871575356
12048,0.006662135012447834
12049,0.006662153173238039
12050,0.006662147119641304
12051,0.0066621252335608006
12052,0.006662116851657629
12053,0.00666212011128664
12054,0.006662128958851099
12055,0.006662117782980204
12056,0.006662110332399607
12057,0.006662109401077032
12058,0.006662110332399607
12059,0.006662105675786734
12060,0.00666210288181901
12061,0.006662099622189999
12062,0.006662097759544849
12063,0.006662097293883562
12064,0.006662099622189999
12065,0.006662094034254551
12066,0.006662087980657816
12067,0.006662089843302965
12068,0.006662087049335241
12069,0.00666208378970623
12070,0.006662081461399794
12071,0.006662080995738506
12072,0.0066620768047869205
12073,0.006662074942141771
12074,0.0066620721481740475
12075,0.006662070285528898
12076,0.006662065628916025
12077,0.0066620646975934505
12078,0.006662062834948301
12079,0.006662060506641865
12080,0.006662058178335428
12081,0.0066620525903999805
12082,0.0066620525903999805
12083,0.006662049330770969
12084,0.006662048399448395
12085,0.006662044674158096
12086,0.006662039551883936
12087,0.0066620404832065105
12088,0.006662036757916212
12089,0.006662034895271063
12090,0.006662030704319477
12091,0.006662029307335615
12092,0.006662027444690466
12093,0.006662024650722742
12094,0.006662021391093731
12095,0.006662021391093731
12096,0.006662017200142145
12097,0.006662013009190559
12098,0.006662012077867985
12099,0.006662008818238974
12100,0.006662006955593824
12101,0.006662002298980951
12102,0.006662000436335802
12103,0.006661996711045504
12104,0.006661994848400354
12105,0.006661991588771343
12106,0.006661988329142332
12107,0.006661985535174608
12108,0.006661983672529459
12109,0.006661979481577873
12110,0.006661977618932724
12111,0.006661974824965
12112,0.006661970634013414
12113,0.006661972962319851
12114,0.006661966443061829
12115,0.006661967374384403
12116,0.00666196271777153
12117,0.0066619617864489555
12118,0.0066619617864489555
12119,0.006661959923803806
12120,0.006661954801529646
12121,0.006661949213594198
12122,0.006661949213594198
12123,0.006661947350949049
12124,0.006661941297352314
12125,0.00666193850338459
12126,0.00666193850338459
12127,0.0066619329154491425
12128,0.006661931984126568
12129,0.006661929190158844
12130,0.006661924533545971
12131,0.006661922205239534
12132,0.00666192127391696
12133,0.006661918945610523
12134,0.006661915220320225
12135,0.006661911960691214
12136,0.0066619073040783405
12137,0.0066619012504816055
12138,0.0066619026474654675
12139,0.006661899387836456
12140,0.0066618965938687325
12141,0.0066618905402719975
12142,0.006661891005933285
12143,0.006661891005933285
12144,0.006661888211965561
12145,0.0066618844866752625
12146,0.006661883555352688
12147,0.006661876570433378
12148,0.006661870516836643
12149,0.006661864463239908
12150,0.006661865394562483
12151,0.0066618663258850574
12152,0.006661861669272184
12153,0.006661853287369013
12154,0.006661856081336737
12155,0.006661850959062576
12156,0.006661849096417427
12157,0.006661847233772278
12158,0.006661844439804554
12159,0.006661837454885244
12160,0.006661833263933659
12161,0.006661828141659498
12162,0.006661827210336924
12163,0.006661823485046625
12164,0.006661818828433752
12165,0.006661814171820879
12166,0.00666181230917573
12167,0.006661810912191868
12168,0.006661806255578995
12169,0.00666180020198226
12170,0.0066617983393371105
12171,0.006661794614046812
12172,0.006661792751401663
12173,0.006661788560450077
12174,0.006661785300821066
12175,0.006661780644208193
12176,0.006661777850240469
12177,0.006661773659288883
12178,0.006661770865321159
12179,0.006661770399659872
12180,0.006661765743046999
12181,0.0066617620177567005
12182,0.006661760155111551
12183,0.006661754101514816
12184,0.006661752704530954
12185,0.006661748047918081
12186,0.006661750376224518
12187,0.006661743391305208
12188,0.006661738269031048
12189,0.006661736406385899
12190,0.006661733612418175
12191,0.006661730818450451
12192,0.0066617270931601524
12193,0.006661724299192429
12194,0.0066617196425795555
12195,0.006661717314273119
12196,0.006661712657660246
12197,0.006661708932369947
12198,0.006661705207079649
12199,0.006661702878773212
12200,0.006661701016128063
12201,0.006661698222160339
12202,0.006661689840257168
12203,0.006661686114966869
12204,0.006661686580628157
12205,0.006661680992692709
12206,0.00666167913004756
12207,0.006661674007773399
12208,0.006661670748144388
12209,0.0066616651602089405
12210,0.00666166003793478
12211,0.006661657709628344
12212,0.006661653984338045
12213,0.006661650259047747
12214,0.006661645136773586
12215,0.006661642342805862
12216,0.006661638151854277
12217,0.006661634426563978
12218,0.006661632098257542
12219,0.006661629304289818
12220,0.006661626044660807
12221,0.006661619525402784
12222,0.0066616167314350605
12223,0.006661617197096348
12224,0.006661609746515751
12225,0.00666160648688674
12226,0.006661601830273867
12227,0.006661598104983568
12228,0.006661598104983568
12229,0.006661591585725546
12230,0.006661586929112673
12231,0.006661583203822374
12232,0.006661580875515938
12233,0.006661576684564352
12234,0.006661571562290192
12235,0.00666157016530633
12236,0.006661562714725733
12237,0.00666155805811286
12238,0.006661554798483849
12239,0.00666155107319355
12240,0.006661547813564539
12241,0.006661544553935528
12242,0.006661541759967804
12243,0.00666153896600008
12244,0.006661535706371069
12245,0.006661532446742058
12246,0.0066615259274840355
12247,0.00666152173653245
12248,0.006661519408226013
12249,0.006661513354629278
12250,0.00666150962933898
12251,0.006661506369709969
12252,0.006661502178758383
12253,0.006661497987806797
12254,0.0066614942625164986
12255,0.006661492399871349
12256,0.0066614896059036255
12257,0.006661482620984316
12258,0.00666147843003273
12259,0.0066614761017262936
12260,0.006661472376435995
12261,0.0066614653915166855
12262,0.006661463528871536
12263,0.006661461666226387
12264,0.0066614593379199505
12265,0.0066614532843232155
12266,0.006661448627710342
12267,0.006661443039774895
12268,0.006661443505436182
12269,0.0066614397801458836
12270,0.006661432329565287
12271,0.006661428604274988
12272,0.006661423947662115
12273,0.006661421153694391
12274,0.0066614169627428055
12275,0.0066614109091460705
12276,0.006661406718194485
12277,0.00666140578687191
12278,0.00666140066459775
12279,0.006661395076662302
12280,0.00666138855740428
12281,0.0066613866947591305
12282,0.006661382503807545
12283,0.006661379709839821
12284,0.006661372259259224
12285,0.006661371793597937
12286,0.006661366671323776
12287,0.0066613610833883286
12288,0.006661358755081892
12289,0.006661354098469019
12290,0.006661347579210997
12291,0.006661348510533571
12292,0.00666134525090456
12293,0.0066613382659852505
12294,0.006661334075033665
12295,0.006661331746727228
12296,0.006661330349743366
12297,0.006661323364824057
12298,0.0066613187082111835
12299,0.006661314517259598
12300,0.0066613066010177135
12301,0.006661302410066128
12302,0.006661298684775829
12303,0.006661294959485531
12304,0.0066612884402275085
12305,0.0066612837836146355
12306,0.006661278195679188
12307,0.006661274936050177
12308,0.006661271210759878
12309,0.006661269348114729
12310,0.006661261897534132
12311,0.006661254912614822
12312,0.0066612521186470985
12313,0.006661250256001949
12314,0.006661244202405214
12315,0.006661241874098778
12316,0.006661236751824617
12317,0.0066612339578568935
12318,0.006661228369921446
12319,0.006661222781985998
12320,0.006661218591034412
12321,0.006661213003098965
12322,0.006661208346486092
12323,0.006661205552518368
12324,0.006661203224211931
12325,0.006661193445324898
12326,0.0066611915826797485
12327,0.006661185994744301
12328,0.006661179941147566
12329,0.006661182269454002
12330,0.00666117575019598
12331,0.006661165971308947
12332,0.006661164108663797
12333,0.006661161780357361
12334,0.006661156192421913
12335,0.0066611506044864655
12336,0.006661147344857454
12337,0.006661142688244581
12338,0.0066611371003091335
12339,0.006661135237663984
12340,0.006661130115389824
12341,0.006661122664809227
12342,0.00666112219914794
12343,0.00666111521422863
12344,0.00666111009195447
12345,0.006661104504019022
12346,0.0066611007787287235
12347,0.006661097053438425
12348,0.006661095190793276
12349,0.006661091931164265
12350,0.0066610826179385185
12351,0.006661079823970795
12352,0.006661075633019209
12353,0.006661067716777325
12354,0.006661070045083761
12355,0.006661062128841877
12356,0.006661055609583855
12357,0.006661050487309694
12358,0.0066610462963581085
12359,0.00666104257106781
12360,0.006661039777100086
12361,0.006661031860858202
12362,0.006661029066890478
12363,0.006661023944616318
12364,0.006661016494035721
12365,0.006661012768745422
12366,0.006661006715148687
12367,0.006661002058535814
12368,0.006660999730229378
12369,0.006660997401922941
12370,0.006660991348326206
12371,0.006660987623035908
12372,0.006660978309810162
12373,0.006660978775471449
12374,0.006660971324890852
12375,0.006660966202616692
12376,0.0066609629429876804
12377,0.006660958286374807
12378,0.006660956423729658
12379,0.006660951767116785
12380,0.006660944782197475
12381,0.006660936865955591
12382,0.006660938262939453
12383,0.006660935468971729
12384,0.006660926155745983
12385,0.00666091637685895
12386,0.006660917773842812
12387,0.006660912185907364
12388,0.006660904735326767
12389,0.006660899613052607
12390,0.006660896353423595
12391,0.006660893559455872
12392,0.0066608851775527
12393,0.00666087819263339
12394,0.006660875398665667
12395,0.006660871207714081
12396,0.006660863291472197
12397,0.006660859100520611
12398,0.006660853046923876
12399,0.006660850718617439
12400,0.006660844665020704
12401,0.006660840939730406
12402,0.006660838145762682
12403,0.006660833489149809
12404,0.006660830695182085
12405,0.006660826504230499
12406,0.006660817191004753
12407,0.006660814397037029
12408,0.006660808343440294
12409,0.006660801824182272
12410,0.006660799495875835
12411,0.006660792510956526
12412,0.006660786923021078
12413,0.00666078133508563
12414,0.006660774350166321
12415,0.006660770159214735
12416,0.006660764105618
12417,0.006660763639956713
12418,0.006660758052021265
12419,0.006660752929747105
12420,0.006660747807472944
12421,0.006660741753876209
12422,0.006660740822553635
12423,0.006660734303295612
12424,0.006660725921392441
12425,0.006660721730440855
12426,0.0066607194021344185
12427,0.006660715211182833
12428,0.0066607072949409485
12429,0.0066606998443603516
12430,0.006660694256424904
12431,0.0066606951877474785
12432,0.0066606937907636166
12433,0.00666068447753787
12434,0.006660676095634699
12435,0.00666067423298955
12436,0.0066606723703444
12437,0.0066606695763766766
12438,0.006660667713731527
12439,0.006660656072199345
12440,0.0066606528125703335
12441,0.006660641636699438
12442,0.006660635583102703
12443,0.00666063092648983
12444,0.006660625338554382
12445,0.006660619750618935
12446,0.0066606150940060616
12447,0.006660614162683487
12448,0.006660602055490017
12449,0.006660596001893282
12450,0.0066605922766029835
12451,0.006660592742264271
12452,0.0066605801694095135
12453,0.006660576909780502
12454,0.006660575978457928
12455,0.006660567130893469
12456,0.00666056526824832
12457,0.006660556886345148
12458,0.006660550367087126
12459,0.006660550367087126
12460,0.006660547107458115
12461,0.006660539656877518
12462,0.00666052894666791
12463,0.006660527549684048
12464,0.006660523358732462
12465,0.006660514045506716
12466,0.006660507060587406
12467,0.006660507991909981
12468,0.006660500541329384
12469,0.00666049076244235
12470,0.006660491693764925
12471,0.006660484243184328
12472,0.0066604833118617535
12473,0.006660476792603731
12474,0.00666046654805541
12475,0.0066604590974748135
12476,0.006660458166152239
12477,0.006660453975200653
12478,0.006660448387265205
12479,0.006660438142716885
12480,0.006660430692136288
12481,0.006660426966845989
12482,0.006660420447587967
12483,0.006660415790975094
12484,0.00666041299700737
12485,0.006660410203039646
12486,0.0066604008898139
12487,0.006660399027168751
12488,0.006660394370555878
12489,0.006660386919975281
12490,0.006660385988652706
12491,0.006660378072410822
12492,0.006660367827862501
12493,0.00666036969050765
12494,0.006660365965217352
12495,0.006660358514636755
12496,0.0066603487357497215
12497,0.006660341285169125
12498,0.006660334765911102
12499,0.006660329643636942
12500,0.00666032312437892
12501,0.006660318002104759
12502,0.006660310551524162
12503,0.006660304963588715
12504,0.0066603063605725765
12505,0.006660296581685543
12506,0.006660291459411383
12507,0.006660285871475935
12508,0.0066602798178792
12509,0.006660273764282465
12510,0.0066602714359760284
12511,0.006660266779363155
12512,0.006660256069153547
12513,0.006660253740847111
12514,0.0066602518782019615
12515,0.0066602458246052265
12516,0.006660237442702055
12517,0.006660234648734331
12518,0.00666022440418601
12519,0.00666022626683116
12520,0.006660220678895712
12521,0.00666021229699254
12522,0.006660202983766794
12523,0.006660203915089369
12524,0.0066601973958313465
12525,0.006660186219960451
12526,0.006660183891654015
12527,0.006660174112766981
12528,0.006660175509750843
12529,0.006660167593508959
12530,0.006660159211605787
12531,0.006660155486315489
12532,0.006660149432718754
12533,0.006660144776105881
12534,0.006660140119493008
12535,0.006660131737589836
12536,0.006660123821347952
12537,0.006660119164735079
12538,0.006660111714154482
12539,0.00666010519489646
12540,0.006660099141299725
12541,0.0066600944846868515
12542,0.006660089828073978
12543,0.006660084705799818
12544,0.006660081911832094
12545,0.006660077255219221
12546,0.006660069804638624
12547,0.006660063751041889
12548,0.006660062819719315
12549,0.006660057231783867
12550,0.00666004465892911
12551,0.00666004279628396
12552,0.006660043261945248
12553,0.00666003068909049
12554,0.006660029292106628
12555,0.006660024169832468
12556,0.006660018116235733
12557,0.006660010199993849
12558,0.00666000647470355
12559,0.006660002749413252
12560,0.006659993436187506
12561,0.0066599855199456215
12562,0.006659980397671461
12563,0.006659978069365025
12564,0.006659971550107002
12565,0.006659964099526405
12566,0.0066599538549780846
12567,0.0066599538549780846
12568,0.006659945007413626
12569,0.006659938022494316
12570,0.0066599310375750065
12571,0.006659928243607283
12572,0.006659926380962133
12573,0.006659922655671835
12574,0.006659914273768663
12575,0.00665990449488163
12576,0.00665989750996232
12577,0.006659896112978458
12578,0.006659885868430138
12579,0.006659877486526966
12580,0.006659880746155977
12581,0.006659871898591518
12582,0.006659866776317358
12583,0.006659857928752899
12584,0.0066598523408174515
12585,0.006659844424575567
12586,0.00665983697399497
12587,0.006659834645688534
12588,0.006659830920398235
12589,0.00665981974452734
12590,0.006659811828285456
12591,0.006659807171672583
12592,0.006659801583737135
12593,0.0066597918048501015
12594,0.006659794598817825
12595,0.0066597857512533665
12596,0.006659776903688908
12597,0.006659774109721184
12598,0.006659771781414747
12599,0.0066597615368664265
12600,0.006659757811576128
12601,0.0066597554832696915
12602,0.0066597480326890945
12603,0.006659740582108498
12604,0.006659729406237602
12605,0.006659723352640867
12606,0.006659720093011856
12607,0.006659715436398983
12608,0.0066597117111086845
12609,0.0066597010008990765
12610,0.006659698206931353
12611,0.006659690290689468
12612,0.006659688428044319
12613,0.006659677717834711
12614,0.006659673526883125
12615,0.0066596646793186665
12616,0.006659660022705793
12617,0.006659654434770346
12618,0.0066596465185284615
12619,0.006659639999270439
12620,0.006659629754722118
12621,0.006659631617367268
12622,0.006659629754722118
12623,0.00665961904451251
12624,0.00665960693731904
12625,0.006659607868641615
12626,0.006659600418061018
12627,0.006659591570496559
12628,0.0066595845855772495
12629,0.006659583188593388
12630,0.006659574341028929
12631,0.0066595678217709064
12632,0.006659562699496746
12633,0.006659556180238724
12634,0.006659550592303276
12635,0.006659545935690403
12636,0.006659536622464657
12637,0.006659528706222773
12638,0.006659522652626038
12639,0.006659518927335739
12640,0.006659511011093855
12641,0.006659503094851971
12642,0.006659502163529396
12643,0.006659494712948799
12644,0.006659488659352064
12645,0.006659482140094042
12646,0.0066594830714166164
12647,0.006659473292529583
12648,0.0066594695672392845
12649,0.0066594574600458145
12650,0.006659450475126505
12651,0.0066594467498362064
12652,0.006659443955868483
12653,0.006659435108304024
12654,0.006659423466771841
12655,0.006659419275820255
12656,0.006659413687884808
12657,0.006659404374659061
12658,0.00665940111503005
12659,0.006659392267465591
12660,0.006659384351223707
12661,0.006659380160272121
12662,0.006659371312707663
12663,0.006659364327788353
12664,0.006659362930804491
12665,0.006659356411546469
12666,0.006659345701336861
12667,0.0066593405790627
12668,0.006659332662820816
12669,0.006659329403191805
12670,0.0066593242809176445
12671,0.006659314502030611
12672,0.006659312639385462
12673,0.006659302394837141
12674,0.006659296806901693
12675,0.006659290287643671
12676,0.006659282837063074
12677,0.006659277714788914
12678,0.006659271661192179
12679,0.006659263279289007
12680,0.006659261882305145
12681,0.0066592576913535595
12682,0.006659248843789101
12683,0.006659240461885929
12684,0.006659233011305332
12685,0.006659233011305332
12686,0.006659226026386023
12687,0.0066592153161764145
12688,0.006659210193902254
12689,0.0066592018119990826
12690,0.006659193895757198
12691,0.0066591911017894745
12692,0.006659185979515314
12693,0.006659176666289568
12694,0.006659170147031546
12695,0.006659167353063822
12696,0.006659162696450949
12697,0.006659152917563915
12698,0.006659145466983318
12699,0.006659138482064009
12700,0.00665913475677371
12701,0.006659124977886677
12702,0.006659121252596378
12703,0.00665912264958024
12704,0.006659115664660931
12705,0.0066591063514351845
12706,0.00665910542011261
12707,0.0066591063514351845
12708,0.006659107282757759
12709,0.006659102626144886
12710,0.006659093778580427
12711,0.00665908120572567
12712,0.006659067701548338
12713,0.006659055594354868
12714,0.0066590444184839725
12715,0.0066590323112905025
12716,0.006659029982984066
12717,0.006659027189016342
12718,0.0066590276546776295
12719,0.006659017875790596
12720,0.006659010890871286
12721,0.006658998318016529
12722,0.006658987607806921
12723,0.0066589899361133575
12724,0.006658987142145634
12725,0.006658981554210186
12726,0.006658969447016716
12727,0.0066589610651135445
12728,0.0066589536145329475
12729,0.0066589489579200745
12730,0.006658941973000765
12731,0.006658937782049179
12732,0.006658931728452444
12733,0.006658920086920261
12734,0.006658914498984814
12735,0.0066589126363396645
12736,0.006658909842371941
12737,0.006658904254436493
12738,0.006658891681581736
12739,0.0066588823683559895
12740,0.0066588763147592545
12741,0.006658867932856083
12742,0.0066588628105819225
12743,0.006658857688307762
12744,0.006658851634711027
12745,0.00665883906185627
12746,0.006658835802227259
12747,0.0066588269546628
12748,0.006658824160695076
12749,0.006658819038420916
12750,0.0066588097251951694
12751,0.006658803205937147
12752,0.0066587962210178375
12753,0.00665879063308239
12754,0.006658783182501793
12755,0.006658778991550207
12756,0.006658769678324461
12757,0.006658763624727726
12758,0.006658757105469704
12759,0.006658753380179405
12760,0.006658745929598808
12761,0.006658738479018211
12762,0.006658730562776327
12763,0.006658722646534443
12764,0.006658717058598995
12765,0.006658709142357111
12766,0.006658704951405525
12767,0.006658697500824928
12768,0.006658704020082951
12769,0.006658690515905619
12770,0.006658677011728287
12771,0.006658673752099276
12772,0.0066586704924702644
12773,0.006658665370196104
12774,0.006658662110567093
12775,0.0066586509346961975
12776,0.006658637896180153
12777,0.006658634170889854
12778,0.006658627651631832
12779,0.006658617872744799
12780,0.006658613681793213
12781,0.006658606696873903
12782,0.006658597849309444
12783,0.006658594124019146
12784,0.006658583413809538
12785,0.006658578757196665
12786,0.006658575963228941
12787,0.006658568978309631
12788,0.006658558268100023
12789,0.006658552680164576
12790,0.006658546626567841
12791,0.00665853638201952
12792,0.006658531259745359
12793,0.006658524740487337
12794,0.006658518686890602
12795,0.00665851216763258
12796,0.006658504717051983
12797,0.006658495869487524
12798,0.006658490281552076
12799,0.006658488418906927
12800,0.006658477708697319
12801,0.006658470258116722
12802,0.006658466532826424
12803,0.006658458616584539
12804,0.006658450234681368
12805,0.006658442318439484
12806,0.006658434867858887
12807,0.0066584330052137375
12808,0.0066584255546331406
12809,0.006658416707068682
12810,0.006658411119133234
12811,0.006658403668552637
12812,0.006658398080617189
12813,0.00665839109569788
12814,0.0066583845764398575
12815,0.006658377591520548
12816,0.0066583724692463875
12817,0.006658364087343216
12818,0.00665835989639163
12819,0.006658355705440044
12820,0.006658342666924
12821,0.006658337078988552
12822,0.00665833568200469
12823,0.006658326368778944
12824,0.0066583165898919106
12825,0.006658308673650026
12826,0.006658303085714579
12827,0.006658296566456556
12828,0.006658290047198534
12829,0.00665828213095665
12830,0.006658284459263086
12831,0.006658271886408329
12832,0.00665826303884387
12833,0.006658252328634262
12834,0.006658254191279411
12835,0.006658248603343964
12836,0.006658235099166632
12837,0.00665822671726346
12838,0.0066582211293280125
12839,0.006658212747424841
12840,0.0066582090221345425
12841,0.006658202037215233
12842,0.006658193655312061
12843,0.006658187136054039
12844,0.0066581773571670055
12845,0.006658170837908983
12846,0.006658165715634823
12847,0.0066581591963768005
12848,0.006658149883151054
12849,0.006658146157860756
12850,0.006658138241618872
12851,0.0066581298597157
12852,0.006658128462731838
12853,0.006658121012151241
12854,0.006658114492893219
12855,0.006658107973635197
12856,0.006658099126070738
12857,0.006658097263425589
12858,0.006658094935119152
12859,0.006658083759248257
12860,0.006658077705651522
12861,0.006658074911683798
12862,0.006658065598458052
12863,0.006658059079200029
12864,0.006658049765974283
12865,0.006658048368990421
12866,0.006658039055764675
12867,0.006658026482909918
12868,0.006658019032329321
12869,0.006658009719103575
12870,0.006658002268522978
12871,0.006657993420958519
12872,0.006657983176410198
12873,0.0066579836420714855
12874,0.006657980848103762
12875,0.006657970137894154
12876,0.00665795523673296
12877,0.006657951511442661
12878,0.006657946389168501
12879,0.006657938938587904
12880,0.0066579352132976055
12881,0.006657927297055721
12882,0.006657919380813837
12883,0.006657913792878389
12884,0.006657908670604229
12885,0.006657902617007494
12886,0.006657893769443035
12887,0.0066578807309269905
12888,0.0066578746773302555
12889,0.006657868158072233
12890,0.006657857913523912
12891,0.006657856982201338
12892,0.006657851859927177
12893,0.006657843478024006
12894,0.006657836027443409
12895,0.006657823920249939
12896,0.006657826714217663
12897,0.006657819729298353
12898,0.006657810416072607
12899,0.006657798774540424
12900,0.006657798308879137
12901,0.006657792255282402
12902,0.006657783407717943
12903,0.00665777875110507
12904,0.006657775491476059
12905,0.006657762452960014
12906,0.006657762452960014
12907,0.006657756399363279
12908,0.006657749880105257
12909,0.006657744292169809
12910,0.006657733116298914
12911,0.0066577233374118805
12912,0.006657716818153858
12913,0.006657709367573261
12914,0.006657701916992664
12915,0.006657690275460482
12916,0.00665768189355731
12917,0.0066576688550412655
12918,0.006657666992396116
12919,0.006657657213509083
12920,0.006657655816525221
12921,0.006657648831605911
12922,0.00665764044970274
12923,0.006657632067799568
12924,0.006657628808170557
12925,0.0066576204262673855
12926,0.006657611578702927
12927,0.0066576022654771805
12928,0.006657596677541733
12929,0.006657589226961136
12930,0.006657579448074102
12931,0.0066575719974935055
12932,0.006657567340880632
12933,0.00665756082162261
12934,0.0066575538367033005
12935,0.006657544057816267
12936,0.006657542660832405
12937,0.006657538469880819
12938,0.006657524965703487
12939,0.006657520309090614
12940,0.006657510530203581
12941,0.006657501216977835
12942,0.0066574979573488235
12943,0.006657489575445652
12944,0.00665748305618763
12945,0.006657480262219906
12946,0.006657468620687723
12947,0.00665746396407485
12948,0.006657461170107126
12949,0.0066574495285749435
12950,0.006657439284026623
12951,0.006657436490058899
12952,0.006657428573817015
12953,0.006657418794929981
12954,0.006657409481704235
12955,0.006657407619059086
12956,0.0066574010998010635
12957,0.006657394580543041
12958,0.006657380145043135
12959,0.006657375954091549
12960,0.006657369434833527
12961,0.006657359190285206
12962,0.006657354533672333
12963,0.0066573526710271835
12964,0.006657338701188564
12965,0.0066573284566402435
12966,0.0066573284566402435
12967,0.006657318212091923
12968,0.006657308433204889
12969,0.0066573056392371655
12970,0.006657296326011419
12971,0.00665728934109211
12972,0.0066572860814630985
12973,0.006657277699559927
12974,0.006657271180301905
12975,0.006657267455011606
12976,0.006657261401414871
12977,0.006657257676124573
12978,0.006657259538769722
12979,0.006657262798398733
12980,0.00665727024897933
12981,0.006657279096543789
12982,0.006657280959188938
12983,0.006657274439930916
12984,0.006657256744801998
12985,0.006657234393060207
12986,0.006657209247350693
12987,0.006657182704657316
12988,0.006657169200479984
12989,0.006657165940850973
12990,0.006657167337834835
12991,0.006657163146883249
12992,0.00665714917704463
12993,0.0066571468487381935
12994,0.006657134275883436
12995,0.006657121703028679
12996,0.006657109595835209
12997,0.00665710587054491
12998,0.006657110061496496
12999,0.006657101213932037
13000,0.006657100282609463
13001,0.006657087244093418
13002,0.006657070945948362
13003,0.006657063029706478
13004,0.006657061632722616
13005,0.006657062564045191
13006,0.00665705930441618
13007,0.006657045800238848
13008,0.006657036021351814
13009,0.006657026242464781
13010,0.006657013203948736
13011,0.006657005753368139
13012,0.006657000165432692
13013,0.006656996440142393
13014,0.006656989920884371
13015,0.00665698479861021
13016,0.00665697269141674
13017,0.006656961981207132
13018,0.006656957790255547
13019,0.006656958255916834
13020,0.006656956858932972
13021,0.0066569470800459385
13022,0.006656932644546032
13023,0.006656926590949297
13024,0.0066569168120622635
13025,0.00665690703317523
13026,0.006656899582594633
13027,0.006656895391643047
13028,0.006656889338046312
13029,0.006656878627836704
13030,0.006656869780272245
13031,0.006656866520643234
13032,0.006656854413449764
13033,0.006656853016465902
13034,0.0066568441689014435
13035,0.00665683951228857
13036,0.00665682926774025
13037,0.006656818091869354
13038,0.0066568185575306416
13039,0.006656812038272619
13040,0.006656801328063011
13041,0.006656788755208254
13042,0.006656786892563105
13043,0.006656783167272806
13044,0.0066567775793373585
13045,0.006656772922724485
13046,0.006656765006482601
13047,0.006656750105321407
13048,0.0066567412577569485
13049,0.006656736601144075
13050,0.00665673241019249
13051,0.006656724959611893
13052,0.006656724959611893
13053,0.0066567230969667435
13054,0.006656715180724859
13055,0.006656704004853964
13056,0.006656684912741184
13057,0.006656672339886427
13058,0.006656674202531576
13059,0.006656670477241278
13060,0.006656664423644543
13061,0.006656649522483349
13062,0.0066566430032253265
13063,0.0066566383466124535
13064,0.006656629964709282
13065,0.0066566248424351215
13066,0.006656612269580364
13067,0.006656602956354618
13068,0.006656598299741745
13069,0.0066565885208547115
13070,0.006656579673290253
13071,0.006656574085354805
13072,0.00665656803175807
13073,0.0066565582528710365
13074,0.006656556390225887
13075,0.0066565475426614285
13076,0.006656534504145384
13077,0.006656529847532511
13078,0.0066565233282744884
13079,0.006656514946371317
13080,0.006656506098806858
13081,0.00665650051087141
13082,0.006656494922935963
13083,0.00665648840367794
13084,0.006656482350081205
13085,0.0066564748995006084
13086,0.006656466983258724
13087,0.006656459998339415
13088,0.006656460929661989
13089,0.006656447425484657
13090,0.006656436715275049
13091,0.006656426005065441
13092,0.006656428799033165
13093,0.006656421814113855
13094,0.006656409241259098
13095,0.006656395737081766
13096,0.0066563962027430534
13097,0.0066563887521624565
13098,0.006656387820839882
13099,0.00665637943893671
13100,0.006656363606452942
13101,0.006656354293227196
13102,0.006656349636614323
13103,0.006656345445662737
13104,0.0066563403233885765
13105,0.006656324956566095
13106,0.006656321696937084
13107,0.0066563161090016365
13108,0.006656308192759752
13109,0.006656300276517868
13110,0.006656291428953409
13111,0.006656282115727663
13112,0.00665627233684063
13113,0.006656263023614883
13114,0.006656256504356861
13115,0.006656249053776264
13116,0.006656247191131115
13117,0.006656234618276358
13118,0.006656226702034473
13119,0.006656224373728037
13120,0.006656212266534567
13121,0.006656206678599119
13122,0.006656206212937832
13123,0.006656197365373373
13124,0.006656190380454063
13125,0.006656183861196041
13126,0.00665617547929287
13127,0.006656170357018709
13128,0.006656169425696135
13129,0.006656158249825239
13130,0.006656153593212366
13131,0.006656154058873653
13132,0.006656148470938206
13133,0.0066561391577124596
13134,0.006656136363744736
13135,0.006656130310148001
13136,0.0066561270505189896
13137,0.006656126584857702
13138,0.0066561163403093815
13139,0.006656099110841751
13140,0.006656091660261154
13141,0.006656081881374121
13142,0.006656066980212927
13143,0.006656053476035595
13144,0.006656039040535688
13145,0.006656027864664793
13146,0.006656026933342218
13147,0.006656015757471323
13148,0.006656006909906864
13149,0.006656005047261715
13150,0.006655998062342405
13151,0.006655985489487648
13152,0.0066559817641973495
13153,0.006655971519649029
13154,0.0066559589467942715
13155,0.006655956152826548
13156,0.006655948236584663
13157,0.006655940320342779
13158,0.006655937060713768
13159,0.006655927747488022
13160,0.006655917968600988
13161,0.006655913311988115
13162,0.0066559030674397945
13163,0.006655893288552761
13164,0.006655887234956026
13165,0.0066558802500367165
13166,0.006655870005488396
13167,0.006655861623585224
13168,0.006655856966972351
13169,0.006655845791101456
13170,0.006655843462795019
13171,0.006655837409198284
13172,0.0066558257676661015
13173,0.006655815988779068
13174,0.006655815988779068
13175,0.006655805744230747
13176,0.0066558015532791615
13177,0.006655790377408266
13178,0.006655781529843807
13179,0.006655775476247072
13180,0.006655764766037464
13181,0.006655760575085878
13182,0.006655755918473005
13183,0.00665574474260211
13184,0.006655743345618248
13185,0.006655732169747353
13186,0.006655724253505468
13187,0.006655712611973286
13188,0.006655711680650711
13189,0.0066557046957314014
13190,0.006655690260231495
13191,0.006655682809650898
13192,0.006655675359070301
13193,0.006655665580183268
13194,0.006655667442828417
13195,0.006655657198280096
13196,0.006655646953731775
13197,0.006655638571828604
13198,0.0066556367091834545
13199,0.006655629258602858
13200,0.006655625067651272
13201,0.006655612960457802
13202,0.006655612960457802
13203,0.006655610166490078
13204,0.006655602250248194
13205,0.0066556064411997795
13206,0.006655614823102951
13207,0.006655617151409388
13208,0.006655618082731962
13209,0.00665563577786088
13210,0.0066556441597640514
13211,0.006655639503151178
13212,0.006655620411038399
13213,0.006655587349087
13214,0.006655543111264706
13215,0.006655513774603605
13216,0.00665550259873271
13217,0.006655499339103699
13218,0.006655512843281031
13219,0.006655518896877766
13220,0.006655510980635881
13221,0.006655487231910229
13222,0.006655459757894278
13223,0.006655441597104073
13224,0.006655441597104073
13225,0.006655450910329819
13226,0.006655448116362095
13227,0.00665544206276536
13228,0.006655429024249315
13229,0.006655413191765547
13230,0.006655400153249502
13231,0.006655389908701181
13232,0.006655381992459297
13233,0.006655379198491573
13234,0.006655369885265827
13235,0.00665536243468523
13236,0.00665535032749176
13237,0.006655343808233738
13238,0.006655341479927301
13239,0.006655333563685417
13240,0.006655329838395119
13241,0.006655318662524223
13242,0.006655307020992041
13243,0.00665529677644372
13244,0.0066552916541695595
13245,0.0066552795469760895
13246,0.006655280943959951
13247,0.006655271630734205
13248,0.006655261851847172
13249,0.006655251607298851
13250,0.006655244622379541
13251,0.006655236706137657
13252,0.006655227858573198
13253,0.006655226461589336
13254,0.006655218079686165
13255,0.006655209232121706
13256,0.006655202247202396
13257,0.006655194330960512
13258,0.006655183155089617
13259,0.00665517570450902
13260,0.006655171513557434
13261,0.0066551645286381245
13262,0.006655158009380102
13263,0.0066551510244607925
13264,0.006655141711235046
13265,0.006655133794993162
13266,0.006655121222138405
13267,0.006655117496848106
13268,0.006655110511928797
13269,0.006655100733041763
13270,0.006655097473412752
13271,0.00665509095415473
13272,0.006655080709606409
13273,0.006655076984316111
13274,0.006655064411461353
13275,0.0066550555638968945
13276,0.006655053235590458
13277,0.006655048578977585
13278,0.006655044853687286
13279,0.006655037868767977
13280,0.006655026227235794
13281,0.006655018776655197
13282,0.006655010394752026
13283,0.006655001547187567
13284,0.006654991302639246
13285,0.006654988508671522
13286,0.006654980592429638
13287,0.006654967553913593
13288,0.006654961500316858
13289,0.00665495777502656
13290,0.006654943339526653
13291,0.006654941476881504
13292,0.006654932163655758
13293,0.006654924247413874
13294,0.006654919590801001
13295,0.00665491446852684
13296,0.00665490934625268
13297,0.006654900964349508
13298,0.0066548902541399
13299,0.0066548860631883144
13300,0.006654882803559303
13301,0.006654862780123949
13302,0.0066548557952046394
13303,0.006654852069914341
13304,0.006654850207269192
13305,0.006654844619333744
13306,0.00665484182536602
13307,0.006654837634414434
13308,0.0066548301838338375
13309,0.006654826924204826
13310,0.006654820404946804
13311,0.006654803641140461
13312,0.006654786877334118
13313,0.006654779892414808
13314,0.006654771976172924
13315,0.006654758937656879
13316,0.006654752884060144
13317,0.006654744502156973
13318,0.006654736585915089
13319,0.006654725875705481
13320,0.006654720287770033
13321,0.0066547151654958725
13322,0.006654707714915276
13323,0.006654701195657253
13324,0.006654700264334679
13325,0.00665469141677022
13326,0.006654682103544474
13327,0.006654675584286451
13328,0.00665466720238328
13329,0.006654653698205948
13330,0.00665464298799634
13331,0.006654637400060892
13332,0.006654628552496433
13333,0.006654619704931974
13334,0.006654615513980389
13335,0.006654612720012665
13336,0.0066546048037707806
13337,0.006654593627899885
13338,0.006654583849012852
13339,0.0066545759327709675
13340,0.006654567085206509
13341,0.006654564291238785
13342,0.006654559634625912
13343,0.006654560100287199
13344,0.006654553581029177
13345,0.006654555443674326
13346,0.006654552649706602
13347,0.006654536817222834
13348,0.00665453402325511
13349,0.006654522381722927
13350,0.006654505617916584
13351,0.006654495373368263
13352,0.00665447860956192
13353,0.0066544730216264725
13354,0.006654464639723301
13355,0.006654455326497555
13356,0.0066544548608362675
13357,0.0066544474102556705
13358,0.00665443716570735
13359,0.00665443018078804
13360,0.006654419470578432
13361,0.006654415279626846
13362,0.0066544064320623875
13363,0.0066543943248689175
13364,0.006654389202594757
13365,0.006654385477304459
13366,0.006654378958046436
13367,0.0066543701104819775
13368,0.006654356140643358
13369,0.006654355674982071
13370,0.00665434543043375
13371,0.006654337514191866
13372,0.006654330994933844
13373,0.00665432121604681
13374,0.006654310040175915
13375,0.006654307246208191
13376,0.006654298864305019
13377,0.006654288619756699
13378,0.006654283031821251
13379,0.006654276978224516
13380,0.006654265336692333
13381,0.0066542597487568855
13382,0.006654249504208565
13383,0.0066542415879666805
13384,0.0066542369313538074
13385,0.006654225755482912
13386,0.006654217839241028
13387,0.006654216442257166
13388,0.006654201541095972
13389,0.006654198747128248
13390,0.006654194090515375
13391,0.006654186639934778
13392,0.006654171273112297
13393,0.0066541703417897224
13394,0.0066541628912091255
13395,0.006654147990047932
13396,0.006654145196080208
13397,0.00665413960814476
13398,0.006654128897935152
13399,0.00665412237867713
13400,0.0066541158594191074
13401,0.006654107477515936
13402,0.006654100492596626
13403,0.006654087919741869
13404,0.006654082331806421
13405,0.006654079537838697
13406,0.006654070690274239
13407,0.006654059514403343
13408,0.006654056254774332
13409,0.00665405485779047
13410,0.0066540478728711605
13411,0.006654045544564724
13412,0.006654045544564724
13413,0.006654043216258287
13414,0.006654053460806608
13415,0.00665406696498394
13416,0.006654080934822559
13417,0.0066541098058223724
13418,0.006654161959886551
13419,0.006654191762208939
13420,0.0066541824489831924
13421,0.006654120981693268
13422,0.0066540357656776905
13423,0.0066539691761136055
13424,0.00665393378585577
13425,0.006653936114162207
13426,0.006653972435742617
13427,0.006653990130871534
13428,0.006653959397226572
13429,0.006653919816017151
13430,0.006653889548033476
13431,0.006653888616710901
13432,0.006653904914855957
13433,0.006653903517872095
13434,0.006653879303485155
13435,0.006653853226453066
13436,0.006653846241533756
13437,0.006653851363807917
13438,0.006653849501162767
13439,0.00665383692830801
13440,0.006653821561485529
13441,0.0066538057290017605
13442,0.006653796415776014
13443,0.0066537982784211636
13444,0.006653794087469578
13445,0.006653784774243832
13446,0.006653773598372936
13447,0.006653763819485903
13448,0.00665375916287303
13449,0.0066537512466311455
13450,0.006653744261711836
13451,0.006653736345469952
13452,0.006653722375631332
13453,0.006653712131083012
13454,0.006653711665421724
13455,0.006653706543147564
13456,0.00665369862690568
13457,0.0066536893136799335
13458,0.006653681863099337
13459,0.0066536711528897285
13460,0.006653667893260717
13461,0.006653659977018833
13462,0.0066536483354866505
13463,0.006653642747551203
13464,0.006653635762631893
13465,0.006653626449406147
13466,0.0066536227241158485
13467,0.006653615739196539
13468,0.006653608288615942
13469,0.006653596181422472
13470,0.00665359478443861
13471,0.006653588265180588
13472,0.006653576623648405
13473,0.006653573829680681
13474,0.0066535621881484985
13475,0.006653555203229189
13476,0.006653548218309879
13477,0.006653536576777697
13478,0.006653534714132547
13479,0.0066535291261971
13480,0.006653522606939077
13481,0.006653512828052044
13482,0.006653499789535999
13483,0.006653499789535999
13484,0.006653496064245701
13485,0.006653489079326391
13486,0.0066534788347780704
13487,0.0066534653306007385
13488,0.006653458811342716
13489,0.00665344949811697
13490,0.006653443444520235
13491,0.006653439253568649
13492,0.006653430871665478
13493,0.006653419695794582
13494,0.00665342016145587
13495,0.006653415504842997
13496,0.0066534047946333885
13497,0.0066533940844237804
13498,0.0066533880308270454
13499,0.006653381511569023
13500,0.006653377786278725
13501,0.006653371267020702
13502,0.00665335962548852
13503,0.006653350777924061
13504,0.006653347052633762
13505,0.00665333541110158
13506,0.006653322372585535
13507,0.006653323769569397
13508,0.0066533200442790985
13509,0.006653306540101767
13510,0.006653300486505032
13511,0.006653287447988987
13512,0.006653282325714827
13513,0.0066532716155052185
13514,0.006653265096247196
13515,0.006653259973973036
13516,0.006653249263763428
13517,0.0066532413475215435
13518,0.006653233431279659
13519,0.006653230637311935
13520,0.006653221324086189
13521,0.00665321247652173
13522,0.006653210148215294
13523,0.006653201300650835
13524,0.006653191521763802
13525,0.006653189659118652
13526,0.006653179414570332
13527,0.0066531747579574585
13528,0.006653164979070425
13529,0.0066531626507639885
13530,0.00665316404774785
13531,0.006653146352618933
13532,0.006653137970715761
13533,0.006653129123151302
13534,0.006653118878602982
13535,0.006653115153312683
13536,0.006653107702732086
13537,0.0066530946642160416
13538,0.006653092335909605
13539,0.006653082091361284
13540,0.0066530765034258366
13541,0.006653064861893654
13542,0.006653056479990482
13543,0.006653056479990482
13544,0.0066530448384583
13545,0.006653035990893841
13546,0.006653027143329382
13547,0.006653020158410072
13548,0.0066530159674584866
13549,0.0066530038602650166
13550,0.00665299640968442
13551,0.006652987562119961
13552,0.0066529796458780766
13553,0.00665297219529748
13554,0.006652968004345894
13555,0.006652961950749159
13556,0.006652959156781435
13557,0.006652954500168562
13558,0.00665294611826539
13559,0.006652936339378357
13560,0.0066529265604913235
13561,0.006652917712926865
13562,0.006652909331023693
13563,0.006652896758168936
13564,0.006652893964201212
13565,0.006652893032878637
13566,0.006652880925685167
13567,0.0066528706811368465
13568,0.00665286835283041
13569,0.006652859505265951
13570,0.006652855314314365
13571,0.0066528464667499065
13572,0.006652832962572575
13573,0.006652828771620989
13574,0.006652818992733955
13575,0.006652818527072668
13576,0.006652806885540485
13577,0.006652798503637314
13578,0.006652792915701866
13579,0.006652779411524534
13580,0.0066527691669762135
13581,0.006652760785073042
13582,0.006652757525444031
13583,0.0066527510061860085
13584,0.00665274215862155
13585,0.006652734242379665
13586,0.006652722135186195
13587,0.006652718409895897
13588,0.0066527072340250015
13589,0.006652698386460543
13590,0.006652693264186382
13591,0.0066526844166219234
13592,0.006652673240751028
13593,0.006652668118476868
13594,0.006652661133557558
13595,0.00665265554562211
13596,0.006652650889009237
13597,0.006652644369751215
13598,0.006652632728219032
13599,0.00665263319388032
13600,0.006652628071606159
13601,0.006652621552348137
13602,0.006652617361396551
13603,0.00665262108668685
13604,0.006652622018009424
13605,0.006652618292719126
13606,0.0066526164300739765
13607,0.006652615498751402
13608,0.006652618292719126
13609,0.006652628071606159
13610,0.0066526420414447784
13611,0.0066526420414447784
13612,0.006652651354670525
13613,0.006652651354670525
13614,0.006652628071606159
13615,0.00665258290246129
13616,0.006652529817074537
13617,0.006652492564171553
13618,0.006652486976236105
13619,0.006652486976236105
13620,0.006652489770203829
13621,0.006652490701526403
13622,0.006652477663010359
13623,0.006652457639575005
13624,0.0066524408757686615
13625,0.0066524287685751915
13626,0.006652425974607468
13627,0.006652433425188065
13628,0.006652423180639744
13629,0.006652409676462412
13630,0.006652400363236666
13631,0.006652391515672207
13632,0.006652382668107748
13633,0.006652380805462599
13634,0.0066523770801723
13635,0.006652363575994968
13636,0.006652347277849913
13637,0.006652347277849913
13638,0.006652339827269316
13639,0.006652329582720995
13640,0.006652315612882376
13641,0.006652315147221088
13642,0.006652308627963066
13643,0.006652296986430883
13644,0.006652287673205137
13645,0.006652285344898701
13646,0.006652276497334242
13647,0.006652264390140772
13648,0.006652262527495623
13649,0.0066522560082376
13650,0.006652243435382843
13651,0.0066522350534796715
13652,0.006652230396866798
13653,0.0066522266715765
13654,0.006652218755334616
13655,0.006652208510786295
13656,0.006652197800576687
13657,0.006652197800576687
13658,0.00665219034999609
13659,0.006652183830738068
13660,0.006652174983173609
13661,0.006652159616351128
13662,0.006652155891060829
13663,0.006652143318206072
13664,0.006652141455560923
13665,0.006652133539319038
13666,0.006652121432125568
13667,0.0066521186381578445
13668,0.006652106065303087
13669,0.006652099546045065
13670,0.006652101408690214
13671,0.006652087438851595
13672,0.006652078591287136
13673,0.0066520762629806995
13674,0.006652061827480793
13675,0.006652056239545345
13676,0.006652057636529207
13677,0.006652040872722864
13678,0.006652036681771278
13679,0.006652033422142267
13680,0.006652020383626223
13681,0.006652012467384338
13682,0.006652006413787603
13683,0.0066519975662231445
13684,0.006651991978287697
13685,0.006651980336755514
13686,0.006651975680142641
13687,0.006651963107287884
13688,0.00665196031332016
13689,0.006651952397078276
13690,0.0066519444808363914
13691,0.006651941686868668
13692,0.006651939358562231
13693,0.00665192911401391
13694,0.006651924457401037
13695,0.006651917472481728
13696,0.00665191700682044
13697,0.0066519128158688545
13698,0.006651905365288258
13699,0.006651896983385086
13700,0.006651885807514191
13701,0.006651874631643295
13702,0.006651856936514378
13703,0.006651847157627344
13704,0.006651837378740311
13705,0.00665182713419199
13706,0.0066518173553049564
13707,0.006651818286627531
13708,0.006651811767369509
13709,0.006651803385466337
13710,0.006651800125837326
13711,0.006651787087321281
13712,0.006651777774095535
13713,0.006651772651821375
13714,0.006651761941611767
13715,0.006651751231402159
13716,0.006651746574789286
13717,0.006651742849498987
13718,0.006651733536273241
13719,0.00665172329172492
13720,0.006651724223047495
13721,0.006651716306805611
13722,0.006651708390563726
13723,0.006651700008660555
13724,0.006651694420725107
13725,0.006651683244854212
13726,0.006651679985225201
13727,0.0066516767255961895
13728,0.006651665549725294
13729,0.006651661824434996
13730,0.006651655770838261
13731,0.006651643197983503
13732,0.006651635747402906
13733,0.006651632487773895
13734,0.006651621777564287
13735,0.006651618052273989
13736,0.00665160221979022
13737,0.00665159709751606
13738,0.006651594303548336
13739,0.006651578936725855
13740,0.006651565432548523
13741,0.006651557050645351
13742,0.006651550997048616
13743,0.006651539355516434
13744,0.006651534698903561
13745,0.006651527713984251
13746,0.006651518400758505
13747,0.006651510484516621
13748,0.006651501636952162
13749,0.006651489995419979
13750,0.006651488598436117
13751,0.006651483476161957
13752,0.006651472300291061
13753,0.00665146391838789
13754,0.0066514634527266026
13755,0.006651450414210558
13756,0.00665144482627511
13757,0.006651437375694513
13758,0.006651428993791342
13759,0.006651425734162331
13760,0.006651423405855894
13761,0.006651408039033413
13762,0.006651401054114103
13763,0.006651397794485092
13764,0.006651380565017462
13765,0.006651377305388451
13766,0.006651374511420727
13767,0.006651357747614384
13768,0.006651354022324085
13769,0.006651347037404776
13770,0.006651334930211306
13771,0.0066513437777757645
13772,0.00665134284645319
13773,0.006651337258517742
13774,0.006651344243437052
13775,0.006651350762695074
13776,0.006651370786130428
13777,0.006651400122791529
13778,0.006651414558291435
13779,0.006651424337178469
13780,0.006651428993791342
13781,0.0066514085046947
13782,0.00665137218311429
13783,0.006651329342275858
13784,0.006651271600276232
13785,0.006651231553405523
13786,0.006651218049228191
13787,0.006651219911873341
13788,0.006651237607002258
13789,0.006651237607002258
13790,0.006651217117905617
13791,0.006651187781244516
13792,0.006651169620454311
13793,0.0066511682234704494
13794,0.006651169620454311
13795,0.006651176605373621
13796,0.006651170551776886
13797,0.0066511547192931175
13798,0.006651134695857763
13799,0.006651119329035282
13800,0.00665111793205142
13801,0.006651117466390133
13802,0.006651109550148249
13803,0.006651096511632204
13804,0.006651092786341906
13805,0.006651084870100021
13806,0.006651068106293678
13807,0.006651058793067932
13808,0.006651056464761496
13809,0.006651051342487335
13810,0.006651042494922876
13811,0.0066510336473584175
13812,0.006651022471487522
13813,0.006651017814874649
13814,0.006651010364294052
13815,0.006650998722761869
13816,0.006650992203503847
13817,0.006650986149907112
13818,0.006650975905358791
13819,0.006650975439697504
13820,0.0066509670577943325
13821,0.006650958675891161
13822,0.006650949828326702
13823,0.006650947500020266
13824,0.006650940980762243
13825,0.006650933995842934
13826,0.006650921888649464
13827,0.006650915369391441
13828,0.006650909315794706
13829,0.00665090000256896
13830,0.006650889292359352
13831,0.006650883704423904
13832,0.006650877650827169
13833,0.006650868337601423
13834,0.006650857627391815
13835,0.006650850176811218
13836,0.00665083946660161
13837,0.006650836206972599
13838,0.006650832016021013
13839,0.006650818046182394
13840,0.006650811061263084
13841,0.006650805473327637
13842,0.006650797091424465
13843,0.0066507901065051556
13844,0.0066507854498922825
13845,0.006650775205343962
13846,0.0066507672891020775
13847,0.0066507672891020775
13848,0.006650757975876331
13849,0.006650746800005436
13850,0.006650745868682861
13851,0.006650737952440977
13852,0.0066507370211184025
13853,0.0066507235169410706
13854,0.006650717929005623
13855,0.006650714203715324
13856,0.0066507006995379925
13857,0.00665068905800581
13858,0.006650688126683235
13859,0.006650675553828478
13860,0.006650671828538179
13861,0.006650661118328571
13862,0.006650649476796389
13863,0.006650645285844803
13864,0.006650635506957769
13865,0.006650623399764299
13866,0.006650619208812714
13867,0.006650612223893404
13868,0.00665060430765152
13869,0.006650602910667658
13870,0.006650590803474188
13871,0.006650581490248442
13872,0.0066505735740065575
13873,0.0066505661234259605
13874,0.006650563329458237
13875,0.0066505540162324905
13876,0.006650546099990606
13877,0.006650541443377733
13878,0.006650524213910103
13879,0.006650523282587528
13880,0.006650514435023069
13881,0.00665050745010376
13882,0.006650501396507025
13883,0.006650495808571577
13884,0.0066504827700555325
13885,0.0066504813730716705
13886,0.006650473922491074
13887,0.0066504632122814655
13888,0.006650452967733145
13889,0.006650450639426708
13890,0.0066504450514912605
13891,0.0066504399292171
13892,0.006650425959378481
13893,0.006650417577475309
13894,0.006650414317846298
13895,0.006650406867265701
13896,0.006650395691394806
13897,0.006650388706475496
13898,0.006650382187217474
13899,0.00665037427097559
13900,0.006650363560765982
13901,0.006650363095104694
13902,0.0066503603011369705
13903,0.006650346796959639
13904,0.006650337018072605
13905,0.00665032584220171
13906,0.0066503253765404224
13907,0.006650314200669527
13908,0.0066503118723630905
13909,0.006650309544056654
13910,0.006650300230830908
13911,0.006650293245911598
13912,0.0066502830013632774
13913,0.006650274153798819
13914,0.006650264840573072
13915,0.006650254596024752
13916,0.006650251802057028
13917,0.006650244817137718
13918,0.006650231778621674
13919,0.0066502210684120655
13920,0.006650214549154043
13921,0.00665020477026701
13922,0.006650195457041264
13923,0.0066501908004283905
13924,0.006650183349847794
13925,0.006650173105299473
13926,0.006650165654718876
13927,0.006650157738476992
13928,0.006650153081864119
13929,0.006650147028267384
13930,0.006650139112025499
13931,0.006650127470493317
13932,0.0066501242108643055
13933,0.006650114431977272
13934,0.006650106515735388
13935,0.006650101859122515
13936,0.006650093011558056
13937,0.006650085560977459
13938,0.006650082767009735
13939,0.0066500818356871605
13940,0.006650077644735575
13941,0.0066500757820904255
13942,0.006650082301348448
13943,0.006650089286267757
13944,0.00665009580552578
13945,0.00665011303499341
13946,0.006650139577686787
13947,0.006650177296251059
13948,0.006650203838944435
13949,0.006650197319686413
13950,0.006650177761912346
13951,0.006650119554251432
13952,0.0066500394605100155
13953,0.006649972405284643
13954,0.006649954244494438
13955,0.006649979390203953
13956,0.006650017574429512
13957,0.0066500273533165455
13958,0.0066500017419457436
13959,0.006649955175817013
13960,0.0066499183885753155
13961,0.0066499062813818455
13962,0.0066499183885753155
13963,0.0066499290987849236
13964,0.006649923510849476
13965,0.006649896502494812
13966,0.006649875547736883
13967,0.006649865303188562
13968,0.006649860180914402
13969,0.0066498564556241035
13970,0.006649857386946678
13971,0.006649846211075783
13972,0.006649828981608152
13973,0.006649816408753395
13974,0.006649811286479235
13975,0.006649808958172798
13976,0.006649799644947052
13977,0.006649792660027742
13978,0.00664978101849556
13979,0.006649767514318228
13980,0.006649766117334366
13981,0.006649760529398918
13982,0.00664974981918931
13983,0.006649747025221586
13984,0.006649741902947426
13985,0.006649724207818508
13986,0.00664972560480237
13987,0.006649719551205635
13988,0.006649707909673452
13989,0.006649700924754143
13990,0.00664969626814127
13991,0.006649692077189684
13992,0.0066496869549155235
13993,0.006649674382060766
13994,0.00664966506883502
13995,0.006649659015238285
13996,0.0066496459767222404
13997,0.0066496399231255054
13998,0.00664963573217392
13999,0.006649625021964312
14000,0.006649619899690151
14001,0.0066496143117547035
14002,0.006649606861174107
14003,0.006649594288319349
14004,0.006649588234722614
14005,0.006649579852819443
14006,0.006649571005254984
14007,0.006649568676948547
14008,0.0066495612263679504
14009,0.006649556569755077
14010,0.006649550516158342
14011,0.006649537943303585
14012,0.006649529095739126
14013,0.0066495249047875404
14014,0.00664951978251338
14015,0.006649508606642485
14016,0.006649500224739313
14017,0.006649492308497429
14018,0.006649488117545843
14019,0.0066494811326265335
14020,0.006649473216384649
14021,0.006649463437497616
14022,0.00664945924654603
14023,0.0066494508646428585
14024,0.006649446208029985
14025,0.006649434100836515
14026,0.006649428512901068
14027,0.006649419199675322
14028,0.006649415008723736
14029,0.006649409420788288
14030,0.006649397779256105
14031,0.0066493903286755085
14032,0.006649385672062635
14033,0.006649374030530453
14034,0.006649371236562729
14035,0.006649363785982132
14036,0.006649352610111237
14037,0.006649348419159651
14038,0.006649341434240341
14039,0.006649329327046871
14040,0.006649325601756573
14041,0.006649319548159838
14042,0.006649307440966368
14043,0.006649302318692207
14044,0.006649299059063196
14045,0.006649290211498737
14046,0.006649280898272991
14047,0.006649275775998831
14048,0.006649270188063383
14049,0.006649266462773085
14050,0.006649257615208626
14051,0.006649243179708719
14052,0.006649236660450697
14053,0.0066492329351603985
14054,0.006649227347224951
14055,0.00664921198040247
14056,0.006649206392467022
14057,0.006649196147918701
14058,0.0066491905599832535
14059,0.0066491831094026566
14060,0.006649175193160772
14061,0.00664916867390275
14062,0.006649162620306015
14063,0.0066491602919995785
14064,0.006649154704064131
14065,0.006649149116128683
14066,0.006649143062531948
14067,0.006649140268564224
14068,0.006649125833064318
14069,0.0066491165198385715
14070,0.006649100221693516
14071,0.006649079732596874
14072,0.00664906669408083
14073,0.006649055518209934
14074,0.0066490392200648785
14075,0.006649027578532696
14076,0.006649011746048927
14077,0.006648996379226446
14078,0.0066489833407104015
14079,0.006648968905210495
14080,0.0066489530727267265
14081,0.006648945156484842
14082,0.0066489363089203835
14083,0.006648921873420477
14084,0.006648916285485029
14085,0.006648905575275421
14086,0.006648887414485216
14087,0.006648883689194918
14088,0.006648875307291746
14089,0.00664885900914669
14090,0.0066488501615822315
14091,0.006648840848356485
14092,0.0066488273441791534
14093,0.006648818962275982
14094,0.00664881244301796
14095,0.006648797541856766
14096,0.006648790556937456
14097,0.006648784503340721
14098,0.006648777052760124
14099,0.006648771930485964
14100,0.006648770999163389
14101,0.006648766342550516
14102,0.006648767273873091
14103,0.006648764945566654
14104,0.0066487593576312065
14105,0.0066487472504377365
14106,0.006648730486631393
14107,0.006648712325841188
14108,0.006648699752986431
14109,0.006648686248809099
14110,0.006648675538599491
14111,0.00664866529405117
14112,0.006648654118180275
14113,0.006648648995906115
14114,0.006648640614002943
14115,0.006648631300777197
14116,0.006648624315857887
14117,0.006648621056228876
14118,0.006648613139986992
14119,0.006648601498454809
14120,0.006648594047874212
14121,0.006648588459938765
14122,0.006648581940680742
14123,0.006648574024438858
14124,0.006648575887084007
14125,0.006648571230471134
14126,0.006648564245551825
14127,0.006648547947406769
14128,0.0066485414281487465
14129,0.006648534908890724
14130,0.006648523733019829
14131,0.0066485111601650715
14132,0.006648496724665165
14133,0.006648490205407143
14134,0.006648480426520109
14135,0.006648473907262087
14136,0.006648465991020203
14137,0.006648457143455744
14138,0.006648451555520296
14139,0.006648445036262274
14140,0.006648436654359102
14141,0.00664843525737524
14142,0.006648427806794643
14143,0.006648423615843058
14144,0.006648415699601173
14145,0.006648408714681864
14146,0.0066484021954238415
14147,0.006648392882198095
14148,0.006648380309343338
14149,0.006648366805166006
14150,0.006648362148553133
14151,0.006648352835327387
14152,0.006648339331150055
14153,0.006648336537182331
14154,0.006648329086601734
14155,0.006648318842053413
14156,0.006648309528827667
14157,0.006648307200521231
14158,0.006648300215601921
14159,0.006648296024650335
14160,0.006648289505392313
14161,0.006648275535553694
14162,0.006648271344602108
14163,0.006648269947618246
14164,0.0066482555121183395
14165,0.006648244336247444
14166,0.006648233160376549
14167,0.006648227106779814
14168,0.006648218259215355
14169,0.006648206617683172
14170,0.0066481963731348515
14171,0.006648190785199404
14172,0.006648183800280094
14173,0.00664817588403821
14174,0.006648176349699497
14175,0.006648175418376923
14176,0.006648173555731773
14177,0.006648180074989796
14178,0.006648194510489702
14179,0.006648211274296045
14180,0.006648243870586157
14181,0.0066482811234891415
14182,0.006648330949246883
14183,0.006648373790085316
14184,0.006648375187069178
14185,0.00664833839982748
14186,0.006648240610957146
14187,0.006648130714893341
14188,0.006648068781942129
14189,0.006648076698184013
14190,0.00664812745526433
14191,0.006648156326264143
14192,0.006648134905844927
14193,0.006648069713264704
14194,0.0066480208188295364
14195,0.006648020353168249
14196,0.0066480496898293495
14197,0.0066480571404099464
14198,0.006648038048297167
14199,0.006648000329732895
14200,0.006647972855716944
14201,0.006647972390055656
14202,0.006647981237620115
14203,0.006647983565926552
14204,0.00664796307682991
14205,0.006647939793765545
14206,0.006647930014878511
14207,0.006647930946201086
14208,0.006647932343184948
14209,0.006647920701652765
14210,0.006647897884249687
14211,0.00664789043366909
14212,0.006647891830652952
14213,0.006647882983088493
14214,0.006647873669862747
14215,0.006647865753620863
14216,0.0066478559747338295
14217,0.00664784898981452
14218,0.0066478438675403595
14219,0.006647832691669464
14220,0.006647828035056591
14221,0.006647820584475994
14222,0.006647805217653513
14223,0.006647800095379353
14224,0.006647794041782618
14225,0.006647786591202021
14226,0.006647779606282711
14227,0.006647770293056965
14228,0.00664776423946023
14229,0.006647761445492506
14230,0.006647756323218346
14231,0.006647746078670025
14232,0.006647736765444279
14233,0.0066477288492023945
14234,0.00664772093296051
14235,0.006647716276347637
14236,0.0066477106884121895
14237,0.006647700909525156
14238,0.006647689733654261
14239,0.006647685542702675
14240,0.006647675298154354
14241,0.006647669710218906
14242,0.006647664122283459
14243,0.006647656671702862
14244,0.006647645961493254
14245,0.006647638976573944
14246,0.00664763618260622
14247,0.006647625006735325
14248,0.006647619418799877
14249,0.006647612899541855
14250,0.006647600792348385
14251,0.006647596135735512
14252,0.006647586356848478
14253,0.00664758263155818
14254,0.006647578440606594
14255,0.006647567730396986
14256,0.006647561211138964
14257,0.006647552363574505
14258,0.006647544447332621
14259,0.0066475411877036095
14260,0.006647531408816576
14261,0.006647519301623106
14262,0.006647516507655382
14263,0.006647507194429636
14264,0.00664749788120389
14265,0.006647493690252304
14266,0.0066474853083491325
14267,0.00664747878909111
14268,0.006647469941526651
14269,0.006647459696978331
14270,0.006647455971688032
14271,0.006647446192800999
14272,0.006647440139204264
14273,0.006647436413913965
14274,0.00664742523804307
14275,0.0066474201157689095
14276,0.006647411268204451
14277,0.0066474019549787045
14278,0.006647393107414246
14279,0.006647387053817511
14280,0.00664737680926919
14281,0.006647368427366018
14282,0.006647361442446709
14283,0.006647355854511261
14284,0.006647347006946802
14285,0.0066473400220274925
14286,0.006647330708801746
14287,0.006647319067269564
14288,0.006647313013672829
14289,0.006647306960076094
14290,0.0066472990438342094
14291,0.006647287867963314
14292,0.006647286005318165
14293,0.0066472748294472694
14294,0.006647265050560236
14295,0.006647258531302214
14296,0.00664724875241518
14297,0.006647241767495871
14298,0.0066472371108829975
14299,0.006647225469350815
14300,0.006647220812737942
14301,0.006647216621786356
14302,0.006647208239883184
14303,0.006647203583270311
14304,0.00664719520136714
14305,0.006647190079092979
14306,0.006647174712270498
14307,0.006647170055657625
14308,0.006647168193012476
14309,0.0066471584141254425
14310,0.006647145375609398
14311,0.006647138856351376
14312,0.006647135596722364
14313,0.006647126283496618
14314,0.00664711557328701
14315,0.006647107657045126
14316,0.006647099275141954
14317,0.0066470918245613575
14318,0.006647085305303335
14319,0.006647076457738876
14320,0.006647065281867981
14321,0.006647066213190556
14322,0.006647056434303522
14323,0.006647042464464903
14324,0.006647041067481041
14325,0.006647038273513317
14326,0.006647027097642422
14327,0.006647014524787664
14328,0.006647010799497366
14329,0.0066470010206103325
14330,0.006646992638707161
14331,0.0066469889134168625
14332,0.0066469768062233925
14333,0.006646967958658934
14334,0.0066469633020460606
14335,0.0066469572484493256
14336,0.006646945606917143
14337,0.006646941415965557
14338,0.006646935362368822
14339,0.0066469288431108
14340,0.006646917667239904
14341,0.006646911147981882
14342,0.006646905094385147
14343,0.006646899972110987
14344,0.006646890193223953
14345,0.006646884139627218
14346,0.006646875757724047
14347,0.006646866910159588
14348,0.006646860856562853
14349,0.0066468543373048306
14350,0.006646844558417797
14351,0.006646835245192051
14352,0.006646830588579178
14353,0.00664681987836957
14354,0.006646810565143824
14355,0.006646804045885801
14356,0.00664680078625679
14357,0.006646792870014906
14358,0.00664678355678916
14359,0.006646777968853712
14360,0.006646773777902126
14361,0.0066467695869505405
14362,0.0066467649303376675
14363,0.006646754220128059
14364,0.0066467514261603355
14365,0.006646741647273302
14366,0.0066467332653701305
14367,0.006646720226854086
14368,0.006646708585321903
14369,0.006646697875112295
14370,0.006646688561886549
14371,0.006646678317338228
14372,0.006646671798080206
14373,0.006646664813160896
14374,0.0066466559655964375
14375,0.006646647583693266
14376,0.006646640133112669
14377,0.006646636873483658
14378,0.006646634545177221
14379,0.00664663128554821
14380,0.006646623834967613
14381,0.006646613124758005
14382,0.006646608468145132
14383,0.0066466014832258224
14384,0.0066465940326452255
14385,0.006646583788096905
14386,0.006646580528467894
14387,0.00664657773450017
14388,0.006646573543548584
14389,0.006646562367677689
14390,0.006646560505032539
14391,0.006646558176726103
14392,0.006646544206887484
14393,0.006646531168371439
14394,0.006646520458161831
14395,0.006646512076258659
14396,0.006646506488323212
14397,0.0066464971750974655
14398,0.006646482273936272
14399,0.006646471098065376
14400,0.00664645666256547
14401,0.006646447349339724
14402,0.006646439433097839
14403,0.006646424997597933
14404,0.006646410096436739
14405,0.006646399851888418
14406,0.006646390538662672
14407,0.00664638914167881
14408,0.006646391004323959
14409,0.006646393798291683
14410,0.006646391935646534
14411,0.006646391935646534
14412,0.006646388676017523
14413,0.006646375171840191
14414,0.00664635980501771
14415,0.006646350491791964
14416,0.006646341178566217
14417,0.006646326277405024
14418,0.006646306253969669
14419,0.006646296009421349
14420,0.006646289490163326
14421,0.006646288093179464
14422,0.006646280642598867
14423,0.006646278779953718
14424,0.006646272726356983
14425,0.006646260619163513
14426,0.006646252237260342
14427,0.006646241061389446
14428,0.006646237336099148
14429,0.006646227091550827
14430,0.006646216847002506
14431,0.006646205671131611
14432,0.0066461944952607155
14433,0.006646188907325268
14434,0.006646182853728533
14435,0.006646177265793085
14436,0.006646167486906052
14437,0.006646160501986742
14438,0.006646148860454559
14439,0.00664614699780941
14440,0.006646137218922377
14441,0.006646123714745045
14442,0.006646123714745045
14443,0.006646117195487022
14444,0.006646107882261276
14445,0.006646097172051668
14446,0.006646090652793646
14447,0.006646087858825922
14448,0.006646082736551762
14449,0.006646077148616314
14450,0.006646071095019579
14451,0.006646062713116407
14452,0.006646055728197098
14453,0.0066460538655519485
14454,0.006646050605922937
14455,0.006646042224019766
14456,0.006646032445132732
14457,0.006646021734923124
14458,0.006646007765084505
14459,0.006646004039794207
14460,0.006645997054874897
14461,0.006645977031439543
14462,0.006645974237471819
14463,0.006645967252552509
14464,0.006645957939326763
14465,0.0066459523513913155
14466,0.006645951420068741
14467,0.006645947229117155
14468,0.006645949557423592
14469,0.006645945366472006
14470,0.0066459341906011105
14471,0.006645926274359226
14472,0.006645915098488331
14473,0.006645898800343275
14474,0.006645889021456242
14475,0.0066458797082304955
14476,0.006645865738391876
14477,0.006645860616117716
14478,0.006645855959504843
14479,0.006645847111940384
14480,0.006645838730037212
14481,0.006645833142101765
14482,0.006645825691521168
14483,0.006645823363214731
14484,0.006645816843956709
14485,0.006645806133747101
14486,0.0066457949578762054
14487,0.006645788438618183
14488,0.006645785644650459
14489,0.006645780988037586
14490,0.006645765155553818
14491,0.006645755842328072
14492,0.006645750720053911
14493,0.006645744200795889
14494,0.006645734887570143
14495,0.006645731162279844
14496,0.006645725108683109
14497,0.006645715329796076
14498,0.00664570601657033
14499,0.0066456981003284454
14500,0.006645694840699434
14501,0.006645688321441412
14502,0.006645683199167252
14503,0.006645683199167252
14504,0.006645687390118837
14505,0.006645688787102699
14506,0.006645692978054285
14507,0.0066457102075219154
14508,0.0066457223147153854
14509,0.006645730696618557
14510,0.006645726040005684
14511,0.006645718589425087
14512,0.006645696237683296
14513,0.006645664572715759
14514,0.006645627785474062
14515,0.006645602639764547
14516,0.006645583547651768
14517,0.006645569112151861
14518,0.0066455695778131485
14519,0.006645570509135723
14520,0.006645564921200275
14521,0.006645559798926115
14522,0.006645545829087496
14523,0.006645535118877888
14524,0.006645521614700556
14525,0.006645516958087683
14526,0.006645503453910351
14527,0.00664549320936203
14528,0.006645491346716881
14529,0.006645483896136284
14530,0.00664547411724925
14531,0.006645468529313803
14532,0.006645461078733206
14533,0.00664544990286231
14534,0.006645447574555874
14535,0.0066454363986849785
14536,0.006645426154136658
14537,0.006645423825830221
14538,0.006645421497523785
14539,0.006645414978265762
14540,0.006645402871072292
14541,0.006645398214459419
14542,0.0066453940235078335
14543,0.006645388435572386
14544,0.006645377725362778
14545,0.00664536701515317
14546,0.006645361427217722
14547,0.006645353510975838
14548,0.006645340006798506
14549,0.0066453334875404835
14550,0.006645325571298599
14551,0.006645315792411566
14552,0.006645312532782555
14553,0.006645305082201958
14554,0.006645299959927797
14555,0.0066452957689762115
14556,0.0066452925093472
14557,0.006645286455750465
14558,0.006645277142524719
14559,0.0066452668979763985
14560,0.006645251531153917
14561,0.006645246408879757
14562,0.006645240820944309
14563,0.006645231042057276
14564,0.006645225454121828
14565,0.006645218934863806
14566,0.0066452110186219215
14567,0.006645201705396175
14568,0.0066451942548155785
14569,0.006645184475928545
14570,0.00664517842233181
14571,0.0066451714374125
14572,0.00664516119286418
14573,0.00664515420794487
14574,0.0066451504826545715
14575,0.006645143497735262
14576,0.00664513511583209
14577,0.006645127199590206
14578,0.006645122077316046
14579,0.006645111367106438
14580,0.006645102985203266
14581,0.006645096931606531
14582,0.006645087618380785
14583,0.006645083427429199
14584,0.006645078305155039
14585,0.00664506945759058
14586,0.006645060144364834
14587,0.006645051762461662
14588,0.006645047105848789
14589,0.006645043380558491
14590,0.0066450368613004684
14591,0.006645030342042446
14592,0.0066450308077037334
14593,0.0066450247541069984
14594,0.0066450173035264015
14595,0.006645007058978081
14596,0.0066450005397200584
14597,0.0066449916921556
14598,0.006644985172897577
14599,0.0066449749283492565
14600,0.006644961889833212
14601,0.006644958630204201
14602,0.006644951645284891
14603,0.0066449386067688465
14604,0.006644926033914089
14605,0.006644918583333492
14606,0.006644909735769033
14607,0.006644906476140022
14608,0.006644901819527149
14609,0.006644891574978828
14610,0.006644882261753082
14611,0.0066448780708014965
14612,0.006644872948527336
14613,0.006644871551543474
14614,0.006644865032285452
14615,0.006644865032285452
14616,0.0066448659636080265
14617,0.006644865032285452
14618,0.006644855719059706
14619,0.006644850596785545
14620,0.00664485152810812
14621,0.006644845474511385
14622,0.00664483942091465
14623,0.00664483429864049
14624,0.006644831970334053
14625,0.006644825451076031
14626,0.006644809618592262
14627,0.00664479611441493
14628,0.006644777487963438
14629,0.0066447569988667965
14630,0.006644742097705603
14631,0.006644728593528271
14632,0.006644720211625099
14633,0.00664471136406064
14634,0.006644700653851032
14635,0.006644691340625286
14636,0.006644685287028551
14637,0.006644679233431816
14638,0.006644669454544783
14639,0.0066446647979319096
14640,0.006644655484706163
14641,0.00664465082809329
14642,0.006644642911851406
14643,0.006644634064286947
14644,0.006644627079367638
14645,0.00664462149143219
14646,0.006644612178206444
14647,0.00664460938423872
14648,0.006644604727625847
14649,0.006644594948738813
14650,0.006644589826464653
14651,0.006644577719271183
14652,0.0066445693373680115
14653,0.006644562818109989
14654,0.006644554436206818
14655,0.006644545588642359
14656,0.006644535809755325
14657,0.006644529290497303
14658,0.00664452463388443
14659,0.006644522771239281
14660,0.006644520442932844
14661,0.006644519977271557
14662,0.006644512992352247
14663,0.006644506938755512
14664,0.006644512061029673
14665,0.0066445074044167995
14666,0.006644490174949169
14667,0.006644493900239468
14668,0.006644490174949169
14669,0.006644478999078274
14670,0.006644461303949356
14671,0.0066444482654333115
14672,0.006644431035965681
14673,0.00664442079141736
14674,0.0066444105468690395
14675,0.006644394714385271
14676,0.006644390989094973
14677,0.006644385866820812
14678,0.006644377019256353
14679,0.006644367706030607
14680,0.006644368637353182
14681,0.0066443681716918945
14682,0.006644359324127436
14683,0.006644355598837137
14684,0.006644343491643667
14685,0.006644336506724358
14686,0.006644328124821186
14687,0.006644313223659992
14688,0.006644304376095533
14689,0.006644293665885925
14690,0.006644289940595627
14691,0.006644281093031168
14692,0.0066442727111279964
14693,0.006644264794886112
14694,0.006644259672611952
14695,0.006644248962402344
14696,0.006644246634095907
14697,0.006644238717854023
14698,0.0066442363895475864
14699,0.006644235458225012
14700,0.006644237320870161
14701,0.00664423406124115
14702,0.0066442303359508514
14703,0.0066442242823541164
14704,0.006644208915531635
14705,0.006644196342676878
14706,0.006644187029451132
14707,0.006644172593951225
14708,0.006644160021096468
14709,0.006644147913902998
14710,0.006644135341048241
14711,0.006644132547080517
14712,0.006644127890467644
14713,0.006644119042903185
14714,0.006644109264016151
14715,0.006644103210419416
14716,0.006644092965871096
14717,0.0066440897062420845
14718,0.006644082255661488
14719,0.006644072476774454
14720,0.006644067820161581
14721,0.006644068751484156
14722,0.006644063163548708
14723,0.006644054781645536
14724,0.006644044071435928
14725,0.006644039880484343
14726,0.006644031964242458
14727,0.006644024513661861
14728,0.006644013337790966
14729,0.00664400402456522
14730,0.006643997970968485
14731,0.006643987260758877
14732,0.006643982138484716
14733,0.006643972359597683
14734,0.006643963046371937
14735,0.006643954664468765
14736,0.006643945816904306
14737,0.0066439430229365826
14738,0.006643938831984997
14739,0.0066439323127269745
14740,0.006643926724791527
14741,0.006643922068178654
14742,0.006643915083259344
14743,0.006643909029662609
14744,0.006643903907388449
14745,0.006643906235694885
14746,0.006643905770033598
14747,0.006643903907388449
14748,0.006643897388130426
14749,0.006643899716436863
14750,0.006643904838711023
14751,0.006643907632678747
14752,0.006643901579082012
14753,0.006643889471888542
14754,0.006643882021307945
14755,0.006643875036388636
14756,0.006643862929195166
14757,0.006643848493695259
14758,0.006643819622695446
14759,0.006643792148679495
14760,0.006643775850534439
14761,0.0066437628120183945
14762,0.006643753033131361
14763,0.006643748376518488
14764,0.006643743719905615
14765,0.006643735338002443
14766,0.006643727421760559
14767,0.0066437190398573875
14768,0.006643712520599365
14769,0.006643704138696194
14770,0.006643699016422033
14771,0.006643693428486586
14772,0.006643681786954403
14773,0.006643677596002817
14774,0.006643671542406082
14775,0.006643667817115784
14776,0.006643668748438358
14777,0.006643667351454496
14778,0.006643657106906176
14779,0.006643645465373993
14780,0.006643633358180523
14781,0.006643620319664478
14782,0.006643614731729031
14783,0.006643611937761307
14784,0.0066435993649065495
14785,0.006643595639616251
14786,0.006643594708293676
14787,0.006643584463745356
14788,0.006643579341471195
14789,0.006643566768616438
14790,0.006643559318035841
14791,0.0066435555927455425
14792,0.006643550004810095
14793,0.006643540225923061
14794,0.006643527187407017
14795,0.006643522065132856
14796,0.006643512286245823
14797,0.0066435025073587894
14798,0.0066434964537620544
14799,0.006643494125455618
14800,0.006643486674875021
14801,0.006643472705036402
14802,0.006643465720117092
14803,0.006643456872552633
14804,0.0066434540785849094
14805,0.0066434466280043125
14806,0.006643435452133417
14807,0.0066434345208108425
14808,0.006643427070230246
14809,0.006643417291343212
14810,0.006643407512456179
14811,0.006643397733569145
14812,0.006643388420343399
14813,0.006643377244472504
14814,0.006643370725214481
14815,0.0066433618776500225
14816,0.006643351167440414
14817,0.006643345579504967
14818,0.006643335800617933
14819,0.006643326953053474
14820,0.006643318105489016
14821,0.006643312517553568
14822,0.006643303204327822
14823,0.006643292494118214
14824,0.006643287837505341
14825,0.006643279921263456
14826,0.006643266882747412
14827,0.006643262226134539
14828,0.006643254309892654
14829,0.006643248721957207
14830,0.006643251981586218
14831,0.00664325337857008
14832,0.006643248721957207
14833,0.006643251050263643
14834,0.00664325337857008
14835,0.0066432468593120575
14836,0.00664324639365077
14837,0.006643247790634632
14838,0.006643243599683046
14839,0.0066432342864573
14840,0.006643218453973532
14841,0.006643213331699371
14842,0.006643195170909166
14843,0.006643173284828663
14844,0.006643150467425585
14845,0.006643128581345081
14846,0.0066431136801838875
14847,0.0066431001760065556
14848,0.0066430955193936825
14849,0.006643088534474373
14850,0.006643091328442097
14851,0.0066430894657969475
14852,0.0066430820152163506
14853,0.006643065717071295
14854,0.0066430531442165375
14855,0.0066430456936359406
14856,0.006643034052103758
14857,0.006643022410571575
14858,0.006643014959990978
14859,0.006643008440732956
14860,0.006643000524491072
14861,0.0066429986618459225
14862,0.006642994470894337
14863,0.006642991676926613
14864,0.006642994005233049
14865,0.006642988417297602
14866,0.006642976775765419
14867,0.006642961408942938
14868,0.006642948370426893
14869,0.006642931140959263
14870,0.006642920430749655
14871,0.0066429139114916325
14872,0.006642911117523909
14873,0.006642905529588461
14874,0.006642898544669151
14875,0.006642896682024002
14876,0.0066428896971046925
14877,0.006642879452556372
14878,0.006642872001975775
14879,0.006642856169492006
14880,0.00664284685626626
14881,0.006642837543040514
14882,0.006642830092459917
14883,0.006642821244895458
14884,0.006642809137701988
14885,0.006642806809395552
14886,0.006642800290137529
14887,0.006642793770879507
14888,0.006642788182944059
14889,0.006642777938395739
14890,0.006642763968557119
14891,0.006642759311944246
14892,0.006642752327024937
14893,0.006642739288508892
14894,0.006642734631896019
14895,0.006642731372267008
14896,0.006642722059041262
14897,0.006642710883170366
14898,0.006642703432589769
14899,0.0066426945850253105
14900,0.006642688065767288
14901,0.006642681080847979
14902,0.006642674095928669
14903,0.00664266524836421
14904,0.006642652675509453
14905,0.006642648950219154
14906,0.0066426414996385574
14907,0.006642632652074099
14908,0.006642625201493502
14909,0.006642618216574192
14910,0.006642608903348446
14911,0.006642600987106562
14912,0.006642593536525965
14913,0.0066425916738808155
14914,0.00664258748292923
14915,0.0066425856202840805
14916,0.006642580032348633
14917,0.006642576772719622
14918,0.006642574444413185
14919,0.006642559543251991
14920,0.006642551627010107
14921,0.006642547901719809
14922,0.006642533466219902
14923,0.006642524618655443
14924,0.00664251483976841
14925,0.006642511114478111
14926,0.006642498075962067
14927,0.006642484106123447
14928,0.006642476189881563
14929,0.0066424645483493805
14930,0.006642455700784922
14931,0.006642449181526899
14932,0.006642439868301153
14933,0.006642431486397982
14934,0.006642424967139959
14935,0.00664241798222065
14936,0.006642413791269064
14937,0.006642403546720743
14938,0.006642400752753019
14939,0.006642390973865986
14940,0.006642382591962814
14941,0.006642377004027367
14942,0.006642370484769344
14943,0.006642363499850035
14944,0.006642352789640427
14945,0.006642347201704979
14946,0.006642344407737255
14947,0.006642329506576061
14948,0.006642321590334177
14949,0.006642315536737442
14950,0.006642305292189121
14951,0.00664229691028595
14952,0.006642294116318226
14953,0.006642293184995651
14954,0.00664228992536664
14955,0.006642282474786043
14956,0.006642285268753767
14957,0.006642288528382778
14958,0.006642297841608524
14959,0.00664230901747942
14960,0.0066423178650438786
14961,0.006642332300543785
14962,0.006642363034188747
14963,0.006642400287091732
14964,0.006642425432801247
14965,0.006642421241849661
14966,0.006642390973865986
14967,0.00664232624694705
14968,0.006642248015850782
14969,0.0066421846859157085
14970,0.006642159540206194
14971,0.006642175372689962
14972,0.006642189342528582
14973,0.006642187479883432
14974,0.0066421739757061005
14975,0.006642143242061138
14976,0.006642110180109739
14977,0.006642103660851717
14978,0.006642116699367762
14979,0.006642128340899944
14980,0.006642126012593508
14981,0.006642105523496866
14982,0.006642085965722799
14983,0.006642064079642296
14984,0.006642061285674572
14985,0.0066420589573681355
14986,0.006642060354351997
14987,0.006642053835093975
14988,0.00664203567430377
14989,0.006642019376158714
14990,0.006642006803303957
14991,0.006642010062932968
14992,0.006642012391239405
14993,0.0066419984214007854
14994,0.006641981191933155
14995,0.006641970481723547
14996,0.0066419620998203754
14997,0.00664196303114295
14998,0.006641962565481663
14999,0.006641953717917204
15000,0.0066419425420463085
15001,0.006641927640885115
15002,0.006641920655965805
15003,0.006641915533691645
15004,0.006641910877078772
15005,0.006641913205385208
15006,0.006641902960836887
15007,0.006641898769885302
15008,0.0066418820060789585
15009,0.006641870364546776
15010,0.006641866639256477
15011,0.006641860585659742
15012,0.006641858257353306
15013,0.006641850806772709
15014,0.006641843821853399
15015,0.006641832180321217
15016,0.006641820073127747
15017,0.006641819141805172
15018,0.006641810759902
15019,0.00664180563762784
15020,0.006641802843660116
15021,0.006641790270805359
15022,0.006641780026257038
15023,0.00664177443832159
15024,0.006641770247370005
15025,0.006641758140176535
15026,0.006641751155257225
15027,0.00664174510166049
15028,0.006641733925789595
15029,0.0066417306661605835
15030,0.006641726475208998
15031,0.006641719024628401
15032,0.006641707848757505
15033,0.00664170365780592
15034,0.0066416943445801735
15035,0.006641691084951162
15036,0.006641681306064129
15037,0.006641670595854521
15038,0.006641665939241648
15039,0.006641655694693327
15040,0.006641651038080454
15041,0.006641644053161144
15042,0.006641642190515995
15043,0.006641632877290249
15044,0.006641622632741928
15045,0.0066416156478226185
15046,0.006641604006290436
15047,0.0066415960900485516
15048,0.0066415900364518166
15049,0.0066415853798389435
15050,0.0066415779292583466
15051,0.006641573738306761
15052,0.00664156349375844
15053,0.006641556043177843
15054,0.006641545798629522
15055,0.006641541142016649
15056,0.006641537882387638
15057,0.00664152717217803
15058,0.00664152204990387
15059,0.006641513668000698
15060,0.006641507614403963
15061,0.006641501560807228
15062,0.006641493644565344
15063,0.0066414871253073215
15064,0.00664147874340415
15065,0.006641466170549393
15066,0.006641463376581669
15067,0.006641461048275232
15068,0.0066414522007107735
15069,0.00664144242182374
15070,0.0066414386965334415
15071,0.006641435902565718
15072,0.006641429383307695
15073,0.006641420070081949
15074,0.006641405634582043
15075,0.0066413963213562965
15076,0.006641393527388573
15077,0.006641383282840252
15078,0.006641376297920942
15079,0.0066413721069693565
15080,0.00664136279374361
15081,0.006641353480517864
15082,0.006641351617872715
15083,0.0066413478925824165
15084,0.006641336251050234
15085,0.006641320884227753
15086,0.006641321815550327
15087,0.006641315761953592
15088,0.0066412994638085365
15089,0.006641296669840813
15090,0.0066412887535989285
15091,0.00664127990603447
15092,0.006641276180744171
15093,0.006641268264502287
15094,0.006641260348260403
15095,0.006641250569373369
15096,0.00664124358445406
15097,0.006641237065196037
15098,0.006641232408583164
15099,0.006641232408583164
15100,0.006641230080276728
15101,0.00664122449234128
15102,0.00664121238514781
15103,0.0066412054002285
15104,0.0066411965526640415
15105,0.006641185376793146
15106,0.0066411783918738365
15107,0.006641164887696505
15108,0.006641156505793333
15109,0.006641152780503035
15110,0.006641145795583725
15111,0.006641137879341841
15112,0.00664112763479352
15113,0.0066411192528903484
15114,0.006641112733632326
15115,0.006641103886067867
15116,0.006641095969825983
15117,0.006641087122261524
15118,0.006641080603003502
15119,0.006641074549406767
15120,0.006641068495810032
15121,0.0066410633735358715
15122,0.006641055922955275
15123,0.0066410512663424015
15124,0.0066410391591489315
15125,0.0066410270519554615
15126,0.00664102379232645
15127,0.006641014013439417
15128,0.006641009356826544
15129,0.006641004700213671
15130,0.00664099957793951
15131,0.00664098933339119
15132,0.00664097722619772
15133,0.006640972103923559
15134,0.006640962325036526
15135,0.006640950683504343
15136,0.006640943698585033
15137,0.006640937179327011
15138,0.006640929263085127
15139,0.00664092181250453
15140,0.006640915758907795
15141,0.006640917621552944
15142,0.006640913896262646
15143,0.0066409059800207615
15144,0.006640905048698187
15145,0.00664090272039175
15146,0.006640898063778877
15147,0.006640888284891844
15148,0.0066408864222466946
15149,0.0066408864222466946
15150,0.006640876643359661
15151,0.006640865467488766
15152,0.006640855688601732
15153,0.0066408575512468815
15154,0.006640848238021135
15155,0.0066408319398760796
15156,0.006640832871198654
15157,0.006640825420618057
15158,0.006640813313424587
15159,0.00664080074056983
15160,0.006640786305069923
15161,0.0066407714039087296
15162,0.006640756968408823
15163,0.006640749983489513
15164,0.006640744395554066
15165,0.006640729960054159
15166,0.006640723440796137
15167,0.006640717852860689
15168,0.006640712730586529
15169,0.0066407062113285065
15170,0.006640694569796324
15171,0.0066406866535544395
15172,0.0066406759433448315
15173,0.006640673615038395
15174,0.006640673615038395
15175,0.006640665233135223
15176,0.006640659179538488
15177,0.006640654988586903
15178,0.006640650797635317
15179,0.006640646141022444
15180,0.0066406382247805595
15181,0.006640630774199963
15182,0.0066406261175870895
15183,0.006640616338700056
15184,0.006640605628490448
15185,0.0066405958496034145
15186,0.006640585605055094
15187,0.006640569772571325
15188,0.00664055859670043
15189,0.006640556268393993
15190,0.0066405488178133965
15191,0.00664053950458765
15192,0.006640536244958639
15193,0.006640525069087744
15194,0.006640514824539423
15195,0.006640508770942688
15196,0.006640502251684666
15197,0.006640493404120207
15198,0.0066404868848621845
15199,0.006640483159571886
15200,0.006640478037297726
15201,0.006640467792749405
15202,0.006640457082539797
15203,0.00664045475423336
15204,0.0066404459066689014
15205,0.0066404337994754314
15206,0.006640431005507708
15207,0.006640422157943249
15208,0.006640414707362652
15209,0.006640409119427204
15210,0.006640404928475618
15211,0.006640394683927298
15212,0.006640387699007988
15213,0.006640389561653137
15214,0.006640380714088678
15215,0.006640376057475805
15216,0.0066403732635080814
15217,0.006640369538217783
15218,0.006640362087637186
15219,0.006640356034040451
15220,0.006640348117798567
15221,0.006640336476266384
15222,0.006640332285314798
15223,0.006640330422669649
15224,0.0066403234377503395
15225,0.006640315055847168
15226,0.006640303414314985
15227,0.006640308536589146
15228,0.00664030434563756
15229,0.006640295032411814
15230,0.006640281993895769
15231,0.006640280596911907
15232,0.006640276871621609
15233,0.006640272215008736
15234,0.006640274077653885
15235,0.006640272680670023
15236,0.0066402750089764595
15237,0.006640282459557056
15238,0.006640280596911907
15239,0.006640271749347448
15240,0.006640250328928232
15241,0.006640226114541292
15242,0.006640205159783363
15243,0.006640186533331871
15244,0.006640168372541666
15245,0.006640150211751461
15246,0.006640139501541853
15247,0.00664013484492898
15248,0.006640125066041946
15249,0.006640125531703234
15250,0.006640121340751648
15251,0.006640113890171051
15252,0.006640102248638868
15253,0.00664009153842926
15254,0.006640089675784111
15255,0.006640078499913216
15256,0.006640063598752022
15257,0.0066400570794939995
15258,0.006640050560235977
15259,0.0066400449723005295
15260,0.006640039384365082
15261,0.0066400375217199326
15262,0.006640028208494186
15263,0.006640018429607153
15264,0.00664001377299428
15265,0.006640005856752396
15266,0.0066399946808815
15267,0.00663998955860734
15268,0.006639982108026743
15269,0.0066399783827364445
15270,0.0066399662755429745
15271,0.00663995835930109
15272,0.006639956496655941
15273,0.0066399481147527695
15274,0.006639938335865736
15275,0.006639926694333553
15276,0.006639925763010979
15277,0.006639915984123945
15278,0.006639911327511072
15279,0.006639906205236912
15280,0.006639896426349878
15281,0.006639888975769281
15282,0.006639883387833834
15283,0.006639876402914524
15284,0.006639865227043629
15285,0.00663985637947917
15286,0.006639850791543722
15287,0.006639839615672827
15288,0.006639834027737379
15289,0.0066398256458342075
15290,0.00663982005789876
15291,0.006639812141656876
15292,0.006639806553721428
15293,0.006639799103140831
15294,0.0066397907212376595
15295,0.006639787461608648
15296,0.00663978373631835
15297,0.006639777682721615
15298,0.006639780476689339
15299,0.006639779545366764
15300,0.006639778148382902
15301,0.0066397711634635925
15302,0.00663977675139904
15303,0.006639779545366764
15304,0.006639775820076466
15305,0.006639780011028051
15306,0.006639781408011913
15307,0.006639779545366764
15308,0.006639770697802305
15309,0.0066397543996572495
15310,0.006639735773205757
15311,0.0066397106274962425
15312,0.006639698054641485
15313,0.006639680825173855
15314,0.006639658007770777
15315,0.006639646366238594
15316,0.006639639846980572
15317,0.006639633793383837
15318,0.0066396314650774
15319,0.006639630533754826
15320,0.006639617960900068
15321,0.006639602594077587
15322,0.006639600731432438
15323,0.006639590486884117
15324,0.006639573257416487
15325,0.006639569066464901
15326,0.006639566272497177
15327,0.006639563478529453
15328,0.006639555096626282
15329,0.006639544386416674
15330,0.006639536004513502
15331,0.006639527156949043
15332,0.006639519706368446
15333,0.006639512721449137
15334,0.00663950527086854
15335,0.006639499217271805
15336,0.006639488041400909
15337,0.006639483384788036
15338,0.006639479659497738
15339,0.006639471277594566
15340,0.006639462895691395
15341,0.006639459636062384
15342,0.006639452185481787
15343,0.006639446131885052
15344,0.006639436818659306
15345,0.006639427505433559
15346,0.006639417726546526
15347,0.006639406550675631
15348,0.006639405153691769
15349,0.006639400031417608
15350,0.0066393897868692875
15351,0.006639383267611265
15352,0.0066393776796758175
15353,0.006639367900788784
15354,0.0066393595188856125
15355,0.006639355793595314
15356,0.006639350205659866
15357,0.006639341823756695
15358,0.006639336701482534
15359,0.006639330647885799
15360,0.006639322731643915
15361,0.006639313884079456
15362,0.0066393050365149975
15363,0.006639294791966677
15364,0.006639285944402218
15365,0.006639282219111919
15366,0.006639275699853897
15367,0.0066392687149345875
15368,0.006639264523983002
15369,0.006639260333031416
15370,0.0066392566077411175
15371,0.006639249622821808
15372,0.0066392431035637856
15373,0.006639247294515371
15374,0.006639252882450819
15375,0.0066392491571605206
15376,0.006639246828854084
15377,0.00663924403488636
15378,0.006639242172241211
15379,0.006639233790338039
15380,0.006639224011451006
15381,0.006639221683144569
15382,0.006639217492192984
15383,0.006639201659709215
15384,0.0066391839645802975
15385,0.006639169063419104
15386,0.00663915928453207
15387,0.006639145780354738
15388,0.006639126688241959
15389,0.006639108527451754
15390,0.006639101076871157
15391,0.006639095023274422
15392,0.006639095488935709
15393,0.006639094557613134
15394,0.006639088504016399
15395,0.006639078259468079
15396,0.006639075931161642
15397,0.006639066617935896
15398,0.00663905730471015
15399,0.00663905031979084
15400,0.006639039143919945
15401,0.0066390372812747955
15402,0.006639027502387762
15403,0.006639020051807165
15404,0.006639007478952408
15405,0.006639000028371811
15406,0.006638988386839628
15407,0.0066389827989041805
15408,0.0066389767453074455
15409,0.006638967432081699
15410,0.006638961844146252
15411,0.006638955324888229
15412,0.006638948805630207
15413,0.006638938095420599
15414,0.006638931110501289
15415,0.0066389236599206924
15416,0.0066389176063239574
15417,0.006638908758759499
15418,0.00663889991119504
15419,0.006638893857598305
15420,0.006638886407017708
15421,0.006638880353420973
15422,0.006638872902840376
15423,0.006638864986598492
15424,0.0066388570703566074
15425,0.006638850551098585
15426,0.006638845894485712
15427,0.0066388389095664024
15428,0.0066388314589858055
15429,0.006638829130679369
15430,0.006638824474066496
15431,0.006638814229518175
15432,0.006638809107244015
15433,0.006638799794018269
15434,0.00663879094645381
15435,0.006638781633228064
15436,0.00663877185434103
15437,0.006638769991695881
15438,0.006638767197728157
15439,0.006638757884502411
15440,0.006638746242970228
15441,0.0066387406550347805
15442,0.006638734135776758
15443,0.006638722028583288
15444,0.006638713646680117
15445,0.006638707593083382
15446,0.00663869921118021
15447,0.00663869408890605
15448,0.006638685241341591
15449,0.006638678722083569
15450,0.006638672202825546
15451,0.006638668943196535
15452,0.00663866987451911
15453,0.006638671737164259
15454,0.006638674531131983
15455,0.006638676393777132
15456,0.006638683378696442
15457,0.006638684310019016
15458,0.006638688035309315
15459,0.006638697814196348
15460,0.006638712249696255
15461,0.006638714578002691
15462,0.006638708990067244
15463,0.006638706661760807
15464,0.006638692691922188
15465,0.006638679653406143
15466,0.006638647988438606
15467,0.006638607010245323
15468,0.006638569291681051
15469,0.006638545077294111
15470,0.006638526916503906
15471,0.0066385213285684586
15472,0.006638525053858757
15473,0.006638527847826481
15474,0.006638524122536182
15475,0.0066385152749717236
15476,0.006638502236455679
15477,0.006638485938310623
15478,0.0066384728997945786
15479,0.006638465914875269
15480,0.006638458464294672
15481,0.006638449616730213
15482,0.006638446822762489
15483,0.0066384440287947655
15484,0.006638434249907732
15485,0.006638431455940008
15486,0.006638423074036837
15487,0.006638414226472378
15488,0.006638406775891781
15489,0.0066383956000208855
15490,0.006638386752456427
15491,0.006638383027166128
15492,0.006638381164520979
15493,0.006638378836214542
15494,0.006638378370553255
15495,0.006638370919972658
15496,0.00663836020976305
15497,0.00663834810256958
15498,0.006638334598392248
15499,0.0066383229568600655
15500,0.006638319231569767
15501,0.006638308055698872
15502,0.006638302933424711
15503,0.006638301070779562
15504,0.006638293154537678
15505,0.006638285703957081
15506,0.006638274993747473
15507,0.006638267543166876
15508,0.006638257764279842
15509,0.0066382549703121185
15510,0.006638248451054096
15511,0.00663823913782835
15512,0.00663823401555419
15513,0.006638226564973593
15514,0.006638223771005869
15515,0.006638212129473686
15516,0.006638205610215664
15517,0.006638203747570515
15518,0.006638193503022194
15519,0.006638183258473873
15520,0.006638180464506149
15521,0.006638174410909414
15522,0.006638161838054657
15523,0.006638157181441784
15524,0.006638152524828911
15525,0.006638146471232176
15526,0.006638139020651579
15527,0.006638126447796822
15528,0.006638122256845236
15529,0.006638115271925926
15530,0.0066381036303937435
15531,0.006638098042458296
15532,0.006638092454522848
15533,0.006638086400926113
15534,0.006638075225055218
15535,0.0066380673088133335
15536,0.006638063583523035
15537,0.0066380552016198635
15538,0.006638046354055405
15539,0.00663803843781352
15540,0.006638031452894211
15541,0.006638025864958763
15542,0.00663801608607173
15543,0.006638007704168558
15544,0.006638007238507271
15545,0.006638008169829845
15546,0.006637997459620237
15547,0.006637986283749342
15548,0.006637981161475182
15549,0.006637971848249435
15550,0.006637957878410816
15551,0.00663794344291091
15552,0.00663794158026576
15553,0.006637932267040014
15554,0.006637923419475555
15555,0.006637914571911097
15556,0.006637908518314362
15557,0.006637901999056339
15558,0.006637890823185444
15559,0.006637882441282272
15560,0.006637872662395239
15561,0.006637868005782366
15562,0.006637858226895332
15563,0.006637853570282459
15564,0.0066378479823470116
15565,0.0066378372721374035
15566,0.00663783261552453
15567,0.00663782050833106
15568,0.006637816317379475
15569,0.006637811195105314
15570,0.0066378009505569935
15571,0.006637791637331247
15572,0.006637783721089363
15573,0.0066377767361700535
15574,0.006637768819928169
15575,0.00663775997236371
15576,0.0066377525217831135
15577,0.006637748330831528
15578,0.006637739948928356
15579,0.006637727841734886
15580,0.0066377208568155766
15581,0.006637724116444588
15582,0.006637722719460726
15583,0.006637712474912405
15584,0.0066377101466059685
15585,0.006637710612267256
15586,0.006637705489993095
15587,0.006637711077928543
15588,0.00663771154358983
15589,0.006637712474912405
15590,0.006637716665863991
15591,0.006637721322476864
15592,0.00663773063570261
15593,0.006637736689299345
15594,0.006637746933847666
15595,0.0066377571783959866
15596,0.006637759506702423
15597,0.006637740880250931
15598,0.006637705489993095
15599,0.00663765287026763
15600,0.006637610495090485
15601,0.006637577898800373
15602,0.006637559738010168
15603,0.00663755415007472
15604,0.006637552287429571
15605,0.006637552287429571
15606,0.006637548096477985
15607,0.006637535989284515
15608,0.006637525744736195
15609,0.006637511309236288
15610,0.006637502461671829
15611,0.006637489423155785
15612,0.006637484300881624
15613,0.006637479644268751
15614,0.00663747638463974
15615,0.006637465208768845
15616,0.006637453101575375
15617,0.0066374437883496284
15618,0.006637435406446457
15619,0.006637428887188435
15620,0.006637420505285263
15621,0.00663741584867239
15622,0.006637409329414368
15623,0.00663739675655961
15624,0.006637392565608025
15625,0.006637380458414555
15626,0.006637379992753267
15627,0.006637373007833958
15628,0.006637364160269499
15629,0.006637357175350189
15630,0.006637349259108305
15631,0.0066373408772051334
15632,0.0066373348236083984
15633,0.0066373287700116634
15634,0.006637318059802055
15635,0.006637311540544033
15636,0.006637302227318287
15637,0.006637295708060265
15638,0.006637286394834518
15639,0.006637281738221645
15640,0.006637276615947485
15641,0.00663727056235075
15642,0.006637261249125004
15643,0.006637251004576683
15644,0.00663724634796381
15645,0.006637238431721926
15646,0.006637231912463903
15647,0.00663722911849618
15648,0.0066372244618833065
15649,0.006637212820351124
15650,0.00663720490410924
15651,0.0066372002474963665
15652,0.006637189537286758
15653,0.006637180224061012
15654,0.006637176498770714
15655,0.0066371760331094265
15656,0.006637172773480415
15657,0.006637166254222393
15658,0.006637154147028923
15659,0.006637149024754763
15660,0.006637141574174166
15661,0.006637126673012972
15662,0.006637114100158215
15663,0.006637109909206629
15664,0.006637102458626032
15665,0.006637097802013159
15666,0.00663709593936801
15667,0.006637087091803551
15668,0.006637081038206816
15669,0.006637076381593943
15670,0.0066370731219649315
15671,0.006637064274400473
15672,0.006637049373239279
15673,0.006637040991336107
15674,0.006637030281126499
15675,0.00663701631128788
15676,0.006637003738433123
15677,0.006637002341449261
15678,0.0066369990818202496
15679,0.006636986043304205
15680,0.006636977661401033
15681,0.006636971607804298
15682,0.006636966951191425
15683,0.006636953912675381
15684,0.00663694366812706
15685,0.006636934354901314
15686,0.006636935286223888
15687,0.006636922713369131
15688,0.006636914797127247
15689,0.006636906415224075
15690,0.006636899430304766
15691,0.006636890582740307
15692,0.006636886391788721
15693,0.0066368794068694115
15694,0.006636866368353367
15695,0.006636852398514748
15696,0.006636844482272863
15697,0.006636837963014841
15698,0.006636828649789095
15699,0.006636815145611763
15700,0.0066368114203214645
15701,0.006636801641434431
15702,0.006636792793869972
15703,0.0066367872059345245
15704,0.0066367764957249165
15705,0.006636767648160458
15706,0.006636759731918573
15707,0.006636753678321838
15708,0.006636739708483219
15709,0.006636731326580048
15710,0.006636727601289749
15711,0.006636717356741428
15712,0.006636704318225384
15713,0.006636702921241522
15714,0.0066367038525640965
15715,0.0066366903483867645
15716,0.006636681500822306
15717,0.006636681035161018
15718,0.006636677775532007
15719,0.0066366796381771564
15720,0.0066366721875965595
15721,0.006636669859290123
15722,0.006636667996644974
15723,0.006636669859290123
15724,0.006636659614741802
15725,0.006636647507548332
15726,0.006636642385274172
15727,0.006636634003371
15728,0.006636627018451691
15729,0.006636618636548519
15730,0.006636598147451878
15731,0.0066365813836455345
15732,0.006636568810790777
15733,0.006636547856032848
15734,0.006636529695242643
15735,0.006636522710323334
15736,0.006636515725404024
15737,0.00663650780916214
15738,0.006636503152549267
15739,0.006636491976678371
15740,0.006636489648371935
15741,0.006636482663452625
15742,0.006636467762291431
15743,0.006636454723775387
15744,0.006636447738856077
15745,0.006636439822614193
15746,0.0066364300437271595
15747,0.006636419799178839
15748,0.006636413745582104
15749,0.006636408623307943
15750,0.00663639884442091
15751,0.006636390462517738
15752,0.006636380683630705
15753,0.006636373698711395
15754,0.006636369042098522
15755,0.006636358797550201
15756,0.006636354606598616
15757,0.006636351812630892
15758,0.006636343896389008
15759,0.006636329460889101
15760,0.006636320147663355
15761,0.0066363136284053326
15762,0.006636310834437609
15763,0.006636302452534437
15764,0.006636293139308691
15765,0.0066362894140183926
15766,0.006636282429099083
15767,0.006636269390583038
15768,0.006636263336986303
15769,0.00663625355809927
15770,0.0066362409852445126
15771,0.006636228412389755
15772,0.006636220961809158
15773,0.006636212579905987
15774,0.0066362046636641026
15775,0.00663619814440608
15776,0.006636188365519047
15777,0.0066361818462610245
15778,0.006636175327003002
15779,0.006636171601712704
15780,0.00663616880774498
15781,0.006636160425841808
15782,0.006636151112616062
15783,0.006636150646954775
15784,0.006636143196374178
15785,0.006636136211454868
15786,0.006636126432567835
15787,0.006636117585003376
15788,0.0066361031495034695
15789,0.006636098958551884
15790,0.006636088248342276
15791,0.006636076141148806
15792,0.006636071018874645
15793,0.006636058911681175
15794,0.0066360486671328545
15795,0.0066360426135361195
15796,0.0066360365599393845
15797,0.0066360305063426495
15798,0.0066360244527459145
15799,0.006636017467826605
15800,0.006636011879891157
15801,0.006636005360633135
15802,0.0066360048949718475
15803,0.0066359993070364
15804,0.006635996047407389
15805,0.006636001635342836
15806,0.006636008154600859
15807,0.006636006757616997
15808,0.006636008620262146
15809,0.006636018864810467
15810,0.0066360286436975
15811,0.0066360351629555225
15812,0.006636043544858694
15813,0.006636046338826418
15814,0.006636034231632948
15815,0.006636002566665411
15816,0.006635959725826979
15817,0.006635910831391811
15818,0.0066358717158436775
15819,0.00663585402071476
15820,0.0066358549520373344
15821,0.006635857746005058
15822,0.006635860074311495
15823,0.0066358488984405994
15824,0.0066358307376503944
15825,0.006635818164795637
15826,0.006635804194957018
15827,0.006635791622102261
15828,0.006635793950408697
15829,0.006635789293795824
15830,0.006635781843215227
15831,0.006635776720941067
15832,0.006635765079408884
15833,0.006635748315602541
15834,0.006635746918618679
15835,0.006635741796344519
15836,0.00663572596386075
15837,0.006635722238570452
15838,0.006635717581957579
15839,0.006635709200054407
15840,0.006635699421167374
15841,0.006635692901909351
15842,0.006635686848312616
15843,0.006635678932070732
15844,0.006635669618844986
15845,0.006635663099586964
15846,0.00663565332069993
15847,0.006635644007474184
15848,0.006635635159909725
15849,0.006635633762925863
15850,0.006635628174990416
15851,0.006635618396103382
15852,0.006635608617216349
15853,0.006635598372668028
15854,0.0066355932503938675
15855,0.006635588593780994
15856,0.006635578349232674
15857,0.006635571364313364
15858,0.00663556857034564
15859,0.006635560654103756
15860,0.00663555134087801
15861,0.006635542958974838
15862,0.006635533180087805
15863,0.006635528523474932
15864,0.006635521072894335
15865,0.006635514087975025
15866,0.0066355085000395775
15867,0.0066355010494589806
15868,0.006635494530200958
15869,0.006635488476604223
15870,0.006635482423007488
15871,0.006635472644120455
15872,0.006635463330894709
15873,0.006635452155023813
15874,0.006635444238781929
15875,0.006635434925556183
15876,0.006635425612330437
15877,0.006635416764765978
15878,0.006635409314185381
15879,0.006635403726249933
15880,0.006635394878685474
15881,0.00663538696244359
15882,0.006635380908846855
15883,0.006635371129959822
15884,0.006635365542024374
15885,0.006635359022766352
15886,0.006635350175201893
15887,0.006635342724621296
15888,0.006635335739701986
15889,0.006635325029492378
15890,0.006635321769863367
15891,0.00663531431928277
15892,0.006635305937379599
15893,0.006635297555476427
15894,0.006635293364524841
15895,0.0066352905705571175
15896,0.006635280791670084
15897,0.006635279394686222
15898,0.006635280791670084
15899,0.006635274738073349
15900,0.006635261699557304
15901,0.006635251920670271
15902,0.006635250523686409
15903,0.006635238416492939
15904,0.006635230500251055
15905,0.006635221652686596
15906,0.006635211408138275
15907,0.006635195575654507
15908,0.006635189987719059
15909,0.006635182537138462
15910,0.006635166238993406
15911,0.006635162513703108
15912,0.006635155528783798
15913,0.006635147612541914
15914,0.006635146681219339
15915,0.006635142490267754
15916,0.006635133642703295
15917,0.006635125260800123
15918,0.006635113153606653
15919,0.006635104306042194
15920,0.0066350954584777355
15921,0.006635088007897139
15922,0.006635085213929415
15923,0.006635075900703669
15924,0.0066350665874779224
15925,0.0066350605338811874
15926,0.006635049358010292
15927,0.006635047495365143
15928,0.00663504796102643
15929,0.006635038182139397
15930,0.006635027937591076
15931,0.006635024677962065
15932,0.006635014433413744
15933,0.006635013502091169
15934,0.0066350121051073074
15935,0.00663501163944602
15936,0.006635005585849285
15937,0.006635000929236412
15938,0.006634993478655815
15939,0.006634992081671953
15940,0.006634987890720367
15941,0.00663498230278492
15942,0.00663497531786561
15943,0.006634969729930162
15944,0.006634959019720554
15945,0.006634951569139957
15946,0.006634948775172234
15947,0.006634936202317476
15948,0.006634914316236973
15949,0.006634901277720928
15950,0.006634881719946861
15951,0.006634865887463093
15952,0.006634858436882496
15953,0.006634846329689026
15954,0.006634843070060015
15955,0.006634840741753578
15956,0.006634832359850407
15957,0.00663482490926981
15958,0.0066348179243505
15959,0.006634813267737627
15960,0.006634803023189306
15961,0.006634788122028112
15962,0.006634784862399101
15963,0.006634781137108803
15964,0.006634778808802366
15965,0.006634774152189493
15966,0.006634770426899195
15967,0.00663476949557662
15968,0.006634759716689587
15969,0.006634756922721863
15970,0.006634747609496117
15971,0.006634729448705912
15972,0.006634715478867292
15973,0.006634704302996397
15974,0.006634697783738375
15975,0.006634689401835203
15976,0.006634681485593319
15977,0.0066346703097224236
15978,0.0066346656531095505
15979,0.006634657271206379
15980,0.006634654011577368
15981,0.006634646560996771
15982,0.006634634919464588
15983,0.0066346293315291405
15984,0.006634625140577555
15985,0.006634620018303394
15986,0.0066346097737550735
15987,0.006634602323174477
15988,0.00663459487259388
15989,0.006634588353335857
15990,0.0066345757804811
15991,0.006634572986513376
15992,0.0066345687955617905
15993,0.006634554825723171
15994,0.006634547375142574
15995,0.006634548306465149
15996,0.006634544115513563
15997,0.0066345310769975185
15998,0.006634523160755634
15999,0.006634516175836325
16000,0.006634504068642855
16001,0.006634498480707407
16002,0.006634493824094534
16003,0.006634489167481661
16004,0.006634478457272053
16005,0.006634471006691456
16006,0.006634468212723732
16007,0.006634465418756008
16008,0.006634456571191549
16009,0.006634451914578676
16010,0.006634443532675505
16011,0.006634434685111046
16012,0.006634427234530449
16013,0.006634418852627277
16014,0.006634408142417669
16015,0.006634395569562912
16016,0.006634386721998453
16017,0.006634379271417856
16018,0.006634370889514685
16019,0.00663436483591795
16020,0.0066343555226922035
16021,0.006634347140789032
16022,0.006634339224547148
16023,0.006634332239627838
16024,0.0066343252547085285
16025,0.006634316872805357
16026,0.006634314078837633
16027,0.006634306628257036
16028,0.006634302902966738
16029,0.006634298246353865
16030,0.006634289398789406
16031,0.006634284742176533
16032,0.006634280551224947
16033,0.0066342768259346485
16034,0.0066342782229185104
16035,0.0066342782229185104
16036,0.006634277291595936
16037,0.006634279154241085
16038,0.006634286139160395
16039,0.0066343070939183235
16040,0.006634332239627838
16041,0.0066343736834824085
16042,0.006634409073740244
16043,0.0066344356164336205
16044,0.006634459365159273
16045,0.0066344779916107655
16046,0.006634449120610952
16047,0.006634376011788845
16048,0.006634267047047615
16049,0.006634169723838568
16050,0.00663413479924202
16051,0.006634169723838568
16052,0.006634211167693138
16053,0.006634197197854519
16054,0.006634160876274109
16055,0.006634118966758251
16056,0.006634100805968046
16057,0.00663411570712924
16058,0.006634129211306572
16059,0.006634112447500229
16060,0.006634081248193979
16061,0.006634059362113476
16062,0.006634059362113476
16063,0.006634053774178028
16064,0.00663405517116189
16065,0.006634050514549017
16066,0.006634035613387823
16067,0.0066340211778879166
16068,0.006634017452597618
16069,0.0066340090706944466
16070,0.006634006276726723
16071,0.006634000688791275
16072,0.006633984390646219
16073,0.006633974611759186
16074,0.006633969955146313
16075,0.006633964832872152
16076,0.006633957382291555
16077,0.00663395319133997
16078,0.006633944343775511
16079,0.006633932702243328
16080,0.006633926182985306
16081,0.006633920129388571
16082,0.006633916404098272
16083,0.006633906625211239
16084,0.006633901968598366
16085,0.006633895915001631
16086,0.0066338879987597466
16087,0.006633882410824299
16088,0.00663387356325984
16089,0.0066338651813566685
16090,0.006633862387388945
16091,0.006633854936808348
16092,0.006633843295276165
16093,0.006633838638663292
16094,0.0066338335163891315
16095,0.006633829325437546
16096,0.006633819546550512
16097,0.006633811630308628
16098,0.006633804179728031
16099,0.006633794866502285
16100,0.006633790675550699
16101,0.006633786018937826
16102,0.006633773911744356
16103,0.0066337669268250465
16104,0.0066337622702121735
16105,0.00663375249132514
16106,0.006633743178099394
16107,0.0066337380558252335
16108,0.006633735727518797
16109,0.006633727811276913
16110,0.006633717566728592
16111,0.0066337124444544315
16112,0.00663370406255126
16113,0.006633698474615812
16114,0.006633694749325514
16115,0.006633682642132044
16116,0.006633671931922436
16117,0.006633671000599861
16118,0.006633666343986988
16119,0.006633652374148369
16120,0.006633647717535496
16121,0.006633646786212921
16122,0.0066336411982774734
16123,0.006633632816374302
16124,0.006633624900132418
16125,0.0066336169838905334
16126,0.0066336072050035
16127,0.006633595563471317
16128,0.006633596494793892
16129,0.006633587181568146
16130,0.006633573677390814
16131,0.006633569020777941
16132,0.006633562035858631
16133,0.0066335564479231834
16134,0.00663354666903615
16135,0.006633540615439415
16136,0.006633536424487829
16137,0.00663352757692337
16138,0.006633520592004061
16139,0.006633514538407326
16140,0.00663350522518158
16141,0.006633503828197718
16142,0.006633499171584845
16143,0.006633484736084938
16144,0.00663348101079464
16145,0.006633474957197905
16146,0.00663346890360117
16147,0.006633462384343147
16148,0.006633453536778688
16149,0.00663344468921423
16150,0.006633435375988483
16151,0.006633426528424025
16152,0.006633420940488577
16153,0.006633415352553129
16154,0.006633412092924118
16155,0.006633405573666096
16156,0.006633394863456488
16157,0.006633386015892029
16158,0.006633374374359846
16159,0.006633371580392122
16160,0.006633370649069548
16161,0.006633363664150238
16162,0.006633354350924492
16163,0.006633344572037458
16164,0.006633338984102011
16165,0.0066333310678601265
16166,0.006633324548602104
16167,0.006633314304053783
16168,0.006633308250457048
16169,0.006633298005908728
16170,0.006633289624005556
16171,0.006633284501731396
16172,0.006633279379457235
16173,0.0066332733258605
16174,0.006633265409618616
16175,0.006633259356021881
16176,0.006633248180150986
16177,0.006633245386183262
16178,0.00663323700428009
16179,0.0066332328133285046
16180,0.0066332267597317696
16181,0.006633213255554438
16182,0.006633207201957703
16183,0.006633203011006117
16184,0.006633197423070669
16185,0.006633190903812647
16186,0.00663318345323205
16187,0.00663317646831274
16188,0.0066331662237644196
16189,0.006633155047893524
16190,0.006633153185248375
16191,0.00663314713165164
16192,0.006633135490119457
16193,0.006633127573877573
16194,0.006633122451603413
16195,0.006633116398006678
16196,0.006633106153458357
16197,0.006633105222135782
16198,0.006633096374571323
16199,0.006633083336055279
16200,0.006633079145103693
16201,0.0066330707632005215
16202,0.006633059587329626
16203,0.006633055862039328
16204,0.006633048411458731
16205,0.006633039563894272
16206,0.006633035372942686
16207,0.006633027922362089
16208,0.006633020006120205
16209,0.006633011624217033
16210,0.006633006036281586
16211,0.006632995791733265
16212,0.00663298973813653
16213,0.006632981356233358
16214,0.006632976699620485
16215,0.006632968783378601
16216,0.006632959004491568
16217,0.006632950622588396
16218,0.006632946897298098
16219,0.006632940843701363
16220,0.006632930599153042
16221,0.006632925011217594
16222,0.00663291709497571
16223,0.006632906850427389
16224,0.006632903125137091
16225,0.0066329012624919415
16226,0.006632897537201643
16227,0.006632891017943621
16228,0.006632884964346886
16229,0.006632882636040449
16230,0.0066328756511211395
16231,0.0066328770481050014
16232,0.006632876582443714
16233,0.00663287378847599
16234,0.006632869131863117
16235,0.006632862146943808
16236,0.006632855627685785
16237,0.006632850039750338
16238,0.0066328393295407295
16239,0.006632826756685972
16240,0.0066328211687505245
16241,0.006632807198911905
16242,0.006632795557379723
16243,0.006632782053202391
16244,0.006632765755057335
16245,0.006632749456912279
16246,0.006632742006331682
16247,0.006632734555751085
16248,0.006632729433476925
16249,0.0066327257081866264
16250,0.006632720120251179
16251,0.006632712669670582
16252,0.006632702425122261
16253,0.006632692646235228
16254,0.006632684264332056
16255,0.006632676813751459
16256,0.006632668897509575
16257,0.006632660981267691
16258,0.006632652133703232
16259,0.006632646080106497
16260,0.006632640957832336
16261,0.006632634438574314
16262,0.006632636766880751
16263,0.006632632110267878
16264,0.00663262652233243
16265,0.006632618140429258
16266,0.00663260743021965
16267,0.00663259532302618
16268,0.006632586475461721
16269,0.006632579956203699
16270,0.00663256598636508
16271,0.006632563192397356
16272,0.00663255387917161
16273,0.006632544100284576
16274,0.006632539443671703
16275,0.006632532458752394
16276,0.0066325245425105095
16277,0.006632511038333178
16278,0.006632503587752581
16279,0.006632495671510696
16280,0.006632487289607525
16281,0.0066324807703495026
16282,0.0066324747167527676
16283,0.00663246912881732
16284,0.006632461212575436
16285,0.006632452365010977
16286,0.006632442586123943
16287,0.006632439326494932
16288,0.006632430944591761
16289,0.006632421165704727
16290,0.006632411852478981
16291,0.006632406730204821
16292,0.006632398348301649
16293,0.0066323899663984776
16294,0.006632382515817881
16295,0.006632378324866295
16296,0.006632371339946985
16297,0.006632361561059952
16298,0.006632356438785791
16299,0.006632356438785791
16300,0.006632354110479355
16301,0.006632344331592321
16302,0.006632334087044001
16303,0.006632327102124691
16304,0.006632324308156967
16305,0.0066323233768343925
16306,0.0066323294304311275
16307,0.006632337346673012
16308,0.006632348522543907
16309,0.006632358767092228
16310,0.0066323671489953995
16311,0.006632387172430754
16312,0.006632405333220959
16313,0.006632402539253235
16314,0.006632386241108179
16315,0.006632360629737377
16316,0.006632314529269934
16317,0.006632260978221893
16318,0.006632215343415737
16319,0.006632193457335234
16320,0.00663219066336751
16321,0.0066322023048996925
16322,0.006632201839238405
16323,0.0066321841441094875
16324,0.006632177159190178
16325,0.006632158067077398
16326,0.006632136180996895
16327,0.006632122211158276
16328,0.006632125936448574
16329,0.0066321296617388725
16330,0.0066321236081421375
16331,0.006632120348513126
16332,0.0066321054473519325
16333,0.0066320826299488544
16334,0.0066320691257715225
16335,0.006632060278207064
16336,0.00663205748423934
16337,0.006632055621594191
16338,0.006632045842707157
16339,0.0066320332698524
16340,0.00663202116265893
16341,0.006632015574723482
16342,0.006632006261497736
16343,0.006631998345255852
16344,0.006631994154304266
16345,0.00663198484107852
16346,0.006631978787481785
16347,0.006631971802562475
16348,0.0066319615580141544
16349,0.0066319541074335575
16350,0.006631944794207811
16351,0.006631935480982065
16352,0.00663192942738533
16353,0.006631924770772457
16354,0.006631918251514435
16355,0.006631909403949976
16356,0.006631901953369379
16357,0.006631898693740368
16358,0.006631888449192047
16359,0.006631872151046991
16360,0.006631866563111544
16361,0.006631865166127682
16362,0.006631862837821245
16363,0.006631854455918074
16364,0.006631849333643913
16365,0.006631840486079454
16366,0.006631829310208559
16367,0.0066318204626441
16368,0.006631818599998951
16369,0.006631813477724791
16370,0.006631805561482906
16371,0.006631797179579735
16372,0.006631792057305574
16373,0.006631780415773392
16374,0.006631774362176657
16375,0.006631770171225071
16376,0.006631764583289623
16377,0.006631756667047739
16378,0.006631750147789717
16379,0.006631744559854269
16380,0.006631732918322086
16381,0.0066317301243543625
16382,0.0066317226737737656
16383,0.006631717085838318
16384,0.006631710100919008
16385,0.0066317045129835606
16386,0.006631701253354549
16387,0.006631691474467516
16388,0.006631683092564344
16389,0.006631677504628897
16390,0.006631670985370874
16391,0.006631664000451565
16392,0.006631654221564531
16393,0.00663165096193552
16394,0.0066316439770162106
16395,0.006631640717387199
16396,0.00663163373246789
16397,0.006631627678871155
16398,0.006631617434322834
16399,0.006631609983742237
16400,0.00663160951808095
16401,0.006631602067500353
16402,0.006631592288613319
16403,0.006631586235016584
16404,0.006631579715758562
16405,0.006631572265177965
16406,0.0066315652802586555
16407,0.006631563417613506
16408,0.006631556432694197
16409,0.006631552707403898
16410,0.0066315424628555775
16411,0.006631538737565279
16412,0.006631532218307257
16413,0.006631527096033096
16414,0.006631519179791212
16415,0.006631515454500914
16416,0.006631510332226753
16417,0.006631509400904179
16418,0.006631507072597742
16419,0.006631499156355858
16420,0.006631494965404272
16421,0.006631484720855951
16422,0.006631475407630205
16423,0.0066314684227108955
16424,0.006631460040807724
16425,0.006631451193243265
16426,0.006631440948694944
16427,0.006631440948694944
16428,0.006631433963775635
16429,0.006631421856582165
16430,0.0066314199939370155
16431,0.006631414871662855
16432,0.00663140881806612
16433,0.006631399504840374
16434,0.0066313957795500755
16435,0.006631387397646904
16436,0.006631379947066307
16437,0.006631378550082445
16438,0.00663137249648571
16439,0.0066313594579696655
16440,0.006631357595324516
16441,0.006631354335695505
16442,0.0066313548013567924
16443,0.006631352473050356
16444,0.006631351541727781
16445,0.0066313487477600574
16446,0.00663135526701808
16447,0.00663136737421155
16448,0.006631369702517986
16449,0.006631373893469572
16450,0.006631388794630766
16451,0.006631398107856512
16452,0.006631402764469385
16453,0.006631405092775822
16454,0.006631411612033844
16455,0.006631400436162949
16456,0.006631374359130859
16457,0.00663135526701808
16458,0.006631319876760244
16459,0.006631274241954088
16460,0.006631242576986551
16461,0.0066312323324382305
16462,0.006631230469793081
16463,0.006631235126405954
16464,0.0066312444396317005
16465,0.0066312504932284355
16466,0.006631246767938137
16467,0.006631231401115656
16468,0.006631204392760992
16469,0.006631183438003063
16470,0.006631168536841869
16471,0.00663116155192256
16472,0.006631160620599985
16473,0.006631162948906422
16474,0.00663116667419672
16475,0.0066311536356806755
16476,0.006631143391132355
16477,0.006631131283938885
16478,0.006631120108067989
16479,0.006631117779761553
16480,0.006631114054471254
16481,0.0066311112605035305
16482,0.006631106603890657
16483,0.00663110101595521
16484,0.006631092168390751
16485,0.0066310809925198555
16486,0.006631072144955397
16487,0.006631066091358662
16488,0.006631062366068363
16489,0.006631060503423214
16490,0.006631053518503904
16491,0.006631044205278158
16492,0.006631041411310434
16493,0.006631033960729837
16494,0.006631025113165379
16495,0.006631017662584782
16496,0.006631017196923494
16497,0.00663100928068161
16498,0.006631000433117151
16499,0.006630997639149427
16500,0.006630992982536554
16501,0.006630981341004372
16502,0.006630980409681797
16503,0.006630971096456051
16504,0.006630965042859316
16505,0.006630964111536741
16506,0.006630957126617432
16507,0.006630951073020697
16508,0.006630944088101387
16509,0.006630938500165939
16510,0.0066309296526014805
16511,0.006630924995988607
16512,0.006630921270698309
16513,0.006630913354456425
16514,0.006630904506891966
16515,0.006630900781601667
16516,0.006630892865359783
16517,0.0066308872774243355
16518,0.0066308858804404736
16519,0.006630877498537302
16520,0.0066308737732470036
16521,0.006630865857005119
16522,0.0066308630630373955
16523,0.006630856543779373
16524,0.006630849093198776
16525,0.006630843039602041
16526,0.006630836520344019
16527,0.006630829069763422
16528,0.006630824413150549
16529,0.006630816962569952
16530,0.006630813702940941
16531,0.006630807649344206
16532,0.006630800198763609
16533,0.006630793679505587
16534,0.006630787160247564
16535,0.006630784831941128
16536,0.0066307783126831055
16537,0.006630769930779934
16538,0.00663076201453805
16539,0.006630756892263889
16540,0.006630750838667154
16541,0.006630745250731707
16542,0.006630739197134972
16543,0.006630733609199524
16544,0.0066307308152318
16545,0.006630721036344767
16546,0.006630717311054468
16547,0.006630710791796446
16548,0.006630708463490009
16549,0.006630701944231987
16550,0.006630691699683666
16551,0.006630687043070793
16552,0.0066306800581514835
16553,0.006630673073232174
16554,0.006630671676248312
16555,0.006630662828683853
16556,0.006630656309425831
16557,0.006630651652812958
16558,0.0066306451335549355
16559,0.006630640011280775
16560,0.006630632560700178
16561,0.006630627438426018
16562,0.00663062185049057
16563,0.006630614399909973
16564,0.006630605086684227
16565,0.006630599964410067
16566,0.006630593910813332
16567,0.0066305892542004585
16568,0.006630585063248873
16569,0.006630579009652138
16570,0.006630579009652138
16571,0.0066305710934102535
16572,0.006630569230765104
16573,0.006630571559071541
16574,0.006630565505474806
16575,0.006630559451878071
16576,0.0066305543296039104
16577,0.006630560848861933
16578,0.0066305664367973804
16579,0.006630582269281149
16580,0.006630605086684227
16581,0.006630632560700178
16582,0.00663065817207098
16583,0.006630692631006241
16584,0.006630732677876949
16585,0.006630771793425083
16586,0.006630768999457359
16587,0.0066307163797318935
16588,0.0066306255757808685
16589,0.006630525924265385
16590,0.0066304681822657585
16591,0.0066304560750722885
16592,0.0066304742358624935
16593,0.006630494259297848
16594,0.006630487274378538
16595,0.006630461663007736
16596,0.006630430929362774
16597,0.006630413234233856
16598,0.006630413234233856
16599,0.006630425341427326
16600,0.006630417890846729
16601,0.006630400195717812
16602,0.006630387157201767
16603,0.006630375981330872
16604,0.006630373187363148
16605,0.006630375050008297
16606,0.0066303713247179985
16607,0.006630369927734137
16608,0.00663036061450839
16609,0.006630344316363335
16610,0.006630335468798876
16611,0.006630329415202141
16612,0.006630333606153727
16613,0.0066303289495408535
16614,0.006630317773669958
16615,0.0066303168423473835
16616,0.006630306132137775
16617,0.006630298215895891
16618,0.006630293093621731
16619,0.006630287505686283
16620,0.00663028284907341
16621,0.006630275398492813
16622,0.006630270276218653
16623,0.006630260497331619
16624,0.006630254443734884
16625,0.006630249787122011
16626,0.006630243267863989
16627,0.006630236748605967
16628,0.006630228832364082
16629,0.006630225107073784
16630,0.006630219053477049
16631,0.006630218122154474
16632,0.006630212999880314
16633,0.0066302078776061535
16634,0.006630197167396545
16635,0.006630188785493374
16636,0.006630185060203075
16637,0.006630175746977329
16638,0.00663016876205802
16639,0.0066301641054451466
16640,0.006630162242799997
16641,0.006630156189203262
16642,0.006630148738622665
16643,0.006630145478993654
16644,0.006630134768784046
16645,0.006630126852542162
16646,0.006630128715187311
16647,0.006630119867622852
16648,0.006630111485719681
16649,0.006630106829106808
16650,0.0066301049664616585
16651,0.006630095187574625
16652,0.0066300854086875916
16653,0.006630084943026304
16654,0.006630077492445707
16655,0.00663007004186511
16656,0.006630061659961939
16657,0.006630057003349066
16658,0.0066300504840910435
16659,0.00663004582747817
16660,0.006630039308220148
16661,0.006630034651607275
16662,0.0066300309263169765
16663,0.00663002161309123
16664,0.006630018353462219
16665,0.006630013696849346
16666,0.006630004849284887
16667,0.006629998795688152
16668,0.006629991345107555
16669,0.006629989482462406
16670,0.006629983428865671
16671,0.0066299750469625
16672,0.006629968527704477
16673,0.006629962008446455
16674,0.0066299582831561565
16675,0.006629951763898134
16676,0.006629948038607836
16677,0.006629941053688526
16678,0.006629939656704664
16679,0.0066299294121563435
16680,0.006629925686866045
16681,0.006629918236285448
16682,0.006629913114011288
16683,0.006629905663430691
16684,0.006629897281527519
16685,0.006629898212850094
16686,0.006629894487559795
16687,0.006629882846027613
16688,0.006629881449043751
16689,0.006629879120737314
16690,0.006629873067140579
16691,0.006629863753914833
16692,0.006629854906350374
16693,0.00662984699010849
16694,0.006629837676882744
16695,0.006629840936511755
16696,0.0066298372112214565
16697,0.006629825569689274
16698,0.006629819981753826
16699,0.006629817187786102
16700,0.00662981066852808
16701,0.006629804614931345
16702,0.006629798095673323
16703,0.006629790645092726
16704,0.006629785057157278
16705,0.00662978133186698
16706,0.006629775743931532
16707,0.006629773881286383
16708,0.0066297659650444984
16709,0.006629757583141327
16710,0.006629753392189741
16711,0.00662975013256073
16712,0.006629742216318846
16713,0.006629738956689835
16714,0.006629727315157652
16715,0.0066297175362706184
16716,0.0066297161392867565
16717,0.006629707291722298
16718,0.006629702635109425
16719,0.006629693787544966
16720,0.00662969658151269
16721,0.006629696115851402
16722,0.006629685405641794
16723,0.006629679352045059
16724,0.006629678420722485
16725,0.0066296737641096115
16726,0.006629666313529015
16727,0.00662965839728713
16728,0.006629650015383959
16729,0.006629635114222765
16730,0.006629637908190489
16731,0.006629632785916328
16732,0.006629618350416422
16733,0.006629613693803549
16734,0.006629609037190676
16735,0.006629600655287504
16736,0.006629593670368195
16737,0.006629585288465023
16738,0.006629579234868288
16739,0.006629574578255415
16740,0.006629568990319967
16741,0.006629559211432934
16742,0.006629557348787785
16743,0.006629548035562038
16744,0.006629542447626591
16745,0.00662953918799758
16746,0.006629533600062132
16747,0.006629528943449259
16748,0.006629523355513811
16749,0.006629519164562225
16750,0.006629515439271927
16751,0.006629511713981628
16752,0.006629507057368755
16753,0.006629497744143009
16754,0.006629489827901125
16755,0.006629484705626965
16756,0.0066294739954173565
16757,0.006629465147852898
16758,0.006629460025578737
16759,0.006629453506320715
16760,0.006629444193094969
16761,0.0066294362768530846
16762,0.006629432551562786
16763,0.0066294241696596146
16764,0.006629414390772581
16765,0.006629414390772581
16766,0.006629413925111294
16767,0.0066294134594500065
16768,0.0066294134594500065
16769,0.006629417650401592
16770,0.006629427894949913
16771,0.006629446055740118
16772,0.006629472598433495
16773,0.006629519164562225
16774,0.006629556883126497
16775,0.006629584357142448
16776,0.006629595533013344
16777,0.0066295890137553215
16778,0.006629555486142635
16779,0.006629486568272114
16780,0.006629398558288813
16781,0.006629329640418291
16782,0.006629309616982937
16783,0.006629343144595623
16784,0.006629376206547022
16785,0.006629375275224447
16786,0.006629354320466518
16787,0.0066293152049183846
16788,0.006629285868257284
16789,0.0066292802803218365
16790,0.006629291456192732
16791,0.0066293044947087765
16792,0.0066292984411120415
16793,0.006629272364079952
16794,0.006629251409322023
16795,0.006629243493080139
16796,0.006629244890064001
16797,0.0066292486153542995
16798,0.0066292439587414265
16799,0.0066292304545640945
16800,0.006629215087741613
16801,0.006629202514886856
16802,0.006629197858273983
16803,0.006629195995628834
16804,0.006629191339015961
16805,0.006629183888435364
16806,0.0066291773691773415
16807,0.006629169452935457
16808,0.006629164796322584
16809,0.006629157345741987
16810,0.0066291517578065395
16811,0.006629147566854954
16812,0.006629140116274357
16813,0.006629141513258219
16814,0.006629134528338909
16815,0.0066291228868067265
16816,0.006629119627177715
16817,0.006629111245274544
16818,0.006629106588661671
16819,0.006629101932048798
16820,0.006629095878452063
16821,0.006629090290516615
16822,0.006629087962210178
16823,0.006629080977290869
16824,0.006629071198403835
16825,0.0066290684044361115
16826,0.006629063747823238
16827,0.006629056762903929
16828,0.0066290549002587795
16829,0.006629046984016895
16830,0.006629039533436298
16831,0.006629038602113724
16832,0.006629032548516989
16833,0.006629024166613817
16834,0.006629020906984806
16835,0.0066290185786783695
16836,0.00662901159375906
16837,0.006629002746194601
16838,0.006628998555243015
16839,0.006628990173339844
16840,0.00662898737937212
16841,0.006628983188420534
16842,0.00662897527217865
16843,0.006628969218581915
16844,0.006628965958952904
16845,0.006628958508372307
16846,0.00662895105779171
16847,0.00662895105779171
16848,0.0066289440728724
16849,0.006628934759646654
16850,0.006628930103033781
16851,0.006628923583775759
16852,0.006628916598856449
16853,0.006628910079598427
16854,0.006628907285630703
16855,0.006628899369388819
16856,0.006628894712775946
16857,0.006628890987485647
16858,0.006628888193517923
16859,0.006628880277276039
16860,0.0066288732923567295
16861,0.006628868170082569
16862,0.006628863047808409
16863,0.006628855597227812
16864,0.006628850940614939
16865,0.006628845352679491
16866,0.006628838833421469
16867,0.006628833711147308
16868,0.006628825794905424
16869,0.006628819741308689
16870,0.006628814619034529
16871,0.006628807634115219
16872,0.006628803443163633
16873,0.006628796458244324
16874,0.006628790870308876
16875,0.006628785282373428
16876,0.006628780625760555
16877,0.00662877457216382
16878,0.006628768984228373
16879,0.006628761067986488
16880,0.006628761067986488
16881,0.006628750823438168
16882,0.006628749426454306
16883,0.006628743838518858
16884,0.006628732662647963
16885,0.006628730800002813
16886,0.00662872614338994
16887,0.006628716830164194
16888,0.006628713570535183
16889,0.0066287098452448845
16890,0.006628702860325575
16891,0.006628697272390127
16892,0.006628693547099829
16893,0.006628686096519232
16894,0.006628680974245071
16895,0.006628675386309624
16896,0.006628671661019325
16897,0.006628664210438728
16898,0.006628656294196844
16899,0.00662865350022912
16900,0.006628646980971098
16901,0.006628638599067926
16902,0.006628635339438915
16903,0.006628628820180893
16904,0.006628623232245445
16905,0.006628614384680986
16906,0.0066286069341003895
16907,0.00662860507145524
16908,0.006628597620874643
16909,0.006628586910665035
16910,0.006628584116697311
16911,0.006628579925745726
16912,0.0066285752691328526
16913,0.006628570146858692
16914,0.006628562230616808
16915,0.006628553383052349
16916,0.006628549657762051
16917,0.006628542207181454
16918,0.0066285282373428345
16919,0.006628525443375111
16920,0.0066285221837460995
16921,0.0066285161301493645
16922,0.006628511473536491
16923,0.006628502160310745
16924,0.00662849610671401
16925,0.006628494244068861
16926,0.006628487724810839
16927,0.0066284798085689545
16928,0.006628474220633507
16929,0.006628462579101324
16930,0.006628458853811026
16931,0.006628452800214291
16932,0.006628444883972406
16933,0.00662843557074666
16934,0.0066284360364079475
16935,0.006628432311117649
16936,0.006628419738262892
16937,0.006628416944295168
16938,0.006628414150327444
16939,0.006628407631069422
16940,0.006628400646150112
16941,0.006628392264246941
16942,0.0066283876076340675
16943,0.006628382485359907
16944,0.006628373637795448
16945,0.0066283694468438625
16946,0.00662836292758584
16947,0.006628356873989105
16948,0.00662835082039237
16949,0.0066283405758440495
16950,0.006628334056586027
16951,0.006628330331295729
16952,0.006628328934311867
16953,0.006628318689763546
16954,0.006628315430134535
16955,0.0066283089108765125
16956,0.006628303788602352
16957,0.006628305185586214
16958,0.006628293078392744
16959,0.006628283299505711
16960,0.006628286559134722
16961,0.006628282833844423
16962,0.006628269795328379
16963,0.006628270260989666
16964,0.006628270260989666
16965,0.006628276314586401
16966,0.0066282786428928375
16967,0.006628285627812147
16968,0.006628299131989479
16969,0.006628319155424833
16970,0.006628335919231176
16971,0.006628359202295542
16972,0.00662840623408556
16973,0.00662848399952054
16974,0.006628556177020073
16975,0.006628600414842367
16976,0.006628583185374737
16977,0.006628500763326883
16978,0.006628350354731083
16979,0.006628208328038454
16980,0.006628163158893585
16981,0.0066282059997320175
16982,0.0066282618790864944
16983,0.006628273520618677
16984,0.0066282176412642
16985,0.0066281529143452644
16986,0.006628129631280899
16987,0.006628143135458231
16988,0.006628165952861309
16989,0.0066281710751354694
16990,0.0066281394101679325
16991,0.006628107279539108
16992,0.006628097500652075
16993,0.006628108210861683
16994,0.006628111470490694
16995,0.006628110539168119
16996,0.006628091912716627
16997,0.0066280728206038475
16998,0.006628068163990974
16999,0.006628069560974836
17000,0.006628064438700676
17001,0.006628057919442654
17002,0.006628045812249184
17003,0.00662803091108799
17004,0.006628034636378288
17005,0.006628031842410564
17006,0.006628019269555807
17007,0.006628008093684912
17008,0.006628002040088177
17009,0.006627995055168867
17010,0.006627984810620546
17011,0.006627970840781927
17012,0.006627965718507767
17013,0.006627961527556181
17014,0.006627948954701424
17015,0.006627934519201517
17016,0.0066279275342822075
17017,0.006627917289733887
17018,0.006627910304814577
17019,0.00662789773195982
17020,0.006627894937992096
17021,0.006627884227782488
17022,0.006627868860960007
17023,0.006627858150750399
17024,0.006627850700169802
17025,0.006627844646573067
17026,0.0066278306767344475
17027,0.00662781810387969
17028,0.0066278125159442425
17029,0.0066278050653636456
17030,0.006627790629863739
17031,0.0066277822479605675
17032,0.006627773400396109
17033,0.006627765018492937
17034,0.006627755239605904
17035,0.006627742666751146
17036,0.006627738010138273
17037,0.006627730093896389
17038,0.006627715192735195
17039,0.0066277035512030125
17040,0.006627695169299841
17041,0.006627687253057957
17042,0.0066276779398322105
17043,0.006627669557929039
17044,0.00662766071036458
17045,0.006627645343542099
17046,0.006627637892961502
17047,0.006627629976719618
17048,0.006627621594816446
17049,0.0066276113502681255
17050,0.006627602968364954
17051,0.00662759505212307
17052,0.006627584341913462
17053,0.006627576891332865
17054,0.006627566646784544
17055,0.006627557799220085
17056,0.006627547089010477
17057,0.006627537775784731
17058,0.006627533119171858
17059,0.006627524271607399
17060,0.006627512164413929
17061,0.006627507507801056
17062,0.006627499591559172
17063,0.006627491209656
17064,0.0066274795681238174
17065,0.00662746699526906
17066,0.0066274660639464855
17067,0.006627460476011038
17068,0.006627448834478855
17069,0.006627430208027363
17070,0.006627429276704788
17071,0.006627424620091915
17072,0.006627413909882307
17073,0.006627405062317848
17074,0.006627396214753389
17075,0.0066273813135921955
17076,0.006627376191318035
17077,0.006627369672060013
17078,0.006627357564866543
17079,0.00662734592333436
17080,0.006627337541431189
17081,0.0066273268312215805
17082,0.00662732170894742
17083,0.006627312395721674
17084,0.006627301219850779
17085,0.006627293303608894
17086,0.006627281662076712
17087,0.0066272784024477005
17088,0.006627267692238092
17089,0.006627257447689772
17090,0.006627249997109175
17091,0.006627241149544716
17092,0.006627234630286694
17093,0.006627225782722235
17094,0.006627214606851339
17095,0.006627206690609455
17096,0.006627196446061134
17097,0.006627188064157963
17098,0.006627182010561228
17099,0.006627178285270929
17100,0.006627165712416172
17101,0.006627155002206564
17102,0.006627149414271116
17103,0.006627141032367945
17104,0.006627128459513187
17105,0.0066271270625293255
17106,0.0066271210089325905
17107,0.006627110298722982
17108,0.006627099588513374
17109,0.006627089809626341
17110,0.00662707956507802
17111,0.006627075374126434
17112,0.006627062801271677
17113,0.006627058144658804
17114,0.006627053953707218
17115,0.006627039983868599
17116,0.006627027876675129
17117,0.00662701902911067
17118,0.006627012975513935
17119,0.006627009250223637
17120,0.006627005524933338
17121,0.006627002730965614
17122,0.006626992952078581
17123,0.006626979913562536
17124,0.006626969203352928
17125,0.0066269575618207455
17126,0.006626945920288563
17127,0.006626941729336977
17128,0.006626942660659552
17129,0.006626936607062817
17130,0.0066269272938370705
17131,0.006626912858337164
17132,0.006626902613788843
17133,0.006626886315643787
17134,0.00662688072770834
17135,0.00662687374278903
17136,0.006626865826547146
17137,0.006626855581998825
17138,0.006626843940466642
17139,0.006626839749515057
17140,0.0066268290393054485
17141,0.006626823451370001
17142,0.006626813672482967
17143,0.0066268048249185085
17144,0.0066268001683056355
17145,0.0066267941147089005
17146,0.006626783404499292
17147,0.006626769434660673
17148,0.006626767106354237
17149,0.006626759190112352
17150,0.006626748014241457
17151,0.006626742426306009
17152,0.006626741029322147
17153,0.006626734044402838
17154,0.006626727990806103
17155,0.006626718677580357
17156,0.006626715883612633
17157,0.006626707501709461
17158,0.006626698654145002
17159,0.006626696791499853
17160,0.006626694463193417
17161,0.006626688875257969
17162,0.006626679562032223
17163,0.006626668851822615
17164,0.006626664195209742
17165,0.006626660004258156
17166,0.006626651622354984
17167,0.006626643240451813
17168,0.006626637186855078
17169,0.006626632064580917
17170,0.006626626942306757
17171,0.0066266185604035854
17172,0.006626610644161701
17173,0.006626607850193977
17174,0.00662660039961338
17175,0.006626591086387634
17176,0.006626585032790899
17177,0.006626582704484463
17178,0.006626582238823175
17179,0.0066265808418393135
17180,0.006626579910516739
17181,0.006626577582210302
17182,0.00662656407803297
17183,0.006626552436500788
17184,0.006626543588936329
17185,0.006626537535339594
17186,0.006626525893807411
17187,0.006626519374549389
17188,0.00662651052698493
17189,0.006626507733017206
17190,0.006626511458307505
17191,0.00662651052698493
17192,0.006626511458307505
17193,0.006626524962484837
17194,0.006626539397984743
17195,0.006626558490097523
17196,0.006626570597290993
17197,0.006626569200307131
17198,0.006626561749726534
17199,0.006626543123275042
17200,0.006626520771533251
17201,0.00662649841979146
17202,0.0066264658235013485
17203,0.006626442074775696
17204,0.006626415997743607
17205,0.006626403424888849
17206,0.006626401096582413
17207,0.006626405753195286
17208,0.0066264038905501366
17209,0.006626400630921125
17210,0.006626392249017954
17211,0.006626382935792208
17212,0.00662637036293745
17213,0.0066263554617762566
17214,0.006626347079873085
17215,0.006626346614211798
17216,0.006626344285905361
17217,0.006626346614211798
17218,0.00662634801119566
17219,0.006626345682889223
17220,0.00662633590400219
17221,0.006626318674534559
17222,0.006626308895647526
17223,0.006626296788454056
17224,0.006626290734857321
17225,0.006626289803534746
17226,0.006626284681260586
17227,0.006626281887292862
17228,0.006626273971050978
17229,0.006626262329518795
17230,0.006626255810260773
17231,0.006626250222325325
17232,0.006626245565712452
17233,0.006626243703067303
17234,0.006626240909099579
17235,0.0066262357868254185
17236,0.0066262283362448215
17237,0.006626219488680363
17238,0.006626213900744915
17239,0.006626206450164318
17240,0.006626194342970848
17241,0.0066261934116482735
17242,0.006626189220696688
17243,0.006626185495406389
17244,0.006626176182180643
17245,0.006626172922551632
17246,0.0066261691972613335
17247,0.006626158487051725
17248,0.006626148242503405
17249,0.006626148242503405
17250,0.006626143120229244
17251,0.006626131013035774
17252,0.0066261300817132
17253,0.0066261268220841885
17254,0.006626121234148741
17255,0.006626114249229431
17256,0.00662610586732626
17257,0.006626097485423088
17258,0.006626097951084375
17259,0.006626087240874767
17260,0.0066260783933103085
17261,0.00662607466802001
17262,0.006626072805374861
17263,0.006626063492149115
17264,0.006626057904213667
17265,0.00662605557590723
17266,0.0066260481253266335
17267,0.006626038812100887
17268,0.006626039277762175
17269,0.0066260346211493015
17270,0.006626024376600981
17271,0.00662602111697197
17272,0.006626015529036522
17273,0.0066260104067623615
17274,0.006626001559197903
17275,0.006626001093536615
17276,0.006625998765230179
17277,0.006625994574278593
17278,0.0066259875893592834
17279,0.006625992711633444
17280,0.006625993177294731
17281,0.006625983398407698
17282,0.006625973153859377
17283,0.006625964306294918
17284,0.006625950336456299
17285,0.006625938694924116
17286,0.00662593450397253
17287,0.006625929847359657
17288,0.006625923793762922
17289,0.006625915411859751
17290,0.006625906564295292
17291,0.006625907029956579
17292,0.006625910755246878
17293,0.0066259088926017284
17294,0.00662591215223074
17295,0.00662592425942421
17296,0.0066259331069886684
17297,0.006625939626246691
17298,0.006625941954553127
17299,0.006625949405133724
17300,0.006625954993069172
17301,0.0066259633749723434
17302,0.006625956390053034
17303,0.006625941023230553
17304,0.006625907961279154
17305,0.006625872105360031
17306,0.006625836249440908
17307,0.00662581529468298
17308,0.006625809241086245
17309,0.006625814829021692
17310,0.006625829264521599
17311,0.006625835783779621
17312,0.006625830661505461
17313,0.006625814829021692
17314,0.0066257924772799015
17315,0.006625773385167122
17316,0.00662575988098979
17317,0.006625758018344641
17318,0.006625763606280088
17319,0.006625760812312365
17320,0.006625757087022066
17321,0.0066257561556994915
17322,0.006625748239457607
17323,0.006625738460570574
17324,0.0066257258877158165
17325,0.006625711917877197
17326,0.006625701207667589
17327,0.006625704001635313
17328,0.006625699810683727
17329,0.0066256895661354065
17330,0.006625684909522533
17331,0.006625677924603224
17332,0.0066256751306355
17333,0.006625669542700052
17334,0.006625666748732328
17335,0.00662565790116787
17336,0.006625654175877571
17337,0.006625650450587273
17338,0.006625649519264698
17339,0.0066256397403776646
17340,0.006625628564506769
17341,0.00662562670186162
17342,0.006625615991652012
17343,0.006625609006732702
17344,0.006625601556152105
17345,0.006625596899539232
17346,0.006625596899539232
17347,0.006625599693506956
17348,0.006625595036894083
17349,0.006625589448958635
17350,0.006625581532716751
17351,0.006625576876103878
17352,0.006625569425523281
17353,0.0066255670972168446
17354,0.006625556852668524
17355,0.006625549402087927
17356,0.006625541020184755
17357,0.006625535897910595
17358,0.006625533103942871
17359,0.006625526584684849
17360,0.0066255186684429646
17361,0.006625519134104252
17362,0.006625515874475241
17363,0.006625504232943058
17364,0.0066255005076527596
17365,0.0066254944540560246
17366,0.006625485606491566
17367,0.00662548141553998
17368,0.006625472567975521
17369,0.006625466514378786
17370,0.006625466514378786
17371,0.006625455338507891
17372,0.0066254534758627415
17373,0.006625450681895018
17374,0.006625448353588581
17375,0.006625441834330559
17376,0.00662543810904026
17377,0.006625430192798376
17378,0.006625418551266193
17379,0.0066254171542823315
17380,0.0066254111006855965
17381,0.0066254050470888615
17382,0.0066254036501049995
17383,0.006625400856137276
17384,0.006625395268201828
17385,0.006625388283282518
17386,0.006625378038734198
17387,0.006625373847782612
17388,0.0066253687255084515
17389,0.006625358946621418
17390,0.006625355686992407
17391,0.006625351961702108
17392,0.006625344976782799
17393,0.0066253431141376495
17394,0.0066253384575247765
17395,0.0066253310069441795
17396,0.00662532402202487
17397,0.006625319365411997
17398,0.006625315640121698
17399,0.0066253142431378365
17400,0.0066253067925572395
17401,0.006625300273299217
17402,0.006625293288379908
17403,0.006625288166105747
17404,0.006625289563089609
17405,0.0066252839751541615
17406,0.00662528071552515
17407,0.006625285372138023
17408,0.006625288166105747
17409,0.006625291425734758
17410,0.006625296548008919
17411,0.006625306326895952
17412,0.006625322159379721
17413,0.006625344045460224
17414,0.006625355686992407
17415,0.006625361740589142
17416,0.006625358946621418
17417,0.006625347770750523
17418,0.006625323556363583
17419,0.006625296548008919
17420,0.006625260692089796
17421,0.0066252234391868114
17422,0.006625201087445021
17423,0.00662518385797739
17424,0.006625186186283827
17425,0.006625197362154722
17426,0.006625204812735319
17427,0.006625197362154722
17428,0.006625182460993528
17429,0.0066251615062355995
17430,0.0066251554526388645
17431,0.006625148467719555
17432,0.006625140085816383
17433,0.006625136360526085
17434,0.006625140085816383
17435,0.006625136360526085
17436,0.006625126115977764
17437,0.0066251144744455814
17438,0.006625110749155283
17439,0.006625100038945675
17440,0.006625098176300526
17441,0.006625095847994089
17442,0.006625094451010227
17443,0.006625087466090918
17444,0.006625080946832895
17445,0.006625072564929724
17446,0.006625064183026552
17447,0.006625063717365265
17448,0.00662505766376853
17449,0.006625051144510508
17450,0.006625047884881496
17451,0.0066250404343008995
17452,0.006625038105994463
17453,0.006625030189752579
17454,0.006625022739171982
17455,0.006625019945204258
17456,0.006625012960284948
17457,0.006625008769333363
17458,0.006625004578381777
17459,0.00662499712780118
17460,0.006624995265156031
17461,0.006624990608543158
17462,0.006624984089285135
17463,0.006624976173043251
17464,0.006624974776059389
17465,0.0066249677911400795
17466,0.006624959874898195
17467,0.006624958477914333
17468,0.006624951958656311
17469,0.006624946370720863
17470,0.00662494171410799
17471,0.006624935660511255
17472,0.0066249314695596695
17473,0.006624927744269371
17474,0.006624920293688774
17475,0.006624914240092039
17476,0.006624909583479166
17477,0.006624903995543718
17478,0.006624904461205006
17479,0.006624901667237282
17480,0.0066248951479792595
17481,0.006624890491366386
17482,0.006624896079301834
17483,0.006624884437769651
17484,0.006624872330576181
17485,0.006624870467931032
17486,0.006624864414334297
17487,0.0066248569637537
17488,0.006624845787882805
17489,0.006624849047511816
17490,0.006624844390898943
17491,0.006624838337302208
17492,0.006624836940318346
17493,0.006624836474657059
17494,0.006624834146350622
17495,0.006624826695770025
17496,0.006624817848205566
17497,0.0066248043440282345
17498,0.006624802481383085
17499,0.0066247982904314995
17500,0.006624788977205753
17501,0.0066247847862541676
17502,0.006624789442867041
17503,0.006624788511544466
17504,0.006624785717576742
17505,0.006624776870012283
17506,0.006624764297157526
17507,0.0066247605718672276
17508,0.0066247498616576195
17509,0.006624744273722172
17510,0.006624736823141575
17511,0.006624726578593254
17512,0.0066247242502868176
17513,0.0066247195936739445
17514,0.006624714005738497
17515,0.006624709814786911
17516,0.006624705158174038
17517,0.006624705623835325
17518,0.0066247000358998775
17519,0.006624699104577303
17520,0.006624705623835325
17521,0.0066247181966900826
17522,0.0066247242502868176
17523,0.00662472378462553
17524,0.006624722853302956
17525,0.006624727509915829
17526,0.006624729838222265
17527,0.006624739151448011
17528,0.006624741479754448
17529,0.006624725181609392
17530,0.006624702364206314
17531,0.0066246818751096725
17532,0.006624655798077583
17533,0.006624630652368069
17534,0.006624619010835886
17535,0.006624607834964991
17536,0.00662459759041667
17537,0.006624599918723106
17538,0.0066246031783521175
17539,0.0066246031783521175
17540,0.006624604109674692
17541,0.006624599453061819
17542,0.006624585948884487
17543,0.0066245803609490395
17544,0.0066245668567717075
17545,0.006624557543545961
17546,0.006624552421271801
17547,0.00662454916164279
17548,0.006624546367675066
17549,0.0066245426423847675
17550,0.006624546833336353
17551,0.0066245440393686295
17552,0.006624533794820309
17553,0.0066245305351912975
17554,0.00662452494725585
17555,0.006624516565352678
17556,0.006624508649110794
17557,0.006624499335885048
17558,0.0066244937479496
17559,0.0066244937479496
17560,0.006624490953981876
17561,0.006624478846788406
17562,0.006624481175094843
17563,0.006624483969062567
17564,0.006624480243772268
17565,0.006624472793191671
17566,0.006624462082982063
17567,0.006624450907111168
17568,0.006624440662562847
17569,0.006624437402933836
17570,0.0066244276240468025
17571,0.006624429486691952
17572,0.00662442110478878
17573,0.006624417379498482
17574,0.0066244108602404594
17575,0.006624402943998575
17576,0.006624402012676001
17577,0.006624396424740553
17578,0.006624389439821243
17579,0.006624381057918072
17580,0.006624378263950348
17581,0.006624381057918072
17582,0.006624372210353613
17583,0.0066243684850633144
17584,0.006624368019402027
17585,0.006624365691095591
17586,0.00662436056882143
17587,0.0066243503242731094
17588,0.006624344736337662
17589,0.006624339148402214
17590,0.006624335423111916
17591,0.006624329369515181
17592,0.006624327506870031
17593,0.006624327972531319
17594,0.006624321918934584
17595,0.0066243186593055725
17596,0.006624314468353987
17597,0.0066243126057088375
17598,0.006624313071370125
17599,0.0066243065521121025
17600,0.0066242944449186325
17601,0.006624281872063875
17602,0.006624278612434864
17603,0.006624266505241394
17604,0.006624255795031786
17605,0.006624256260693073
17606,0.0066242520697414875
17607,0.006624244619160891
17608,0.00662424648180604
17609,0.006624247413128614
17610,0.006624254398047924
17611,0.006624247878789902
17612,0.006624244619160891
17613,0.00662424648180604
17614,0.006624247413128614
17615,0.006624241825193167
17616,0.006624245550483465
17617,0.006624247413128614
17618,0.006624243687838316
17619,0.0066242218017578125
17620,0.006624202243983746
17621,0.006624188274145126
17622,0.006624169182032347
17623,0.00662416173145175
17624,0.006624153349548578
17625,0.006624153349548578
17626,0.006624158471822739
17627,0.006624157074838877
17628,0.006624150555580854
17629,0.006624143570661545
17630,0.006624135654419661
17631,0.006624124478548765
17632,0.006624116096645594
17633,0.006624113768339157
17634,0.00662411330267787
17635,0.00662410631775856
17636,0.0066240932792425156
17637,0.006624092347919941
17638,0.006624088156968355
17639,0.006624077912420034
17640,0.006624076049774885
17641,0.006624068599194288
17642,0.006624059751629829
17643,0.006624063942581415
17644,0.0066240569576621056
17645,0.006624049041420221
17646,0.0066240462474524975
17647,0.006624043453484774
17648,0.006624036934226751
17649,0.006624030414968729
17650,0.0066240280866622925
17651,0.006624025292694569
17652,0.006624022498726845
17653,0.006624023430049419
17654,0.006624017376452684
17655,0.006624011788517237
17656,0.0066240145824849606
17657,0.006624015513807535
17658,0.006624012719839811
17659,0.006624011322855949
17660,0.006624002009630203
17661,0.006623994093388319
17662,0.006623986642807722
17663,0.006623972672969103
17664,0.006623963359743357
17665,0.00662395590916276
17666,0.0066239493899047375
17667,0.006623946595937014
17668,0.006623939611017704
17669,0.006623934954404831
17670,0.006623930763453245
17671,0.006623926572501659
17672,0.006623922381550074
17673,0.006623913533985615
17674,0.006623906083405018
17675,0.006623901426792145
17676,0.00662389537319541
17677,0.006623887922614813
17678,0.006623885128647089
17679,0.0066238814033567905
17680,0.006623879540711641
17681,0.0066238767467439175
17682,0.006623878609389067
17683,0.006623874418437481
17684,0.006623877678066492
17685,0.006623881869018078
17686,0.006623892113566399
17687,0.006623902823776007
17688,0.0066239130683243275
17689,0.006623916793614626
17690,0.006623915862292051
17691,0.006623911205679178
17692,0.006623898632824421
17693,0.006623877678066492
17694,0.006623860448598862
17695,0.006623842287808657
17696,0.006623819470405579
17697,0.006623797584325075
17698,0.006623792462050915
17699,0.006623801309615374
17700,0.006623811088502407
17701,0.006623821333050728
17702,0.006623830646276474
17703,0.006623835302889347
17704,0.0066238222643733025
17705,0.006623806431889534
17706,0.006623787805438042
17707,0.006623766850680113
17708,0.006623745895922184
17709,0.006623733788728714
17710,0.006623736582696438
17711,0.006623740307986736
17712,0.006623738911002874
17713,0.0066237379796803
17714,0.006623730529099703
17715,0.006623716093599796
17716,0.00662370678037405
17717,0.006623704917728901
17718,0.006623695604503155
17719,0.0066236876882612705
17720,0.006623690482228994
17721,0.006623683962970972
17722,0.006623675115406513
17723,0.0066236695274710655
17724,0.006623662076890469
17725,0.0066236574202775955
17726,0.006623649969696999
17727,0.006623644847422838
17728,0.006623643916100264
17729,0.006623642053455114
17730,0.006623637396842241
17731,0.006623629480600357
17732,0.006623621564358473
17733,0.006623620167374611
17734,0.006623612251132727
17735,0.006623608525842428
17736,0.0066236029379069805
17737,0.0066235982812941074
17738,0.006623596418648958
17739,0.006623589899390936
17740,0.006623582914471626
17741,0.006623579189181328
17742,0.006623574532568455
17743,0.006623569410294294
17744,0.0066235666163265705
17745,0.006623560097068548
17746,0.006623558700084686
17747,0.006623554043471813
17748,0.006623546592891216
17749,0.006623541004955769
17750,0.006623534485697746
17751,0.006623528432101011
17752,0.006623520515859127
17753,0.006623523775488138
17754,0.006623523309826851
17755,0.006623511202633381
17756,0.006623515859246254
17757,0.006623519584536552
17758,0.006623514462262392
17759,0.00662350794300437
17760,0.006623498629778624
17761,0.006623487453907728
17762,0.0066234818659722805
17763,0.0066234758123755455
17764,0.006623465102165937
17765,0.0066234637051820755
17766,0.006623460445553064
17767,0.006623457185924053
17768,0.00662345252931118
17769,0.006623453460633755
17770,0.006623451132327318
17771,0.006623453460633755
17772,0.006623447872698307
17773,0.006623442750424147
17774,0.006623438093811274
17775,0.006623432040214539
17776,0.006623414345085621
17777,0.006623406428843737
17778,0.006623404566198587
17779,0.00662339897826314
17780,0.006623387802392244
17781,0.006623384542763233
17782,0.006623383611440659
17783,0.006623376626521349
17784,0.006623371969908476
17785,0.006623371038585901
17786,0.006623365450650454
17787,0.006623355206102133
17788,0.00662335054948926
17789,0.006623345427215099
17790,0.006623339373618364
17791,0.006623333320021629
17792,0.006623329594731331
17793,0.006623325403779745
17794,0.006623317487537861
17795,0.006623316090553999
17796,0.006623314693570137
17797,0.006623305380344391
17798,0.006623309105634689
17799,0.006623310036957264
17800,0.006623309105634689
17801,0.006623305380344391
17802,0.006623302586376667
17803,0.006623292341828346
17804,0.0066232881508767605
17805,0.006623290944844484
17806,0.006623290944844484
17807,0.0066232807002961636
17808,0.0066232699900865555
17809,0.006623266264796257
17810,0.006623264402151108
17811,0.006623254157602787
17812,0.006623247638344765
17813,0.006623235996812582
17814,0.006623228080570698
17815,0.0066232276149094105
17816,0.006623226683586836
17817,0.0066232155077159405
17818,0.006623206194490194
17819,0.0066232094541192055
17820,0.0066232020035386086
17821,0.006623194552958012
17822,0.0066231898963451385
17823,0.006623184308409691
17824,0.006623182445764542
17825,0.006623174529522657
17826,0.0066231656819581985
17827,0.006623162887990475
17828,0.006623154506087303
17829,0.0066231489181518555
17830,0.006623143330216408
17831,0.006623141933232546
17832,0.00662313774228096
17833,0.0066231354139745235
17834,0.006623133551329374
17835,0.006623136345297098
17836,0.006623137276619673
17837,0.006623136345297098
17838,0.006623133551329374
17839,0.006623137276619673
17840,0.006623146124184132
17841,0.0066231549717485905
17842,0.006623154506087303
17843,0.006623155903071165
17844,0.006623166147619486
17845,0.006623172666877508
17846,0.006623168475925922
17847,0.006623162422329187
17848,0.006623152177780867
17849,0.006623138207942247
17850,0.006623121909797192
17851,0.006623101886361837
17852,0.006623080465942621
17853,0.006623064633458853
17854,0.006623042281717062
17855,0.006623024120926857
17856,0.006623017136007547
17857,0.0066230203956365585
17858,0.006623025983572006
17859,0.006623036693781614
17860,0.006623043213039637
17861,0.006623046938329935
17862,0.006623033434152603
17863,0.0066230203956365585
17864,0.006623006891459227
17865,0.006622989661991596
17866,0.006622972432523966
17867,0.006622968707233667
17868,0.0066229659132659435
17869,0.006622962187975645
17870,0.00662296311929822
17871,0.00662296311929822
17872,0.006622957997024059
17873,0.006622946821153164
17874,0.006622937507927418
17875,0.006622927263379097
17876,0.006622922141104937
17877,0.0066229198127985
17878,0.006622917018830776
17879,0.006622916087508202
17880,0.006622913293540478
17881,0.00662290770560503
17882,0.006622900255024433
17883,0.006622892338782549
17884,0.006622888147830963
17885,0.0066228886134922504
17886,0.006622885819524527
17887,0.006622886750847101
17888,0.006622885819524527
17889,0.006622876971960068
17890,0.006622862536460161
17891,0.006622862070798874
17892,0.0066228569485247135
17893,0.006622853688895702
17894,0.006622848566621542
17895,0.0066228387877345085
17896,0.00662282994017005
17897,0.006622823420912027
17898,0.006622829474508762
17899,0.0066228266805410385
17900,0.006622812245041132
17901,0.006622804794460535
17902,0.0066228024661540985
17903,0.006622799206525087
17904,0.006622795946896076
17905,0.00662279175594449
17906,0.0066227843053638935
17907,0.006622774992138147
17908,0.00662277452647686
17909,0.006622770801186562
17910,0.006622761022299528
17911,0.00662275729700923
17912,0.006622754968702793
17913,0.006622752174735069
17914,0.006622746121138334
17915,0.006622740533202887
17916,0.006622732616961002
17917,0.006622729357331991
17918,0.006622723303735256
17919,0.006622715853154659
17920,0.006622713059186935
17921,0.006622712127864361
17922,0.006622702814638615
17923,0.006622695829719305
17924,0.00662269676104188
17925,0.006622691173106432
17926,0.00662268279120326
17927,0.0066226776689291
17928,0.006622676271945238
17929,0.006622667890042067
17930,0.006622662767767906
17931,0.00662265857681632
17932,0.00662265345454216
17933,0.006622649263590574
17934,0.006622645538300276
17935,0.006622645538300276
17936,0.006622634828090668
17937,0.006622631102800369
17938,0.006622623652219772
17939,0.006622619926929474
17940,0.006622622720897198
17941,0.006622611079365015
17942,0.006622606422752142
17943,0.006622602231800556
17944,0.006622602231800556
17945,0.006622604560106993
17946,0.006622600834816694
17947,0.006622599437832832
17948,0.006622605491429567
17949,0.006622612942010164
17950,0.00662262411788106
17951,0.006622636690735817
17952,0.006622654851526022
17953,0.006622683722525835
17954,0.006622720044106245
17955,0.006622748449444771
17956,0.006622761022299528
17957,0.006622749380767345
17958,0.006622726563364267
17959,0.006622678134590387
17960,0.00662261014804244
17961,0.006622547283768654
17962,0.006622512824833393
17963,0.0066225118935108185
17964,0.006622523535043001
17965,0.006622532848268747
17966,0.0066225272603333
17967,0.006622512824833393
17968,0.00662248907610774
17969,0.006622477900236845
17970,0.00662247184664011
17971,0.006622473709285259
17972,0.0066224755719304085
17973,0.006622474640607834
17974,0.0066224755719304085
17975,0.0066224648617208
17976,0.006622456945478916
17977,0.0066224453039467335
17978,0.006622434593737125
17979,0.006622435059398413
17980,0.0066224355250597
17981,0.006622426677495241
17982,0.0066224196925759315
17983,0.006622417829930782
17984,0.006622411776334047
17985,0.006622403394430876
17986,0.006622401997447014
17987,0.006622403394430876
17988,0.006622402463108301
17989,0.006622395943850279
17990,0.0066223908215761185
17991,0.0066223847679793835
17992,0.006622370798140764
17993,0.0066223712638020515
17994,0.0066223712638020515
17995,0.0066223591566085815
17996,0.006622354034334421
17997,0.006622351706027985
17998,0.006622347980737686
17999,0.006622339133173227
18000,0.006622332148253918
18001,0.006622337270528078
18002,0.006622339598834515
18003,0.006622334476560354
18004,0.006622329354286194
18005,0.006622321903705597
18006,0.006622308865189552
18007,0.006622301414608955
18008,0.006622300948947668
18009,0.006622303277254105
18010,0.0066222986206412315
18011,0.006622294429689646
18012,0.006622279994189739
18013,0.0066222744062542915
18014,0.006622267421334982
18015,0.006622266490012407
18016,0.0066222636960446835
18017,0.006622258573770523
18018,0.00662225391715765
18019,0.006622248329222202
18020,0.006622240878641605
18021,0.0066222394816577435
18022,0.006622235290706158
18023,0.00662222458049655
18024,0.006622223649173975
18025,0.006622218061238527
18026,0.006622212938964367
18027,0.006622206885367632
18028,0.0066222031600773335
18029,0.006622199434787035
18030,0.006622194312512875
18031,0.0066221896559000015
18032,0.006622187793254852
18033,0.006622180808335543
18034,0.006622178014367819
18035,0.006622173357754946
18036,0.0066221728920936584
18037,0.00662216916680336
18038,0.006622161716222763
18039,0.006622155196964741
18040,0.00662215007469058
18041,0.006622143089771271
18042,0.0066221426241099834
18043,0.00662213796749711
18044,0.0066221305169165134
18045,0.006622123531997204
18046,0.00662212073802948
18047,0.00662211561575532
18048,0.006622109096497297
18049,0.006622105371206999
18050,0.006622099783271551
18051,0.006622094660997391
18052,0.006622096057981253
18053,0.006622090470045805
18054,0.006622085347771645
18055,0.006622080225497484
18056,0.006622074171900749
18057,0.006622066721320152
18058,0.006622061599045992
18059,0.006622062064707279
18060,0.006622056942433119
18061,0.006622051354497671
18062,0.006622049026191235
18063,0.006622042506933212
18064,0.006622037850320339
18065,0.006622031331062317
18066,0.006622021086513996
18067,0.006622019689530134
18068,0.00662201689556241
18069,0.0066220201551914215
18070,0.006622021552175283
18071,0.0066220201551914215
18072,0.006622019223868847
18073,0.006622015498578548
18074,0.006622004322707653
18075,0.006621994078159332
18076,0.006621989421546459
18077,0.006621981039643288
18078,0.006621972657740116
18079,0.006621963810175657
18080,0.0066219596192240715
18081,0.006621954031288624
18082,0.0066219512373209
18083,0.006621953099966049
18084,0.0066219512373209
18085,0.006621947977691889
18086,0.006621937267482281
18087,0.006621935870498419
18088,0.006621930748224258
18089,0.006621922831982374
18090,0.006621915847063065
18091,0.0066219111904501915
18092,0.006621904205530882
18093,0.006621896754950285
18094,0.006621892563998699
18095,0.006621888838708401
18096,0.00662188557907939
18097,0.006621883250772953
18098,0.006621876731514931
18099,0.006621874403208494
18100,0.006621864624321461
18101,0.00662186136469245
18102,0.006621856242418289
18103,0.006621852517127991
18104,0.006621848326176405
18105,0.006621843669563532
18106,0.006621839012950659
18107,0.006621831562370062
18108,0.006621828302741051
18109,0.006621822714805603
18110,0.006621819455176592
18111,0.006621815729886293
18112,0.006621810141950846
18113,0.006621802691370249
18114,0.006621797103434801
18115,0.006621797569096088
18116,0.006621792912483215
18117,0.006621786393225193
18118,0.006621779873967171
18119,0.006621777545660734
18120,0.0066217719577252865
18121,0.006621767766773701
18122,0.006621757987886667
18123,0.006621754262596369
18124,0.006621751468628645
18125,0.0066217523999512196
18126,0.006621755193918943
18127,0.006621762178838253
18128,0.006621765438467264
18129,0.006621780339628458
18130,0.0066218068823218346
18131,0.006621837615966797
18132,0.006621870677918196
18133,0.006621927954256535
18134,0.006621984299272299
18135,0.006622028071433306
18136,0.006622038781642914
18137,0.006622007116675377
18138,0.006621915381401777
18139,0.0066217947751283646
18140,0.006621710956096649
18141,0.006621683947741985
18142,0.006621698848903179
18143,0.006621730513870716
18144,0.006621733773499727
18145,0.006621706299483776
18146,0.006621668115258217
18147,0.006621652282774448
18148,0.006621658802032471
18149,0.006621671840548515
18150,0.0066216676495969296
18151,0.00662165367975831
18152,0.006621633656322956
18153,0.006621620152145624
18154,0.006621628534048796
18155,0.0066216387785971165
18156,0.00662163645029068
18157,0.006621618289500475
18158,0.006621605716645718
18159,0.006621592678129673
18160,0.0066215880215168
18161,0.006621593609452248
18162,0.006621591746807098
18163,0.006621575448662043
18164,0.006621567532420158
18165,0.006621569860726595
18166,0.006621575448662043
18167,0.006621573120355606
18168,0.006621563341468573
18169,0.006621550302952528
18170,0.0066215405240654945
18171,0.00662153959274292
18172,0.006621536798775196
18173,0.006621534004807472
18174,0.006621530745178461
18175,0.006621521431952715
18176,0.006621513515710831
18177,0.006621507462114096
18178,0.006621507927775383
18179,0.006621503736823797
18180,0.0066214981488883495
18181,0.0066214934922754765
18182,0.006621488835662603
18183,0.006621481850743294
18184,0.006621475797146559
18185,0.0066214678809046745
18186,0.006621465552598238
18187,0.006621462758630514
18188,0.0066214632242918015
18189,0.006621458102017641
18190,0.006621455308049917
18191,0.006621452514082193
18192,0.006621443200856447
18193,0.006621432490646839
18194,0.006621433421969414
18195,0.006621436215937138
18196,0.006621443200856447
18197,0.006621438078582287
18198,0.006621424574404955
18199,0.006621408276259899
18200,0.006621405947953463
18201,0.0066214026883244514
18202,0.006621398031711578
18203,0.006621399894356728
18204,0.006621398031711578
18205,0.006621386390179396
18206,0.006621379405260086
18207,0.006621376145631075
18208,0.006621368229389191
18209,0.006621368229389191
18210,0.006621364504098892
18211,0.006621362175792456
18212,0.00662135798484087
18213,0.006621347740292549
18214,0.0066213407553732395
18215,0.006621337961405516
18216,0.006621334236115217
18217,0.006621332373470068
18218,0.006621327251195908
18219,0.006621320731937885
18220,0.006621316075325012
18221,0.006621312350034714
18222,0.0066213058307766914
18223,0.006621300708502531
18224,0.00662130257114768
18225,0.006621303502470255
18226,0.006621300708502531
18227,0.006621290929615498
18228,0.006621284410357475
18229,0.006621277891099453
18230,0.006621270906180143
18231,0.006621263455599546
18232,0.006621265783905983
18233,0.006621264852583408
18234,0.006621258798986673
18235,0.006621250882744789
18236,0.0066212438978254795
18237,0.006621238309890032
18238,0.006621235981583595
18239,0.006621232721954584
18240,0.006621227134019136
18241,0.006621220614761114
18242,0.006621215026825666
18243,0.0066212136298418045
18244,0.006621206644922495
18245,0.006621202453970909
18246,0.006621203850954771
18247,0.006621203385293484
18248,0.006621198728680611
18249,0.006621192209422588
18250,0.006621183827519417
18251,0.0066211833618581295
18252,0.006621173117309809
18253,0.006621164735406637
18254,0.0066211652010679245
18255,0.0066211652010679245
18256,0.006621161475777626
18257,0.006621153559535742
18258,0.0066211470402777195
18259,0.006621141452342272
18260,0.006621138658374548
18261,0.006621137261390686
18262,0.006621135398745537
18263,0.006621127016842365
18264,0.006621119100600481
18265,0.006621114443987608
18266,0.006621107924729586
18267,0.006621106527745724
18268,0.006621107924729586
18269,0.006621111650019884
18270,0.006621112115681171
18271,0.006621103268116713
18272,0.006621089763939381
18273,0.0066210804507136345
18274,0.006621073931455612
18275,0.006621064152568579
18276,0.006621066480875015
18277,0.0066210622899234295
18278,0.006621061358600855
18279,0.006621053908020258
18280,0.0066210487857460976
18281,0.0066210441291332245
18282,0.006621038541197777
18283,0.00662103109061718
18284,0.006621028296649456
18285,0.006621023174375296
18286,0.006621019449084997
18287,0.006621014792472124
18288,0.006621013395488262
18289,0.006621008273214102
18290,0.006620998028665781
18291,0.006620993837714195
18292,0.006620991509407759
18293,0.006620984990149736
18294,0.006620981264859438
18295,0.006620978470891714
18296,0.00662097567692399
18297,0.0066209714859724045
18298,0.006620971020311117
18299,0.006620964966714382
18300,0.006620963104069233
18301,0.006620966829359531
18302,0.006620966363698244
18303,0.006620957516133785
18304,0.0066209472715854645
18305,0.006620940286666155
18306,0.006620930507779121
18307,0.006620920728892088
18308,0.0066209170036017895
18309,0.006620914209634066
18310,0.006620910484343767
18311,0.006620905827730894
18312,0.006620904430747032
18313,0.0066209048964083195
18314,0.006620902102440596
18315,0.006620902102440596
18316,0.006620901636779308
18317,0.006620903965085745
18318,0.006620895583182573
18319,0.006620883941650391
18320,0.006620869506150484
18321,0.006620865780860186
18322,0.00662085460498929
18323,0.006620847620069981
18324,0.006620845757424831
18325,0.006620844826102257
18326,0.006620841566473246
18327,0.00662083737552166
18328,0.00662083737552166
18329,0.006620835047215223
18330,0.006620835047215223
18331,0.006620835512876511
18332,0.006620835512876511
18333,0.006620829459279776
18334,0.0066208248026669025
18335,0.006620808970183134
18336,0.006620805244892836
18337,0.00662079406902194
18338,0.00662078196182847
18339,0.006620775442570448
18340,0.006620770785957575
18341,0.0066207703202962875
18342,0.006620763801038265
18343,0.0066207717172801495
18344,0.006620772182941437
18345,0.006620768923312426
18346,0.006620760541409254
18347,0.006620747037231922
18348,0.00662073353305459
18349,0.0066207218915224075
18350,0.0066207111813127995
18351,0.006620707456022501
18352,0.00662069721147418
18353,0.006620687432587147
18354,0.006620681378990412
18355,0.006620673928409815
18356,0.006620666012167931
18357,0.006620657164603472
18358,0.0066206492483615875
18359,0.00662064366042614
18360,0.006620640866458416
18361,0.0066206445917487144
18362,0.006620650179684162
18363,0.006620647851377726
18364,0.0066206445917487144
18365,0.006620641332119703
18366,0.006620641332119703
18367,0.00662063667550683
18368,0.006620627362281084
18369,0.006620613858103752
18370,0.006620601750910282
18371,0.006620587315410376
18372,0.006620572879910469
18373,0.006620560307055712
18374,0.006620544474571943
18375,0.006620530039072037
18376,0.006620521657168865
18377,0.0066205221228301525
18378,0.006620518863201141
18379,0.006620508152991533
18380,0.006620500702410936
18381,0.006620502099394798
18382,0.006620499771088362
18383,0.006620494183152914
18384,0.006620490923523903
18385,0.006620487198233604
18386,0.0066204858012497425
18387,0.006620481610298157
18388,0.006620473228394985
18389,0.006620470434427261
18390,0.006620463449507952
18391,0.006620454601943493
18392,0.006620447151362896
18393,0.006620441097766161
18394,0.006620438303798437
18395,0.006620430387556553
18396,0.006620424333959818
18397,0.006620426196604967
18398,0.006620424333959818
18399,0.006620414089411497
18400,0.006620408501476049
18401,0.006620406173169613
18402,0.006620400585234165
18403,0.006620393134653568
18404,0.006620389875024557
18405,0.00662038242444396
18406,0.006620378699153662
18407,0.006620373576879501
18408,0.006620367988944054
18409,0.0066203647293150425
18410,0.006620359141379595
18411,0.006620353553444147
18412,0.006620350293815136
18413,0.006620344240218401
18414,0.006620341446250677
18415,0.006620339583605528
18416,0.006620332598686218
18417,0.006620329804718494
18418,0.006620323751121759
18419,0.006620315369218588
18420,0.006620315834879875
18421,0.00662030978128314
18422,0.006620300933718681
18423,0.006620298605412245
18424,0.006620294414460659
18425,0.0066202906891703606
18426,0.006620284169912338
18427,0.006620277184993029
18428,0.0066202799789607525
18429,0.006620275788009167
18430,0.006620266940444708
18431,0.006620259489864111
18432,0.006620259489864111
18433,0.0066202543675899506
18434,0.006620247848331928
18435,0.006620245985686779
18436,0.006620239932090044
18437,0.0066202362067997456
18438,0.00662023201584816
18439,0.006620227824896574
18440,0.006620221305638552
18441,0.006620216649025679
18442,0.00662020780146122
18443,0.006620210129767656
18444,0.006620204541832209
18445,0.006620193365961313
18446,0.006620194762945175
18447,0.006620191037654877
18448,0.006620185915380716
18449,0.006620178930461407
18450,0.006620175205171108
18451,0.006620173342525959
18452,0.006620168685913086
18453,0.006620178930461407
18454,0.006620190106332302
18455,0.006620200350880623
18456,0.006620212458074093
18457,0.006620241794735193
18458,0.0066202906891703606
18459,0.006620354484766722
18460,0.006620465777814388
18461,0.006620598956942558
18462,0.00662070931866765
18463,0.0066207414492964745
18464,0.0066206008195877075
18465,0.006620347034186125
18466,0.006620142143219709
18467,0.006620116997510195
18468,0.006620233878493309
18469,0.006620313506573439
18470,0.006620252970606089
18471,0.006620141211897135
18472,0.00662007974460721
18473,0.006620109546929598
18474,0.006620150990784168
18475,0.006620137020945549
18476,0.006620085798203945
18477,0.006620053201913834
18478,0.006620065309107304
18479,0.006620085798203945
18480,0.006620075087994337
18481,0.0066200438886880875
18482,0.006620028987526894
18483,0.006620038766413927
18484,0.006620045751333237
18485,0.006620033178478479
18486,0.006620013155043125
18487,0.006620006635785103
18488,0.006620008498430252
18489,0.006620008032768965
18490,0.006620002910494804
18491,0.006619992200285196
18492,0.006619984284043312
18493,0.006619985681027174
18494,0.006619991268962622
18495,0.006619985215365887
18496,0.006619973108172417
18497,0.00661996565759182
18498,0.006619964260607958
18499,0.006619961000978947
18500,0.006619956810027361
18501,0.006619947496801615
18502,0.0066199456341564655
18503,0.0066199409775435925
18504,0.0066199395805597305
18505,0.006619933061301708
18506,0.006619926542043686
18507,0.006619925610721111
18508,0.006619924679398537
18509,0.0066199167631566525
18510,0.006619909778237343
18511,0.006619907915592194
18512,0.006619902793318033
18513,0.006619899533689022
18514,0.006619893945753574
18515,0.006619885563850403
18516,0.006619884632527828
18517,0.006619876250624657
18518,0.00661987392231822
18519,0.006619870662689209
18520,0.006619867868721485
18521,0.006619863212108612
18522,0.006619858555495739
18523,0.006619852967560291
18524,0.0066198548302054405
18525,0.006619849242269993
18526,0.006619838532060385
18527,0.006619834806770086
18528,0.0066198306158185005
18529,0.0066198259592056274
18530,0.006619823165237904
18531,0.006619814317673445
18532,0.006619816645979881
18533,0.006619814317673445
18534,0.006619805470108986
18535,0.0066198017448186874
18536,0.006619798485189676
18537,0.0066197956912219524
18538,0.006619791034609079
18539,0.006619784515351057
18540,0.006619779393076897
18541,0.006619774736464024
18542,0.006619769148528576
18543,0.006619768217206001
18544,0.0066197640262544155
18545,0.006619756575673819
18546,0.00661975285038352
18547,0.006619748193770647
18548,0.006619743537157774
18549,0.006619741208851337
18550,0.0066197398118674755
18551,0.006619735155254602
18552,0.006619730964303017
18553,0.006619725376367569
18554,0.006619719322770834
18555,0.006619713269174099
18556,0.0066197155974805355
18557,0.006619707681238651
18558,0.006619697902351618
18559,0.006619696971029043
18560,0.006619695574045181
18561,0.006619689986109734
18562,0.006619683466851711
18563,0.006619678344577551
18564,0.006619672756642103
18565,0.006619669031351805
18566,0.006619665306061506
18567,0.006619662512093782
18568,0.0066196611151099205
18569,0.006619657389819622
18570,0.006619649939239025
18571,0.006619641091674566
18572,0.006619640160351992
18573,0.006619638297706842
18574,0.006619637366384268
18575,0.006619632709771395
18576,0.006619621999561787
18577,0.006619618274271488
18578,0.006619612220674753
18579,0.006619608961045742
18580,0.006619601976126432
18581,0.006619598250836134
18582,0.006619592662900686
18583,0.006619588937610388
18584,0.006619587074965239
18585,0.006619584280997515
18586,0.00661957822740078
18587,0.006619573570787907
18588,0.006619568448513746
18589,0.006619561929255724
18590,0.006619560997933149
18591,0.0066195521503686905
18592,0.0066195521503686905
18593,0.006619546562433243
18594,0.006619543302804232
18595,0.006619540974497795
18596,0.006619537249207497
18597,0.0066195297986269
18598,0.006619527004659176
18599,0.006619520019739866
18600,0.006619517225772142
18601,0.0066195097751915455
18602,0.006619506515562534
18603,0.006619502790272236
18604,0.0066195023246109486
18605,0.006619498133659363
18606,0.00661949347704649
18607,0.006619482301175594
18608,0.006619478575885296
18609,0.006619475316256285
18610,0.006619470193982124
18611,0.0066194660030305386
18612,0.0066194660030305386
18613,0.006619460415095091
18614,0.006619452964514494
18615,0.006619450636208057
18616,0.00661945017054677
18617,0.006619440857321024
18618,0.0066194371320307255
18619,0.006619435269385576
18620,0.006619435269385576
18621,0.00661942595615983
18622,0.0066194189712405205
18623,0.006619419902563095
18624,0.006619420368224382
18625,0.0066194115206599236
18626,0.0066194008104503155
18627,0.006619398016482592
18628,0.006619398016482592
18629,0.006619390565901995
18630,0.006619385443627834
18631,0.006619381718337536
18632,0.006619375664740801
18633,0.0066193705424666405
18634,0.006619367748498917
18635,0.0066193644888699055
18636,0.006619358900934458
18637,0.00661935331299901
18638,0.006619351450353861
18639,0.006619342602789402
18640,0.006619337946176529
18641,0.0066193388774991035
18642,0.00661933608353138
18643,0.006619326304644346
18644,0.006619325373321772
18645,0.006619322579354048
18646,0.006619315594434738
18647,0.006619309540838003
18648,0.006619307678192854
18649,0.006619299296289682
18650,0.006619294174015522
18651,0.006619291380047798
18652,0.0066192904487252235
18653,0.006619289983063936
18654,0.0066192857921123505
18655,0.006619274616241455
18656,0.006619268096983433
18657,0.0066192676313221455
18658,0.006619261112064123
18659,0.0066192541271448135
18660,0.006619253195822239
18661,0.00661925133317709
18662,0.006619246676564217
18663,0.006619240622967482
18664,0.006619235035032034
18665,0.006619226653128862
18666,0.0066192299127578735
18667,0.006619223393499851
18668,0.006619213614612818
18669,0.006619210354983807
18670,0.006619209889322519
18671,0.006619203370064497
18672,0.006619196850806475
18673,0.006619191728532314
18674,0.006619190331548452
18675,0.006619184277951717
18676,0.006619180087000132
18677,0.0066191754303872585
18678,0.00661917170509696
18679,0.006619165651500225
18680,0.006619161926209927
18681,0.006619158200919628
18682,0.006619159132242203
18683,0.006619155406951904
18684,0.006619148422032595
18685,0.006619143299758434
18686,0.006619136780500412
18687,0.006619132589548826
18688,0.006619125138968229
18689,0.006619119085371494
18690,0.006619117688387632
18691,0.006619112100452185
18692,0.006619109772145748
18693,0.006619105115532875
18694,0.006619101855903864
18695,0.006619098596274853
18696,0.006619091145694256
18697,0.006619085092097521
18698,0.006619079504162073
18699,0.006619076710194349
18700,0.0066190725192427635
18701,0.006619073450565338
18702,0.006619077175855637
18703,0.006619075778871775
18704,0.0066190739162266254
18705,0.0066190664656460285
18706,0.006619058083742857
18707,0.006619047373533249
18708,0.006619039457291365
18709,0.0066190315410494804
18710,0.006619028281420469
18711,0.006619023624807596
18712,0.006619023159146309
18713,0.006619023624807596
18714,0.00661902129650116
18715,0.006619018968194723
18716,0.006619011517614126
18717,0.006619004998356104
18718,0.006618996150791645
18719,0.0066189938224852085
18720,0.00661899009719491
18721,0.00661897799000144
18722,0.00661897286772728
18723,0.00661897100508213
18724,0.00661896588280797
18725,0.006618961226195097
18726,0.006618956103920937
18727,0.006618956103920937
18728,0.00661894865334034
18729,0.006618943996727467
18730,0.0066189393401145935
18731,0.006618936080485582
18732,0.006618931423872709
18733,0.006618924904614687
18734,0.006618918851017952
18735,0.006618919316679239
18736,0.006618911866098642
18737,0.006618903949856758
18738,0.006618905812501907
18739,0.00661890022456646
18740,0.006618895567953587
18741,0.006618889048695564
18742,0.006618881598114967
18743,0.006618877407163382
18744,0.006618876475840807
18745,0.006618869956582785
18746,0.0066188666969537735
18747,0.0066188620403409
18748,0.006618864834308624
18749,0.006618852727115154
18750,0.006618846673518419
18751,0.006618842948228121
18752,0.006618846207857132
18753,0.006618841085582972
18754,0.006618831772357225
18755,0.0066188303753733635
18756,0.006618831772357225
18757,0.0066188327036798
18758,0.006618841085582972
18759,0.006618845742195845
18760,0.0066188606433570385
18761,0.006618881598114967
18762,0.0066188969649374485
18763,0.00661891233175993
18764,0.00661894166842103
18765,0.006618968211114407
18766,0.00661898497492075
18767,0.006618982180953026
18768,0.006618978455662727
18769,0.006618935614824295
18770,0.0066188666969537735
18771,0.006618796847760677
18772,0.006618754472583532
18773,0.0066187516786158085
18774,0.006618786137551069
18775,0.006618826650083065
18776,0.006618838291615248
18777,0.00661880848929286
18778,0.006618761923164129
18779,0.006618725601583719
18780,0.006618713494390249
18781,0.006618732586503029
18782,0.006618750747293234
18783,0.00661876006051898
18784,0.006618748418986797
18785,0.00661871861666441
18786,0.006618693470954895
18787,0.006618684623390436
18788,0.006618691608309746
18789,0.006618703715503216
18790,0.006618702784180641
18791,0.0066186897456645966
18792,0.00661867018789053
18793,0.006618659943342209
18794,0.00661865808069706
18795,0.006618669722229242
18796,0.006618679966777563
18797,0.00661867531016469
18798,0.006618655752390623
18799,0.006618636194616556
18800,0.0066186292096972466
18801,0.00661863386631012
18802,0.0066186427138745785
18803,0.0066186427138745785
18804,0.006618625018745661
18805,0.006618611514568329
18806,0.006618603598326445
18807,0.006618601735681295
18808,0.0066186063922941685
18809,0.006618602201342583
18810,0.0066185942851006985
18811,0.006618577986955643
18812,0.006618577055633068
18813,0.006618577986955643
18814,0.006618575658649206
18815,0.006618570536375046
18816,0.006618563551455736
18817,0.006618555169552565
18818,0.00661854911595583
18819,0.006618544925004244
18820,0.0066185384057462215
18821,0.00661853700876236
18822,0.006618532817810774
18823,0.006618529092520475
18824,0.006618523970246315
18825,0.006618520710617304
18826,0.006618513260036707
18827,0.00661851279437542
18828,0.006618507672101259
18829,0.006618504878133535
18830,0.0066184988245368
18831,0.006618496961891651
18832,0.006618493236601353
18833,0.006618487183004618
18834,0.006618478801101446
18835,0.006618476938456297
18836,0.006618471350520849
18837,0.006618469022214413
18838,0.006618466228246689
18839,0.006618461571633816
18840,0.006618455518037081
18841,0.00661845225840807
18842,0.006618447136133909
18843,0.0066184429451823235
18844,0.006618443410843611
18845,0.006618437822908163
18846,0.006618429906666279
18847,0.006618425715714693
18848,0.0066184233874082565
18849,0.006618419662117958
18850,0.006618415005505085
18851,0.00661840895190835
18852,0.006618407089263201
18853,0.006618400104343891
18854,0.00661839684471488
18855,0.006618395447731018
18856,0.006618391256779432
18857,0.0066183824092149734
18858,0.0066183777526021
18859,0.006618374027311802
18860,0.006618368439376354
18861,0.006618362385779619
18862,0.006618357729166746
18863,0.006618355866521597
18864,0.006618353072553873
18865,0.006618347484618425
18866,0.00661834329366684
18867,0.006618340499699116
18868,0.006618335843086243
18869,0.006618334446102381
18870,0.006618326995521784
18871,0.006618322804570198
18872,0.006618318147957325
18873,0.006618313957005739
18874,0.006618310231715441
18875,0.006618304643779993
18876,0.006618298590183258
18877,0.006618295330554247
18878,0.0066182902082800865
18879,0.0066182841546833515
18880,0.0066182781010866165
18881,0.0066182794980704784
18882,0.006618278566747904
18883,0.0066182673908770084
18884,0.006618263199925423
18885,0.006618262268602848
18886,0.006618260405957699
18887,0.006618252024054527
18888,0.0066182566806674
18889,0.00661826366558671
18890,0.006618255749344826
18891,0.006618245039135218
18892,0.0066182417795062065
18893,0.006618232931941748
18894,0.006618219427764416
18895,0.00661822035908699
18896,0.006618212908506393
18897,0.006618208717554808
18898,0.006618204992264509
18899,0.006618201266974211
18900,0.006618197541683912
18901,0.006618190556764603
18902,0.006618182174861431
18903,0.006618180312216282
18904,0.006618174724280834
18905,0.006618170998990536
18906,0.006618170067667961
18907,0.006618164945393801
18908,0.006618161220103502
18909,0.006618155632168055
18910,0.006618150509893894
18911,0.006618145387619734
18912,0.006618144456297159
18913,0.00661813747137785
18914,0.006618129555135965
18915,0.006618128623813391
18916,0.006618125829845667
18917,0.006618121173232794
18918,0.006618120241910219
18919,0.006618111860007048
18920,0.006618107669055462
18921,0.006618102081120014
18922,0.006618096958845854
18923,0.0066180964931845665
18924,0.006618093233555555
18925,0.006618087645620108
18926,0.006618079263716936
18927,0.00661807507276535
18928,0.006618068553507328
18929,0.0066180662252008915
18930,0.006618065759539604
18931,0.00661805784329772
18932,0.006618054583668709
18933,0.006618049927055836
18934,0.006618046201765537
18935,0.006618041545152664
18936,0.006618034560233355
18937,0.00661803362891078
18938,0.006618027109652758
18939,0.00661802152171731
18940,0.006618018262088299
18941,0.0066180177964270115
18942,0.006618015002459288
18943,0.0066180056892335415
18944,0.006618000101298094
18945,0.006617996841669083
18946,0.006617996376007795
18947,0.006617990788072348
18948,0.006617983337491751
18949,0.006617981940507889
18950,0.006617979146540165
18951,0.006617972161620855
18952,0.00661796610802412
18953,0.00661796098574996
18954,0.006617958191782236
18955,0.0066179512068629265
18956,0.006617952138185501
18957,0.006617952603846788
18958,0.006617950741201639
18959,0.006617949344217777
18960,0.006617948412895203
18961,0.006617947481572628
18962,0.006617944687604904
18963,0.006617942824959755
18964,0.0066179377026855946
18965,0.006617937237024307
18966,0.006617941427975893
18967,0.0066179390996694565
18968,0.0066179330460727215
18969,0.0066179255954921246
18970,0.006617918144911528
18971,0.006617912091314793
18972,0.00661791767925024
18973,0.006617913022637367
18974,0.00661790044978261
18975,0.006617899052798748
18976,0.006617894396185875
18977,0.006617886945605278
18978,0.006617875304073095
18979,0.006617866922169924
18980,0.00661785202100873
18981,0.0066178422421216965
18982,0.006617835257202387
18983,0.00661782780662179
18984,0.0066178287379443645
18985,0.006617823615670204
18986,0.006617813836783171
18987,0.006617814768105745
18988,0.006617814768105745
18989,0.006617810111492872
18990,0.00661780359223485
18991,0.006617798935621977
18992,0.0066177984699606895
18993,0.0066177863627672195
18994,0.006617780774831772
18995,0.006617777515202761
18996,0.006617776118218899
18997,0.006617770064622164
18998,0.006617764011025429
18999,0.006617757026106119
19000,0.006617752369493246
19001,0.006617753766477108
19002,0.006617748644202948
19003,0.006617743521928787
19004,0.006617741659283638
19005,0.006617739796638489
19006,0.0066177318803966045
19007,0.00661773094907403
19008,0.006617725361138582
19009,0.006617720704525709
19010,0.0066177197732031345
19011,0.00661771884188056
19012,0.006617725361138582
19013,0.006617730017751455
19014,0.00661773607134819
19015,0.0066177393309772015
19016,0.006617746315896511
19017,0.006617753766477108
19018,0.0066177682019770145
19019,0.006617793347686529
19020,0.006617809645831585
19021,0.006617811042815447
19022,0.006617826409637928
19023,0.0066178347915410995
19024,0.006617817096412182
19025,0.006617782171815634
19026,0.006617732346057892
19027,0.006617679726332426
19028,0.006617639679461718
19029,0.006617625243961811
19030,0.006617634557187557
19031,0.006617655977606773
19032,0.006617679726332426
19033,0.006617687176913023
19034,0.00661767041310668
19035,0.006617638748139143
19036,0.0066176108084619045
19037,0.006617594510316849
19038,0.006617593113332987
19039,0.006617601029574871
19040,0.006617611739784479
19041,0.006617613602429628
19042,0.006617601960897446
19043,0.006617583800107241
19044,0.006617567036300898
19045,0.0066175563260912895
19046,0.006617550738155842
19047,0.00661755446344614
19048,0.0066175502724945545
19049,0.006617546081542969
19050,0.006617535836994648
19051,0.006617528386414051
19052,0.006617528852075338
19053,0.006617523264139891
19054,0.006617518607527018
19055,0.006617511622607708
19056,0.006617506965994835
19057,0.006617505569010973
19058,0.006617499981075525
19059,0.006617497652769089
19060,0.006617490202188492
19061,0.006617484148591757
19062,0.006617485545575619
19063,0.006617479491978884
19064,0.006617475766688585
19065,0.006617478560656309
19066,0.006617477163672447
19067,0.006617474369704723
19068,0.0066174669191241264
19069,0.006617460399866104
19070,0.006617451086640358
19071,0.006617445964366198
19072,0.0066174413077533245
19073,0.006617444101721048
19074,0.006617452949285507
19075,0.00661745248362422
19076,0.006617446430027485
19077,0.006617434788495302
19078,0.006617424078285694
19079,0.006617413833737373
19080,0.006617408711463213
19081,0.006617409642785788
19082,0.006617412436753511
19083,0.00661742128431797
19084,0.006617421749979258
19085,0.0066174110397696495
19086,0.006617394741624594
19087,0.006617380306124687
19088,0.006617372389882803
19089,0.006617376115173101
19090,0.006617375649511814
19091,0.006617373321205378
19092,0.006617370527237654
19093,0.006617360282689333
19094,0.006617352366447449
19095,0.006617346312850714
19096,0.006617342121899128
19097,0.006617336999624968
19098,0.00661733653396368
19099,0.00661733653396368
19100,0.006617329083383083
19101,0.006617323961108923
19102,0.006617315113544464
19103,0.006617310456931591
19104,0.006617306731641293
19105,0.006617303006350994
19106,0.0066173020750284195
19107,0.0066172960214316845
19108,0.006617288570851088
19109,0.006617282517254353
19110,0.00661728298291564
19111,0.006617276463657618
19112,0.006617276929318905
19113,0.006617276929318905
19114,0.0066172718070447445
19115,0.006617264356464148
19116,0.006617262959480286
19117,0.006617251317948103
19118,0.006617245730012655
19119,0.006617243867367506
19120,0.006617242470383644
19121,0.006617237348109484
19122,0.00661723455414176
19123,0.0066172294318675995
19124,0.006617226172238588
19125,0.006617219187319279
19126,0.006617212668061256
19127,0.006617206614464521
19128,0.006617204751819372
19129,0.006617205683141947
19130,0.006617204751819372
19131,0.006617201492190361
19132,0.0066171931102871895
19133,0.006617183331400156
19134,0.006617181934416294
19135,0.006617175880819559
19136,0.006617167964577675
19137,0.006617165636271238
19138,0.006617163773626089
19139,0.006617160979658365
19140,0.006617157720029354
19141,0.0066171507351100445
19142,0.006617146078497171
19143,0.006617147475481033
19144,0.006617141421884298
19145,0.006617133971303701
19146,0.006617128383368254
19147,0.0066171251237392426
19148,0.006617121864110231
19149,0.0066171130165457726
19150,0.006617109291255474
19151,0.006617107428610325
19152,0.006617105565965176
19153,0.0066171009093523026
19154,0.006617095321416855
19155,0.006617092993110418
19156,0.0066170888021588326
19157,0.00661708228290081
19158,0.006617076229304075
19159,0.00661707017570734
19160,0.006617065519094467
19161,0.006617063656449318
19162,0.0066170599311590195
19163,0.0066170538775622845
19164,0.006617052014917135
19165,0.0066170478239655495
19166,0.006617046892642975
19167,0.006617045029997826
19168,0.006617041304707527
19169,0.006617035251110792
19170,0.006617038045078516
19171,0.0066170296631753445
19172,0.006617025006562471
19173,0.006617018487304449
19174,0.006617011968046427
19175,0.006617006845772266
19176,0.006616998463869095
19177,0.006616994738578796
19178,0.006616989150643349
19179,0.006616986356675625
19180,0.00661698030307889
19181,0.0066169751808047295
19182,0.006616971455514431
19183,0.00661696819588542
19184,0.00661696819588542
19185,0.006616967264562845
19186,0.0066169616766273975
19187,0.006616956554353237
19188,0.006616959348320961
19189,0.006616955157369375
19190,0.0066169509664177895
19191,0.0066169495694339275
19192,0.006616944447159767
19193,0.0066169374622404575
19194,0.00661693187430501
19195,0.006616923026740551
19196,0.006616921629756689
19197,0.006616918370127678
19198,0.006616916507482529
19199,0.006616924423724413
19200,0.006616930942982435
19201,0.00661693699657917
19202,0.006616944447159767
19203,0.006616952829062939
19204,0.006616962607949972
19205,0.006616976112127304
19206,0.00661700451746583
19207,0.006617029197514057
19208,0.0066170417703688145
19209,0.006617042701691389
19210,0.006617024540901184
19211,0.006616992875933647
19212,0.006616943050175905
19213,0.006616889499127865
19214,0.006616849452257156
19215,0.006616832222789526
19216,0.00661682803183794
19217,0.006616829428821802
19218,0.006616843398660421
19219,0.006616855505853891
19220,0.006616846192628145
19221,0.006616827566176653
19222,0.006616809871047735
19223,0.006616804748773575
19224,0.006616795435547829
19225,0.006616794038563967
19226,0.006616800092160702
19227,0.0066167982295155525
19228,0.006616790778934956
19229,0.006616783328354359
19230,0.006616772618144751
19231,0.00661676237359643
19232,0.006616758182644844
19233,0.006616754923015833
19234,0.006616750732064247
19235,0.006616747938096523
19236,0.00661674328148365
19237,0.00661673815920949
19238,0.006616735365241766
19239,0.0066167316399514675
19240,0.006616727448999882
19241,0.006616724655032158
19242,0.006616715341806412
19243,0.006616714410483837
19244,0.006616712547838688
19245,0.006616707891225815
19246,0.006616705097258091
19247,0.006616699043661356
19248,0.006616692058742046
19249,0.006616687402129173
19250,0.006616685073822737
19251,0.006616678088903427
19252,0.006616674363613129
19253,0.006616673432290554
19254,0.0066166711039841175
19255,0.006616667844355106
19256,0.00661665853112936
19257,0.0066166534088552
19258,0.006616647820919752
19259,0.006616649683564901
19260,0.006616644095629454
19261,0.006616638042032719
19262,0.00661663431674242
19263,0.006616633385419846
19264,0.0066166287288069725
19265,0.006616624537855387
19266,0.006616616155952215
19267,0.0066166105680167675
19268,0.006616611499339342
19269,0.006616605911403894
19270,0.0066165984608232975
19271,0.006616595201194286
19272,0.0066165924072265625
19273,0.006616589613258839
19274,0.006616582162678242
19275,0.006616578437387943
19276,0.006616571452468634
19277,0.006616572383791208
19278,0.00661656865850091
19279,0.006616560742259026
19280,0.006616557016968727
19281,0.006616554688662291
19282,0.0066165500320494175
19283,0.006616545841097832
19284,0.006616538856178522
19285,0.006616534665226936
19286,0.006616534199565649
19287,0.006616526748985052
19288,0.006616522558033466
19289,0.00661652022972703
19290,0.006616516504436731
19291,0.006616512779146433
19292,0.0066165076568722725
19293,0.0066165016032755375
19294,0.006616496481001377
19295,0.006616493221372366
19296,0.006616490427404642
19297,0.006616484839469194
19298,0.006616484373807907
19299,0.006616481579840183
19300,0.00661648390814662
19301,0.006616482511162758
19302,0.006616479251533747
19303,0.006616473197937012
19304,0.006616470869630575
19305,0.006616464350372553
19306,0.0066164592280983925
19307,0.006616453640162945
19308,0.006616444792598486
19309,0.006616437807679176
19310,0.006616429891437292
19311,0.006616425700485706
19312,0.006616419646888971
19313,0.0066164229065179825
19314,0.006616417784243822
19315,0.006616412196308374
19316,0.006616410333663225
19317,0.006616408471018076
19318,0.00661640428006649
19319,0.0066163986921310425
19320,0.006616389378905296
19321,0.006616383325308561
19322,0.006616378668695688
19323,0.006616372615098953
19324,0.006616365630179644
19325,0.006616365630179644
19326,0.006616364698857069
19327,0.006616360042244196
19328,0.0066163549199700356
19329,0.006616349797695875
19330,0.006616345141083002
19331,0.006616346538066864
19332,0.006616339087486267
19333,0.006616330239921808
19334,0.006616327445954084
19335,0.0066163246519863605
19336,0.006616321392357349
19337,0.0066163139417767525
19338,0.00661630742251873
19339,0.00661630230024457
19340,0.006616303697228432
19341,0.006616296712309122
19342,0.006616291124373674
19343,0.006616289261728525
19344,0.006616286467760801
19345,0.006616281345486641
19346,0.006616274826228619
19347,0.00661627110093832
19348,0.0066162655130028725
19349,0.006616268306970596
19350,0.006616262253373861
19351,0.006616258528083563
19352,0.0066162594594061375
19353,0.0066162594594061375
19354,0.006616256665438414
19355,0.00661625387147069
19356,0.0066162520088255405
19357,0.006616252940148115
19358,0.006616267841309309
19359,0.006616285536438227
19360,0.006616309750825167
19361,0.006616352126002312
19362,0.006616433151066303
19363,0.006616547703742981
19364,0.006616691127419472
19365,0.006616829428821802
19366,0.006616918370127678
19367,0.00661681592464447
19368,0.006616541650146246
19369,0.006616255734115839
19370,0.006616178900003433
19371,0.006616310682147741
19372,0.006616408471018076
19373,0.006616346072405577
19374,0.006616215221583843
19375,0.00661615701392293
19376,0.006616211961954832
19377,0.006616257596760988
19378,0.006616218015551567
19379,0.00661615002900362
19380,0.006616141647100449
19381,0.0066161868162453175
19382,0.006616209167987108
19383,0.006616172846406698
19384,0.0066161248832941055
19385,0.0066161262802779675
19386,0.00661615002900362
19387,0.006616145838052034
19388,0.006616114638745785
19389,0.006616101134568453
19390,0.006616102997213602
19391,0.006616109982132912
19392,0.006616104394197464
19393,0.006616088096052408
19394,0.0066160825081169605
19395,0.006616087164729834
19396,0.006616083439439535
19397,0.006616069935262203
19398,0.006616062950342894
19399,0.006616064812988043
19400,0.006616069935262203
19401,0.006616066209971905
19402,0.006616051774471998
19403,0.006616045255213976
19404,0.006616044789552689
19405,0.006616045720875263
19406,0.006616036873310804
19407,0.006616030354052782
19408,0.006616024766117334
19409,0.006616024766117334
19410,0.00661602383479476
19411,0.006616017781198025
19412,0.00661601172760129
19413,0.006616005674004555
19414,0.006616006605327129
19415,0.006616000086069107
19416,0.006615994498133659
19417,0.006615988910198212
19418,0.006615990772843361
19419,0.00661599263548851
19420,0.006615984719246626
19421,0.006615977268666029
19422,0.006615972146391869
19423,0.006615969352424145
19424,0.006615967024117708
19425,0.006615960504859686
19426,0.006615952588617802
19427,0.006615948863327503
19428,0.0066159446723759174
19429,0.006615940947085619
19430,0.006615935359150171
19431,0.00661593209952116
19432,0.006615929771214724
19433,0.006615923717617989
19434,0.006615918129682541
19435,0.006615918595343828
19436,0.006615915335714817
19437,0.006615910213440657
19438,0.006615904159843922
19439,0.006615905091166496
19440,0.006615899037569761
19441,0.0066158948466181755
19442,0.00661589577794075
19443,0.006615891121327877
19444,0.00661588367074728
19445,0.006615882273763418
19446,0.006615877151489258
19447,0.006615869700908661
19448,0.006615864112973213
19449,0.00661586644127965
19450,0.006615861784666777
19451,0.006615852937102318
19452,0.006615852937102318
19453,0.006615848746150732
19454,0.006615845486521721
19455,0.006615840829908848
19456,0.0066158343106508255
19457,0.006615828722715378
19458,0.006615825928747654
19459,0.006615821737796068
19460,0.006615820340812206
19461,0.006615815218538046
19462,0.006615812424570322
19463,0.006615806836634874
19464,0.006615803111344576
19465,0.006615798454731703
19466,0.006615792866796255
19467,0.006615792401134968
19468,0.0066157858818769455
19469,0.006615782622247934
19470,0.006615777965635061
19471,0.006615775637328625
19472,0.006615771912038326
19473,0.006615766789764166
19474,0.0066157616674900055
19475,0.006615757010877132
19476,0.006615756079554558
19477,0.006615751422941685
19478,0.00661574536934495
19479,0.00661574536934495
19480,0.006615742109715939
19481,0.006615736056119204
19482,0.0066157313995063305
19483,0.006615724880248308
19484,0.006615720689296722
19485,0.006615719757974148
19486,0.006615714635699987
19487,0.006615709979087114
19488,0.006615708582103252
19489,0.0066157057881355286
19490,0.006615701597183943
19491,0.006615696009248495
19492,0.006615692283958197
19493,0.006615687161684036
19494,0.006615684367716312
19495,0.006615678779780865
19496,0.006615675054490566
19497,0.006615669932216406
19498,0.0066156694665551186
19499,0.006615661550313234
19500,0.006615657825022936
19501,0.0066156527027487755
19502,0.006615647114813328
19503,0.006615644320845604
19504,0.006615643389523029
19505,0.006615641992539167
19506,0.006615635938942432
19507,0.006615628022700548
19508,0.006615623831748962
19509,0.006615620572119951
19510,0.006615620572119951
19511,0.006615618709474802
19512,0.006615610793232918
19513,0.006615602411329746
19514,0.006615595892071724
19515,0.006615599151700735
19516,0.006615599617362022
19517,0.006615591235458851
19518,0.006615583319216967
19519,0.006615576334297657
19520,0.006615570280700922
19521,0.006615566089749336
19522,0.006615567021071911
19523,0.006615565158426762
19524,0.006615559570491314
19525,0.006615550257265568
19526,0.006615543272346258
19527,0.006615541409701109
19528,0.006615540478378534
19529,0.006615540478378534
19530,0.006615534424781799
19531,0.006615526042878628
19532,0.0066155195236206055
19533,0.0066155134700238705
19534,0.0066155134700238705
19535,0.006615513935685158
19536,0.006615505088120699
19537,0.006615498103201389
19538,0.0066154878586530685
19539,0.0066154892556369305
19540,0.00661549111828208
19541,0.006615488789975643
19542,0.006615484599024057
19543,0.0066154757514595985
19544,0.0066154650412499905
19545,0.0066154589876532555
19546,0.006615456659346819
19547,0.00661545991897583
19548,0.006615448743104935
19549,0.006615444086492062
19550,0.006615440361201763
19551,0.006615437567234039
19552,0.006615432444959879
19553,0.0066154273226857185
19554,0.006615421734750271
19555,0.0066154166124761105
19556,0.006615408696234226
19557,0.006615404970943928
19558,0.006615404039621353
19559,0.006615406833589077
19560,0.006615406833589077
19561,0.006615401245653629
19562,0.006615393329411745
19563,0.00661538215354085
19564,0.00661537516862154
19565,0.006615370977669954
19566,0.0066153742372989655
19567,0.0066153667867183685
19568,0.006615359801799059
19569,0.006615357473492622
19570,0.006615351419895887
19571,0.006615343037992716
19572,0.006615339778363705
19573,0.0066153365187346935
19574,0.006615332327783108
19575,0.006615328136831522
19576,0.006615324877202511
19577,0.006615317426621914
19578,0.006615312770009041
19579,0.006615308579057455
19580,0.006615302059799433
19581,0.006615300662815571
19582,0.006615299731492996
19583,0.0066152955405414104
19584,0.006615291349589825
19585,0.006615279242396355
19586,0.006615275517106056
19587,0.006615275051444769
19588,0.006615276448428631
19589,0.006615275517106056
19590,0.006615272723138332
19591,0.0066152638755738735
19592,0.006615253631025553
19593,0.006615246180444956
19594,0.0066152410581707954
19595,0.006615243852138519
19596,0.0066152457147836685
19597,0.006615244317799807
19598,0.006615240592509508
19599,0.006615237332880497
19600,0.0066152215003967285
19601,0.006615212187170982
19602,0.006615207064896822
19603,0.006615208461880684
19604,0.006615207530558109
19605,0.0066152047365903854
19606,0.006615198217332363
19607,0.006615187507122755
19608,0.006615181919187307
19609,0.006615175399929285
19610,0.006615169811993837
19611,0.006615169811993837
19612,0.00661516934633255
19613,0.006615168415009975
19614,0.006615161895751953
19615,0.006615153979510069
19616,0.0066151428036391735
19617,0.0066151381470263
19618,0.006615132559090853
19619,0.006615129299461842
19620,0.006615126505494118
19621,0.0066151246428489685
19622,0.006615118123590946
19623,0.00661511579528451
19624,0.006615109741687775
19625,0.006615102756768465
19626,0.00661510182544589
19627,0.006615095771849155
19628,0.006615089252591133
19629,0.0066150883212685585
19630,0.006615083664655685
19631,0.006615078542381525
19632,0.006615073420107365
19633,0.006615069229155779
19634,0.006615063641220331
19635,0.006615062709897757
19636,0.00661505525931716
19637,0.00661505339667201
19638,0.006615051534026861
19639,0.006615050602704287
19640,0.00661504827439785
19641,0.00661504315212369
19642,0.00661503616720438
19643,0.006615024991333485
19644,0.006615022197365761
19645,0.006615014281123877
19646,0.006615009158849716
19647,0.006615006364881992
19648,0.006615004502236843
19649,0.006615000311285257
19650,0.00661499472334981
19651,0.006614988204091787
19652,0.006614981684833765
19653,0.006614981684833765
19654,0.006614977028220892
19655,0.006614968180656433
19656,0.006614967714995146
19657,0.006614963989704847
19658,0.006614958867430687
19659,0.006614951882511377
19660,0.006614947225898504
19661,0.0066149416379630566
19662,0.006614943500608206
19663,0.00661493418738246
19664,0.0066149295307695866
19665,0.00661492720246315
19666,0.006614922545850277
19667,0.006614918354898691
19668,0.006614910438656807
19669,0.0066149067133665085
19670,0.006614901591092348
19671,0.00661489786580205
19672,0.006614892743527889
19673,0.006614889949560165
19674,0.006614885292947292
19675,0.0066148824989795685
19676,0.006614877842366695
19677,0.0066148703917860985
19678,0.006614866200834513
19679,0.006614862009882927
19680,0.006614858750253916
19681,0.006614853627979755
19682,0.006614848040044308
19683,0.0066148461773991585
19684,0.006614844314754009
19685,0.006614842917770147
19686,0.006614841520786285
19687,0.006614837795495987
19688,0.006614833604544401
19689,0.006614833138883114
19690,0.006614823825657368
19691,0.006614819634705782
19692,0.006614813581109047
19693,0.006614807061851025
19694,0.0066147977486252785
19695,0.006614790763705969
19696,0.006614786572754383
19697,0.006614780519157648
19698,0.006614780519157648
19699,0.006614775862544775
19700,0.006614770740270615
19701,0.006614768411964178
19702,0.0066147660836577415
19703,0.006614759564399719
19704,0.006614755839109421
19705,0.006614748854190111
19706,0.006614741403609514
19707,0.00661473860964179
19708,0.006614730227738619
19709,0.00661472650244832
19710,0.006614723242819309
19711,0.006614719517529011
19712,0.00661471439525485
19713,0.006614709738641977
19714,0.00661470228806138
19715,0.006614696700125933
19716,0.006614700425416231
19717,0.006614692974835634
19718,0.00661468505859375
19719,0.006614684127271175
19720,0.006614683195948601
19721,0.006614679470658302
19722,0.006614677142351866
19723,0.006614672485738993
19724,0.006614671088755131
19725,0.006614673417061567
19726,0.006614671088755131
19727,0.006614674348384142
19728,0.0066146766766905785
19729,0.006614679470658302
19730,0.006614685989916325
19731,0.006614696700125933
19732,0.006614713463932276
19733,0.006614742334932089
19734,0.006614792626351118
19735,0.006614865269511938
19736,0.00661495653912425
19737,0.006615031976252794
19738,0.0066150641068816185
19739,0.006615015212446451
19740,0.00661488575860858
19741,0.006614710204303265
19742,0.006614591460675001
19743,0.00661459332332015
19744,0.006614673417061567
19745,0.00661473860964179
19746,0.006614721845835447
19747,0.006614638492465019
19748,0.0066145663149654865
19749,0.006614559795707464
19750,0.006614597514271736
19751,0.006614621728658676
19752,0.006614597514271736
19753,0.006614558398723602
19754,0.006614532321691513
19755,0.006614536512643099
19756,0.006614548619836569
19757,0.006614545825868845
19758,0.006614529062062502
19759,0.006614512763917446
19760,0.0066145132295787334
19761,0.00661451043561101
19762,0.00661451043561101
19763,0.006614504847675562
19764,0.006614496000111103
19765,0.006614490412175655
19766,0.006614488549530506
19767,0.006614485755562782
19768,0.006614481098949909
19769,0.0066144769079983234
19770,0.006614468526095152
19771,0.006614465732127428
19772,0.006614464335143566
19773,0.0066144587472081184
19774,0.006614454090595245
19775,0.006614448968321085
19776,0.0066144452430307865
19777,0.0066144391894340515
19778,0.00661443779245019
19779,0.00661443080753088
19780,0.006614427547901869
19781,0.00661442568525672
19782,0.006614424288272858
19783,0.006614420097321272
19784,0.006614414043724537
19785,0.00661440659314394
19786,0.0066144028678536415
19787,0.006614401005208492
19788,0.006614399142563343
19789,0.006614395882934332
19790,0.00661438936367631
19791,0.006614383775740862
19792,0.006614380981773138
19793,0.006614375859498978
19794,0.006614369340240955
19795,0.0066143665462732315
19796,0.006614367011934519
19797,0.006614360958337784
19798,0.006614355370402336
19799,0.006614350713789463
19800,0.0066143483854830265
19801,0.006614344660192728
19802,0.006614341400563717
19803,0.006614336743950844
19804,0.006614334881305695
19805,0.006614327430725098
19806,0.0066143241710960865
19807,0.006614320911467075
19808,0.006614315789192915
19809,0.006614312995225191
19810,0.006614312529563904
19811,0.006614308338612318
19812,0.006614300422370434
19813,0.006614295765757561
19814,0.0066142939031124115
19815,0.0066142878495156765
19816,0.006614287383854389
19817,0.006614287383854389
19818,0.006614281330257654
19819,0.00661427341401577
19820,0.006614270620048046
19821,0.006614264566451311
19822,0.006614259444177151
19823,0.006614256650209427
19824,0.006614261772483587
19825,0.006614255718886852
19826,0.006614248268306255
19827,0.006614241749048233
19828,0.006614240817725658
19829,0.006614238489419222
19830,0.006614236626774073
19831,0.006614233832806349
19832,0.006614228244870901
19833,0.00661421986296773
19834,0.00661421287804842
19835,0.006614209618419409
19836,0.006614205427467823
19837,0.006614202633500099
19838,0.006614203564822674
19839,0.006614202633500099
19840,0.006614192854613066
19841,0.0066141849383711815
19842,0.0066141849383711815
19843,0.006614181213080883
19844,0.0066141788847744465
19845,0.006614179816097021
19846,0.006614176090806723
19847,0.006614168640226126
19848,0.006614161655306816
19849,0.006614155601710081
19850,0.006614149082452059
19851,0.006614147685468197
19852,0.006614151410758495
19853,0.006614150479435921
19854,0.006614141631871462
19855,0.006614131387323141
19856,0.006614127196371555
19857,0.006614125333726406
19858,0.006614123471081257
19859,0.0066141244024038315
19860,0.0066141244024038315
19861,0.006614119745790958
19862,0.006614111363887787
19863,0.006614101585000753
19864,0.006614093203097582
19865,0.0066140880808234215
19866,0.006614095531404018
19867,0.006614101585000753
19868,0.006614093668758869
19869,0.006614083889871836
19870,0.006614075507968664
19871,0.006614070385694504
19872,0.0066140699200332165
19873,0.006614070851355791
19874,0.0066140699200332165
19875,0.006614066194742918
19876,0.006614048965275288
19877,0.006614041514694691
19878,0.006614043843001127
19879,0.0066140443086624146
19880,0.006614038720726967
19881,0.006614032667130232
19882,0.006614027079194784
19883,0.0066140191629529
19884,0.006614014506340027
19885,0.006614016368985176
19886,0.0066140154376626015
19887,0.006614008918404579
19888,0.006614006590098143
19889,0.006614002864807844
19890,0.006613995414227247
19891,0.00661398796364665
19892,0.006613981910049915
19893,0.006613977253437042
19894,0.006613977253437042
19895,0.006613981910049915
19896,0.006613977253437042
19897,0.006613968871533871
19898,0.006613963283598423
19899,0.006613956298679113
19900,0.0066139535047113895
19901,0.006613952573388815
19902,0.006613955833017826
19903,0.0066139535047113895
19904,0.006613947916775942
19905,0.006613939069211483
19906,0.0066139274276793
19907,0.006613919045776129
19908,0.006613920908421278
19909,0.006613912992179394
19910,0.006613916251808405
19911,0.00661391532048583
19912,0.006613908801227808
19913,0.00661390321329236
19914,0.006613896228373051
19915,0.006613889709115028
19916,0.006613886449486017
19917,0.006613887846469879
19918,0.006613879930227995
19919,0.006613875273615122
19920,0.00661387387663126
19921,0.006613869685679674
19922,0.006613866426050663
19923,0.006613858975470066
19924,0.006613855715841055
19925,0.0066138505935668945
19926,0.0066138459369540215
19927,0.006613851524889469
19928,0.006613845005631447
19929,0.006613834295421839
19930,0.006613831035792828
19931,0.006613825913518667
19932,0.006613822188228369
19933,0.006613818928599358
19934,0.006613815203309059
19935,0.006613812409341335
19936,0.006613804027438164
19937,0.00661380123347044
19938,0.006613795645534992
19939,0.006613797042518854
19940,0.006613791920244694
19941,0.006613785866647959
19942,0.0066137840040028095
19943,0.006613780278712511
19944,0.006613772362470627
19945,0.006613769102841616
19946,0.006613762583583593
19947,0.006613762583583593
19948,0.006613760720938444
19949,0.006613756995648146
19950,0.006613750010728836
19951,0.0066137476824223995
19952,0.006613742560148239
19953,0.006613736040890217
19954,0.006613738834857941
19955,0.006613732315599918
19956,0.0066137248650193214
19957,0.006613720674067736
19958,0.006613719742745161
19959,0.00661371648311615
19960,0.006613710429519415
19961,0.00661370437592268
19962,0.006613698787987232
19963,0.0066136945970356464
19964,0.006613690406084061
19965,0.006613690406084061
19966,0.00661369226872921
19967,0.006613691337406635
19968,0.006613689474761486
19969,0.006613689474761486
19970,0.0066136852838099
19971,0.0066136764362454414
19972,0.006613667588680983
19973,0.006613655481487513
19974,0.006613650359213352
19975,0.006613645702600479
19976,0.00661364383995533
19977,0.006613642442971468
19978,0.006613649427890778
19979,0.006613653153181076
19980,0.0066136522218585014
19981,0.006613651290535927
19982,0.006613655015826225
19983,0.006613647565245628
19984,0.006613636389374733
19985,0.006613627541810274
19986,0.006613616831600666
19987,0.006613606121391058
19988,0.006613595876842737
19989,0.0066135902889072895
19990,0.006613586563616991
19991,0.006613583769649267
19992,0.006613586097955704
19993,0.006613589357584715
19994,0.006613599602133036
19995,0.006613601464778185
19996,0.006613600999116898
19997,0.006613599602133036
19998,0.006613597273826599
19999,0.006613587494939566
20000,0.006613574922084808
20001,0.006613557226955891
20002,0.006613653153181076
20003,0.006613552570343018
20004,0.006613567005842924
20005,0.006613594479858875
20006,0.0066135642118752
20007,0.006613537669181824
20008,0.006613550242036581
20009,0.006613565608859062
20010,0.006613556761294603
20011,0.006613541394472122
20012,0.006613538134843111
20013,0.006613548845052719
20014,0.006613553036004305
20015,0.006613543722778559
20016,0.006613535340875387
20017,0.006613535340875387
20018,0.006613540928810835
20019,0.0066135418601334095
20020,0.006613536737859249
20021,0.006613532546907663
20022,0.006613533943891525
20023,0.006613536272197962
20024,0.0066135348752141
20025,0.006613532546907663
20026,0.006613530218601227
20027,0.006613532081246376
20028,0.006613533478230238
20029,0.006613532081246376
20030,0.006613529287278652
20031,0.006613528355956078
20032,0.0066135297529399395
20033,0.0066135297529399395
20034,0.006613526493310928
20035,0.006613525561988354
20036,0.006613526027649641
20037,0.006613526027649641
20038,0.006613525561988354
20039,0.006613525096327066
20040,0.006613522302359343
20041,0.006613523233681917
20042,0.006613524630665779
20043,0.006613521836698055
20044,0.006613521836698055
20045,0.006613520905375481
20046,0.006613519974052906
20047,0.006613520905375481
20048,0.006613519508391619
20049,0.006613519508391619
20050,0.006613518577069044
20051,0.0066135176457464695
20052,0.006613516714423895
20053,0.006613516714423895
20054,0.006613516714423895
20055,0.006613516714423895
20056,0.006613514386117458
20057,0.006613514386117458
20058,0.006613513920456171
20059,0.006613512989133596
20060,0.006613514386117458
20061,0.006613512523472309
20062,0.006613511126488447
20063,0.006613511126488447
20064,0.006613509729504585
20065,0.006613509729504585
20066,0.006613509729504585
20067,0.006613509729504585
20068,0.006613509263843298
20069,0.006613506469875574
20070,0.006613506935536861
20071,0.006613506469875574
20072,0.006613506469875574
20073,0.006613506469875574
20074,0.006613506004214287
20075,0.006613504141569138
20076,0.00661350367590785
20077,0.006613503210246563
20078,0.006613502278923988
20079,0.006613501347601414
20080,0.006613499950617552
20081,0.006613499950617552
20082,0.0066134994849562645
20083,0.006613499019294977
20084,0.006613499019294977
20085,0.006613497622311115
20086,0.006613497156649828
20087,0.006613496690988541
20088,0.006613494828343391
20089,0.006613495294004679
20090,0.006613494362682104
20091,0.006613494362682104
20092,0.006613492965698242
20093,0.006613492965698242
20094,0.006613492034375668
20095,0.006613492034375668
20096,0.00661349156871438
20097,0.006613491103053093
20098,0.006613488309085369
20099,0.006613489240407944
20100,0.0066134873777627945
20101,0.006613488309085369
20102,0.0066134873777627945
20103,0.006613486912101507
20104,0.006613485980778933
20105,0.006613485049456358
20106,0.006613482721149921
20107,0.006613483652472496
20108,0.006613482255488634
20109,0.006613482255488634
20110,0.0066134813241660595
20111,0.006613480392843485
20112,0.006613480392843485
20113,0.006613480392843485
20114,0.006613478064537048
20115,0.006613478530198336
20116,0.006613477598875761
20117,0.006613474804908037
20118,0.006613476201891899
20119,0.006613475736230612
20120,0.006613475736230612
20121,0.006613473873585463
20122,0.006613473407924175
20123,0.006613472010940313
20124,0.006613472942262888
20125,0.006613471079617739
20126,0.006613469682633877
20127,0.006613469682633877
20128,0.006613467819988728
20129,0.0066134692169725895
20130,0.0066134692169725895
20131,0.006613466888666153
20132,0.006613465491682291
20133,0.006613464094698429
20134,0.006613465957343578
20135,0.006613463629037142
20136,0.006613461766391993
20137,0.006613461766391993
20138,0.006613460835069418
20139,0.006613461300730705
20140,0.006613459903746843
20141,0.006613458972424269
20142,0.006613458506762981
20143,0.006613458041101694
20144,0.006613456644117832
20145,0.006613456644117832
20146,0.006613456178456545
20147,0.006613453850150108
20148,0.006613453384488821
20149,0.006613453850150108
20150,0.006613452918827534
20151,0.006613451987504959
20152,0.006613451521843672
20153,0.0066134510561823845
20154,0.006613449193537235
20155,0.006613448727875948
20156,0.006613448727875948
20157,0.006613448262214661
20158,0.006613448262214661
20159,0.006613446865230799
20160,0.006613446399569511
20161,0.006613444536924362
20162,0.006613444071263075
20163,0.006613443605601788
20164,0.006613442674279213
20165,0.006613443605601788
20166,0.006613441277295351
20167,0.0066134389489889145
20168,0.006613439880311489
20169,0.006613438483327627
20170,0.006613437552005053
20171,0.006613437552005053
20172,0.006613435689359903
20173,0.006613434758037329
20174,0.006613434292376041
20175,0.006613433826714754
20176,0.006613433826714754
20177,0.006613431964069605
20178,0.0066134314984083176
20179,0.006613430567085743
20180,0.006613429170101881
20181,0.006613429170101881
20182,0.006613428704440594
20183,0.006613427773118019
20184,0.006613427307456732
20185,0.0066134254448115826
20186,0.00661342591047287
20187,0.0066134254448115826
20188,0.006613423116505146
20189,0.006613424513489008
20190,0.006613422185182571
20191,0.006613420322537422
20192,0.0066134193912148476
20193,0.006613419856876135
20194,0.00661341892555356
20195,0.006613417994230986
20196,0.006613417528569698
20197,0.006613417062908411
20198,0.006613415200263262
20199,0.0066134147346019745
20200,0.006613412871956825
20201,0.006613412406295538
20202,0.006613411940634251
20203,0.006613412871956825
20204,0.006613411009311676
20205,0.006613410077989101
20206,0.006613410077989101
20207,0.0066134086810052395
20208,0.006613405421376228
20209,0.0066134072840213776
20210,0.0066134072840213776
20211,0.00661340681836009
20212,0.006613404490053654
20213,0.00661340169608593
20214,0.006613402161747217
20215,0.006613402161747217
20216,0.0066134012304246426
20217,0.006613399367779493
20218,0.006613398902118206
20219,0.006613397505134344
20220,0.006613397970795631
20221,0.006613397039473057
20222,0.006613395642489195
20223,0.006613395642489195
20224,0.00661339471116662
20225,0.006613395642489195
20226,0.006613393779844046
20227,0.006613391917198896
20228,0.006613392848521471
20229,0.006613392382860184
20230,0.006613391451537609
20231,0.006613387260586023
20232,0.006613388191908598
20233,0.006613388191908598
20234,0.006613386329263449
20235,0.006613386329263449
20236,0.006613385397940874
20237,0.0066133844666182995
20238,0.006613382138311863
20239,0.006613381206989288
20240,0.006613381206989288
20241,0.006613380275666714
20242,0.006613379344344139
20243,0.006613379344344139
20244,0.006613376550376415
20245,0.00661337748169899
20246,0.006613374687731266
20247,0.006613374687731266
20248,0.006613373756408691
20249,0.006613371893763542
20250,0.006613371893763542
20251,0.0066133723594248295
20252,0.0066133723594248295
20253,0.006613371428102255
20254,0.006613369099795818
20255,0.006613368634134531
20256,0.006613368168473244
20257,0.006613365840166807
20258,0.006613365840166807
20259,0.006613365840166807
20260,0.00661336537450552
20261,0.006613363046199083
20262,0.006613364443182945
20263,0.006613362114876509
20264,0.006613361183553934
20265,0.0066133602522313595
20266,0.00661335838958621
20267,0.00661335838958621
20268,0.006613357458263636
20269,0.006613357923924923
20270,0.006613356526941061
20271,0.006613355129957199
20272,0.006613354664295912
20273,0.0066133528016507626
20274,0.00661335326731205
20275,0.006613351870328188
20276,0.006613350939005613
20277,0.006613350007683039
20278,0.006613349076360464
20279,0.0066133481450378895
20280,0.006613347213715315
20281,0.006613347213715315
20282,0.0066133467480540276
20283,0.00661334628239274
20284,0.006613344419747591
20285,0.006613343488425016
20286,0.0066133420914411545
20287,0.00661334116011858
20288,0.00661334116011858
20289,0.00661334116011858
20290,0.006613338831812143
20291,0.006613338366150856
20292,0.006613338366150856
20293,0.006613337434828281
20294,0.0066133360378444195
20295,0.0066133346408605576
20296,0.0066133346408605576
20297,0.006613332312554121
20298,0.006613331846892834
20299,0.006613330915570259
20300,0.0066133299842476845
20301,0.00661332905292511
20302,0.00661332905292511
20303,0.006613328121602535
20304,0.006613325327634811
20305,0.006613326258957386
20306,0.006613324861973524
20307,0.006613323464989662
20308,0.006613323464989662
20309,0.0066133220680058
20310,0.006613320205360651
20311,0.006613320205360651
20312,0.006613318808376789
20313,0.006613319274038076
20314,0.0066133178770542145
20315,0.006613317411392927
20316,0.0066133164800703526
20317,0.006613316014409065
20318,0.006613313686102629
20319,0.006613312289118767
20320,0.006613312754780054
20321,0.006613310892134905
20322,0.006613309495151043
20323,0.006613309495151043
20324,0.006613308098167181
20325,0.006613306235522032
20326,0.0066133057698607445
20327,0.006613306235522032
20328,0.00661330483853817
20329,0.00661330483853817
20330,0.006613303907215595
20331,0.006613303907215595
20332,0.006613302044570446
20333,0.006613300181925297
20334,0.006613301578909159
20335,0.0066132983192801476
20336,0.0066132983192801476
20337,0.006613297387957573
20338,0.006613296456634998
20339,0.006613295525312424
20340,0.006613294593989849
20341,0.006613295525312424
20342,0.0066132927313447
20343,0.0066132922656834126
20344,0.006613291334360838
20345,0.006613289937376976
20346,0.006613289471715689
20347,0.006613289006054401
20348,0.0066132876090705395
20349,0.006613287143409252
20350,0.0066132862120866776
20351,0.00661328574642539
20352,0.006613283418118954
20353,0.006613282486796379
20354,0.006613281089812517
20355,0.0066132815554738045
20356,0.006613281089812517
20357,0.006613278761506081
20358,0.006613277830183506
20359,0.006613277830183506
20360,0.006613277364522219
20361,0.0066132755018770695
20362,0.0066132755018770695
20363,0.006613272707909346
20364,0.00661327363923192
20365,0.006613273173570633
20366,0.006613270845264196
20367,0.006613271310925484
20368,0.006613269913941622
20369,0.006613268982619047
20370,0.0066132680512964725
20371,0.0066132680512964725
20372,0.006613266188651323
20373,0.006613265722990036
20374,0.006613265257328749
20375,0.006613263860344887
20376,0.0066132633946835995
20377,0.0066132619976997375
20378,0.006613260135054588
20379,0.006613259203732014
20380,0.006613258272409439
20381,0.006613258272409439
20382,0.006613257806748152
20383,0.006613256875425577
20384,0.006613255478441715
20385,0.006613254547119141
20386,0.006613254081457853
20387,0.006613253615796566
20388,0.006613251753151417
20389,0.006613251753151417
20390,0.0066132498905062675
20391,0.00661324942484498
20392,0.006613248027861118
20393,0.006613248493522406
20394,0.006613247096538544
20395,0.006613246630877256
20396,0.0066132452338933945
20397,0.0066132452338933945
20398,0.0066132438369095325
20399,0.006613241042941809
20400,0.006613240111619234
20401,0.006613240111619234
20402,0.006613240111619234
20403,0.006613238248974085
20404,0.006613236851990223
20405,0.006613235920667648
20406,0.006613236386328936
20407,0.006613234523683786
20408,0.0066132317297160625
20409,0.006613233592361212
20410,0.0066132317297160625
20411,0.006613231264054775
20412,0.006613230798393488
20413,0.006613229867070913
20414,0.006613228004425764
20415,0.006613227538764477
20416,0.0066132270731031895
20417,0.0066132270731031895
20418,0.006613224279135466
20419,0.006613223813474178
20420,0.006613222882151604
20421,0.006613222882151604
20422,0.006613221950829029
20423,0.00661322008818388
20424,0.006613219156861305
20425,0.006613218225538731
20426,0.006613217294216156
20427,0.006613216362893581
20428,0.0066132149659097195
20429,0.006613214500248432
20430,0.0066132135689258575
20431,0.006613211706280708
20432,0.006613210774958134
20433,0.006613209843635559
20434,0.006613209843635559
20435,0.006613208446651697
20436,0.006613207049667835
20437,0.006613206118345261
20438,0.006613206118345261
20439,0.006613203790038824
20440,0.006613206118345261
20441,0.006613203324377537
20442,0.0066132014617323875
20443,0.0066132028587162495
20444,0.0066132014617323875
20445,0.006613199133425951
20446,0.006613199133425951
20447,0.006613197736442089
20448,0.006613197736442089
20449,0.00661319587379694
20450,0.0066131954081356525
20451,0.0066131954081356525
20452,0.006613193545490503
20453,0.006613192614167929
20454,0.006613191682845354
20455,0.006613189820200205
20456,0.006613189820200205
20457,0.006613188423216343
20458,0.006613186094909906
20459,0.006613186094909906
20460,0.006613186094909906
20461,0.006613187026232481
20462,0.006613184232264757
20463,0.006613182369619608
20464,0.006613181903958321
20465,0.006613179575651884
20466,0.006613179575651884
20467,0.006613179109990597
20468,0.006613179109990597
20469,0.006613177713006735
20470,0.006613176316022873
20471,0.006613176316022873
20472,0.006613175384700298
20473,0.006613174919039011
20474,0.006613173522055149
20475,0.00661317165941
20476,0.006613172125071287
20477,0.006613170728087425
20478,0.006613170728087425
20479,0.006613168865442276
20480,0.006613169331103563
20481,0.006613167002797127
20482,0.006613167002797127
20483,0.006613166071474552
20484,0.006613164208829403
20485,0.006613162811845541
20486,0.006613162811845541
20487,0.006613160949200392
20488,0.0066131604835391045
20489,0.006613160017877817
20490,0.006613158155232668
20491,0.006613157223910093
20492,0.006613157223910093
20493,0.006613155361264944
20494,0.006613155361264944
20495,0.006613153964281082
20496,0.006613153964281082
20497,0.006613153498619795
20498,0.006613151635974646
20499,0.006613150704652071
20500,0.0066131483763456345
20501,0.006613147910684347
20502,0.00661314744502306
20503,0.006613146048039198
20504,0.006613146048039198
20505,0.006613146048039198
20506,0.006613143254071474
20507,0.006613141391426325
20508,0.0066131409257650375
20509,0.006613141391426325
20510,0.006613139994442463
20511,0.006613139063119888
20512,0.006613137200474739
20513,0.0066131362691521645
20514,0.00661313533782959
20515,0.006613134406507015
20516,0.006613134406507015
20517,0.006613133009523153
20518,0.006613130681216717
20519,0.006613130681216717
20520,0.006613129749894142
20521,0.0066131288185715675
20522,0.006613127887248993
20523,0.006613127887248993
20524,0.006613125093281269
20525,0.006613123696297407
20526,0.0066131241619586945
20527,0.006613122299313545
20528,0.006613121833652258
20529,0.006613120902329683
20530,0.006613119971007109
20531,0.006613119971007109
20532,0.006613117177039385
20533,0.0066131181083619595
20534,0.00661311624571681
20535,0.006613115314394236
20536,0.006613115314394236
20537,0.006613114848732948
20538,0.006613112986087799
20539,0.006613112520426512
20540,0.006613111589103937
20541,0.0066131106577813625
20542,0.006613110192120075
20543,0.006613107863813639
20544,0.006613107863813639
20545,0.006613106932491064
20546,0.0066131060011684895
20547,0.0066131046041846275
20548,0.0066131060011684895
20549,0.006613102741539478
20550,0.006613101810216904
20551,0.0066130999475717545
20552,0.0066130999475717545
20553,0.00661309901624918
20554,0.006613098084926605
20555,0.006613095290958881
20556,0.006613096222281456
20557,0.006613094359636307
20558,0.006613094359636307
20559,0.006613093428313732
20560,0.006613090168684721
20561,0.006613091565668583
20562,0.006613088771700859
20563,0.006613088771700859
20564,0.0066130878403782845
20565,0.006613085046410561
20566,0.006613085977733135
20567,0.006613084115087986
20568,0.006613084580749273
20569,0.006613082718104124
20570,0.0066130817867815495
20571,0.006613080855458975
20572,0.006613078992813826
20573,0.006613078992813826
20574,0.006613078992813826
20575,0.006613078527152538
20576,0.006613076198846102
20577,0.0066130743362009525
20578,0.0066130743362009525
20579,0.006613072473555803
20580,0.006613073404878378
20581,0.006613072473555803
20582,0.006613071076571941
20583,0.006613070610910654
20584,0.006613069213926792
20585,0.006613068748265505
20586,0.00661306781694293
20587,0.006613066419959068
20588,0.0066130636259913445
20589,0.0066130636259913445
20590,0.006613063160330057
20591,0.006613061297684908
20592,0.006613060832023621
20593,0.006613060366362333
20594,0.006613058503717184
20595,0.0066130575723946095
20596,0.006613056641072035
20597,0.006613057106733322
20598,0.006613053847104311
20599,0.006613053847104311
20600,0.006613053381443024
20601,0.006613052450120449
20602,0.0066130501218140125
20603,0.0066130505874753
20604,0.006613047793507576
20605,0.006613048259168863
20606,0.006613046862185001
20607,0.006613046862185001
20608,0.006613044999539852
20609,0.00661304360255599
20610,0.006613042671233416
20611,0.006613040808588266
20612,0.006613040342926979
20613,0.006613039877265692
20614,0.006613038945943117
20615,0.006613037083297968
20616,0.006613037083297968
20617,0.006613035220652819
20618,0.006613034754991531
20619,0.006613034289330244
20620,0.0066130333580076694
20621,0.006613032892346382
20622,0.00661303149536252
20623,0.006613030564039946
20624,0.006613029632717371
20625,0.0066130273044109344
20626,0.006613028235733509
20627,0.006613026838749647
20628,0.006613024976104498
20629,0.006613024510443211
20630,0.006613024044781923
20631,0.006613022647798061
20632,0.006613022182136774
20633,0.0066130198538303375
20634,0.006613018922507763
20635,0.006613018456846476
20636,0.006613018456846476
20637,0.006613016128540039
20638,0.006613017059862614
20639,0.00661301426589489
20640,0.00661301426589489
20641,0.0066130138002336025
20642,0.006613012403249741
20643,0.006613010540604591
20644,0.006613010540604591
20645,0.006613008677959442
20646,0.006613008212298155
20647,0.006613006815314293
20648,0.006613005418330431
20649,0.006613004021346569
20650,0.0066130030900239944
20651,0.0066130030900239944
20652,0.0066130016930401325
20653,0.006613000296056271
20654,0.006612999364733696
20655,0.006612997967749834
20656,0.0066129970364272594
20657,0.006612996570765972
20658,0.006612994242459536
20659,0.006612994242459536
20660,0.006612991914153099
20661,0.006612992379814386
20662,0.006612990517169237
20663,0.006612991448491812
20664,0.00661299005150795
20665,0.006612988654524088
20666,0.006612985860556364
20667,0.006612986791878939
20668,0.0066129849292337894
20669,0.00661298306658864
20670,0.006612982600927353
20671,0.006612982600927353
20672,0.006612981203943491
20673,0.0066129788756370544
20674,0.0066129788756370544
20675,0.006612977012991905
20676,0.006612977012991905
20677,0.006612975150346756
20678,0.006612975616008043
20679,0.006612973287701607
20680,0.006612973287701607
20681,0.006612972356379032
20682,0.0066129714250564575
20683,0.006612970493733883
20684,0.006612969096750021
20685,0.006612968631088734
20686,0.0066129653714597225
20687,0.006612964440137148
20688,0.006612963508814573
20689,0.006612963974475861
20690,0.006612964440137148
20691,0.006612960249185562
20692,0.006612961180508137
20693,0.0066129607148468494
20694,0.006612959783524275
20695,0.006612957455217838
20696,0.006612956523895264
20697,0.006612955592572689
20698,0.0066129546612501144
20699,0.006612951401621103
20700,0.006612950470298529
20701,0.006612951401621103
20702,0.006612950470298529
20703,0.0066129486076533794
20704,0.006612947676330805
20705,0.006612946279346943
20706,0.006612945348024368
20707,0.006612943485379219
20708,0.0066129425540566444
20709,0.0066129411570727825
20710,0.006612939760088921
20711,0.006612940691411495
20712,0.006612939294427633
20713,0.006612938828766346
20714,0.006612936966121197
20715,0.006612937431782484
20716,0.0066129351034760475
20717,0.006612933240830898
20718,0.006612932775169611
20719,0.006612931843847036
20720,0.006612932309508324
20721,0.0066129304468631744
20722,0.0066129295155406
20723,0.0066129290498793125
20724,0.006612928584218025
20725,0.006612926255911589
20726,0.0066129243932664394
20727,0.006612923927605152
20728,0.006612923461943865
20729,0.00661292253062129
20730,0.006612920202314854
20731,0.006612919736653566
20732,0.006612918805330992
20733,0.006612918805330992
20734,0.006612917874008417
20735,0.006612916011363268
20736,0.006612916011363268
20737,0.006612914614379406
20738,0.006612913683056831
20739,0.0066129122860729694
20740,0.006612911820411682
20741,0.006612911354750395
20742,0.006612909026443958
20743,0.006612907629460096
20744,0.0066129062324762344
20745,0.0066129062324762344
20746,0.00661290530115366
20747,0.006612903438508511
20748,0.006612902972847223
20749,0.006612901575863361
20750,0.006612901110202074
20751,0.006612899713218212
20752,0.0066128987818956375
20753,0.006612897850573063
20754,0.006612897384911776
20755,0.006612895056605339
20756,0.006612895056605339
20757,0.006612896453589201
20758,0.0066128927282989025
20759,0.006612892262637615
20760,0.006612890399992466
20761,0.006612889934331179
20762,0.006612889003008604
20763,0.0066128880716860294
20764,0.006612885743379593
20765,0.006612884346395731
20766,0.006612885277718306
20767,0.006612882949411869
20768,0.006612881552428007
20769,0.006612881552428007
20770,0.00661288108676672
20771,0.0066128806211054325
20772,0.006612879224121571
20773,0.006612876895815134
20774,0.006612875964492559
20775,0.006612875498831272
20776,0.006612873170524836
20777,0.006612872239202261
20778,0.006612872704863548
20779,0.006612869910895824
20780,0.006612869445234537
20781,0.00661286897957325
20782,0.00661286897957325
20783,0.006612865719944239
20784,0.006612865719944239
20785,0.006612863857299089
20786,0.006612863391637802
20787,0.0066128624603152275
20788,0.006612860597670078
20789,0.006612859666347504
20790,0.006612860597670078
20791,0.006612858269363642
20792,0.006612859200686216
20793,0.00661285687237978
20794,0.006612855475395918
20795,0.006612855009734631
20796,0.006612853612750769
20797,0.006612852215766907
20798,0.006612851284444332
20799,0.0066128503531217575
20800,0.0066128503531217575
20801,0.00661284988746047
20802,0.006612846627831459
20803,0.006612845230847597
20804,0.006612845230847597
20805,0.00661284476518631
20806,0.006612843368202448
20807,0.006612840574234724
20808,0.006612840574234724
20809,0.006612839642912149
20810,0.006612837780267
20811,0.006612837780267
20812,0.006612835917621851
20813,0.006612835917621851
20814,0.006612834986299276
20815,0.006612833123654127
20816,0.00661283265799284
20817,0.006612831261008978
20818,0.006612829864025116
20819,0.006612829398363829
20820,0.006612828467041254
20821,0.0066128261387348175
20822,0.006612825207412243
20823,0.0066128261387348175
20824,0.006612824276089668
20825,0.006612823344767094
20826,0.006612821016460657
20827,0.006612821482121944
20828,0.006612819153815508
20829,0.006612818688154221
20830,0.006612817756831646
20831,0.006612815894186497
20832,0.006612816359847784
20833,0.006612814497202635
20834,0.006612813100218773
20835,0.006612812634557486
20836,0.006612811237573624
20837,0.006612810771912336
20838,0.006612809374928474
20839,0.006612807046622038
20840,0.006612807046622038
20841,0.006612805649638176
20842,0.006612804252654314
20843,0.006612803321331739
20844,0.006612803321331739
20845,0.006612802390009165
20846,0.006612800527364016
20847,0.006612800527364016
20848,0.006612798664718866
20849,0.006612798199057579
20850,0.006612796802073717
20851,0.006612794008105993
20852,0.006612794473767281
20853,0.006612794473767281
20854,0.006612792145460844
20855,0.006612791214138269
20856,0.006612790282815695
20857,0.006612788885831833
20858,0.006612788885831833
20859,0.006612788420170546
20860,0.006612786557525396
20861,0.006612786091864109
20862,0.00661278422921896
20863,0.006612781435251236
20864,0.006612780503928661
20865,0.006612780503928661
20866,0.006612778641283512
20867,0.006612779106944799
20868,0.0066127777099609375
20869,0.0066127777099609375
20870,0.006612775381654501
20871,0.006612773984670639
20872,0.006612773053348064
20873,0.006612773053348064
20874,0.006612770725041628
20875,0.006612769328057766
20876,0.006612768396735191
20877,0.006612768396735191
20878,0.006612766068428755
20879,0.006612766068428755
20880,0.006612766068428755
20881,0.006612763274461031
20882,0.006612763274461031
20883,0.006612761411815882
20884,0.006612760946154594
20885,0.006612757686525583
20886,0.006612757686525583
20887,0.006612755823880434
20888,0.006612756289541721
20889,0.006612755823880434
20890,0.006612754426896572
20891,0.006612753961235285
20892,0.0066127534955739975
20893,0.006612750235944986
20894,0.006612749304622412
20895,0.006612748838961124
20896,0.0066127474419772625
20897,0.006612748373299837
20898,0.006612746510654688
20899,0.006612745113670826
20900,0.006612744182348251
20901,0.006612742319703102
20902,0.006612740457057953
20903,0.006612739525735378
20904,0.006612739525735378
20905,0.006612738594412804
20906,0.006612738128751516
20907,0.006612736731767654
20908,0.0066127353347837925
20909,0.006612734403461218
20910,0.006612733006477356
20911,0.006612731609493494
20912,0.006612730678170919
20913,0.006612730212509632
20914,0.006612729746848345
20915,0.006612728349864483
20916,0.006612726021558046
20917,0.006612725555896759
20918,0.006612724158912897
20919,0.006612724158912897
20920,0.006612721830606461
20921,0.006612720433622599
20922,0.006612720433622599
20923,0.006612718570977449
20924,0.006612718105316162
20925,0.006612718570977449
20926,0.006612715777009726
20927,0.006612715777009726
20928,0.006612713914364576
20929,0.006612712517380714
20930,0.006612712517380714
20931,0.006612710654735565
20932,0.006612709257751703
20933,0.006612709723412991
20934,0.006612707860767841
20935,0.0066127050668001175
20936,0.006612705532461405
20937,0.006612703204154968
20938,0.006612703669816256
20939,0.006612702272832394
20940,0.006612701341509819
20941,0.006612698547542095
20942,0.00661269947886467
20943,0.006612697616219521
20944,0.006612695753574371
20945,0.006612696219235659
20946,0.006612695287913084
20947,0.006612693425267935
20948,0.0066126929596066475
20949,0.006612691096961498
20950,0.006612689234316349
20951,0.006612691096961498
20952,0.006612687837332487
20953,0.006612687837332487
20954,0.006612685509026051
20955,0.006612685043364763
20956,0.006612684112042189
20957,0.006612682249397039
20958,0.006612682249397039
20959,0.0066126808524131775
20960,0.006612679921090603
20961,0.006612679455429316
20962,0.006612678058445454
20963,0.006612676661461592
20964,0.006612675730139017
20965,0.006612673867493868
20966,0.006612672936171293
20967,0.006612672936171293
20968,0.006612671073526144
20969,0.006612671539187431
20970,0.006612667813897133
20971,0.006612669210880995
20972,0.0066126687452197075
20973,0.006612666416913271
20974,0.006612664554268122
20975,0.006612664088606834
20976,0.00661266315728426
20977,0.006612662225961685
20978,0.006612660363316536
20979,0.006612659897655249
20980,0.006612659431993961
20981,0.006612657103687525
20982,0.006612657569348812
20983,0.006612655706703663
20984,0.006612654775381088
20985,0.006612654775381088
20986,0.006612651981413364
20987,0.0066126505844295025
20988,0.006612650118768215
20989,0.006612649653106928
20990,0.006612647790461779
20991,0.006612647790461779
20992,0.006612645927816629
20993,0.0066126445308327675
20994,0.006612644996494055
20995,0.006612642668187618
20996,0.006612640805542469
20997,0.006612640805542469
20998,0.006612639408558607
20999,0.006612638011574745
21000,0.006612637545913458
21001,0.006612635683268309
21002,0.006612636148929596
21003,0.006612633354961872
21004,0.006612633354961872
21005,0.00661263195797801
21006,0.0066126310266554356
21007,0.006612629629671574
21008,0.006612627767026424
21009,0.00661262683570385
21010,0.006612625904381275
21011,0.0066126249730587006
21012,0.006612624507397413
21013,0.006612622179090977
21014,0.006612621247768402
21015,0.006612621247768402
21016,0.00661261985078454
21017,0.006612619385123253
21018,0.006612617522478104
21019,0.006612616591155529
21020,0.006612615194171667
21021,0.00661261472851038
21022,0.00661261472851038
21023,0.006612613797187805
21024,0.006612611934542656
21025,0.006612611468881369
21026,0.006612611003220081
21027,0.00661260774359107
21028,0.006612607277929783
21029,0.006612605415284634
21030,0.006612604949623346
21031,0.006612604483962059
21032,0.0066126021556556225
21033,0.006612601224333048
21034,0.006612600293010473
21035,0.006612599361687899
21036,0.006612597033381462
21037,0.006612597033381462
21038,0.006612596567720175
21039,0.006612594239413738
21040,0.006612594239413738
21041,0.006612592376768589
21042,0.006612592842429876
21043,0.006612590979784727
21044,0.00661259051412344
21045,0.0066125886514782906
21046,0.006612587254494429
21047,0.006612585857510567
21048,0.006612584926187992
21049,0.00661258352920413
21050,0.0066125825978815556
21051,0.006612581666558981
21052,0.006612580735236406
21053,0.006612579803913832
21054,0.00661257840692997
21055,0.00661257840692997
21056,0.006612577475607395
21057,0.0066125765442848206
21058,0.006612574681639671
21059,0.006612574681639671
21060,0.006612572818994522
21061,0.00661257142201066
21062,0.0066125704906880856
21063,0.006612569559365511
21064,0.006612569559365511
21065,0.006612569559365511
21066,0.006612566765397787
21067,0.006612566765397787
21068,0.006612563971430063
21069,0.006612562108784914
21070,0.006612562108784914
21071,0.0066125597804784775
21072,0.00661255931481719
21073,0.006612558849155903
21074,0.006612556986510754
21075,0.006612556520849466
21076,0.006612556520849466
21077,0.006612554658204317
21078,0.006612554658204317
21079,0.006612550932914019
21080,0.006612551864236593
21081,0.006612550932914019
21082,0.006612548604607582
21083,0.00661254720762372
21084,0.006612545810639858
21085,0.006612544879317284
21086,0.006612543947994709
21087,0.006612543016672134
21088,0.006612543016672134
21089,0.0066125402227044106
21090,0.006612539291381836
21091,0.006612537894397974
21092,0.006612536963075399
21093,0.006612536497414112
21094,0.006612534634768963
21095,0.0066125341691076756
21096,0.006612534634768963
21097,0.006612531840801239
21098,0.006612530909478664
21099,0.00661252997815609
21100,0.0066125281155109406
21101,0.006612527649849653
21102,0.006612525787204504
21103,0.006612524855881929
21104,0.0066125234588980675
21105,0.006612522527575493
21106,0.006612521130591631
21107,0.0066125220619142056
21108,0.006612520199269056
21109,0.006612518802285194
21110,0.0066125174053013325
21111,0.006612516473978758
21112,0.006612515542656183
21113,0.006612514611333609
21114,0.006612513680011034
21115,0.006612512283027172
21116,0.0066125113517045975
21117,0.006612510420382023
21118,0.006612510420382023
21119,0.006612508557736874
21120,0.006612506695091724
21121,0.00661250576376915
21122,0.006612506229430437
21123,0.006612504366785288
21124,0.006612502504140139
21125,0.006612500175833702
21126,0.006612500175833702
21127,0.006612499710172415
21128,0.006612498313188553
21129,0.006612495984882116
21130,0.006612496450543404
21131,0.006612495519220829
21132,0.006612494122236967
21133,0.006612492725253105
21134,0.0066124917939305305
21135,0.006612488534301519
21136,0.006612488999962807
21137,0.006612487602978945
21138,0.0066124871373176575
21139,0.006612486205995083
21140,0.0066124857403337955
21141,0.006612483412027359
21142,0.006612483877688646
21143,0.006612480152398348
21144,0.006612479221075773
21145,0.006612480152398348
21146,0.006612479221075773
21147,0.006612476427108049
21148,0.006612476427108049
21149,0.006612475495785475
21150,0.0066124736331403255
21151,0.006612472701817751
21152,0.006612470373511314
21153,0.006612470839172602
21154,0.006612468510866165
21155,0.0066124689765274525
21156,0.006612466648221016
21157,0.006612465716898441
21158,0.006612464319914579
21159,0.006612463854253292
21160,0.006612461991608143
21161,0.006612461991608143
21162,0.006612460128962994
21163,0.006612459663301706
21164,0.006612458266317844
21165,0.00661245733499527
21166,0.006612454541027546
21167,0.0066124554723501205
21168,0.006612453609704971
21169,0.006612453609704971
21170,0.006612451747059822
21171,0.006612451281398535
21172,0.0066124494187533855
21173,0.006612448953092098
21174,0.006612446624785662
21175,0.006612445693463087
21176,0.006612445693463087
21177,0.0066124433651566505
21178,0.006612442899495363
21179,0.006612441968172789
21180,0.006612441036850214
21181,0.006612439174205065
21182,0.0066124387085437775
21183,0.00661243824288249
21184,0.006612436380237341
21185,0.006612434983253479
21186,0.006612434051930904
21187,0.006612433586269617
21188,0.006612430792301893
21189,0.0066124312579631805
21190,0.006612430326640606
21191,0.006612428463995457
21192,0.006612427067011595
21193,0.0066124266013503075
21194,0.006612423807382584
21195,0.006612423807382584
21196,0.006612423341721296
21197,0.006612421944737434
21198,0.00661242101341486
21199,0.006612420082092285
21200,0.006612418219447136
21201,0.006612418219447136
21202,0.006612416356801987
21203,0.006612414959818125
21204,0.006612411700189114
21205,0.006612413562834263
21206,0.006612411700189114
21207,0.006612410768866539
21208,0.006612410768866539
21209,0.00661240890622139
21210,0.0066124070435762405
21211,0.006612405180931091
21212,0.006612404249608517
21213,0.00661240192130208
21214,0.006612402852624655
21215,0.0066124023869633675
21216,0.006612400058656931
21217,0.006612400058656931
21218,0.006612398196011782
21219,0.006612398196011782
21220,0.006612395867705345
21221,0.0066123963333666325
21222,0.006612393539398909
21223,0.006612392142415047
21224,0.006612390745431185
21225,0.006612389348447323
21226,0.0066123888827860355
21227,0.006612387485802174
21228,0.006612385623157024
21229,0.006612385623157024
21230,0.006612385623157024
21231,0.00661238469183445
21232,0.0066123828291893005
21233,0.006612381897866726
21234,0.006612379569560289
21235,0.006612379569560289
21236,0.006612378638237715
21237,0.0066123767755925655
21238,0.006612376309931278
21239,0.006612376309931278
21240,0.006612374447286129
21241,0.006612371187657118
21242,0.006612369790673256
21243,0.006612368393689394
21244,0.0066123707219958305
21245,0.006612369325011969
21246,0.006612367462366819
21247,0.006612366996705532
21248,0.0066123646683990955
21249,0.00661236559972167
21250,0.006612362805753946
21251,0.006612363271415234
21252,0.006612360943108797
21253,0.006612360943108797
21254,0.006612359080463648
21255,0.006612357683479786
21256,0.006612357217818499
21257,0.006612355355173349
21258,0.0066123539581894875
21259,0.0066123534925282
21260,0.006612352095544338
21261,0.006612349767237902
21262,0.006612349301576614
21263,0.00661234837025404
21264,0.00661234837025404
21265,0.0066123465076088905
21266,0.006612345576286316
21267,0.006612344644963741
21268,0.006612343247979879
21269,0.0066123418509960175
21270,0.006612339522689581
21271,0.006612339057028294
21272,0.006612339057028294
21273,0.006612337194383144
21274,0.006612336728721857
21275,0.006612335331737995
21276,0.006612334866076708
21277,0.0066123344004154205
21278,0.006612331606447697
21279,0.006612330209463835
21280,0.006612331606447697
21281,0.0066123283468186855
21282,0.0066123283468186855
21283,0.006612326949834824
21284,0.006612325552850962
21285,0.006612325552850962
21286,0.006612324621528387
21287,0.006612321827560663
21288,0.006612321827560663
21289,0.006612320430576801
21290,0.006612319033592939
21291,0.006612318102270365
21292,0.0066123176366090775
21293,0.006612315773963928
21294,0.006612314376980066
21295,0.006612313445657492
21296,0.006612312979996204
21297,0.00661231204867363
21298,0.0066123101860284805
21299,0.006612308789044619
21300,0.006612308789044619
21301,0.006612306460738182
21302,0.006612306460738182
21303,0.0066123055294156075
21304,0.006612302735447884
21305,0.006612302735447884
21306,0.006612301804125309
21307,0.00661229994148016
21308,0.0066122980788350105
21309,0.006612298544496298
21310,0.0066122980788350105
21311,0.006612297147512436
21312,0.006612295750528574
21313,0.0066122934222221375
21314,0.0066122934222221375
21315,0.0066122934222221375
21316,0.006612290628254414
21317,0.006612288765609264
21318,0.00661228783428669
21319,0.006612286902964115
21320,0.006612286437302828
21321,0.006612284574657679
21322,0.006612282712012529
21323,0.006612281780689955
21324,0.006612281780689955
21325,0.00661228084936738
21326,0.006612279452383518
21327,0.006612277589738369
21328,0.006612278986722231
21329,0.006612277124077082
21330,0.0066122738644480705
21331,0.0066122752614319324
21332,0.006612272467464209
21333,0.006612272001802921
21334,0.006612270604819059
21335,0.00661226874217391
21336,0.0066122678108513355
21337,0.006612267345190048
21338,0.006612266413867474
21339,0.006612265482544899
21340,0.00661226361989975
21341,0.0066122631542384624
21342,0.0066122617572546005
21343,0.0066122617572546005
21344,0.006612260360270739
21345,0.006612258031964302
21346,0.0066122571006417274
21347,0.006612256169319153
21348,0.006612255237996578
21349,0.006612253841012716
21350,0.006612252444028854
21351,0.006612252909690142
21352,0.00661225151270628
21353,0.006612250115722418
21354,0.006612248253077269
21355,0.006612247321754694
21356,0.006612246856093407
21357,0.006612245924770832
21358,0.00661224452778697
21359,0.0066122435964643955
21360,0.006612241733819246
21361,0.006612240802496672
21362,0.006612239871174097
21363,0.00661223940551281
21364,0.006612237077206373
21365,0.006612237077206373
21366,0.006612235214561224
21367,0.006612235680222511
21368,0.006612233351916075
21369,0.006612233351916075
21370,0.0066122324205935
21371,0.006612230557948351
21372,0.006612230092287064
21373,0.006612228229641914
21374,0.006612227763980627
21375,0.0066122254356741905
21376,0.0066122254356741905
21377,0.006612224038690329
21378,0.006612223573029041
21379,0.006612221710383892
21380,0.00661222031340003
21381,0.006612219847738743
21382,0.006612218916416168
21383,0.006612216588109732
21384,0.006612216122448444
21385,0.00661221519112587
21386,0.006612214259803295
21387,0.006612212397158146
21388,0.0066122133284807205
21389,0.006612211931496859
21390,0.0066122086718678474
21391,0.00661220820620656
21392,0.006612206343561411
21393,0.006612205412238836
21394,0.006612204946577549
21395,0.006612203549593687
21396,0.006612201686948538
21397,0.006612201686948538
21398,0.006612200755625963
21399,0.006612199824303389
21400,0.006612198892980814
21401,0.006612197030335665
21402,0.0066121951676905155
21403,0.006612194702029228
21404,0.006612193305045366
21405,0.006612193305045366
21406,0.00661219097673893
21407,0.00661219097673893
21408,0.006612190045416355
21409,0.006612188182771206
21410,0.006612187251448631
21411,0.006612186320126057
21412,0.006612185388803482
21413,0.006612184923142195
21414,0.006612183526158333
21415,0.006612181197851896
21416,0.006612180266529322
21417,0.006612179800868034
21418,0.00661217886954546
21419,0.006612176541239023
21420,0.006612176075577736
21421,0.006612175609916449
21422,0.006612174212932587
21423,0.0066121723502874374
21424,0.0066121723502874374
21425,0.006612169090658426
21426,0.006612169090658426
21427,0.006612168624997139
21428,0.0066121662966907024
21429,0.0066121662966907024
21430,0.006612164434045553
21431,0.006612164434045553
21432,0.006612162105739117
21433,0.006612160708755255
21434,0.00661215977743268
21435,0.006612159311771393
21436,0.006612158380448818
21437,0.006612157914787531
21438,0.006612156517803669
21439,0.006612155120819807
21440,0.006612153258174658
21441,0.006612152326852083
21442,0.006612150929868221
21443,0.006612150464206934
21444,0.006612149067223072
21445,0.006612147204577923
21446,0.00661214767023921
21447,0.006612144876271486
21448,0.006612143013626337
21449,0.006612143013626337
21450,0.006612141150981188
21451,0.006612138822674751
21452,0.006612137891352177
21453,0.006612136960029602
21454,0.006612137891352177
21455,0.0066121360287070274
21456,0.006612135097384453
21457,0.006612133234739304
21458,0.006612132303416729
21459,0.0066121299751102924
21460,0.0066121299751102924
21461,0.006612129043787718
21462,0.006612128112465143
21463,0.006612126249819994
21464,0.006612124852836132
21465,0.006612124387174845
21466,0.0066121225245296955
21467,0.006612120661884546
21468,0.006612120196223259
21469,0.006612118799239397
21470,0.006612117867916822
21471,0.0066121164709329605
21472,0.006612115073949099
21473,0.006612113676965237
21474,0.006612113211303949
21475,0.0066121104173362255
21476,0.006612109486013651
21477,0.006612108554691076
21478,0.006612108089029789
21479,0.006612106692045927
21480,0.0066121043637394905
21481,0.006612105295062065
21482,0.006612102501094341
21483,0.006612102501094341
21484,0.006612100638449192
21485,0.00661209924146533
21486,0.006612097844481468
21487,0.006612096447497606
21488,0.006612096447497606
21489,0.006612093187868595
21490,0.006612093187868595
21491,0.006612093187868595
21492,0.006612090859562159
21493,0.006612088996917009
21494,0.006612088065594435
21495,0.006612088065594435
21496,0.006612085271626711
21497,0.006612085271626711
21498,0.006612084340304136
21499,0.006612083408981562
21500,0.0066120820119977
21501,0.0066120820119977
21502,0.006612080615013838
21503,0.006612077821046114
21504,0.006612078286707401
21505,0.006612075492739677
21506,0.00661207502707839
21507,0.006612074561417103
21508,0.006612073630094528
21509,0.00661206990480423
21510,0.00661206990480423
21511,0.0066120680421590805
21512,0.006612067110836506
21513,0.006612066179513931
21514,0.006612063385546207
21515,0.006612064782530069
21516,0.00661206291988492
21517,0.006612062454223633
21518,0.006612061522901058
21519,0.006612059660255909
21520,0.00661205779761076
21521,0.006612056400626898
21522,0.006612056866288185
21523,0.006612054072320461
21524,0.006612054072320461
21525,0.006612051278352737
21526,0.00661205081269145
21527,0.00661205081269145
21528,0.006612048950046301
21529,0.006612048018723726
21530,0.00661204569041729
21531,0.006612046156078577
21532,0.006612044293433428
21533,0.006612044293433428
21534,0.006612042430788279
21535,0.006612042430788279
21536,0.006612041499465704
21537,0.00661203870549798
21538,0.006612039171159267
21539,0.0066120377741754055
21540,0.006612034980207682
21541,0.006612034980207682
21542,0.006612034048885107
21543,0.00661203358322382
21544,0.006612031254917383
21545,0.006612030323594809
21546,0.006612028460949659
21547,0.006612027995288372
21548,0.00661202659830451
21549,0.006612027063965797
21550,0.006612024735659361
21551,0.006612024269998074
21552,0.006612022873014212
21553,0.006612022407352924
21554,0.006612020079046488
21555,0.006612018682062626
21556,0.006612019147723913
21557,0.006612016819417477
21558,0.006612014025449753
21559,0.006612015422433615
21560,0.006612014956772327
21561,0.006612012162804604
21562,0.006612010300159454
21563,0.006612010300159454
21564,0.006612007971853018
21565,0.006612007040530443
21566,0.006612006574869156
21567,0.006612006109207869
21568,0.006612005177885294
21569,0.006612002849578857
21570,0.00661200238391757
21571,0.0066120014525949955
21572,0.006611999589949846
21573,0.006611998658627272
21574,0.006611998192965984
21575,0.006611996330320835
21576,0.006611994933336973
21577,0.006611994467675686
21578,0.006611992139369249
21579,0.006611992605030537
21580,0.006611990742385387
21581,0.0066119893454015255
21582,0.006611988879740238
21583,0.006611986551433802
21584,0.006611985620111227
21585,0.00661198515444994
21586,0.006611982360482216
21587,0.006611981894820929
21588,0.006611982360482216
21589,0.006611980032175779
21590,0.006611979100853205
21591,0.006611978635191917
21592,0.006611977703869343
21593,0.006611975841224194
21594,0.006611974909901619
21595,0.006611972581595182
21596,0.0066119711846113205
21597,0.006611970718950033
21598,0.006611970253288746
21599,0.006611968856304884
21600,0.006611967924982309
21601,0.006611966527998447
21602,0.00661196606233716
21603,0.006611964199692011
21604,0.006611962802708149
21605,0.006611962337046862
21606,0.006611961405724287
21607,0.006611962337046862
21608,0.006611960474401712
21609,0.006611958146095276
21610,0.006611956749111414
21611,0.006611955817788839
21612,0.006611956283450127
21613,0.006611954420804977
21614,0.006611951626837254
21615,0.006611951626837254
21616,0.006611950695514679
21617,0.00661194883286953
21618,0.006611947901546955
21619,0.006611946038901806
21620,0.006611944641917944
21621,0.006611944641917944
21622,0.006611942313611507
21623,0.006611942313611507
21624,0.006611941382288933
21625,0.006611940450966358
21626,0.006611938588321209
21627,0.00661193672567606
21628,0.006611935794353485
21629,0.006611935794353485
21630,0.006611935794353485
21631,0.006611932534724474
21632,0.006611932534724474
21633,0.006611932534724474
21634,0.006611930672079325
21635,0.006611928343772888
21636,0.006611926946789026
21637,0.006611925084143877
21638,0.006611925084143877
21639,0.006611923221498728
21640,0.006611923221498728
21641,0.006611920893192291
21642,0.006611921358853579
21643,0.006611920427531004
21644,0.006611919496208429
21645,0.0066119167022407055
21646,0.006611916236579418
21647,0.006611916236579418
21648,0.006611913908272982
21649,0.006611913908272982
21650,0.006611911579966545
21651,0.006611909717321396
21652,0.006611910182982683
21653,0.006611908785998821
21654,0.006611906457692385
21655,0.006611905992031097
21656,0.00661190552636981
21657,0.006611904129385948
21658,0.006611904129385948
21659,0.006611902266740799
21660,0.006611900869756937
21661,0.006611899472773075
21662,0.0066118985414505005
21663,0.0066118971444666386
21664,0.006611894816160202
21665,0.006611894816160202
21666,0.0066118924878537655
21667,0.0066118910908699036
21668,0.006611889693886042
21669,0.006611889693886042
21670,0.00661188829690218
21671,0.0066118864342570305
21672,0.006611886899918318
21673,0.006611884105950594
21674,0.006611884105950594
21675,0.006611881777644157
21676,0.006611881777644157
21677,0.006611882243305445
21678,0.006611880846321583
21679,0.0066118789836764336
21680,0.006611878052353859
21681,0.006611876655369997
21682,0.006611873395740986
21683,0.0066118743270635605
21684,0.006611874792724848
21685,0.006611870601773262
21686,0.006611870601773262
21687,0.0066118692047894
21688,0.0066118682734668255
21689,0.006611867342144251
21690,0.006611865479499102
21691,0.00661186408251524
21692,0.006611864548176527
21693,0.0066118622198700905
21694,0.006611861288547516
21695,0.006611859425902367
21696,0.006611858494579792
21697,0.006611857563257217
21698,0.006611856631934643
21699,0.006611855700612068
21700,0.006611854303628206
21701,0.006611853372305632
21702,0.006611851509660482
21703,0.006611850578337908
21704,0.006611850578337908
21705,0.006611849181354046
21706,0.006611846853047609
21707,0.006611846853047609
21708,0.0066118440590798855
21709,0.006611843127757311
21710,0.006611842196434736
21711,0.006611841265112162
21712,0.006611840799450874
21713,0.006611840799450874
21714,0.006611838471144438
21715,0.006611838471144438
21716,0.006611838471144438
21717,0.006611835677176714
21718,0.006611835211515427
21719,0.006611834745854139
21720,0.006611832417547703
21721,0.006611831020563841
21722,0.006611829157918692
21723,0.006611828692257404
21724,0.00661182776093483
21725,0.006611827295273542
21726,0.0066118258982896805
21727,0.0066118245013058186
21728,0.006611823104321957
21729,0.006611821241676807
21730,0.00661182077601552
21731,0.006611820310354233
21732,0.0066118184477090836
21733,0.006611817982047796
21734,0.006611817516386509
21735,0.00661181565374136
21736,0.006611812859773636
21737,0.006611812859773636
21738,0.006611810531467199
21739,0.006611810997128487
21740,0.006611810065805912
21741,0.00661180866882205
21742,0.006611806806176901
21743,0.0066118063405156136
21744,0.006611804477870464
21745,0.006611804943531752
21746,0.006611803080886602
21747,0.006611802149564028
21748,0.006611799355596304
21749,0.0066118002869188786
21750,0.006611799355596304
21751,0.006611799355596304
21752,0.006611796095967293
21753,0.006611794698983431
21754,0.006611794698983431
21755,0.006611792836338282
21756,0.006611791905015707
21757,0.006611790042370558
21758,0.006611790042370558
21759,0.006611787714064121
21760,0.006611787248402834
21761,0.006611786317080259
21762,0.00661178445443511
21763,0.006611783988773823
21764,0.0066117821261286736
21765,0.006611780729144812
21766,0.006611778866499662
21767,0.006611777935177088
21768,0.006611777003854513
21769,0.006611778400838375
21770,0.006611775606870651
21771,0.006611774675548077
21772,0.006611774675548077
21773,0.0066117714159190655
21774,0.0066117714159190655
21775,0.006611768621951342
21776,0.006611767690628767
21777,0.006611768621951342
21778,0.006611766759306192
21779,0.006611766293644905
21780,0.006611764896661043
21781,0.006611763499677181
21782,0.006611762102693319
21783,0.006611761171370745
21784,0.006611759774386883
21785,0.006611758377403021
21786,0.0066117579117417336
21787,0.006611757446080446
21788,0.006611756514757872
21789,0.0066117532551288605
21790,0.006611752789467573
21791,0.0066117518581449986
21792,0.006611750926822424
21793,0.006611749529838562
21794,0.006611748598515987
21795,0.0066117472015321255
21796,0.006611745338886976
21797,0.006611744873225689
21798,0.006611744873225689
21799,0.006611742544919252
21800,0.006611741613596678
21801,0.006611740216612816
21802,0.006611738819628954
21803,0.006611738819628954
21804,0.006611737422645092
21805,0.0066117350943386555
21806,0.006611735559999943
21807,0.006611734163016081
21808,0.006611731834709644
21809,0.006611731369048357
21810,0.006611729506403208
21811,0.006611728575080633
21812,0.006611726246774197
21813,0.006611725781112909
21814,0.006611724384129047
21815,0.0066117229871451855
21816,0.006611722055822611
21817,0.006611722055822611
21818,0.006611721124500036
21819,0.006611721124500036
21820,0.006611720193177462
21821,0.0066117187961936
21822,0.0066117169335484505
21823,0.006611716467887163
21824,0.006611714139580727
21825,0.006611712742596865
21826,0.006611712276935577
21827,0.006611710414290428
21828,0.006611709017306566
21829,0.006611707620322704
21830,0.006611707620322704
21831,0.006611705292016268
21832,0.0066117048263549805
21833,0.006611704360693693
21834,0.006611702963709831
21835,0.00661169970408082
21836,0.006611701101064682
21837,0.006611699238419533
21838,0.006611698307096958
21839,0.0066116973757743835
21840,0.006611694116145372
21841,0.006611694116145372
21842,0.0066116927191615105
21843,0.0066116913221776485
21844,0.006611690390855074
21845,0.006611690390855074
21846,0.006611688528209925
21847,0.006611688528209925
21848,0.0066116866655647755
21849,0.006611685734242201
21850,0.006611683871597052
21851,0.006611684337258339
21852,0.006611683405935764
21853,0.006611682008951902
21854,0.006611681077629328
21855,0.0066116792149841785
21856,0.006611678283661604
21857,0.006611677352339029
21858,0.00661167548969388
21859,0.006611674092710018
21860,0.0066116731613874435
21861,0.006611672230064869
21862,0.006611671298742294
21863,0.006611671298742294
21864,0.006611669901758432
21865,0.0066116685047745705
21866,0.006611665710806847
21867,0.006611665245145559
21868,0.006611664779484272
21869,0.006611663848161697
21870,0.0066116624511778355
21871,0.0066116610541939735
21872,0.0066116610541939735
21873,0.00661165826022625
21874,0.006611657794564962
21875,0.006611655466258526
21876,0.006611654534935951
21877,0.006611654069274664
21878,0.006611652672290802
21879,0.006611652672290802
21880,0.0066116503439843655
21881,0.0066116503439843655
21882,0.006611649412661791
21883,0.006611647550016642
21884,0.006611647084355354
21885,0.006611645687371492
21886,0.006611643359065056
21887,0.006611643359065056
21888,0.0066116428934037685
21889,0.006611640099436045
21890,0.006611641030758619
21891,0.006611639633774757
21892,0.006611637305468321
21893,0.006611637305468321
21894,0.006611634977161884
21895,0.006611634977161884
21896,0.006611633580178022
21897,0.0066116321831941605
21898,0.0066116321831941605
21899,0.006611630320549011
21900,0.006611629389226437
21901,0.006611627992242575
21902,0.006611627526581287
21903,0.006611625198274851
21904,0.0066116247326135635
21905,0.006611623801290989
21906,0.006611622404307127
21907,0.00661162193864584
21908,0.006611621007323265
21909,0.006611617747694254
21910,0.006611618213355541
21911,0.006611615885049105
21912,0.00661161495372653
21913,0.0066116140224039555
21914,0.006611613091081381
21915,0.0066116126254200935
21916,0.006611611694097519
21917,0.00661160983145237
21918,0.0066116079688072205
21919,0.006611607037484646
21920,0.0066116065718233585
21921,0.006611604709178209
21922,0.006611604709178209
21923,0.00661160284653306
21924,0.0066116019152104855
21925,0.0066116005182266235
21926,0.006611600052565336
21927,0.006611599121242762
21928,0.006611597258597612
21929,0.006611597258597612
21930,0.006611596327275038
21931,0.006611593998968601
21932,0.006611592136323452
21933,0.0066115898080170155
21934,0.00661159073933959
21935,0.006611588876694441
21936,0.0066115884110331535
21937,0.006611586548388004
21938,0.00661158561706543
21939,0.006611584685742855
21940,0.0066115823574364185
21941,0.006611582823097706
21942,0.006611580960452557
21943,0.006611580494791269
21944,0.006611579097807407
21945,0.0066115777008235455
21946,0.006611576769500971
21947,0.006611575372517109
21948,0.006611573044210672
21949,0.00661157350987196
21950,0.006611572578549385
21951,0.0066115716472268105
21952,0.006611569784581661
21953,0.006611568387597799
21954,0.006611567921936512
21955,0.00661156652495265
21956,0.0066115655936300755
21957,0.006611564662307501
21958,0.006611561868339777
21959,0.006611563730984926
21960,0.00661156140267849
21961,0.006611560471355915
21962,0.006611560005694628
21963,0.0066115581430494785
21964,0.0066115581430494785
21965,0.006611557211726904
21966,0.006611554883420467
21967,0.0066115534864366055
21968,0.006611552555114031
21969,0.0066115520894527435
21970,0.006611550692468882
21971,0.00661154929548502
21972,0.006611548829823732
21973,0.0066115474328398705
21974,0.006611546967178583
21975,0.006611544173210859
21976,0.006611543707549572
21977,0.00661154231056571
21978,0.006611540913581848
21979,0.006611540913581848
21980,0.0066115399822592735
21981,0.006611538119614124
21982,0.00661153718829155
21983,0.006611536256968975
21984,0.0066115353256464005
21985,0.006611534394323826
21986,0.006611533463001251
21987,0.006611531134694815
21988,0.006611529737710953
21989,0.006611528340727091
21990,0.006611528340727091
21991,0.006611527409404516
21992,0.00661152508109808
21993,0.006611525546759367
21994,0.0066115232184529305
21995,0.0066115218214690685
21996,0.006611522752791643
21997,0.006611520890146494
21998,0.006611520890146494
21999,0.006611519027501345
22000,0.006611517630517483
22001,0.0066115157678723335
22002,0.006611515302211046
22003,0.006611513905227184
22004,0.006611512042582035
22005,0.006611511576920748
22006,0.006611510645598173
22007,0.006611509248614311
22008,0.006611507851630449
22009,0.006611507851630449
22010,0.006611504592001438
22011,0.006611504126340151
22012,0.006611504126340151
22013,0.006611502263695002
22014,0.006611500401049852
22015,0.006611501332372427
22016,0.006611499469727278
22017,0.006611498538404703
22018,0.006611497141420841
22019,0.006611495744436979
22020,0.006611495744436979
22021,0.0066114929504692554
22022,0.006611492019146681
22023,0.006611490156501532
22024,0.006611490156501532
22025,0.006611489225178957
22026,0.006611488293856382
22027,0.006611487362533808
22028,0.006611486431211233
22029,0.006611485965549946
22030,0.006611484568566084
22031,0.006611482705920935
22032,0.0066114808432757854
22033,0.0066114808432757854
22034,0.006611479911953211
22035,0.006611478049308062
22036,0.0066114766523242
22037,0.0066114766523242
22038,0.0066114747896790504
22039,0.006611474324017763
22040,0.006611471064388752
22041,0.006611471530050039
22042,0.006611470133066177
22043,0.006611469201743603
22044,0.006611466873437166
22045,0.006611467804759741
22046,0.006611466407775879
22047,0.006611465476453304
22048,0.006611463613808155
22049,0.006611462216824293
22050,0.006611460819840431
22051,0.006611459888517857
22052,0.006611458491533995
22053,0.006611458025872707
22054,0.006611455697566271
22055,0.006611456163227558
22056,0.006611453369259834
22057,0.006611453369259834
22058,0.006611453369259834
22059,0.006611451040953398
22060,0.006611451040953398
22061,0.0066114491783082485
22062,0.006611448246985674
22063,0.006611447315663099
22064,0.006611446384340525
22065,0.0066114445216953754
22066,0.006611443590372801
22067,0.006611442659050226
22068,0.006611441262066364
22069,0.006611439865082502
22070,0.006611438933759928
22071,0.0066114370711147785
22072,0.006611434742808342
22073,0.006611435674130917
22074,0.006611432880163193
22075,0.006611433811485767
22076,0.006611431948840618
22077,0.006611431948840618
22078,0.006611430086195469
22079,0.006611430086195469
22080,0.00661142822355032
22081,0.006611425895243883
22082,0.0066114263609051704
22083,0.006611423566937447
22084,0.006611424498260021
22085,0.006611422635614872
22086,0.006611421704292297
22087,0.006611419841647148
22088,0.0066114189103245735
22089,0.006611418444663286
22090,0.006611415650695562
22091,0.0066114142537117004
22092,0.0066114142537117004
22093,0.006611413788050413
22094,0.006611412391066551
22095,0.006611410994082689
22096,0.006611410994082689
22097,0.006611408665776253
22098,0.0066114082001149654
22099,0.006611406337469816
22100,0.006611406337469816
22101,0.006611405406147242
22102,0.006611403543502092
22103,0.006611402612179518
22104,0.006611401680856943
22105,0.0066114007495343685
22106,0.006611398886889219
22107,0.006611399352550507
22108,0.006611397955566645
22109,0.0066113946959376335
22110,0.006611395627260208
22111,0.006611393764615059
22112,0.006611392833292484
22113,0.006611391436308622
22114,0.006611390504986048
22115,0.006611389573663473
22116,0.0066113886423408985
22117,0.006611386314034462
22118,0.006611386314034462
22119,0.006611384451389313
22120,0.006611384451389313
22121,0.006611383054405451
22122,0.0066113825887441635
22123,0.006611381657421589
22124,0.006611379329115152
22125,0.0066113779321312904
22126,0.006611376069486141
22127,0.006611376069486141
22128,0.006611374206840992
22129,0.006611374672502279
22130,0.006611372344195843
22131,0.0066113718785345554
22132,0.006611369084566832
22133,0.006611368153244257
22134,0.006611369550228119
22135,0.006611368153244257
22136,0.006611366290599108
22137,0.006611365359276533
22138,0.006611363496631384
22139,0.006611363030970097
22140,0.006611362099647522
22141,0.0066113597713410854
22142,0.006611359305679798
22143,0.006611358840018511
22144,0.006611356511712074
22145,0.0066113555803895
22146,0.006611355114728212
22147,0.00661135371774435
22148,0.006611352786421776
22149,0.006611351855099201
22150,0.006611349061131477
22151,0.006611349992454052
22152,0.006611347664147615
22153,0.006611346732825041
22154,0.006611345801502466
22155,0.006611345335841179
22156,0.006611345335841179
22157,0.006611343007534742
22158,0.006611342076212168
22159,0.0066113402135670185
22160,0.006611339282244444
22161,0.006611338350921869
22162,0.006611337885260582
22163,0.006611336953938007
22164,0.006611334625631571
22165,0.006611333694308996
22166,0.006611332762986422
22167,0.006611332762986422
22168,0.006611331831663847
22169,0.00661132950335741
22170,0.0066113281063735485
22171,0.006611327175050974
22172,0.006611325312405825
22173,0.006611324846744537
22174,0.00661132438108325
22175,0.006611322518438101
22176,0.0066113220527768135
22177,0.006611321121454239
22178,0.006611320655792952
22179,0.006611317861825228
22180,0.006611318793147802
22181,0.006611316464841366
22182,0.006611315533518791
22183,0.006611314136534929
22184,0.006611313670873642
22185,0.006611310876905918
22186,0.006611310876905918
22187,0.006611310411244631
22188,0.006611309014260769
22189,0.006611308082938194
22190,0.006611306220293045
22191,0.006611306220293045
22192,0.006611304357647896
22193,0.006611304357647896
22194,0.006611302495002747
22195,0.006611301098018885
22196,0.00661130016669631
22197,0.006611299701035023
22198,0.00661130016669631
22199,0.006611296907067299
22200,0.006611295510083437
22201,0.006611293647438288
22202,0.006611292716115713
22203,0.006611290853470564
22204,0.006611290853470564
22205,0.006611288990825415
22206,0.006611288990825415
22207,0.00661128805950284
22208,0.00661128805950284
22209,0.006611286196857691
22210,0.006611285265535116
22211,0.006611283868551254
22212,0.006611282471567392
22213,0.006611281540244818
22214,0.006611280608922243
22215,0.006611280143260956
22216,0.006611278746277094
22217,0.006611276417970657
22218,0.006611276883631945
22219,0.0066112736240029335
22220,0.0066112736240029335
22221,0.006611273158341646
22222,0.006611272692680359
22223,0.006611269898712635
22224,0.00661126896739006
22225,0.0066112675704061985
22226,0.006611268036067486
22227,0.006611266639083624
22228,0.006611264310777187
22229,0.006611262913793325
22230,0.006611262448132038
22231,0.006611262913793325
22232,0.006611259654164314
22233,0.006611259188503027
22234,0.006611258257180452
22235,0.006611256394535303
22236,0.00661125686019659
22237,0.006611253134906292
22238,0.006611253600567579
22239,0.006611252669245005
22240,0.006611250806599855
22241,0.006611249875277281
22242,0.0066112494096159935
22243,0.006611248478293419
22244,0.00661124661564827
22245,0.00661124661564827
22246,0.006611245218664408
22247,0.006611242890357971
22248,0.006611243821680546
22249,0.0066112433560192585
22250,0.006611240562051535
22251,0.00661123963072896
22252,0.006611238699406385
22253,0.0066112373024225235
22254,0.006611236836761236
22255,0.006611235439777374
22256,0.006611234042793512
22257,0.006611233111470938
22258,0.006611230783164501
22259,0.0066112312488257885
22260,0.006611228920519352
22261,0.006611229386180639
22262,0.006611226126551628
22263,0.006611226592212915
22264,0.0066112251952290535
22265,0.006611223332583904
22266,0.006611221935600042
22267,0.006611221469938755
22268,0.006611220072954893
22269,0.006611218675971031
22270,0.006611218675971031
22271,0.006611216347664595
22272,0.006611215882003307
22273,0.006611214485019445
22274,0.006611213553696871
22275,0.006611213553696871
22276,0.006611211225390434
22277,0.006611209828406572
22278,0.00661121029406786
22279,0.006611208897083998
22280,0.006611208897083998
22281,0.0066112070344388485
22282,0.006611203774809837
22283,0.00661120330914855
22284,0.006611202843487263
22285,0.006611200515180826
22286,0.006611201446503401
22287,0.006611199118196964
22288,0.006611196789890528
22289,0.006611195858567953
22290,0.006611195858567953
22291,0.0066111949272453785
22292,0.006611192133277655
22293,0.006611192598938942
22294,0.006611190736293793
22295,0.006611189339309931
22296,0.006611187011003494
22297,0.006611188407987356
22298,0.00661118607968092
22299,0.00661118607968092
22300,0.00661118607968092
22301,0.00661118421703577
22302,0.006611183285713196
22303,0.006611181423068047
22304,0.006611180026084185
22305,0.006611181423068047
22306,0.006611179560422897
22307,0.0066111767664551735
22308,0.0066111767664551735
22309,0.006611174903810024
22310,0.006611174438148737
22311,0.00661117397248745
22312,0.0066111721098423
22313,0.006611171178519726
22314,0.006611171644181013
22315,0.006611168850213289
22316,0.006611167918890715
22317,0.006611167918890715
22318,0.006611166521906853
22319,0.006611165124922991
22320,0.006611164193600416
22321,0.00661116186529398
22322,0.006611160468310118
22323,0.006611160468310118
22324,0.006611160468310118
22325,0.006611158140003681
22326,0.006611155346035957
22327,0.006611155346035957
22328,0.006611153483390808
22329,0.006611153949052095
22330,0.0066111525520682335
22331,0.006611151620745659
22332,0.006611151155084372
22333,0.00661114975810051
22334,0.006611148826777935
22335,0.006611148361116648
22336,0.0066111464984714985
22337,0.006611147429794073
22338,0.006611144635826349
22339,0.006611142307519913
22340,0.006611141841858625
22341,0.006611142307519913
22342,0.006611140910536051
22343,0.006611139513552189
22344,0.006611137185245752
22345,0.00661113578826189
22346,0.006611133459955454
22347,0.006611132528632879
22348,0.0066111329942941666
22349,0.006611131597310305
22350,0.006611129734665155
22351,0.006611129269003868
22352,0.0066111283376812935
22353,0.006611127406358719
22354,0.006611126475036144
22355,0.006611125078052282
22356,0.006611124146729708
22357,0.0066111222840845585
22358,0.006611122749745846
22359,0.006611120421439409
22360,0.006611118093132973
22361,0.006611119024455547
22362,0.0066111162304878235
22363,0.0066111162304878235
22364,0.006611115299165249
22365,0.0066111134365201
22366,0.0066111134365201
22367,0.006611112505197525
22368,0.006611110642552376
22369,0.006611109245568514
22370,0.006611109245568514
22371,0.006611105985939503
22372,0.006611105985939503
22373,0.006611105985939503
22374,0.006611103657633066
22375,0.006611102260649204
22376,0.006611102260649204
22377,0.006611099932342768
22378,0.006611098535358906
22379,0.0066110980696976185
22380,0.006611097138375044
22381,0.006611095275729895
22382,0.00661109434440732
22383,0.006611093413084745
22384,0.006611092947423458
22385,0.006611091550439596
22386,0.006611091550439596
22387,0.006611088290810585
22388,0.006611088756471872
22389,0.006611088290810585
22390,0.0066110859625041485
22391,0.006611085031181574
22392,0.006611084099858999
22393,0.006611083634197712
22394,0.00661108223721385
22395,0.006611081305891275
22396,0.006611079443246126
22397,0.006611079443246126
22398,0.00661107711493969
22399,0.00661107711493969
22400,0.006611074320971966
22401,0.006611074786633253
22402,0.0066110724583268166
22403,0.006611071527004242
22404,0.0066110724583268166
22405,0.006611070595681667
22406,0.006611070595681667
22407,0.006611068267375231
22408,0.006611066870391369
22409,0.00661106500774622
22410,0.00661106500774622
22411,0.00661106314510107
22412,0.006611064076423645
22413,0.006611062213778496
22414,0.006611061282455921
22415,0.006611059885472059
22416,0.006611059419810772
22417,0.006611056625843048
22418,0.006611057091504335
22419,0.0066110556945204735
22420,0.0066110542975366116
22421,0.006611054763197899
22422,0.006611053366214037
22423,0.006611050572246313
22424,0.006611048709601164
22425,0.006611047778278589
22426,0.006611047778278589
22427,0.006611044984310865
22428,0.006611045449972153
22429,0.006611044052988291
22430,0.006611043121665716
22431,0.006611043121665716
22432,0.006611041724681854
22433,0.00661104079335928
22434,0.006611037068068981
22435,0.006611037999391556
22436,0.0066110375337302685
22437,0.006611035671085119
22438,0.006611034274101257
22439,0.006611033342778683
22440,0.006611032411456108
22441,0.006611031945794821
22442,0.006611030548810959
22443,0.006611030548810959
22444,0.006611027754843235
22445,0.006611025892198086
22446,0.00661102682352066
22447,0.006611024960875511
22448,0.006611024495214224
22449,0.0066110217012465
22450,0.006611022166907787
22451,0.006611020769923925
22452,0.006611018907278776
22453,0.0066110179759562016
22454,0.006611015647649765
22455,0.006611015181988478
22456,0.006611013785004616
22457,0.006611012853682041
22458,0.0066110133193433285
22459,0.0066110119223594666
22460,0.006611010525375605
22461,0.00661100959405303
22462,0.006611008197069168
22463,0.006611006800085306
22464,0.006611004937440157
22465,0.006611004937440157
22466,0.006611003074795008
22467,0.006611003074795008
22468,0.006611002143472433
22469,0.006611000746488571
22470,0.006610997952520847
22471,0.00661099748685956
22472,0.006610996555536985
22473,0.006610996089875698
22474,0.006610994227230549
22475,0.006610994692891836
22476,0.006610993295907974
22477,0.006610991433262825
22478,0.006610991433262825
22479,0.006610990036278963
22480,0.006610987242311239
22481,0.0066109877079725266
22482,0.006610984914004803
22483,0.006610985845327377
22484,0.006610983517020941
22485,0.0066109830513596535
22486,0.006610982120037079
22487,0.006610981188714504
22488,0.00661098025739193
22489,0.006610977463424206
22490,0.006610976066440344
22491,0.006610976066440344
22492,0.006610976066440344
22493,0.006610974203795195
22494,0.00661097327247262
22495,0.006610972806811333
22496,0.006610971409827471
22497,0.006610968615859747
22498,0.006610968615859747
22499,0.006610966753214598
22500,0.00661096628755331
22501,0.006610964424908161
22502,0.0066109648905694485
22503,0.0066109634935855865
22504,0.006610962096601725
22505,0.006610960233956575
22506,0.006610959302634001
22507,0.006610956974327564
22508,0.0066109574399888515
22509,0.006610955111682415
22510,0.006610954646021128
22511,0.006610952317714691
22512,0.006610953249037266
22513,0.006610952317714691
22514,0.0066109513863921165
22515,0.006610948592424393
22516,0.006610948592424393
22517,0.006610948592424393
22518,0.006610945798456669
22519,0.00661094393581152
22520,0.006610944867134094
22521,0.006610943470150232
22522,0.006610942538827658
22523,0.006610941141843796
22524,0.0066109392791986465
22525,0.006610938347876072
22526,0.006610936485230923
22527,0.006610935088247061
22528,0.006610936019569635
22529,0.0066109332256019115
22530,0.0066109332256019115
22531,0.006610931362956762
22532,0.006610929034650326
22533,0.006610929500311613
22534,0.006610930431634188
22535,0.006610926706343889
22536,0.00661092484369874
22537,0.006610925309360027
22538,0.00661092484369874
22539,0.0066109225153923035
22540,0.0066109225153923035
22541,0.006610920652747154
22542,0.0066109211184084415
22543,0.00661091785877943
22544,0.00661091785877943
22545,0.006610915996134281
22546,0.0066109150648117065
22547,0.006610915530472994
22548,0.00661091273650527
22549,0.006610912270843983
22550,0.0066109104081988335
22551,0.0066109104081988335
22552,0.006610909476876259
22553,0.006610908545553684
22554,0.00661090761423111
22555,0.006610906682908535
22556,0.0066109043546020985
22557,0.006610904820263386
22558,0.006610901560634375
22559,0.0066109006293118
22560,0.006610899697989225
22561,0.0066108983010053635
22562,0.006610897835344076
22563,0.0066108969040215015
22564,0.00661089550703764
22565,0.006610894110053778
22566,0.0066108922474086285
22567,0.006610891316086054
22568,0.006610891781747341
22569,0.006610890384763479
22570,0.006610889453440905
22571,0.006610888056457043
22572,0.006610887125134468
22573,0.006610885728150606
22574,0.006610885262489319
22575,0.006610882934182882
22576,0.006610882002860308
22577,0.006610881071537733
22578,0.006610880605876446
22579,0.006610879674553871
22580,0.006610877811908722
22581,0.006610875949263573
22582,0.006610877346247435
22583,0.006610876880586147
22584,0.0066108740866184235
22585,0.006610873155295849
22586,0.006610872223973274
22587,0.006610870361328125
22588,0.00661086943000555
22589,0.006610868498682976
22590,0.006610867567360401
22591,0.0066108666360378265
22592,0.006610865239053965
22593,0.006610865239053965
22594,0.006610862445086241
22595,0.006610862445086241
22596,0.006610861513763666
22597,0.00661085918545723
22598,0.006610859651118517
22599,0.006610856857150793
22600,0.0066108559258282185
22601,0.0066108545288443565
22602,0.006610854994505644
22603,0.006610853131860495
22604,0.006610852666199207
22605,0.00661085220053792
22606,0.0066108498722314835
22607,0.006610848940908909
22608,0.006610847543925047
22609,0.006610847543925047
22610,0.006610846146941185
22611,0.006610845681279898
22612,0.0066108438186347485
22613,0.0066108424216508865
22614,0.006610841024667025
22615,0.00661084009334445
22616,0.006610838696360588
22617,0.0066108377650380135
22618,0.0066108363680541515
22619,0.00661083497107029
22620,0.00661083497107029
22621,0.006610834039747715
22622,0.006610833574086428
22623,0.006610832177102566
22624,0.006610832177102566
22625,0.0066108303144574165
22626,0.006610828451812267
22627,0.006610826123505831
22628,0.006610827054828405
22629,0.006610824726521969
22630,0.006610824726521969
22631,0.006610824726521969
22632,0.006610821932554245
22633,0.00661082286387682
22634,0.00661082100123167
22635,0.0066108196042478085
22636,0.006610818672925234
22637,0.006610816810280085
22638,0.006610817275941372
22639,0.006610815413296223
22640,0.006610814947634935
22641,0.006610814016312361
22642,0.006610810291022062
22643,0.006610811222344637
22644,0.006610810291022062
22645,0.0066108074970543385
22646,0.006610806565731764
22647,0.006610805634409189
22648,0.006610805168747902
22649,0.006610805634409189
22650,0.006610803306102753
22651,0.006610801909118891
22652,0.0066108000464737415
22653,0.006610800512135029
22654,0.006610797718167305
22655,0.00661079864948988
22656,0.006610797718167305
22657,0.0066107953898608685
22658,0.0066107939928770065
22659,0.006610793527215719
22660,0.006610792130231857
22661,0.006610791198909283
22662,0.006610790733247995
22663,0.006610790267586708
22664,0.006610787473618984
22665,0.00661078654229641
22666,0.006610786076635122
22667,0.00661078467965126
22668,0.0066107832826673985
22669,0.006610781420022249
22670,0.006610781420022249
22671,0.006610780023038387
22672,0.006610778626054525
22673,0.006610777694731951
22674,0.006610777694731951
22675,0.006610776763409376
22676,0.006610773969441652
22677,0.00661077257245779
22678,0.0066107711754739285
22679,0.006610769312828779
22680,0.0066107711754739285
22681,0.0066107697784900665
22682,0.00661076745018363
22683,0.006610766518861055
22684,0.006610765587538481
22685,0.006610764656215906
22686,0.0066107637248933315
22687,0.006610762793570757
22688,0.006610762793570757
22689,0.006610759999603033
22690,0.006610758602619171
22691,0.0066107576712965965
22692,0.006610757205635309
22693,0.006610755808651447
22694,0.006610754877328873
22695,0.0066107530146837234
22696,0.0066107530146837234
22697,0.006610752083361149
22698,0.006610750686377287
22699,0.006610751152038574
22700,0.006610749755054712
22701,0.00661074835807085
22702,0.006610748823732138
22703,0.0066107469610869884
22704,0.006610743701457977
22705,0.006610744632780552
22706,0.006610743701457977
22707,0.006610741838812828
22708,0.006610741838812828
22709,0.006610740441828966
22710,0.006610738579183817
22711,0.006610737647861242
22712,0.00661073625087738
22713,0.006610735785216093
22714,0.0066107348538935184
22715,0.0066107334569096565
22716,0.006610731594264507
22717,0.006610730662941933
22718,0.006610730662941933
22719,0.006610728334635496
22720,0.0066107274033129215
22721,0.006610726471990347
22722,0.006610725075006485
22723,0.006610724609345198
22724,0.006610723678022623
22725,0.0066107227467000484
22726,0.006610720418393612
22727,0.006610720418393612
22728,0.006610718555748463
22729,0.006610717158764601
22730,0.0066107152961194515
22731,0.006610714830458164
22732,0.006610714364796877
22733,0.00661071389913559
22734,0.00661071389913559
22735,0.0066107106395065784
22736,0.0066107092425227165
22737,0.0066107092425227165
22738,0.006610707379877567
22739,0.00661070691421628
22740,0.006610705517232418
22741,0.0066107045859098434
22742,0.0066107031889259815
22743,0.006610702723264694
22744,0.00661070179194212
22745,0.006610700860619545
22746,0.006610699463635683
22747,0.0066106971353292465
22748,0.006610696669667959
22749,0.006610695738345385
22750,0.006610696204006672
22751,0.006610693875700235
22752,0.006610693875700235
22753,0.0066106910817325115
22754,0.006610690150409937
22755,0.006610690616071224
22756,0.006610688753426075
22757,0.0066106878221035
22758,0.0066106864251196384
22759,0.006610684562474489
22760,0.0066106850281357765
22761,0.006610684562474489
22762,0.006610683165490627
22763,0.00661068269982934
22764,0.0066106803715229034
22765,0.0066106803715229034
22766,0.0066106789745390415
22767,0.0066106789745390415
22768,0.006610676180571318
22769,0.006610674783587456
22770,0.006610673386603594
22771,0.0066106729209423065
22772,0.0066106729209423065
22773,0.006610671058297157
22774,0.006610669195652008
22775,0.0066106682643294334
22776,0.006610667333006859
22777,0.006610665936022997
22778,0.00661066547036171
22779,0.006610664073377848
22780,0.0066106622107326984
22781,0.006610662676393986
22782,0.006610662676393986
22783,0.006610659882426262
22784,0.006610659416764975
22785,0.006610657554119825
22786,0.006610657554119825
22787,0.006610655691474676
22788,0.0066106547601521015
22789,0.006610654294490814
22790,0.006610652897506952
22791,0.006610651966184378
22792,0.0066106501035392284
22793,0.006610649172216654
22794,0.0066106487065553665
22795,0.00661064637824893
22796,0.006610645912587643
22797,0.006610645446926355
22798,0.006610644515603781
22799,0.0066106426529586315
22800,0.00661064125597477
22801,0.006610640324652195
22802,0.00661063939332962
22803,0.006610638927668333
22804,0.006610637065023184
22805,0.006610636133700609
22806,0.006610633805394173
22807,0.006610634736716747
22808,0.006610632874071598
22809,0.006610631011426449
22810,0.006610631011426449
22811,0.006610630080103874
22812,0.0066106291487813
22813,0.006610627751797438
22814,0.006610626354813576
22815,0.0066106244921684265
22816,0.006610623560845852
22817,0.006610623560845852
22818,0.006610621698200703
22819,0.0066106198355555534
22820,0.0066106198355555534
22821,0.006610617972910404
22822,0.0066106184385716915
22823,0.00661061704158783
22824,0.00661061517894268
22825,0.00661061517894268
22826,0.006610614247620106
22827,0.006610612850636244
22828,0.006610611919313669
22829,0.006610611919313669
22830,0.006610609591007233
22831,0.006610609591007233
22832,0.0066106063313782215
22833,0.006610606797039509
22834,0.0066106063313782215
22835,0.006610604468733072
22836,0.006610600743442774
22837,0.006610602606087923
22838,0.006610599812120199
22839,0.006610600743442774
22840,0.006610598415136337
22841,0.006610596552491188
22842,0.006610597018152475
22843,0.0066105956211686134
22844,0.0066105942241847515
22845,0.006610593758523464
22846,0.006610592361539602
22847,0.006610591430217028
22848,0.006610591895878315
22849,0.006610588636249304
22850,0.006610588636249304
22851,0.006610587704926729
22852,0.006610586307942867
22853,0.006610584910959005
22854,0.006610584445297718
22855,0.006610581185668707
22856,0.006610581185668707
22857,0.006610579323023558
22858,0.006610579323023558
22859,0.006610577460378408
22860,0.006610577926039696
22861,0.006610575597733259
22862,0.006610574666410685
22863,0.006610574200749397
22864,0.006610573269426823
22865,0.006610570941120386
22866,0.006610569078475237
22867,0.0066105700097978115
22868,0.006610567681491375
22869,0.006610568147152662
22870,0.006610567681491375
22871,0.0066105667501688
22872,0.006610565353184938
22873,0.006610564421862364
22874,0.006610562093555927
22875,0.006610561162233353
22876,0.006610559765249491
22877,0.0066105579026043415
22878,0.00661055650562048
22879,0.006610558368265629
22880,0.006610555108636618
22881,0.006610555108636618
22882,0.006610553711652756
22883,0.0066105518490076065
22884,0.006610550917685032
22885,0.006610550452023745
22886,0.006610549986362457
22887,0.006610549055039883
22888,0.006610547192394733
22889,0.0066105457954108715
22890,0.006610544864088297
22891,0.00661054439842701
22892,0.006610541604459286
22893,0.006610543001443148
22894,0.006610541138797998
22895,0.006610540673136711
22896,0.006610539276152849
22897,0.006610537879168987
22898,0.0066105374135077
22899,0.006610535550862551
22900,0.006610535550862551
22901,0.0066105336882174015
22902,0.006610531825572252
22903,0.006610530894249678
22904,0.006610531359910965
22905,0.006610529962927103
22906,0.006610528100281954
22907,0.006610527168959379
22908,0.006610526237636805
22909,0.006610525771975517
22910,0.006610523909330368
22911,0.006610524374991655
22912,0.006610521115362644
22913,0.0066105215810239315
22914,0.00661052018404007
22915,0.006610517855733633
22916,0.006610517855733633
22917,0.006610517390072346
22918,0.006610515993088484
22919,0.006610514130443335
22920,0.006610514596104622
22921,0.006610512733459473
22922,0.006610511802136898
22923,0.0066105094738304615
22924,0.006610510870814323
22925,0.006610507145524025
22926,0.006610507145524025
22927,0.006610507145524025
22928,0.006610505282878876
22929,0.006610504351556301
22930,0.0066105034202337265
22931,0.00661050109192729
22932,0.006610499694943428
22933,0.006610499229282141
22934,0.006610498297959566
22935,0.0066104973666369915
22936,0.006610496435314417
22937,0.006610496435314417
22938,0.006610493641346693
22939,0.00661049410700798
22940,0.006610492710024118
22941,0.006610491778701544
22942,0.006610490381717682
22943,0.006610488053411245
22944,0.006610489450395107
22945,0.006610487122088671
22946,0.006610486190766096
22947,0.006610485725104809
22948,0.006610484328120947
22949,0.00661048199981451
22950,0.00661048199981451
22951,0.006610480137169361
22952,0.0066104792058467865
22953,0.006610478274524212
22954,0.00661047687754035
22955,0.006610475946217775
22956,0.006610474549233913
22957,0.006610474083572626
22958,0.006610472686588764
22959,0.006610471289604902
22960,0.00661047175526619
22961,0.006610469426959753
22962,0.00661046989262104
22963,0.006610468029975891
22964,0.006610465236008167
22965,0.006610466167330742
22966,0.006610464304685593
22967,0.00661046477034688
22968,0.006610461976379156
22969,0.0066104610450565815
22970,0.00661045964807272
22971,0.006610458716750145
22972,0.006610456854104996
22973,0.006610455922782421
22974,0.006610455457121134
22975,0.006610454525798559
22976,0.006610453128814697
22977,0.00661045266315341
22978,0.006610451731830835
22979,0.006610450334846973
22980,0.006610449869185686
22981,0.0066104489378631115
22982,0.00661044754087925
22983,0.006610446143895388
22984,0.0066104456782341
22985,0.006610444281250238
22986,0.006610441952943802
22987,0.006610442418605089
22988,0.006610441021621227
22989,0.006610439158976078
22990,0.0066104368306696415
22991,0.006610437296330929
22992,0.006610435899347067
22993,0.006610434502363205
22994,0.006610434502363205
22995,0.00661043357104063
22996,0.006610432174056768
22997,0.006610429845750332
22998,0.006610429845750332
22999,0.006610429845750332
23000,0.00661042844876647
23001,0.006610427517443895
23002,0.006610426586121321
23003,0.006610424257814884
23004,0.006610423792153597
23005,0.006610421929508448
23006,0.006610420998185873
23007,0.006610420998185873
23008,0.006610419601202011
23009,0.006610419601202011
23010,0.006610418204218149
23011,0.006610416341573
23012,0.006610415410250425
23013,0.006610414944589138
23014,0.006610413547605276
23015,0.006610412150621414
23016,0.00661041121929884
23017,0.006610408890992403
23018,0.006610408890992403
23019,0.006610407494008541
23020,0.0066104065626859665
23021,0.006610406097024679
23022,0.00661040423437953
23023,0.006610401906073093
23024,0.006610400974750519
23025,0.006610400974750519
23026,0.006610400974750519
23027,0.006610398180782795
23028,0.006610398646444082
23029,0.00661039724946022
23030,0.006610395852476358
23031,0.0066103944554924965
23032,0.006610393989831209
23033,0.006610393058508635
23034,0.006610391661524773
23035,0.006610389798879623
23036,0.006610388867557049
23037,0.006610388867557049
23038,0.0066103884018957615
23039,0.006610386073589325
23040,0.006610384676605463
23041,0.00661038514226675
23042,0.006610383279621601
23043,0.006610381416976452
23044,0.0066103809513151646
23045,0.006610378157347441
23046,0.006610378157347441
23047,0.006610378623008728
23048,0.006610377226024866
23049,0.006610375829041004
23050,0.0066103762947022915
23051,0.00661037303507328
23052,0.006610372569411993
23053,0.006610371638089418
23054,0.0066103702411055565
23055,0.006610370706766844
23056,0.00661036791279912
23057,0.006610366050153971
23058,0.006610366050153971
23059,0.006610365118831396
23060,0.0066103641875088215
23061,0.0066103627905249596
23062,0.006610362324863672
23063,0.00661036092787981
23064,0.00661036092787981
23065,0.006610359530895948
23066,0.0066103581339120865
23067,0.006610356271266937
23068,0.006610356271266937
23069,0.006610354874283075
23070,0.006610353477299213
23071,0.006610352545976639
23072,0.0066103520803153515
23073,0.006610351148992777
23074,0.006610349286347628
23075,0.00661034882068634
23076,0.006610346958041191
23077,0.0066103460267186165
23078,0.006610345561057329
23079,0.006610343232750893
23080,0.006610342767089605
23081,0.006610342767089605
23082,0.0066103399731218815
23083,0.006610339041799307
23084,0.006610338110476732
23085,0.006610337179154158
23086,0.006610336247831583
23087,0.006610337179154158
23088,0.006610335316509008
23089,0.006610332988202572
23090,0.0066103325225412846
23091,0.006610332056879997
23092,0.006610330659896135
23093,0.006610329262912273
23094,0.006610328797250986
23095,0.006610328331589699
23096,0.006610326003283262
23097,0.006610325071960688
23098,0.006610323209315538
23099,0.006610322743654251
23100,0.006610320881009102
23101,0.0066103204153478146
23102,0.00661031948402524
23103,0.006610317155718803
23104,0.006610318552702665
23105,0.006610316224396229
23106,0.0066103157587349415
23107,0.006610313896089792
23108,0.006610313430428505
23109,0.006610312033444643
23110,0.006610310636460781
23111,0.006610310636460781
23112,0.0066103097051382065
23113,0.0066103083081543446
23114,0.006610306911170483
23115,0.006610305048525333
23116,0.006610305048525333
23117,0.006610302720218897
23118,0.006610303185880184
23119,0.0066103022545576096
23120,0.006610301788896322
23121,0.006610298994928598
23122,0.006610298529267311
23123,0.0066102975979447365
23124,0.006610296666622162
23125,0.0066102952696383
23126,0.006610294338315725
23127,0.006610293406993151
23128,0.006610292010009289
23129,0.006610290613025427
23130,0.006610290613025427
23131,0.006610287819057703
23132,0.00661028828471899
23133,0.006610286887735128
23134,0.006610285956412554
23135,0.006610283628106117
23136,0.00661028316244483
23137,0.006610282696783543
23138,0.006610281299799681
23139,0.006610280834138393
23140,0.006610278971493244
23141,0.0066102780401706696
23142,0.006610277108848095
23143,0.006610277108848095
23144,0.006610274314880371
23145,0.006610274314880371
23146,0.0066102733835577965
23147,0.006610272452235222
23148,0.006610270123928785
23149,0.006610270123928785
23150,0.006610269658267498
23151,0.006610266864299774
23152,0.006610266864299774
23153,0.006610266864299774
23154,0.006610263604670763
23155,0.006610262207686901
23156,0.006610261742025614
23157,0.006610260810703039
23158,0.006610260810703039
23159,0.0066102598793804646
23160,0.006610257085412741
23161,0.006610256619751453
23162,0.006610256154090166
23163,0.0066102552227675915
23164,0.0066102552227675915
23165,0.006610253360122442
23166,0.006610251497477293
23167,0.006610249634832144
23168,0.006610251031816006
23169,0.006610249634832144
23170,0.0066102477721869946
23171,0.00661024684086442
23172,0.006610245909541845
23173,0.006610245443880558
23174,0.006610244046896696
23175,0.006610242649912834
23176,0.006610241252928972
23177,0.00661023985594511
23178,0.00661023985594511
23179,0.006610237527638674
23180,0.0066102370619773865
23181,0.006610236130654812
23182,0.006610236130654812
23183,0.006610234268009663
23184,0.006610234268009663
23185,0.006610232405364513
23186,0.006610230542719364
23187,0.006610230077058077
23188,0.006610230077058077
23189,0.006610228214412928
23190,0.006610227283090353
23191,0.006610225420445204
23192,0.006610225886106491
23193,0.00661022262647748
23194,0.00661022262647748
23195,0.006610222160816193
23196,0.006610221229493618
23197,0.006610219366848469
23198,0.006610218435525894
23199,0.006610217038542032
23200,0.006610216107219458
23201,0.006610216107219458
23202,0.006610214710235596
23203,0.006610213313251734
23204,0.006610211916267872
23205,0.006610212381929159
23206,0.006610209122300148
23207,0.006610209122300148
23208,0.006610208656638861
23209,0.006610207259654999
23210,0.0066102053970098495
23211,0.006610205862671137
23212,0.006610203068703413
23213,0.006610201671719551
23214,0.0066102007403969765
23215,0.006610200274735689
23216,0.006610197946429253
23217,0.006610197946429253
23218,0.006610197015106678
23219,0.006610196549445391
23220,0.006610195152461529
23221,0.0066101932898163795
23222,0.006610194221138954
23223,0.00661019142717123
23224,0.00661019142717123
23225,0.006610190030187368
23226,0.006610189564526081
23227,0.0066101872362196445
23228,0.006610186770558357
23229,0.006610185839235783
23230,0.006610183045268059
23231,0.006610183510929346
23232,0.006610181648284197
23233,0.006610181648284197
23234,0.006610179785639048
23235,0.006610177922993898
23236,0.006610178854316473
23237,0.006610176060348749
23238,0.0066101751290261745
23239,0.0066101741977036
23240,0.0066101741977036
23241,0.0066101741977036
23242,0.006610172335058451
23243,0.006610171403735876
23244,0.006610169541090727
23245,0.006610168609768152
23246,0.006610168144106865
23247,0.006610165815800428
23248,0.006610163953155279
23249,0.006610163487493992
23250,0.006610163953155279
23251,0.006610161624848843
23252,0.006610159762203693
23253,0.006610159762203693
23254,0.006610160227864981
23255,0.006610157433897257
23256,0.0066101569682359695
23257,0.006610156036913395
23258,0.006610156036913395
23259,0.006610153242945671
23260,0.0066101523116230965
23261,0.006610151380300522
23262,0.0066101509146392345
23263,0.006610149517655373
23264,0.006610149051994085
23265,0.006610148586332798
23266,0.006610147189348936
23267,0.006610145792365074
23268,0.006610144395381212
23269,0.00661014299839735
23270,0.006610142067074776
23271,0.006610141135752201
23272,0.0066101402044296265
23273,0.006610139738768339
23274,0.0066101388074457645
23275,0.006610137410461903
23276,0.006610136944800615
23277,0.006610135082155466
23278,0.006610133219510317
23279,0.006610132288187742
23280,0.006610132288187742
23281,0.00661013089120388
23282,0.006610129959881306
23283,0.006610128562897444
23284,0.006610128562897444
23285,0.0066101267002522945
23286,0.006610124371945858
23287,0.006610124837607145
23288,0.006610123440623283
23289,0.006610122509300709
23290,0.0066101220436394215
23291,0.006610120180994272
23292,0.006610119715332985
23293,0.006610117852687836
23294,0.006610116455703974
23295,0.0066101159900426865
23296,0.006610114127397537
23297,0.006610114127397537
23298,0.006610115058720112
23299,0.006610113196074963
23300,0.006610110867768526
23301,0.006610110402107239
23302,0.006610109005123377
23303,0.0066101085394620895
23304,0.006610107142478228
23305,0.00661010667681694
23306,0.006610104814171791
23307,0.0066101038828492165
23308,0.006610102951526642
23309,0.0066101024858653545
23310,0.006610100623220205
23311,0.006610099691897631
23312,0.006610098294913769
23313,0.006610097363591194
23314,0.006610096897929907
23315,0.006610095966607332
23316,0.00661009456962347
23317,0.006610093172639608
23318,0.006610092706978321
23319,0.006610091309994459
23320,0.006610091309994459
23321,0.00661008944734931
23322,0.006610088050365448
23323,0.006610087584704161
23324,0.006610084790736437
23325,0.006610084790736437
23326,0.006610083393752575
23327,0.006610083393752575
23328,0.006610080599784851
23329,0.0066100796684622765
23330,0.006610079202800989
23331,0.006610077805817127
23332,0.006610076874494553
23333,0.006610076874494553
23334,0.006610074080526829
23335,0.006610074080526829
23336,0.006610073149204254
23337,0.006610071286559105
23338,0.00661007035523653
23339,0.006610069423913956
23340,0.0066100675612688065
23341,0.006610067095607519
23342,0.00661006523296237
23343,0.00661006523296237
23344,0.006610062904655933
23345,0.006610062904655933
23346,0.006610062438994646
23347,0.006610059645026922
23348,0.006610059645026922
23349,0.006610057316720486
23350,0.006610056851059198
23351,0.006610056851059198
23352,0.006610054988414049
23353,0.006610054988414049
23354,0.0066100540570914745
23355,0.0066100531257689
23356,0.006610052194446325
23357,0.0066100494004786015
23358,0.006610048469156027
23359,0.0066100494004786015
23360,0.006610047537833452
23361,0.00661004614084959
23362,0.006610044278204441
23363,0.006610044278204441
23364,0.0066100419498980045
23365,0.0066100419498980045
23366,0.006610040552914143
23367,0.006610040087252855
23368,0.006610038690268993
23369,0.006610038690268993
23370,0.006610036827623844
23371,0.0066100358963012695
23372,0.006610034964978695
23373,0.006610033567994833
23374,0.006610032171010971
23375,0.006610030774027109
23376,0.006610030308365822
23377,0.006610029377043247
23378,0.006610027514398098
23379,0.006610027514398098
23380,0.006610024720430374
23381,0.0066100251860916615
23382,0.006610023323446512
23383,0.00661002192646265
23384,0.0066100237891077995
23385,0.006610020995140076
23386,0.006610022392123938
23387,0.006610018666833639
23388,0.00661001680418849
23389,0.006610017269849777
23390,0.006610014941543341
23391,0.006610015872865915
23392,0.006610014010220766
23393,0.006610014010220766
23394,0.0066100130788981915
23395,0.006610010750591755
23396,0.006610009353607893
23397,0.006610008422285318
23398,0.0066100070253014565
23399,0.006610006559640169
23400,0.006610005162656307
23401,0.006610003300011158
23402,0.006610003765672445
23403,0.006610004231333733
23404,0.0066100009717047215
23405,0.006610001437366009
23406,0.006609998643398285
23407,0.006609998177736998
23408,0.006609998643398285
23409,0.006609996315091848
23410,0.006609995383769274
23411,0.006609994452446699
23412,0.006609993055462837
23413,0.006609992124140263
23414,0.006609990261495113
23415,0.006609989330172539
23416,0.0066099888645112514
23417,0.006609988398849964
23418,0.006609986536204815
23419,0.006609987001866102
23420,0.006609985139220953
23421,0.006609984673559666
23422,0.006609983742237091
23423,0.00660998048260808
23424,0.006609980016946793
23425,0.006609978619962931
23426,0.006609978619962931
23427,0.006609977222979069
23428,0.006609975825995207
23429,0.006609975825995207
23430,0.006609973032027483
23431,0.006609973032027483
23432,0.006609973032027483
23433,0.0066099707037210464
23434,0.006609969772398472
23435,0.006609967909753323
23436,0.006609966978430748
23437,0.006609966047108173
23438,0.006609965115785599
23439,0.006609965115785599
23440,0.006609962787479162
23441,0.006609961856156588
23442,0.0066099613904953
23443,0.006609960924834013
23444,0.006609959062188864
23445,0.0066099571995437145
23446,0.006609958130866289
23447,0.0066099571995437145
23448,0.006609955802559853
23449,0.006609955802559853
23450,0.006609954871237278
23451,0.006609953008592129
23452,0.0066099511459469795
23453,0.006609950214624405
23454,0.006609948817640543
23455,0.00660994928330183
23456,0.006609948351979256
23457,0.0066099450923502445
23458,0.00660994416102767
23459,0.006609942764043808
23460,0.006609942298382521
23461,0.006609942298382521
23462,0.006609939970076084
23463,0.0066099390387535095
23464,0.006609939504414797
23465,0.006609936710447073
23466,0.006609936710447073
23467,0.006609935779124498
23468,0.006609933916479349
23469,0.0066099329851567745
23470,0.0066099329851567745
23471,0.0066099320538342
23472,0.006609931122511625
23473,0.006609929259866476
23474,0.006609929725527763
23475,0.006609927862882614
23476,0.00660992506891489
23477,0.006609926000237465
23478,0.006609924603253603
23479,0.006609923206269741
23480,0.006609921809285879
23481,0.006609920412302017
23482,0.006609920412302017
23483,0.006609919015318155
23484,0.006609916687011719
23485,0.006609916687011719
23486,0.006609915755689144
23487,0.00660991296172142
23488,0.00660991296172142
23489,0.006609912496060133
23490,0.006609912030398846
23491,0.006609911564737558
23492,0.006609909236431122
23493,0.006609908305108547
23494,0.006609907373785973
23495,0.006609905976802111
23496,0.006609905976802111
23497,0.006609903648495674
23498,0.006609903648495674
23499,0.006609902251511812
23500,0.006609900388866663
23501,0.006609899457544088
23502,0.0066098980605602264
23503,0.00660989573225379
23504,0.0066098966635763645
23505,0.006609897129237652
23506,0.006609895266592503
23507,0.006609894800931215
23508,0.0066098920069634914
23509,0.006609892938286066
23510,0.006609890144318342
23511,0.0066098920069634914
23512,0.006609889212995768
23513,0.006609887350350618
23514,0.006609885487705469
23515,0.0066098845563828945
23516,0.0066098845563828945
23517,0.006609882228076458
23518,0.006609881762415171
23519,0.006609881296753883
23520,0.006609880365431309
23521,0.006609879434108734
23522,0.006609877105802298
23523,0.006609877571463585
23524,0.00660987664014101
23525,0.006609874777495861
23526,0.006609876174479723
23527,0.006609872914850712
23528,0.006609872914850712
23529,0.006609871052205563
23530,0.006609870120882988
23531,0.006609869655221701
23532,0.006609868258237839
23533,0.0066098663955926895
23534,0.006609865929931402
23535,0.00660986453294754
23536,0.006609864067286253
23537,0.006609863601624966
23538,0.006609862204641104
23539,0.0066098617389798164
23540,0.006609858945012093
23541,0.006609858479350805
23542,0.006609856616705656
23543,0.006609856616705656
23544,0.006609855219721794
23545,0.006609854754060507
23546,0.006609853822737932
23547,0.00660985242575407
23548,0.006609851494431496
23549,0.0066098496317863464
23550,0.006609851028770208
23551,0.006609849166125059
23552,0.006609845906496048
23553,0.006609844043850899
23554,0.006609844975173473
23555,0.006609844043850899
23556,0.0066098421812057495
23557,0.0066098403185606
23558,0.006609841249883175
23559,0.006609839387238026
23560,0.006609837990254164
23561,0.006609837990254164
23562,0.006609836593270302
23563,0.006609835661947727
23564,0.006609833799302578
23565,0.006609832867980003
23566,0.006609832402318716
23567,0.006609831936657429
23568,0.0066098300740122795
23569,0.006609829142689705
23570,0.00660982821136713
23571,0.006609825883060694
23572,0.006609825883060694
23573,0.00660982308909297
23574,0.0066098240204155445
23575,0.006609822157770395
23576,0.006609821692109108
23577,0.006609819829463959
23578,0.006609820295125246
23579,0.006609818432480097
23580,0.006609817501157522
23581,0.006609816569834948
23582,0.006609815172851086
23583,0.006609815638512373
23584,0.006609813775867224
23585,0.0066098119132220745
23586,0.0066098119132220745
23587,0.006609810516238213
23588,0.006609808653593063
23589,0.006609809119254351
23590,0.006609806325286627
23591,0.006609805393964052
23592,0.006609806325286627
23593,0.00660980399698019
23594,0.006609803065657616
23595,0.006609803065657616
23596,0.006609801203012466
23597,0.006609799340367317
23598,0.006609799340367317
23599,0.006609798409044743
23600,0.006609796546399593
23601,0.006609797012060881
23602,0.006609796080738306
23603,0.0066097937524318695
23604,0.006609793286770582
23605,0.00660979188978672
23606,0.006609791424125433
23607,0.006609790492802858
23608,0.006609790027141571
23609,0.00660978676751256
23610,0.00660978676751256
23611,0.006609784904867411
23612,0.006609783042222261
23613,0.006609783973544836
23614,0.006609782110899687
23615,0.006609781179577112
23616,0.006609780248254538
23617,0.006609778851270676
23618,0.006609777919948101
23619,0.006609777454286814
23620,0.006609776522964239
23621,0.006609776522964239
23622,0.00660977466031909
23623,0.006609772797673941
23624,0.006609771400690079
23625,0.006609770935028791
23626,0.006609770469367504
23627,0.006609769072383642
23628,0.006609766744077206
23629,0.006609766744077206
23630,0.006609764415770769
23631,0.006609764881432056
23632,0.006609763018786907
23633,0.006609763018786907
23634,0.006609760224819183
23635,0.006609760690480471
23636,0.006609759759157896
23637,0.006609758362174034
23638,0.006609757896512747
23639,0.006609756965190172
23640,0.00660975556820631
23641,0.006609754636883736
23642,0.006609753239899874
23643,0.006609751842916012
23644,0.006609751842916012
23645,0.006609750911593437
23646,0.0066097392700612545
23647,0.006609724834561348
23648,0.00660970713943243
23649,0.0066096908412873745
23650,0.0066096726804971695
23651,0.006609654054045677
23652,0.0066096363589167595
23653,0.006609619595110416
23654,0.006609602831304073
23655,0.006609588395804167
23656,0.006609576754271984
23657,0.0066095623187720776
23658,0.0066095516085624695
23659,0.006609540898352861
23660,0.006609531585127115
23661,0.006609523668885231
23662,0.0066095138899981976
23663,0.00660950131714344
23664,0.006609487347304821
23665,0.0066094715148210526
23666,0.006609456147998571
23667,0.0066094412468373775
23668,0.006609425414353609
23669,0.006609410513192415
23670,0.006609396077692509
23671,0.0066093807108700275
23672,0.00660936813801527
23673,0.006609353702515364
23674,0.006609341595321894
23675,0.006609328091144562
23676,0.006609316915273666
23677,0.006609306670725346
23678,0.0066092959605157375
23679,0.006609286181628704
23680,0.006609275005757809
23681,0.0066092670895159245
23682,0.006609257776290178
23683,0.006609249394387007
23684,0.0066092414781451225
23685,0.006609234493225813
23686,0.006609226111322641
23687,0.006609220057725906
23688,0.006609213072806597
23689,0.006609207950532436
23690,0.006609201431274414
23691,0.006609195843338966
23692,0.006609190721064806
23693,0.0066091869957745075
23694,0.0066091823391616344
23695,0.006609175354242325
23696,0.006609170697629452
23697,0.006609166506677866
23698,0.006609161384403706
23699,0.006609159987419844
23700,0.006609154865145683
23701,0.006609147880226374
23702,0.00660914508625865
23703,0.0066091399639844894
23704,0.006609136238694191
23705,0.00660913297906518
23706,0.006609128788113594
23707,0.006609125062823296
23708,0.006609121337532997
23709,0.006609116680920124
23710,0.006609114818274975
23711,0.006609111558645964
23712,0.006609106902033091
23713,0.0066091036424040794
23714,0.0066091022454202175
23715,0.006609098520129919
23716,0.006609094794839621
23717,0.006609092932194471
23718,0.006609088741242886
23719,0.0066090845502913
23720,0.006609081290662289
23721,0.0066090794280171394
23722,0.006609076168388128
23723,0.006609073840081692
23724,0.006609070580452681
23725,0.006609068252146244
23726,0.0066090659238398075
23727,0.006609063129872084
23728,0.006609058938920498
23729,0.006609058938920498
23730,0.006609054747968912
23731,0.006609052885323763
23732,0.006609048694372177
23733,0.006609045900404453
23734,0.006609043572098017
23735,0.006609040312469006
23736,0.006609039381146431
23737,0.006609036587178707
23738,0.006609033327549696
23739,0.006609030067920685
23740,0.006609027739614248
23741,0.006609024945646524
23742,0.00660902401432395
23743,0.006609021220356226
23744,0.006609018426388502
23745,0.006609015632420778
23746,0.006609013769775629
23747,0.006609010975807905
23748,0.006609007716178894
23749,0.006609003990888596
23750,0.006609002593904734
23751,0.006609001196920872
23752,0.006608998402953148
23753,0.006608997471630573
23754,0.006608993746340275
23755,0.006608990486711264
23756,0.006608989555388689
23757,0.0066089872270822525
23758,0.006608984898775816
23759,0.006608982570469379
23760,0.00660898070782423
23761,0.006608978379517794
23762,0.00660897558555007
23763,0.006608973257243633
23764,0.006608971394598484
23765,0.006608968134969473
23766,0.006608965806663036
23767,0.006608964409679174
23768,0.0066089630126953125
23769,0.006608961615711451
23770,0.006608958356082439
23771,0.006608955562114716
23772,0.006608953699469566
23773,0.006608952302485704
23774,0.006608949974179268
23775,0.006608946248888969
23776,0.006608943920582533
23777,0.006608942057937384
23778,0.006608940195292234
23779,0.006608937401324511
23780,0.006608936470001936
23781,0.006608933676034212
23782,0.006608931347727776
23783,0.006608929950743914
23784,0.006608928088098764
23785,0.006608925759792328
23786,0.006608922965824604
23787,0.006608922034502029
23788,0.006608921568840742
23789,0.006608917377889156
23790,0.00660891504958272
23791,0.006608914118260145
23792,0.006608911324292421
23793,0.0066089085303246975
23794,0.006608907133340836
23795,0.006608905736356974
23796,0.0066089024767279625
23797,0.006608900148421526
23798,0.006608899217098951
23799,0.006608899217098951
23800,0.0066088964231312275
23801,0.006608894094824791
23802,0.006608891766518354
23803,0.006608889438211918
23804,0.006608888972550631
23805,0.006608884781599045
23806,0.006608884781599045
23807,0.006608882453292608
23808,0.006608879193663597
23809,0.006608879193663597
23810,0.006608879193663597
23811,0.006608875002712011
23812,0.006608875002712011
23813,0.006608871743083
23814,0.006608869414776564
23815,0.006608868483453989
23816,0.006608867552131414
23817,0.006608864758163691
23818,0.006608864758163691
23819,0.006608861032873392
23820,0.00660885963588953
23821,0.006608855910599232
23822,0.006608855444937944
23823,0.006608853116631508
23824,0.006608851253986359
23825,0.006608849391341209
23826,0.006608848460018635
23827,0.00660884752869606
23828,0.006608845200389624
23829,0.006608843803405762
23830,0.0066088419407606125
23831,0.006608839146792889
23832,0.006608837749809027
23833,0.0066088358871638775
23834,0.006608833093196154
23835,0.006608833093196154
23836,0.006608832161873579
23837,0.0066088284365832806
23838,0.006608826573938131
23839,0.006608825642615557
23840,0.006608824711292982
23841,0.006608821451663971
23842,0.006608820054680109
23843,0.006608820054680109
23844,0.006608817260712385
23845,0.0066088163293898106
23846,0.006608815398067236
23847,0.006608812604099512
23848,0.006608810741454363
23849,0.006608809344470501
23850,0.006608807947486639
23851,0.0066088056191802025
23852,0.0066088042221963406
23853,0.006608801893889904
23854,0.006608800031244755
23855,0.006608797702938318
23856,0.006608796771615744
23857,0.0066087935119867325
23858,0.0066087921150028706
23859,0.006608793046325445
23860,0.006608790252357721
23861,0.006608789786696434
23862,0.006608788855373859
23863,0.006608786527067423
23864,0.006608784664422274
23865,0.006608782336115837
23866,0.0066087800078094006
23867,0.006608780473470688
23868,0.006608777213841677
23869,0.006608776748180389
23870,0.006608775816857815
23871,0.006608772091567516
23872,0.00660876976326108
23873,0.006608770228922367
23874,0.0066087692975997925
23875,0.006608766503632069
23876,0.006608764640986919
23877,0.006608763709664345
23878,0.0066087618470191956
23879,0.006608762312680483
23880,0.006608759053051472
23881,0.0066087571904063225
23882,0.006608755327761173
23883,0.006608753930777311
23884,0.006608752999454737
23885,0.0066087506711483
23886,0.0066087497398257256
23887,0.006608746945858002
23888,0.006608746480196714
23889,0.006608742754906416
23890,0.006608742289245129
23891,0.006608741823583841
23892,0.006608741357922554
23893,0.006608738098293543
23894,0.006608736701309681
23895,0.006608735304325819
23896,0.006608732510358095
23897,0.006608730182051659
23898,0.006608729716390371
23899,0.006608729250729084
23900,0.0066087269224226475
23901,0.006608724594116211
23902,0.006608722731471062
23903,0.006608722265809774
23904,0.006608719937503338
23905,0.006608718540519476
23906,0.006608718074858189
23907,0.006608713883906603
23908,0.00660871434956789
23909,0.006608712486922741
23910,0.006608711089938879
23911,0.006608708295971155
23912,0.0066087073646485806
23913,0.006608705967664719
23914,0.006608705502003431
23915,0.006608703173696995
23916,0.006608701776713133
23917,0.006608698982745409
23918,0.006608698517084122
23919,0.006608697585761547
23920,0.00660869712010026
23921,0.006608693860471249
23922,0.006608692463487387
23923,0.006608691532164812
23924,0.00660869013518095
23925,0.006608687806874514
23926,0.006608686875551939
23927,0.006608684081584215
23928,0.0066086831502616405
23929,0.006608682684600353
23930,0.006608680821955204
23931,0.006608680356293917
23932,0.0066086770966649055
23933,0.006608676165342331
23934,0.006608673371374607
23935,0.0066086724400520325
23936,0.0066086724400520325
23937,0.006608670577406883
23938,0.006608668249100447
23939,0.0066086663864552975
23940,0.006608665455132723
23941,0.006608664058148861
23942,0.006608664523810148
23943,0.006608661264181137
23944,0.0066086589358747005
23945,0.006608659401535988
23946,0.006608656141906977
23947,0.006608656141906977
23948,0.006608652416616678
23949,0.006608651019632816
23950,0.006608651950955391
23951,0.00660864869132638
23952,0.006608647294342518
23953,0.006608645431697369
23954,0.006608644034713507
23955,0.006608643103390932
23956,0.00660864170640707
23957,0.006608638912439346
23958,0.006608638912439346
23959,0.006608637515455484
23960,0.006608634255826473
23961,0.006608633790165186
23962,0.006608632858842611
23963,0.006608631461858749
23964,0.006608631461858749
23965,0.006608628202229738
23966,0.006608627270907164
23967,0.00660862447693944
23968,0.006608622148633003
23969,0.006608623079955578
23970,0.006608621682971716
23971,0.006608619820326567
23972,0.0066086179576814175
23973,0.006608615629374981
23974,0.006608614232391119
23975,0.006608612835407257
23976,0.00660861236974597
23977,0.006608609575778246
23978,0.006608609110116959
23979,0.006608608178794384
23980,0.00660860538482666
23981,0.0066086044535040855
23982,0.006608602590858936
23983,0.006608603522181511
23984,0.006608601659536362
23985,0.006608600728213787
23986,0.006608597934246063
23987,0.006608597002923489
23988,0.006608596071600914
23989,0.0066085937432944775
23990,0.006608591880649328
23991,0.006608590483665466
23992,0.006608589086681604
23993,0.006608586758375168
23994,0.0066085862927138805
23995,0.006608584430068731
23996,0.006608583498746157
23997,0.00660858117043972
23998,0.0066085816361010075
23999,0.0066085802391171455
24000,0.006608580704778433
24001,0.006608577910810709
24002,0.006608576979488134
24003,0.0066085741855204105
24004,0.006608571857213974
24005,0.006608569994568825
24006,0.006608569994568825
24007,0.0066085681319236755
24008,0.006608565337955952
24009,0.006608565803617239
24010,0.0066085634753108025
24011,0.006608562543988228
24012,0.006608559750020504
24013,0.006608558818697929
24014,0.00660855695605278
24015,0.00660855695605278
24016,0.006608553696423769
24017,0.006608553230762482
24018,0.0066085499711334705
24019,0.006608550436794758
24020,0.006608550436794758
24021,0.006608548108488321
24022,0.006608545780181885
24023,0.00660854484885931
24024,0.006608543451875448
24025,0.006608542520552874
24026,0.006608540192246437
24027,0.00660853972658515
24028,0.006608538795262575
24029,0.006608534604310989
24030,0.006608535069972277
24031,0.006608533672988415
24032,0.0066085318103432655
24033,0.006608529016375542
24034,0.006608529947698116
24035,0.006608528550714254
24036,0.006608526222407818
24037,0.006608524359762669
24038,0.006608523428440094
24039,0.006608522497117519
24040,0.006608522497117519
24041,0.0066085211001336575
24042,0.006608518771827221
24043,0.006608516443520784
24044,0.006608514580875635
24045,0.006608514115214348
24046,0.006608511321246624
24047,0.006608510855585337
24048,0.006608509458601475
24049,0.006608507130295038
24050,0.006608507130295038
24051,0.006608506198972464
24052,0.006608504801988602
24053,0.00660850340500474
24054,0.0066085015423595905
24055,0.006608501076698303
24056,0.006608499214053154
24057,0.006608498748391867
24058,0.0066084954887628555
24059,0.006608493626117706
24060,0.006608493626117706
24061,0.006608491763472557
24062,0.006608489900827408
24063,0.006608490366488695
24064,0.006608488503843546
24065,0.006608486175537109
24066,0.006608488038182259
24067,0.0066084833815693855
24068,0.006608482915908098
24069,0.006608481518924236
24070,0.006608480587601662
24071,0.006608477793633938
24072,0.006608474999666214
24073,0.006608475465327501
24074,0.006608474534004927
24075,0.006608473137021065
24076,0.006608470343053341
24077,0.006608469877392054
24078,0.006608468946069479
24079,0.006608468014746904
24080,0.006608466152101755
24081,0.006608464289456606
24082,0.006608462426811457
24083,0.006608461961150169
24084,0.006608459632843733
24085,0.006608458701521158
24086,0.006608457304537296
24087,0.006608457770198584
24088,0.006608453579246998
24089,0.0066084531135857105
24090,0.006608451250940561
24091,0.006608450785279274
24092,0.006608449853956699
24093,0.006608447525650263
24094,0.0066084470599889755
24095,0.006608446128666401
24096,0.006608445197343826
24097,0.0066084424033761024
24098,0.006608440540730953
24099,0.006608439609408379
24100,0.006608440075069666
24101,0.006608437281101942
24102,0.0066084349527955055
24103,0.006608435418456793
24104,0.006608433555811644
24105,0.006608432624489069
24106,0.00660843076184392
24107,0.006608429364860058
24108,0.006608427036553621
24109,0.006608426105231047
24110,0.006608424708247185
24111,0.00660842377692461
24112,0.006608421448618174
24113,0.006608421448618174
24114,0.006608420517295599
24115,0.00660841865465045
24116,0.006608415860682726
24117,0.006608415860682726
24118,0.006608414463698864
24119,0.0066084107384085655
24120,0.00660841166973114
24121,0.006608410272747278
24122,0.006608407944440842
24123,0.006608407944440842
24124,0.0066084060817956924
24125,0.006608405150473118
24126,0.006608403287827969
24127,0.006608400959521532
24128,0.006608401425182819
24129,0.00660839956253767
24130,0.006608397699892521
24131,0.006608396302908659
24132,0.006608395371586084
24133,0.006608393043279648
24134,0.006608393508940935
24135,0.0066083925776183605
24136,0.006608391646295786
24137,0.006608388852328062
24138,0.006608386989682913
24139,0.0066083865240216255
24140,0.006608383264392614
24141,0.006608382798731327
24142,0.006608383730053902
24143,0.0066083804704248905
24144,0.006608379539102316
24145,0.006608378607779741
24146,0.006608376279473305
24147,0.006608374882489443
24148,0.006608373485505581
24149,0.006608373019844294
24150,0.006608372554183006
24151,0.006608370691537857
24152,0.006608368828892708
24153,0.006608367431908846
24154,0.006608366034924984
24155,0.006608364172279835
24156,0.00660836324095726
24157,0.0066083623096346855
24158,0.006608360446989536
24159,0.006608361378312111
24160,0.006608359050005674
24161,0.0066083581186831
24162,0.006608353462070227
24163,0.006608354393392801
24164,0.006608352530747652
24165,0.006608352996408939
24166,0.006608350668102503
24167,0.006608348805457354
24168,0.006608348805457354
24169,0.006608347874134779
24170,0.00660834601148963
24171,0.0066083441488444805
24172,0.006608343217521906
24173,0.006608342286199331
24174,0.006608340423554182
24175,0.0066083394922316074
24176,0.006608337629586458
24177,0.006608337629586458
24178,0.006608334369957447
24179,0.006608332972973585
24180,0.006608332507312298
24181,0.006608331110328436
24182,0.006608329713344574
24183,0.006608328782021999
24184,0.006608326453715563
24185,0.00660832691937685
24186,0.0066083259880542755
24187,0.006608323194086552
24188,0.006608322728425264
24189,0.006608320865780115
24190,0.006608320865780115
24191,0.006608319468796253
24192,0.006608319003134966
24193,0.006608314346522093
24194,0.006608313415199518
24195,0.006608313415199518
24196,0.006608313415199518
24197,0.006608310621231794
24198,0.00660830968990922
24199,0.0066083078272640705
24200,0.006608308292925358
24201,0.006608306895941496
24202,0.006608305964618921
24203,0.006608303636312485
24204,0.00660830270498991
24205,0.006608300842344761
24206,0.006608301308006048
24207,0.006608300376683474
24208,0.006608296651393175
24209,0.006608297117054462
24210,0.006608293391764164
24211,0.006608293857425451
24212,0.006608294323086739
24213,0.006608292460441589
24214,0.00660829059779644
24215,0.006608289200812578
24216,0.006608289200812578
24217,0.006608286872506142
24218,0.006608285009860992
24219,0.006608283147215843
24220,0.006608283147215843
24221,0.006608281750231981
24222,0.006608280818909407
24223,0.006608278024941683
24224,0.006608278956264257
24225,0.006608276162296534
24226,0.006608275696635246
24227,0.006608272902667522
24228,0.006608271971344948
24229,0.0066082715056836605
24230,0.006608269643038511
24231,0.006608268711715937
24232,0.006608268711715937
24233,0.006608265917748213
24234,0.006608264986425638
24235,0.006608264986425638
24236,0.006608264986425638
24237,0.006608262192457914
24238,0.0066082593984901905
24239,0.006608258467167616
24240,0.0066082593984901905
24241,0.006608257070183754
24242,0.006608256138861179
24243,0.006608253810554743
24244,0.006608252413570881
24245,0.006608250550925732
24246,0.006608251016587019
24247,0.006608249619603157
24248,0.006608246825635433
24249,0.006608245894312859
24250,0.006608244497328997
24251,0.006608243100345135
24252,0.0066082412376999855
24253,0.0066082412376999855
24254,0.006608239840716124
24255,0.006608239375054836
24256,0.0066082370467484
24257,0.0066082351841032505
24258,0.006608234252780676
24259,0.006608234718441963
24260,0.006608232390135527
24261,0.006608230527490377
24262,0.006608229596167803
24263,0.006608228664845228
24264,0.006608226802200079
24265,0.006608226802200079
24266,0.00660822493955493
24267,0.006608224008232355
24268,0.006608222145587206
24269,0.006608221214264631
24270,0.006608219817280769
24271,0.0066082170233130455
24272,0.0066082170233130455
24273,0.0066082170233130455
24274,0.006608215160667896
24275,0.006608212366700172
24276,0.006608212366700172
24277,0.006608211435377598
24278,0.006608209572732449
24279,0.006608209107071161
24280,0.006608206778764725
24281,0.006608206778764725
24282,0.006608207244426012
24283,0.006608203053474426
24284,0.006608203053474426
24285,0.006608202122151852
24286,0.006608201190829277
24287,0.006608198396861553
24288,0.006608198396861553
24289,0.006608196068555117
24290,0.006608194671571255
24291,0.00660819374024868
24292,0.006608191411942244
24293,0.006608190946280956
24294,0.006608190014958382
24295,0.006608188152313232
24296,0.0066081867553293705
24297,0.0066081867553293705
24298,0.006608184892684221
24299,0.006608183495700359
24300,0.006608183030039072
24301,0.006608181167393923
24302,0.006608180236071348
24303,0.006608178839087486
24304,0.006608178839087486
24305,0.006608175113797188
24306,0.006608173251152039
24307,0.006608173251152039
24308,0.006608173251152039
24309,0.006608171854168177
24310,0.00660816952586174
24311,0.006608168128877878
24312,0.006608166731894016
24313,0.006608166731894016
24314,0.006608164869248867
24315,0.00660816440358758
24316,0.006608163006603718
24317,0.006608163006603718
24318,0.006608160678297281
24319,0.006608160678297281
24320,0.006608158815652132
24321,0.00660815741866827
24322,0.006608155090361834
24323,0.006608154624700546
24324,0.006608154624700546
24325,0.006608151365071535
24326,0.006608150899410248
24327,0.006608149502426386
24328,0.006608149502426386
24329,0.006608146242797375
24330,0.006608145777136087
24331,0.006608143448829651
24332,0.006608142983168364
24333,0.006608141586184502
24334,0.006608141120523214
24335,0.006608139723539352
24336,0.006608137860894203
24337,0.006608136463910341
24338,0.006608135066926479
24339,0.006608134135603905
24340,0.006608135532587767
24341,0.0066081322729587555
24342,0.006608131341636181
24343,0.006608130410313606
24344,0.006608128547668457
24345,0.006608126685023308
24346,0.006608125288039446
24347,0.006608123891055584
24348,0.006608124356716871
24349,0.006608122494071722
24350,0.006608122028410435
24351,0.00660812109708786
24352,0.006608117371797562
24353,0.006608115043491125
24354,0.006608115043491125
24355,0.006608114577829838
24356,0.006608112249523401
24357,0.006608110852539539
24358,0.006608110386878252
24359,0.006608109455555677
24360,0.00660810898989439
24361,0.006608108524233103
24362,0.006608105264604092
24363,0.006608107127249241
24364,0.00660810386762023
24365,0.006608102936297655
24366,0.006608101539313793
24367,0.006608100142329931
24368,0.006608099211007357
24369,0.006608099676668644
24370,0.0066080959513783455
24371,0.006608095020055771
24372,0.006608095020055771
24373,0.006608092691749334
24374,0.00660809176042676
24375,0.00660809176042676
24376,0.006608090829104185
24377,0.0066080885007977486
24378,0.006608087569475174
24379,0.006608086172491312
24380,0.006608085706830025
24381,0.00660808477550745
24382,0.006608082912862301
24383,0.006608081515878439
24384,0.006608080118894577
24385,0.006608077324926853
24386,0.006608076859265566
24387,0.006608075462281704
24388,0.006608074996620417
24389,0.006608072202652693
24390,0.0066080717369914055
24391,0.006608071271330118
24392,0.006608070805668831
24393,0.00660806754603982
24394,0.006608066614717245
24395,0.006608066614717245
24396,0.006608064752072096
24397,0.006608063820749521
24398,0.006608062889426947
24399,0.006608061026781797
24400,0.006608060095459223
24401,0.006608058698475361
24402,0.006608056370168924
24403,0.006608055904507637
24404,0.006608055904507637
24405,0.006608054041862488
24406,0.006608053110539913
24407,0.0066080521792173386
24408,0.006608050782233477
24409,0.006608049385249615
24410,0.006608048919588327
24411,0.0066080475226044655
24412,0.006608044728636742
24413,0.006608044728636742
24414,0.006608043797314167
24415,0.0066080414690077305
24416,0.006608039606362581
24417,0.006608039606362581
24418,0.006608038209378719
24419,0.006608037278056145
24420,0.0066080340184271336
24421,0.006608031690120697
24422,0.006608032621443272
24423,0.006608030758798122
24424,0.006608030293136835
24425,0.006608028430491686
24426,0.006608026102185249
24427,0.006608026567846537
24428,0.006608026567846537
24429,0.006608024705201387
24430,0.006608022376894951
24431,0.0066080219112336636
24432,0.006608020979911089
24433,0.006608020048588514
24434,0.0066080172546207905
24435,0.006608017720282078
24436,0.006608016788959503
24437,0.0066080158576369286
24438,0.006608013063669205
24439,0.006608013063669205
24440,0.0066080112010240555
24441,0.006608010269701481
24442,0.006608008872717619
24443,0.006608007475733757
24444,0.006608006544411182
24445,0.006608004681766033
24446,0.006608004216104746
24447,0.0066080037504434586
24448,0.006608001887798309
24449,0.006608001422137022
24450,0.0066079990938305855
24451,0.0066079976968467236
24452,0.006607996765524149
24453,0.006607994902879
24454,0.006607994902879
24455,0.006607994437217712
24456,0.0066079916432499886
24457,0.006607991177588701
24458,0.006607988849282265
24459,0.006607988383620977
24460,0.006607986520975828
24461,0.006607986055314541
24462,0.006607985123991966
24463,0.00660798279568553
24464,0.006607982330024242
24465,0.0066079809330403805
24466,0.006607980001717806
24467,0.006607977673411369
24468,0.00660797581076622
24469,0.006607976742088795
24470,0.006607976742088795
24471,0.006607973948121071
24472,0.006607972085475922
24473,0.006607971154153347
24474,0.006607968360185623
24475,0.006607969291508198
24476,0.006607966497540474
24477,0.006607966497540474
24478,0.006607965566217899
24479,0.00660796370357275
24480,0.006607962306588888
24481,0.006607960909605026
24482,0.00660795858129859
24483,0.006607957649976015
24484,0.006607957649976015
24485,0.0066079567186534405
24486,0.006607954390347004
24487,0.006607954390347004
24488,0.006607953924685717
24489,0.006607951130717993
24490,0.006607950199395418
24491,0.006607947871088982
24492,0.006607946939766407
24493,0.006607947871088982
24494,0.006607945542782545
24495,0.00660794647410512
24496,0.006607942748814821
24497,0.006607942748814821
24498,0.006607942748814821
24499,0.006607940886169672
24500,0.006607937626540661
24501,0.006607936695218086
24502,0.006607936695218086
24503,0.006607936229556799
24504,0.006607934832572937
24505,0.006607932038605213
24506,0.0066079325042665005
24507,0.006607929710298777
24508,0.006607929710298777
24509,0.006607927847653627
24510,0.006607929244637489
24511,0.0066079264506697655
24512,0.006607924588024616
24513,0.006607922725379467
24514,0.006607922725379467
24515,0.0066079203970730305
24516,0.0066079190000891685
24517,0.006607917603105307
24518,0.006607916671782732
24519,0.006607914809137583
24520,0.006607913877815008
24521,0.0066079129464924335
24522,0.006607912015169859
24523,0.006607910618185997
24524,0.006607909686863422
24525,0.006607909221202135
24526,0.006607907824218273
24527,0.006607906427234411
24528,0.006607904564589262
24529,0.0066079022362828255
24530,0.006607902701944113
24531,0.0066079008392989635
24532,0.006607899442315102
24533,0.006607897579669952
24534,0.006607896648347378
24535,0.006607895717024803
24536,0.0066078947857022285
24537,0.006607892923057079
24538,0.006607891991734505
24539,0.006607890594750643
24540,0.00660789106041193
24541,0.00660789106041193
24542,0.006607886869460344
24543,0.006607885472476482
24544,0.006607884541153908
24545,0.006607884541153908
24546,0.006607884541153908
24547,0.006607882212847471
24548,0.006607879418879747
24549,0.006607878487557173
24550,0.006607877556234598
24551,0.0066078766249120235
24552,0.0066078766249120235
24553,0.006607874296605587
24554,0.0066078719682991505
24555,0.0066078719682991505
24556,0.0066078705713152885
24557,0.006607869174331427
24558,0.006607867311686277
24559,0.006607866380363703
24560,0.006607864983379841
24561,0.006607863586395979
24562,0.006607863120734692
24563,0.00660786172375083
24564,0.006607860792428255
24565,0.006607860792428255
24566,0.006607856601476669
24567,0.006607857998460531
24568,0.006607855670154095
24569,0.00660785473883152
24570,0.006607853341847658
24571,0.006607852876186371
24572,0.006607850082218647
24573,0.006607848685234785
24574,0.006607849150896072
24575,0.0066078477539122105
24576,0.006607846822589636
24577,0.006607844494283199
24578,0.006607843562960625
24579,0.006607843562960625
24580,0.0066078417003154755
24581,0.006607841234654188
24582,0.006607839837670326
24583,0.00660783750936389
24584,0.006607836112380028
24585,0.00660783750936389
24586,0.0066078342497348785
24587,0.006607832852751017
24588,0.006607831455767155
24589,0.006607831921428442
24590,0.006607830990105867
24591,0.006607830058783293
24592,0.006607827264815569
24593,0.006607824936509132
24594,0.006607824470847845
24595,0.00660782540217042
24596,0.006607823073863983
24597,0.006607820279896259
24598,0.006607820279896259
24599,0.006607819348573685
24600,0.0066078174859285355
24601,0.006607814691960812
24602,0.0066078160889446735
24603,0.006607814691960812
24604,0.006607811897993088
24605,0.006607812829315662
24606,0.0066078114323318005
24607,0.006607809104025364
24608,0.006607809104025364
24609,0.00660780631005764
24610,0.006607804913073778
24611,0.006607805844396353
24612,0.0066078039817512035
24613,0.006607803516089916
24614,0.00660780118778348
24615,0.006607800256460905
24616,0.006607798393815756
24617,0.006607796996831894
24618,0.006607795599848032
24619,0.006607794668525457
24620,0.0066077932715415955
24621,0.006607792340219021
24622,0.006607790943235159
24623,0.00660778908059001
24624,0.00660778908059001
24625,0.006607786286622286
24626,0.006607785355299711
24627,0.006607786286622286
24628,0.006607784889638424
24629,0.006607782561331987
24630,0.006607781630009413
24631,0.006607780233025551
24632,0.006607778370380402
24633,0.006607777904719114
24634,0.006607777439057827
24635,0.0066077751107513905
24636,0.006607773248106241
24637,0.006607774179428816
24638,0.006607772782444954
24639,0.006607771385461092
24640,0.00660776998847723
24641,0.006607769522815943
24642,0.006607767194509506
24643,0.006607766263186932
24644,0.006607766263186932
24645,0.006607763934880495
24646,0.0066077616065740585
24647,0.006607760209590197
24648,0.006607760209590197
24649,0.006607758812606335
24650,0.006607756484299898
24651,0.0066077555529773235
24652,0.006607754621654749
24653,0.006607753690332174
24654,0.0066077527590096
24655,0.006607751827687025
24656,0.006607749965041876
24657,0.006607748568058014
24658,0.006607747171074152
24659,0.006607747171074152
24660,0.006607745308429003
24661,0.006607745308429003
24662,0.006607742980122566
24663,0.006607742514461279
24664,0.00660774065181613
24665,0.006607739254832268
24666,0.006607738323509693
24667,0.006607736460864544
24668,0.006607735529541969
24669,0.006607735529541969
24670,0.0066077327355742455
24671,0.006607731804251671
24672,0.006607731804251671
24673,0.006607730872929096
24674,0.006607729010283947
24675,0.006607727147638798
24676,0.006607726216316223
24677,0.006607724819332361
24678,0.006607723422348499
24679,0.006607722956687212
24680,0.006607722025364637
24681,0.0066077192313969135
24682,0.0066077192313969135
24683,0.006607717834413052
24684,0.006607717368751764
24685,0.0066077145747840405
24686,0.0066077145747840405
24687,0.0066077131778001785
24688,0.006607712246477604
24689,0.006607710849493742
24690,0.00660770945250988
24691,0.0066077071242034435
24692,0.0066077071242034435
24693,0.006607705727219582
24694,0.006607703864574432
24695,0.006607703398913145
24696,0.006607703864574432
24697,0.006607702001929283
24698,0.006607700604945421
24699,0.006607699673622847
24700,0.00660769734531641
24701,0.006607695948332548
24702,0.006607693620026112
24703,0.006607693620026112
24704,0.006607693620026112
24705,0.0066076903603971004
24706,0.006607689894735813
24707,0.006607689429074526
24708,0.006607687566429377
24709,0.006607686635106802
24710,0.006607686169445515
24711,0.0066076843068003654
24712,0.0066076829098165035
24713,0.006607681047171354
24714,0.006607682444155216
24715,0.006607679184526205
24716,0.006607677787542343
24717,0.006607677321881056
24718,0.006607677321881056
24719,0.006607675459235907
24720,0.006607673596590757
24721,0.006607671268284321
24722,0.0066076708026230335
24723,0.0066076708026230335
24724,0.00660766800865531
24725,0.00660766800865531
24726,0.0066076661460101604
24727,0.006607665680348873
24728,0.006607663352042437
24729,0.006607662420719862
24730,0.006607662420719862
24731,0.0066076600924134254
24732,0.0066076600924134254
24733,0.006607657298445702
24734,0.006607657298445702
24735,0.006607655435800552
24736,0.006607653573155403
24737,0.006607653573155403
24738,0.0066076526418328285
24739,0.006607652176171541
24740,0.006607650313526392
24741,0.0066076479852199554
24742,0.0066076465882360935
24743,0.006607647053897381
24744,0.006607645656913519
24745,0.006607643328607082
24746,0.006607642397284508
24747,0.006607641000300646
24748,0.006607639137655497
24749,0.006607639137655497
24750,0.006607637275010347
24751,0.006607635412365198
24752,0.006607635412365198
24753,0.0066076344810426235
24754,0.006607632618397474
24755,0.0066076316870749
24756,0.006607630755752325
24757,0.006607630755752325
24758,0.006607628893107176
24759,0.006607627030462027
24760,0.006607625633478165
24761,0.006607625167816877
24762,0.006607624236494303
24763,0.006607623305171728
24764,0.0066076223738491535
24765,0.00660761957988143
24766,0.006607620045542717
24767,0.006607618648558855
24768,0.006607617251574993
24769,0.006607614923268557
24770,0.006607613991945982
24771,0.006607613526284695
24772,0.006607611197978258
24773,0.006607610732316971
24774,0.006607609800994396
24775,0.006607607938349247
24776,0.006607608869671822
24777,0.006607605144381523
24778,0.0066076042130589485
24779,0.006607603747397661
24780,0.006607600953429937
24781,0.006607601419091225
24782,0.006607600022107363
24783,0.0066075981594622135
24784,0.0066075981594622135
24785,0.006607597228139639
24786,0.006607594434171915
24787,0.00660759536549449
24788,0.0066075935028493404
24789,0.0066075921058654785
24790,0.006607590708881617
24791,0.006607589777559042
24792,0.006607587914913893
24793,0.0066075874492526054
24794,0.006607585586607456
24795,0.006607585586607456
24796,0.00660758325830102
24797,0.00660758325830102
24798,0.006607580929994583
24799,0.006607580464333296
24800,0.006607577204704285
24801,0.006607578601688147
24802,0.0066075753420591354
24803,0.006607574876397848
24804,0.006607573013752699
24805,0.0066075739450752735
24806,0.006607570685446262
24807,0.00660757115110755
24808,0.006607569754123688
24809,0.006607568357139826
24810,0.006607566960155964
24811,0.006607565563172102
24812,0.006607564631849527
24813,0.0066075618378818035
24814,0.0066075632348656654
24815,0.006607561372220516
24816,0.006607559509575367
24817,0.006607558578252792
24818,0.006607556715607643
24819,0.006607555318623781
24820,0.0066075557842850685
24821,0.006607552524656057
24822,0.006607553455978632
24823,0.006607551593333483
24824,0.006607551593333483
24825,0.0066075511276721954
24826,0.006607549265027046
24827,0.006607546471059322
24828,0.006607547868043184
24829,0.006607546005398035
24830,0.0066075450740754604
24831,0.006607544142752886
24832,0.006607542745769024
24833,0.006607540883123875
24834,0.006607539020478725
24835,0.006607539020478725
24836,0.006607538089156151
24837,0.006607534363865852
24838,0.006607533432543278
24839,0.006607533432543278
24840,0.006607532501220703
24841,0.006607530638575554
24842,0.006607529707252979
24843,0.006607528775930405
24844,0.006607526913285255
24845,0.006607526913285255
24846,0.006607525050640106
24847,0.006607523653656244
24848,0.006607523187994957
24849,0.00660752085968852
24850,0.00660752085968852
24851,0.006607518997043371
24852,0.006607517134398222
24853,0.006607517134398222
24854,0.006607516203075647
24855,0.006607513874769211
24856,0.0066075134091079235
24857,0.006607512477785349
24858,0.006607509218156338
24859,0.006607509683817625
24860,0.00660750875249505
24861,0.006607506889849901
24862,0.006607506889849901
24863,0.006607504095882177
24864,0.00660750363022089
24865,0.00660750363022089
24866,0.0066075013019144535
24867,0.006607500836253166
24868,0.006607499439269304
24869,0.00660749850794673
24870,0.006607497110962868
24871,0.006607496179640293
24872,0.006607494782656431
24873,0.006607493385672569
24874,0.006607491988688707
24875,0.006607490591704845
24876,0.006607490591704845
24877,0.0066074891947209835
24878,0.006607488263398409
24879,0.006607486866414547
24880,0.006607485935091972
24881,0.00660748453810811
24882,0.0066074831411242485
24883,0.006607481278479099
24884,0.00660747941583395
24885,0.006607478484511375
24886,0.006607478018850088
24887,0.0066074770875275135
24888,0.006607475224882364
24889,0.00660747429355979
24890,0.006607473827898502
24891,0.006607471965253353
24892,0.006607470568269491
24893,0.006607470102608204
24894,0.006607468705624342
24895,0.006607467774301767
24896,0.006607466377317905
24897,0.0066074649803340435
24898,0.006607464514672756
24899,0.006607463583350182
24900,0.006607461720705032
24901,0.006607459392398596
24902,0.00660746032372117
24903,0.006607457995414734
24904,0.006607457064092159
24905,0.006607454735785723
24906,0.006607454270124435
24907,0.006607452407479286
24908,0.006607450544834137
24909,0.006607449613511562
24910,0.0066074482165277
24911,0.0066074482165277
24912,0.006607447285205126
24913,0.006607444491237402
24914,0.006607444025576115
24915,0.006607442628592253
24916,0.006607441697269678
24917,0.006607439368963242
24918,0.0066074407659471035
24919,0.006607438903301954
24920,0.006607436574995518
24921,0.006607435643672943
24922,0.006607435643672943
24923,0.006607435643672943
24924,0.006607433315366507
24925,0.006607431452721357
24926,0.006607430521398783
24927,0.006607429590076208
24928,0.0066074286587536335
24929,0.006607427727431059
24930,0.006607426330447197
24931,0.006607426330447197
24932,0.006607423536479473
24933,0.006607421673834324
24934,0.006607421673834324
24935,0.006607421673834324
24936,0.006607419345527887
24937,0.006607417482882738
24938,0.0066074165515601635
24939,0.006607416085898876
24940,0.006607414223253727
24941,0.006607412360608578
24942,0.006607411429286003
24943,0.006607409100979567
24944,0.006607409566640854
24945,0.006607407238334417
24946,0.006607407238334417
24947,0.006607407703995705
24948,0.006607404910027981
24949,0.006607402116060257
24950,0.00660740165039897
24951,0.006607400719076395
24952,0.006607400253415108
24953,0.006607398856431246
24954,0.006607396993786097
24955,0.006607395596802235
24956,0.006607394199818373
24957,0.006607394199818373
24958,0.0066073923371732235
24959,0.0066073923371732235
24960,0.006607390474528074
24961,0.006607389077544212
24962,0.006607388611882925
24963,0.006607388611882925
24964,0.006607386749237776
24965,0.006607385817915201
24966,0.006607383955270052
24967,0.00660738255828619
24968,0.006607380695641041
24969,0.006607380695641041
24970,0.006607377901673317
24971,0.006607377901673317
24972,0.00660737743601203
24973,0.006607376039028168
24974,0.0066073741763830185
24975,0.0066073741763830185
24976,0.006607370916754007
24977,0.006607371382415295
24978,0.00660737045109272
24979,0.006607369519770145
24980,0.006607367191463709
24981,0.006607366725802422
24982,0.006607364863157272
24983,0.006607364863157272
24984,0.006607363931834698
24985,0.006607360672205687
24986,0.006607360672205687
24987,0.006607359740883112
24988,0.00660735834389925
24989,0.006607357412576675
24990,0.0066073560155928135
24991,0.006607354152947664
24992,0.006607354152947664
24993,0.00660735322162509
24994,0.006607350893318653
24995,0.006607350893318653
24996,0.006607348565012217
24997,0.006607349030673504
24998,0.00660734623670578
24999,0.006607344839721918
25000,0.006607343442738056
25001,0.006607342511415482
25002,0.006607340648770332
25003,0.006607340648770332
25004,0.006607338786125183
25005,0.0066073378548026085
25006,0.006607335992157459
25007,0.006607335992157459
25008,0.006607335992157459
25009,0.006607333663851023
25010,0.006607332266867161
25011,0.0066073304042220116
25012,0.006607330869883299
25013,0.006607329472899437
25014,0.006607327144593
25015,0.006607327144593
25016,0.0066073257476091385
25017,0.006607323419302702
25018,0.00660732202231884
25019,0.006607322487980127
25020,0.006607320625334978
25021,0.0066073196940124035
25022,0.0066073182970285416
25023,0.006607317831367254
25024,0.006607315503060818
25025,0.006607314571738243
25026,0.006607314106076956
25027,0.006607311777770519
25028,0.006607310380786657
25029,0.006607309449464083
25030,0.006607308052480221
25031,0.006607306655496359
25032,0.0066073061898350716
25033,0.00660730479285121
25034,0.00660730479285121
25035,0.006607303395867348
25036,0.006607301998883486
25037,0.006607300601899624
25038,0.006607299670577049
25039,0.006607298273593187
25040,0.006607296876609325
25041,0.006607296876609325
25042,0.0066072940826416016
25043,0.006607292219996452
25044,0.006607293151319027
25045,0.006607291288673878
25046,0.006607290357351303
25047,0.006607289891690016
25048,0.006607288494706154
25049,0.006607288960367441
25050,0.006607286632061005
25051,0.006607284769415855
25052,0.006607284769415855
25053,0.006607281509786844
25054,0.006607281044125557
25055,0.006607279647141695
25056,0.006607277784496546
25057,0.0066072773188352585
25058,0.006607276387512684
25059,0.006607274059206247
25060,0.006607274059206247
25061,0.006607272196561098
25062,0.006607270799577236
25063,0.006607270799577236
25064,0.006607270799577236
25065,0.006607268936932087
25066,0.006607267539948225
25067,0.006607265677303076
25068,0.006607267074286938
25069,0.006607264745980501
25070,0.006607262417674065
25071,0.006607261020690203
25072,0.006607260555028915
25073,0.0066072591580450535
25074,0.006607256829738617
25075,0.006607256829738617
25076,0.006607254967093468
25077,0.006607253570109606
25078,0.006607254035770893
25079,0.006607252173125744
25080,0.006607250776141882
25081,0.006607248447835445
25082,0.006607248913496733
25083,0.006607247516512871
25084,0.006607246119529009
25085,0.0066072456538677216
25086,0.00660724239423871
25087,0.00660724239423871
25088,0.0066072409972548485
25089,0.006607239134609699
25090,0.006607237737625837
25091,0.006607238203287125
25092,0.006607236806303263
25093,0.006607235874980688
25094,0.006607234477996826
25095,0.0066072335466742516
25096,0.006607231218367815
25097,0.00660723214969039
25098,0.006607229821383953
25099,0.006607229355722666
25100,0.0066072274930775166
25101,0.006607227958738804
25102,0.006607225630432367
25103,0.006607224233448505
25104,0.006607222370803356
25105,0.006607222370803356
25106,0.006607220973819494
25107,0.006607220508158207
25108,0.006607218645513058
25109,0.0066072167828679085
25110,0.0066072167828679085
25111,0.006607214920222759
25112,0.006607213988900185
25113,0.00660721305757761
25114,0.006607211194932461
25115,0.0066072107292711735
25116,0.00660720793530345
25117,0.00660720793530345
25118,0.0066072060726583
25119,0.006607204210013151
25120,0.006607203744351864
25121,0.006607201881706715
25122,0.006607200484722853
25123,0.006607199553400278
25124,0.006607199087738991
25125,0.0066071972250938416
25126,0.00660719582810998
25127,0.006607194896787405
25128,0.00660719396546483
25129,0.006607193034142256
25130,0.00660719396546483
25131,0.006607192102819681
25132,0.006607190705835819
25133,0.006607189308851957
25134,0.006607187911868095
25135,0.0066071865148842335
25136,0.0066071865148842335
25137,0.006607185583561659
25138,0.006607183255255222
25139,0.006607183255255222
25140,0.006607180926948786
25141,0.006607179529964924
25142,0.0066071790643036366
25143,0.0066071767359972
25144,0.0066071767359972
25145,0.006607175804674625
25146,0.0066071730107069016
25147,0.006607172079384327
25148,0.006607171148061752
25149,0.006607170216739178
25150,0.006607169285416603
25151,0.0066071669571101665
25152,0.006607166491448879
25153,0.006607164163142443
25154,0.006607164163142443
25155,0.006607161369174719
25156,0.006607161369174719
25157,0.0066071609035134315
25158,0.006607159040868282
25159,0.006607158109545708
25160,0.006607156712561846
25161,0.006607155315577984
25162,0.0066071548499166965
25163,0.006607154384255409
25164,0.00660715252161026
25165,0.006607151124626398
25166,0.006607150658965111
25167,0.006607149727642536
25168,0.0066071473993361
25169,0.0066071473993361
25170,0.00660714553669095
25171,0.006607144605368376
25172,0.006607143208384514
25173,0.006607143674045801
25174,0.006607141811400652
25175,0.00660714041441679
25176,0.006607139483094215
25177,0.006607137154787779
25178,0.0066071366891264915
25179,0.006607134360820055
25180,0.006607132963836193
25181,0.006607132498174906
25182,0.0066071320325136185
25183,0.006607130169868469
25184,0.006607129238545895
25185,0.006607127375900745
25186,0.006607127375900745
25187,0.006607126444578171
25188,0.0066071245819330215
25189,0.006607123650610447
25190,0.00660712318494916
25191,0.00660712132230401
25192,0.006607119459658861
25193,0.006607119459658861
25194,0.006607117131352425
25195,0.006607116665691137
25196,0.0066071138717234135
25197,0.006607115268707275
25198,0.0066071138717234135
25199,0.006607112009078264
25200,0.006607110146433115
25201,0.006607108283787966
25202,0.006607108283787966
25203,0.006607108283787966
25204,0.006607105024158955
25205,0.006607103627175093
25206,0.00660710409283638
25207,0.006607100833207369
25208,0.006607101298868656
25209,0.0066071003675460815
25210,0.006607096642255783
25211,0.006607097573578358
25212,0.006607097573578358
25213,0.006607096642255783
25214,0.0066070957109332085
25215,0.00660709198564291
25216,0.006607091519981623
25217,0.00660709198564291
25218,0.0066070896573364735
25219,0.0066070882603526115
25220,0.006607086397707462
25221,0.0066070850007236
25222,0.006607084535062313
25223,0.006607083138078451
25224,0.0066070836037397385
25225,0.006607081275433302
25226,0.006607080344110727
25227,0.006607079412788153
25228,0.006607077084481716
25229,0.0066070775501430035
25230,0.006607076618820429
25231,0.00660707289353013
25232,0.006607072427868843
25233,0.006607072427868843
25234,0.006607072427868843
25235,0.006607069168239832
25236,0.00660706777125597
25237,0.006607067305594683
25238,0.006607064977288246
25239,0.006607063114643097
25240,0.006607063114643097
25241,0.006607061251997948
25242,0.006607061251997948
25243,0.0066070593893527985
25244,0.006607057526707649
25245,0.006607056595385075
25246,0.006607055198401213
25247,0.0066070533357560635
25248,0.0066070519387722015
25249,0.006607052404433489
25250,0.006607051473110914
25251,0.006607049144804478
25252,0.006607049144804478
25253,0.006607046816498041
25254,0.006607046350836754
25255,0.006607044953852892
25256,0.006607044022530317
25257,0.006607043091207743
25258,0.0066070412285625935
25259,0.006607039365917444
25260,0.006607039365917444
25261,0.006607038900256157
25262,0.00660703843459487
25263,0.006607034709304571
25264,0.006607034709304571
25265,0.0066070337779819965
25266,0.006607032380998135
25267,0.006607030052691698
25268,0.006607028655707836
25269,0.006607030052691698
25270,0.0066070277243852615
25271,0.006607024930417538
25272,0.006607024930417538
25273,0.006607023533433676
25274,0.0066070216707885265
25275,0.006607022136449814
25276,0.006607020273804665
25277,0.006607019808143377
25278,0.006607018411159515
25279,0.006607017479836941
25280,0.0066070156171917915
25281,0.0066070156171917915
25282,0.006607013288885355
25283,0.006607011426240206
25284,0.0066070109605789185
25285,0.006607010494917631
25286,0.006607009097933769
25287,0.006607008632272482
25288,0.006607005372643471
25289,0.0066070049069821835
25290,0.006607003044337034
25291,0.0066070035099983215
25292,0.00660700211301446
25293,0.006607001181691885
25294,0.006606999319046736
25295,0.006606999319046736
25296,0.006606996990740299
25297,0.006606995593756437
25298,0.006606994662433863
25299,0.00660699512809515
25300,0.0066069927997887135
25301,0.006606991868466139
25302,0.006606990937143564
25303,0.006606988608837128
25304,0.006606987677514553
25305,0.006606985814869404
25306,0.006606984883546829
25307,0.006606983952224255
25308,0.006606982089579105
25309,0.006606981158256531
25310,0.006606979761272669
25311,0.0066069792956113815
25312,0.006606977432966232
25313,0.006606977432966232
25314,0.0066069746389985085
25315,0.006606974173337221
25316,0.006606972310692072
25317,0.0066069732420146465
25318,0.006606972310692072
25319,0.006606969516724348
25320,0.006606968119740486
25321,0.0066069671884179115
25322,0.00660696579143405
25323,0.0066069639287889
25324,0.006606962066143751
25325,0.006606962997466326
25326,0.006606960203498602
25327,0.006606959272176027
25328,0.006606957409530878
25329,0.006606956943869591
25330,0.006606955546885729
25331,0.006606954615563154
25332,0.006606953218579292
25333,0.00660695182159543
25334,0.006606949958950281
25335,0.006606949958950281
25336,0.006606948561966419
25337,0.006606948096305132
25338,0.00660694669932127
25339,0.006606944836676121
25340,0.006606943905353546
25341,0.006606942508369684
25342,0.0066069429740309715
25343,0.00660693971440196
25344,0.006606939248740673
25345,0.0066069383174180984
25346,0.006606936454772949
25347,0.006606935057789087
25348,0.006606933195143938
25349,0.006606932729482651
25350,0.006606931798160076
25351,0.006606929935514927
25352,0.00660692946985364
25353,0.006606929004192352
25354,0.006606927141547203
25355,0.006606925744563341
25356,0.006606923416256905
25357,0.006606922950595617
25358,0.006606921553611755
25359,0.006606920622289181
25360,0.0066069201566278934
25361,0.006606917828321457
25362,0.006606916896998882
25363,0.006606914568692446
25364,0.0066069141030311584
25365,0.0066069127060472965
25366,0.006606913171708584
25367,0.006606910843402147
25368,0.006606908980756998
25369,0.006606908980756998
25370,0.006606908515095711
25371,0.006606905721127987
25372,0.006606903858482838
25373,0.006606902927160263
25374,0.006606901064515114
25375,0.006606899667531252
25376,0.006606900133192539
25377,0.00660689827054739
25378,0.0066068959422409534
25379,0.006606896407902241
25380,0.006606894079595804
25381,0.006606893613934517
25382,0.006606890354305506
25383,0.00660689128562808
25384,0.0066068898886442184
25385,0.006606888957321644
25386,0.006606887094676495
25387,0.006606885697692633
25388,0.006606884766370058
25389,0.006606882903724909
25390,0.006606882903724909
25391,0.006606881506741047
25392,0.00660687917843461
25393,0.0066068777814507484
25394,0.006606877315789461
25395,0.006606875453144312
25396,0.006606875453144312
25397,0.006606874521821737
25398,0.006606872659176588
25399,0.006606872659176588
25400,0.006606870796531439
25401,0.006606869399547577
25402,0.006606868002563715
25403,0.006606866605579853
25404,0.0066068656742572784
25405,0.006606865208595991
25406,0.006606862880289555
25407,0.006606861483305693
25408,0.006606860086321831
25409,0.006606859154999256
25410,0.006606859154999256
25411,0.00660685682669282
25412,0.006606855429708958
25413,0.006606854498386383
25414,0.006606852635741234
25415,0.006606852635741234
25416,0.006606851238757372
25417,0.00660684984177351
25418,0.006606849376112223
25419,0.0066068461164832115
25420,0.0066068475134670734
25421,0.006606843788176775
25422,0.006606843788176775
25423,0.006606841925531626
25424,0.006606840994209051
25425,0.006606840994209051
25426,0.006606838200241327
25427,0.006606836337596178
25428,0.006606835871934891
25429,0.006606834474951029
25430,0.006606834940612316
25431,0.006606833077967167
25432,0.006606830283999443
25433,0.00660683074966073
25434,0.006606830283999443
25435,0.0066068279556930065
25436,0.006606826093047857
25437,0.006606824696063995
25438,0.006606824696063995
25439,0.006606823764741421
25440,0.006606821436434984
25441,0.0066068219020962715
25442,0.006606819573789835
25443,0.006606817711144686
25444,0.006606818176805973
25445,0.006606815382838249
25446,0.006606815382838249
25447,0.006606813985854387
25448,0.006606811657547951
25449,0.006606811657547951
25450,0.0066068097949028015
25451,0.006606808863580227
25452,0.006606807932257652
25453,0.006606806069612503
25454,0.006606805603951216
25455,0.006606804206967354
25456,0.006606804206967354
25457,0.00660680141299963
25458,0.00660680141299963
25459,0.006606798153370619
25460,0.006606798153370619
25461,0.0066067976877093315
25462,0.00660679629072547
25463,0.00660679442808032
25464,0.006606793496757746
25465,0.0066067930310964584
25466,0.006606790237128735
25467,0.006606788840144873
25468,0.0066067869774997234
25469,0.006606787908822298
25470,0.006606786046177149
25471,0.0066067855805158615
25472,0.006606783717870712
25473,0.006606781855225563
25474,0.006606780458241701
25475,0.006606779992580414
25476,0.006606778129935265
25477,0.006606778129935265
25478,0.00660677719861269
25479,0.006606776267290115
25480,0.0066067734733223915
25481,0.006606773007661104
25482,0.006606770679354668
25483,0.00660677021369338
25484,0.006606768816709518
25485,0.006606767885386944
25486,0.006606766488403082
25487,0.006606765557080507
25488,0.006606765557080507
25489,0.006606763694435358
25490,0.006606761831790209
25491,0.006606760900467634
25492,0.006606759503483772
25493,0.006606758572161198
25494,0.006606757175177336
25495,0.006606757175177336
25496,0.0066067553125321865
25497,0.006606753915548325
25498,0.00660675298422575
25499,0.00660675298422575
25500,0.006606752518564463
25501,0.006606748793274164
25502,0.006606747396290302
25503,0.006606747396290302
25504,0.006606744602322578
25505,0.006606745533645153
25506,0.0066067432053387165
25507,0.0066067432053387165
25508,0.00660674087703228
25509,0.00660674087703228
25510,0.006606739014387131
25511,0.006606739014387131
25512,0.006606736220419407
25513,0.00660673575475812
25514,0.006606733426451683
25515,0.006606733426451683
25516,0.006606730632483959
25517,0.006606729701161385
25518,0.006606727372854948
25519,0.006606726441532373
25520,0.006606728304177523
25521,0.006606724578887224
25522,0.00660672364756465
25523,0.00660672364756465
25524,0.006606721319258213
25525,0.006606720387935638
25526,0.0066067189909517765
25527,0.0066067189909517765
25528,0.006606717593967915
25529,0.006606716196984053
25530,0.006606716196984053
25531,0.006606713868677616
25532,0.006606713868677616
25533,0.00660671154037118
25534,0.006606710609048605
25535,0.006606710143387318
25536,0.0066067068837583065
25537,0.006606707349419594
25538,0.006606706418097019
25539,0.006606704089790583
25540,0.006606702692806721
25541,0.006606701761484146
25542,0.006606701295822859
25543,0.006606698967516422
25544,0.006606698501855135
25545,0.006606698036193848
25546,0.006606696173548698
25547,0.006606695242226124
25548,0.006606695707887411
25549,0.0066066924482584
25550,0.0066066924482584
25551,0.006606690585613251
25552,0.0066066887229681015
25553,0.0066066887229681015
25554,0.00660668732598424
25555,0.00660668546333909
25556,0.006606684997677803
25557,0.0066066826693713665
25558,0.006606682203710079
25559,0.006606681738048792
25560,0.006606679409742355
25561,0.006606679875403643
25562,0.006606677547097206
25563,0.006606677081435919
25564,0.006606677081435919
25565,0.006606674753129482
25566,0.006606673821806908
25567,0.006606672424823046
25568,0.006606672424823046
25569,0.0066066705621778965
25570,0.006606669630855322
25571,0.006606668699532747
25572,0.006606665439903736
25573,0.006606664974242449
25574,0.006606663577258587
25575,0.006606662645936012
25576,0.006606661714613438
25577,0.006606660317629576
25578,0.006606658920645714
25579,0.006606657989323139
25580,0.00660665612667799
25581,0.006606655195355415
25582,0.00660665612667799
25583,0.006606653798371553
25584,0.0066066524013876915
25585,0.006606653332710266
25586,0.006606650538742542
25587,0.006606649607419968
25588,0.006606647744774818
25589,0.006606644485145807
25590,0.006606644485145807
25591,0.00660664401948452
25592,0.006606640759855509
25593,0.0066066402941942215
25594,0.00660663889721036
25595,0.006606638431549072
25596,0.006606637500226498
25597,0.006606636103242636
25598,0.006606634706258774
25599,0.0066066342405974865
25600,0.006606631446629763
25601,0.006606632377952337
25602,0.006606629583984613
25603,0.006606629583984613
25604,0.006606627255678177
25605,0.006606626324355602
25606,0.00660662492737174
25607,0.006606624461710453
25608,0.006606622599065304
25609,0.006606621667742729
25610,0.006606620270758867
25611,0.006606618408113718
25612,0.006606617476791143
25613,0.006606617476791143
25614,0.00660661468282342
25615,0.00660661468282342
25616,0.006606613285839558
25617,0.006606612354516983
25618,0.006606610957533121
25619,0.006606609560549259
25620,0.006606609560549259
25621,0.006606607232242823
25622,0.006606605835258961
25623,0.0066066039726138115
25624,0.006606604438275099
25625,0.006606603506952524
25626,0.006606602109968662
25627,0.006606601644307375
25628,0.006606598850339651
25629,0.0066065979190170765
25630,0.006606596522033215
25631,0.00660659559071064
25632,0.006606596056371927
25633,0.006606595125049353
25634,0.006606592331081629
25635,0.006606591399759054
25636,0.006606590002775192
25637,0.006606588140130043
25638,0.006606586743146181
25639,0.006606587208807468
25640,0.006606584880501032
25641,0.006606584880501032
25642,0.006606582552194595
25643,0.006606580689549446
25644,0.0066065797582268715
25645,0.006606579292565584
25646,0.006606576964259148
25647,0.006606577429920435
25648,0.00660657649859786
25649,0.006606575101613998
25650,0.006606574170291424
25651,0.0066065713763237
25652,0.006606570910662413
25653,0.006606570445001125
25654,0.006606569979339838
25655,0.006606568116694689
25656,0.0066065662540495396
25657,0.006606565322726965
25658,0.00660656439140439
25659,0.0066065615974366665
25660,0.006606561131775379
25661,0.006606560666114092
25662,0.006606559734791517
25663,0.006606557872146368
25664,0.006606556009501219
25665,0.006606555078178644
25666,0.0066065541468560696
25667,0.0066065541468560696
25668,0.006606553215533495
25669,0.006606552749872208
25670,0.006606550421565771
25671,0.006606547627598047
25672,0.006606546696275473
25673,0.006606546696275473
25674,0.006606545299291611
25675,0.0066065434366464615
25676,0.006606541574001312
25677,0.0066065420396625996
25678,0.006606541574001312
25679,0.006606538780033588
25680,0.006606537848711014
25681,0.0066065373830497265
25682,0.00660653505474329
25683,0.00660653505474329
25684,0.006606533657759428
25685,0.006606533192098141
25686,0.0066065313294529915
25687,0.0066065313294529915
25688,0.006606527604162693
25689,0.006606526672840118
25690,0.006606526207178831
25691,0.0066065252758562565
25692,0.006606524344533682
25693,0.006606522481888533
25694,0.006606521550565958
25695,0.006606519687920809
25696,0.006606518756598234
25697,0.0066065178252756596
25698,0.006606516428291798
25699,0.006606516428291798
25700,0.006606515031307936
25701,0.006606515031307936
25702,0.0066065131686627865
25703,0.00660651084035635
25704,0.006606510374695063
25705,0.006606508977711201
25706,0.006606508046388626
25707,0.0066065057180821896
25708,0.006606505252420902
25709,0.006606503389775753
25710,0.006606502458453178
25711,0.006606501992791891
25712,0.006606500595808029
25713,0.0066064996644854546
25714,0.006606497801840305
25715,0.006606496870517731
25716,0.0066064950078725815
25717,0.006606494076550007
25718,0.0066064950078725815
25719,0.006606492213904858
25720,0.006606490816920996
25721,0.006606490351259708
25722,0.006606489885598421
25723,0.006606488022953272
25724,0.006606487091630697
25725,0.006606484297662973
25726,0.006606482435017824
25727,0.006606483366340399
25728,0.0066064815036952496
25729,0.0066064796410501
25730,0.006606480572372675
25731,0.006606478709727526
25732,0.0066064768470823765
25733,0.006606475915759802
25734,0.006606475915759802
25735,0.006606474053114653
25736,0.006606472190469503
25737,0.006606469862163067
25738,0.006606470327824354
25739,0.006606468930840492
25740,0.006606466602534056
25741,0.00660646753385663
25742,0.006606465671211481
25743,0.006606465205550194
25744,0.0066064633429050446
25745,0.006606460548937321
25746,0.006606461480259895
25747,0.006606459617614746
25748,0.006606457754969597
25749,0.006606457754969597
25750,0.0066064572893083096
25751,0.006606454961001873
25752,0.006606454029679298
25753,0.006606453564018011
25754,0.0066064526326954365
25755,0.006606452167034149
25756,0.006606449373066425
25757,0.006606447976082563
25758,0.0066064465790987015
25759,0.006606444250792265
25760,0.00660644331946969
25761,0.006606444250792265
25762,0.006606442388147116
25763,0.006606441456824541
25764,0.006606439594179392
25765,0.006606438662856817
25766,0.006606436800211668
25767,0.006606435868889093
25768,0.006606435403227806
25769,0.006606434937566519
25770,0.0066064330749213696
25771,0.006606429349631071
25772,0.006606430746614933
25773,0.006606427952647209
25774,0.0066064284183084965
25775,0.006606427952647209
25776,0.006606425158679485
25777,0.006606425624340773
25778,0.006606424693018198
25779,0.006606421899050474
25780,0.006606420502066612
25781,0.006606419570744038
25782,0.00660641910508275
25783,0.00660641910508275
25784,0.006606416776776314
25785,0.0066064149141311646
25786,0.00660641398280859
25787,0.006606412120163441
25788,0.006606410723179579
25789,0.0066064102575182915
25790,0.006606407929211855
25791,0.006606409326195717
25792,0.006606405135244131
25793,0.006606405135244131
25794,0.006606406066566706
25795,0.006606403272598982
25796,0.00660640187561512
25797,0.006606400944292545
25798,0.006606400478631258
25799,0.006606398615986109
25800,0.006606397684663534
25801,0.006606395822018385
25802,0.006606395356357098
25803,0.006606393959373236
25804,0.006606391631066799
25805,0.0066063920967280865
25806,0.006606391165405512
25807,0.006606387440115213
25808,0.006606388837099075
25809,0.006606386974453926
25810,0.0066063860431313515
25811,0.0066063846461474895
25812,0.006606382317841053
25813,0.006606382317841053
25814,0.006606380455195904
25815,0.0066063799895346165
25816,0.006606378126889467
25817,0.00660637766122818
25818,0.006606377195566893
25819,0.006606375798583031
25820,0.006606375332921743
25821,0.006606373470276594
25822,0.006606372073292732
25823,0.006606369744986296
25824,0.006606369744986296
25825,0.006606367416679859
25826,0.006606366019695997
25827,0.00660636555403471
25828,0.006606365088373423
25829,0.006606363225728273
25830,0.006606364622712135
25831,0.006606361363083124
25832,0.006606360897421837
25833,0.006606358103454113
25834,0.006606357637792826
25835,0.006606356706470251
25836,0.006606355309486389
25837,0.0066063557751476765
25838,0.006606352049857378
25839,0.006606352049857378
25840,0.006606350652873516
25841,0.0066063497215509415
25842,0.006606349255889654
25843,0.006606346927583218
25844,0.006606345530599356
25845,0.006606345064938068
25846,0.006606344599276781
25847,0.006606344133615494
25848,0.0066063422709703445
25849,0.00660634133964777
25850,0.006606339011341333
25851,0.006606339942663908
25852,0.006606338545680046
25853,0.0066063362173736095
25854,0.006606335751712322
25855,0.006606333889067173
25856,0.006606333423405886
25857,0.006606331095099449
25858,0.006606332026422024
25859,0.006606331095099449
25860,0.006606327835470438
25861,0.006606327369809151
25862,0.006606326904147863
25863,0.0066063255071640015
25864,0.006606324575841427
25865,0.006606323644518852
25866,0.006606321316212416
25867,0.006606320850551128
25868,0.0066063194535672665
25869,0.006606318522244692
25870,0.00660631712526083
25871,0.006606316193938255
25872,0.006606315728276968
25873,0.0066063133999705315
25874,0.0066063133999705315
25875,0.006606312468647957
25876,0.006606309674680233
25877,0.006606309209018946
25878,0.006606307812035084
25879,0.006606306880712509
25880,0.0066063059493899345
25881,0.006606305483728647
25882,0.00660630501806736
25883,0.006606302224099636
25884,0.0066063012927770615
25885,0.006606300827115774
25886,0.006606298498809338
25887,0.006606298498809338
25888,0.00660629803314805
25889,0.006606295704841614
25890,0.006606294773519039
25891,0.0066062938421964645
25892,0.006606292445212603
25893,0.006606291048228741
25894,0.006606288719922304
25895,0.006606288719922304
25896,0.006606286857277155
25897,0.006606286857277155
25898,0.006606284994632006
25899,0.006606283597648144
25900,0.006606282666325569
25901,0.006606282200664282
25902,0.006606281269341707
25903,0.006606278475373983
25904,0.006606278941035271
25905,0.006606278009712696
25906,0.0066062756814062595
25907,0.0066062756814062595
25908,0.006606273353099823
25909,0.00660627381876111
25910,0.006606271490454674
25911,0.006606270093470812
25912,0.006606269162148237
25913,0.006606268230825663
25914,0.006606267765164375
25915,0.006606267299503088
25916,0.0066062649711966515
25917,0.0066062635742127895
25918,0.006606263108551502
25919,0.006606262177228928
25920,0.006606261245906353
25921,0.006606259383261204
25922,0.006606258451938629
25923,0.006606258451938629
25924,0.006606255657970905
25925,0.006606254726648331
25926,0.006606254726648331
25927,0.0066062528640031815
25928,0.006606253795325756
25929,0.006606249138712883
25930,0.006606248207390308
25931,0.006606247276067734
25932,0.0066062468104064465
25933,0.006606244947761297
25934,0.006606244947761297
25935,0.006606243085116148
25936,0.006606241688132286
25937,0.0066062407568097115
25938,0.006606240291148424
25939,0.006606239825487137
25940,0.0066062374971807
25941,0.006606236100196838
25942,0.006606235634535551
25943,0.006606233771890402
25944,0.006606233771890402
25945,0.00660623237490654
25946,0.006606231909245253
25947,0.006606230512261391
25948,0.0066062272526323795
25949,0.006606227718293667
25950,0.006606226321309805
25951,0.00660622538998723
25952,0.006606223061680794
25953,0.0066062225960195065
25954,0.006606222130358219
25955,0.006606220733374357
25956,0.006606219802051783
25957,0.006606217939406633
25958,0.006606217939406633
25959,0.006606217473745346
25960,0.0066062151454389095
25961,0.006606214679777622
25962,0.006606212351471186
25963,0.006606211885809898
25964,0.0066062090918421745
25965,0.006606209557503462
25966,0.006606206763535738
25967,0.006606204900890589
25968,0.006606207229197025
25969,0.006606205832213163
25970,0.006606202572584152
25971,0.006606202106922865
25972,0.00660620117560029
25973,0.006606201641261578
25974,0.006606199312955141
25975,0.006606197450309992
25976,0.006606197450309992
25977,0.006606195587664843
25978,0.006606194190680981
25979,0.006606193259358406
25980,0.006606192793697119
25981,0.0066061909310519695
25982,0.006606189534068108
25983,0.006606188137084246
25984,0.006606186740100384
25985,0.006606185808777809
25986,0.006606185343116522
25987,0.0066061848774552345
25988,0.006606183014810085
25989,0.006606181152164936
25990,0.006606181152164936
25991,0.006606179289519787
25992,0.006606177426874638
25993,0.00660617696121335
25994,0.006606175564229488
25995,0.006606176029890776
25996,0.006606174632906914
25997,0.0066061727702617645
25998,0.0066061727702617645
25999,0.006606169510632753
26000,0.006606170441955328
26001,0.006606168579310179
26002,0.0066061667166650295
26003,0.00660616485401988
26004,0.006606165785342455
26005,0.006606163922697306
26006,0.006606162991374731
26007,0.006606163457036018
26008,0.006606160197407007
26009,0.006606160197407007
26010,0.006606159266084433
26011,0.006606158334761858
26012,0.006606157869100571
26013,0.0066061560064554214
26014,0.0066061546094715595
26015,0.00660615274682641
26016,0.006606150884181261
26017,0.006606150418519974
26018,0.006606149487197399
26019,0.006606148090213537
26020,0.00660614762455225
26021,0.006606146693229675
26022,0.006606145761907101
26023,0.006606143433600664
26024,0.006606142036616802
26025,0.006606142036616802
26026,0.00660614063963294
26027,0.00660614063963294
26028,0.006606139242649078
26029,0.0066061378456652164
26030,0.006606135983020067
26031,0.006606134586036205
26032,0.006606133654713631
26033,0.006606132723391056
26034,0.006606132257729769
26035,0.006606131326407194
26036,0.006606129463762045
26037,0.006606127601116896
26038,0.006606126669794321
26039,0.0066061257384717464
26040,0.006606124807149172
26041,0.006606124807149172
26042,0.0066061243414878845
26043,0.006606122944504023
26044,0.006606120616197586
26045,0.006606121081858873
26046,0.0066061196848750114
26047,0.0066061182878911495
26048,0.006606117822229862
26049,0.006606116425246
26050,0.006606114562600851
26051,0.006606113165616989
26052,0.00660611130297184
26053,0.00660611130297184
26054,0.006606108509004116
26055,0.006606108974665403
26056,0.006606106646358967
26057,0.006606106646358967
26058,0.006606105715036392
26059,0.00660610431805253
26060,0.006606102921068668
26061,0.006606100592762232
26062,0.006606101058423519
26063,0.0066061001271009445
26064,0.006606098730117083
26065,0.006606098730117083
26066,0.006606095936149359
26067,0.0066060954704880714
26068,0.006606093607842922
26069,0.006606093142181635
26070,0.006606090348213911
26071,0.0066060894168913364
26072,0.006606090813875198
26073,0.006606088485568762
26074,0.006606086622923613
26075,0.006606087554246187
26076,0.006606083828955889
26077,0.006606082897633314
26078,0.006606082897633314
26079,0.0066060819663107395
26080,0.00660608010366559
26081,0.006606079172343016
26082,0.006606078241020441
26083,0.0066060773096978664
26084,0.006606075447052717
26085,0.006606075447052717
26086,0.006606074515730143
26087,0.006606073118746281
26088,0.0066060712561011314
26089,0.006606070790439844
26090,0.006606068927794695
26091,0.006606068462133408
26092,0.006606066599488258
26093,0.006606065668165684
26094,0.006606066599488258
26095,0.006606064271181822
26096,0.006606061477214098
26097,0.006606061942875385
26098,0.006606061011552811
26099,0.006606060080230236
26100,0.006606057286262512
26101,0.0066060577519237995
26102,0.00660605588927865
26103,0.006606054957956076
26104,0.006606054492294788
26105,0.006606051232665777
26106,0.006606052629649639
26107,0.006606051232665777
26108,0.006606049370020628
26109,0.006606047973036766
26110,0.006606046110391617
26111,0.0066060456447303295
26112,0.00660604378208518
26113,0.006606042850762606
26114,0.006606042385101318
26115,0.006606042385101318
26116,0.006606040056794882
26117,0.006606037262827158
26118,0.006606037728488445
26119,0.006606036797165871
26120,0.006606035865843296
26121,0.006606034003198147
26122,0.006606033071875572
26123,0.006606032140552998
26124,0.006606030277907848
26125,0.006606029346585274
26126,0.0066060288809239864
26127,0.006606027018278837
26128,0.006606025621294975
26129,0.006606025155633688
26130,0.0066060228273272514
26131,0.006606022361665964
26132,0.006606020499020815
26133,0.00660601956769824
26134,0.006606018170714378
26135,0.006606016308069229
26136,0.006606016308069229
26137,0.006606014911085367
26138,0.006606013048440218
26139,0.006606011185795069
26140,0.006606008857488632
26141,0.006606008391827345
26142,0.006606006063520908
26143,0.006606006063520908
26144,0.006606004200875759
26145,0.006606001872569323
26146,0.006606001406908035
26147,0.006605999544262886
26148,0.006605998147279024
26149,0.006605996750295162
26150,0.006605996284633875
26151,0.006605993490666151
26152,0.006605993490666151
26153,0.00660599023103714
26154,0.006605989765375853
26155,0.006605987437069416
26156,0.006605985574424267
26157,0.0066059851087629795
26158,0.006605982314795256
26159,0.006605982314795256
26160,0.006605980452150106
26161,0.0066059790551662445
26162,0.006605976261198521
26163,0.006605976726859808
26164,0.006605975329875946
26165,0.006605973467230797
26166,0.00660597113892436
26167,0.006605970207601786
26168,0.006605968344956636
26169,0.0066059660166502
26170,0.006605965085327625
26171,0.006605964619666338
26172,0.006605962757021189
26173,0.006605961825698614
26174,0.0066059608943760395
26175,0.006605958100408316
26176,0.006605957634747028
26177,0.006605956703424454
26178,0.006605955306440592
26179,0.006605953443795443
26180,0.006605951115489006
26181,0.006605949718505144
26182,0.006605949252843857
26183,0.006605946458876133
26184,0.006605945527553558
26185,0.006605946458876133
26186,0.00660594180226326
26187,0.00660594180226326
26188,0.006605940870940685
26189,0.006605939008295536
26190,0.0066059366799890995
26191,0.006605935283005238
26192,0.006605934351682663
26193,0.006605932023376226
26194,0.006605932023376226
26195,0.00660592969506979
26196,0.006605928298085928
26197,0.006605926901102066
26198,0.006605925504118204
26199,0.006605923175811768
26200,0.00660592271015048
26201,0.006605920847505331
26202,0.006605919916182756
26203,0.0066059185191988945
26204,0.006605918053537607
26205,0.006605915725231171
26206,0.006605914328247309
26207,0.006605912931263447
26208,0.006605911999940872
26209,0.006605908740311861
26210,0.006605908274650574
26211,0.0066059064120054245
26212,0.006605904549360275
26213,0.006605903618037701
26214,0.006605902686715126
26215,0.006605900824069977
26216,0.006605898961424828
26217,0.006605898961424828
26218,0.006605897098779678
26219,0.006605897098779678
26220,0.006605894770473242
26221,0.006605891976505518
26222,0.006605890113860369
26223,0.006605890579521656
26224,0.006605890113860369
26225,0.006605887785553932
26226,0.006605886854231358
26227,0.006605884991586208
26228,0.006605883594602346
26229,0.0066058821976184845
26230,0.006605880800634623
26231,0.006605878006666899
26232,0.006605877075344324
26233,0.006605876609683037
26234,0.006605874747037888
26235,0.006605873815715313
26236,0.006605871487408876
26237,0.006605871021747589
26238,0.00660586915910244
26239,0.006605867296457291
26240,0.006605865433812141
26241,0.006605866365134716
26242,0.006605863105505705
26243,0.006605861708521843
26244,0.006605858914554119
26245,0.006605859380215406
26246,0.006605858914554119
26247,0.0066058579832315445
26248,0.006605855654925108
26249,0.006605854257941246
26250,0.006605854257941246
26251,0.006605852860957384
26252,0.006605850532650948
26253,0.006605847738683224
26254,0.006605847273021936
26255,0.006605846341699362
26256,0.006605844013392925
26257,0.006605842616409063
26258,0.006605842616409063
26259,0.006605840753763914
26260,0.0066058398224413395
26261,0.00660583795979619
26262,0.006605836562812328
26263,0.006605835165828466
26264,0.00660583283752203
26265,0.00660583283752203
26266,0.006605830974876881
26267,0.006605829577893019
26268,0.006605827249586582
26269,0.006605826318264008
26270,0.006605826318264008
26271,0.006605823524296284
26272,0.006605822592973709
26273,0.0066058216616511345
26274,0.0066058216616511345
26275,0.006605817936360836
26276,0.006605818402022123
26277,0.006605816073715687
26278,0.006605815142393112
26279,0.006605814211070538
26280,0.006605812814086676
26281,0.006605810485780239
26282,0.0066058095544576645
26283,0.006605807226151228
26284,0.006605805363506079
26285,0.006605804432183504
26286,0.0066058021038770676
26287,0.006605803035199642
26288,0.00660580163821578
26289,0.006605800241231918
26290,0.006605799309909344
26291,0.006605797912925482
26292,0.0066057974472641945
26293,0.0066057960502803326
26294,0.006605792790651321
26295,0.006605792790651321
26296,0.0066057913936674595
26297,0.00660578953102231
26298,0.006605789065361023
26299,0.006605788134038448
26300,0.0066057853400707245
26301,0.00660578440874815
26302,0.006605783011764288
26303,0.006605780217796564
26304,0.006605780217796564
26305,0.006605780217796564
26306,0.0066057778894901276
26307,0.00660577742382884
26308,0.006605776026844978
26309,0.006605774629861116
26310,0.006605775095522404
26311,0.00660577230155468
26312,0.006605770438909531
26313,0.006605768576264381
26314,0.0066057671792805195
26315,0.00660576531663537
26316,0.006605764385312796
26317,0.006605763453990221
26318,0.006605763453990221
26319,0.006605762522667646
26320,0.00660576019436121
26321,0.006605758797377348
26322,0.006605758331716061
26323,0.006605756469070911
26324,0.006605754606425762
26325,0.0066057532094419
26326,0.006605752743780613
26327,0.006605751812458038
26328,0.0066057490184903145
26329,0.00660574808716774
26330,0.006605747155845165
26331,0.006605745293200016
26332,0.006605745293200016
26333,0.006605744361877441
26334,0.0066057415679097176
26335,0.006605739705264568
26336,0.006605740636587143
26337,0.006605737842619419
26338,0.0066057369112968445
26339,0.006605736445635557
26340,0.006605733651667833
26341,0.006605733186006546
26342,0.006605730392038822
26343,0.006605729926377535
26344,0.006605728529393673
26345,0.006605726666748524
26346,0.006605725735425949
26347,0.006605725735425949
26348,0.0066057234071195126
26349,0.006605722475796938
26350,0.006605720147490501
26351,0.006605720613151789
26352,0.006605717819184065
26353,0.00660571688786149
26354,0.006605716422200203
26355,0.006605715025216341
26356,0.006605714093893766
26357,0.00660571176558733
26358,0.006605710834264755
26359,0.006605708971619606
26360,0.006605708040297031
26361,0.006605708505958319
26362,0.006605706177651882
26363,0.00660570478066802
26364,0.006605703383684158
26365,0.006605701521039009
26366,0.006605701521039009
26367,0.00660569965839386
26368,0.006605698261409998
26369,0.006605696864426136
26370,0.006605695467442274
26371,0.006605695001780987
26372,0.006605691276490688
26373,0.006605691276490688
26374,0.006605689879506826
26375,0.006605689413845539
26376,0.0066056884825229645
26377,0.006605685688555241
26378,0.006605685222893953
26379,0.006605684291571379
26380,0.0066056824289262295
26381,0.0066056824289262295
26382,0.00660568056628108
26383,0.006605680100619793
26384,0.006605677772313356
26385,0.006605676840990782
26386,0.006605674047023058
26387,0.006605673581361771
26388,0.006605673115700483
26389,0.006605671253055334
26390,0.006605669856071472
26391,0.0066056689247488976
26392,0.006605667062103748
26393,0.006605665665119886
26394,0.0066056642681360245
26395,0.006605663802474737
26396,0.006605662405490875
26397,0.006605659611523151
26398,0.006605657283216715
26399,0.00660565122961998
26400,0.006605647504329681
26401,0.006605642382055521
26402,0.0066056386567652225
26403,0.006605630274862051
26404,0.006605625152587891
26405,0.0066056204959750175
26406,0.00660561490803957
26407,0.006605609320104122
26408,0.006605603266507387
26409,0.006605599541217089
26410,0.006605593487620354
26411,0.006605588831007481
26412,0.006605582311749458
26413,0.006605580449104309
26414,0.006605575792491436
26415,0.0066055720672011375
26416,0.0066055674105882645
26417,0.006605563219636679
26418,0.00660555949434638
26419,0.006605556700378656
26420,0.00660555437207222
26421,0.0066055492497980595
26422,0.006605546921491623
26423,0.006605544127523899
26424,0.006605539470911026
26425,0.006605537608265877
26426,0.00660553527995944
26427,0.006605532485991716
26428,0.006605529226362705
26429,0.006605525966733694
26430,0.006605526432394981
26431,0.00660552317276597
26432,0.006605520844459534
26433,0.006605519447475672
26434,0.006605516187846661
26435,0.006605514790862799
26436,0.006605513393878937
26437,0.006605510599911213
26438,0.006605508271604776
26439,0.006605507805943489
26440,0.0066055054776370525
26441,0.006605502683669329
26442,0.006605502218008041
26443,0.006605499889701605
26444,0.006605498492717743
26445,0.006605495698750019
26446,0.006605494301766157
26447,0.006605494301766157
26448,0.006605491973459721
26449,0.0066054887138307095
26450,0.006605487782508135
26451,0.006605484522879124
26452,0.006605484522879124
26453,0.006605483591556549
26454,0.0066054817289114
26455,0.006605479400604963
26456,0.006605479866266251
26457,0.0066054752096533775
26458,0.00660547474399209
26459,0.006605471484363079
26460,0.006605471018701792
26461,0.006605468690395355
26462,0.006605466827750206
26463,0.006605466827750206
26464,0.0066054631024599075
26465,0.006605464033782482
26466,0.0066054631024599075
26467,0.006605461239814758
26468,0.0066054584458470345
26469,0.00660545751452446
26470,0.006605456583201885
26471,0.006605453789234161
26472,0.006605451460927725
26473,0.006605449598282576
26474,0.006605448666960001
26475,0.006605446804314852
26476,0.006605445872992277
26477,0.006605444010347128
26478,0.006605443079024553
26479,0.0066054402850568295
26480,0.0066054402850568295
26481,0.006605437956750393
26482,0.006605435162782669
26483,0.006605435628443956
26484,0.00660543330013752
26485,0.006605431437492371
26486,0.006605429574847221
26487,0.006605429109185934
26488,0.006605427712202072
26489,0.006605425849556923
26490,0.006605423986911774
26491,0.006605422589927912
26492,0.00660542119294405
26493,0.006605419330298901
26494,0.006605418398976326
26495,0.006605417467653751
26496,0.006605415139347315
26497,0.00660541420802474
26498,0.006605412345379591
26499,0.006605410948395729
26500,0.006605410482734442
26501,0.006605408154428005
26502,0.006605405826121569
26503,0.006605406291782856
26504,0.006605403497815132
26505,0.00660540210083127
26506,0.006605401169508696
26507,0.006605398375540972
26508,0.006605397444218397
26509,0.006605395581573248
26510,0.006605394184589386
26511,0.006605393253266811
26512,0.0066053918562829494
26513,0.0066053899936378
26514,0.006605388596653938
26515,0.006605386734008789
26516,0.006605386734008789
26517,0.006605383940041065
26518,0.006605382077395916
26519,0.006605381146073341
26520,0.006605380214750767
26521,0.0066053783521056175
26522,0.006605376023799181
26523,0.006605374161154032
26524,0.006605374161154032
26525,0.0066053722985088825
26526,0.006605369970202446
26527,0.006605369504541159
26528,0.006605367176234722
26529,0.00660536577925086
26530,0.006605364847928286
26531,0.006605362985283136
26532,0.006605362985283136
26533,0.0066053606569767
26534,0.006605359259992838
26535,0.006605356000363827
26536,0.0066053555347025394
26537,0.006605355069041252
26538,0.006605353206396103
26539,0.006605350878089666
26540,0.006605349946767092
26541,0.0066053494811058044
26542,0.006605346687138081
26543,0.006605346221476793
26544,0.006605342961847782
26545,0.006605343893170357
26546,0.006605342961847782
26547,0.006605339236557484
26548,0.006605338305234909
26549,0.0066053359769284725
26550,0.006605335045605898
26551,0.006605333182960749
26552,0.0066053313203155994
26553,0.0066053313203155994
26554,0.00660532945767045
26555,0.006605328526347876
26556,0.006605327595025301
26557,0.006605327129364014
26558,0.00660532433539629
26559,0.0066053238697350025
26560,0.006605320144444704
26561,0.006605321075767279
26562,0.0066053192131221294
26563,0.006605315953493118
26564,0.006605315022170544
26565,0.006605314090847969
26566,0.006605312693864107
26567,0.0066053117625415325
26568,0.006605310365557671
26569,0.006605309434235096
26570,0.006605308502912521
26571,0.006605306640267372
26572,0.006605304777622223
26573,0.006605304777622223
26574,0.0066053010523319244
26575,0.006605299189686775
26576,0.006605299189686775
26577,0.006605296861380339
26578,0.006605295464396477
26579,0.0066052936017513275
26580,0.00660529313609004
26581,0.006605290807783604
26582,0.006605288479477167
26583,0.006605288479477167
26584,0.006605286616832018
26585,0.006605284754186869
26586,0.006605281960219145
26587,0.0066052828915417194
26588,0.00660528102889657
26589,0.006605279166251421
26590,0.006605279166251421
26591,0.0066052768379449844
26592,0.006605274975299835
26593,0.006605272181332111
26594,0.006605272181332111
26595,0.006605272181332111
26596,0.006605269853025675
26597,0.006605268456041813
26598,0.006605266127735376
26599,0.0066052647307515144
26600,0.006605264265090227
26601,0.006605261471122503
26602,0.006605261005461216
26603,0.006605259142816067
26604,0.006605258211493492
26605,0.0066052572801709175
26606,0.006605254951864481
26607,0.006605254020541906
26608,0.006605253089219332
26609,0.00660525169223547
26610,0.006605249363929033
26611,0.006605247035622597
26612,0.006605246569961309
26613,0.006605245638638735
26614,0.006605243310332298
26615,0.006605243775993586
26616,0.006605240982025862
26617,0.006605240516364574
26618,0.006605238188058138
26619,0.006605238188058138
26620,0.006605236791074276
26621,0.006605233997106552
26622,0.006605232134461403
26623,0.0066052330657839775
26624,0.006605230737477541
26625,0.006605228409171104
26626,0.00660522747784853
26627,0.006605224683880806
26628,0.006605224218219519
26629,0.006605222821235657
26630,0.006605221889913082
26631,0.0066052209585905075
26632,0.006605219095945358
26633,0.006605216301977634
26634,0.006605214439332485
26635,0.0066052149049937725
26636,0.006605212576687336
26637,0.006605210248380899
26638,0.006605210248380899
26639,0.0066052088513970375
26640,0.006605206523090601
26641,0.006605205591768026
26642,0.006605205126106739
26643,0.006605204660445452
26644,0.006605201866477728
26645,0.006605201400816441
26646,0.006605198606848717
26647,0.0066051967442035675
26648,0.006605195812880993
26649,0.006605194881558418
26650,0.006605193018913269
26651,0.00660519115626812
26652,0.006605189293622971
26653,0.006605188362300396
26654,0.006605186965316534
26655,0.006605186033993959
26656,0.006605185568332672
26657,0.006605183705687523
26658,0.006605180911719799
26659,0.006605181377381086
26660,0.006605180911719799
26661,0.006605179514735937
26662,0.006605177186429501
26663,0.006605174858123064
26664,0.006605174858123064
26665,0.00660517206415534
26666,0.00660517206415534
26667,0.006605170201510191
26668,0.006605169270187616
26669,0.0066051664762198925
26670,0.006605165544897318
26671,0.006605164147913456
26672,0.006605163682252169
26673,0.006605161353945732
26674,0.006605160888284445
26675,0.006605159025639296
26676,0.006605157628655434
26677,0.006605155766010284
26678,0.0066051543690264225
26679,0.006605152972042561
26680,0.006605152040719986
26681,0.006605150178074837
26682,0.006605149712413549
26683,0.006605147384107113
26684,0.006605145521461964
26685,0.006605146452784538
26686,0.006605144124478102
26687,0.006605141796171665
26688,0.006605140864849091
26689,0.006605140864849091
26690,0.006605139002203941
26691,0.006605136673897505
26692,0.006605134811252356
26693,0.006605135276913643
26694,0.006605132948607206
26695,0.006605131085962057
26696,0.006605129688978195
26697,0.006605129223316908
26698,0.006605127826333046
26699,0.006605126895010471
26700,0.006605124566704035
26701,0.0066051241010427475
26702,0.006605123169720173
26703,0.006605122704058886
26704,0.006605120841413736
26705,0.006605118978768587
26706,0.0066051180474460125
26707,0.006605115253478289
26708,0.006605113390833139
26709,0.006605112925171852
26710,0.00660511152818799
26711,0.006605109665542841
26712,0.006605110131204128
26713,0.006605108734220266
26714,0.00660510640591383
26715,0.006605105474591255
26716,0.006605104543268681
26717,0.006605103611946106
26718,0.006605100352317095
26719,0.006605098955333233
26720,0.0066050998866558075
26721,0.006605096161365509
26722,0.0066050938330590725
26723,0.0066050938330590725
26724,0.006605092901736498
26725,0.006605091039091349
26726,0.006605091039091349
26727,0.006605089176446199
26728,0.00660508731380105
26729,0.006605084985494614
26730,0.006605082657188177
26731,0.006605080794543028
26732,0.006605081260204315
26733,0.006605079863220453
26734,0.006605077534914017
26735,0.006605076603591442
26736,0.00660507520660758
26737,0.006605072878301144
26738,0.006605071015655994
26739,0.006605071015655994
26740,0.006605070549994707
26741,0.006605068221688271
26742,0.006605067756026983
26743,0.006605065427720547
26744,0.006605064030736685
26745,0.006605064496397972
26746,0.006605062168091536
26747,0.006605061236768961
26748,0.006605058442801237
26749,0.0066050575114786625
26750,0.006605055648833513
26751,0.006605055648833513
26752,0.006605054717510939
26753,0.006605052854865789
26754,0.0066050514578819275
26755,0.006605050060898066
26756,0.006605049129575491
26757,0.006605049129575491
26758,0.00660504586994648
26759,0.006605044007301331
26760,0.006605043075978756
26761,0.006605042610317469
26762,0.006605040747672319
26763,0.006605039816349745
26764,0.0066050379537045956
26765,0.006605036556720734
26766,0.006605034694075584
26767,0.00660503376275301
26768,0.006605030968785286
26769,0.0066050319001078606
26770,0.006605028174817562
26771,0.006605028174817562
26772,0.0066050272434949875
26773,0.006605024915188551
26774,0.006605023518204689
26775,0.0066050211898982525
26776,0.006605020724236965
26777,0.006605020724236965
26778,0.0066050197929143906
26779,0.006605016533285379
26780,0.006605015601962805
26781,0.006605013273656368
26782,0.006605011876672506
26783,0.006605010945349932
26784,0.00660500954836607
26785,0.006605008151382208
26786,0.006605006288737059
26787,0.006605004426091909
26788,0.0066050030291080475
26789,0.006605001166462898
26790,0.006605001166462898
26791,0.006604998372495174
26792,0.006604996044188738
26793,0.0066049955785274506
26794,0.006604994647204876
26795,0.006604992784559727
26796,0.0066049895249307156
26797,0.006604988127946854
26798,0.006604988593608141
26799,0.006604987662285566
26800,0.0066049834713339806
26801,0.006604983005672693
26802,0.006604982540011406
26803,0.006604981608688831
26804,0.0066049788147211075
26805,0.006604976952075958
26806,0.006604976020753384
26807,0.00660497322678566
26808,0.0066049713641405106
26809,0.006604970898479223
26810,0.006604969967156649
26811,0.006604968570172787
26812,0.00660496624186635
26813,0.006604964844882488
26814,0.006604963447898626
26815,0.006604962516576052
26816,0.006604960188269615
26817,0.0066049592569470406
26818,0.006604958325624466
26819,0.0066049546003341675
26820,0.0066049546003341675
26821,0.006604953669011593
26822,0.006604951806366444
26823,0.006604949943721294
26824,0.006604948081076145
26825,0.006604946218430996
26826,0.006604945287108421
26827,0.006604945287108421
26828,0.006604942958801985
26829,0.0066049410961568356
26830,0.0066049410961568356
26831,0.006604938302189112
26832,0.00660493690520525
26833,0.0066049350425601006
26834,0.0066049350425601006
26835,0.006604932714253664
26836,0.006604930851608515
26837,0.00660492992028594
26838,0.0066049289889633656
26839,0.006604927591979504
26840,0.006604926660656929
26841,0.00660492479801178
26842,0.006604923401027918
26843,0.006604922469705343
26844,0.006604922469705343
26845,0.006604920607060194
26846,0.00660491781309247
26847,0.006604915950447321
26848,0.006604915019124746
26849,0.006604913156479597
26850,0.006604911759495735
26851,0.006604911759495735
26852,0.006604909896850586
26853,0.006604907102882862
26854,0.0066049061715602875
26855,0.006604907102882862
26856,0.006604903843253851
26857,0.006604903843253851
26858,0.006604901980608702
26859,0.006604901514947414
26860,0.006604899652302265
26861,0.006604896392673254
26862,0.006604894995689392
26863,0.006604891270399094
26864,0.006604891736060381
26865,0.006604890804737806
26866,0.006604889873415232
26867,0.00660488847643137
26868,0.006604887545108795
26869,0.006604884285479784
26870,0.006604884285479784
26871,0.006604882422834635
26872,0.00660488149151206
26873,0.0066048805601894855
26874,0.006604878231883049
26875,0.006604877300560474
26876,0.006604875437915325
26877,0.006604873575270176
26878,0.006604872643947601
26879,0.006604871712625027
26880,0.0066048698499798775
26881,0.0066048698499798775
26882,0.006604867987334728
26883,0.006604867056012154
26884,0.00660486426204443
26885,0.0066048637963831425
26886,0.006604862865060568
26887,0.006604860536754131
26888,0.006604858674108982
26889,0.006604858208447695
26890,0.0066048563458025455
26891,0.006604854483157396
26892,0.006604854483157396
26893,0.0066048516891896725
26894,0.006604850757867098
26895,0.006604848895221949
26896,0.006604847963899374
26897,0.006604846566915512
26898,0.00660484516993165
26899,0.00660484516993165
26900,0.0066048442386090755
26901,0.006604840978980064
26902,0.006604841444641352
26903,0.00660484004765749
26904,0.006604837719351053
26905,0.006604835391044617
26906,0.006604834925383329
26907,0.006604834459722042
26908,0.0066048335283994675
26909,0.0066048321314156055
26910,0.006604829803109169
26911,0.006604828871786594
26912,0.0066048260778188705
26913,0.0066048260778188705
26914,0.006604824680835009
26915,0.006604822352528572
26916,0.006604822352528572
26917,0.006604819558560848
26918,0.006604818161576986
26919,0.006604817230254412
26920,0.006604816298931837
26921,0.006604813504964113
26922,0.006604812573641539
26923,0.006604812107980251
26924,0.006604810245335102
26925,0.00660480884835124
26926,0.0066048079170286655
26927,0.006604806054383516
26928,0.006604804657399654
26929,0.0066048032604157925
26930,0.006604800932109356
26931,0.006604801397770643
26932,0.006604798138141632
26933,0.006604798138141632
26934,0.00660479674115777
26935,0.006604795344173908
26936,0.006604792550206184
26937,0.00660479161888361
26938,0.0066047911532223225
26939,0.006604789290577173
26940,0.006604788824915886
26941,0.006604785565286875
26942,0.006604785565286875
26943,0.0066047850996255875
26944,0.0066047837026417255
26945,0.006604781374335289
26946,0.0066047790460288525
26947,0.00660477951169014
26948,0.006604778114706278
26949,0.006604775320738554
26950,0.006604774389415979
26951,0.0066047715954482555
26952,0.006604772061109543
26953,0.006604770198464394
26954,0.006604768335819244
26955,0.00660476740449667
26956,0.006604765076190233
26957,0.006604765076190233
26958,0.006604763213545084
26959,0.006604761350899935
26960,0.006604759953916073
26961,0.006604759022593498
26962,0.006604757159948349
26963,0.0066047552973032
26964,0.0066047552973032
26965,0.0066047534346580505
26966,0.006604752968996763
26967,0.006604752503335476
26968,0.006604749709367752
26969,0.0066047473810613155
26970,0.006604746449738741
26971,0.006604745984077454
26972,0.006604745052754879
26973,0.006604743655771017
26974,0.006604742258787155
26975,0.006604742258787155
26976,0.006604738533496857
26977,0.006604737602174282
26978,0.006604735739529133
26979,0.006604733411222696
26980,0.006604733411222696
26981,0.006604732945561409
26982,0.006604732479900122
26983,0.0066047292202711105
26984,0.0066047306172549725
26985,0.006604726891964674
26986,0.006604725029319525
26987,0.0066047245636582375
26988,0.00660472409799695
26989,0.006604722701013088
26990,0.006604720838367939
26991,0.00660471897572279
26992,0.006604718044400215
26993,0.006604716181755066
26994,0.006604714784771204
26995,0.006604713853448629
26996,0.0066047124564647675
26997,0.006604710593819618
26998,0.006604710593819618
26999,0.006604707334190607
27000,0.00660470686852932
27001,0.006604705471545458
27002,0.006604704540222883
27003,0.006604702677577734
27004,0.006604700814932585
27005,0.0066046989522874355
27006,0.006604698020964861
27007,0.006604697555303574
27008,0.006604695692658424
27009,0.00660469476133585
27010,0.006604691967368126
27011,0.006604691501706839
27012,0.006604688707739115
27013,0.006604689639061689
27014,0.00660468777641654
27015,0.0066046868450939655
27016,0.006604685913771391
27017,0.006604685913771391
27018,0.0066046821884810925
27019,0.006604683119803667
27020,0.0066046807914972305
27021,0.006604677531868219
27022,0.006604676600545645
27023,0.006604675203561783
27024,0.006604674272239208
27025,0.006604672409594059
27026,0.006604672409594059
27027,0.00660467054694891
27028,0.00660467054694891
27029,0.006604669615626335
27030,0.006604665890336037
27031,0.006604666355997324
27032,0.006604664493352175
27033,0.006604663096368313
27034,0.006604662165045738
27035,0.006604660768061876
27036,0.00660465843975544
27037,0.006604657042771578
27038,0.006604656111449003
27039,0.006604655180126429
27040,0.006604654714465141
27041,0.0066046519204974174
27042,0.0066046505235135555
27043,0.006604649592190981
27044,0.006604648660868406
27045,0.0066046444699168205
27046,0.0066046458669006824
27047,0.0066046444699168205
27048,0.006604643072932959
27049,0.006604643072932959
27050,0.006604640744626522
27051,0.0066046398133039474
27052,0.006604638881981373
27053,0.006604635156691074
27054,0.006604635156691074
27055,0.006604633294045925
27056,0.006604630500078201
27057,0.006604630500078201
27058,0.006604630034416914
27059,0.006604629103094339
27060,0.00660462724044919
27061,0.006604625843465328
27062,0.006604623980820179
27063,0.006604622583836317
27064,0.006604622583836317
27065,0.0066046202555298805
27066,0.006604618858546019
27067,0.006604616995900869
27068,0.006604616064578295
27069,0.0066046142019331455
27070,0.006604614667594433
27071,0.006604612804949284
27072,0.006604611407965422
27073,0.006604610942304134
27074,0.006604609079658985
27075,0.0066046081483364105
27076,0.006604606751352549
27077,0.006604603957384825
27078,0.006604603957384825
27079,0.00660460302606225
27080,0.006604600697755814
27081,0.006604600697755814
27082,0.0066045974381268024
27083,0.0066045960411429405
27084,0.006604595575481653
27085,0.006604595109820366
27086,0.006604593247175217
27087,0.006604592781513929
27088,0.0066045899875462055
27089,0.006604588590562344
27090,0.006604587659239769
27091,0.006604586727917194
27092,0.006604584865272045
27093,0.006604584865272045
27094,0.006604582536965609
27095,0.006604581605643034
27096,0.006604579742997885
27097,0.0066045778803527355
27098,0.006604576949030161
27099,0.006604576017707586
27100,0.006604574620723724
27101,0.0066045732237398624
27102,0.006604571361094713
27103,0.006604568567126989
27104,0.006604569498449564
27105,0.0066045671701431274
27106,0.006604566238820553
27107,0.006604564841836691
27108,0.006604564376175404
27109,0.006604562513530254
27110,0.006604560185223818
27111,0.0066045611165463924
27112,0.006604558788239956
27113,0.006604556925594807
27114,0.006604555994272232
27115,0.00660455459728837
27116,0.0066045536659657955
27117,0.006604552268981934
27118,0.006604551337659359
27119,0.00660454947501421
27120,0.0066045476123690605
27121,0.006604546681046486
27122,0.006604544818401337
27123,0.006604542024433613
27124,0.006604542024433613
27125,0.006604539696127176
27126,0.006604539230465889
27127,0.006604538299143314
27128,0.006604535970836878
27129,0.006604535970836878
27130,0.006604534108191729
27131,0.006604531314224005
27132,0.006604531314224005
27133,0.0066045294515788555
27134,0.0066045294515788555
27135,0.006604527588933706
27136,0.006604525726288557
27137,0.006604524329304695
27138,0.006604523863643408
27139,0.006604521535336971
27140,0.006604521069675684
27141,0.006604519207030535
27142,0.0066045187413692474
27143,0.006604516878724098
27144,0.006604515481740236
27145,0.006604513619095087
27146,0.0066045131534338
27147,0.0066045112907886505
27148,0.0066045112907886505
27149,0.006604509893804789
27150,0.006604508031159639
27151,0.0066045066341757774
27152,0.006604505702853203
27153,0.006604503840208054
27154,0.006604503840208054
27155,0.006604501511901617
27156,0.006604499649256468
27157,0.0066044991835951805
27158,0.006604496855288744
27159,0.006604496389627457
27160,0.006604494992643595
27161,0.0066044945269823074
27162,0.0066044931299984455
27163,0.006604491267353296
27164,0.006604489870369434
27165,0.00660448893904686
27166,0.006604488473385572
27167,0.006604485679417849
27168,0.006604484748095274
27169,0.006604484748095274
27170,0.006604483351111412
27171,0.006604481488466263
27172,0.006604478694498539
27173,0.006604479160159826
27174,0.00660447683185339
27175,0.006604474503546953
27176,0.006604473106563091
27177,0.006604473106563091
27178,0.006604471243917942
27179,0.00660446984693408
27180,0.006604470312595367
27181,0.006604468449950218
27182,0.006604467518627644
27183,0.006604466121643782
27184,0.006604465190321207
27185,0.006604462396353483
27186,0.006604461465030909
27187,0.006604459136724472
27188,0.00660445773974061
27189,0.006604457274079323
27190,0.0066044568084180355
27191,0.006604454014450312
27192,0.006604454014450312
27193,0.006604451686143875
27194,0.006604451220482588
27195,0.006604450289160013
27196,0.006604449357837439
27197,0.006604446563869715
27198,0.006604447029531002
27199,0.006604445166885853
27200,0.006604441441595554
27201,0.006604443769901991
27202,0.00660444051027298
27203,0.0066044386476278305
27204,0.006604437716305256
27205,0.006604436319321394
27206,0.006604434456676245
27207,0.006604433991014957
27208,0.006604431662708521
27209,0.006604429800063372
27210,0.006604430265724659
27211,0.00660442840307951
27212,0.0066044265404343605
27213,0.006604425609111786
27214,0.006604422349482775
27215,0.0066044214181602
27216,0.0066044204868376255
27217,0.006604418624192476
27218,0.006604419089853764
27219,0.006604417227208614
27220,0.006604414898902178
27221,0.006604414898902178
27222,0.0066044144332408905
27223,0.006604412104934454
27224,0.006604412104934454
27225,0.006604410242289305
27226,0.006604407913982868
27227,0.006604406516999006
27228,0.006604406516999006
27229,0.006604404654353857
27230,0.006604402791708708
27231,0.006604401394724846
27232,0.006604399532079697
27233,0.006604399066418409
27234,0.006604398135095835
27235,0.006604396738111973
27236,0.0066043962724506855
27237,0.006604393944144249
27238,0.006604393012821674
27239,0.006604392547160387
27240,0.006604389753192663
27241,0.0066043902188539505
27242,0.006604387424886227
27243,0.006604386493563652
27244,0.006604385562241077
27245,0.006604383699595928
27246,0.006604380905628204
27247,0.006604381371289492
27248,0.006604380439966917
27249,0.0066043781116604805
27250,0.006604377180337906
27251,0.006604377645999193
27252,0.006604374386370182
27253,0.006604373920708895
27254,0.006604371126741171
27255,0.006604370661079884
27256,0.006604370195418596
27257,0.00660436786711216
27258,0.00660436786711216
27259,0.006604365538805723
27260,0.006604364607483149
27261,0.006604364141821861
27262,0.006604361813515425
27263,0.00660436088219285
27264,0.006604359019547701
27265,0.006604358088225126
27266,0.00660435575991869
27267,0.006604355294257402
27268,0.0066043538972735405
27269,0.006604352500289679
27270,0.006604351568967104
27271,0.006604350171983242
27272,0.00660434877499938
27273,0.00660434877499938
27274,0.006604346446692944
27275,0.006604345981031656
27276,0.006604345049709082
27277,0.006604343187063932
27278,0.006604340393096209
27279,0.006604338530451059
27280,0.006604338996112347
27281,0.00660433666780591
27282,0.006604336202144623
27283,0.0066043357364833355
27284,0.006604333873838186
27285,0.006604332942515612
27286,0.006604332011193037
27287,0.0066043296828866005
27288,0.006604327820241451
27289,0.006604326888918877
27290,0.006604326423257589
27291,0.006604323163628578
27292,0.006604322232306004
27293,0.006604322232306004
27294,0.00660431943833828
27295,0.0066043175756931305
27296,0.006604318507015705
27297,0.006604316644370556
27298,0.006604315713047981
27299,0.006604313850402832
27300,0.006604312919080257
27301,0.0066043115220963955
27302,0.006604310125112534
27303,0.006604309193789959
27304,0.00660430733114481
27305,0.006604306399822235
27306,0.006604304537177086
27307,0.006604303140193224
27308,0.006604302208870649
27309,0.0066043003462255
27310,0.006604298483580351
27311,0.006604297086596489
27312,0.006604296620935202
27313,0.006604294758290052
27314,0.006604292895644903
27315,0.0066042933613061905
27316,0.006604291964322329
27317,0.006604289636015892
27318,0.006604289636015892
27319,0.00660428823903203
27320,0.006604286842048168
27321,0.006604285445064306
27322,0.006604284513741732
27323,0.006604282651096582
27324,0.0066042812541127205
27325,0.006604280322790146
27326,0.006604278460144997
27327,0.006604277528822422
27328,0.0066042752005159855
27329,0.0066042752005159855
27330,0.0066042738035321236
27331,0.006604273337870836
27332,0.006604271475225687
27333,0.0066042691469192505
27334,0.006604268681257963
27335,0.006604268681257963
27336,0.006604266352951527
27337,0.006604265421628952
27338,0.006604263558983803
27339,0.0066042616963386536
27340,0.006604260299354792
27341,0.00660425890237093
27342,0.006604258436709642
27343,0.006604256574064493
27344,0.006604256574064493
27345,0.006604254245758057
27346,0.006604254245758057
27347,0.006604252383112907
27348,0.0066042509861290455
27349,0.006604250520467758
27350,0.006604249123483896
27351,0.00660424679517746
27352,0.006604246329516172
27353,0.0066042435355484486
27354,0.006604243069887161
27355,0.006604241672903299
27356,0.006604240741580725
27357,0.006604238413274288
27358,0.0066042374819517136
27359,0.006604236550629139
27360,0.006604235619306564
27361,0.006604234222322702
27362,0.006604232359677553
27363,0.006604231894016266
27364,0.006604230031371117
27365,0.006604228168725967
27366,0.006604226306080818
27367,0.0066042253747582436
27368,0.006604223512113094
27369,0.006604223046451807
27370,0.006604222115129232
27371,0.006604221183806658
27372,0.006604219786822796
27373,0.006604217924177647
27374,0.006604217458516359
27375,0.006604216527193785
27376,0.006604214198887348
27377,0.006604214198887348
27378,0.006604211870580912
27379,0.00660421047359705
27380,0.006604210007935762
27381,0.006604207679629326
27382,0.006604205816984177
27383,0.006604205351322889
27384,0.006604203023016453
27385,0.006604203023016453
27386,0.006604200694710016
27387,0.006604200229048729
27388,0.00660419836640358
27389,0.0066041965037584305
27390,0.006604197435081005
27391,0.0066041965037584305
27392,0.006604194175451994
27393,0.006604192778468132
27394,0.006604191847145557
27395,0.0066041904501616955
27396,0.0066041890531778336
27397,0.006604188121855259
27398,0.006604187190532684
27399,0.006604185793548822
27400,0.0066041843965649605
27401,0.006604182068258524
27402,0.006604181136935949
27403,0.006604179739952087
27404,0.0066041783429682255
27405,0.006604177877306938
27406,0.006604176480323076
27407,0.006604173220694065
27408,0.0066041722893714905
27409,0.006604171823710203
27410,0.0066041722893714905
27411,0.006604169961065054
27412,0.006604168098419905
27413,0.00660416716709733
27414,0.006604165304452181
27415,0.006604163907468319
27416,0.006604162976145744
27417,0.006604159250855446
27418,0.0066041601821780205
27419,0.006604159250855446
27420,0.006604157388210297
27421,0.006604156922549009
27422,0.00660415505990386
27423,0.006604153662919998
27424,0.006604151800274849
27425,0.006604151334613562
27426,0.006604149006307125
27427,0.006604147609323263
27428,0.0066041466780006886
27429,0.006604146212339401
27430,0.006604143884032965
27431,0.00660414295271039
27432,0.0066041420213878155
27433,0.006604140158742666
27434,0.0066041406244039536
27435,0.006604137364774942
27436,0.006604136433452368
27437,0.0066041345708072186
27438,0.006604133639484644
27439,0.006604132708162069
27440,0.006604131311178207
27441,0.0066041299141943455
27442,0.006604129448533058
27443,0.006604127120226622
27444,0.006604127120226622
27445,0.006604126188904047
27446,0.0066041238605976105
27447,0.0066041224636137486
27448,0.006604121997952461
27449,0.006604119203984737
27450,0.006604118272662163
27451,0.0066041164100170135
27452,0.0066041164100170135
27453,0.00660411361604929
27454,0.006604112219065428
27455,0.006604111287742853
27456,0.006604108959436417
27457,0.006604108028113842
27458,0.006604108028113842
27459,0.006604106165468693
27460,0.006604103837162256
27461,0.006604102905839682
27462,0.006604101043194532
27463,0.006604101974517107
27464,0.0066040996462106705
27465,0.006604097317904234
27466,0.006604096386581659
27467,0.006604095455259085
27468,0.0066040935926139355
27469,0.006604093126952648
27470,0.006604091729968786
27471,0.006604089867323637
27472,0.006604088470339775
27473,0.006604088936001062
27474,0.006604088004678488
27475,0.006604083813726902
27476,0.006604082882404327
27477,0.0066040814854204655
27478,0.006604081019759178
27479,0.0066040800884366035
27480,0.006604079157114029
27481,0.00660407729446888
27482,0.006604075897485018
27483,0.0066040754318237305
27484,0.006604074500501156
27485,0.006604073103517294
27486,0.006604071706533432
27487,0.006604070775210857
27488,0.006604068446904421
27489,0.0066040679812431335
27490,0.006604067049920559
27491,0.00660406518727541
27492,0.006604062858968973
27493,0.006604062858968973
27494,0.006604060996323824
27495,0.006604060065001249
27496,0.006604059133678675
27497,0.006604057736694813
27498,0.006604055408388376
27499,0.00660405308008194
27500,0.006604053545743227
27501,0.006604052614420652
27502,0.006604050286114216
27503,0.006604048889130354
27504,0.006604047492146492
27505,0.006604047026485205
27506,0.006604046560823917
27507,0.006604044698178768
27508,0.006604041904211044
27509,0.006604041904211044
27510,0.006604041438549757
27511,0.0066040391102433205
27512,0.006604037247598171
27513,0.006604036316275597
27514,0.006604034453630447
27515,0.006604033522307873
27516,0.006604032125324011
27517,0.0066040316596627235
27518,0.006604029797017574
27519,0.006604026071727276
27520,0.0066040270030498505
27521,0.006604027468711138
27522,0.006604024209082127
27523,0.006604022346436977
27524,0.006604020483791828
27525,0.006604018621146679
27526,0.006604017224162817
27527,0.006604018621146679
27528,0.006604014430195093
27529,0.006604013964533806
27530,0.006604012567549944
27531,0.006604010704904795
27532,0.006604010704904795
27533,0.006604009307920933
27534,0.006604007910937071
27535,0.006604004185646772
27536,0.006604005116969347
27537,0.006604003719985485
27538,0.006604002323001623
27539,0.0066040013916790485
27540,0.006604000460356474
27541,0.006603999063372612
27542,0.006603998132050037
27543,0.006603996269404888
27544,0.0066039953380823135
27545,0.006603994406759739
27546,0.006603991612792015
27547,0.006603991147130728
27548,0.006603991612792015
27549,0.006603987887501717
27550,0.006603987421840429
27551,0.0066039846278727055
27552,0.006603985093533993
27553,0.006603982299566269
27554,0.006603981368243694
27555,0.006603979971259832
27556,0.006603979505598545
27557,0.0066039771772921085
27558,0.0066039771772921085
27559,0.006603976245969534
27560,0.006603974383324385
27561,0.006603972986340523
27562,0.006603972055017948
27563,0.006603969726711512
27564,0.006603967864066362
27565,0.006603967864066362
27566,0.0066039664670825005
27567,0.006603964604437351
27568,0.006603963673114777
27569,0.006603962741792202
27570,0.0066039604134857655
27571,0.006603959947824478
27572,0.0066039590165019035
27573,0.006603955756872892
27574,0.006603954825550318
27575,0.0066039543598890305
27576,0.006603953894227743
27577,0.0066039529629051685
27578,0.006603950634598732
27579,0.006603948771953583
27580,0.0066039483062922955
27581,0.006603945512324572
27582,0.006603945977985859
27583,0.006603943649679422
27584,0.006603943184018135
27585,0.006603941787034273
27586,0.006603940390050411
27587,0.006603938993066549
27588,0.006603938527405262
27589,0.006603937596082687
27590,0.006603935733437538
27591,0.006603934336453676
27592,0.006603933405131102
27593,0.006603930611163378
27594,0.006603929679840803
27595,0.006603927817195654
27596,0.006603927817195654
27597,0.006603927351534367
27598,0.0066039240919053555
27599,0.006603923626244068
27600,0.006603921763598919
27601,0.006603920366615057
27602,0.006603918969631195
27603,0.006603918969631195
27604,0.0066039166413247585
27605,0.006603914313018322
27606,0.006603914778679609
27607,0.006603912450373173
27608,0.006603912450373173
27609,0.0066039119847118855
27610,0.006603909656405449
27611,0.006603906862437725
27612,0.0066039059311151505
27613,0.006603903602808714
27614,0.006603902671486139
27615,0.006603902671486139
27616,0.0066038998775184155
27617,0.006603898946195841
27618,0.006603898014873266
27619,0.006603896617889404
27620,0.006603896152228117
27621,0.006603895220905542
27622,0.006603893358260393
27623,0.0066038924269378185
27624,0.006603889632970095
27625,0.006603889167308807
27626,0.0066038877703249454
27627,0.006603885442018509
27628,0.006603884976357222
27629,0.00660388357937336
27630,0.006603880785405636
27631,0.006603881251066923
27632,0.006603880785405636
27633,0.006603879854083061
27634,0.006603877525776625
27635,0.006603877525776625
27636,0.006603875197470188
27637,0.006603872403502464
27638,0.006603872403502464
27639,0.006603871937841177
27640,0.006603870540857315
27641,0.006603868678212166
27642,0.006603865418583155
27643,0.006603866349905729
27644,0.00660386448726058
27645,0.006603862624615431
27646,0.006603863090276718
27647,0.006603860761970282
27648,0.006603859830647707
27649,0.006603857968002558
27650,0.0066038561053574085
27651,0.006603856571018696
27652,0.006603854708373547
27653,0.006603854708373547
27654,0.006603851914405823
27655,0.0066038514487445354
27656,0.006603850517421961
27657,0.006603848189115524
27658,0.006603846326470375
27659,0.0066038439981639385
27660,0.006603844929486513
27661,0.006603842601180077
27662,0.006603841204196215
27663,0.006603839807212353
27664,0.006603838875889778
27665,0.006603837013244629
27666,0.006603836547583342
27667,0.00660383515059948
27668,0.006603834219276905
27669,0.006603832822293043
27670,0.006603832356631756
27671,0.006603830028325319
27672,0.006603827700018883
27673,0.00660382816568017
27674,0.006603825371712446
27675,0.006603824440389872
27676,0.006603823974728584
27677,0.006603821646422148
27678,0.006603820249438286
27679,0.0066038197837769985
27680,0.006603819318115711
27681,0.006603816989809275
27682,0.0066038160584867
27683,0.006603814195841551
27684,0.006603814195841551
27685,0.006603811867535114
27686,0.006603810470551252
27687,0.006603808607906103
27688,0.006603808607906103
27689,0.006603806745260954
27690,0.006603804882615805
27691,0.006603802554309368
27692,0.0066038016229867935
27693,0.006603801157325506
27694,0.006603799294680357
27695,0.00660379882901907
27696,0.006603796500712633
27697,0.006603796500712633
27698,0.006603794172406197
27699,0.006603795103728771
27700,0.006603793241083622
27701,0.0066037909127771854
27702,0.006603789981454611
27703,0.0066037895157933235
27704,0.006603788118809462
27705,0.006603786256164312
27706,0.006603787653148174
27707,0.006603784393519163
27708,0.006603781599551439
27709,0.006603781133890152
27710,0.006603780668228865
27711,0.006603777874261141
27712,0.006603776477277279
27713,0.006603775080293417
27714,0.006603774148970842
27715,0.006603773683309555
27716,0.006603772286325693
27717,0.006603769958019257
27718,0.006603769492357969
27719,0.006603769026696682
27720,0.006603767164051533
27721,0.0066037653014063835
27722,0.006603764835745096
27723,0.006603763904422522
27724,0.00660376250743866
27725,0.006603759713470936
27726,0.006603758782148361
27727,0.006603757850825787
27728,0.006603755988180637
27729,0.00660375552251935
27730,0.0066037545911967754
27731,0.006603752262890339
27732,0.00660375040024519
27733,0.006603751331567764
27734,0.006603749934583902
27735,0.0066037471406161785
27736,0.006603746209293604
27737,0.006603744812309742
27738,0.006603743880987167
27739,0.0066037424840033054
27740,0.0066037410870194435
27741,0.006603739690035582
27742,0.006603737827390432
27743,0.006603737361729145
27744,0.006603736896067858
27745,0.0066037350334227085
27746,0.006603734102100134
27747,0.006603732705116272
27748,0.00660373130813241
27749,0.0066037303768098354
27750,0.006603728048503399
27751,0.006603727117180824
27752,0.006603725254535675
27753,0.0066037243232131
27754,0.006603723391890526
27755,0.006603723391890526
27756,0.006603720597922802
27757,0.006603718735277653
27758,0.006603718735277653
27759,0.0066037168726325035
27760,0.006603715009987354
27761,0.006603715009987354
27762,0.006603713147342205
27763,0.006603711750358343
27764,0.006603710353374481
27765,0.006603708490729332
27766,0.006603707559406757
27767,0.006603705231100321
27768,0.0066037047654390335
27769,0.006603704299777746
27770,0.00660370197147131
27771,0.00660370010882616
27772,0.006603699643164873
27773,0.006603697780519724
27774,0.006603697780519724
27775,0.006603696849197149
27776,0.006603694520890713
27777,0.006603692192584276
27778,0.006603693123906851
27779,0.006603691261261702
27780,0.006603688932955265
27781,0.006603689398616552
27782,0.006603686138987541
27783,0.0066036866046488285
27784,0.006603684742003679
27785,0.006603683345019817
27786,0.006603681016713381
27787,0.006603679619729519
27788,0.006603678688406944
27789,0.006603678222745657
27790,0.006603676825761795
27791,0.006603674963116646
27792,0.006603674031794071
27793,0.006603673100471497
27794,0.006603671237826347
27795,0.006603671703487635
27796,0.006603669375181198
27797,0.006603667046874762
27798,0.006603667046874762
27799,0.006603666115552187
27800,0.00660366378724575
27801,0.006603663321584463
27802,0.006603662855923176
27803,0.006603660061955452
27804,0.00660365866497159
27805,0.00660365866497159
27806,0.006603655871003866
27807,0.00660365354269743
27808,0.006603653077036142
27809,0.006603652145713568
27810,0.006603651214390993
27811,0.0066036502830684185
27812,0.006603647954761982
27813,0.006603647023439407
27814,0.00660364655777812
27815,0.006603645160794258
27816,0.006603643763810396
27817,0.006603643298149109
27818,0.006603640504181385
27819,0.00660363957285881
27820,0.006603638641536236
27821,0.006603636313229799
27822,0.00660363445058465
27823,0.006603633519262075
27824,0.006603633053600788
27825,0.006603632587939501
27826,0.006603630259633064
27827,0.00660362932831049
27828,0.006603626534342766
27829,0.006603625137358904
27830,0.006603625137358904
27831,0.006603623274713755
27832,0.006603622809052467
27833,0.006603620946407318
27834,0.006603619549423456
27835,0.006603618152439594
27836,0.006603616755455732
27837,0.00660361722111702
27838,0.006603615824133158
27839,0.006603613030165434
27840,0.006603613030165434
27841,0.00660361023619771
27842,0.006603609770536423
27843,0.006603608839213848
27844,0.006603607442229986
27845,0.006603604648262262
27846,0.006603604182600975
27847,0.0066036032512784
27848,0.0066036018542945385
27849,0.006603600457310677
27850,0.006603599060326815
27851,0.006603597197681665
27852,0.006603597197681665
27853,0.0066035958006978035
27854,0.006603593938052654
27855,0.006603592075407505
27856,0.006603590212762356
27857,0.006603589281439781
27858,0.006603588350117207
27859,0.006603587884455919
27860,0.00660358602181077
27861,0.006603585556149483
27862,0.006603584159165621
27863,0.006603583227843046
27864,0.006603582296520472
27865,0.006603579502552748
27866,0.006603578571230173
27867,0.006603577174246311
27868,0.006603576708585024
27869,0.006603574380278587
27870,0.0066035739146173
27871,0.006603572983294725
27872,0.006603570189327002
27873,0.006603570189327002
27874,0.006603567861020565
27875,0.006603567395359278
27876,0.006603565998375416
27877,0.006603564135730267
27878,0.006603563204407692
27879,0.006603562273085117
27880,0.006603561341762543
27881,0.0066035594791173935
27882,0.00660355668514967
27883,0.006603557150810957
27884,0.00660355668514967
27885,0.006603556219488382
27886,0.006603553891181946
27887,0.006603551562875509
27888,0.00660354970023036
27889,0.006603547837585211
27890,0.0066035473719239235
27891,0.0066035473719239235
27892,0.006603545974940062
27893,0.006603544112294912
27894,0.006603542249649763
27895,0.006603540387004614
27896,0.006603540387004614
27897,0.006603539455682039
27898,0.00660353759303689
27899,0.006603536661714315
27900,0.006603536196053028
27901,0.006603532005101442
27902,0.006603532005101442
27903,0.006603531073778868
27904,0.006603529676795006
27905,0.006603528745472431
27906,0.006603527348488569
27907,0.006603525951504707
27908,0.006603524554520845
27909,0.0066035231575369835
27910,0.006603522691875696
27911,0.006603521294891834
27912,0.00660352036356926
27913,0.006603519432246685
27914,0.006603517569601536
27915,0.006603516638278961
27916,0.0066035157069563866
27917,0.006603514775633812
27918,0.006603512912988663
27919,0.006603512447327375
27920,0.0066035110503435135
27921,0.006603510119020939
27922,0.006603507325053215
27923,0.006603505462408066
27924,0.006603504531085491
27925,0.0066035035997629166
27926,0.006603502668440342
27927,0.006603499408811331
27928,0.006603500340133905
27929,0.006603498011827469
27930,0.006603496614843607
27931,0.006603494752198458
27932,0.006603494752198458
27933,0.006603493355214596
27934,0.0066034928895533085
27935,0.006603491026908159
27936,0.006603489629924297
27937,0.006603487301617861
27938,0.006603486370295286
27939,0.006603484973311424
27940,0.006603484973311424
27941,0.006603482645004988
27942,0.006603481248021126
27943,0.0066034821793437
27944,0.006603478454053402
27945,0.006603478919714689
27946,0.006603476591408253
27947,0.006603476591408253
27948,0.006603474263101816
27949,0.006603473797440529
27950,0.006603471469134092
27951,0.006603471003472805
27952,0.0066034686751663685
27953,0.006603467743843794
27954,0.006603465881198645
27955,0.00660346494987607
27956,0.006603463552892208
27957,0.006603462155908346
27958,0.006603461690247059
27959,0.00660345982760191
27960,0.00660345796495676
27961,0.006603457033634186
27962,0.006603457499295473
27963,0.006603456102311611
27964,0.006603453774005175
27965,0.006603452377021313
27966,0.006603450980037451
27967,0.006603450980037451
27968,0.006603450048714876
27969,0.006603448186069727
27970,0.006603446323424578
27971,0.006603444926440716
27972,0.006603443529456854
27973,0.006603442132472992
27974,0.006603440269827843
27975,0.0066034384071826935
27976,0.006603437475860119
27977,0.006603436544537544
27978,0.00660343561321497
27979,0.00660343375056982
27980,0.006603432819247246
27981,0.006603432819247246
27982,0.006603430490940809
27983,0.006603430025279522
27984,0.006603429093956947
27985,0.006603428162634373
27986,0.006603425834327936
27987,0.006603423971682787
27988,0.006603423040360212
27989,0.006603422109037638
27990,0.006603421177715063
27991,0.006603419780731201
27992,0.006603418383747339
27993,0.006603417452424765
27994,0.00660341652110219
27995,0.006603415124118328
27996,0.006603413261473179
27997,0.0066034127958118916
27998,0.00660341139882803
27999,0.006603410467505455
28000,0.006603408604860306
