epoch,loss
1,0.09450197219848633
2,0.0847511738538742
3,0.04271860048174858
4,0.04604198783636093
5,0.050440188497304916
6,0.04769511520862579
7,0.04449912905693054
8,0.043644703924655914
9,0.04220195114612579
10,0.03858933225274086
11,0.0344218984246254
12,0.032229308038949966
13,0.03234459459781647
14,0.03347928076982498
15,0.03453570976853371
16,0.03410646319389343
17,0.032844219356775284
18,0.03197864070534706
19,0.031463369727134705
20,0.03096899576485157
21,0.030643247067928314
22,0.030524171888828278
23,0.03062254935503006
24,0.03098396584391594
25,0.031344104558229446
26,0.031165046617388725
27,0.030585650354623795
28,0.030116790905594826
29,0.030015015974640846
30,0.029992474243044853
31,0.02977551892399788
32,0.02949943207204342
33,0.029483623802661896
34,0.029736479744315147
35,0.0298895463347435
36,0.02976493537425995
37,0.029469389468431473
38,0.029266325756907463
39,0.029205452650785446
40,0.029209058731794357
41,0.02922782115638256
42,0.02921282686293125
43,0.02920599654316902
44,0.029202114790678024
45,0.029114961624145508
46,0.028964348137378693
47,0.028892073780298233
48,0.028919747099280357
49,0.02891324646770954
50,0.028906747698783875
51,0.02891658805310726
52,0.028864864259958267
53,0.028808671981096268
54,0.02878834679722786
55,0.028751660138368607
56,0.028754521161317825
57,0.028752464801073074
58,0.02869907021522522
59,0.028674671426415443
60,0.02865550108253956
61,0.028643429279327393
62,0.028659190982580185
63,0.028632190078496933
64,0.0286211296916008
65,0.02859119512140751
66,0.02860404923558235
67,0.02859141305088997
68,0.02858136221766472
69,0.028551151975989342
70,0.02855144999921322
71,0.028545208275318146
72,0.028547588735818863
73,0.02852625399827957
74,0.02851891703903675
75,0.0285043865442276
76,0.02849654294550419
77,0.028484629467129707
78,0.028477640822529793
79,0.02848191186785698
80,0.028469065204262733
81,0.02845367230474949
82,0.028450917452573776
83,0.02844604291021824
84,0.028437407687306404
85,0.02843407914042473
86,0.02842828445136547
87,0.02841923013329506
88,0.028416099026799202
89,0.02841949462890625
90,0.02841009572148323
91,0.028402552008628845
92,0.028394503518939018
93,0.028393667191267014
94,0.028398964554071426
95,0.02842942625284195
96,0.02844177559018135
97,0.02843214012682438
98,0.02841259352862835
99,0.028415828943252563
100,0.02842068113386631
101,0.028433945029973984
102,0.02843683399260044
103,0.02841007709503174
104,0.028388427570462227
105,0.02840275689959526
106,0.028406547382473946
107,0.0284191332757473
108,0.028476497158408165
109,0.02843981422483921
110,0.02841593325138092
111,0.028416534885764122
112,0.02842428907752037
113,0.028460290282964706
114,0.028468158096075058
115,0.028425855562090874
116,0.028399279341101646
117,0.028398197144269943
118,0.028420405462384224
119,0.028498247265815735
120,0.028442854061722755
121,0.02840602584183216
122,0.028388643637299538
123,0.02839520014822483
124,0.028424827381968498
125,0.028505511581897736
126,0.028461884707212448
127,0.02839653193950653
128,0.02837223745882511
129,0.028410091996192932
130,0.028422290459275246
131,0.02846626192331314
132,0.028504466637969017
133,0.028392162173986435
134,0.028380252420902252
135,0.028415556997060776
136,0.028387553989887238
137,0.02845669537782669
138,0.028546959161758423
139,0.02839970402419567
140,0.02838049829006195
141,0.028392694890499115
142,0.028414582833647728
143,0.028565652668476105
144,0.02840377949178219
145,0.02837735041975975
146,0.02846750244498253
147,0.028513483703136444
148,0.028516629710793495
149,0.02837389148771763
150,0.028406109660863876
151,0.028401516377925873
152,0.028369635343551636
153,0.02849428728222847
154,0.02855577878654003
155,0.02838936634361744
156,0.028376106172800064
157,0.0284738689661026
158,0.028540562838315964
159,0.028410572558641434
160,0.028408143669366837
161,0.02845125086605549
162,0.02851852960884571
163,0.028439385816454887
164,0.02841433323919773
165,0.028424464166164398
166,0.028459370136260986
167,0.02846418507397175
168,0.028455741703510284
169,0.0284098032861948
170,0.02840999886393547
171,0.0284345131367445
172,0.028479695320129395
173,0.02845604531466961
174,0.028444133698940277
175,0.02841022238135338
176,0.02845851704478264
177,0.028469739481806755
178,0.028441250324249268
179,0.02841094322502613
180,0.028441136702895164
181,0.02843223512172699
182,0.02844909019768238
183,0.028450042009353638
184,0.028450554236769676
185,0.02842588722705841
186,0.0284699946641922
187,0.028415780514478683
188,0.02842521481215954
189,0.02844466082751751
190,0.028461890295147896
191,0.028434619307518005
192,0.028454430401325226
193,0.028417261317372322
194,0.028446348384022713
195,0.028449490666389465
196,0.028438689187169075
197,0.028425853699445724
198,0.028477927669882774
199,0.028432363644242287
200,0.028423912823200226
201,0.02841305360198021
202,0.028415245935320854
203,0.028454899787902832
204,0.028489241376519203
205,0.028416283428668976
206,0.02841595932841301
207,0.028420940041542053
208,0.02845902368426323
209,0.028481239452958107
210,0.02842302992939949
211,0.028397778049111366
212,0.028426386415958405
213,0.028406154364347458
214,0.0284738652408123
215,0.02851593680679798
216,0.028391605243086815
217,0.028380049392580986
218,0.028415895998477936
219,0.028374357149004936
220,0.02835249900817871
221,0.028366729617118835
222,0.02841183915734291
223,0.028410915285348892
224,0.02849402278661728
225,0.028513912111520767
226,0.028478452935814857
227,0.028402701020240784
228,0.028427643701434135
229,0.028479397296905518
230,0.028451543301343918
231,0.028467359021306038
232,0.028412537649273872
233,0.028425581753253937
234,0.028402384370565414
235,0.028392640873789787
236,0.02842826023697853
237,0.02847692370414734
238,0.028468208387494087
239,0.028437869623303413
240,0.02837844379246235
241,0.02842964045703411
242,0.028573663905262947
243,0.028396354988217354
244,0.028398538008332253
245,0.028523053973913193
246,0.028480159118771553
247,0.02843410335481167
248,0.02838648296892643
249,0.02843097411096096
250,0.02854260802268982
251,0.02842683717608452
252,0.02842666208744049
253,0.028379982337355614
254,0.028381967917084694
255,0.028421344235539436
256,0.02850690670311451
257,0.02847822941839695
258,0.02843513712286949
259,0.028377590700984
260,0.028431525453925133
261,0.028523307293653488
262,0.028423162177205086
263,0.02840794436633587
264,0.02839462272822857
265,0.02847912535071373
266,0.028575967997312546
267,0.02836514823138714
268,0.028423799201846123
269,0.02864277921617031
270,0.028359077870845795
271,0.02867904305458069
272,0.02844405546784401
273,0.028395147994160652
274,0.028595423325896263
275,0.028484933078289032
276,0.02841394580900669
277,0.028530579060316086
278,0.028516046702861786
279,0.02842601016163826
280,0.028652828186750412
281,0.02844821661710739
282,0.028609588742256165
283,0.028499076142907143
284,0.028461793437600136
285,0.028631173074245453
286,0.02846583165228367
287,0.028591306880116463
288,0.028538787737488747
289,0.028460489585995674
290,0.028615260496735573
291,0.028471702709794044
292,0.028601884841918945
293,0.0285344235599041
294,0.028489623218774796
295,0.02862868644297123
296,0.028546897694468498
297,0.028595391660928726
298,0.028478899970650673
299,0.02850233018398285
300,0.028604067862033844
301,0.028438646346330643
302,0.02860744297504425
303,0.028453471139073372
304,0.028452107682824135
305,0.028602752834558487
306,0.028466004878282547
307,0.028591256588697433
308,0.028479883447289467
309,0.02847604639828205
310,0.02862105891108513
311,0.028409218415617943
312,0.02860979177057743
313,0.028431689366698265
314,0.028437651693820953
315,0.028556928038597107
316,0.028424600139260292
317,0.02850150130689144
318,0.028584349900484085
319,0.02844165451824665
320,0.028575735166668892
321,0.028525151312351227
322,0.028531400486826897
323,0.02853299491107464
324,0.028452958911657333
325,0.028511162847280502
326,0.02852298505604267
327,0.028439348563551903
328,0.02861134707927704
329,0.02848813682794571
330,0.02857254259288311
331,0.028545811772346497
332,0.02850506268441677
333,0.028592552989721298
334,0.028454594314098358
335,0.02863672748208046
336,0.028453771024942398
337,0.028583016246557236
338,0.028418194502592087
339,0.02842002920806408
340,0.028411367908120155
341,0.028494330123066902
342,0.028406118974089622
343,0.028482889756560326
344,0.028438732028007507
345,0.028470026329159737
346,0.02851812355220318
347,0.028410688042640686
348,0.028526337817311287
349,0.028466157615184784
350,0.028480757027864456
351,0.028634890913963318
352,0.02858276478946209
353,0.028500914573669434
354,0.02849811315536499
355,0.028526335954666138
356,0.02850186824798584
357,0.02843520976603031
358,0.028524182736873627
359,0.028452720493078232
360,0.02841232158243656
361,0.028504349291324615
362,0.028467249125242233
363,0.028421562165021896
364,0.02840912714600563
365,0.028416356071829796
366,0.028507445007562637
367,0.028427764773368835
368,0.028466876596212387
369,0.028542812913656235
370,0.028465023264288902
371,0.028479507192969322
372,0.028515439480543137
373,0.02847575582563877
374,0.028498761355876923
375,0.02851938270032406
376,0.02845584601163864
377,0.028612375259399414
378,0.028466632589697838
379,0.02861260250210762
380,0.02847139537334442
381,0.028592782095074654
382,0.02847723476588726
383,0.028484664857387543
384,0.028553063049912453
385,0.028455223888158798
386,0.028506554663181305
387,0.028519703075289726
388,0.0284474715590477
389,0.028492020443081856
390,0.028504740446805954
391,0.028414230793714523
392,0.028598448261618614
393,0.02847367525100708
394,0.028602952137589455
395,0.02848871983587742
396,0.028510363772511482
397,0.028446123003959656
398,0.028518013656139374
399,0.028416266664862633
400,0.028437690809369087
401,0.028471307829022408
402,0.02838841825723648
403,0.02846076898276806
404,0.028383769094944
405,0.028508247807621956
406,0.02843891642987728
407,0.028492778539657593
408,0.028505448251962662
409,0.028466930612921715
410,0.028507910668849945
411,0.02851507067680359
412,0.028459763154387474
413,0.0284976027905941
414,0.028487304225564003
415,0.028421588242053986
416,0.02849927544593811
417,0.028372563421726227
418,0.028476882725954056
419,0.028398357331752777
420,0.028436880558729172
421,0.02841883897781372
422,0.02839924395084381
423,0.028457265347242355
424,0.028378671035170555
425,0.028434287756681442
426,0.028415676206350327
427,0.028450554236769676
428,0.028445374220609665
429,0.02838190086185932
430,0.0283849835395813
431,0.02840748243033886
432,0.028506964445114136
433,0.028459031134843826
434,0.028381016105413437
435,0.028644271194934845
436,0.02839849889278412
437,0.028518205508589745
438,0.028582720085978508
439,0.02849764935672283
440,0.028507301583886147
441,0.028461826965212822
442,0.028443587943911552
443,0.02856501378118992
444,0.028407854959368706
445,0.028492702171206474
446,0.028567640110850334
447,0.028385572135448456
448,0.02855587936937809
449,0.028518980368971825
450,0.028444087132811546
451,0.028643030673265457
452,0.028453771024942398
453,0.028622614219784737
454,0.02845882810652256
455,0.028507933020591736
456,0.028549475595355034
457,0.02839977853000164
458,0.02846454083919525
459,0.028547663241624832
460,0.02838868275284767
461,0.02856685034930706
462,0.02847331576049328
463,0.028378447517752647
464,0.028441764414310455
465,0.028540872037410736
466,0.028387419879436493
467,0.02848219685256481
468,0.028519652783870697
469,0.028407469391822815
470,0.028466584160923958
471,0.02856197953224182
472,0.02847936749458313
473,0.0284993015229702
474,0.028482599183917046
475,0.0285062063485384
476,0.028494851663708687
477,0.028424527496099472
478,0.028476184234023094
479,0.02847510762512684
480,0.028418663889169693
481,0.028423042967915535
482,0.028503524139523506
483,0.028428370133042336
484,0.028392869979143143
485,0.028520936146378517
486,0.02843833900988102
487,0.02840009704232216
488,0.028384732082486153
489,0.028404690325260162
490,0.028416264802217484
491,0.028463028371334076
492,0.028434598818421364
493,0.028447618708014488
494,0.028435958549380302
495,0.02841239981353283
496,0.028417248278856277
497,0.028401875868439674
498,0.028402945026755333
499,0.02849569544196129
500,0.02842734009027481
501,0.028428947553038597
502,0.02837839350104332
503,0.02839277684688568
504,0.02851458638906479
505,0.028392745181918144
506,0.02842019312083721
507,0.028383463621139526
508,0.028352761641144753
509,0.028372062370181084
510,0.028422024101018906
511,0.028404206037521362
512,0.028564617037773132
513,0.028413834050297737
514,0.02837289683520794
515,0.02838733419775963
516,0.028400510549545288
517,0.028412777930498123
518,0.02850181795656681
519,0.028409596532583237
520,0.028403600677847862
521,0.028427843004465103
522,0.02844856306910515
523,0.028411531820893288
524,0.028408877551555634
525,0.028434330597519875
526,0.02846636436879635
527,0.028393464162945747
528,0.028414873406291008
529,0.02845754101872444
530,0.028433289378881454
531,0.028387466445565224
532,0.028396548703312874
533,0.028425488620996475
534,0.028490101918578148
535,0.02842550165951252
536,0.028391247615218163
537,0.028368325904011726
538,0.028361784294247627
539,0.028401413932442665
540,0.02846979908645153
541,0.028469346463680267
542,0.028378669172525406
543,0.028376096859574318
544,0.028464337810873985
545,0.02850106544792652
546,0.028400301933288574
547,0.028388699516654015
548,0.028493450954556465
549,0.028464114293456078
550,0.02837650291621685
551,0.028360387310385704
552,0.02845081128180027
553,0.02851095423102379
554,0.02837306261062622
555,0.028376273810863495
556,0.028378801420331
557,0.02840566448867321
558,0.02846122533082962
559,0.028448211029171944
560,0.02841174602508545
561,0.028364550322294235
562,0.02840866893529892
563,0.02854778617620468
564,0.028398148715496063
565,0.028392024338245392
566,0.02839471958577633
567,0.02838744968175888
568,0.028407830744981766
569,0.028533680364489555
570,0.028393074870109558
571,0.02839406207203865
572,0.02840033359825611
573,0.02841571718454361
574,0.028505511581897736
575,0.028424067422747612
576,0.028352294117212296
577,0.028374850749969482
578,0.02843387797474861
579,0.028508832678198814
580,0.02842581644654274
581,0.028391951695084572
582,0.028376052156090736
583,0.028350025415420532
584,0.028361208736896515
585,0.028491884469985962
586,0.028487935662269592
587,0.028389891609549522
588,0.02838030271232128
589,0.028371939435601234
590,0.028383769094944
591,0.02835462987422943
592,0.028443876653909683
593,0.028568660840392113
594,0.028387976810336113
595,0.028577182441949844
596,0.028534185141324997
597,0.028504200279712677
598,0.028668692335486412
599,0.028482001274824142
600,0.02873764932155609
601,0.028509655967354774
602,0.028849830850958824
603,0.028658486902713776
604,0.028794383630156517
605,0.028730055317282677
606,0.028634661808609962
607,0.028661644086241722
608,0.028572827577590942
609,0.028522783890366554
610,0.028632573783397675
611,0.02847277745604515
612,0.028700588271021843
613,0.028460567817091942
614,0.02883674018085003
615,0.028552625328302383
616,0.028884196653962135
617,0.028715208172798157
618,0.028687085956335068
619,0.02865760400891304
620,0.028618736192584038
621,0.02856418490409851
622,0.02860775776207447
623,0.028453540056943893
624,0.028722818940877914
625,0.02847539633512497
626,0.028807274997234344
627,0.028558500111103058
628,0.02881092019379139
629,0.02867933362722397
630,0.02865498512983322
631,0.02867155335843563
632,0.028523370623588562
633,0.028572434559464455
634,0.02850334905087948
635,0.028478365391492844
636,0.02854759618639946
637,0.028402840718626976
638,0.02859821543097496
639,0.0284113809466362
640,0.028677240014076233
641,0.028425002470612526
642,0.028741750866174698
643,0.028507206588983536
644,0.028762448579072952
645,0.028706781566143036
646,0.0285375714302063
647,0.02859993651509285
648,0.028511561453342438
649,0.028497736901044846
650,0.028579115867614746
651,0.028465600684285164
652,0.028661759570240974
653,0.028495116159319878
654,0.028730489313602448
655,0.028625812381505966
656,0.028596462681889534
657,0.02859720215201378
658,0.0285459253937006
659,0.02859974466264248
660,0.028443610295653343
661,0.028553182259202003
662,0.028451964259147644
663,0.02847401052713394
664,0.028486981987953186
665,0.028396200388669968
666,0.02857469581067562
667,0.028418507426977158
668,0.028612129390239716
669,0.028449729084968567
670,0.028635507449507713
671,0.028459081426262856
672,0.028680521994829178
673,0.02856338955461979
674,0.02864443138241768
675,0.02855910360813141
676,0.02861982025206089
677,0.028592225164175034
678,0.028568506240844727
679,0.028590239584445953
680,0.0284951850771904
681,0.02848941646516323
682,0.02853921242058277
683,0.02850162424147129
684,0.028507892042398453
685,0.02845856174826622
686,0.02851017937064171
687,0.028434092178940773
688,0.02850971929728985
689,0.02842334844172001
690,0.028475450351834297
691,0.02844887226819992
692,0.028409937396645546
693,0.02845161221921444
694,0.028428414836525917
695,0.028371013700962067
696,0.02843967080116272
697,0.02840881608426571
698,0.028366493061184883
699,0.028363678604364395
700,0.028374439105391502
701,0.028424331918358803
702,0.028375845402479172
703,0.028367437422275543
704,0.028369726613163948
705,0.028393249958753586
706,0.02839791774749756
707,0.028425052762031555
708,0.02837236411869526
709,0.028359586372971535
710,0.028357353061437607
711,0.028360364958643913
712,0.028395920991897583
713,0.028455110266804695
714,0.02837936207652092
715,0.028379661962389946
716,0.028385668992996216
717,0.028384681791067123
718,0.02837778627872467
719,0.028403399512171745
720,0.02838261052966118
721,0.02841797284781933
722,0.028384124860167503
723,0.028376469388604164
724,0.02836132049560547
725,0.0283611211925745
726,0.028364259749650955
727,0.028417397290468216
728,0.028451092541217804
729,0.028390370309352875
730,0.028378890827298164
731,0.02840513549745083
732,0.0283700842410326
733,0.028457988053560257
734,0.028414998203516006
735,0.02837665192782879
736,0.028373463079333305
737,0.02837851271033287
738,0.0283771064132452
739,0.02838936075568199
740,0.02843024767935276
741,0.028420204296708107
742,0.028435491025447845
743,0.028360851109027863
744,0.028390996158123016
745,0.028429372236132622
746,0.028419099748134613
747,0.02845081500709057
748,0.028359930962324142
749,0.028447434306144714
750,0.028461793437600136
751,0.028364352881908417
752,0.028418008238077164
753,0.028399474918842316
754,0.02837168052792549
755,0.02836548537015915
756,0.028445105999708176
757,0.028425075113773346
758,0.02836262807250023
759,0.02836907096207142
760,0.02839639224112034
761,0.028497891500592232
762,0.028392834588885307
763,0.02843748778104782
764,0.028485963121056557
765,0.02841470018029213
766,0.028417810797691345
767,0.028383120894432068
768,0.02849212847650051
769,0.02839517407119274
770,0.028368817642331123
771,0.028425654396414757
772,0.028443720191717148
773,0.0284278467297554
774,0.028373556211590767
775,0.028358779847621918
776,0.02842768095433712
777,0.028488632291555405
778,0.028383608907461166
779,0.02837912179529667
780,0.02838740684092045
781,0.028437994420528412
782,0.028395608067512512
783,0.028386585414409637
784,0.02836877852678299
785,0.028363727033138275
786,0.028378549963235855
787,0.02843659184873104
788,0.02844655141234398
789,0.028362436220049858
790,0.028356630355119705
791,0.02841050550341606
792,0.028368061408400536
793,0.02840874344110489
794,0.0284722913056612
795,0.028384704142808914
796,0.02837032452225685
797,0.028356021270155907
798,0.028373556211590767
799,0.028385017067193985
800,0.02836397849023342
801,0.028417861089110374
802,0.028463412076234818
803,0.028416937217116356
804,0.028354976326227188
805,0.028383346274495125
806,0.028466232120990753
807,0.028441349044442177
808,0.028359103947877884
809,0.028424406424164772
810,0.028380194678902626
811,0.02843833900988102
812,0.02841445431113243
813,0.028392061591148376
814,0.02844252437353134
815,0.028361687436699867
816,0.028466077521443367
817,0.028386522084474564
818,0.02839314378798008
819,0.02842283807694912
820,0.028386766090989113
821,0.028380777686834335
822,0.028429053723812103
823,0.028430631384253502
824,0.028424909338355064
825,0.02839900366961956
826,0.028353575617074966
827,0.028349921107292175
828,0.028394700959324837
829,0.02848639339208603
830,0.02837592363357544
831,0.028374746441841125
832,0.02843497507274151
833,0.028392383828759193
834,0.028470631688833237
835,0.028392843902111053
836,0.028356336057186127
837,0.028388557955622673
838,0.028416814282536507
839,0.02835739031434059
840,0.02837812900543213
841,0.02841302379965782
842,0.028379730880260468
843,0.028433814644813538
844,0.028385765850543976
845,0.02840186282992363
846,0.028455257415771484
847,0.028418907895684242
848,0.02837849222123623
849,0.028385456651449203
850,0.028412070125341415
851,0.028379924595355988
852,0.028471648693084717
853,0.028392398729920387
854,0.028370045125484467
855,0.028383849188685417
856,0.0284514632076025
857,0.028392594307661057
858,0.028435375541448593
859,0.028363732621073723
860,0.028364822268486023
861,0.02841879241168499
862,0.02842465043067932
863,0.028396956622600555
864,0.028400331735610962
865,0.028381094336509705
866,0.028381846845149994
867,0.028441060334444046
868,0.028405750170350075
869,0.028344102203845978
870,0.028385063633322716
871,0.028423955664038658
872,0.028473900631070137
873,0.028411436825990677
874,0.028420662507414818
875,0.02847861871123314
876,0.028420593589544296
877,0.028421618044376373
878,0.028521694242954254
879,0.028428826481103897
880,0.02856232225894928
881,0.02848142571747303
882,0.028577439486980438
883,0.02844971977174282
884,0.028480662032961845
885,0.028489213436841965
886,0.028376782312989235
887,0.028514230623841286
888,0.028408871963620186
889,0.028351670131087303
890,0.02837531454861164
891,0.028390543535351753
892,0.028471630066633224
893,0.028395017609000206
894,0.028362421318888664
895,0.02837786264717579
896,0.028437748551368713
897,0.02842455729842186
898,0.028405753895640373
899,0.02839156612753868
900,0.02841869182884693
901,0.028380749747157097
902,0.02843232825398445
903,0.02839580364525318
904,0.028385454788804054
905,0.02841942571103573
906,0.028405457735061646
907,0.02836829237639904
908,0.02841571532189846
909,0.028369499370455742
910,0.028452059254050255
911,0.028431881219148636
912,0.028354518115520477
913,0.028480784967541695
914,0.028446001932024956
915,0.028369147330522537
916,0.028440289199352264
917,0.028418797999620438
918,0.028394263237714767
919,0.02844344638288021
920,0.0283635426312685
921,0.028453180566430092
922,0.02840062975883484
923,0.028403999283909798
924,0.028482601046562195
925,0.028391985222697258
926,0.028416777029633522
927,0.02836553566157818
928,0.028382016345858574
929,0.028397494927048683
930,0.028459671884775162
931,0.02841423638164997
932,0.028396476060152054
933,0.028409477323293686
934,0.028423763811588287
935,0.028365254402160645
936,0.028364762663841248
937,0.028357572853565216
938,0.028384845703840256
939,0.02844669669866562
940,0.02843574993312359
941,0.028423132374882698
942,0.028355885297060013
943,0.028385907411575317
944,0.02843436226248741
945,0.028428945690393448
946,0.028457149863243103
947,0.02839403599500656
948,0.02837410382926464
949,0.028391506522893906
950,0.028402179479599
951,0.028355522081255913
952,0.02843094989657402
953,0.028389085084199905
954,0.028430452570319176
955,0.028445981442928314
956,0.028363065794110298
957,0.028380287811160088
958,0.028443556278944016
959,0.028430575504899025
960,0.02844991721212864
961,0.02835572138428688
962,0.028362223878502846
963,0.028438493609428406
964,0.028449390083551407
965,0.0283663272857666
966,0.02837631106376648
967,0.028385084122419357
968,0.028466209769248962
969,0.0284060500562191
970,0.028409024700522423
971,0.02839706279337406
972,0.028365759178996086
973,0.028454016894102097
974,0.02838948182761669
975,0.028427667915821075
976,0.028395364060997963
977,0.02841212786734104
978,0.028437122702598572
979,0.028377745300531387
980,0.02836175635457039
981,0.028357166796922684
982,0.02839019149541855
983,0.02845892123878002
984,0.02843395806849003
985,0.02839086949825287
986,0.028367184102535248
987,0.02836134470999241
988,0.02839701622724533
989,0.02851664088666439
990,0.028409328311681747
991,0.028349291533231735
992,0.02848842740058899
993,0.02843112125992775
994,0.02835990861058235
995,0.02841254509985447
996,0.02849099226295948
997,0.028376247733831406
998,0.028523055836558342
999,0.028498543426394463
1000,0.02846253477036953
1001,0.0285596065223217
1002,0.028473762795329094
1003,0.028541577979922295
1004,0.028370577841997147
1005,0.028669370338320732
1006,0.028467899188399315
1007,0.02869213931262493
1008,0.02843743935227394
1009,0.028756296262145042
1010,0.028537139296531677
1011,0.02870185300707817
1012,0.02865687571465969
1013,0.028569672256708145
1014,0.028607338666915894
1015,0.028456969186663628
1016,0.028519505634903908
1017,0.028454728424549103
1018,0.02844158001244068
1019,0.028525808826088905
1020,0.02839455008506775
1021,0.028464300557971
1022,0.02840457484126091
1023,0.028420409187674522
1024,0.028416763991117477
1025,0.028503647074103355
1026,0.028380120173096657
1027,0.028556663542985916
1028,0.02844822034239769
1029,0.02853681519627571
1030,0.02847682312130928
1031,0.02849053218960762
1032,0.02847299352288246
1033,0.02839919738471508
1034,0.028446732088923454
1035,0.028441766276955605
1036,0.02841009944677353
1037,0.028461270034313202
1038,0.028442470356822014
1039,0.028389673680067062
1040,0.028446797281503677
1041,0.02840522490441799
1042,0.028366032987833023
1043,0.028385046869516373
1044,0.02837243117392063
1045,0.028364142403006554
1046,0.028360560536384583
1047,0.028436724096536636
1048,0.028424030169844627
1049,0.02837321162223816
1050,0.02838304080069065
1051,0.028474420309066772
1052,0.028411824256181717
1053,0.028374122455716133
1054,0.02834939956665039
1055,0.02839708887040615
1056,0.02842407487332821
1057,0.02840733341872692
1058,0.02837466448545456
1059,0.028378969058394432
1060,0.028354117646813393
1061,0.028372589498758316
1062,0.02835274487733841
1063,0.02842077985405922
1064,0.028418779373168945
1065,0.02843889221549034
1066,0.02837023138999939
1067,0.028423644602298737
1068,0.028534216806292534
1069,0.028398925438523293
1070,0.028569595888257027
1071,0.02853602170944214
1072,0.028545843437314034
1073,0.028431234881281853
1074,0.028501398861408234
1075,0.02845442295074463
1076,0.028488658368587494
1077,0.028475958853960037
1078,0.028499718755483627
1079,0.028478730469942093
1080,0.02844422310590744
1081,0.028501233085989952
1082,0.028452204540371895
1083,0.028433892875909805
1084,0.02841077744960785
1085,0.028476882725954056
1086,0.028399299830198288
1087,0.02845444157719612
1088,0.028454944491386414
1089,0.028412779793143272
1090,0.028453772887587547
1091,0.028498437255620956
1092,0.02843461185693741
1093,0.028475439175963402
1094,0.028478609398007393
1095,0.02848326787352562
1096,0.02844519354403019
1097,0.0284177977591753
1098,0.02843954972922802
1099,0.028432108461856842
1100,0.028409048914909363
1101,0.028447747230529785
1102,0.028467515483498573
1103,0.028407949954271317
1104,0.028409382328391075
1105,0.028496311977505684
1106,0.028411176055669785
1107,0.028486406430602074
1108,0.028466053307056427
1109,0.028427213430404663
1110,0.02843863144516945
1111,0.028473645448684692
1112,0.028424838557839394
1113,0.028479760512709618
1114,0.028406448662281036
1115,0.028428642079234123
1116,0.028507253155112267
1117,0.028372174128890038
1118,0.028471535071730614
1119,0.028439471498131752
1120,0.02838490530848503
1121,0.02842961810529232
1122,0.02843349613249302
1123,0.028395557776093483
1124,0.028362972661852837
1125,0.028460893779993057
1126,0.028425954282283783
1127,0.028349556028842926
1128,0.028404051437973976
1129,0.02838321216404438
1130,0.028357289731502533
1131,0.028357453644275665
1132,0.028400981798768044
1133,0.028420837596058846
1134,0.028415096923708916
1135,0.028376955538988113
1136,0.02839350700378418
1137,0.028427964076399803
1138,0.028406668454408646
1139,0.028393592685461044
1140,0.028398806229233742
1141,0.028392350301146507
1142,0.028354912996292114
1143,0.028364188969135284
1144,0.028373492881655693
1145,0.0283916424959898
1146,0.028377775102853775
1147,0.02845224179327488
1148,0.02836945839226246
1149,0.028358282521367073
1150,0.028406929224729538
1151,0.02849879488348961
1152,0.02835182286798954
1153,0.028479933738708496
1154,0.028473051264882088
1155,0.028397608548402786
1156,0.02843659184873104
1157,0.028428489342331886
1158,0.028397122398018837
1159,0.028471658006310463
1160,0.028426190838217735
1161,0.028434960171580315
1162,0.02852962166070938
1163,0.028413200750947
1164,0.028575092554092407
1165,0.028368012979626656
1166,0.028551647439599037
1167,0.028393488377332687
1168,0.028421862050890923
1169,0.02841421216726303
1170,0.028470324352383614
1171,0.028380563482642174
1172,0.028435882180929184
1173,0.028456954285502434
1174,0.028374083340168
1175,0.02847510762512684
1176,0.02841462567448616
1177,0.02841157279908657
1178,0.028515039011836052
1179,0.028405459597706795
1180,0.02851380780339241
1181,0.028442375361919403
1182,0.028458349406719208
1183,0.028499741107225418
1184,0.028401998803019524
1185,0.028468769043684006
1186,0.028414305299520493
1187,0.028421970084309578
1188,0.028429975733160973
1189,0.028466003015637398
1190,0.02837790735065937
1191,0.028487684205174446
1192,0.028424914926290512
1193,0.028446178883314133
1194,0.028395304456353188
1195,0.028458641842007637
1196,0.028420250862836838
1197,0.028367040678858757
1198,0.02847883477807045
1199,0.02839742600917816
1200,0.02846718207001686
1201,0.028429191559553146
1202,0.028465067967772484
1203,0.02836528979241848
1204,0.028448864817619324
1205,0.028407979756593704
1206,0.028369886800646782
1207,0.02853090688586235
1208,0.028389332816004753
1209,0.028472399339079857
1210,0.028441008180379868
1211,0.028477637097239494
1212,0.028403550386428833
1213,0.02847456745803356
1214,0.02840990386903286
1215,0.028437476605176926
1216,0.02845233678817749
1217,0.028430383652448654
1218,0.028430109843611717
1219,0.0284246988594532
1220,0.028431354090571404
1221,0.028390903025865555
1222,0.02845034934580326
1223,0.028386535122990608
1224,0.02846274897456169
1225,0.028445342555642128
1226,0.028381232172250748
1227,0.028450781479477882
1228,0.02841310203075409
1229,0.028424682095646858
1230,0.028491295874118805
1231,0.02839556522667408
1232,0.028472328558564186
1233,0.028466489166021347
1234,0.028424875810742378
1235,0.02846825122833252
1236,0.028397178277373314
1237,0.02839754708111286
1238,0.028468767181038857
1239,0.028402989730238914
1240,0.02840743213891983
1241,0.028515677899122238
1242,0.02837100252509117
1243,0.028484009206295013
1244,0.02843702957034111
1245,0.028387021273374557
1246,0.028508786112070084
1247,0.028391558676958084
1248,0.028431560844182968
1249,0.028424981981515884
1250,0.028436560183763504
1251,0.02837156504392624
1252,0.028384994715452194
1253,0.0284093227237463
1254,0.028391839936375618
1255,0.028382066637277603
1256,0.02837531268596649
1257,0.02837386727333069
1258,0.02848905324935913
1259,0.028346966952085495
1260,0.02839677408337593
1261,0.02849734015762806
1262,0.02837233804166317
1263,0.028507540002465248
1264,0.02843032032251358
1265,0.028445187956094742
1266,0.02841196022927761
1267,0.028457017615437508
1268,0.028385598212480545
1269,0.02849970944225788
1270,0.028401385992765427
1271,0.02848883345723152
1272,0.02837715484201908
1273,0.028518682345747948
1274,0.028395596891641617
1275,0.028495468199253082
1276,0.02838338166475296
1277,0.028500624001026154
1278,0.02838248200714588
1279,0.028506185859441757
1280,0.028374165296554565
1281,0.02852197177708149
1282,0.028384966775774956
1283,0.02855086699128151
1284,0.028425350785255432
1285,0.02851833403110504
1286,0.028431307524442673
1287,0.028500352054834366
1288,0.028423964977264404
1289,0.028481725603342056
1290,0.028396055102348328
1291,0.02848590537905693
1292,0.02839670144021511
1293,0.028509026393294334
1294,0.028386926278471947
1295,0.028501732274889946
1296,0.028404532000422478
1297,0.02849082089960575
1298,0.028375335037708282
1299,0.028550462797284126
1300,0.028422195464372635
1301,0.028516780585050583
1302,0.028449879959225655
1303,0.028489163145422935
1304,0.028484825044870377
1305,0.02841169945895672
1306,0.02844785526394844
1307,0.028415972366929054
1308,0.02843497134745121
1309,0.028404485434293747
1310,0.028446270152926445
1311,0.028398221358656883
1312,0.0283967237919569
1313,0.02839641086757183
1314,0.028377803042531013
1315,0.028454042971134186
1316,0.028402382507920265
1317,0.02845660224556923
1318,0.0284038744866848
1319,0.02849907986819744
1320,0.028441015630960464
1321,0.028426876291632652
1322,0.02843104489147663
1323,0.02842176891863346
1324,0.028411319479346275
1325,0.028422940522432327
1326,0.028424758464097977
1327,0.028395727276802063
1328,0.02840309403836727
1329,0.028456540778279305
1330,0.028399216011166573
1331,0.028392409905791283
1332,0.028376325964927673
1333,0.028503306210041046
1334,0.028374724090099335
1335,0.0284690260887146
1336,0.028399525210261345
1337,0.028502214699983597
1338,0.02840290032327175
1339,0.028541486710309982
1340,0.028467928990721703
1341,0.028431426733732224
1342,0.0285236444324255
1343,0.028392188251018524
1344,0.028504686430096626
1345,0.028402112424373627
1346,0.028407221660017967
1347,0.028421441093087196
1348,0.02845263108611107
1349,0.028355279937386513
1350,0.028471805155277252
1351,0.028457535430788994
1352,0.028383759781718254
1353,0.02853214368224144
1354,0.02847215346992016
1355,0.028487417846918106
1356,0.02850356698036194
1357,0.02840377390384674
1358,0.02853432297706604
1359,0.028402289375662804
1360,0.02851744182407856
1361,0.02846517786383629
1362,0.028420567512512207
1363,0.02854420430958271
1364,0.02840854600071907
1365,0.0285652969032526
1366,0.028483454138040543
1367,0.02853972837328911
1368,0.028453592211008072
1369,0.028530476614832878
1370,0.02839740738272667
1371,0.028556207194924355
1372,0.028380727395415306
1373,0.02852516621351242
1374,0.028413955122232437
1375,0.028489334508776665
1376,0.028473198413848877
1377,0.028414448723196983
1378,0.028518810868263245
1379,0.02846003696322441
1380,0.02847679704427719
1381,0.02842080406844616
1382,0.028389913961291313
1383,0.02843673899769783
1384,0.028428783640265465
1385,0.02843388170003891
1386,0.028401486575603485
1387,0.028368495404720306
1388,0.028437772765755653
1389,0.028387635946273804
1390,0.028421374037861824
1391,0.028384201228618622
1392,0.028407951816916466
1393,0.028368676081299782
1394,0.028417883440852165
1395,0.028417380526661873
1396,0.02838827855885029
1397,0.0283830463886261
1398,0.028356637805700302
1399,0.02843000367283821
1400,0.028434833511710167
1401,0.028379086405038834
1402,0.028368789702653885
1403,0.02834986336529255
1404,0.028433099389076233
1405,0.02841038815677166
1406,0.02841554768383503
1407,0.028349539265036583
1408,0.02840401418507099
1409,0.028425874188542366
1410,0.028404584154486656
1411,0.02839237079024315
1412,0.028363246470689774
1413,0.02836601249873638
1414,0.02835679240524769
1415,0.028413522988557816
1416,0.028399309143424034
1417,0.028377987444400787
1418,0.02840835228562355
1419,0.02841610461473465
1420,0.028424151241779327
1421,0.028371265158057213
1422,0.0283728688955307
1423,0.02836841158568859
1424,0.028500987216830254
1425,0.028370041400194168
1426,0.028351249173283577
1427,0.02845051698386669
1428,0.028443340212106705
1429,0.028379885479807854
1430,0.0283968485891819
1431,0.02846377156674862
1432,0.02838175743818283
1433,0.02836756594479084
1434,0.02839956060051918
1435,0.028478529304265976
1436,0.02837645448744297
1437,0.02838139608502388
1438,0.028369620442390442
1439,0.028424328193068504
1440,0.02840031310915947
1441,0.02838888205587864
1442,0.028356153517961502
1443,0.028367724269628525
1444,0.028495341539382935
1445,0.028392743319272995
1446,0.028407342731952667
1447,0.028396382927894592
1448,0.028495140373706818
1449,0.028355268761515617
1450,0.028468485921621323
1451,0.028411664068698883
1452,0.02843611128628254
1453,0.02838381752371788
1454,0.02850468084216118
1455,0.028376664966344833
1456,0.028443079441785812
1457,0.028394052758812904
1458,0.02847367152571678
1459,0.028419150039553642
1460,0.02844059281051159
1461,0.028424186632037163
1462,0.028421610593795776
1463,0.02842063643038273
1464,0.028390243649482727
1465,0.028436526656150818
1466,0.028388736769557
1467,0.02837342768907547
1468,0.02840850129723549
1469,0.02839072048664093
1470,0.028445081785321236
1471,0.028377428650856018
1472,0.02841353975236416
1473,0.028399214148521423
1474,0.02850637398660183
1475,0.028354009613394737
1476,0.02843303792178631
1477,0.028430258855223656
1478,0.02840246446430683
1479,0.028360802680253983
1480,0.028390970081090927
1481,0.028402846306562424
1482,0.02841268852353096
1483,0.028381656855344772
1484,0.02835652604699135
1485,0.028388723731040955
1486,0.02833719737827778
1487,0.02836489863693714
1488,0.028370095416903496
1489,0.028371891006827354
1490,0.028351442888379097
1491,0.02834419719874859
1492,0.02841697819530964
1493,0.02847149968147278
1494,0.028376540169119835
1495,0.02836928330361843
1496,0.028369849547743797
1497,0.02845095284283161
1498,0.02842499315738678
1499,0.028384380042552948
1500,0.0283499862998724
1501,0.0284065380692482
1502,0.028495311737060547
1503,0.028366263955831528
1504,0.028433892875909805
1505,0.028495831415057182
1506,0.02835676819086075
1507,0.028432654216885567
1508,0.028490791097283363
1509,0.028355460613965988
1510,0.028548728674650192
1511,0.028385909274220467
1512,0.02847607247531414
1513,0.028450986370444298
1514,0.028396155685186386
1515,0.02844870276749134
1516,0.028460029512643814
1517,0.028399046510457993
1518,0.02848079241812229
1519,0.028409257531166077
1520,0.028461633250117302
1521,0.028468305245041847
1522,0.028379671275615692
1523,0.028506610542535782
1524,0.028439784422516823
1525,0.02838524430990219
1526,0.028500981628894806
1527,0.028428753837943077
1528,0.028441734611988068
1529,0.028434179723262787
1530,0.028408220037817955
1531,0.028419731184840202
1532,0.02848416194319725
1533,0.028427286073565483
1534,0.028470540419220924
1535,0.028436750173568726
1536,0.028437573462724686
1537,0.028420450165867805
1538,0.02841790020465851
1539,0.028392445296049118
1540,0.028382260352373123
1541,0.028403887525200844
1542,0.028510289266705513
1543,0.02839532308280468
1544,0.0284066591411829
1545,0.02848033234477043
1546,0.028367020189762115
1547,0.02853395789861679
1548,0.028418347239494324
1549,0.028427064418792725
1550,0.028495755046606064
1551,0.02840895764529705
1552,0.02846347540616989
1553,0.02843516319990158
1554,0.0283797737210989
1555,0.028454624116420746
1556,0.028408532962203026
1557,0.028408071026206017
1558,0.028426697477698326
1559,0.02845272794365883
1560,0.028441712260246277
1561,0.028378665447235107
1562,0.028477240353822708
1563,0.0284109003841877
1564,0.028418634086847305
1565,0.028438348323106766
1566,0.028437655419111252
1567,0.028394345194101334
1568,0.02843357063829899
1569,0.028422018513083458
1570,0.028407558798789978
1571,0.028448449447751045
1572,0.028454439714550972
1573,0.028387436643242836
1574,0.028491975739598274
1575,0.02838839590549469
1576,0.028491126373410225
1577,0.028415866196155548
1578,0.028421252965927124
1579,0.028383493423461914
1580,0.028465580195188522
1581,0.02838854119181633
1582,0.028429491445422173
1583,0.02842852659523487
1584,0.02842656895518303
1585,0.02835666760802269
1586,0.028497938066720963
1587,0.02840350568294525
1588,0.028476743027567863
1589,0.02842859923839569
1590,0.02841326966881752
1591,0.028408272191882133
1592,0.02847607620060444
1593,0.028408309444785118
1594,0.02844453603029251
1595,0.028375957161188126
1596,0.02842961996793747
1597,0.028400154784321785
1598,0.02843403071165085
1599,0.028374237939715385
1600,0.028432665392756462
1601,0.028392279520630836
1602,0.028465738520026207
1603,0.02836003713309765
1604,0.028430664911866188
1605,0.028364095836877823
1606,0.028451573103666306
1607,0.02838561311364174
1608,0.028435204178094864
1609,0.028350790962576866
1610,0.02841268852353096
1611,0.028355799615383148
1612,0.028488419950008392
1613,0.028378071263432503
1614,0.028453156352043152
1615,0.02837001159787178
1616,0.028475167229771614
1617,0.02840346097946167
1618,0.028439292684197426
1619,0.0283911544829607
1620,0.028447791934013367
1621,0.028417054563760757
1622,0.02841184101998806
1623,0.028418103232979774
1624,0.028425296768546104
1625,0.0284042377024889
1626,0.028392579406499863
1627,0.028395291417837143
1628,0.0284193754196167
1629,0.028411706909537315
1630,0.028399579226970673
1631,0.028370331972837448
1632,0.028412021696567535
1633,0.028359506279230118
1634,0.02844906598329544
1635,0.028395645320415497
1636,0.028463276103138924
1637,0.02839333564043045
1638,0.028477244079113007
1639,0.02845495007932186
1640,0.02837769128382206
1641,0.0284210704267025
1642,0.028437644243240356
1643,0.028412753716111183
1644,0.02837105467915535
1645,0.02847302332520485
1646,0.02837228961288929
1647,0.02837061695754528
1648,0.028376780450344086
1649,0.028387906029820442
1650,0.02846962958574295
1651,0.02837373875081539
1652,0.02842952124774456
1653,0.028469862416386604
1654,0.028372446075081825
1655,0.028408929705619812
1656,0.028492923825979233
1657,0.02839164063334465
1658,0.02852117270231247
1659,0.028396999463438988
1660,0.02846498414874077
1661,0.028477776795625687
1662,0.02838269993662834
1663,0.02855101227760315
1664,0.0283766221255064
1665,0.028531376272439957
1666,0.028397902846336365
1667,0.028412053361535072
1668,0.02846943773329258
1669,0.02837405353784561
1670,0.02845706045627594
1671,0.02842407114803791
1672,0.028372375294566154
1673,0.02835870534181595
1674,0.02836993709206581
1675,0.028351834043860435
1676,0.028377821668982506
1677,0.02843479998409748
1678,0.02839897945523262
1679,0.02836744673550129
1680,0.028385533019900322
1681,0.028408560901880264
1682,0.02839435264468193
1683,0.02836829610168934
1684,0.028372766450047493
1685,0.02838234417140484
1686,0.028416773304343224
1687,0.028385799378156662
1688,0.028371907770633698
1689,0.02835463173687458
1690,0.028378617018461227
1691,0.02837299183011055
1692,0.028421493247151375
1693,0.028400316834449768
1694,0.02834685891866684
1695,0.02836482599377632
1696,0.02846210077404976
1697,0.028403043746948242
1698,0.028370356187224388
1699,0.02834663912653923
1700,0.028338108211755753
1701,0.028352316468954086
1702,0.028386738151311874
1703,0.028466498479247093
1704,0.028365429490804672
1705,0.028395839035511017
1706,0.02850419655442238
1707,0.028360888361930847
1708,0.028517963364720345
1709,0.028439637273550034
1710,0.028403926640748978
1711,0.02847949042916298
1712,0.028388507664203644
1713,0.028422627598047256
1714,0.02850814163684845
1715,0.028375882655382156
1716,0.028480462729930878
1717,0.028470873832702637
1718,0.02840389497578144
1719,0.028521046042442322
1720,0.028434261679649353
1721,0.028498906642198563
1722,0.028392981737852097
1723,0.028389019891619682
1724,0.028429890051484108
1725,0.028446625918149948
1726,0.02837490104138851
1727,0.02848156727850437
1728,0.028414404019713402
1729,0.028385931625962257
1730,0.028464609757065773
1731,0.028408991172909737
1732,0.028363166376948357
1733,0.028431393206119537
1734,0.02841849811375141
1735,0.028389740735292435
1736,0.028391646221280098
1737,0.028404103592038155
1738,0.028437284752726555
1739,0.028394047170877457
1740,0.028357218950986862
1741,0.028372257947921753
1742,0.028373636305332184
1743,0.028359925374388695
1744,0.028371552005410194
1745,0.028420113027095795
1746,0.02839767560362816
1747,0.028356848284602165
1748,0.028408348560333252
1749,0.02835262008011341
1750,0.02837866172194481
1751,0.028372887521982193
1752,0.02836131677031517
1753,0.02844494953751564
1754,0.028393227607011795
1755,0.02839612029492855
1756,0.028350824490189552
1757,0.02840314991772175
1758,0.028408687561750412
1759,0.02846395969390869
1760,0.02837166003882885
1761,0.028344713151454926
1762,0.028361378237605095
1763,0.028401518240571022
1764,0.02847571298480034
1765,0.028368597850203514
1766,0.02835897170007229
1767,0.028497228398919106
1768,0.02837621420621872
1769,0.028405750170350075
1770,0.02848568931221962
1771,0.028409166261553764
1772,0.02849147655069828
1773,0.028423214331269264
1774,0.028446268290281296
1775,0.028469135984778404
1776,0.028392840176820755
1777,0.028498336672782898
1778,0.028360681608319283
1779,0.028389208018779755
1780,0.028361115604639053
1781,0.028378905728459358
1782,0.028434505686163902
1783,0.028381027281284332
1784,0.02836167998611927
1785,0.028381366282701492
1786,0.028431877493858337
1787,0.028415994718670845
1788,0.02836742252111435
1789,0.028468502685427666
1790,0.028423672541975975
1791,0.028378194198012352
1792,0.02854343131184578
1793,0.02846936136484146
1794,0.028551515191793442
1795,0.02838212251663208
1796,0.028674259781837463
1797,0.028522225096821785
1798,0.028626812621951103
1799,0.02849626913666725
1800,0.028620855882763863
1801,0.02864190749824047
1802,0.02847299911081791
1803,0.028554145246744156
1804,0.02839341014623642
1805,0.028540583327412605
1806,0.028422797098755836
1807,0.02845628373324871
1808,0.028481500223279
1809,0.02843400463461876
1810,0.028441404923796654
1811,0.02839900739490986
1812,0.028473513200879097
1813,0.028379734605550766
1814,0.028385717421770096
1815,0.028459444642066956
1816,0.028369804844260216
1817,0.02845838852226734
1818,0.02843739651143551
1819,0.028430428355932236
1820,0.028519432991743088
1821,0.0284088384360075
1822,0.028565259650349617
1823,0.028400536626577377
1824,0.028749244287610054
1825,0.028613142669200897
1826,0.028578881174325943
1827,0.028611833229660988
1828,0.028491901233792305
1829,0.02857089415192604
1830,0.028424613177776337
1831,0.02858140505850315
1832,0.028439948335289955
1833,0.028536329045891762
1834,0.028422866016626358
1835,0.028536861762404442
1836,0.02847663313150406
1837,0.028515560552477837
1838,0.028444040566682816
1839,0.028543882071971893
1840,0.02843388356268406
1841,0.02863227389752865
1842,0.02850671485066414
1843,0.028609491884708405
1844,0.028594139963388443
1845,0.02847881056368351
1846,0.028554970398545265
1847,0.028396716341376305
1848,0.028522253036499023
1849,0.028438156470656395
1850,0.028477268293499947
1851,0.02843267284333706
1852,0.0284402035176754
1853,0.028428316116333008
1854,0.028386076912283897
1855,0.028460875153541565
1856,0.02839299477636814
1857,0.028400477021932602
1858,0.028423726558685303
1859,0.028389906510710716
1860,0.028400858864188194
1861,0.028409048914909363
1862,0.028415558859705925
1863,0.028365014120936394
1864,0.028441786766052246
1865,0.028417211025953293
1866,0.02839801460504532
1867,0.028403792530298233
1868,0.02840545028448105
1869,0.028362734243273735
1870,0.028430653735995293
1871,0.0284246988594532
1872,0.02839169278740883
1873,0.028414497151970863
1874,0.0284065380692482
1875,0.02836441993713379
1876,0.028430849313735962
1877,0.028419630602002144
1878,0.028365613892674446
1879,0.02844296395778656
1880,0.02840241603553295
1881,0.02836049348115921
1882,0.028423866257071495
1883,0.0284060537815094
1884,0.028360188007354736
1885,0.028436880558729172
1886,0.02838447317481041
1887,0.028373798355460167
1888,0.02840365469455719
1889,0.028371402993798256
1890,0.028414763510227203
1891,0.028372621163725853
1892,0.028381602838635445
1893,0.028387289494276047
1894,0.028376424685120583
1895,0.0284531582146883
1896,0.028415756300091743
1897,0.028398726135492325
1898,0.028524478897452354
1899,0.028433943167328835
1900,0.02854294329881668
1901,0.028409188613295555
1902,0.028687970712780952
1903,0.028546370565891266
1904,0.028634682297706604
1905,0.028613703325390816
1906,0.028507495298981667
1907,0.028614802286028862
1908,0.028408203274011612
1909,0.028607364743947983
1910,0.028446147218346596
1911,0.02859414927661419
1912,0.0284669641405344
1913,0.028592076152563095
1914,0.028568126261234283
1915,0.028478313237428665
1916,0.028529612347483635
1917,0.028405549004673958
1918,0.028443025425076485
1919,0.028439635410904884
1920,0.028376493602991104
1921,0.028494292870163918
1922,0.028408443555235863
1923,0.028476040810346603
1924,0.028357133269309998
1925,0.028503449633717537
1926,0.02839178405702114
1927,0.028393954038619995
1928,0.02846192568540573
1929,0.0284133218228817
1930,0.028455670922994614
1931,0.028362981975078583
1932,0.028407031670212746
1933,0.028393153101205826
1934,0.02838565595448017
1935,0.028407199308276176
1936,0.02836982160806656
1937,0.02839680016040802
1938,0.028445759788155556
1939,0.02837241441011429
1940,0.028473226353526115
1941,0.028432320803403854
1942,0.02844100072979927
1943,0.02839188650250435
1944,0.0284489244222641
1945,0.028387563303112984
1946,0.02841246873140335
1947,0.028390511870384216
1948,0.028405608609318733
1949,0.02836981788277626
1950,0.02842850424349308
1951,0.028360722586512566
1952,0.0283732358366251
1953,0.028406266123056412
1954,0.028368724510073662
1955,0.02841719053685665
1956,0.0283692367374897
1957,0.028390850871801376
1958,0.028396841138601303
1959,0.0283808670938015
1960,0.028398536145687103
1961,0.02835003100335598
1962,0.028353843837976456
1963,0.02838527038693428
1964,0.028416747227311134
1965,0.028354648500680923
1966,0.028391895815730095
1967,0.028475364670157433
1968,0.028377771377563477
1969,0.028480950742959976
1970,0.028448695316910744
1971,0.028458494693040848
1972,0.02842654474079609
1973,0.02842123620212078
1974,0.02844754420220852
1975,0.028425635769963264
1976,0.028384950011968613
1977,0.028442375361919403
1978,0.028408465906977654
1979,0.02843368984758854
1980,0.028367750346660614
1981,0.028394455090165138
1982,0.02841741405427456
1983,0.028400151059031487
1984,0.0283963680267334
1985,0.028421469032764435
1986,0.02840084582567215
1987,0.02837705984711647
1988,0.02836911380290985
1989,0.02840181440114975
1990,0.02841786853969097
1991,0.028397543355822563
1992,0.02835710346698761
1993,0.028362002223730087
1994,0.02836543507874012
1995,0.02839399315416813
1996,0.02837817370891571
1997,0.028387632220983505
1998,0.028405698016285896
1999,0.02837071754038334
2000,0.028362201526761055
2001,0.02837805449962616
2002,0.028680549934506416
2003,0.02847706340253353
2004,0.02844906970858574
2005,0.02848093956708908
2006,0.028471531346440315
2007,0.028446748852729797
2008,0.02840871550142765
2009,0.028381185606122017
2010,0.02839847095310688
2011,0.02841842547059059
2012,0.028406867757439613
2013,0.028372719883918762
2014,0.02835841290652752
2015,0.028373414650559425
2016,0.028387978672981262
2017,0.028382200747728348
2018,0.02835536189377308
2019,0.028346111997961998
2020,0.028357448056340218
2021,0.028366569429636
2022,0.028359057381749153
2023,0.028343865647912025
2024,0.02834213152527809
2025,0.028344085440039635
2026,0.028343910351395607
2027,0.028347831219434738
2028,0.0283407773822546
2029,0.028333298861980438
2030,0.02833993174135685
2031,0.028340807184576988
2032,0.028335198760032654
2033,0.028334857895970345
2034,0.02833554521203041
2035,0.028334222733974457
2036,0.02833375707268715
2037,0.028333203867077827
2038,0.02833149954676628
2039,0.028332242742180824
2040,0.028330450877547264
2041,0.028331242501735687
2042,0.028330039232969284
2043,0.028328921645879745
2044,0.028331385925412178
2045,0.028328830376267433
2046,0.02832864597439766
2047,0.02832898125052452
2048,0.028327224776148796
2049,0.02832787111401558
2050,0.02832738868892193
2051,0.028326380997896194
2052,0.028327524662017822
2053,0.028326334431767464
2054,0.028326431289315224
2055,0.028325717896223068
2056,0.02832627110183239
2057,0.028327079489827156
2058,0.028325911611318588
2059,0.028325119987130165
2060,0.028325539082288742
2061,0.0283251591026783
2062,0.028324736282229424
2063,0.028324637562036514
2064,0.028324540704488754
2065,0.028326386585831642
2066,0.028328534215688705
2067,0.02832917310297489
2068,0.028325237333774567
2069,0.02832723967730999
2070,0.02833057940006256
2071,0.02832607366144657
2072,0.02832464687526226
2073,0.02832426130771637
2074,0.02832575887441635
2075,0.028326094150543213
2076,0.02832414023578167
2077,0.028323033824563026
2078,0.028323424980044365
2079,0.028326306492090225
2080,0.02832939475774765
2081,0.028325790539383888
2082,0.028324266895651817
2083,0.028330782428383827
2084,0.028328292071819305
2085,0.02832300215959549
2086,0.02832472138106823
2087,0.028325138613581657
2088,0.02832489088177681
2089,0.028322748839855194
2090,0.028322311118245125
2091,0.028322512283921242
2092,0.02832457423210144
2093,0.028328293934464455
2094,0.028326010331511497
2095,0.028322434052824974
2096,0.028326792642474174
2097,0.028331853449344635
2098,0.028322765603661537
2099,0.028322800993919373
2100,0.028325635939836502
2101,0.028327206149697304
2102,0.0283223744481802
2103,0.02832302264869213
2104,0.028329089283943176
2105,0.028326118364930153
2106,0.02832133322954178
2107,0.02832389809191227
2108,0.02832815609872341
2109,0.02832554653286934
2110,0.028322387486696243
2111,0.028322866186499596
2112,0.02832876332104206
2113,0.028325174003839493
2114,0.02832183614373207
2115,0.02832353673875332
2116,0.028327839449048042
2117,0.02832276001572609
2118,0.028320753946900368
2119,0.02832183428108692
2120,0.028326844796538353
2121,0.02832469530403614
2122,0.02832149900496006
2123,0.02832064963877201
2124,0.028326665982604027
2125,0.028325987979769707
2126,0.02832242101430893
2127,0.02832069993019104
2128,0.02832738310098648
2129,0.028326714411377907
2130,0.028322182595729828
2131,0.028320979326963425
2132,0.028325961902737617
2133,0.02832343801856041
2134,0.02832079492509365
2135,0.02831963449716568
2136,0.02832370065152645
2137,0.0283267293125391
2138,0.02832341380417347
2139,0.028320541605353355
2140,0.028322279453277588
2141,0.028329018503427505
2142,0.02832193672657013
2143,0.02831925079226494
2144,0.028324203565716743
2145,0.02832743339240551
2146,0.028320210054516792
2147,0.028320537880063057
2148,0.028324216604232788
2149,0.028326135128736496
2150,0.028320392593741417
2151,0.02831973321735859
2152,0.02832525409758091
2153,0.028325730934739113
2154,0.028320100158452988
2155,0.028319301083683968
2156,0.02832026034593582
2157,0.02832784876227379
2158,0.028322936967015266
2159,0.028318554162979126
2160,0.02832097001373768
2161,0.028326168656349182
2162,0.028321223333477974
2163,0.028319697827100754
2164,0.02832012064754963
2165,0.02832464873790741
2166,0.028325585648417473
2167,0.02831931784749031
2168,0.028325434774160385
2169,0.028332412242889404
2170,0.028317466378211975
2171,0.02832731604576111
2172,0.028325272724032402
2173,0.028320761397480965
2174,0.02834051102399826
2175,0.02831757441163063
2176,0.02834589034318924
2177,0.028320496901869774
2178,0.028346361592411995
2179,0.028323108330368996
2180,0.02835165336728096
2181,0.02833116427063942
2182,0.028345774859189987
2183,0.028335537761449814
2184,0.028343873098492622
2185,0.028337646275758743
2186,0.028340153396129608
2187,0.02833711728453636
2188,0.028338955715298653
2189,0.028335629031062126
2190,0.028339071199297905
2191,0.02833198569715023
2192,0.028338177129626274
2193,0.028331132605671883
2194,0.028336206451058388
2195,0.028331032022833824
2196,0.02833336777985096
2197,0.028324676677584648
2198,0.02834032103419304
2199,0.02832876518368721
2200,0.02833693102002144
2201,0.028328683227300644
2202,0.02833501808345318
2203,0.028328370302915573
2204,0.02833547815680504
2205,0.02832612581551075
2206,0.02833324484527111
2207,0.028326384723186493
2208,0.028331385925412178
2209,0.028325367718935013
2210,0.028327040374279022
2211,0.02832786738872528
2212,0.028324643149971962
2213,0.02833200804889202
2214,0.02832115814089775
2215,0.02833440713584423
2216,0.028323816135525703
2217,0.028335340321063995
2218,0.028324410319328308
2219,0.02833498641848564
2220,0.02832968719303608
2221,0.028331443667411804
2222,0.02832670323550701
2223,0.028329765424132347
2224,0.028326017782092094
2225,0.02832520753145218
2226,0.028326906263828278
2227,0.028321437537670135
2228,0.028334666043519974
2229,0.02831931971013546
2230,0.028338924050331116
2231,0.02832108922302723
2232,0.028341297060251236
2233,0.028326833620667458
2234,0.02834368869662285
2235,0.02833613194525242
2236,0.028333216905593872
2237,0.028334781527519226
2238,0.028332363814115524
2239,0.02832779660820961
2240,0.028335798531770706
2241,0.02832498587667942
2242,0.028333058580756187
2243,0.02832181006669998
2244,0.02833627164363861
2245,0.028321435675024986
2246,0.028342105448246002
2247,0.02832636795938015
2248,0.028345147147774696
2249,0.028341365978121758
2250,0.02832954190671444
2251,0.028338437899947166
2252,0.02832278050482273
2253,0.02833183854818344
2254,0.028324907645583153
2255,0.028323348611593246
2256,0.028324304148554802
2257,0.02832159772515297
2258,0.028324132785201073
2259,0.02832571230828762
2260,0.028323743492364883
2261,0.028327621519565582
2262,0.028317762538790703
2263,0.02832873724400997
2264,0.028323523700237274
2265,0.028327258303761482
2266,0.028323208913207054
2267,0.02832738682627678
2268,0.028324799612164497
2269,0.028325596824288368
2270,0.028324773535132408
2271,0.02832876704633236
2272,0.0283237062394619
2273,0.02832842245697975
2274,0.028321916237473488
2275,0.02833506278693676
2276,0.028321024030447006
2277,0.028335660696029663
2278,0.0283306036144495
2279,0.02832690253853798
2280,0.028330914676189423
2281,0.028324931859970093
2282,0.028327902778983116
2283,0.028321711346507072
2284,0.02832939475774765
2285,0.02831869386136532
2286,0.02833336964249611
2287,0.02832154743373394
2288,0.028327321633696556
2289,0.028324423357844353
2290,0.028323205187916756
2291,0.028325604274868965
2292,0.028319314122200012
2293,0.02832282893359661
2294,0.028321726247668266
2295,0.028321146965026855
2296,0.02831941843032837
2297,0.028321413323283195
2298,0.028319910168647766
2299,0.02832292951643467
2300,0.02831711620092392
2301,0.02832547388970852
2302,0.02831721305847168
2303,0.028321074321866035
2304,0.02831650711596012
2305,0.028318285942077637
2306,0.02831880934536457
2307,0.028319457545876503
2308,0.028316417708992958
2309,0.028316795825958252
2310,0.028319375589489937
2311,0.02831728756427765
2312,0.028319450095295906
2313,0.02831806242465973
2314,0.028324909508228302
2315,0.028315186500549316
2316,0.028329703956842422
2317,0.028322910889983177
2318,0.028323236852884293
2319,0.0283234603703022
2320,0.028317173942923546
2321,0.028336020186543465
2322,0.028319863602519035
2323,0.028334757313132286
2324,0.028332816436886787
2325,0.028326820582151413
2326,0.028327757492661476
2327,0.02832721918821335
2328,0.02832173928618431
2329,0.028326209634542465
2330,0.028315627947449684
2331,0.028325656428933144
2332,0.0283160712569952
2333,0.0283221248537302
2334,0.02831559255719185
2335,0.0283216442912817
2336,0.028317777439951897
2337,0.028318706899881363
2338,0.02832045406103134
2339,0.028326965868473053
2340,0.028316708281636238
2341,0.028323650360107422
2342,0.028323281556367874
2343,0.0283190980553627
2344,0.02832244522869587
2345,0.028321048244833946
2346,0.028320936486124992
2347,0.028319278731942177
2348,0.02832629717886448
2349,0.028317110612988472
2350,0.028321972116827965
2351,0.028319865465164185
2352,0.02832356095314026
2353,0.02831881120800972
2354,0.02832145243883133
2355,0.028319770470261574
2356,0.028317095711827278
2357,0.028315803036093712
2358,0.028320372104644775
2359,0.02831925079226494
2360,0.028322363272309303
2361,0.02831893600523472
2362,0.028317591175436974
2363,0.028321074321866035
2364,0.02832409180700779
2365,0.028316250070929527
2366,0.028333745896816254
2367,0.0283221248537302
2368,0.02832360751926899
2369,0.0283232219517231
2370,0.028320129960775375
2371,0.028325548395514488
2372,0.02831725776195526
2373,0.028319906443357468
2374,0.02831895649433136
2375,0.028318485245108604
2376,0.028322290629148483
2377,0.028319602832198143
2378,0.028317390009760857
2379,0.028318023309111595
2380,0.02832026034593582
2381,0.028326092287898064
2382,0.0283149853348732
2383,0.028335751965641975
2384,0.02832512930035591
2385,0.02832375280559063
2386,0.028323575854301453
2387,0.028324369341135025
2388,0.028329649940133095
2389,0.02831808105111122
2390,0.02833813801407814
2391,0.0283303614705801
2392,0.02832840569317341
2393,0.028323307633399963
2394,0.02832898683845997
2395,0.028320126235485077
2396,0.02832222916185856
2397,0.02832145430147648
2398,0.028321968391537666
2399,0.028315868228673935
2400,0.028320759534835815
2401,0.028322972357273102
2402,0.02831726148724556
2403,0.028316844254732132
2404,0.028316490352153778
2405,0.028314828872680664
2406,0.02831815555691719
2407,0.0283174030482769
2408,0.028314989060163498
2409,0.028319990262389183
2410,0.028322594240307808
2411,0.028319064527750015
2412,0.02831769920885563
2413,0.028320113196969032
2414,0.028316305950284004
2415,0.028326813131570816
2416,0.028318651020526886
2417,0.02832384780049324
2418,0.028332864865660667
2419,0.028316518291831017
2420,0.0283347237855196
2421,0.02833179011940956
2422,0.028327301144599915
2423,0.028322087600827217
2424,0.028327686712145805
2425,0.028320806100964546
2426,0.028321266174316406
2427,0.028323890641331673
2428,0.028326362371444702
2429,0.02832167223095894
2430,0.02833278849720955
2431,0.028333008289337158
2432,0.028321681544184685
2433,0.028333164751529694
2434,0.028322730213403702
2435,0.028331520035862923
2436,0.028329871594905853
2437,0.02832564152777195
2438,0.028325779363512993
2439,0.028328508138656616
2440,0.028323359787464142
2441,0.028329897671937943
2442,0.028321627527475357
2443,0.028328590095043182
2444,0.028318466618657112
2445,0.02833147533237934
2446,0.02832816354930401
2447,0.028322696685791016
2448,0.028327545151114464
2449,0.028322428464889526
2450,0.028324762359261513
2451,0.0283224917948246
2452,0.02832125872373581
2453,0.02833121456205845
2454,0.02831992320716381
2455,0.028331292793154716
2456,0.028320051729679108
2457,0.028327951207756996
2458,0.028322041034698486
2459,0.02832842618227005
2460,0.028328722342848778
2461,0.028324991464614868
2462,0.028326058760285378
2463,0.028328292071819305
2464,0.028321480378508568
2465,0.02832520566880703
2466,0.02832307294011116
2467,0.028327209874987602
2468,0.028317658230662346
2469,0.028330417349934578
2470,0.028323881328105927
2471,0.02832159958779812
2472,0.02832382544875145
2473,0.028324399143457413
2474,0.028317417949438095
2475,0.028327642008662224
2476,0.02831682376563549
2477,0.02832765504717827
2478,0.02831975556910038
2479,0.028329987078905106
2480,0.028320444747805595
2481,0.02832663804292679
2482,0.028323611244559288
2483,0.028325196355581284
2484,0.028322648257017136
2485,0.028323190286755562
2486,0.02832503244280815
2487,0.028319088742136955
2488,0.028319649398326874
2489,0.028322633355855942
2490,0.02832084894180298
2491,0.028319887816905975
2492,0.028314262628555298
2493,0.028323139995336533
2494,0.028315387666225433
2495,0.02832520380616188
2496,0.02831573225557804
2497,0.02831704169511795
2498,0.028322279453277588
2499,0.02832021191716194
2500,0.028323115780949593
2501,0.028313834220170975
2502,0.02832496352493763
2503,0.02831973508000374
2504,0.02832464501261711
2505,0.028316494077444077
2506,0.028321385383605957
2507,0.02832184173166752
2508,0.0283185001462698
2509,0.02831907570362091
2510,0.02831549569964409
2511,0.028328102082014084
2512,0.02831888571381569
2513,0.028318561613559723
2514,0.02831673063337803
2515,0.028320934623479843
2516,0.028328683227300644
2517,0.028315333649516106
2518,0.028317412361502647
2519,0.028323085978627205
2520,0.028319666162133217
2521,0.028317125514149666
2522,0.028314106166362762
2523,0.028314847499132156
2524,0.028316887095570564
2525,0.028318099677562714
2526,0.028313739225268364
2527,0.028322802856564522
2528,0.02831551618874073
2529,0.028320807963609695
2530,0.028316164389252663
2531,0.028314510360360146
2532,0.02832017093896866
2533,0.028323525562882423
2534,0.02831563726067543
2535,0.02832038886845112
2536,0.028320683166384697
2537,0.028319718316197395
2538,0.0283189844340086
2539,0.028325457125902176
2540,0.028326470404863358
2541,0.028319410979747772
2542,0.028329262509942055
2543,0.028317194432020187
2544,0.028320178389549255
2545,0.028315452858805656
2546,0.028326159343123436
2547,0.028318893164396286
2548,0.02831389755010605
2549,0.02831854112446308
2550,0.02831742912530899
2551,0.028315190225839615
2552,0.028322292491793633
2553,0.02832094579935074
2554,0.028320766985416412
2555,0.02831714041531086
2556,0.028316648676991463
2557,0.028330691158771515
2558,0.02831720933318138
2559,0.02831854857504368
2560,0.028332656249403954
2561,0.02831786684691906
2562,0.02833552658557892
2563,0.028325147926807404
2564,0.02832776866853237
2565,0.02832775190472603
2566,0.028329648077487946
2567,0.028320226818323135
2568,0.028325514867901802
2569,0.02832154370844364
2570,0.0283267330378294
2571,0.02832045778632164
2572,0.028328943997621536
2573,0.028323035687208176
2574,0.028322430327534676
2575,0.028326010331511497
2576,0.0283246748149395
2577,0.028329143300652504
2578,0.02832215279340744
2579,0.028330856934189796
2580,0.028325775638222694
2581,0.028322536498308182
2582,0.028328001499176025
2583,0.02831987850368023
2584,0.028325676918029785
2585,0.02832542359828949
2586,0.028322303667664528
2587,0.028326483443379402
2588,0.02831968665122986
2589,0.028332918882369995
2590,0.028330551460385323
2591,0.028326459228992462
2592,0.02832077071070671
2593,0.028325673192739487
2594,0.0283169224858284
2595,0.028323862701654434
2596,0.028314821422100067
2597,0.028320476412773132
2598,0.028315916657447815
2599,0.028317609801888466
2600,0.028313927352428436
2601,0.028318429365754128
2602,0.028316481038928032
2603,0.02831333875656128
2604,0.028316624462604523
2605,0.02832109108567238
2606,0.02831397019326687
2607,0.02832491509616375
2608,0.02831391431391239
2609,0.028322141617536545
2610,0.028315331786870956
2611,0.028317082673311234
2612,0.028323855251073837
2613,0.02831868641078472
2614,0.028314871713519096
2615,0.028324441984295845
2616,0.028320588171482086
2617,0.028322212398052216
2618,0.028317861258983612
2619,0.02831653691828251
2620,0.028320495039224625
2621,0.02832469902932644
2622,0.028318796306848526
2623,0.028319114819169044
2624,0.028326090425252914
2625,0.02831736020743847
2626,0.028313659131526947
2627,0.0283135287463665
2628,0.028314296156167984
2629,0.028316328302025795
2630,0.028315898030996323
2631,0.028317449614405632
2632,0.02832389809191227
2633,0.028318868950009346
2634,0.028312411159276962
2635,0.028317710384726524
2636,0.0283198244869709
2637,0.028316842392086983
2638,0.028319964185357094
2639,0.02831612341105938
2640,0.028319550678133965
2641,0.028315462172031403
2642,0.028320293873548508
2643,0.028315624222159386
2644,0.028319204226136208
2645,0.028315356001257896
2646,0.02832096628844738
2647,0.02832059934735298
2648,0.02832130342721939
2649,0.028317436575889587
2650,0.028314778581261635
2651,0.02833079732954502
2652,0.028317803516983986
2653,0.028317254036664963
2654,0.028331641107797623
2655,0.02831762284040451
2656,0.028333161026239395
2657,0.02832799032330513
2658,0.028326820582151413
2659,0.02832833118736744
2660,0.02833043783903122
2661,0.028322655707597733
2662,0.028325127437710762
2663,0.028323164209723473
2664,0.02832685597240925
2665,0.028322450816631317
2666,0.028324613347649574
2667,0.028325995430350304
2668,0.02832045964896679
2669,0.02832917682826519
2670,0.028327174484729767
2671,0.02832157164812088
2672,0.028325967490673065
2673,0.028321998193860054
2674,0.0283209141343832
2675,0.02832113951444626
2676,0.028315391391515732
2677,0.028328651562333107
2678,0.02831590361893177
2679,0.02831955999135971
2680,0.02831539884209633
2681,0.028319384902715683
2682,0.02832723781466484
2683,0.028315434232354164
2684,0.02832370437681675
2685,0.028320034965872765
2686,0.02832004614174366
2687,0.028316842392086983
2688,0.028315629810094833
2689,0.02832227386534214
2690,0.028317926451563835
2691,0.028320062905550003
2692,0.02831653133034706
2693,0.028316868469119072
2694,0.028322134166955948
2695,0.028321774676442146
2696,0.02831588126718998
2697,0.028319502249360085
2698,0.028328912332654
2699,0.02831677906215191
2700,0.028317978605628014
2701,0.02831985615193844
2702,0.028324879705905914
2703,0.028320258483290672
2704,0.028315449133515358
2705,0.02832339145243168
2706,0.028319699689745903
2707,0.028316384181380272
2708,0.028318531811237335
2709,0.02831578440964222
2710,0.028315890580415726
2711,0.02832155115902424
2712,0.028320899233222008
2713,0.028317054733633995
2714,0.028318185359239578
2715,0.028319083154201508
2716,0.02832827717065811
2717,0.028317982330918312
2718,0.028326459228992462
2719,0.028329072520136833
2720,0.028316402807831764
2721,0.02833586558699608
2722,0.02832409366965294
2723,0.028323596343398094
2724,0.02832368202507496
2725,0.028324566781520844
2726,0.02832995541393757
2727,0.028320882469415665
2728,0.02833119034767151
2729,0.02832045406103134
2730,0.028324488550424576
2731,0.02832668647170067
2732,0.028325779363512993
2733,0.02831893041729927
2734,0.028323687613010406
2735,0.02831665426492691
2736,0.028324665501713753
2737,0.028315916657447815
2738,0.0283197034150362
2739,0.028316203504800797
2740,0.028317680582404137
2741,0.028315681964159012
2742,0.02832600474357605
2743,0.028319912031292915
2744,0.028320882469415665
2745,0.02832513116300106
2746,0.028319042176008224
2747,0.02832229621708393
2748,0.028325490653514862
2749,0.0283232219517231
2750,0.028319334611296654
2751,0.02832593023777008
2752,0.028316833078861237
2753,0.028318658471107483
2754,0.02832411415874958
2755,0.028319677338004112
2756,0.028317945078015327
2757,0.02831711620092392
2758,0.0283183790743351
2759,0.028320053592324257
2760,0.02831367775797844
2761,0.02832711488008499
2762,0.028322389349341393
2763,0.028318263590335846
2764,0.028325239196419716
2765,0.028324143961071968
2766,0.02831599861383438
2767,0.02831639163196087
2768,0.02832147106528282
2769,0.02832672744989395
2770,0.028314078226685524
2771,0.028317686170339584
2772,0.028322961181402206
2773,0.028315234929323196
2774,0.028316011652350426
2775,0.02831699512898922
2776,0.028319016098976135
2777,0.028315233066678047
2778,0.02831856906414032
2779,0.028315730392932892
2780,0.02831467241048813
2781,0.0283262487500906
2782,0.02832009270787239
2783,0.02831459231674671
2784,0.0283157080411911
2785,0.028324155136942863
2786,0.028321748599410057
2787,0.028315695002675056
2788,0.028332218527793884
2789,0.02832193858921528
2790,0.02832387574017048
2791,0.028327949345111847
2792,0.028321141377091408
2793,0.028331028297543526
2794,0.02832067757844925
2795,0.028332198038697243
2796,0.028329864144325256
2797,0.028332872316241264
2798,0.02831602841615677
2799,0.0283295176923275
2800,0.028319260105490685
2801,0.028324563056230545
2802,0.028330937027931213
2803,0.028317958116531372
2804,0.028329087421298027
2805,0.02832161821424961
2806,0.0283206757158041
2807,0.0283319354057312
2808,0.028320850804448128
2809,0.028334980830550194
2810,0.02832696959376335
2811,0.02832329459488392
2812,0.028329113498330116
2813,0.028331054374575615
2814,0.028319746255874634
2815,0.02832851931452751
2816,0.028323667123913765
2817,0.028320444747805595
2818,0.028325511142611504
2819,0.028318606317043304
2820,0.028320301324129105
2821,0.028323255479335785
2822,0.028318610042333603
2823,0.028321335092186928
2824,0.028319254517555237
2825,0.028316395357251167
2826,0.02831871062517166
2827,0.028318364173173904
2828,0.0283229798078537
2829,0.028319312259554863
2830,0.02831757627427578
2831,0.028319330886006355
2832,0.0283145010471344
2833,0.028317201882600784
2834,0.02831742726266384
2835,0.028321675956249237
2836,0.028318461030721664
2837,0.028320791199803352
2838,0.02832152135670185
2839,0.028316959738731384
2840,0.028327960520982742
2841,0.028315871953964233
2842,0.02832689881324768
2843,0.028320414945483208
2844,0.02832256257534027
2845,0.028321700170636177
2846,0.028322450816631317
2847,0.02833200804889202
2848,0.028319677338004112
2849,0.028337139636278152
2850,0.02833525277674198
2851,0.028327571228146553
2852,0.028322208672761917
2853,0.02833029441535473
2854,0.028317177668213844
2855,0.0283384770154953
2856,0.028331557288765907
2857,0.02832918055355549
2858,0.028324544429779053
2859,0.028322601690888405
2860,0.028324594721198082
2861,0.02832607366144657
2862,0.028317270800471306
2863,0.028320716693997383
2864,0.02831776812672615
2865,0.028328469023108482
2866,0.028321027755737305
2867,0.02833070605993271
2868,0.028322378173470497
2869,0.028323525562882423
2870,0.028327735140919685
2871,0.028320681303739548
2872,0.02832457423210144
2873,0.028319209814071655
2874,0.028316348791122437
2875,0.02833191677927971
2876,0.028320837765932083
2877,0.028333591297268867
2878,0.02832125499844551
2879,0.028323890641331673
2880,0.028325282037258148
2881,0.028324849903583527
2882,0.02831832878291607
2883,0.028324896469712257
2884,0.028315933421254158
2885,0.028324753046035767
2886,0.028315987437963486
2887,0.02832563780248165
2888,0.028317058458924294
2889,0.028319697827100754
2890,0.02832021191716194
2891,0.028317879885435104
2892,0.028319943696260452
2893,0.02831576205790043
2894,0.02831318788230419
2895,0.028319746255874634
2896,0.028320109471678734
2897,0.028318408876657486
2898,0.02831890620291233
2899,0.028314640745520592
2900,0.028318822383880615
2901,0.028328631073236465
2902,0.028316883370280266
2903,0.02832425758242607
2904,0.028322750702500343
2905,0.028319673612713814
2906,0.028314566239714622
2907,0.02832225151360035
2908,0.02832150086760521
2909,0.02831495925784111
2910,0.02832403965294361
2911,0.02831810712814331
2912,0.02832275815308094
2913,0.028319459408521652
2914,0.0283175241202116
2915,0.028324352577328682
2916,0.028318218886852264
2917,0.02831682562828064
2918,0.028318993747234344
2919,0.028316205367445946
2920,0.02831965684890747
2921,0.028318990021944046
2922,0.02831527218222618
2923,0.028319120407104492
2924,0.028316212818026543
2925,0.02831953391432762
2926,0.028318801894783974
2927,0.02831527777016163
2928,0.028317565098404884
2929,0.028321605175733566
2930,0.02831597812473774
2931,0.02831944078207016
2932,0.028317788615822792
2933,0.028316006064414978
2934,0.028317051008343697
2935,0.028322314843535423
2936,0.028316693380475044
2937,0.028324222192168236
2938,0.02831518091261387
2939,0.02831299789249897
2940,0.028323045000433922
2941,0.028321649879217148
2942,0.028317924588918686
2943,0.02831410802900791
2944,0.028333013877272606
2945,0.02831459231674671
2946,0.028318408876657486
2947,0.028321033343672752
2948,0.028317034244537354
2949,0.02831685170531273
2950,0.02832137979567051
2951,0.02832109108567238
2952,0.02831602655351162
2953,0.028315000236034393
2954,0.028319062665104866
2955,0.02832784317433834
2956,0.02831611968576908
2957,0.0283283032476902
2958,0.02832343615591526
2959,0.028314897790551186
2960,0.02833535708487034
2961,0.02832532860338688
2962,0.02832728438079357
2963,0.02831932157278061
2964,0.028328705579042435
2965,0.028323251754045486
2966,0.028318632394075394
2967,0.028326965868473053
2968,0.028323905542492867
2969,0.02831663191318512
2970,0.028329545632004738
2971,0.028324343264102936
2972,0.02832091972231865
2973,0.028325162827968597
2974,0.02831854298710823
2975,0.028338292613625526
2976,0.028328053653240204
2977,0.02833348698914051
2978,0.028318675234913826
2979,0.02833700366318226
2980,0.02831517904996872
2981,0.028345495462417603
2982,0.02833147905766964
2983,0.028329871594905853
2984,0.02832743339240551
2985,0.028336020186543465
2986,0.028329236432909966
2987,0.028328165411949158
2988,0.02832932211458683
2989,0.028330529108643532
2990,0.02831798419356346
2991,0.028339670971035957
2992,0.02832399494946003
2993,0.0283367782831192
2994,0.02832927368581295
2995,0.028332388028502464
2996,0.0283243078738451
2997,0.02832932211458683
2998,0.02832701802253723
2999,0.02832859754562378
3000,0.02833101525902748
3001,0.028326161205768585
3002,0.028321383520960808
3003,0.028324512764811516
3004,0.028322987258434296
3005,0.02831880934536457
3006,0.028321275487542152
3007,0.028317581862211227
3008,0.02832232415676117
3009,0.02832118235528469
3010,0.02831663377583027
3011,0.028324300423264503
3012,0.028319817036390305
3013,0.028317485004663467
3014,0.028325889259576797
3015,0.028318854048848152
3016,0.028321264311671257
3017,0.028319578617811203
3018,0.028324123471975327
3019,0.02831522561609745
3020,0.028322964906692505
3021,0.02832256257534027
3022,0.028315914794802666
3023,0.02832198515534401
3024,0.0283184964209795
3025,0.02832094393670559
3026,0.028319213539361954
3027,0.028323793783783913
3028,0.028315924108028412
3029,0.028315255418419838
3030,0.02832767367362976
3031,0.028315061703324318
3032,0.028321439400315285
3033,0.028328323736786842
3034,0.028319837525486946
3035,0.02834063395857811
3036,0.028324570506811142
3037,0.028334029018878937
3038,0.028332097455859184
3039,0.028330152854323387
3040,0.028323769569396973
3041,0.02833912894129753
3042,0.028328143060207367
3043,0.028335919603705406
3044,0.0283330250531435
3045,0.028335072100162506
3046,0.028331752866506577
3047,0.028329184278845787
3048,0.028335196897387505
3049,0.02832205221056938
3050,0.028326142579317093
3051,0.02832488901913166
3052,0.02831920236349106
3053,0.028329061344265938
3054,0.028322851285338402
3055,0.028327099978923798
3056,0.028330696746706963
3057,0.028327999636530876
3058,0.02831772342324257
3059,0.028325675055384636
3060,0.028316786512732506
3061,0.02832147106528282
3062,0.02832186035811901
3063,0.028321770951151848
3064,0.028316160663962364
3065,0.028324730694293976
3066,0.028327403590083122
3067,0.028325330466032028
3068,0.028327077627182007
3069,0.028322506695985794
3070,0.028320882469415665
3071,0.02832343988120556
3072,0.028324661776423454
3073,0.028319399803876877
3074,0.02831968292593956
3075,0.028324343264102936
3076,0.028322163969278336
3077,0.02831890434026718
3078,0.028325149789452553
3079,0.02832256257534027
3080,0.02831639163196087
3081,0.028332822024822235
3082,0.028326280415058136
3083,0.028322111815214157
3084,0.028324507176876068
3085,0.02832639031112194
3086,0.0283193401992321
3087,0.028319261968135834
3088,0.02832019329071045
3089,0.02832225151360035
3090,0.02831302024424076
3091,0.028321202844381332
3092,0.028316626325249672
3093,0.02831585519015789
3094,0.028314951807260513
3095,0.028314298018813133
3096,0.028320111334323883
3097,0.02831988036632538
3098,0.02831779234111309
3099,0.028316203504800797
3100,0.0283155906945467
3101,0.028315600007772446
3102,0.028323981910943985
3103,0.028318503871560097
3104,0.02831442654132843
3105,0.028328046202659607
3106,0.02831590361893177
3107,0.02831902913749218
3108,0.028320979326963425
3109,0.028320444747805595
3110,0.02831975184381008
3111,0.02831847593188286
3112,0.02831942029297352
3113,0.028317486867308617
3114,0.02831890992820263
3115,0.02833467349410057
3116,0.028318732976913452
3117,0.028332103043794632
3118,0.028321782127022743
3119,0.0283195823431015
3120,0.02832680381834507
3121,0.028320863842964172
3122,0.02832413837313652
3123,0.028325164690613747
3124,0.02832498401403427
3125,0.028325436636805534
3126,0.028320908546447754
3127,0.028327886015176773
3128,0.028322624042630196
3129,0.028322897851467133
3130,0.028326544910669327
3131,0.028326066210865974
3132,0.028316836804151535
3133,0.02832309901714325
3134,0.028316758573055267
3135,0.028322329744696617
3136,0.028318841010332108
3137,0.028314903378486633
3138,0.02832409366965294
3139,0.02831658348441124
3140,0.028315460309386253
3141,0.028315642848610878
3142,0.02832045964896679
3143,0.02832426130771637
3144,0.02831529639661312
3145,0.028321892023086548
3146,0.028328806161880493
3147,0.028314465656876564
3148,0.028331397101283073
3149,0.028317119926214218
3150,0.028332531452178955
3151,0.02831890620291233
3152,0.028321728110313416
3153,0.028325945138931274
3154,0.028319984674453735
3155,0.028324861079454422
3156,0.028323963284492493
3157,0.02831910364329815
3158,0.028324592858552933
3159,0.02831992320716381
3160,0.028316881507635117
3161,0.02832908369600773
3162,0.028316674754023552
3163,0.02833046019077301
3164,0.028321078047156334
3165,0.02832742966711521
3166,0.02832154743373394
3167,0.028317615389823914
3168,0.028315307572484016
3169,0.028321409597992897
3170,0.028314027935266495
3171,0.028315497562289238
3172,0.028317276388406754
3173,0.02832198701798916
3174,0.028319820761680603
3175,0.028314052149653435
3176,0.028317337855696678
3177,0.02832009643316269
3178,0.028319383040070534
3179,0.028318827971816063
3180,0.028313104063272476
3181,0.02832542546093464
3182,0.028313614428043365
3183,0.028321482241153717
3184,0.02832401730120182
3185,0.02831336297094822
3186,0.028326645493507385
3187,0.028317678719758987
3188,0.028322210535407066
3189,0.028325624763965607
3190,0.028317930176854134
3191,0.028326328843832016
3192,0.02831895463168621
3193,0.028325583785772324
3194,0.02832943946123123
3195,0.028325727209448814
3196,0.028319310396909714
3197,0.028329649940133095
3198,0.028318963944911957
3199,0.02832965739071369
3200,0.02832658588886261
3201,0.028321709483861923
3202,0.028323570266366005
3203,0.028320593759417534
3204,0.028321148827672005
3205,0.028320837765932083
3206,0.028318258002400398
3207,0.02832348830997944
3208,0.02831597439944744
3209,0.028323443606495857
3210,0.028323080390691757
3211,0.028318051248788834
3212,0.028325200080871582
3213,0.028321631252765656
3214,0.028324013575911522
3215,0.02832423709332943
3216,0.028319114819169044
3217,0.028324782848358154
3218,0.02832445316016674
3219,0.02832012251019478
3220,0.028326882049441338
3221,0.02831858955323696
3222,0.028325112536549568
3223,0.028316903859376907
3224,0.028325166553258896
3225,0.028318827971816063
3226,0.02832242287695408
3227,0.0283211637288332
3228,0.028316644951701164
3229,0.028329411521553993
3230,0.02832103706896305
3231,0.028324130922555923
3232,0.028323212638497353
3233,0.028320500627160072
3234,0.028318878263235092
3235,0.028319241479039192
3236,0.02831736020743847
3237,0.028318997472524643
3238,0.028317470103502274
3239,0.02832465060055256
3240,0.028320057317614555
3241,0.02832048200070858
3242,0.028324933722615242
3243,0.02831878513097763
3244,0.028319917619228363
3245,0.028323916718363762
3246,0.028319265693426132
3247,0.028327926993370056
3248,0.02832014486193657
3249,0.02832009084522724
3250,0.02832212671637535
3251,0.028316155076026917
3252,0.028321264311671257
3253,0.028317755088210106
3254,0.02832263521850109
3255,0.028315527364611626
3256,0.028324687853455544
3257,0.02832191251218319
3258,0.028316687792539597
3259,0.028327064588665962
3260,0.028319891542196274
3261,0.028324946761131287
3262,0.028320368379354477
3263,0.02832300402224064
3264,0.028320688754320145
3265,0.028318306431174278
3266,0.028321444988250732
3267,0.028322353959083557
3268,0.028314262628555298
3269,0.028322119265794754
3270,0.028320610523223877
3271,0.028314992785453796
3272,0.0283235851675272
3273,0.028315052390098572
3274,0.028321636840701103
3275,0.028320642188191414
3276,0.028314106166362762
3277,0.02831965498626232
3278,0.028315240517258644
3279,0.02832205407321453
3280,0.028315521776676178
3281,0.028320781886577606
3282,0.02831851877272129
3283,0.028317604213953018
3284,0.028320422396063805
3285,0.028316626325249672
3286,0.028317080810666084
3287,0.028320984914898872
3288,0.028312556445598602
3289,0.028325829654932022
3290,0.02832399122416973
3291,0.028315609320998192
3292,0.02832913212478161
3293,0.02831701561808586
3294,0.02832621894776821
3295,0.02832440473139286
3296,0.028321536257863045
3297,0.028324438259005547
3298,0.0283193401992321
3299,0.028321707621216774
3300,0.028323350474238396
3301,0.02831961028277874
3302,0.028319545090198517
3303,0.028319288045167923
3304,0.028322914615273476
3305,0.028322137892246246
3306,0.02832312136888504
3307,0.0283193439245224
3308,0.028322778642177582
3309,0.028318382799625397
3310,0.028325732797384262
3311,0.028315849602222443
3312,0.02832351252436638
3313,0.028319615870714188
3314,0.028316263109445572
3315,0.028320740908384323
3316,0.028315436094999313
3317,0.028324713930487633
3318,0.028315946459770203
3319,0.02831658534705639
3320,0.028318757191300392
3321,0.02831445448100567
3322,0.02832343801856041
3323,0.028315944597125053
3324,0.028317619115114212
3325,0.02831745706498623
3326,0.028314238414168358
3327,0.028319917619228363
3328,0.02831904962658882
3329,0.02831675484776497
3330,0.028317157179117203
3331,0.02831694856286049
3332,0.028319155797362328
3333,0.028319861739873886
3334,0.028320027515292168
3335,0.02831375040113926
3336,0.02832329086959362
3337,0.028321489691734314
3338,0.02831597998738289
3339,0.02831878513097763
3340,0.028319813311100006
3341,0.028318142518401146
3342,0.0283163171261549
3343,0.028321053832769394
3344,0.028316080570220947
3345,0.028317073360085487
3346,0.028323950245976448
3347,0.028316481038928032
3348,0.028318092226982117
3349,0.028313133865594864
3350,0.028322195634245872
3351,0.028316911309957504
3352,0.028317764401435852
3353,0.02831614390015602
3354,0.0283153485506773
3355,0.0283152237534523
3356,0.028322212398052216
3357,0.02832525409758091
3358,0.028315378352999687
3359,0.028332924470305443
3360,0.028325088322162628
3361,0.028327947482466698
3362,0.028326498344540596
3363,0.028327830135822296
3364,0.028319505974650383
3365,0.02832801453769207
3366,0.02831900492310524
3367,0.028318656608462334
3368,0.028322411701083183
3369,0.028319643810391426
3370,0.028317293152213097
3371,0.028319519013166428
3372,0.028325408697128296
3373,0.028316523879766464
3374,0.028318913653492928
3375,0.028331631794571877
3376,0.028317483142018318
3377,0.028329964727163315
3378,0.028322719037532806
3379,0.028324035927653313
3380,0.028324680402874947
3381,0.02832067757844925
3382,0.028326569125056267
3383,0.028324343264102936
3384,0.02832205593585968
3385,0.028327761217951775
3386,0.028318649157881737
3387,0.02832888811826706
3388,0.028319930657744408
3389,0.028327198699116707
3390,0.028320716693997383
3391,0.028324060142040253
3392,0.028318310156464577
3393,0.028326917439699173
3394,0.02832101657986641
3395,0.02832798659801483
3396,0.028319276869297028
3397,0.028328267857432365
3398,0.028325069695711136
3399,0.02832290530204773
3400,0.028323480859398842
3401,0.028318706899881363
3402,0.02832670882344246
3403,0.028317149728536606
3404,0.028316449373960495
3405,0.028321605175733566
3406,0.028317201882600784
3407,0.028322817757725716
3408,0.028314314782619476
3409,0.02832009829580784
3410,0.028314786031842232
3411,0.028324764221906662
3412,0.028319532051682472
3413,0.028314687311649323
3414,0.02832038886845112
3415,0.02831650711596012
3416,0.028323832899332047
3417,0.028316190466284752
3418,0.02832554467022419
3419,0.028331030160188675
3420,0.028321636840701103
3421,0.02833532728254795
3422,0.028331423178315163
3423,0.028331106528639793
3424,0.02832147106528282
3425,0.028338879346847534
3426,0.02833433449268341
3427,0.028323126956820488
3428,0.02832924574613571
3429,0.02832767553627491
3430,0.028318140655755997
3431,0.028330683708190918
3432,0.028323428705334663
3433,0.028327394276857376
3434,0.02832777239382267
3435,0.028328826650977135
3436,0.02831985056400299
3437,0.02833058312535286
3438,0.028315605595707893
3439,0.02832961268723011
3440,0.028326449915766716
3441,0.028320997953414917
3442,0.028327250853180885
3443,0.028325984254479408
3444,0.0283201951533556
3445,0.02832457236945629
3446,0.028317777439951897
3447,0.028324980288743973
3448,0.02831808105111122
3449,0.028326570987701416
3450,0.02832149527966976
3451,0.028325693681836128
3452,0.028323329985141754
3453,0.02832462079823017
3454,0.02832207642495632
3455,0.028324073180556297
3456,0.0283203125
3457,0.028326380997896194
3458,0.028315240517258644
3459,0.02833426371216774
3460,0.028322268277406693
3461,0.02832861617207527
3462,0.028327494859695435
3463,0.028321413323283195
3464,0.02832857333123684
3465,0.028318315744400024
3466,0.028323275968432426
3467,0.028319548815488815
3468,0.02831628918647766
3469,0.028321679681539536
3470,0.028316834941506386
3471,0.02832084149122238
3472,0.028318218886852264
3473,0.02832052856683731
3474,0.02831900306046009
3475,0.02832428738474846
3476,0.02832283079624176
3477,0.028317786753177643
3478,0.028323261067271233
3479,0.028315696865320206
3480,0.028325922787189484
3481,0.02831296995282173
3482,0.02831803262233734
3483,0.02831544540822506
3484,0.028314143419265747
3485,0.028317688032984734
3486,0.028321878984570503
3487,0.028317876160144806
3488,0.028317706659436226
3489,0.02832622639834881
3490,0.028318112716078758
3491,0.02831735461950302
3492,0.02831454761326313
3493,0.028325319290161133
3494,0.028318462893366814
3495,0.028316114097833633
3496,0.028320463374257088
3497,0.028315672650933266
3498,0.028324788436293602
3499,0.02831430360674858
3500,0.028316032141447067
3501,0.02831721119582653
3502,0.028318295255303383
3503,0.028317028656601906
3504,0.028321104124188423
3505,0.028316544368863106
3506,0.028314977884292603
3507,0.02831369824707508
3508,0.028316864743828773
3509,0.028326082974672318
3510,0.02831970900297165
3511,0.028318267315626144
3512,0.02832486666738987
3513,0.028318820521235466
3514,0.028312282636761665
3515,0.02831752970814705
3516,0.02832161635160446
3517,0.028318457305431366
3518,0.02831452153623104
3519,0.028315838426351547
3520,0.02831689827144146
3521,0.028315577656030655
3522,0.028315527364611626
3523,0.02832341566681862
3524,0.02831505611538887
3525,0.028318125754594803
3526,0.02831805683672428
3527,0.028313688933849335
3528,0.02832203172147274
3529,0.028318695724010468
3530,0.028316112235188484
3531,0.028319690376520157
3532,0.028314637020230293
3533,0.028315594419836998
3534,0.02832609973847866
3535,0.02832077443599701
3536,0.028321247547864914
3537,0.02832598052918911
3538,0.028323976323008537
3539,0.028321120887994766
3540,0.028326209634542465
3541,0.028316639363765717
3542,0.028337521478533745
3543,0.02831844426691532
3544,0.02833370678126812
3545,0.02833007089793682
3546,0.028331242501735687
3547,0.02832336723804474
3548,0.028333865106105804
3549,0.02833017148077488
3550,0.028327833861112595
3551,0.028333209455013275
3552,0.028332551941275597
3553,0.02832035720348358
3554,0.02832653746008873
3555,0.028323255479335785
3556,0.028320027515292168
3557,0.028325356543064117
3558,0.028317244723439217
3559,0.028330886736512184
3560,0.028318671509623528
3561,0.028332218527793884
3562,0.028330672532320023
3563,0.02832157351076603
3564,0.028329377993941307
3565,0.028322570025920868
3566,0.02832871861755848
3567,0.028325049206614494
3568,0.02832804247736931
3569,0.02831769920885563
3570,0.028324756771326065
3571,0.028318913653492928
3572,0.02832040935754776
3573,0.028317835181951523
3574,0.028322862461209297
3575,0.028314094990491867
3576,0.028316384181380272
3577,0.02831551432609558
3578,0.028315050527453423
3579,0.028317708522081375
3580,0.02832355909049511
3581,0.028317641466856003
3582,0.02831268683075905
3583,0.028325296938419342
3584,0.028315367177128792
3585,0.028314823284745216
3586,0.028313584625720978
3587,0.028316644951701164
3588,0.02831905521452427
3589,0.028315460309386253
3590,0.02832251600921154
3591,0.028316395357251167
3592,0.028317615389823914
3593,0.028319768607616425
3594,0.028316741809248924
3595,0.02832045778632164
3596,0.028316210955381393
3597,0.02831619791686535
3598,0.028317974880337715
3599,0.028321757912635803
3600,0.02831825613975525
3601,0.028319181874394417
3602,0.028313709422945976
3603,0.028323527425527573
3604,0.02831655740737915
3605,0.028316807001829147
3606,0.028317639604210854
3607,0.028314853087067604
3608,0.028318196535110474
3609,0.0283246710896492
3610,0.02832026034593582
3611,0.028319155797362328
3612,0.028318097814917564
3613,0.028319526463747025
3614,0.028313694521784782
3615,0.028321418911218643
3616,0.02831665799021721
3617,0.028320560231804848
3618,0.028318438678979874
3619,0.028313571587204933
3620,0.028314925730228424
3621,0.02832908183336258
3622,0.028318623080849648
3623,0.028320394456386566
3624,0.02833433449268341
3625,0.028319519013166428
3626,0.028341900557279587
3627,0.028324412181973457
3628,0.028340578079223633
3629,0.028323868289589882
3630,0.02835202030837536
3631,0.028339160606265068
3632,0.02834104560315609
3633,0.028344467282295227
3634,0.02833116427063942
3635,0.0283427182585001
3636,0.028319885954260826
3637,0.028344163671135902
3638,0.028321629390120506
3639,0.02835107408463955
3640,0.028340492397546768
3641,0.02833537943661213
3642,0.028342673555016518
3643,0.028322391211986542
3644,0.02833530306816101
3645,0.02832181192934513
3646,0.028338748961687088
3647,0.02832021191716194
3648,0.028331976383924484
3649,0.02831532247364521
3650,0.02833409234881401
3651,0.028318071737885475
3652,0.028331713750958443
3653,0.0283240657299757
3654,0.028333380818367004
3655,0.02832081727683544
3656,0.028330381959676743
3657,0.02832087129354477
3658,0.028325911611318588
3659,0.02832498773932457
3660,0.02831888571381569
3661,0.028327584266662598
3662,0.028316201642155647
3663,0.028320113196969032
3664,0.028321776539087296
3665,0.02831924334168434
3666,0.028322435915470123
3667,0.02831859514117241
3668,0.028319604694843292
3669,0.028321027755737305
3670,0.028316223993897438
3671,0.028325777500867844
3672,0.02832057513296604
3673,0.028317246586084366
3674,0.028320375829935074
3675,0.028320491313934326
3676,0.02831629291176796
3677,0.02832646295428276
3678,0.0283184926956892
3679,0.028316175565123558
3680,0.0283232182264328
3681,0.028319556266069412
3682,0.028313767164945602
3683,0.028319843113422394
3684,0.028319699689745903
3685,0.028315767645835876
3686,0.028314217925071716
3687,0.028314407914876938
3688,0.028317077085375786
3689,0.028312064707279205
3690,0.02831205539405346
3691,0.0283187422901392
3692,0.028325214982032776
3693,0.028317490592598915
3694,0.028319623321294785
3695,0.02832641452550888
3696,0.028317362070083618
3697,0.028328118845820427
3698,0.02832518331706524
3699,0.028326286002993584
3700,0.028327178210020065
3701,0.02832377701997757
3702,0.02832857519388199
3703,0.02832580916583538
3704,0.028320370241999626
3705,0.0283214058727026
3706,0.028322258964180946
3707,0.028318701311945915
3708,0.028319377452135086
3709,0.028317932039499283
3710,0.02832118049263954
3711,0.02831456996500492
3712,0.02831968665122986
3713,0.02831300161778927
3714,0.028327204287052155
3715,0.02831367403268814
3716,0.02831488847732544
3717,0.02831876277923584
3718,0.028318287804722786
3719,0.0283186212182045
3720,0.02831919677555561
3721,0.02831304259598255
3722,0.028330663219094276
3723,0.028313757851719856
3724,0.028323909267783165
3725,0.028321312740445137
3726,0.028318867087364197
3727,0.028324132785201073
3728,0.028315749019384384
3729,0.028323659673333168
3730,0.02832477167248726
3731,0.02831881120800972
3732,0.02832191437482834
3733,0.02831902541220188
3734,0.028322022408246994
3735,0.028322858735919
3736,0.028319943696260452
3737,0.028322508558630943
3738,0.028316549956798553
3739,0.028327075764536858
3740,0.028328875079751015
3741,0.02832488901913166
3742,0.028319140896201134
3743,0.028324119746685028
3744,0.02832375466823578
3745,0.02832101285457611
3746,0.028327016159892082
3747,0.028324352577328682
3748,0.028316648676991463
3749,0.028326494619250298
3750,0.028321687132120132
3751,0.028320960700511932
3752,0.028324546292424202
3753,0.02831687033176422
3754,0.028333401307463646
3755,0.028325458988547325
3756,0.028329333290457726
3757,0.028322478756308556
3758,0.02832212671637535
3759,0.028325602412223816
3760,0.028325488790869713
3761,0.02832348272204399
3762,0.028321657329797745
3763,0.0283221248537302
3764,0.02832716517150402
3765,0.02831987664103508
3766,0.028326842933893204
3767,0.028320465236902237
3768,0.028319600969552994
3769,0.028327107429504395
3770,0.02832064777612686
3771,0.028320861980319023
3772,0.028321856632828712
3773,0.02831869199872017
3774,0.028320398181676865
3775,0.02832009829580784
3776,0.028315413743257523
3777,0.028323758393526077
3778,0.02832007221877575
3779,0.028320597484707832
3780,0.028321633115410805
3781,0.028316857293248177
3782,0.028321221470832825
3783,0.028315525501966476
3784,0.028322217985987663
3785,0.02831798605620861
3786,0.02832234837114811
3787,0.028319088742136955
3788,0.02832324244081974
3789,0.028318965807557106
3790,0.02831953577697277
3791,0.028318390250205994
3792,0.028317967429757118
3793,0.028320081532001495
3794,0.02831471525132656
3795,0.02832183986902237
3796,0.028314698487520218
3797,0.02832181751728058
3798,0.028317177668213844
3799,0.028316393494606018
3800,0.02832050621509552
3801,0.028315888717770576
3802,0.028314342722296715
3803,0.028319526463747025
3804,0.028323102742433548
3805,0.028312981128692627
3806,0.02832789160311222
3807,0.02832193486392498
3808,0.0283210352063179
3809,0.028321221470832825
3810,0.028316549956798553
3811,0.02834172546863556
3812,0.02832534909248352
3813,0.02834129147231579
3814,0.028323408216238022
3815,0.028351806104183197
3816,0.028345515951514244
3817,0.028329908847808838
3818,0.02833528257906437
3819,0.028328444808721542
3820,0.02833019196987152
3821,0.02832675538957119
3822,0.02832212671637535
3823,0.028330644592642784
3824,0.02831895835697651
3825,0.02833692729473114
3826,0.028324920684099197
3827,0.02834201045334339
3828,0.028329260647296906
3829,0.028344038873910904
3830,0.028341135010123253
3831,0.028330883011221886
3832,0.028335051611065865
3833,0.028324244543910027
3834,0.028326507657766342
3835,0.028325717896223068
3836,0.028319647535681725
3837,0.0283324234187603
3838,0.028316780924797058
3839,0.028332505375146866
3840,0.028316576033830643
3841,0.028341656550765038
3842,0.028323981910943985
3843,0.02835175022482872
3844,0.028341474011540413
3845,0.02833450958132744
3846,0.028345052152872086
3847,0.028317607939243317
3848,0.028335560113191605
3849,0.028318632394075394
3850,0.028342947363853455
3851,0.028323505073785782
3852,0.028342271223664284
3853,0.028337476775050163
3854,0.028326742351055145
3855,0.028330834582448006
3856,0.028328940272331238
3857,0.028327161446213722
3858,0.02832907810807228
3859,0.028328970074653625
3860,0.02832770347595215
3861,0.02832523174583912
3862,0.028327737003564835
3863,0.028327982872724533
3864,0.02832510881125927
3865,0.02832288295030594
3866,0.028324268758296967
3867,0.028314851224422455
3868,0.028321830555796623
3869,0.028318846598267555
3870,0.02831459790468216
3871,0.02831554040312767
3872,0.02832377515733242
3873,0.0283131655305624
3874,0.02831273525953293
3875,0.028313716873526573
3876,0.02831445448100567
3877,0.02831999771296978
3878,0.028320470824837685
3879,0.028316540643572807
3880,0.028316903859376907
3881,0.028323402628302574
3882,0.028317948803305626
3883,0.028314216062426567
3884,0.02832680195569992
3885,0.028319498524069786
3886,0.028315303847193718
3887,0.028322458267211914
3888,0.02831365540623665
3889,0.028319720178842545
3890,0.02831556648015976
3891,0.028319593518972397
3892,0.028315948322415352
3893,0.028316235169768333
3894,0.028333665803074837
3895,0.028312167152762413
3896,0.02833295613527298
3897,0.028323013335466385
3898,0.028325334191322327
3899,0.028317108750343323
3900,0.02832324244081974
3901,0.028320426121354103
3902,0.028320005163550377
3903,0.02831714041531086
3904,0.0283256396651268
3905,0.028317127376794815
3906,0.028318112716078758
3907,0.02832471951842308
3908,0.028316762298345566
3909,0.028328506276011467
3910,0.028324581682682037
3911,0.02832050248980522
3912,0.028330296277999878
3913,0.028328068554401398
3914,0.028324302285909653
3915,0.02832184173166752
3916,0.028327498584985733
3917,0.028321193531155586
3918,0.028333574533462524
3919,0.02832997404038906
3920,0.028324419632554054
3921,0.028321608901023865
3922,0.028318306431174278
3923,0.028322534635663033
3924,0.028319433331489563
3925,0.02831513062119484
3926,0.028320955112576485
3927,0.028312580659985542
3928,0.0283205583691597
3929,0.028318271040916443
3930,0.028312288224697113
3931,0.028323931619524956
3932,0.028318511322140694
3933,0.0283171609044075
3934,0.02831696905195713
3935,0.02831578068435192
3936,0.028329549357295036
3937,0.028311530128121376
3938,0.028329120948910713
3939,0.028320198878645897
3940,0.028322219848632812
3941,0.02832312323153019
3942,0.02832336537539959
3943,0.028319308534264565
3944,0.028324555605649948
3945,0.028320984914898872
3946,0.028329741209745407
3947,0.02831818349659443
3948,0.02833840250968933
3949,0.028324831277132034
3950,0.0283358097076416
3951,0.028329990804195404
3952,0.028328025713562965
3953,0.028326159343123436
3954,0.028326844796538353
3955,0.02832600101828575
3956,0.02832133322954178
3957,0.028327947482466698
3958,0.0283206719905138
3959,0.028330883011221886
3960,0.028319241479039192
3961,0.028335483744740486
3962,0.028325015679001808
3963,0.028330041095614433
3964,0.028326673433184624
3965,0.028326163068413734
3966,0.028327075764536858
3967,0.028322573751211166
3968,0.02832869626581669
3969,0.02832120656967163
3970,0.028332151472568512
3971,0.028325993567705154
3972,0.02832876145839691
3973,0.02832755446434021
3974,0.02832423895597458
3975,0.028327666223049164
3976,0.028321659192442894
3977,0.028330164030194283
3978,0.028325486928224564
3979,0.028326192870736122
3980,0.028326820582151413
3981,0.028319671750068665
3982,0.028326764702796936
3983,0.028317250311374664
3984,0.028328463435173035
3985,0.02831689454615116
3986,0.028333257883787155
3987,0.028323320671916008
3988,0.028328552842140198
3989,0.028329947963356972
3990,0.0283215194940567
3991,0.028333894908428192
3992,0.028322366997599602
3993,0.028336133807897568
3994,0.02832937426865101
3995,0.02832585945725441
3996,0.02832609787583351
3997,0.028328023850917816
3998,0.02832517959177494
3999,0.028325945138931274
4000,0.02832295186817646
4001,0.028325462713837624
4002,0.0283221323043108
4003,0.028319289907813072
4004,0.028323674574494362
4005,0.028320487588644028
4006,0.028319567441940308
4007,0.028319474309682846
4008,0.0283180121332407
4009,0.02831447683274746
4010,0.02832338958978653
4011,0.02831822820007801
4012,0.028313493356108665
4013,0.02831599861383438
4014,0.028318900614976883
4015,0.028317349031567574
4016,0.02831771969795227
4017,0.028316214680671692
4018,0.028319861739873886
4019,0.02831709198653698
4020,0.028314415365457535
4021,0.02832263708114624
4022,0.028316697105765343
4023,0.028315197676420212
4024,0.028316551819443703
4025,0.028319453820586205
4026,0.028319112956523895
4027,0.028318356722593307
4028,0.028314242139458656
4029,0.028319211676716805
4030,0.02831774391233921
4031,0.028316715732216835
4032,0.028314722701907158
4033,0.02832113765180111
4034,0.028313644230365753
4035,0.028320156037807465
4036,0.028316935524344444
4037,0.02831837348639965
4038,0.028317168354988098
4039,0.02831292897462845
4040,0.028314320370554924
4041,0.028316698968410492
4042,0.028316188603639603
4043,0.02832281030714512
4044,0.028318073600530624
4045,0.028316937386989594
4046,0.02832775004208088
4047,0.028315959498286247
4048,0.028316816315054893
4049,0.02832043170928955
4050,0.028314508497714996
4051,0.02831464819610119
4052,0.02831953391432762
4053,0.028317797929048538
4054,0.02831730805337429
4055,0.028312528505921364
4056,0.02831766940653324
4057,0.028318068012595177
4058,0.028317630290985107
4059,0.028313206508755684
4060,0.02832029201090336
4061,0.028322214260697365
4062,0.028317037969827652
4063,0.028322292491793633
4064,0.028319252654910088
4065,0.028317304328083992
4066,0.028315378352999687
4067,0.028315994888544083
4068,0.028313668444752693
4069,0.028316261246800423
4070,0.0283217653632164
4071,0.02832050435245037
4072,0.028318073600530624
4073,0.028314223513007164
4074,0.028327681124210358
4075,0.028313936665654182
4076,0.028325194492936134
4077,0.028320560231804848
4078,0.028314759954810143
4079,0.028320880606770515
4080,0.028325602412223816
4081,0.028316622599959373
4082,0.028327055275440216
4083,0.028318721801042557
4084,0.028317615389823914
4085,0.0283216442912817
4086,0.02831781469285488
4087,0.028314316645264626
4088,0.028313208371400833
4089,0.028325354680418968
4090,0.028313463553786278
4091,0.028319016098976135
4092,0.028316408395767212
4093,0.028322093188762665
4094,0.028322095051407814
4095,0.028314542025327682
4096,0.028335213661193848
4097,0.02831905707716942
4098,0.028341492637991905
4099,0.028332041576504707
4100,0.028331618756055832
4101,0.028331667184829712
4102,0.02832561358809471
4103,0.028329968452453613
4104,0.02832537330687046
4105,0.028327200561761856
4106,0.0283266119658947
4107,0.028320614248514175
4108,0.028323128819465637
4109,0.028318600729107857
4110,0.028318440541625023
4111,0.028316089883446693
4112,0.028319230303168297
4113,0.02832440286874771
4114,0.02831423655152321
4115,0.02832222916185856
4116,0.02831675484776497
4117,0.02831757813692093
4118,0.028318334370851517
4119,0.02831602469086647
4120,0.02831328846514225
4121,0.02831786498427391
4122,0.028314033523201942
4123,0.02831864356994629
4124,0.028315048664808273
4125,0.028317676857113838
4126,0.028318163007497787
4127,0.028318064287304878
4128,0.028314005583524704
4129,0.028323644772171974
4130,0.028322897851467133
4131,0.028314515948295593
4132,0.02831925079226494
4133,0.028322644531726837
4134,0.028314776718616486
4135,0.028314199298620224
4136,0.028317729011178017
4137,0.028322864323854446
4138,0.02831677347421646
4139,0.028319936245679855
4140,0.02832178957760334
4141,0.028318045660853386
4142,0.028317071497440338
4143,0.02831953577697277
4144,0.028323475271463394
4145,0.02831435203552246
4146,0.028318652883172035
4147,0.028313226997852325
4148,0.028322238475084305
4149,0.028317449614405632
4150,0.028315585106611252
4151,0.02831844799220562
4152,0.0283121969550848
4153,0.028320390731096268
4154,0.028321504592895508
4155,0.0283181332051754
4156,0.0283198244869709
4157,0.02832426130771637
4158,0.028321523219347
4159,0.028313230723142624
4160,0.028325024992227554
4161,0.02831767126917839
4162,0.028312912210822105
4163,0.028318677097558975
4164,0.0283135324716568
4165,0.02831484004855156
4166,0.028315691277384758
4167,0.028314746916294098
4168,0.028319407254457474
4169,0.028319358825683594
4170,0.028311721980571747
4171,0.028321243822574615
4172,0.028325999155640602
4173,0.028313618153333664
4174,0.028316136449575424
4175,0.028321074321866035
4176,0.02832058258354664
4177,0.028319014236330986
4178,0.02831367962062359
4179,0.02831950969994068
4180,0.02832447923719883
4181,0.028313035145401955
4182,0.02831820771098137
4183,0.028319058939814568
4184,0.02831878513097763
4185,0.028315098956227303
4186,0.028313901275396347
4187,0.028326010331511497
4188,0.028314640745520592
4189,0.028320906683802605
4190,0.02831537090241909
4191,0.028320902958512306
4192,0.028315989300608635
4193,0.02831554412841797
4194,0.028316693380475044
4195,0.028317786753177643
4196,0.028313953429460526
4197,0.028313016518950462
4198,0.02831403724849224
4199,0.028314456343650818
4200,0.02832493558526039
4201,0.028316885232925415
4202,0.028313228860497475
4203,0.028320029377937317
4204,0.02831391617655754
4205,0.02831966057419777
4206,0.028312815353274345
4207,0.028317317366600037
4208,0.028314273804426193
4209,0.028316259384155273
4210,0.028312696143984795
4211,0.028315359726548195
4212,0.028319092467427254
4213,0.02831706777215004
4214,0.028319604694843292
4215,0.028314588591456413
4216,0.028312351554632187
4217,0.028317874297499657
4218,0.02831856906414032
4219,0.028315981850028038
4220,0.028319213539361954
4221,0.0283198244869709
4222,0.02831522561609745
4223,0.02831999771296978
4224,0.028314003720879555
4225,0.02831457369029522
4226,0.028321240097284317
4227,0.028318483382463455
4228,0.0283137708902359
4229,0.0283122006803751
4230,0.0283184964209795
4231,0.02832137607038021
4232,0.0283203162252903
4233,0.028318461030721664
4234,0.028329018503427505
4235,0.02831650711596012
4236,0.028324564918875694
4237,0.028322475031018257
4238,0.028319580480456352
4239,0.028326738625764847
4240,0.028320636600255966
4241,0.028319111093878746
4242,0.028328927233815193
4243,0.02832001820206642
4244,0.028325825929641724
4245,0.028323166072368622
4246,0.028322523459792137
4247,0.028323916718363762
4248,0.028324048966169357
4249,0.028318695724010468
4250,0.028317298740148544
4251,0.028320156037807465
4252,0.028321029618382454
4253,0.02831505984067917
4254,0.02834111824631691
4255,0.028321275487542152
4256,0.028352664783596992
4257,0.028337601572275162
4258,0.02834375947713852
4259,0.02835117280483246
4260,0.028320424258708954
4261,0.02834152802824974
4262,0.028326721861958504
4263,0.028339071199297905
4264,0.028324885293841362
4265,0.028337713330984116
4266,0.02833457477390766
4267,0.02832437865436077
4268,0.02832825481891632
4269,0.02832847833633423
4270,0.0283249132335186
4271,0.02833099104464054
4272,0.02832847647368908
4273,0.028326289728283882
4274,0.02832665666937828
4275,0.028328370302915573
4276,0.02832512930035591
4277,0.02833409793674946
4278,0.028325935825705528
4279,0.028330480679869652
4280,0.02831948921084404
4281,0.02834249660372734
4282,0.0283318143337965
4283,0.02833547256886959
4284,0.028332768008112907
4285,0.028329938650131226
4286,0.028331361711025238
4287,0.028324995189905167
4288,0.028324652463197708
4289,0.028329825028777122
4290,0.028320742771029472
4291,0.02833283692598343
4292,0.02832743711769581
4293,0.028329303488135338
4294,0.028326932340860367
4295,0.028325079008936882
4296,0.028328334912657738
4297,0.02833237685263157
4298,0.028325704857707024
4299,0.028328342363238335
4300,0.02832566574215889
4301,0.02832886204123497
4302,0.028323549777269363
4303,0.02833102084696293
4304,0.028319062665104866
4305,0.02834451012313366
4306,0.02833147533237934
4307,0.02833789959549904
4308,0.028339285403490067
4309,0.028326580300927162
4310,0.02833726815879345
4311,0.028320403769612312
4312,0.028338002040982246
4313,0.02831624262034893
4314,0.028335077688097954
4315,0.02832060120999813
4316,0.028335845097899437
4317,0.028323249891400337
4318,0.028344670310616493
4319,0.028337907046079636
4320,0.028331492096185684
4321,0.028337934985756874
4322,0.02831888385117054
4323,0.02833167091012001
4324,0.028319545090198517
4325,0.02832764759659767
4326,0.028322353959083557
4327,0.028323883190751076
4328,0.028319530189037323
4329,0.02831670641899109
4330,0.028323542326688766
4331,0.02831333503127098
4332,0.028319815173745155
4333,0.0283217690885067
4334,0.028313148766756058
4335,0.02831624075770378
4336,0.02832626737654209
4337,0.028314225375652313
4338,0.028322413563728333
4339,0.028320053592324257
4340,0.02832275629043579
4341,0.028323238715529442
4342,0.028321778401732445
4343,0.02831970527768135
4344,0.028321892023086548
4345,0.028312869369983673
4346,0.02832544595003128
4347,0.02831563912332058
4348,0.028317004442214966
4349,0.028319254517555237
4350,0.028314603492617607
4351,0.028319571167230606
4352,0.02832091599702835
4353,0.028317999094724655
4354,0.028321444988250732
4355,0.02832689881324768
4356,0.02831554412841797
4357,0.02832595631480217
4358,0.028323432430624962
4359,0.028316764160990715
4360,0.02832777425646782
4361,0.02832174487411976
4362,0.028325973078608513
4363,0.028326021507382393
4364,0.028323253616690636
4365,0.028317095711827278
4366,0.028320612385869026
4367,0.02832152508199215
4368,0.028319550678133965
4369,0.028317084535956383
4370,0.028318583965301514
4371,0.028314713388681412
4372,0.02831880934536457
4373,0.028316756710410118
4374,0.028315719217061996
4375,0.02831762656569481
4376,0.028316063806414604
4377,0.02831798419356346
4378,0.028316207230091095
4379,0.028316179290413857
4380,0.028316419571638107
4381,0.02831280790269375
4382,0.02831815928220749
4383,0.028314834460616112
4384,0.028313977643847466
4385,0.028314070776104927
4386,0.028315383940935135
4387,0.02831779606640339
4388,0.02831479161977768
4389,0.028318224474787712
4390,0.028315547853708267
4391,0.02831207774579525
4392,0.028318261727690697
4393,0.028320491313934326
4394,0.028316253796219826
4395,0.028318244963884354
4396,0.0283167976886034
4397,0.028313813731074333
4398,0.02831748127937317
4399,0.028315050527453423
4400,0.028315730392932892
4401,0.028319748118519783
4402,0.02831699699163437
4403,0.02831605263054371
4404,0.028314892202615738
4405,0.028314324095845222
4406,0.02831912972033024
4407,0.028319736942648888
4408,0.028312155976891518
4409,0.028316907584667206
4410,0.028322042897343636
4411,0.02832031063735485
4412,0.028314854949712753
4413,0.028321299701929092
4414,0.028319984674453735
4415,0.0283143799751997
4416,0.02831614762544632
4417,0.028316333889961243
4418,0.02832537144422531
4419,0.028316617012023926
4420,0.02831564098596573
4421,0.028316417708992958
4422,0.028318626806139946
4423,0.028319580480456352
4424,0.028315691277384758
4425,0.02831895463168621
4426,0.0283144973218441
4427,0.028321076184511185
4428,0.02831534668803215
4429,0.02831718884408474
4430,0.02832118794322014
4431,0.02831380069255829
4432,0.02831747755408287
4433,0.028316812589764595
4434,0.028316259384155273
4435,0.02831561304628849
4436,0.02831794135272503
4437,0.02831437438726425
4438,0.028317557647824287
4439,0.028320450335741043
4440,0.0283154658973217
4441,0.028319649398326874
4442,0.028325079008936882
4443,0.028318721801042557
4444,0.028322463855147362
4445,0.02832324244081974
4446,0.028318099677562714
4447,0.028328929096460342
4448,0.02831941843032837
4449,0.02832341007888317
4450,0.028323939070105553
4451,0.028322061523795128
4452,0.028330177068710327
4453,0.028318826109170914
4454,0.028334297239780426
4455,0.02832692675292492
4456,0.028329558670520782
4457,0.02832217887043953
4458,0.028329286724328995
4459,0.02832137607038021
4460,0.0283280611038208
4461,0.028325598686933517
4462,0.02832433395087719
4463,0.02831883728504181
4464,0.028325790539383888
4465,0.02831989713013172
4466,0.028322862461209297
4467,0.028323378413915634
4468,0.028316320851445198
4469,0.028317920863628387
4470,0.02832535095512867
4471,0.02831447497010231
4472,0.02832912839949131
4473,0.028316320851445198
4474,0.028320936486124992
4475,0.028317198157310486
4476,0.028322923928499222
4477,0.02831343375146389
4478,0.02832086756825447
4479,0.02832017093896866
4480,0.028316747397184372
4481,0.028324538841843605
4482,0.028317397460341454
4483,0.028321756049990654
4484,0.028318364173173904
4485,0.028318921104073524
4486,0.02831653691828251
4487,0.028321802616119385
4488,0.028317470103502274
4489,0.028320377692580223
4490,0.02832215279340744
4491,0.028318841010332108
4492,0.028320616111159325
4493,0.028320331126451492
4494,0.028321104124188423
4495,0.028313787654042244
4496,0.028324762359261513
4497,0.02831834927201271
4498,0.028319766744971275
4499,0.028322257101535797
4500,0.02832203358411789
4501,0.028317496180534363
4502,0.028320541605353355
4503,0.02831597626209259
4504,0.02831398881971836
4505,0.028322264552116394
4506,0.028314270079135895
4507,0.028314072638750076
4508,0.028320614248514175
4509,0.028316739946603775
4510,0.028315994888544083
4511,0.02831999398767948
4512,0.028316570445895195
4513,0.02832193672657013
4514,0.028316542506217957
4515,0.028313355520367622
4516,0.028329823166131973
4517,0.02831290476024151
4518,0.028323505073785782
4519,0.028320131823420525
4520,0.028320634737610817
4521,0.028327351436018944
4522,0.028318777680397034
4523,0.028322188183665276
4524,0.028321197256445885
4525,0.028317417949438095
4526,0.028325175866484642
4527,0.028319988399744034
4528,0.028316976502537727
4529,0.028320400044322014
4530,0.028313420712947845
4531,0.028317609801888466
4532,0.028328169137239456
4533,0.028313282877206802
4534,0.028327826410531998
4535,0.02831428498029709
4536,0.02831570990383625
4537,0.028325267136096954
4538,0.028313128277659416
4539,0.02831604704260826
4540,0.02832789532840252
4541,0.028313176706433296
4542,0.02832808345556259
4543,0.028318535536527634
4544,0.02831573225557804
4545,0.02831796556711197
4546,0.028314754366874695
4547,0.02831975929439068
4548,0.028312548995018005
4549,0.02831565961241722
4550,0.02831747941672802
4551,0.02831440232694149
4552,0.028326567262411118
4553,0.028312647715210915
4554,0.028315456584095955
4555,0.02832295373082161
4556,0.028317546471953392
4557,0.028319310396909714
4558,0.02831312082707882
4559,0.02832200936973095
4560,0.028318384662270546
4561,0.028315344825387
4562,0.028318045660853386
4563,0.02831157296895981
4564,0.028318416327238083
4565,0.028324324637651443
4566,0.02831580862402916
4567,0.028319088742136955
4568,0.028322981670498848
4569,0.028314100578427315
4570,0.028317101299762726
4571,0.028317412361502647
4572,0.028320055454969406
4573,0.02831728756427765
4574,0.028313716873526573
4575,0.028317419812083244
4576,0.02832234464585781
4577,0.028314845636487007
4578,0.028313085436820984
4579,0.028318088501691818
4580,0.028316522017121315
4581,0.028315721079707146
4582,0.028316358104348183
4583,0.02832300215959549
4584,0.02831808477640152
4585,0.02831842005252838
4586,0.028327710926532745
4587,0.028317788615822792
4588,0.028325103223323822
4589,0.028324391692876816
4590,0.02831905335187912
4591,0.028330428525805473
4592,0.028323471546173096
4593,0.02832408994436264
4594,0.02832825481891632
4595,0.028326012194156647
4596,0.028316525742411613
4597,0.028327135369181633
4598,0.028315415605902672
4599,0.028329282999038696
4600,0.028325188905000687
4601,0.028323203325271606
4602,0.028323594480752945
4603,0.028325609862804413
4604,0.028321651741862297
4605,0.028325576335191727
4606,0.02832087315618992
4607,0.028322581201791763
4608,0.02831859700381756
4609,0.028324248269200325
4610,0.028317611664533615
4611,0.02832244150340557
4612,0.028320828452706337
4613,0.02831781655550003
4614,0.02831682562828064
4615,0.028321102261543274
4616,0.028312833979725838
4617,0.02832447923719883
4618,0.02831915020942688
4619,0.0283200666308403
4620,0.02831759676337242
4621,0.028316883370280266
4622,0.028321461752057076
4623,0.02831471897661686
4624,0.028321759775280952
4625,0.028313755989074707
4626,0.028322158381342888
4627,0.02831568568944931
4628,0.0283214021474123
4629,0.028317933902144432
4630,0.02831628918647766
4631,0.028319813311100006
4632,0.028312375769019127
4633,0.028319088742136955
4634,0.028328770771622658
4635,0.028313055634498596
4636,0.028331758454442024
4637,0.028312958776950836
4638,0.02832239679992199
4639,0.028324473649263382
4640,0.02831556461751461
4641,0.028338361531496048
4642,0.028318535536527634
4643,0.02833457849919796
4644,0.028330041095614433
4645,0.028332695364952087
4646,0.02832784876227379
4647,0.028328513726592064
4648,0.028334109112620354
4649,0.028321390971541405
4650,0.028327662497758865
4651,0.028325026854872704
4652,0.02832142822444439
4653,0.028322570025920868
4654,0.02832285687327385
4655,0.028319358825683594
4656,0.028317730873823166
4657,0.028317749500274658
4658,0.028323950245976448
4659,0.02831464633345604
4660,0.02832944691181183
4661,0.028319962322711945
4662,0.028323672711849213
4663,0.02832026407122612
4664,0.028328081592917442
4665,0.028322581201791763
4666,0.02832590974867344
4667,0.028317654505372047
4668,0.028327636420726776
4669,0.028318285942077637
4670,0.02832530438899994
4671,0.02832106314599514
4672,0.028322607278823853
4673,0.02832329459488392
4674,0.02831808477640152
4675,0.028320997953414917
4676,0.028317509219050407
4677,0.028320245444774628
4678,0.028317347168922424
4679,0.028316359966993332
4680,0.028316417708992958
4681,0.02831658534705639
4682,0.028313107788562775
4683,0.02831798605620861
4684,0.02831427752971649
4685,0.028315648436546326
4686,0.028317784890532494
4687,0.0283183753490448
4688,0.028315501287579536
4689,0.028318515047430992
4690,0.028315668925642967
4691,0.02831861935555935
4692,0.02831205353140831
4693,0.028323525562882423
4694,0.028324289247393608
4695,0.028313348069787025
4696,0.02832769602537155
4697,0.02831639163196087
4698,0.028313731774687767
4699,0.028324494138360023
4700,0.028317200019955635
4701,0.028316402807831764
4702,0.02832307666540146
4703,0.02831321582198143
4704,0.02832581289112568
4705,0.028316810727119446
4706,0.028323329985141754
4707,0.02831253968179226
4708,0.028326120227575302
4709,0.028317278251051903
4710,0.028317047283053398
4711,0.028320657089352608
4712,0.028315890580415726
4713,0.028319576755166054
4714,0.028313400223851204
4715,0.028325844556093216
4716,0.028315488249063492
4717,0.028316885232925415
4718,0.028327273204922676
4719,0.028315389528870583
4720,0.028324352577328682
4721,0.028318123891949654
4722,0.02832171507179737
4723,0.028316620737314224
4724,0.02832590788602829
4725,0.028318211436271667
4726,0.028318187221884727
4727,0.028322093188762665
4728,0.028317691758275032
4729,0.028321851044893265
4730,0.028322357684373856
4731,0.02831658534705639
4732,0.028322072699666023
4733,0.02831312268972397
4734,0.028323974460363388
4735,0.028315633535385132
4736,0.02832629531621933
4737,0.02832481637597084
4738,0.028317024931311607
4739,0.028327293694019318
4740,0.02832266129553318
4741,0.02832411788403988
4742,0.028318393975496292
4743,0.028322987258434296
4744,0.02832641638815403
4745,0.02832374908030033
4746,0.028327779844403267
4747,0.028320299461483955
4748,0.02831915393471718
4749,0.02832200564444065
4750,0.028322866186499596
4751,0.02832064777612686
4752,0.028317246586084366
4753,0.028324341401457787
4754,0.028323829174041748
4755,0.02832290157675743
4756,0.02832903154194355
4757,0.028317628428339958
4758,0.028323110193014145
4759,0.028320081532001495
4760,0.028326906263828278
4761,0.028318993747234344
4762,0.028313057497143745
4763,0.02832474745810032
4764,0.02832094393670559
4765,0.02832120843231678
4766,0.028331130743026733
4767,0.02832028456032276
4768,0.028326373547315598
4769,0.028321493417024612
4770,0.02832898497581482
4771,0.028314515948295593
4772,0.02832235023379326
4773,0.028319289907813072
4774,0.0283204298466444
4775,0.02831704542040825
4776,0.028327232226729393
4777,0.028313925489783287
4778,0.02832736074924469
4779,0.028317725285887718
4780,0.02832694724202156
4781,0.02832232043147087
4782,0.02832348644733429
4783,0.028321901336312294
4784,0.028320997953414917
4785,0.028320832177996635
4786,0.028322698548436165
4787,0.028318513184785843
4788,0.028320759534835815
4789,0.0283189807087183
4790,0.028321724385023117
4791,0.028321197256445885
4792,0.028316762298345566
4793,0.028316255658864975
4794,0.028323205187916756
4795,0.02831459604203701
4796,0.028324207291007042
4797,0.028317078948020935
4798,0.028323069214820862
4799,0.028315292671322823
4800,0.028329981490969658
4801,0.028320008888840675
4802,0.028327863663434982
4803,0.02832111157476902
4804,0.028325101360678673
4805,0.02832840010523796
4806,0.028316058218479156
4807,0.028325345367193222
4808,0.02831646054983139
4809,0.02832610346376896
4810,0.02831416018307209
4811,0.028323562815785408
4812,0.028316617012023926
4813,0.028323564678430557
4814,0.028320379555225372
4815,0.02832350693643093
4816,0.028320128098130226
4817,0.028325432911515236
4818,0.028319451957941055
4819,0.02832287736237049
4820,0.02832026407122612
4821,0.02832147851586342
4822,0.02832152135670185
4823,0.028318151831626892
4824,0.028317568823695183
4825,0.028321856632828712
4826,0.028316352516412735
4827,0.0283220037817955
4828,0.02831595577299595
4829,0.02832122892141342
4830,0.028316929936408997
4831,0.02832283265888691
4832,0.02831617370247841
4833,0.028326621279120445
4834,0.02831803262233734
4835,0.02832360751926899
4836,0.028320012614130974
4837,0.02832118235528469
4838,0.028321130201220512
4839,0.028321022167801857
4840,0.0283204335719347
4841,0.028320228680968285
4842,0.028319671750068665
4843,0.028319798409938812
4844,0.028318481519818306
4845,0.028319144621491432
4846,0.028318502008914948
4847,0.028320912271738052
4848,0.028315052390098572
4849,0.028318146243691444
4850,0.028312889859080315
4851,0.028319263830780983
4852,0.028316468000411987
4853,0.02831600420176983
4854,0.028324265033006668
4855,0.02831418067216873
4856,0.028318703174591064
4857,0.02831329219043255
4858,0.02831944264471531
4859,0.028319168835878372
4860,0.02831847034394741
4861,0.028313525021076202
4862,0.028319496661424637
4863,0.028321145102381706
4864,0.028317276388406754
4865,0.028315285220742226
4866,0.028323698788881302
4867,0.02831614390015602
4868,0.028317853808403015
4869,0.028319984674453735
4870,0.02831488661468029
4871,0.02831997536122799
4872,0.028318101540207863
4873,0.028329182416200638
4874,0.02832101657986641
4875,0.028328215703368187
4876,0.028316758573055267
4877,0.02831871248781681
4878,0.028327783569693565
4879,0.028322948142886162
4880,0.028318844735622406
4881,0.028321875259280205
4882,0.02831881493330002
4883,0.02832569181919098
4884,0.02832234650850296
4885,0.028328880667686462
4886,0.02832178585231304
4887,0.028322020545601845
4888,0.028325263410806656
4889,0.028320977464318275
4890,0.02831786684691906
4891,0.0283210352063179
4892,0.028315512463450432
4893,0.028333300724625587
4894,0.028322605416178703
4895,0.028332166373729706
4896,0.028317686170339584
4897,0.0283320602029562
4898,0.0283152274787426
4899,0.02833525277674198
4900,0.02831975184381008
4901,0.02833275869488716
4902,0.02831975370645523
4903,0.028333129361271858
4904,0.028322352096438408
4905,0.02832726575434208
4906,0.028323641046881676
4907,0.0283201951533556
4908,0.028328483924269676
4909,0.02831817977130413
4910,0.02833123318850994
4911,0.028322666883468628
4912,0.02832620218396187
4913,0.028324317187070847
4914,0.028321703895926476
4915,0.02832852490246296
4916,0.0283169224858284
4917,0.02833123318850994
4918,0.02832053415477276
4919,0.028326714411377907
4920,0.028321871533989906
4921,0.028323819860816002
4922,0.028326239436864853
4923,0.02831747941672802
4924,0.028326483443379402
4925,0.028319772332906723
4926,0.028328798711299896
4927,0.028317904099822044
4928,0.02832934446632862
4929,0.0283281859010458
4930,0.02832144685089588
4931,0.028329551219940186
4932,0.028319135308265686
4933,0.028325529769062996
4934,0.02832295186817646
4935,0.028329135850071907
4936,0.028321264311671257
4937,0.028323279693722725
4938,0.028324933722615242
4939,0.02832426130771637
4940,0.02832353115081787
4941,0.028318895027041435
4942,0.02832435816526413
4943,0.028318053111433983
4944,0.02831832692027092
4945,0.02831546775996685
4946,0.028318054974079132
4947,0.028317639604210854
4948,0.028315966948866844
4949,0.028314977884292603
4950,0.028322728350758553
4951,0.02832077629864216
4952,0.0283189844340086
4953,0.028318068012595177
4954,0.028323672711849213
4955,0.028316762298345566
4956,0.028314193710684776
4957,0.028317958116531372
4958,0.028314528986811638
4959,0.028315376490354538
4960,0.028318289667367935
4961,0.028320027515292168
4962,0.028318200260400772
4963,0.028316140174865723
4964,0.028329607099294662
4965,0.028315532952547073
4966,0.02832714468240738
4967,0.028327876701951027
4968,0.028321942314505577
4969,0.02832292579114437
4970,0.028325418010354042
4971,0.028319530189037323
4972,0.0283214058727026
4973,0.028322497382760048
4974,0.028321411460638046
4975,0.028317028656601906
4976,0.028324255719780922
4977,0.028323626145720482
4978,0.0283188559114933
4979,0.0283229760825634
4980,0.02831977978348732
4981,0.0283266119658947
4982,0.028322387486696243
4983,0.02832615002989769
4984,0.028321504592895508
4985,0.028317982330918312
4986,0.028328891843557358
4987,0.028322791680693626
4988,0.028322944417595863
4989,0.028321003541350365
4990,0.028323804959654808
4991,0.028322620317339897
4992,0.02831777185201645
4993,0.028323136270046234
4994,0.028320789337158203
4995,0.028314920142292976
4996,0.0283278189599514
4997,0.028323469683527946
4998,0.02832404524087906
4999,0.028321953490376472
5000,0.028321614488959312
5001,0.028315763920545578
5002,0.028320888057351112
5003,0.028314055874943733
5004,0.028325878083705902
5005,0.028317417949438095
5006,0.02832573466002941
5007,0.02833089418709278
5008,0.028321005403995514
5009,0.028324643149971962
5010,0.02832324616611004
5011,0.028319833800196648
5012,0.028323683887720108
5013,0.02831641212105751
5014,0.028320860117673874
5015,0.028316795825958252
5016,0.028321972116827965
5017,0.028322232887148857
5018,0.02831454575061798
5019,0.028320472687482834
5020,0.028315480798482895
5021,0.028323210775852203
5022,0.028318136930465698
5023,0.028324313461780548
5024,0.028326205909252167
5025,0.02832266502082348
5026,0.028327303007245064
5027,0.028332384303212166
5028,0.028320496901869774
5029,0.028325213119387627
5030,0.02832637168467045
5031,0.028320055454969406
5032,0.028329571709036827
5033,0.028326615691184998
5034,0.02832082100212574
5035,0.028329143300652504
5036,0.028320737183094025
5037,0.028323350474238396
5038,0.028325513005256653
5039,0.028317097574472427
5040,0.028324415907263756
5041,0.028323350474238396
5042,0.02831699140369892
5043,0.028321972116827965
5044,0.028313051909208298
5045,0.028324037790298462
5046,0.028313910588622093
5047,0.02832632139325142
5048,0.02832893468439579
5049,0.028320016339421272
5050,0.028323210775852203
5051,0.028322745114564896
5052,0.0283175278455019
5053,0.02832166664302349
5054,0.02831551432609558
5055,0.02832689695060253
5056,0.028318170458078384
5057,0.0283258818089962
5058,0.02833271399140358
5059,0.028327804058790207
5060,0.028317710384726524
5061,0.028329523280262947
5062,0.028313862159848213
5063,0.0283270962536335
5064,0.02832670323550701
5065,0.028319891542196274
5066,0.02832401916384697
5067,0.028322845697402954
5068,0.028319230303168297
5069,0.02832687459886074
5070,0.02831905521452427
5071,0.028322678059339523
5072,0.02831972762942314
5073,0.028320465236902237
5074,0.028321539983153343
5075,0.028317933902144432
5076,0.028326496481895447
5077,0.028317293152213097
5078,0.02832631580531597
5079,0.02832355536520481
5080,0.028319524601101875
5081,0.02832416445016861
5082,0.02831941656768322
5083,0.0283198244869709
5084,0.028322577476501465
5085,0.02831755392253399
5086,0.02832498773932457
5087,0.028317784890532494
5088,0.02832389436662197
5089,0.028328102082014084
5090,0.0283200740814209
5091,0.028322212398052216
5092,0.028325596824288368
5093,0.028314493596553802
5094,0.028319302946329117
5095,0.028315385803580284
5096,0.028325047343969345
5097,0.02832055650651455
5098,0.028322946280241013
5099,0.02833116613328457
5100,0.02832295559346676
5101,0.02832329459488392
5102,0.028325477614998817
5103,0.028318868950009346
5104,0.028322327882051468
5105,0.028318747878074646
5106,0.028317196294665337
5107,0.02831694483757019
5108,0.028318289667367935
5109,0.028318703174591064
5110,0.028316909447312355
5111,0.028318120166659355
5112,0.028312906622886658
5113,0.028315693140029907
5114,0.028313228860497475
5115,0.028315696865320206
5116,0.028317613527178764
5117,0.02832154370844364
5118,0.028312576934695244
5119,0.02832903526723385
5120,0.028318757191300392
5121,0.028318794444203377
5122,0.028321020305156708
5123,0.02831374667584896
5124,0.028331132605671883
5125,0.028320707380771637
5126,0.028328675776720047
5127,0.028328178450465202
5128,0.028327737003564835
5129,0.028315726667642593
5130,0.028330698609352112
5131,0.028313882648944855
5132,0.02832738123834133
5133,0.02832380123436451
5134,0.02832154743373394
5135,0.028326835483312607
5136,0.028325155377388
5137,0.028321387246251106
5138,0.028329310938715935
5139,0.028325051069259644
5140,0.02831929549574852
5141,0.028323926031589508
5142,0.0283181294798851
5143,0.02832457236945629
5144,0.028326191008090973
5145,0.028317557647824287
5146,0.028322601690888405
5147,0.028318364173173904
5148,0.028319910168647766
5149,0.02832276187837124
5150,0.028317110612988472
5151,0.028322655707597733
5152,0.028317751362919807
5153,0.028320379555225372
5154,0.028322488069534302
5155,0.028319047763943672
5156,0.028320573270320892
5157,0.0283146183937788
5158,0.02831948734819889
5159,0.02832079865038395
5160,0.028314851224422455
5161,0.028320040553808212
5162,0.028316553682088852
5163,0.028325527906417847
5164,0.028322095051407814
5165,0.028321390971541405
5166,0.028322406113147736
5167,0.028314940631389618
5168,0.028324902057647705
5169,0.02832573838531971
5170,0.028323285281658173
5171,0.028317395597696304
5172,0.02831924706697464
5173,0.028324056416749954
5174,0.028319785371422768
5175,0.028326893225312233
5176,0.02831907942891121
5177,0.028319336473941803
5178,0.028326403349637985
5179,0.02832123078405857
5180,0.028322195634245872
5181,0.028328251093626022
5182,0.028317904099822044
5183,0.028325796127319336
5184,0.028320081532001495
5185,0.02832835726439953
5186,0.028318580240011215
5187,0.02832351066172123
5188,0.028320634737610817
5189,0.02831997536122799
5190,0.02831697091460228
5191,0.028323400765657425
5192,0.02831883542239666
5193,0.02832040563225746
5194,0.028320007026195526
5195,0.02831849828362465
5196,0.02831996977329254
5197,0.028319677338004112
5198,0.028315706178545952
5199,0.02831442840397358
5200,0.02832159213721752
5201,0.028313033282756805
5202,0.028322996571660042
5203,0.028317641466856003
5204,0.028317291289567947
5205,0.02832341194152832
5206,0.02831452339887619
5207,0.02832156978547573
5208,0.02831902727484703
5209,0.02831733599305153
5210,0.028316956013441086
5211,0.02831883914768696
5212,0.02832019329071045
5213,0.02831694670021534
5214,0.028325889259576797
5215,0.028317084535956383
5216,0.028316326439380646
5217,0.02832668460905552
5218,0.028317764401435852
5219,0.028327470645308495
5220,0.028329793363809586
5221,0.02832244709134102
5222,0.028332088142633438
5223,0.028331028297543526
5224,0.028325548395514488
5225,0.02832053229212761
5226,0.02832958847284317
5227,0.028317416086792946
5228,0.028336668387055397
5229,0.028330639004707336
5230,0.028329558670520782
5231,0.028317470103502274
5232,0.028341205790638924
5233,0.028328150510787964
5234,0.028335418552160263
5235,0.02832866460084915
5236,0.02833392843604088
5237,0.02833157777786255
5238,0.0283315721899271
5239,0.028325363993644714
5240,0.028332263231277466
5241,0.028327200561761856
5242,0.028329534456133842
5243,0.02832430601119995
5244,0.028328875079751015
5245,0.028322597965598106
5246,0.028332697227597237
5247,0.028318241238594055
5248,0.02833697944879532
5249,0.02832464687526226
5250,0.0283382348716259
5251,0.028330618515610695
5252,0.02833612635731697
5253,0.028332574293017387
5254,0.028333349153399467
5255,0.02833082154393196
5256,0.02833372913300991
5257,0.028329486027359962
5258,0.028330542147159576
5259,0.02832709811627865
5260,0.028332235291600227
5261,0.0283296350389719
5262,0.028327252715826035
5263,0.02832210436463356
5264,0.028331903740763664
5265,0.028326017782092094
5266,0.028329573571681976
5267,0.02832236886024475
5268,0.028332535177469254
5269,0.028324667364358902
5270,0.02833409607410431
5271,0.02832597680389881
5272,0.028337612748146057
5273,0.02833361178636551
5274,0.02832866460084915
5275,0.02832905575633049
5276,0.028327884152531624
5277,0.02832767181098461
5278,0.028327617794275284
5279,0.028321677818894386
5280,0.028332196176052094
5281,0.028324641287326813
5282,0.028330998495221138
5283,0.02832549437880516
5284,0.028327805921435356
5285,0.028321372345089912
5286,0.02833387441933155
5287,0.028322013095021248
5288,0.0283412653952837
5289,0.028329990804195404
5290,0.0283366609364748
5291,0.028338957577943802
5292,0.028325065970420837
5293,0.028336890041828156
5294,0.02831857278943062
5295,0.028340427204966545
5296,0.028318636119365692
5297,0.028339169919490814
5298,0.028329072520136833
5299,0.028332702815532684
5300,0.028331387788057327
5301,0.028328098356723785
5302,0.02832660637795925
5303,0.02832987532019615
5304,0.028324421495199203
5305,0.028334032744169235
5306,0.028328068554401398
5307,0.02833029069006443
5308,0.02832646109163761
5309,0.02833142876625061
5310,0.02832992933690548
5311,0.02832498773932457
5312,0.028323521837592125
5313,0.02832736447453499
5314,0.028323503211140633
5315,0.028325967490673065
5316,0.028319885954260826
5317,0.028328850865364075
5318,0.02831791341304779
5319,0.02832907997071743
5320,0.028316743671894073
5321,0.028334807604551315
5322,0.02831745333969593
5323,0.028341712430119514
5324,0.02833293378353119
5325,0.028331847861409187
5326,0.028333257883787155
5327,0.028326231986284256
5328,0.02832530438899994
5329,0.028333313763141632
5330,0.02832483872771263
5331,0.02833487093448639
5332,0.02833123318850994
5333,0.02833142690360546
5334,0.028338175266981125
5335,0.028317507356405258
5336,0.028339238837361336
5337,0.028315573930740356
5338,0.028327016159892082
5339,0.028321608901023865
5340,0.028329111635684967
5341,0.028313567861914635
5342,0.028328808024525642
5343,0.02831445261836052
5344,0.028327807784080505
5345,0.028322605416178703
5346,0.028323344886302948
5347,0.028320226818323135
5348,0.028320519253611565
5349,0.028316207230091095
5350,0.028317948803305626
5351,0.028315957635641098
5352,0.02831788919866085
5353,0.028316503390669823
5354,0.028318066149950027
5355,0.028314147144556046
5356,0.028317766264081
5357,0.02832125686109066
5358,0.02831326238811016
5359,0.028318114578723907
5360,0.028314799070358276
5361,0.02831907570362091
5362,0.02831757254898548
5363,0.02831461653113365
5364,0.0283160712569952
5365,0.028312351554632187
5366,0.02832013927400112
5367,0.028320906683802605
5368,0.028315208852291107
5369,0.02831905707716942
5370,0.02831820398569107
5371,0.0283222459256649
5372,0.02831440605223179
5373,0.02831629291176796
5374,0.028323765844106674
5375,0.028313767164945602
5376,0.028319062665104866
5377,0.028313331305980682
5378,0.02832270972430706
5379,0.028314074501395226
5380,0.028317850083112717
5381,0.028316205367445946
5382,0.028311943635344505
5383,0.02832140401005745
5384,0.028318030759692192
5385,0.02831677533686161
5386,0.02831314317882061
5387,0.02832038886845112
5388,0.028311220929026604
5389,0.02831902913749218
5390,0.028317436575889587
5391,0.02831481583416462
5392,0.028313612565398216
5393,0.028313685208559036
5394,0.028318535536527634
5395,0.02831837721168995
5396,0.028314845636487007
5397,0.028313124552369118
5398,0.02831638976931572
5399,0.02832329086959362
5400,0.02831277810037136
5401,0.028313741087913513
5402,0.028329873457551003
5403,0.028312036767601967
5404,0.028319034725427628
5405,0.02832506224513054
5406,0.028314093127846718
5407,0.028327684849500656
5408,0.0283220075070858
5409,0.028322504833340645
5410,0.028324689716100693
5411,0.028324013575911522
5412,0.02831937000155449
5413,0.02832327038049698
5414,0.028321268036961555
5415,0.02832535281777382
5416,0.028321031481027603
5417,0.028323287144303322
5418,0.02831467054784298
5419,0.028316540643572807
5420,0.02831784263253212
5421,0.02831854857504368
5422,0.028318172320723534
5423,0.02832196094095707
5424,0.028320040553808212
5425,0.028315294533967972
5426,0.02831791527569294
5427,0.028322651982307434
5428,0.02831324189901352
5429,0.028321612626314163
5430,0.028321538120508194
5431,0.028317661955952644
5432,0.02832302637398243
5433,0.02831389382481575
5434,0.0283234603703022
5435,0.02831953763961792
5436,0.02832157351076603
5437,0.02832460030913353
5438,0.02831783890724182
5439,0.02832823246717453
5440,0.028327476233243942
5441,0.028320781886577606
5442,0.028325051069259644
5443,0.02832353301346302
5444,0.028316231444478035
5445,0.02832072600722313
5446,0.02831549383699894
5447,0.028321078047156334
5448,0.028314653784036636
5449,0.028317555785179138
5450,0.02831636182963848
5451,0.028320016339421272
5452,0.02831854671239853
5453,0.02831791341304779
5454,0.028319226577878
5455,0.028313208371400833
5456,0.028318151831626892
5457,0.028313711285591125
5458,0.028320882469415665
5459,0.028312809765338898
5460,0.028322972357273102
5461,0.028315037488937378
5462,0.028321469202637672
5463,0.02831701934337616
5464,0.028315220028162003
5465,0.028318077325820923
5466,0.028316888958215714
5467,0.028319668024778366
5468,0.02831331454217434
5469,0.028330445289611816
5470,0.028317440301179886
5471,0.02832079865038395
5472,0.02832026593387127
5473,0.02831360138952732
5474,0.028330355882644653
5475,0.02831950969994068
5476,0.028329815715551376
5477,0.028329947963356972
5478,0.02832643687725067
5479,0.028323566541075706
5480,0.028329169377684593
5481,0.028316156938672066
5482,0.028332386165857315
5483,0.028330383822321892
5484,0.028321756049990654
5485,0.02832408808171749
5486,0.02832101099193096
5487,0.02832307666540146
5488,0.0283200740814209
5489,0.028317783027887344
5490,0.028317078948020935
5491,0.028317078948020935
5492,0.028328726068139076
5493,0.028319649398326874
5494,0.028331149369478226
5495,0.0283193401992321
5496,0.02833150327205658
5497,0.028321154415607452
5498,0.028327126055955887
5499,0.028322620317339897
5500,0.028318410739302635
5501,0.02832685224711895
5502,0.028315052390098572
5503,0.02832837589085102
5504,0.028313875198364258
5505,0.02832176722586155
5506,0.02832193672657013
5507,0.02831423096358776
5508,0.0283256396651268
5509,0.02831641584634781
5510,0.028317522257566452
5511,0.028316352516412735
5512,0.02832471765577793
5513,0.028312398120760918
5514,0.028316795825958252
5515,0.028318148106336594
5516,0.02831241860985756
5517,0.028322113677859306
5518,0.02831440605223179
5519,0.028317425400018692
5520,0.02831476368010044
5521,0.028314294293522835
5522,0.028321458026766777
5523,0.028316717594861984
5524,0.028317559510469437
5525,0.028315382078289986
5526,0.028314899653196335
5527,0.028316333889961243
5528,0.02831493504345417
5529,0.02831890806555748
5530,0.02831793576478958
5531,0.028315048664808273
5532,0.028316417708992958
5533,0.028320275247097015
5534,0.028319120407104492
5535,0.028317328542470932
5536,0.02831290289759636
5537,0.028329109773039818
5538,0.028313782066106796
5539,0.028316395357251167
5540,0.028324706479907036
5541,0.028314324095845222
5542,0.028332119807600975
5543,0.028321832418441772
5544,0.028324410319328308
5545,0.0283246748149395
5546,0.0283307246863842
5547,0.02831556834280491
5548,0.028326380997896194
5549,0.028322571888566017
5550,0.02832300215959549
5551,0.02833065763115883
5552,0.028327573090791702
5553,0.028317784890532494
5554,0.028324853628873825
5555,0.028317246586084366
5556,0.028323516249656677
5557,0.028325162827968597
5558,0.028314640745520592
5559,0.028324298560619354
5560,0.028318749740719795
5561,0.028320901095867157
5562,0.028323877602815628
5563,0.028317250311374664
5564,0.028322147205471992
5565,0.028318023309111595
5566,0.02831810526549816
5567,0.02831813506782055
5568,0.028316253796219826
5569,0.02832648903131485
5570,0.02831576019525528
5571,0.028326237574219704
5572,0.028330067172646523
5573,0.028324510902166367
5574,0.0283186174929142
5575,0.028326980769634247
5576,0.028312869369983673
5577,0.02831907942891121
5578,0.028314093127846718
5579,0.028318915516138077
5580,0.028314901515841484
5581,0.028319351375102997
5582,0.028316117823123932
5583,0.028318099677562714
5584,0.028316281735897064
5585,0.02831524983048439
5586,0.02831961028277874
5587,0.02831401862204075
5588,0.028318103402853012
5589,0.028316034004092216
5590,0.02831515297293663
5591,0.028314441442489624
5592,0.02832033671438694
5593,0.028313590213656425
5594,0.028314677998423576
5595,0.02831444703042507
5596,0.028315387666225433
5597,0.028315724804997444
5598,0.02831858955323696
5599,0.028316909447312355
5600,0.028313783928751945
5601,0.02831084467470646
5602,0.028316529467701912
5603,0.02831745520234108
5604,0.028314754366874695
5605,0.02831568382680416
5606,0.02832348830997944
5607,0.02831355854868889
5608,0.028313878923654556
5609,0.02831709384918213
5610,0.02831907756626606
5611,0.02832011878490448
5612,0.02831360697746277
5613,0.028312623500823975
5614,0.028313420712947845
5615,0.028314873576164246
5616,0.028316162526607513
5617,0.028312530368566513
5618,0.02831612527370453
5619,0.028315218165516853
5620,0.0283217690885067
5621,0.028316468000411987
5622,0.028314387425780296
5623,0.02831374481320381
5624,0.02831559255719185
5625,0.028326254338026047
5626,0.028314467519521713
5627,0.028326457366347313
5628,0.02832896262407303
5629,0.028319021686911583
5630,0.028331249952316284
5631,0.028322959318757057
5632,0.028330503031611443
5633,0.028319908306002617
5634,0.028335509821772575
5635,0.028322268277406693
5636,0.028335558250546455
5637,0.02832370065152645
5638,0.028339218348264694
5639,0.02833075262606144
5640,0.028335588052868843
5641,0.028330594301223755
5642,0.02833276242017746
5643,0.02833057940006256
5644,0.02833252027630806
5645,0.028328152373433113
5646,0.02833068184554577
5647,0.02832648530602455
5648,0.028330976143479347
5649,0.028328824788331985
5650,0.028325779363512993
5651,0.02832057699561119
5652,0.02832876332104206
5653,0.028321094810962677
5654,0.028326932340860367
5655,0.028320347890257835
5656,0.028329413384199142
5657,0.0283166766166687
5658,0.028333036229014397
5659,0.028321880847215652
5660,0.028330815955996513
5661,0.028317464515566826
5662,0.028332460671663284
5663,0.028321390971541405
5664,0.02833397127687931
5665,0.028324685990810394
5666,0.028331877663731575
5667,0.02832295559346676
5668,0.028329763561487198
5669,0.028319669887423515
5670,0.02832375466823578
5671,0.028319545090198517
5672,0.028316989541053772
5673,0.028326045721769333
5674,0.028314804658293724
5675,0.02832806669175625
5676,0.028318658471107483
5677,0.028321919962763786
5678,0.028320802375674248
5679,0.028319671750068665
5680,0.028318071737885475
5681,0.028325842693448067
5682,0.028316374868154526
5683,0.028325598686933517
5684,0.028318794444203377
5685,0.02832469530403614
5686,0.028318822383880615
5687,0.028323186561465263
5688,0.02832244336605072
5689,0.028316378593444824
5690,0.028319668024778366
5691,0.028316562995314598
5692,0.02831442467868328
5693,0.02831832319498062
5694,0.02831248939037323
5695,0.028316086158156395
5696,0.028314033523201942
5697,0.02831377275288105
5698,0.02832244150340557
5699,0.02831520140171051
5700,0.028317399322986603
5701,0.02831587940454483
5702,0.028317900374531746
5703,0.028326017782092094
5704,0.028314407914876938
5705,0.02831585891544819
5706,0.028324998915195465
5707,0.02831418812274933
5708,0.028320185840129852
5709,0.02832135558128357
5710,0.028317110612988472
5711,0.028318122029304504
5712,0.02832554094493389
5713,0.028314057737588882
5714,0.028325548395514488
5715,0.028316808864474297
5716,0.02831728383898735
5717,0.02832822874188423
5718,0.02831330895423889
5719,0.02832682430744171
5720,0.028321612626314163
5721,0.028325557708740234
5722,0.028323134407401085
5723,0.02831672877073288
5724,0.02832775190472603
5725,0.02832235023379326
5726,0.028321683406829834
5727,0.02832132577896118
5728,0.02832048200070858
5729,0.028317460790276527
5730,0.028321394696831703
5731,0.02831563912332058
5732,0.02832738868892193
5733,0.028316985815763474
5734,0.028324345126748085
5735,0.02833038568496704
5736,0.028326332569122314
5737,0.028316905722022057
5738,0.02832583710551262
5739,0.028316650539636612
5740,0.028318332508206367
5741,0.028318189084529877
5742,0.02831755205988884
5743,0.02831454761326313
5744,0.028313884511590004
5745,0.028322750702500343
5746,0.028316555544734
5747,0.028312228620052338
5748,0.028319435194134712
5749,0.028318386524915695
5750,0.0283163134008646
5751,0.028311464935541153
5752,0.02831393852829933
5753,0.028324943035840988
5754,0.02831600420176983
5755,0.02831600420176983
5756,0.02831825241446495
5757,0.028318634256720543
5758,0.028317727148532867
5759,0.02831457369029522
5760,0.028316201642155647
5761,0.02832965739071369
5762,0.028315307572484016
5763,0.028322430327534676
5764,0.028320303186774254
5765,0.028316959738731384
5766,0.02832866832613945
5767,0.028321020305156708
5768,0.028321517631411552
5769,0.02832246758043766
5770,0.028320755809545517
5771,0.028327226638793945
5772,0.028317712247371674
5773,0.02832704409956932
5774,0.028319964185357094
5775,0.02832048200070858
5776,0.028318792581558228
5777,0.028319725766777992
5778,0.028314707800745964
5779,0.028320642188191414
5780,0.028317170217633247
5781,0.02831842377781868
5782,0.028319647535681725
5783,0.028316764160990715
5784,0.028324788436293602
5785,0.02831975743174553
5786,0.028316712006926537
5787,0.028322018682956696
5788,0.02831464447081089
5789,0.02831968292593956
5790,0.028313683345913887
5791,0.02832414023578167
5792,0.028323030099272728
5793,0.02831500954926014
5794,0.02832554467022419
5795,0.02831437438726425
5796,0.02831849455833435
5797,0.028319625183939934
5798,0.028316009789705276
5799,0.028321105986833572
5800,0.028312718495726585
5801,0.028316229581832886
5802,0.02831679955124855
5803,0.02831580676138401
5804,0.02831972949206829
5805,0.028315644711256027
5806,0.028318241238594055
5807,0.02832033671438694
5808,0.028320331126451492
5809,0.028317276388406754
5810,0.02831602282822132
5811,0.028318557888269424
5812,0.028316738083958626
5813,0.028316596522927284
5814,0.02831663005053997
5815,0.02831549011170864
5816,0.02831377647817135
5817,0.028320588171482086
5818,0.028322558850049973
5819,0.028317462652921677
5820,0.028322789818048477
5821,0.028320834040641785
5822,0.02831495925784111
5823,0.028331639245152473
5824,0.028322771191596985
5825,0.028328070417046547
5826,0.02831197716295719
5827,0.02833303064107895
5828,0.028314143419265747
5829,0.028326230123639107
5830,0.028319310396909714
5831,0.028323335573077202
5832,0.028321193531155586
5833,0.028325241059064865
5834,0.028317034244537354
5835,0.028333500027656555
5836,0.028323976323008537
5837,0.028325211256742477
5838,0.028325866907835007
5839,0.028321336954832077
5840,0.028328049927949905
5841,0.028317535296082497
5842,0.028335532173514366
5843,0.028324956074357033
5844,0.02832907810807228
5845,0.028327731415629387
5846,0.02832546830177307
5847,0.02832420915365219
5848,0.02832198515534401
5849,0.02832351252436638
5850,0.02831912972033024
5851,0.02832738868892193
5852,0.028320083394646645
5853,0.028325675055384636
5854,0.02832547388970852
5855,0.028317466378211975
5856,0.02832791768014431
5857,0.02831273339688778
5858,0.02833188697695732
5859,0.028320681303739548
5860,0.028328588232398033
5861,0.02831958793103695
5862,0.028326820582151413
5863,0.028327740728855133
5864,0.028318462893366814
5865,0.02832704596221447
5866,0.028314176946878433
5867,0.028322717174887657
5868,0.028319252654910088
5869,0.02832089364528656
5870,0.028316721320152283
5871,0.028323614969849586
5872,0.028315627947449684
5873,0.02831798419356346
5874,0.02831287495791912
5875,0.028317313641309738
5876,0.028323957696557045
5877,0.02831999771296978
5878,0.02831883169710636
5879,0.028322694823145866
5880,0.028318334370851517
5881,0.02832118235528469
5882,0.02832215651869774
5883,0.02831893414258957
5884,0.02832811512053013
5885,0.028322845697402954
5886,0.02832355536520481
5887,0.02832815609872341
5888,0.028321733698248863
5889,0.0283188633620739
5890,0.028322869911789894
5891,0.028315728530287743
5892,0.02831859327852726
5893,0.028315693140029907
5894,0.028322217985987663
5895,0.028314992785453796
5896,0.028324339538812637
5897,0.02832242287695408
5898,0.02831943891942501
5899,0.028331007808446884
5900,0.028323069214820862
5901,0.028323039412498474
5902,0.02832515724003315
5903,0.02832813374698162
5904,0.028313221409916878
5905,0.028324902057647705
5906,0.028317442163825035
5907,0.028317490592598915
5908,0.028316952288150787
5909,0.02831803448498249
5910,0.028323417529463768
5911,0.028315585106611252
5912,0.028321778401732445
5913,0.028321953490376472
5914,0.02831992879509926
5915,0.02832273580133915
5916,0.028322657570242882
5917,0.028319215402007103
5918,0.028322091326117516
5919,0.028315657749772072
5920,0.028322815895080566
5921,0.02831968292593956
5922,0.02832033857703209
5923,0.02832728810608387
5924,0.028318407014012337
5925,0.02832566387951374
5926,0.028324183076620102
5927,0.028319645673036575
5928,0.028322283178567886
5929,0.028320539742708206
5930,0.028317542746663094
5931,0.028319021686911583
5932,0.02831999957561493
5933,0.028319861739873886
5934,0.02831823006272316
5935,0.028320828452706337
5936,0.028320420533418655
5937,0.028315553441643715
5938,0.02832142822444439
5939,0.028313877061009407
5940,0.028322389349341393
5941,0.02831675112247467
5942,0.028315884992480278
5943,0.02832052856683731
5944,0.028316617012023926
5945,0.02832094021141529
5946,0.028314601629972458
5947,0.028315525501966476
5948,0.02831776812672615
5949,0.028316503390669823
5950,0.02832043543457985
5951,0.028315214440226555
5952,0.028318436816334724
5953,0.028321046382188797
5954,0.028314916417002678
5955,0.028318267315626144
5956,0.02831355296075344
5957,0.028314366936683655
5958,0.02831844799220562
5959,0.0283208005130291
5960,0.028316324576735497
5961,0.028318926692008972
5962,0.02831875905394554
5963,0.028316957876086235
5964,0.02831544540822506
5965,0.028320621699094772
5966,0.028324926272034645
5967,0.028315261006355286
5968,0.02832050621509552
5969,0.028326857835054398
5970,0.02831633761525154
5971,0.02832924947142601
5972,0.028325621038675308
5973,0.028322802856564522
5974,0.028322093188762665
5975,0.028327351436018944
5976,0.02831987291574478
5977,0.028317471966147423
5978,0.02832329086959362
5979,0.028316516429185867
5980,0.028317566961050034
5981,0.028322894126176834
5982,0.02831609547138214
5983,0.028314581140875816
5984,0.028323546051979065
5985,0.028315244242548943
5986,0.028313197195529938
5987,0.028314173221588135
5988,0.028319399803876877
5989,0.028319774195551872
5990,0.028315013274550438
5991,0.028311679139733315
5992,0.02831403911113739
5993,0.028330447152256966
5994,0.028311941772699356
5995,0.028319399803876877
5996,0.02832578867673874
5997,0.02831329219043255
5998,0.028328504413366318
5999,0.028323937207460403
6000,0.028322819620370865
6001,0.02832477167248726
6002,0.028321318328380585
6003,0.028318803757429123
6004,0.028314249590039253
6005,0.028318649157881737
6006,0.028315814211964607
6007,0.028311749920248985
6008,0.028314461931586266
6009,0.028314722701907158
6010,0.02831309102475643
6011,0.028311442583799362
6012,0.02831246517598629
6013,0.028311962261795998
6014,0.028312114998698235
6015,0.02831207774579525
6016,0.028310630470514297
6017,0.028310487046837807
6018,0.0283117163926363
6019,0.028311781585216522
6020,0.028310615569353104
6021,0.02830997295677662
6022,0.02831103466451168
6023,0.02831077389419079
6024,0.02831037901341915
6025,0.02831036038696766
6026,0.02830997295677662
6027,0.028310509398579597
6028,0.02831035479903221
6029,0.02830977737903595
6030,0.02831011638045311
6031,0.02831016294658184
6032,0.028309866786003113
6033,0.028309844434261322
6034,0.02830987051129341
6035,0.028309844434261322
6036,0.028309863060712814
6037,0.028309686109423637
6038,0.02830975130200386
6039,0.028309768065810204
6040,0.028309566900134087
6041,0.02830970101058483
6042,0.028309645131230354
6043,0.028309619054198265
6044,0.02830955758690834
6045,0.02830956131219864
6046,0.028309613466262817
6047,0.028309481218457222
6048,0.028309479355812073
6049,0.0283095370978117
6050,0.02830946072936058
6051,0.02830943651497364
6052,0.028309432789683342
6053,0.028309468179941177
6054,0.028309369459748268
6055,0.028309401124715805
6056,0.028309404850006104
6057,0.028309352695941925
6058,0.028309358283877373
6059,0.028309352695941925
6060,0.028309345245361328
6061,0.028309306129813194
6062,0.028309328481554985
6063,0.028309300541877747
6064,0.028309296816587448
6065,0.028309281915426254
6066,0.028309278190135956
6067,0.028309255838394165
6068,0.028309261426329613
6069,0.02830924093723297
6070,0.02830924279987812
6071,0.028309233486652374
6072,0.02830922044813633
6073,0.02830921672284603
6074,0.028309212997555733
6075,0.02830919250845909
6076,0.028309199959039688
6077,0.028309186920523643
6078,0.028309185057878494
6079,0.028309179469943047
6080,0.02830916829407215
6081,0.028309164568781853
6082,0.028309158980846405
6083,0.02830914966762066
6084,0.02830914407968521
6085,0.028309140354394913
6086,0.028309134766459465
6087,0.028309131041169167
6088,0.02830912359058857
6089,0.028309118002653122
6090,0.028309112414717674
6091,0.028309106826782227
6092,0.028309103101491928
6093,0.02830909751355648
6094,0.028309093788266182
6095,0.028309086337685585
6096,0.028309082612395287
6097,0.028309078887104988
6098,0.02830907329916954
6099,0.028309069573879242
6100,0.028309062123298645
6101,0.028309060260653496
6102,0.028309058398008347
6103,0.0283090490847826
6104,0.028309045359492302
6105,0.028309039771556854
6106,0.028309039771556854
6107,0.028309037908911705
6108,0.028309036046266556
6109,0.028309030458331108
6110,0.028309032320976257
6111,0.028309043496847153
6112,0.028309065848588943
6113,0.028309131041169167
6114,0.0283091701567173
6115,0.028309140354394913
6116,0.028309045359492302
6117,0.02830900065600872
6118,0.028309065848588943
6119,0.028309201821684837
6120,0.028309201821684837
6121,0.028309036046266556
6122,0.02830902487039566
6123,0.028309134766459465
6124,0.02830912172794342
6125,0.028309019282460213
6126,0.028308965265750885
6127,0.028309013694524765
6128,0.028309054672718048
6129,0.02830902300775051
6130,0.028308959677815437
6131,0.028308961540460587
6132,0.028309013694524765
6133,0.028309065848588943
6134,0.028309021145105362
6135,0.028308948501944542
6136,0.02830895222723484
6137,0.028309008106589317
6138,0.028309054672718048
6139,0.028309017419815063
6140,0.028308946639299393
6141,0.028308944776654243
6142,0.028308995068073273
6143,0.02830904722213745
6144,0.02830897830426693
6145,0.02830890566110611
6146,0.02830895408987999
6147,0.028308985754847527
6148,0.02830897644162178
6149,0.02830890379846096
6150,0.02830890752375126
6151,0.028308942914009094
6152,0.028308970853686333
6153,0.02830892987549305
6154,0.028308890759944916
6155,0.028308896347880363
6156,0.028308933600783348
6157,0.028308957815170288
6158,0.028308916836977005
6159,0.028308885172009468
6160,0.028308864682912827
6161,0.028308909386396408
6162,0.02830892615020275
6163,0.028308922424912453
6164,0.028308890759944916
6165,0.028308862820267677
6166,0.028308875858783722
6167,0.0283089280128479
6168,0.028308963403105736
6169,0.028308944776654243
6170,0.028308875858783722
6171,0.02830885723233223
6172,0.028308918699622154
6173,0.028308985754847527
6174,0.02830892987549305
6175,0.02830885723233223
6176,0.028308872133493423
6177,0.028308913111686707
6178,0.028308961540460587
6179,0.028308862820267677
6180,0.02830883488059044
6181,0.028308847919106483
6182,0.028308898210525513
6183,0.028308896347880363
6184,0.028308851644396782
6185,0.028308816254138947
6186,0.02830880880355835
6187,0.0283088106662035
6188,0.028308827430009842
6189,0.028308846056461334
6190,0.028308851644396782
6191,0.02830883488059044
6192,0.028308799490332603
6193,0.028308795765042305
6194,0.028308812528848648
6195,0.028308844193816185
6196,0.02830888144671917
6197,0.028308862820267677
6198,0.028308792039752007
6199,0.028308797627687454
6200,0.028308911249041557
6201,0.028309164568781853
6202,0.028309110552072525
6203,0.02830890566110611
6204,0.028309226036071777
6205,0.02830921858549118
6206,0.028309017419815063
6207,0.028309021145105362
6208,0.02830907143652439
6209,0.028308801352977753
6210,0.028308959677815437
6211,0.028309142217040062
6212,0.028308909386396408
6213,0.028308909386396408
6214,0.028308946639299393
6215,0.02830878645181656
6216,0.028308894485235214
6217,0.028308941051363945
6218,0.028309186920523643
6219,0.02830914780497551
6220,0.028308844193816185
6221,0.028308892622590065
6222,0.028309430927038193
6223,0.028310053050518036
6224,0.028309311717748642
6225,0.028309402987360954
6226,0.028310047462582588
6227,0.028309106826782227
6228,0.02830907329916954
6229,0.028309479355812073
6230,0.02830963023006916
6231,0.028309183195233345
6232,0.028309347108006477
6233,0.028309041634202003
6234,0.028309224173426628
6235,0.02830916829407215
6236,0.02830960415303707
6237,0.02830907143652439
6238,0.02830948494374752
6239,0.028309643268585205
6240,0.028309212997555733
6241,0.02830933965742588
6242,0.028309132903814316
6243,0.028309393674135208
6244,0.02830914780497551
6245,0.028309542685747147
6246,0.028309207409620285
6247,0.028309158980846405
6248,0.028309853747487068
6249,0.028309078887104988
6250,0.02830907702445984
6251,0.02830914407968521
6252,0.028308948501944542
6253,0.028308933600783348
6254,0.028309250250458717
6255,0.02830902300775051
6256,0.028308814391493797
6257,0.028309402987360954
6258,0.02830914780497551
6259,0.02830900251865387
6260,0.02830907516181469
6261,0.028309127315878868
6262,0.028308825567364693
6263,0.02830892615020275
6264,0.028308970853686333
6265,0.028308754786849022
6266,0.028309034183621407
6267,0.028309205546975136
6268,0.028309090062975883
6269,0.028308870270848274
6270,0.0283094123005867
6271,0.028308933600783348
6272,0.02830900438129902
6273,0.028309116140007973
6274,0.028308726847171783
6275,0.028309131041169167
6276,0.028309281915426254
6277,0.028309263288974762
6278,0.02830895222723484
6279,0.028309442102909088
6280,0.028309060260653496
6281,0.02830911986529827
6282,0.028309285640716553
6283,0.028308793902397156
6284,0.028309592977166176
6285,0.028309009969234467
6286,0.028309131041169167
6287,0.028309011831879616
6288,0.028309017419815063
6289,0.028309227898716927
6290,0.028308918699622154
6291,0.028309157118201256
6292,0.028308821842074394
6293,0.028309110552072525
6294,0.028308846056461334
6295,0.028309164568781853
6296,0.02830883115530014
6297,0.028309118002653122
6298,0.028309285640716553
6299,0.02830890379846096
6300,0.02830912172794342
6301,0.0283088069409132
6302,0.028309088200330734
6303,0.028309136629104614
6304,0.028309408575296402
6305,0.028308922424912453
6306,0.02830946445465088
6307,0.028309335932135582
6308,0.028308801352977753
6309,0.0283091701567173
6310,0.028308767825365067
6311,0.028309043496847153
6312,0.028309185057878494
6313,0.028309114277362823
6314,0.028308911249041557
6315,0.02830910123884678
6316,0.028309129178524017
6317,0.028308803215622902
6318,0.028308967128396034
6319,0.028308752924203873
6320,0.028308898210525513
6321,0.02830878458917141
6322,0.028308972716331482
6323,0.0283088069409132
6324,0.028308819979429245
6325,0.02830912172794342
6326,0.028309021145105362
6327,0.02830895036458969
6328,0.02830882929265499
6329,0.028308995068073273
6330,0.02830875851213932
6331,0.02830890193581581
6332,0.028308898210525513
6333,0.028308724984526634
6334,0.02830902673304081
6335,0.028309041634202003
6336,0.028308935463428497
6337,0.028308816254138947
6338,0.028309118002653122
6339,0.028308836743235588
6340,0.02830878458917141
6341,0.02830892615020275
6342,0.028308680281043053
6343,0.028308885172009468
6344,0.028308888897299767
6345,0.028308967128396034
6346,0.028308717533946037
6347,0.028308989480137825
6348,0.028308968991041183
6349,0.028308870270848274
6350,0.028308961540460587
6351,0.028308702632784843
6352,0.02830895222723484
6353,0.028308693319559097
6354,0.0283089280128479
6355,0.028308741748332977
6356,0.02830875851213932
6357,0.02830904722213745
6358,0.02830907702445984
6359,0.028309008106589317
6360,0.0283088069409132
6361,0.028309086337685585
6362,0.02830876037478447
6363,0.028308873996138573
6364,0.02830890566110611
6365,0.02830868773162365
6366,0.028309118002653122
6367,0.02830909565091133
6368,0.028309013694524765
6369,0.028308851644396782
6370,0.028309205546975136
6371,0.028309037908911705
6372,0.028308866545557976
6373,0.028309104964137077
6374,0.02830871008336544
6375,0.02830907143652439
6376,0.028309006243944168
6377,0.028309090062975883
6378,0.028308816254138947
6379,0.028309153392910957
6380,0.028309142217040062
6381,0.028308799490332603
6382,0.02830902300775051
6383,0.028308726847171783
6384,0.0283089280128479
6385,0.02830888330936432
6386,0.028308968991041183
6387,0.02830875664949417
6388,0.02830895595252514
6389,0.028309110552072525
6390,0.028308836743235588
6391,0.028308888897299767
6392,0.028308739885687828
6393,0.028308864682912827
6394,0.028308657929301262
6395,0.0283088106662035
6396,0.02830873802304268
6397,0.02830866165459156
6398,0.02830888330936432
6399,0.028308944776654243
6400,0.028308939188718796
6401,0.028308704495429993
6402,0.02830910123884678
6403,0.02830887958407402
6404,0.02830883115530014
6405,0.028308985754847527
6406,0.028308650478720665
6407,0.028308961540460587
6408,0.028308913111686707
6409,0.0283091738820076
6410,0.028308747336268425
6411,0.028309181332588196
6412,0.028309354558587074
6413,0.028308777138590813
6414,0.028309086337685585
6415,0.028308790177106857
6416,0.028308911249041557
6417,0.028309127315878868
6418,0.02830914966762066
6419,0.02830883115530014
6420,0.02830922231078148
6421,0.028309296816587448
6422,0.028308691456913948
6423,0.028308968991041183
6424,0.028308890759944916
6425,0.0283086895942688
6426,0.0283090490847826
6427,0.028309013694524765
6428,0.028308747336268425
6429,0.02830907143652439
6430,0.028309162706136703
6431,0.02830875664949417
6432,0.028308887034654617
6433,0.028308873996138573
6434,0.028308672830462456
6435,0.028308788314461708
6436,0.02830885350704193
6437,0.028308652341365814
6438,0.02830880507826805
6439,0.028308937326073647
6440,0.028308702632784843
6441,0.028308790177106857
6442,0.0283088069409132
6443,0.028308643028140068
6444,0.02830876223742962
6445,0.028308866545557976
6446,0.028308674693107605
6447,0.028308719396591187
6448,0.028308765962719917
6449,0.028308605775237083
6450,0.028308764100074768
6451,0.028308812528848648
6452,0.028308719396591187
6453,0.02830870822072029
6454,0.028308728709816933
6455,0.028308600187301636
6456,0.028308739885687828
6457,0.028308752924203873
6458,0.028308730572462082
6459,0.02830875851213932
6460,0.02830876223742962
6461,0.028308631852269173
6462,0.028308672830462456
6463,0.02830871008336544
6464,0.028308719396591187
6465,0.028308678418397903
6466,0.028308646753430367
6467,0.028308682143688202
6468,0.028308706358075142
6469,0.028308667242527008
6470,0.028308600187301636
6471,0.028308633714914322
6472,0.028308624401688576
6473,0.028308626264333725
6474,0.02830863557755947
6475,0.028308648616075516
6476,0.028308656066656113
6477,0.028308600187301636
6478,0.028308633714914322
6479,0.028308652341365814
6480,0.028308607637882233
6481,0.028308598324656487
6482,0.02830864116549492
6483,0.028308598324656487
6484,0.028308581560850143
6485,0.02830861695110798
6486,0.028308622539043427
6487,0.028308585286140442
6488,0.028308594599366188
6489,0.028308603912591934
6490,0.02830858901143074
6491,0.028308572247624397
6492,0.028308570384979248
6493,0.028308575972914696
6494,0.0283085685223341
6495,0.02830856665968895
6496,0.028308561071753502
6497,0.028308572247624397
6498,0.028308572247624397
6499,0.028308561071753502
6500,0.02830856665968895
6501,0.028308577835559845
6502,0.028308579698204994
6503,0.02830856293439865
6504,0.0283085685223341
6505,0.028308577835559845
6506,0.028308594599366188
6507,0.02830858714878559
6508,0.028308579698204994
6509,0.028308596462011337
6510,0.028308581560850143
6511,0.02830856665968895
6512,0.028308557346463203
6513,0.02830856665968895
6514,0.0283085647970438
6515,0.0283085647970438
6516,0.0283085647970438
6517,0.028308581560850143
6518,0.02830858714878559
6519,0.028308594599366188
6520,0.02830858901143074
6521,0.02830859273672104
6522,0.02830859273672104
6523,0.02830859087407589
6524,0.028308577835559845
6525,0.028308577835559845
6526,0.028308577835559845
6527,0.028308575972914696
6528,0.02830856665968895
6529,0.0283085685223341
6530,0.028308572247624397
6531,0.028308585286140442
6532,0.02830858901143074
6533,0.02830859273672104
6534,0.028308607637882233
6535,0.028308618813753128
6536,0.028308600187301636
6537,0.028308577835559845
6538,0.02830856665968895
6539,0.028308559209108353
6540,0.028308561071753502
6541,0.028308549895882607
6542,0.028308553621172905
6543,0.028308555483818054
6544,0.028308559209108353
6545,0.028308570384979248
6546,0.028308581560850143
6547,0.02830861508846283
6548,0.02830861695110798
6549,0.02830858901143074
6550,0.028308603912591934
6551,0.02830861695110798
6552,0.028308628126978874
6553,0.02830856293439865
6554,0.028308581560850143
6555,0.028308551758527756
6556,0.028308574110269547
6557,0.028308549895882607
6558,0.02830856293439865
6559,0.0283085647970438
6560,0.028308581560850143
6561,0.028308570384979248
6562,0.02830859273672104
6563,0.028308629989624023
6564,0.028308657929301262
6565,0.02830858901143074
6566,0.028308618813753128
6567,0.028308620676398277
6568,0.028308667242527008
6569,0.028308559209108353
6570,0.02830861322581768
6571,0.028308577835559845
6572,0.02830863930284977
6573,0.0283085647970438
6574,0.02830863557755947
6575,0.028308648616075516
6576,0.02830873616039753
6577,0.028308600187301636
6578,0.028308678418397903
6579,0.028308717533946037
6580,0.028308797627687454
6581,0.028308583423495293
6582,0.028308646753430367
6583,0.028308572247624397
6584,0.028308643028140068
6585,0.02830854430794716
6586,0.028308585286140442
6587,0.02830856293439865
6588,0.02830861508846283
6589,0.028308618813753128
6590,0.028308704495429993
6591,0.02830883488059044
6592,0.02830878086388111
6593,0.028308602049946785
6594,0.02830865979194641
6595,0.028308814391493797
6596,0.02830885536968708
6597,0.028308596462011337
6598,0.0283088069409132
6599,0.028309378772974014
6600,0.028308961540460587
6601,0.028308672830462456
6602,0.028308959677815437
6603,0.02830902673304081
6604,0.028309278190135956
6605,0.02830890752375126
6606,0.028309045359492302
6607,0.028309375047683716
6608,0.028309477493166924
6609,0.0283090528100729
6610,0.0283090528100729
6611,0.02831023372709751
6612,0.028308937326073647
6613,0.028308818116784096
6614,0.02830907329916954
6615,0.028308752924203873
6616,0.028308648616075516
6617,0.028308650478720665
6618,0.02830895595252514
6619,0.028308801352977753
6620,0.028308570384979248
6621,0.028308739885687828
6622,0.028309118002653122
6623,0.02830885723233223
6624,0.028308626264333725
6625,0.028308726847171783
6626,0.028308788314461708
6627,0.028308939188718796
6628,0.028308749198913574
6629,0.028308598324656487
6630,0.028308728709816933
6631,0.02830892987549305
6632,0.028308996930718422
6633,0.028308618813753128
6634,0.02830882929265499
6635,0.028309328481554985
6636,0.028309321030974388
6637,0.028308633714914322
6638,0.028309425339102745
6639,0.028310013934969902
6640,0.028308715671300888
6641,0.028309309855103493
6642,0.028309177607297897
6643,0.028308691456913948
6644,0.02830970473587513
6645,0.028309622779488564
6646,0.02830900251865387
6647,0.02830962836742401
6648,0.02830960787832737
6649,0.028308847919106483
6650,0.028309006243944168
6651,0.02830948308110237
6652,0.028309067711234093
6653,0.028308922424912453
6654,0.02830970659852028
6655,0.028309054672718048
6656,0.02830890566110611
6657,0.028309466317296028
6658,0.028308812528848648
6659,0.02830890566110611
6660,0.028309442102909088
6661,0.028309106826782227
6662,0.02830900438129902
6663,0.028309185057878494
6664,0.02830907143652439
6665,0.028308726847171783
6666,0.028308775275945663
6667,0.028308836743235588
6668,0.028308801352977753
6669,0.028308777138590813
6670,0.028308948501944542
6671,0.028308777138590813
6672,0.028308594599366188
6673,0.028308914974331856
6674,0.028308898210525513
6675,0.028308695182204247
6676,0.028308672830462456
6677,0.02830885350704193
6678,0.02830873429775238
6679,0.028308572247624397
6680,0.028308570384979248
6681,0.02830876037478447
6682,0.028308719396591187
6683,0.028308680281043053
6684,0.028308579698204994
6685,0.02830866351723671
6686,0.02830873616039753
6687,0.028308646753430367
6688,0.028308555483818054
6689,0.028308656066656113
6690,0.02830885536968708
6691,0.028308913111686707
6692,0.028308739885687828
6693,0.028308667242527008
6694,0.02830890379846096
6695,0.028308609500527382
6696,0.028308667242527008
6697,0.02830859273672104
6698,0.02830868773162365
6699,0.028308609500527382
6700,0.028308579698204994
6701,0.028308510780334473
6702,0.02830863557755947
6703,0.02830868400633335
6704,0.028308721259236336
6705,0.028308534994721413
6706,0.02830866351723671
6707,0.02830892615020275
6708,0.028308754786849022
6709,0.0283085685223341
6710,0.02830868773162365
6711,0.028308773413300514
6712,0.028308892622590065
6713,0.028308741748332977
6714,0.028308600187301636
6715,0.028309015557169914
6716,0.028308752924203873
6717,0.028308719396591187
6718,0.028308678418397903
6719,0.028308862820267677
6720,0.02830880880355835
6721,0.02830865979194641
6722,0.028308577835559845
6723,0.028308948501944542
6724,0.028308860957622528
6725,0.028308847919106483
6726,0.028308799490332603
6727,0.028308751061558723
6728,0.0283088069409132
6729,0.028308548033237457
6730,0.028308670967817307
6731,0.028308600187301636
6732,0.02830863557755947
6733,0.028308555483818054
6734,0.02830856665968895
6735,0.028308529406785965
6736,0.028308631852269173
6737,0.028308596462011337
6738,0.028308561071753502
6739,0.02830849587917328
6740,0.028308628126978874
6741,0.028308646753430367
6742,0.02830866537988186
6743,0.02830856293439865
6744,0.02830859087407589
6745,0.028308536857366562
6746,0.028308559209108353
6747,0.028308507055044174
6748,0.028308596462011337
6749,0.02830856293439865
6750,0.028308531269431114
6751,0.028308507055044174
6752,0.028308561071753502
6753,0.02830863930284977
6754,0.028308603912591934
6755,0.028308488428592682
6756,0.028308533132076263
6757,0.02830859087407589
6758,0.028308693319559097
6759,0.028308570384979248
6760,0.028308510780334473
6761,0.02830853872001171
6762,0.028308674693107605
6763,0.02830866165459156
6764,0.028308551758527756
6765,0.02830854058265686
6766,0.028308531269431114
6767,0.028308585286140442
6768,0.02830863744020462
6769,0.028308678418397903
6770,0.028308618813753128
6771,0.028308525681495667
6772,0.028308674693107605
6773,0.028308812528848648
6774,0.028308622539043427
6775,0.028308549895882607
6776,0.02830859087407589
6777,0.02830851450562477
6778,0.028308549895882607
6779,0.028308499604463577
6780,0.028308533132076263
6781,0.028308531269431114
6782,0.02830849029123783
6783,0.028308480978012085
6784,0.028308536857366562
6785,0.028308622539043427
6786,0.028308698907494545
6787,0.028308499604463577
6788,0.028308585286140442
6789,0.028308851644396782
6790,0.028308944776654243
6791,0.028308674693107605
6792,0.028308743610978127
6793,0.028308814391493797
6794,0.028308982029557228
6795,0.028308836743235588
6796,0.028308570384979248
6797,0.028309032320976257
6798,0.028309054672718048
6799,0.028308844193816185
6800,0.028308652341365814
6801,0.02830943837761879
6802,0.028309399262070656
6803,0.02830888330936432
6804,0.028309263288974762
6805,0.02830892615020275
6806,0.028308792039752007
6807,0.02830933779478073
6808,0.02830987051129341
6809,0.02830890379846096
6810,0.028310131281614304
6811,0.028309451416134834
6812,0.028308790177106857
6813,0.02830951102077961
6814,0.028308747336268425
6815,0.02830924466252327
6816,0.02830997109413147
6817,0.028308765962719917
6818,0.02830912359058857
6819,0.028309298679232597
6820,0.028308657929301262
6821,0.02830858714878559
6822,0.02830883488059044
6823,0.028308600187301636
6824,0.028308575972914696
6825,0.028308745473623276
6826,0.028308896347880363
6827,0.02830861136317253
6828,0.028308609500527382
6829,0.02830907516181469
6830,0.02830926515161991
6831,0.028308866545557976
6832,0.028308885172009468
6833,0.028309235349297523
6834,0.02830861136317253
6835,0.02830888330936432
6836,0.028308885172009468
6837,0.028308508917689323
6838,0.028309116140007973
6839,0.02830902487039566
6840,0.0283089280128479
6841,0.02830883115530014
6842,0.0283090528100729
6843,0.028308823704719543
6844,0.02830890566110611
6845,0.028308989480137825
6846,0.028308648616075516
6847,0.028309067711234093
6848,0.028308972716331482
6849,0.028308972716331482
6850,0.0283086858689785
6851,0.028309158980846405
6852,0.028308896347880363
6853,0.028308818116784096
6854,0.028308942914009094
6855,0.028308579698204994
6856,0.02830898016691208
6857,0.02830888330936432
6858,0.02830890379846096
6859,0.02830863557755947
6860,0.028308987617492676
6861,0.02830873802304268
6862,0.028308775275945663
6863,0.02830885909497738
6864,0.028308603912591934
6865,0.028308788314461708
6866,0.028308801352977753
6867,0.028308816254138947
6868,0.02830861695110798
6869,0.028308792039752007
6870,0.028308633714914322
6871,0.028308629989624023
6872,0.028308577835559845
6873,0.028308667242527008
6874,0.02830868400633335
6875,0.028308678418397903
6876,0.02830854244530201
6877,0.028308741748332977
6878,0.02830880507826805
6879,0.02830878458917141
6880,0.028308691456913948
6881,0.028308674693107605
6882,0.028308948501944542
6883,0.02830859273672104
6884,0.028308607637882233
6885,0.028308585286140442
6886,0.028308644890785217
6887,0.028308525681495667
6888,0.028308510780334473
6889,0.028308525681495667
6890,0.028308555483818054
6891,0.028308585286140442
6892,0.02830851636826992
6893,0.02830849029123783
6894,0.02830851636826992
6895,0.028308618813753128
6896,0.028308596462011337
6897,0.028308512642979622
6898,0.02830846980214119
6899,0.028308631852269173
6900,0.028308797627687454
6901,0.028308702632784843
6902,0.028308503329753876
6903,0.028308875858783722
6904,0.028308749198913574
6905,0.028308752924203873
6906,0.02830863557755947
6907,0.028308779001235962
6908,0.02830878645181656
6909,0.02830851823091507
6910,0.028308521956205368
6911,0.028308702632784843
6912,0.028308799490332603
6913,0.028308747336268425
6914,0.028308650478720665
6915,0.02830861136317253
6916,0.02830882929265499
6917,0.028308570384979248
6918,0.028308628126978874
6919,0.028308546170592308
6920,0.02830863930284977
6921,0.028308698907494545
6922,0.028308626264333725
6923,0.028308501467108727
6924,0.028308603912591934
6925,0.028308583423495293
6926,0.02830856293439865
6927,0.028308479115366936
6928,0.028308473527431488
6929,0.028308486565947533
6930,0.028308497741818428
6931,0.028308477252721786
6932,0.02830846980214119
6933,0.028308456763625145
6934,0.028308464214205742
6935,0.028308453038334846
6936,0.02830846607685089
6937,0.028308479115366936
6938,0.028308512642979622
6939,0.028308473527431488
6940,0.028308451175689697
6941,0.02830852009356022
6942,0.028308602049946785
6943,0.02830854058265686
6944,0.028308473527431488
6945,0.028308656066656113
6946,0.028308812528848648
6947,0.02830866351723671
6948,0.02830847166478634
6949,0.028308875858783722
6950,0.028309157118201256
6951,0.02830895036458969
6952,0.028308646753430367
6953,0.028309516608715057
6954,0.02830902487039566
6955,0.028308795765042305
6956,0.028309037908911705
6957,0.028308512642979622
6958,0.0283091738820076
6959,0.028309129178524017
6960,0.028309304267168045
6961,0.028308803215622902
6962,0.028309525921940804
6963,0.02830936387181282
6964,0.028308745473623276
6965,0.028309235349297523
6966,0.02830868400633335
6967,0.028309291228652
6968,0.028309090062975883
6969,0.028308888897299767
6970,0.028308825567364693
6971,0.028309032320976257
6972,0.028309132903814316
6973,0.028308553621172905
6974,0.02830880507826805
6975,0.02830863744020462
6976,0.02830868773162365
6977,0.028309041634202003
6978,0.028309188783168793
6979,0.02830863744020462
6980,0.02830934152007103
6981,0.028309203684329987
6982,0.02830859273672104
6983,0.02830907329916954
6984,0.028308624401688576
6985,0.028308946639299393
6986,0.028309496119618416
6987,0.028309140354394913
6988,0.02830897644162178
6989,0.02830950729548931
6990,0.028308965265750885
6991,0.02830871194601059
6992,0.028308995068073273
6993,0.028308579698204994
6994,0.028309248387813568
6995,0.02830885909497738
6996,0.028308602049946785
6997,0.028308691456913948
6998,0.028308741748332977
6999,0.028308600187301636
7000,0.028308480978012085
7001,0.028308583423495293
7002,0.02830846607685089
7003,0.028308521956205368
7004,0.02830846793949604
7005,0.028308579698204994
7006,0.028308503329753876
7007,0.028308529406785965
7008,0.02830849215388298
7009,0.02830854244530201
7010,0.028308499604463577
7011,0.028308529406785965
7012,0.028308546170592308
7013,0.028308585286140442
7014,0.028308480978012085
7015,0.028308505192399025
7016,0.02830861322581768
7017,0.02830866537988186
7018,0.02830851823091507
7019,0.02830854244530201
7020,0.02830866537988186
7021,0.02830856665968895
7022,0.028308555483818054
7023,0.028308533132076263
7024,0.028308650478720665
7025,0.02830854430794716
7026,0.028308536857366562
7027,0.028308534994721413
7028,0.028308646753430367
7029,0.028308531269431114
7030,0.028308503329753876
7031,0.028308557346463203
7032,0.028308656066656113
7033,0.028308581560850143
7034,0.02830849401652813
7035,0.028308531269431114
7036,0.02830854244530201
7037,0.02830854244530201
7038,0.028308561071753502
7039,0.02830851823091507
7040,0.02830859087407589
7041,0.028308499604463577
7042,0.0283085647970438
7043,0.02830859087407589
7044,0.028308596462011337
7045,0.02830856293439865
7046,0.028308503329753876
7047,0.028308583423495293
7048,0.028308669105172157
7049,0.0283085647970438
7050,0.028308482840657234
7051,0.028308510780334473
7052,0.028308499604463577
7053,0.02830851823091507
7054,0.028308477252721786
7055,0.028308430686593056
7056,0.028308521956205368
7057,0.028308480978012085
7058,0.028308508917689323
7059,0.028308436274528503
7060,0.028308577835559845
7061,0.028308672830462456
7062,0.028308512642979622
7063,0.028308609500527382
7064,0.028308922424912453
7065,0.028308702632784843
7066,0.028308622539043427
7067,0.028308561071753502
7068,0.028308574110269547
7069,0.028308609500527382
7070,0.028308892622590065
7071,0.02830864116549492
7072,0.028308643028140068
7073,0.028308777138590813
7074,0.028308497741818428
7075,0.028308583423495293
7076,0.028308536857366562
7077,0.028308676555752754
7078,0.028308704495429993
7079,0.028308605775237083
7080,0.028308553621172905
7081,0.028308825567364693
7082,0.028308719396591187
7083,0.02830871008336544
7084,0.02830851636826992
7085,0.028308754786849022
7086,0.028308939188718796
7087,0.02830863744020462
7088,0.028308551758527756
7089,0.028308847919106483
7090,0.028308697044849396
7091,0.02830870822072029
7092,0.028308607637882233
7093,0.02830861322581768
7094,0.02830888330936432
7095,0.028308626264333725
7096,0.028308501467108727
7097,0.028308633714914322
7098,0.0283090490847826
7099,0.028308918699622154
7100,0.02830875851213932
7101,0.028308657929301262
7102,0.028308911249041557
7103,0.028308536857366562
7104,0.02830870822072029
7105,0.028308676555752754
7106,0.02830851450562477
7107,0.028308648616075516
7108,0.028308717533946037
7109,0.028308890759944916
7110,0.028308438137173653
7111,0.028308937326073647
7112,0.028308821842074394
7113,0.02830892615020275
7114,0.028309034183621407
7115,0.02830863557755947
7116,0.028308894485235214
7117,0.028308840468525887
7118,0.028309283778071404
7119,0.028308650478720665
7120,0.028309272602200508
7121,0.028309689834713936
7122,0.02830854244530201
7123,0.028309131041169167
7124,0.028308812528848648
7125,0.02830866537988186
7126,0.02830975316464901
7127,0.028309127315878868
7128,0.02830873616039753
7129,0.028309408575296402
7130,0.028308844193816185
7131,0.02830844186246395
7132,0.028308987617492676
7133,0.028308959677815437
7134,0.028308480978012085
7135,0.028308849781751633
7136,0.02830895036458969
7137,0.028308572247624397
7138,0.028308715671300888
7139,0.028309036046266556
7140,0.028308745473623276
7141,0.028308548033237457
7142,0.02830861695110798
7143,0.02830864116549492
7144,0.028308657929301262
7145,0.02830880507826805
7146,0.028308583423495293
7147,0.02830853872001171
7148,0.028308600187301636
7149,0.028308479115366936
7150,0.028308574110269547
7151,0.028308724984526634
7152,0.028308682143688202
7153,0.028308512642979622
7154,0.028308577835559845
7155,0.028308507055044174
7156,0.028308436274528503
7157,0.02830853872001171
7158,0.028308818116784096
7159,0.028308672830462456
7160,0.028308572247624397
7161,0.028308726847171783
7162,0.02830846607685089
7163,0.028308561071753502
7164,0.02830883115530014
7165,0.028308603912591934
7166,0.02830859273672104
7167,0.028308795765042305
7168,0.028308480978012085
7169,0.028308438137173653
7170,0.028308676555752754
7171,0.02830851823091507
7172,0.028308438137173653
7173,0.02830858901143074
7174,0.028308548033237457
7175,0.02830841951072216
7176,0.02830846607685089
7177,0.02830861322581768
7178,0.028308691456913948
7179,0.028308533132076263
7180,0.028308549895882607
7181,0.0283085685223341
7182,0.028308523818850517
7183,0.028308484703302383
7184,0.028308486565947533
7185,0.028308594599366188
7186,0.028308533132076263
7187,0.02830854244530201
7188,0.028308464214205742
7189,0.02830846980214119
7190,0.028308473527431488
7191,0.02830859273672104
7192,0.02830851450562477
7193,0.02830849029123783
7194,0.028308507055044174
7195,0.028308546170592308
7196,0.028308499604463577
7197,0.028308503329753876
7198,0.02830846793949604
7199,0.028308462351560593
7200,0.028308480978012085
7201,0.028308527544140816
7202,0.028308512642979622
7203,0.028308425098657608
7204,0.028308432549238205
7205,0.028308464214205742
7206,0.02830847166478634
7207,0.028308412060141563
7208,0.028308413922786713
7209,0.028308439999818802
7210,0.028308415785431862
7211,0.028308389708399773
7212,0.028308380395174026
7213,0.028308464214205742
7214,0.028308523818850517
7215,0.02830844558775425
7216,0.02830839715898037
7217,0.028308555483818054
7218,0.0283086895942688
7219,0.028308620676398277
7220,0.028308460488915443
7221,0.02830868773162365
7222,0.028308788314461708
7223,0.02830863557755947
7224,0.028308536857366562
7225,0.02830871194601059
7226,0.028308577835559845
7227,0.028308581560850143
7228,0.028308551758527756
7229,0.028308730572462082
7230,0.028308656066656113
7231,0.02830858901143074
7232,0.02830861322581768
7233,0.028308739885687828
7234,0.02830873429775238
7235,0.028308715671300888
7236,0.028308555483818054
7237,0.028308583423495293
7238,0.02830875851213932
7239,0.028309060260653496
7240,0.028308618813753128
7241,0.028308797627687454
7242,0.028309131041169167
7243,0.028308477252721786
7244,0.028308846056461334
7245,0.028308792039752007
7246,0.028308505192399025
7247,0.02830861322581768
7248,0.02830861136317253
7249,0.02830854058265686
7250,0.02830856293439865
7251,0.02830859273672104
7252,0.028308719396591187
7253,0.028308622539043427
7254,0.028308503329753876
7255,0.02830865979194641
7256,0.028308836743235588
7257,0.028308726847171783
7258,0.028308488428592682
7259,0.028308643028140068
7260,0.028308812528848648
7261,0.028308985754847527
7262,0.028308570384979248
7263,0.028308644890785217
7264,0.028309116140007973
7265,0.02830861695110798
7266,0.02830849215388298
7267,0.028308670967817307
7268,0.028308924287557602
7269,0.02830883115530014
7270,0.02830870822072029
7271,0.028308585286140442
7272,0.028308900073170662
7273,0.02830854058265686
7274,0.028308680281043053
7275,0.02830864116549492
7276,0.028308525681495667
7277,0.02830858714878559
7278,0.02830851823091507
7279,0.028308674693107605
7280,0.02830847166478634
7281,0.028308549895882607
7282,0.028308428823947906
7283,0.028308501467108727
7284,0.02830841951072216
7285,0.0283085685223341
7286,0.02830864116549492
7287,0.02830871380865574
7288,0.02830839715898037
7289,0.0283089317381382
7290,0.028308959677815437
7291,0.02830887772142887
7292,0.02830883301794529
7293,0.028308693319559097
7294,0.028308706358075142
7295,0.028308553621172905
7296,0.0283090490847826
7297,0.028308482840657234
7298,0.02830890752375126
7299,0.028309259563684464
7300,0.02830873616039753
7301,0.028308961540460587
7302,0.028308764100074768
7303,0.028308644890785217
7304,0.02830858901143074
7305,0.028308983892202377
7306,0.028308533132076263
7307,0.02830900065600872
7308,0.02830924466252327
7309,0.02830873616039753
7310,0.028309058398008347
7311,0.02830873616039753
7312,0.02830887958407402
7313,0.02830919437110424
7314,0.02830912359058857
7315,0.028309006243944168
7316,0.028309078887104988
7317,0.028309287503361702
7318,0.028308918699622154
7319,0.02830873616039753
7320,0.028308885172009468
7321,0.02830861695110798
7322,0.028308657929301262
7323,0.028309110552072525
7324,0.02830875851213932
7325,0.02830866165459156
7326,0.028309283778071404
7327,0.02830866537988186
7328,0.028308650478720665
7329,0.028308793902397156
7330,0.028308583423495293
7331,0.028308553621172905
7332,0.02830885350704193
7333,0.028308654204010963
7334,0.028308557346463203
7335,0.0283086895942688
7336,0.028308868408203125
7337,0.028308797627687454
7338,0.028308579698204994
7339,0.028309118002653122
7340,0.02830873429775238
7341,0.028308624401688576
7342,0.02830875664949417
7343,0.028308525681495667
7344,0.028308510780334473
7345,0.02830856665968895
7346,0.028308838605880737
7347,0.02830844558775425
7348,0.028308792039752007
7349,0.028308764100074768
7350,0.028308644890785217
7351,0.028308693319559097
7352,0.028308594599366188
7353,0.02830873802304268
7354,0.028308460488915443
7355,0.028308486565947533
7356,0.028308449313044548
7357,0.02830854058265686
7358,0.02830844186246395
7359,0.02830842137336731
7360,0.028308367356657982
7361,0.02830846793949604
7362,0.02830846980214119
7363,0.028308533132076263
7364,0.02830841951072216
7365,0.028308434411883354
7366,0.028308534994721413
7367,0.02830856293439865
7368,0.028308451175689697
7369,0.028308426961302757
7370,0.028308669105172157
7371,0.02830878272652626
7372,0.028308676555752754
7373,0.02830849401652813
7374,0.02830895595252514
7375,0.028308644890785217
7376,0.02830863744020462
7377,0.028308607637882233
7378,0.028308557346463203
7379,0.02830858714878559
7380,0.028308358043432236
7381,0.028308579698204994
7382,0.028308598324656487
7383,0.0283085647970438
7384,0.028308428823947906
7385,0.02830852009356022
7386,0.028308412060141563
7387,0.028308413922786713
7388,0.028308451175689697
7389,0.02830854058265686
7390,0.02830842137336731
7391,0.028308456763625145
7392,0.028308486565947533
7393,0.02830861136317253
7394,0.028308497741818428
7395,0.02830851636826992
7396,0.028308626264333725
7397,0.02830865979194641
7398,0.028308464214205742
7399,0.028308486565947533
7400,0.028308864682912827
7401,0.028309080749750137
7402,0.02830873243510723
7403,0.028308739885687828
7404,0.028309190645813942
7405,0.028308600187301636
7406,0.028308644890785217
7407,0.028308745473623276
7408,0.028308367356657982
7409,0.028308885172009468
7410,0.028309009969234467
7411,0.028309183195233345
7412,0.028308643028140068
7413,0.028309425339102745
7414,0.028309138491749763
7415,0.028308715671300888
7416,0.02830912545323372
7417,0.028308536857366562
7418,0.02830922231078148
7419,0.028308751061558723
7420,0.028308717533946037
7421,0.028308719396591187
7422,0.02830868400633335
7423,0.028308909386396408
7424,0.028308559209108353
7425,0.028308644890785217
7426,0.028308473527431488
7427,0.028308605775237083
7428,0.028308453038334846
7429,0.028308654204010963
7430,0.028308365494012833
7431,0.028308628126978874
7432,0.028308650478720665
7433,0.028308788314461708
7434,0.02830861322581768
7435,0.028308575972914696
7436,0.028308754786849022
7437,0.028308402746915817
7438,0.028308529406785965
7439,0.028308462351560593
7440,0.028308521956205368
7441,0.028308404609560966
7442,0.02830842137336731
7443,0.028308361768722534
7444,0.028308488428592682
7445,0.02830844558775425
7446,0.02830851636826992
7447,0.02830839715898037
7448,0.028308434411883354
7449,0.02830849215388298
7450,0.028308531269431114
7451,0.028308460488915443
7452,0.028308413922786713
7453,0.028308521956205368
7454,0.02830858901143074
7455,0.02830851636826992
7456,0.02830839343369007
7457,0.028308706358075142
7458,0.028308680281043053
7459,0.028308579698204994
7460,0.028308484703302383
7461,0.028308764100074768
7462,0.02830890566110611
7463,0.028308523818850517
7464,0.028308527544140816
7465,0.028309078887104988
7466,0.028308793902397156
7467,0.028308536857366562
7468,0.028308648616075516
7469,0.02830861136317253
7470,0.028308477252721786
7471,0.028308335691690445
7472,0.02830847166478634
7473,0.028308460488915443
7474,0.02830839529633522
7475,0.028308337554335594
7476,0.028308365494012833
7477,0.028308404609560966
7478,0.02830846607685089
7479,0.0283084474503994
7480,0.028308378532528877
7481,0.028308358043432236
7482,0.028308460488915443
7483,0.028308598324656487
7484,0.02830851636826992
7485,0.02830837294459343
7486,0.02830842137336731
7487,0.02830842323601246
7488,0.028308384120464325
7489,0.028308354318141937
7490,0.028308359906077385
7491,0.0283083263784647
7492,0.028308343142271042
7493,0.028308335691690445
7494,0.028308317065238953
7495,0.02830834873020649
7496,0.028308328241109848
7497,0.0283083226531744
7498,0.028308331966400146
7499,0.028308318927884102
7500,0.02830832451581955
7501,0.0283083263784647
7502,0.028308317065238953
7503,0.028308333829045296
7504,0.028308333829045296
7505,0.028308333829045296
7506,0.028308318927884102
7507,0.028308307752013206
7508,0.028308309614658356
7509,0.028308305889368057
7510,0.028308311477303505
7511,0.028308309614658356
7512,0.028308309614658356
7513,0.028308315202593803
7514,0.028308313339948654
7515,0.028308317065238953
7516,0.028308330103754997
7517,0.028308331966400146
7518,0.028308339416980743
7519,0.028308330103754997
7520,0.028308333829045296
7521,0.028308333829045296
7522,0.028308337554335594
7523,0.028308333829045296
7524,0.028308330103754997
7525,0.028308330103754997
7526,0.0283083263784647
7527,0.02830832079052925
7528,0.028308317065238953
7529,0.028308318927884102
7530,0.02830832451581955
7531,0.02830832079052925
7532,0.028308328241109848
7533,0.028308335691690445
7534,0.02830834873020649
7535,0.028308363631367683
7536,0.028308363631367683
7537,0.02830834686756134
7538,0.028308335691690445
7539,0.028308328241109848
7540,0.028308317065238953
7541,0.0283083226531744
7542,0.028308331966400146
7543,0.028308341279625893
7544,0.028308341279625893
7545,0.028308343142271042
7546,0.028308343142271042
7547,0.02830834686756134
7548,0.028308331966400146
7549,0.02830834500491619
7550,0.02830834873020649
7551,0.028308356180787086
7552,0.028308335691690445
7553,0.02830834873020649
7554,0.02830834873020649
7555,0.028308365494012833
7556,0.028308331966400146
7557,0.028308341279625893
7558,0.028308333829045296
7559,0.028308341279625893
7560,0.028308307752013206
7561,0.02830832079052925
7562,0.028308317065238953
7563,0.028308361768722534
7564,0.02830837480723858
7565,0.028308389708399773
7566,0.028308363631367683
7567,0.028308361768722534
7568,0.02830832451581955
7569,0.02830834686756134
7570,0.028308331966400146
7571,0.02830834500491619
7572,0.028308339416980743
7573,0.028308356180787086
7574,0.02830835059285164
7575,0.028308384120464325
7576,0.028308378532528877
7577,0.02830839343369007
7578,0.02830836921930313
7579,0.02830834686756134
7580,0.028308315202593803
7581,0.02830832451581955
7582,0.0283083226531744
7583,0.028308358043432236
7584,0.028308361768722534
7585,0.028308365494012833
7586,0.028308335691690445
7587,0.02830834686756134
7588,0.028308339416980743
7589,0.028308384120464325
7590,0.028308413922786713
7591,0.02830839715898037
7592,0.028308352455496788
7593,0.0283083263784647
7594,0.02830830216407776
7595,0.028308313339948654
7596,0.028308305889368057
7597,0.02830832451581955
7598,0.02830832079052925
7599,0.0283083226531744
7600,0.028308328241109848
7601,0.028308378532528877
7602,0.028308460488915443
7603,0.028308477252721786
7604,0.02830839343369007
7605,0.028308335691690445
7606,0.028308384120464325
7607,0.028308600187301636
7608,0.028308730572462082
7609,0.02830851823091507
7610,0.028308488428592682
7611,0.028308602049946785
7612,0.02830858714878559
7613,0.02830844558775425
7614,0.02830834500491619
7615,0.028308408334851265
7616,0.028308430686593056
7617,0.028308412060141563
7618,0.02830832451581955
7619,0.02830834686756134
7620,0.028308434411883354
7621,0.028308546170592308
7622,0.028308426961302757
7623,0.02830835059285164
7624,0.028308527544140816
7625,0.02830876223742962
7626,0.028308529406785965
7627,0.02830835059285164
7628,0.028308507055044174
7629,0.02830839529633522
7630,0.02830837108194828
7631,0.028308331966400146
7632,0.028308415785431862
7633,0.028308453038334846
7634,0.028308428823947906
7635,0.02830834686756134
7636,0.02830846980214119
7637,0.028308670967817307
7638,0.028308557346463203
7639,0.02830835059285164
7640,0.02830844186246395
7641,0.028308674693107605
7642,0.028308723121881485
7643,0.028308464214205742
7644,0.028308473527431488
7645,0.02830895036458969
7646,0.028309131041169167
7647,0.028308620676398277
7648,0.02830878086388111
7649,0.028309330344200134
7650,0.028309056535363197
7651,0.028308836743235588
7652,0.028308864682912827
7653,0.028309589251875877
7654,0.028308851644396782
7655,0.0283085647970438
7656,0.028308844193816185
7657,0.02830856293439865
7658,0.028308404609560966
7659,0.028308488428592682
7660,0.028308771550655365
7661,0.02830870822072029
7662,0.028308428823947906
7663,0.028308603912591934
7664,0.028308918699622154
7665,0.02830900065600872
7666,0.02830856293439865
7667,0.02830875664949417
7668,0.028309285640716553
7669,0.02830907143652439
7670,0.02830865979194641
7671,0.028308585286140442
7672,0.028309177607297897
7673,0.028308909386396408
7674,0.02830885350704193
7675,0.028308723121881485
7676,0.028308747336268425
7677,0.028308719396591187
7678,0.028308415785431862
7679,0.028308488428592682
7680,0.028308598324656487
7681,0.028308775275945663
7682,0.02830882929265499
7683,0.028308693319559097
7684,0.028308527544140816
7685,0.02830876037478447
7686,0.028308484703302383
7687,0.028308654204010963
7688,0.02830849587917328
7689,0.028308657929301262
7690,0.028308473527431488
7691,0.028308453038334846
7692,0.028308426961302757
7693,0.028308618813753128
7694,0.028308792039752007
7695,0.028308695182204247
7696,0.028308555483818054
7697,0.028308697044849396
7698,0.02830871008336544
7699,0.028308790177106857
7700,0.028308667242527008
7701,0.028308551758527756
7702,0.028308942914009094
7703,0.02830892987549305
7704,0.02830858901143074
7705,0.0283084474503994
7706,0.02830909937620163
7707,0.02830895222723484
7708,0.028308618813753128
7709,0.028308693319559097
7710,0.02830875664949417
7711,0.02830875664949417
7712,0.02830846793949604
7713,0.028308458626270294
7714,0.02830866165459156
7715,0.028309015557169914
7716,0.028308788314461708
7717,0.028308626264333725
7718,0.028308531269431114
7719,0.028308700770139694
7720,0.028308408334851265
7721,0.028308581560850143
7722,0.028308410197496414
7723,0.028308559209108353
7724,0.02830849587917328
7725,0.028308376669883728
7726,0.028308413922786713
7727,0.028308577835559845
7728,0.02830866165459156
7729,0.02830865979194641
7730,0.02830856665968895
7731,0.02830859087407589
7732,0.028308527544140816
7733,0.02830844186246395
7734,0.028308406472206116
7735,0.02830830216407776
7736,0.028308382257819176
7737,0.028308480978012085
7738,0.028308376669883728
7739,0.028308359906077385
7740,0.0283083226531744
7741,0.028308318927884102
7742,0.028308378532528877
7743,0.028308458626270294
7744,0.028308510780334473
7745,0.028308385983109474
7746,0.028308400884270668
7747,0.028308745473623276
7748,0.02830861695110798
7749,0.028308426961302757
7750,0.028308408334851265
7751,0.02830854430794716
7752,0.02830883115530014
7753,0.0283088069409132
7754,0.028308358043432236
7755,0.028308935463428497
7756,0.028309224173426628
7757,0.02830883115530014
7758,0.028308819979429245
7759,0.028308585286140442
7760,0.028308769688010216
7761,0.028308618813753128
7762,0.028308985754847527
7763,0.028308482840657234
7764,0.028308814391493797
7765,0.02830870822072029
7766,0.028308888897299767
7767,0.028309103101491928
7768,0.028308486565947533
7769,0.02830941416323185
7770,0.028309155255556107
7771,0.028308752924203873
7772,0.02830927073955536
7773,0.028308680281043053
7774,0.028308745473623276
7775,0.028309619054198265
7776,0.02830944024026394
7777,0.02830902300775051
7778,0.028309928253293037
7779,0.02830907143652439
7780,0.02830921672284603
7781,0.028309321030974388
7782,0.0283092949539423
7783,0.028309661895036697
7784,0.0283088106662035
7785,0.02830960974097252
7786,0.02830977365374565
7787,0.0283090528100729
7788,0.028309741988778114
7789,0.02830996923148632
7790,0.028308846056461334
7791,0.028309695422649384
7792,0.028309250250458717
7793,0.028309205546975136
7794,0.028308821842074394
7795,0.028309017419815063
7796,0.0283095370978117
7797,0.028308911249041557
7798,0.02830982580780983
7799,0.028309291228652
7800,0.028308939188718796
7801,0.028309360146522522
7802,0.02830902300775051
7803,0.028309058398008347
7804,0.02830880507826805
7805,0.028308654204010963
7806,0.02830892987549305
7807,0.028308408334851265
7808,0.02830880507826805
7809,0.02830919623374939
7810,0.028308743610978127
7811,0.028308777138590813
7812,0.028308561071753502
7813,0.02830865979194641
7814,0.028308430686593056
7815,0.028308728709816933
7816,0.028308475390076637
7817,0.028308410197496414
7818,0.028308890759944916
7819,0.028309090062975883
7820,0.028308842331171036
7821,0.02830871008336544
7822,0.028309211134910583
7823,0.028308674693107605
7824,0.028308909386396408
7825,0.028308909386396408
7826,0.028308622539043427
7827,0.02830948680639267
7828,0.028308482840657234
7829,0.028308771550655365
7830,0.02830873802304268
7831,0.02830849401652813
7832,0.02830898016691208
7833,0.02830849215388298
7834,0.02830859087407589
7835,0.028308572247624397
7836,0.028308454900979996
7837,0.028308359906077385
7838,0.02830865979194641
7839,0.02830856293439865
7840,0.028308460488915443
7841,0.02830852009356022
7842,0.028308477252721786
7843,0.028308363631367683
7844,0.02830842137336731
7845,0.028308644890785217
7846,0.028308771550655365
7847,0.02830861508846283
7848,0.028308531269431114
7849,0.028308887034654617
7850,0.028308425098657608
7851,0.02830873243510723
7852,0.02830863557755947
7853,0.02830842137336731
7854,0.02830854430794716
7855,0.028308559209108353
7856,0.02830849587917328
7857,0.028308430686593056
7858,0.028308797627687454
7859,0.028308428823947906
7860,0.028308453038334846
7861,0.028308505192399025
7862,0.02830851823091507
7863,0.028308412060141563
7864,0.02830846607685089
7865,0.028308311477303505
7866,0.028308646753430367
7867,0.02830861322581768
7868,0.028308583423495293
7869,0.02830846793949604
7870,0.02830861322581768
7871,0.028308777138590813
7872,0.028308555483818054
7873,0.0283083226531744
7874,0.02830859273672104
7875,0.02830885909497738
7876,0.02830870822072029
7877,0.028308596462011337
7878,0.028308499604463577
7879,0.028308743610978127
7880,0.02830839343369007
7881,0.028308624401688576
7882,0.028308534994721413
7883,0.028308415785431862
7884,0.028308527544140816
7885,0.02830863930284977
7886,0.02830856293439865
7887,0.028308400884270668
7888,0.028308741748332977
7889,0.028308497741818428
7890,0.028308507055044174
7891,0.028308553621172905
7892,0.028308458626270294
7893,0.028308594599366188
7894,0.028308633714914322
7895,0.028308482840657234
7896,0.028308631852269173
7897,0.02830859087407589
7898,0.028308497741818428
7899,0.028308376669883728
7900,0.028308406472206116
7901,0.028308479115366936
7902,0.028308389708399773
7903,0.028308330103754997
7904,0.02830839529633522
7905,0.02830861136317253
7906,0.028308605775237083
7907,0.028308451175689697
7908,0.028308413922786713
7909,0.028308676555752754
7910,0.02830866537988186
7911,0.02830858901143074
7912,0.028308453038334846
7913,0.028308821842074394
7914,0.028308739885687828
7915,0.028308453038334846
7916,0.028308449313044548
7917,0.028308860957622528
7918,0.02830885536968708
7919,0.028308726847171783
7920,0.028308801352977753
7921,0.028308536857366562
7922,0.028308644890785217
7923,0.028308603912591934
7924,0.028309324756264687
7925,0.02830861508846283
7926,0.028309298679232597
7927,0.028309544548392296
7928,0.028308385983109474
7929,0.028309190645813942
7930,0.028308922424912453
7931,0.028308695182204247
7932,0.028310077264904976
7933,0.028308527544140816
7934,0.028308870270848274
7935,0.0283090528100729
7936,0.0283083263784647
7937,0.028309112414717674
7938,0.028309160843491554
7939,0.028308475390076637
7940,0.028308779001235962
7941,0.02830883115530014
7942,0.028308402746915817
7943,0.02830842137336731
7944,0.028308574110269547
7945,0.028308290988206863
7946,0.028308449313044548
7947,0.02830880507826805
7948,0.02830885909497738
7949,0.028308382257819176
7950,0.028309063985943794
7951,0.028309112414717674
7952,0.028308533132076263
7953,0.028308842331171036
7954,0.028308436274528503
7955,0.028308745473623276
7956,0.02830892987549305
7957,0.028309067711234093
7958,0.028308629989624023
7959,0.028309283778071404
7960,0.02830909751355648
7961,0.028308439999818802
7962,0.028308894485235214
7963,0.02830849215388298
7964,0.028308751061558723
7965,0.028309224173426628
7966,0.028308648616075516
7967,0.028308581560850143
7968,0.028308987617492676
7969,0.028308643028140068
7970,0.02830839529633522
7971,0.028308553621172905
7972,0.028308387845754623
7973,0.028308376669883728
7974,0.02830861695110798
7975,0.02830880507826805
7976,0.028308331966400146
7977,0.028308743610978127
7978,0.028309045359492302
7979,0.028308551758527756
7980,0.028308654204010963
7981,0.02830846793949604
7982,0.02830851450562477
7983,0.028308415785431862
7984,0.028308799490332603
7985,0.028308384120464325
7986,0.028308583423495293
7987,0.028309054672718048
7988,0.028308598324656487
7989,0.028308629989624023
7990,0.028308482840657234
7991,0.028308561071753502
7992,0.02830834500491619
7993,0.02830856293439865
7994,0.028308451175689697
7995,0.028308378532528877
7996,0.02830876223742962
7997,0.028308847919106483
7998,0.02830868400633335
7999,0.028308628126978874
8000,0.028308849781751633
8001,0.028308425098657608
8002,0.028308600187301636
8003,0.028308629989624023
8004,0.028308356180787086
8005,0.028308875858783722
8006,0.028308706358075142
8007,0.028308583423495293
8008,0.02830856665968895
8009,0.028308745473623276
8010,0.02830849215388298
8011,0.028308797627687454
8012,0.028308646753430367
8013,0.02830846793949604
8014,0.02830890379846096
8015,0.02830856665968895
8016,0.028308521956205368
8017,0.028308507055044174
8018,0.028308657929301262
8019,0.02830827608704567
8020,0.028308523818850517
8021,0.028308486565947533
8022,0.028308367356657982
8023,0.02830835059285164
8024,0.028308434411883354
8025,0.02830842137336731
8026,0.028308315202593803
8027,0.0283084474503994
8028,0.028308413922786713
8029,0.028308367356657982
8030,0.028308292850852013
8031,0.028308484703302383
8032,0.02830858714878559
8033,0.028308555483818054
8034,0.028308356180787086
8035,0.02830878086388111
8036,0.028308626264333725
8037,0.028308555483818054
8038,0.02830856665968895
8039,0.028308458626270294
8040,0.02830846607685089
8041,0.028308294713497162
8042,0.028308553621172905
8043,0.028308382257819176
8044,0.02830839529633522
8045,0.028308453038334846
8046,0.028308534994721413
8047,0.028308341279625893
8048,0.02830844186246395
8049,0.02830892987549305
8050,0.0283086895942688
8051,0.028308365494012833
8052,0.028308827430009842
8053,0.028308991342782974
8054,0.028308508917689323
8055,0.028308577835559845
8056,0.02830849215388298
8057,0.028308402746915817
8058,0.02830839529633522
8059,0.028308846056461334
8060,0.028308479115366936
8061,0.028308488428592682
8062,0.028309093788266182
8063,0.028308650478720665
8064,0.028308555483818054
8065,0.028308512642979622
8066,0.02830861508846283
8067,0.028308304026722908
8068,0.02830844186246395
8069,0.02830839529633522
8070,0.028308292850852013
8071,0.028308458626270294
8072,0.028308654204010963
8073,0.028308672830462456
8074,0.028308363631367683
8075,0.02830897644162178
8076,0.028308698907494545
8077,0.028308695182204247
8078,0.028308792039752007
8079,0.02830837294459343
8080,0.02830887772142887
8081,0.028308747336268425
8082,0.028308989480137825
8083,0.028308551758527756
8084,0.028309110552072525
8085,0.02830905094742775
8086,0.0283085685223341
8087,0.028308914974331856
8088,0.028308473527431488
8089,0.028308894485235214
8090,0.028308754786849022
8091,0.028308607637882233
8092,0.028308607637882233
8093,0.028308745473623276
8094,0.028308678418397903
8095,0.02830844186246395
8096,0.028308559209108353
8097,0.028308363631367683
8098,0.02830847166478634
8099,0.028308631852269173
8100,0.028308643028140068
8101,0.028308328241109848
8102,0.028308719396591187
8103,0.02830863930284977
8104,0.0283085685223341
8105,0.028308648616075516
8106,0.028308356180787086
8107,0.028308600187301636
8108,0.028308400884270668
8109,0.02830873616039753
8110,0.028308331966400146
8111,0.028308561071753502
8112,0.02830861695110798
8113,0.02830858714878559
8114,0.028308548033237457
8115,0.028308425098657608
8116,0.02830865979194641
8117,0.028308404609560966
8118,0.0283086858689785
8119,0.028308525681495667
8120,0.028308410197496414
8121,0.02830871194601059
8122,0.028308702632784843
8123,0.028308503329753876
8124,0.028308551758527756
8125,0.028308629989624023
8126,0.028308354318141937
8127,0.028308533132076263
8128,0.028308521956205368
8129,0.02830834686756134
8130,0.02830841951072216
8131,0.02830861695110798
8132,0.02830839715898037
8133,0.028308432549238205
8134,0.028308605775237083
8135,0.02830846793949604
8136,0.02830835059285164
8137,0.028308367356657982
8138,0.028308505192399025
8139,0.028308501467108727
8140,0.028308385983109474
8141,0.02830830030143261
8142,0.028308462351560593
8143,0.028308285400271416
8144,0.028308304026722908
8145,0.028308330103754997
8146,0.028308570384979248
8147,0.02830856293439865
8148,0.028308451175689697
8149,0.02830841951072216
8150,0.028308596462011337
8151,0.02830830216407776
8152,0.028308358043432236
8153,0.028308330103754997
8154,0.028308436274528503
8155,0.028308456763625145
8156,0.028308359906077385
8157,0.028308283537626266
8158,0.028308503329753876
8159,0.02830841764807701
8160,0.028308333829045296
8161,0.02830829657614231
8162,0.028308473527431488
8163,0.028308603912591934
8164,0.028308367356657982
8165,0.02830830030143261
8166,0.028308605775237083
8167,0.028308501467108727
8168,0.02830834686756134
8169,0.028308335691690445
8170,0.028308432549238205
8171,0.02830854244530201
8172,0.028308400884270668
8173,0.028308279812335968
8174,0.028308387845754623
8175,0.02830856665968895
8176,0.028308724984526634
8177,0.028308609500527382
8178,0.02830844558775425
8179,0.028309086337685585
8180,0.028308700770139694
8181,0.028308512642979622
8182,0.028308546170592308
8183,0.028308458626270294
8184,0.028308376669883728
8185,0.028308384120464325
8186,0.028308458626270294
8187,0.028308246284723282
8188,0.0283084437251091
8189,0.02830834873020649
8190,0.028308367356657982
8191,0.02830830030143261
8192,0.02830849029123783
8193,0.028308723121881485
8194,0.02830861136317253
8195,0.02830837108194828
8196,0.028308918699622154
8197,0.02830883488059044
8198,0.028308596462011337
8199,0.028308702632784843
8200,0.02830841951072216
8201,0.02830858901143074
8202,0.028308559209108353
8203,0.028308814391493797
8204,0.02830836921930313
8205,0.028308816254138947
8206,0.028308894485235214
8207,0.028308574110269547
8208,0.028308816254138947
8209,0.02830834686756134
8210,0.02830887772142887
8211,0.028308644890785217
8212,0.02830859087407589
8213,0.028308546170592308
8214,0.028308583423495293
8215,0.028308408334851265
8216,0.02830870822072029
8217,0.028308819979429245
8218,0.028308337554335594
8219,0.02830887958407402
8220,0.028308697044849396
8221,0.028308533132076263
8222,0.028308739885687828
8223,0.02830873802304268
8224,0.02830851823091507
8225,0.028308413922786713
8226,0.028308507055044174
8227,0.028308404609560966
8228,0.028308363631367683
8229,0.028308412060141563
8230,0.028308305889368057
8231,0.028308263048529625
8232,0.028308380395174026
8233,0.028308410197496414
8234,0.028308358043432236
8235,0.028308285400271416
8236,0.02830839529633522
8237,0.028308529406785965
8238,0.02830837480723858
8239,0.02830824814736843
8240,0.028308378532528877
8241,0.02830834686756134
8242,0.028308354318141937
8243,0.028308235108852386
8244,0.028308317065238953
8245,0.028308380395174026
8246,0.028308436274528503
8247,0.028308244422078133
8248,0.02830836921930313
8249,0.028308570384979248
8250,0.028308819979429245
8251,0.028308572247624397
8252,0.02830846980214119
8253,0.02830890193581581
8254,0.028308559209108353
8255,0.028308555483818054
8256,0.02830851823091507
8257,0.028308406472206116
8258,0.028308413922786713
8259,0.02830854430794716
8260,0.028308644890785217
8261,0.028308268636465073
8262,0.028308844193816185
8263,0.028308717533946037
8264,0.028308790177106857
8265,0.02830873616039753
8266,0.028308408334851265
8267,0.028308777138590813
8268,0.028308561071753502
8269,0.0283088069409132
8270,0.028308380395174026
8271,0.02830873802304268
8272,0.028308695182204247
8273,0.028308702632784843
8274,0.028308868408203125
8275,0.02830839529633522
8276,0.02830890379846096
8277,0.028308575972914696
8278,0.028308643028140068
8279,0.028308505192399025
8280,0.02830859087407589
8281,0.02830863557755947
8282,0.028308814391493797
8283,0.02830890752375126
8284,0.028308453038334846
8285,0.028309158980846405
8286,0.028308827430009842
8287,0.028308533132076263
8288,0.02830878458917141
8289,0.028308454900979996
8290,0.028308767825365067
8291,0.02830895408987999
8292,0.028309185057878494
8293,0.02830868773162365
8294,0.028309417888522148
8295,0.028308944776654243
8296,0.02830851636826992
8297,0.028308924287557602
8298,0.02830841951072216
8299,0.02830900438129902
8300,0.028308559209108353
8301,0.028308451175689697
8302,0.028308480978012085
8303,0.028308337554335594
8304,0.028308531269431114
8305,0.028308505192399025
8306,0.028308557346463203
8307,0.028308311477303505
8308,0.028308656066656113
8309,0.028308402746915817
8310,0.028308488428592682
8311,0.02830830216407776
8312,0.028308536857366562
8313,0.028308391571044922
8314,0.02830835059285164
8315,0.028308330103754997
8316,0.028308380395174026
8317,0.028308358043432236
8318,0.028308313339948654
8319,0.028308255597949028
8320,0.02830829843878746
8321,0.028308268636465073
8322,0.028308257460594177
8323,0.028308238834142685
8324,0.028308231383562088
8325,0.028308214619755745
8326,0.02830825373530388
8327,0.028308235108852386
8328,0.028308246284723282
8329,0.028308218345046043
8330,0.02830822765827179
8331,0.028308210894465446
8332,0.028308222070336342
8333,0.028308216482400894
8334,0.028308222070336342
8335,0.02830820344388485
8336,0.028308238834142685
8337,0.028308246284723282
8338,0.028308266773819923
8339,0.02830822765827179
8340,0.02830822579562664
8341,0.028308216482400894
8342,0.028308216482400894
8343,0.028308216482400894
8344,0.028308214619755745
8345,0.028308207169175148
8346,0.028308207169175148
8347,0.028308212757110596
8348,0.02830820530653
8349,0.028308209031820297
8350,0.02830820344388485
8351,0.028308207169175148
8352,0.028308207169175148
8353,0.028308214619755745
8354,0.02830822765827179
8355,0.02830822579562664
8356,0.028308231383562088
8357,0.028308235108852386
8358,0.028308238834142685
8359,0.02830822579562664
8360,0.028308233246207237
8361,0.028308235108852386
8362,0.028308242559432983
8363,0.028308238834142685
8364,0.028308216482400894
8365,0.0283082015812397
8366,0.028308209031820297
8367,0.028308214619755745
8368,0.028308238834142685
8369,0.028308216482400894
8370,0.02830819971859455
8371,0.02830819971859455
8372,0.028308220207691193
8373,0.028308238834142685
8374,0.02830825187265873
8375,0.02830825187265873
8376,0.028308233246207237
8377,0.028308255597949028
8378,0.02830832079052925
8379,0.028308343142271042
8380,0.028308246284723282
8381,0.028308242559432983
8382,0.02830830216407776
8383,0.02830839715898037
8384,0.028308456763625145
8385,0.02830830216407776
8386,0.02830830030143261
8387,0.028308365494012833
8388,0.028308404609560966
8389,0.028308413922786713
8390,0.028308318927884102
8391,0.028308279812335968
8392,0.028308406472206116
8393,0.02830853872001171
8394,0.028308529406785965
8395,0.02830841951072216
8396,0.028308335691690445
8397,0.028308521956205368
8398,0.02830895036458969
8399,0.028308561071753502
8400,0.02830834873020649
8401,0.02830861322581768
8402,0.02830856293439865
8403,0.028308602049946785
8404,0.02830834873020649
8405,0.028308384120464325
8406,0.02830883301794529
8407,0.02830895595252514
8408,0.02830873802304268
8409,0.02830856293439865
8410,0.028309134766459465
8411,0.028308803215622902
8412,0.028308633714914322
8413,0.02830898016691208
8414,0.028308358043432236
8415,0.02830890193581581
8416,0.028308842331171036
8417,0.028309186920523643
8418,0.028308622539043427
8419,0.028309384360909462
8420,0.028309380635619164
8421,0.02830829843878746
8422,0.02830914407968521
8423,0.028308935463428497
8424,0.02830854430794716
8425,0.02830992452800274
8426,0.028308700770139694
8427,0.028308704495429993
8428,0.028308985754847527
8429,0.028308434411883354
8430,0.02830919623374939
8431,0.02830897644162178
8432,0.028308672830462456
8433,0.028308654204010963
8434,0.02830883301794529
8435,0.02830888144671917
8436,0.028308337554335594
8437,0.02830859087407589
8438,0.028308479115366936
8439,0.028308458626270294
8440,0.028308751061558723
8441,0.028309043496847153
8442,0.02830841951072216
8443,0.028309239074587822
8444,0.028309118002653122
8445,0.028308354318141937
8446,0.028308970853686333
8447,0.028308557346463203
8448,0.028308657929301262
8449,0.02830960415303707
8450,0.028308795765042305
8451,0.02830890752375126
8452,0.02830921672284603
8453,0.028308534994721413
8454,0.028308412060141563
8455,0.028308548033237457
8456,0.028308289125561714
8457,0.028308678418397903
8458,0.02830887958407402
8459,0.028308864682912827
8460,0.02830846607685089
8461,0.028308948501944542
8462,0.02830914407968521
8463,0.028308454900979996
8464,0.028308691456913948
8465,0.0283084437251091
8466,0.02830851636826992
8467,0.028308505192399025
8468,0.028308816254138947
8469,0.028308555483818054
8470,0.028308596462011337
8471,0.02830922231078148
8472,0.028308536857366562
8473,0.028308559209108353
8474,0.028308628126978874
8475,0.028308330103754997
8476,0.02830842137336731
8477,0.02830861136317253
8478,0.02830839902162552
8479,0.02830856293439865
8480,0.028309106826782227
8481,0.02830844558775425
8482,0.02830859087407589
8483,0.02830861136317253
8484,0.028308428823947906
8485,0.028308415785431862
8486,0.028308534994721413
8487,0.02830830216407776
8488,0.028308412060141563
8489,0.028308603912591934
8490,0.02830837480723858
8491,0.02830842137336731
8492,0.02830853872001171
8493,0.02830849215388298
8494,0.028308432549238205
8495,0.02830842137336731
8496,0.02830829843878746
8497,0.02830839715898037
8498,0.02830861508846283
8499,0.028308497741818428
8500,0.028308287262916565
8501,0.028308678418397903
8502,0.028308652341365814
8503,0.028308715671300888
8504,0.028308531269431114
8505,0.02830849401652813
8506,0.02830865979194641
8507,0.02830825187265873
8508,0.028308607637882233
8509,0.028308451175689697
8510,0.028308304026722908
8511,0.028308609500527382
8512,0.028308896347880363
8513,0.028308698907494545
8514,0.028308551758527756
8515,0.028309034183621407
8516,0.028308529406785965
8517,0.028308572247624397
8518,0.028308752924203873
8519,0.028308285400271416
8520,0.02830888330936432
8521,0.0283085685223341
8522,0.02830876223742962
8523,0.028308458626270294
8524,0.028308797627687454
8525,0.028308963403105736
8526,0.028308376669883728
8527,0.028308656066656113
8528,0.02830834686756134
8529,0.028308555483818054
8530,0.02830858901143074
8531,0.028308864682912827
8532,0.028308367356657982
8533,0.02830895036458969
8534,0.028309162706136703
8535,0.028308281674981117
8536,0.028308803215622902
8537,0.028308454900979996
8538,0.02830846793949604
8539,0.028309127315878868
8540,0.028308769688010216
8541,0.028308426961302757
8542,0.028308948501944542
8543,0.02830890193581581
8544,0.028308307752013206
8545,0.0283085647970438
8546,0.028308432549238205
8547,0.02830829843878746
8548,0.028308575972914696
8549,0.02830890566110611
8550,0.028308430686593056
8551,0.028308818116784096
8552,0.028309358283877373
8553,0.02830839529633522
8554,0.028308860957622528
8555,0.028308775275945663
8556,0.028308378532528877
8557,0.028309080749750137
8558,0.028308693319559097
8559,0.02830861322581768
8560,0.028308819979429245
8561,0.028308654204010963
8562,0.02830878458917141
8563,0.02830849029123783
8564,0.028308482840657234
8565,0.028308682143688202
8566,0.028308361768722534
8567,0.028308458626270294
8568,0.028308795765042305
8569,0.028308358043432236
8570,0.028308378532528877
8571,0.02830897830426693
8572,0.028308359906077385
8573,0.028308432549238205
8574,0.028308600187301636
8575,0.028308283537626266
8576,0.02830837108194828
8577,0.02830864116549492
8578,0.028308341279625893
8579,0.028308317065238953
8580,0.028308389708399773
8581,0.028308238834142685
8582,0.02830841764807701
8583,0.02830856293439865
8584,0.028308380395174026
8585,0.028308343142271042
8586,0.028308408334851265
8587,0.02830824814736843
8588,0.02830829843878746
8589,0.02830856665968895
8590,0.028308583423495293
8591,0.028308378532528877
8592,0.028308426961302757
8593,0.028308456763625145
8594,0.028308289125561714
8595,0.028308289125561714
8596,0.02830841764807701
8597,0.028308331966400146
8598,0.02830824814736843
8599,0.028308361768722534
8600,0.028308285400271416
8601,0.028308335691690445
8602,0.02830830030143261
8603,0.02830825187265873
8604,0.02830841764807701
8605,0.02830846793949604
8606,0.028308333829045296
8607,0.02830832079052925
8608,0.02830834500491619
8609,0.028308231383562088
8610,0.02830841951072216
8611,0.028308464214205742
8612,0.028308289125561714
8613,0.02830839343369007
8614,0.028308341279625893
8615,0.028308222070336342
8616,0.028308309614658356
8617,0.02830825187265873
8618,0.02830834686756134
8619,0.028308434411883354
8620,0.028308289125561714
8621,0.028308317065238953
8622,0.02830844186246395
8623,0.02830852009356022
8624,0.028308456763625145
8625,0.02830825187265873
8626,0.0283084474503994
8627,0.028308596462011337
8628,0.02830839343369007
8629,0.028308331966400146
8630,0.028308501467108727
8631,0.028308620676398277
8632,0.028308821842074394
8633,0.028308607637882233
8634,0.028308413922786713
8635,0.028309030458331108
8636,0.02830864116549492
8637,0.028308633714914322
8638,0.02830863744020462
8639,0.028308339416980743
8640,0.028308788314461708
8641,0.028308706358075142
8642,0.028308924287557602
8643,0.028308525681495667
8644,0.028309138491749763
8645,0.028308985754847527
8646,0.028308432549238205
8647,0.028308844193816185
8648,0.028308412060141563
8649,0.028308849781751633
8650,0.028308864682912827
8651,0.028308656066656113
8652,0.02830851823091507
8653,0.028308935463428497
8654,0.028308723121881485
8655,0.02830832079052925
8656,0.028308620676398277
8657,0.028308367356657982
8658,0.028308451175689697
8659,0.028308875858783722
8660,0.028308900073170662
8661,0.028308449313044548
8662,0.028309248387813568
8663,0.028308896347880363
8664,0.02830839529633522
8665,0.028308792039752007
8666,0.028308317065238953
8667,0.02830888144671917
8668,0.0283089317381382
8669,0.028308572247624397
8670,0.028308508917689323
8671,0.02830878645181656
8672,0.02830875664949417
8673,0.028308343142271042
8674,0.028308557346463203
8675,0.02830829657614231
8676,0.028308499604463577
8677,0.028308557346463203
8678,0.02830887772142887
8679,0.02830837480723858
8680,0.028308946639299393
8681,0.02830912545323372
8682,0.028308307752013206
8683,0.028308752924203873
8684,0.02830842323601246
8685,0.02830856665968895
8686,0.02830919809639454
8687,0.028308697044849396
8688,0.02830847166478634
8689,0.02830905094742775
8690,0.028308704495429993
8691,0.028308304026722908
8692,0.02830858901143074
8693,0.028308328241109848
8694,0.02830839343369007
8695,0.028308894485235214
8696,0.0283089280128479
8697,0.028308438137173653
8698,0.02830912545323372
8699,0.028308868408203125
8700,0.02830830030143261
8701,0.028308629989624023
8702,0.028308315202593803
8703,0.02830846607685089
8704,0.028308812528848648
8705,0.028308846056461334
8706,0.028308415785431862
8707,0.028309058398008347
8708,0.02830890566110611
8709,0.028308309614658356
8710,0.028308730572462082
8711,0.028308356180787086
8712,0.0283085685223341
8713,0.028309151530265808
8714,0.028308670967817307
8715,0.028308499604463577
8716,0.028309015557169914
8717,0.028308631852269173
8718,0.02830829843878746
8719,0.028308529406785965
8720,0.028308263048529625
8721,0.02830841951072216
8722,0.028308633714914322
8723,0.028308864682912827
8724,0.028308354318141937
8725,0.028308987617492676
8726,0.028308989480137825
8727,0.028308315202593803
8728,0.028308745473623276
8729,0.028308361768722534
8730,0.028308603912591934
8731,0.028309013694524765
8732,0.028308631852269173
8733,0.028308475390076637
8734,0.028308922424912453
8735,0.028308667242527008
8736,0.02830830030143261
8737,0.028308548033237457
8738,0.028308270499110222
8739,0.028308436274528503
8740,0.0283086895942688
8741,0.02830883488059044
8742,0.028308389708399773
8743,0.02830895595252514
8744,0.028308911249041557
8745,0.028308311477303505
8746,0.028308678418397903
8747,0.028308294713497162
8748,0.028308618813753128
8749,0.02830876037478447
8750,0.02830868400633335
8751,0.028308438137173653
8752,0.02830885909497738
8753,0.028308792039752007
8754,0.028308311477303505
8755,0.028308631852269173
8756,0.028308285400271416
8757,0.028308561071753502
8758,0.028308814391493797
8759,0.028308730572462082
8760,0.028308454900979996
8761,0.02830888144671917
8762,0.028308773413300514
8763,0.028308311477303505
8764,0.028308598324656487
8765,0.028308259323239326
8766,0.028308585286140442
8767,0.02830868400633335
8768,0.028308700770139694
8769,0.028308412060141563
8770,0.02830883301794529
8771,0.02830883488059044
8772,0.0283083226531744
8773,0.028308656066656113
8774,0.028308289125561714
8775,0.028308594599366188
8776,0.028308721259236336
8777,0.028308643028140068
8778,0.02830842137336731
8779,0.02830875664949417
8780,0.028308790177106857
8781,0.028308315202593803
8782,0.028308570384979248
8783,0.02830827794969082
8784,0.02830846793949604
8785,0.02830859273672104
8786,0.028308706358075142
8787,0.028308354318141937
8788,0.028308779001235962
8789,0.028308909386396408
8790,0.028308304026722908
8791,0.028308629989624023
8792,0.02830830216407776
8793,0.028308508917689323
8794,0.028308749198913574
8795,0.028308704495429993
8796,0.02830839715898037
8797,0.028308823704719543
8798,0.028308823704719543
8799,0.028308290988206863
8800,0.028308594599366188
8801,0.02830829843878746
8802,0.028308449313044548
8803,0.028308743610978127
8804,0.028308719396591187
8805,0.02830837480723858
8806,0.028308827430009842
8807,0.028308825567364693
8808,0.028308294713497162
8809,0.028308577835559845
8810,0.028308283537626266
8811,0.0283084474503994
8812,0.0283086858689785
8813,0.02830870822072029
8814,0.028308358043432236
8815,0.028308823704719543
8816,0.028308842331171036
8817,0.028308304026722908
8818,0.02830861136317253
8819,0.028308290988206863
8820,0.028308486565947533
8821,0.028308779001235962
8822,0.028308697044849396
8823,0.028308402746915817
8824,0.028308844193816185
8825,0.02830875851213932
8826,0.02830830030143261
8827,0.028308570384979248
8828,0.028308270499110222
8829,0.028308462351560593
8830,0.028308697044849396
8831,0.028308691456913948
8832,0.02830837108194828
8833,0.0283088106662035
8834,0.028308803215622902
8835,0.028308305889368057
8836,0.02830859273672104
8837,0.02830827608704567
8838,0.028308484703302383
8839,0.028308672830462456
8840,0.028308643028140068
8841,0.02830836921930313
8842,0.028308749198913574
8843,0.028308792039752007
8844,0.028308307752013206
8845,0.028308570384979248
8846,0.02830827608704567
8847,0.028308451175689697
8848,0.028308559209108353
8849,0.028308594599366188
8850,0.0283083226531744
8851,0.02830865979194641
8852,0.028308812528848648
8853,0.028308331966400146
8854,0.028308555483818054
8855,0.02830829657614231
8856,0.028308410197496414
8857,0.028308413922786713
8858,0.028308628126978874
8859,0.02830829657614231
8860,0.028308643028140068
8861,0.028308941051363945
8862,0.028308315202593803
8863,0.028308548033237457
8864,0.028308352455496788
8865,0.028308354318141937
8866,0.028308570384979248
8867,0.028308847919106483
8868,0.028308382257819176
8869,0.028308924287557602
8870,0.028308864682912827
8871,0.028308244422078133
8872,0.028308728709816933
8873,0.02830854430794716
8874,0.02830829657614231
8875,0.02830868400633335
8876,0.02830849215388298
8877,0.028308270499110222
8878,0.028308583423495293
8879,0.028308825567364693
8880,0.02830837480723858
8881,0.02830849587917328
8882,0.028308477252721786
8883,0.028308235108852386
8884,0.028308499604463577
8885,0.02830880507826805
8886,0.02830841951072216
8887,0.02830866351723671
8888,0.028308773413300514
8889,0.028308240696787834
8890,0.028308533132076263
8891,0.028308795765042305
8892,0.028308333829045296
8893,0.028308432549238205
8894,0.028308546170592308
8895,0.02830827608704567
8896,0.02830835059285164
8897,0.028308644890785217
8898,0.028308546170592308
8899,0.028308400884270668
8900,0.02830846980214119
8901,0.02830839529633522
8902,0.02830825001001358
8903,0.02830827794969082
8904,0.028308339416980743
8905,0.028308244422078133
8906,0.028308279812335968
8907,0.028308402746915817
8908,0.028308235108852386
8909,0.028308192268013954
8910,0.028308317065238953
8911,0.028308309614658356
8912,0.028308240696787834
8913,0.02830824814736843
8914,0.02830834686756134
8915,0.028308365494012833
8916,0.02830827422440052
8917,0.028308263048529625
8918,0.028308484703302383
8919,0.028308358043432236
8920,0.02830825187265873
8921,0.028308317065238953
8922,0.02830839715898037
8923,0.028308259323239326
8924,0.028308190405368805
8925,0.028308259323239326
8926,0.028308331966400146
8927,0.02830824814736843
8928,0.028308182954788208
8929,0.028308309614658356
8930,0.028308462351560593
8931,0.028308426961302757
8932,0.028308289125561714
8933,0.028308305889368057
8934,0.028308305889368057
8935,0.028308356180787086
8936,0.02830836921930313
8937,0.028308292850852013
8938,0.02830827422440052
8939,0.028308264911174774
8940,0.028308343142271042
8941,0.028308285400271416
8942,0.028308207169175148
8943,0.0283082015812397
8944,0.028308197855949402
8945,0.02830827422440052
8946,0.028308309614658356
8947,0.028308261185884476
8948,0.028308184817433357
8949,0.02830818109214306
8950,0.028308367356657982
8951,0.0283084474503994
8952,0.028308358043432236
8953,0.02830819971859455
8954,0.02830842137336731
8955,0.02830864116549492
8956,0.028308292850852013
8957,0.028308255597949028
8958,0.028308596462011337
8959,0.02830841951072216
8960,0.028308285400271416
8961,0.02830830030143261
8962,0.028308339416980743
8963,0.02830839343369007
8964,0.02830827608704567
8965,0.028308188542723656
8966,0.028308220207691193
8967,0.028308378532528877
8968,0.028308549895882607
8969,0.028308333829045296
8970,0.028308216482400894
8971,0.028308577835559845
8972,0.028308585286140442
8973,0.028308510780334473
8974,0.028308400884270668
8975,0.02830849401652813
8976,0.028308525681495667
8977,0.028308209031820297
8978,0.028308281674981117
8979,0.028308361768722534
8980,0.028308240696787834
8981,0.028308210894465446
8982,0.028308194130659103
8983,0.028308235108852386
8984,0.028308257460594177
8985,0.028308289125561714
8986,0.028308266773819923
8987,0.028308158740401268
8988,0.028308259323239326
8989,0.02830844558775425
8990,0.028308473527431488
8991,0.028308266773819923
8992,0.028308268636465073
8993,0.028308356180787086
8994,0.02830834873020649
8995,0.028308266773819923
8996,0.028308244422078133
8997,0.028308214619755745
8998,0.02830822765827179
8999,0.028308238834142685
9000,0.028308287262916565
9001,0.028308387845754623
9002,0.02830825001001358
9003,0.0283082015812397
9004,0.028308410197496414
9005,0.028308505192399025
9006,0.028308473527431488
9007,0.028308255597949028
9008,0.02830851823091507
9009,0.02830878272652626
9010,0.028308339416980743
9011,0.028308391571044922
9012,0.028308605775237083
9013,0.028308389708399773
9014,0.028308428823947906
9015,0.028308473527431488
9016,0.02830834686756134
9017,0.028308434411883354
9018,0.028308426961302757
9019,0.028308402746915817
9020,0.028308283537626266
9021,0.028308475390076637
9022,0.028308475390076637
9023,0.028308317065238953
9024,0.02830825373530388
9025,0.02830851636826992
9026,0.028308367356657982
9027,0.028308309614658356
9028,0.028308294713497162
9029,0.02830842137336731
9030,0.028308337554335594
9031,0.028308238834142685
9032,0.028308197855949402
9033,0.028308413922786713
9034,0.028308410197496414
9035,0.028308268636465073
9036,0.028308261185884476
9037,0.02830863744020462
9038,0.02830858714878559
9039,0.02830839529633522
9040,0.028308313339948654
9041,0.028308691456913948
9042,0.02830859273672104
9043,0.02830859087407589
9044,0.028308609500527382
9045,0.028308365494012833
9046,0.02830854058265686
9047,0.028308482840657234
9048,0.02830911986529827
9049,0.028308436274528503
9050,0.028309140354394913
9051,0.028309164568781853
9052,0.02830827236175537
9053,0.028309032320976257
9054,0.028308575972914696
9055,0.02830858901143074
9056,0.02830970101058483
9057,0.028308283537626266
9058,0.028308887034654617
9059,0.02830897644162178
9060,0.02830820530653
9061,0.02830885723233223
9062,0.02830917201936245
9063,0.028308358043432236
9064,0.028308728709816933
9065,0.028308669105172157
9066,0.028308242559432983
9067,0.02830839343369007
9068,0.028308458626270294
9069,0.028308305889368057
9070,0.0283084437251091
9071,0.02830858714878559
9072,0.028308449313044548
9073,0.028308244422078133
9074,0.028308533132076263
9075,0.028308600187301636
9076,0.028308667242527008
9077,0.028308620676398277
9078,0.028308473527431488
9079,0.02830858714878559
9080,0.028308391571044922
9081,0.028308885172009468
9082,0.028308577835559845
9083,0.028308644890785217
9084,0.028309166431427002
9085,0.028308426961302757
9086,0.028308644890785217
9087,0.028308555483818054
9088,0.028308337554335594
9089,0.02830907702445984
9090,0.0283088106662035
9091,0.028308555483818054
9092,0.028308939188718796
9093,0.028308477252721786
9094,0.02830837108194828
9095,0.028308959677815437
9096,0.028308754786849022
9097,0.028308559209108353
9098,0.028309134766459465
9099,0.02830835059285164
9100,0.028308559209108353
9101,0.028308488428592682
9102,0.0283082015812397
9103,0.02830863930284977
9104,0.02830859087407589
9105,0.02830846793949604
9106,0.028308359906077385
9107,0.0283086858689785
9108,0.02830827422440052
9109,0.028308412060141563
9110,0.0283084437251091
9111,0.028308209031820297
9112,0.028308508917689323
9113,0.028308693319559097
9114,0.02830873616039753
9115,0.028308387845754623
9116,0.02830897457897663
9117,0.0283085685223341
9118,0.028308596462011337
9119,0.02830883301794529
9120,0.028308287262916565
9121,0.02830888144671917
9122,0.02830839902162552
9123,0.028308618813753128
9124,0.028308482840657234
9125,0.028308521956205368
9126,0.028308715671300888
9127,0.028308436274528503
9128,0.028308596462011337
9129,0.028308315202593803
9130,0.028308555483818054
9131,0.02830851450562477
9132,0.028308847919106483
9133,0.028308453038334846
9134,0.028308939188718796
9135,0.028308654204010963
9136,0.028308343142271042
9137,0.028308633714914322
9138,0.028308264911174774
9139,0.02830856665968895
9140,0.02830871194601059
9141,0.028308678418397903
9142,0.028308486565947533
9143,0.02830890379846096
9144,0.028308678418397903
9145,0.028308408334851265
9146,0.028308717533946037
9147,0.028308210894465446
9148,0.028308844193816185
9149,0.028308415785431862
9150,0.028308473527431488
9151,0.028308413922786713
9152,0.028308367356657982
9153,0.028308415785431862
9154,0.02830839529633522
9155,0.028308507055044174
9156,0.0283082015812397
9157,0.028308546170592308
9158,0.028308425098657608
9159,0.028308605775237083
9160,0.02830825373530388
9161,0.02830863930284977
9162,0.02830849029123783
9163,0.028308434411883354
9164,0.02830853872001171
9165,0.028308242559432983
9166,0.02830856665968895
9167,0.02830839902162552
9168,0.02830858901143074
9169,0.028308283537626266
9170,0.028308596462011337
9171,0.028308698907494545
9172,0.02830849587917328
9173,0.02830865979194641
9174,0.02830834686756134
9175,0.028308551758527756
9176,0.02830861136317253
9177,0.028308913111686707
9178,0.02830842323601246
9179,0.028309030458331108
9180,0.02830883301794529
9181,0.028308259323239326
9182,0.02830875851213932
9183,0.028308330103754997
9184,0.028308473527431488
9185,0.028309019282460213
9186,0.02830859087407589
9187,0.028308561071753502
9188,0.028308916836977005
9189,0.02830841764807701
9190,0.02830829657614231
9191,0.028308451175689697
9192,0.028308166190981865
9193,0.02830849587917328
9194,0.028308674693107605
9195,0.028308670967817307
9196,0.028308380395174026
9197,0.028308888897299767
9198,0.02830861508846283
9199,0.028308456763625145
9200,0.028308717533946037
9201,0.028308246284723282
9202,0.028308773413300514
9203,0.028308475390076637
9204,0.028308579698204994
9205,0.028308430686593056
9206,0.028308577835559845
9207,0.028308700770139694
9208,0.028308331966400146
9209,0.028308559209108353
9210,0.028308257460594177
9211,0.028308512642979622
9212,0.028308503329753876
9213,0.028308723121881485
9214,0.028308380395174026
9215,0.028308819979429245
9216,0.028308818116784096
9217,0.028308270499110222
9218,0.02830865979194641
9219,0.028308264911174774
9220,0.028308581560850143
9221,0.028308726847171783
9222,0.02830864116549492
9223,0.028308434411883354
9224,0.028308821842074394
9225,0.02830868400633335
9226,0.028308289125561714
9227,0.028308622539043427
9228,0.028308207169175148
9229,0.028308646753430367
9230,0.028308680281043053
9231,0.02830858901143074
9232,0.02830842137336731
9233,0.02830866165459156
9234,0.028308747336268425
9235,0.02830827422440052
9236,0.028308529406785965
9237,0.028308236971497536
9238,0.028308454900979996
9239,0.028308434411883354
9240,0.028308698907494545
9241,0.028308317065238953
9242,0.028308747336268425
9243,0.02830890752375126
9244,0.028308261185884476
9245,0.02830865979194641
9246,0.028308339416980743
9247,0.028308451175689697
9248,0.028308937326073647
9249,0.02830861695110798
9250,0.0283084474503994
9251,0.028308864682912827
9252,0.028308559209108353
9253,0.028308270499110222
9254,0.028308482840657234
9255,0.028308190405368805
9256,0.028308425098657608
9257,0.028308583423495293
9258,0.028308726847171783
9259,0.02830834500491619
9260,0.02830885723233223
9261,0.02830875664949417
9262,0.028308311477303505
9263,0.028308643028140068
9264,0.028308283537626266
9265,0.02830856293439865
9266,0.028308723121881485
9267,0.028308691456913948
9268,0.028308451175689697
9269,0.028308862820267677
9270,0.028308644890785217
9271,0.028308281674981117
9272,0.028308602049946785
9273,0.02830822393298149
9274,0.028308633714914322
9275,0.028308724984526634
9276,0.028308555483818054
9277,0.028308438137173653
9278,0.028308704495429993
9279,0.028308648616075516
9280,0.02830827236175537
9281,0.028308507055044174
9282,0.028308209031820297
9283,0.028308451175689697
9284,0.028308413922786713
9285,0.028308676555752754
9286,0.028308292850852013
9287,0.028308743610978127
9288,0.028308803215622902
9289,0.028308283537626266
9290,0.028308657929301262
9291,0.02830830030143261
9292,0.028308508917689323
9293,0.02830882929265499
9294,0.028308657929301262
9295,0.028308480978012085
9296,0.02830885909497738
9297,0.028308585286140442
9298,0.028308270499110222
9299,0.02830854430794716
9300,0.02830818109214306
9301,0.02830856665968895
9302,0.0283086858689785
9303,0.028308654204010963
9304,0.02830842323601246
9305,0.028308752924203873
9306,0.028308721259236336
9307,0.028308281674981117
9308,0.02830858714878559
9309,0.028308236971497536
9310,0.028308512642979622
9311,0.02830849587917328
9312,0.028308629989624023
9313,0.02830835059285164
9314,0.028308680281043053
9315,0.02830873616039753
9316,0.028308264911174774
9317,0.028308585286140442
9318,0.028308263048529625
9319,0.028308464214205742
9320,0.028308672830462456
9321,0.028308678418397903
9322,0.028308408334851265
9323,0.028308816254138947
9324,0.028308629989624023
9325,0.02830825001001358
9326,0.028308559209108353
9327,0.02830820530653
9328,0.02830854430794716
9329,0.02830871194601059
9330,0.028308607637882233
9331,0.028308426961302757
9332,0.02830873429775238
9333,0.028308650478720665
9334,0.028308287262916565
9335,0.028308583423495293
9336,0.02830820530653
9337,0.028308574110269547
9338,0.028308527544140816
9339,0.028308622539043427
9340,0.028308376669883728
9341,0.028308643028140068
9342,0.028308667242527008
9343,0.02830827608704567
9344,0.028308548033237457
9345,0.028308214619755745
9346,0.02830849029123783
9347,0.028308454900979996
9348,0.02830866537988186
9349,0.028308352455496788
9350,0.028308697044849396
9351,0.028308767825365067
9352,0.02830824814736843
9353,0.028308600187301636
9354,0.028308246284723282
9355,0.02830849587917328
9356,0.028308674693107605
9357,0.028308628126978874
9358,0.028308412060141563
9359,0.028308745473623276
9360,0.028308646753430367
9361,0.02830825001001358
9362,0.028308546170592308
9363,0.0283082015812397
9364,0.02830849587917328
9365,0.028308626264333725
9366,0.02830864116549492
9367,0.02830839715898037
9368,0.028308717533946037
9369,0.02830866351723671
9370,0.02830827422440052
9371,0.028308572247624397
9372,0.028308209031820297
9373,0.028308534994721413
9374,0.028308533132076263
9375,0.02830864116549492
9376,0.028308385983109474
9377,0.02830866537988186
9378,0.028308682143688202
9379,0.028308257460594177
9380,0.0283085647970438
9381,0.028308218345046043
9382,0.028308499604463577
9383,0.028308549895882607
9384,0.028308644890785217
9385,0.028308380395174026
9386,0.028308682143688202
9387,0.028308704495429993
9388,0.028308246284723282
9389,0.028308555483818054
9390,0.028308220207691193
9391,0.028308475390076637
9392,0.02830854430794716
9393,0.02830863744020462
9394,0.028308361768722534
9395,0.028308717533946037
9396,0.028308676555752754
9397,0.02830825001001358
9398,0.028308579698204994
9399,0.028308231383562088
9400,0.028308534994721413
9401,0.028308717533946037
9402,0.028308583423495293
9403,0.028308426961302757
9404,0.0283086895942688
9405,0.028308626264333725
9406,0.028308266773819923
9407,0.028308529406785965
9408,0.02830819971859455
9409,0.028308499604463577
9410,0.02830852009356022
9411,0.02830863744020462
9412,0.028308354318141937
9413,0.028308693319559097
9414,0.028308676555752754
9415,0.02830825187265873
9416,0.028308548033237457
9417,0.028308242559432983
9418,0.028308477252721786
9419,0.028308622539043427
9420,0.028308629989624023
9421,0.028308385983109474
9422,0.028308717533946037
9423,0.02830866165459156
9424,0.02830825001001358
9425,0.02830854430794716
9426,0.0283082015812397
9427,0.028308486565947533
9428,0.028308570384979248
9429,0.028308646753430367
9430,0.028308382257819176
9431,0.028308691456913948
9432,0.028308680281043053
9433,0.028308246284723282
9434,0.028308548033237457
9435,0.028308218345046043
9436,0.028308479115366936
9437,0.02830854430794716
9438,0.028308633714914322
9439,0.028308367356657982
9440,0.02830868400633335
9441,0.028308672830462456
9442,0.028308246284723282
9443,0.0283085647970438
9444,0.028308220207691193
9445,0.028308501467108727
9446,0.028308624401688576
9447,0.02830861695110798
9448,0.028308404609560966
9449,0.028308678418397903
9450,0.028308672830462456
9451,0.028308244422078133
9452,0.028308521956205368
9453,0.028308207169175148
9454,0.028308475390076637
9455,0.028308521956205368
9456,0.028308609500527382
9457,0.028308339416980743
9458,0.028308682143688202
9459,0.028308633714914322
9460,0.028308235108852386
9461,0.028308523818850517
9462,0.028308240696787834
9463,0.02830846607685089
9464,0.028308702632784843
9465,0.028308603912591934
9466,0.028308408334851265
9467,0.02830873802304268
9468,0.028308622539043427
9469,0.028308263048529625
9470,0.028308525681495667
9471,0.028308194130659103
9472,0.028308505192399025
9473,0.028308529406785965
9474,0.028308594599366188
9475,0.028308352455496788
9476,0.028308657929301262
9477,0.02830861508846283
9478,0.028308242559432983
9479,0.028308501467108727
9480,0.028308222070336342
9481,0.028308453038334846
9482,0.028308594599366188
9483,0.028308624401688576
9484,0.02830836921930313
9485,0.028308702632784843
9486,0.02830866351723671
9487,0.028308255597949028
9488,0.02830853872001171
9489,0.02830819971859455
9490,0.02830846793949604
9491,0.02830849029123783
9492,0.028308596462011337
9493,0.028308341279625893
9494,0.028308667242527008
9495,0.028308643028140068
9496,0.028308236971497536
9497,0.028308521956205368
9498,0.02830822765827179
9499,0.02830846607685089
9500,0.02830866537988186
9501,0.028308594599366188
9502,0.028308384120464325
9503,0.028308700770139694
9504,0.02830863557755947
9505,0.028308264911174774
9506,0.02830851636826992
9507,0.028308195993304253
9508,0.0283084474503994
9509,0.02830846793949604
9510,0.028308594599366188
9511,0.02830832451581955
9512,0.028308650478720665
9513,0.028308652341365814
9514,0.028308231383562088
9515,0.028308512642979622
9516,0.028308259323239326
9517,0.028308434411883354
9518,0.028308697044849396
9519,0.02830859273672104
9520,0.02830839529633522
9521,0.028308752924203873
9522,0.02830858714878559
9523,0.02830827608704567
9524,0.028308521956205368
9525,0.028308182954788208
9526,0.028308462351560593
9527,0.028308480978012085
9528,0.028308603912591934
9529,0.028308330103754997
9530,0.02830866165459156
9531,0.028308624401688576
9532,0.028308238834142685
9533,0.028308507055044174
9534,0.028308235108852386
9535,0.028308451175689697
9536,0.02830866165459156
9537,0.02830859273672104
9538,0.028308387845754623
9539,0.02830873243510723
9540,0.028308629989624023
9541,0.028308270499110222
9542,0.028308523818850517
9543,0.028308186680078506
9544,0.02830847166478634
9545,0.028308486565947533
9546,0.02830858714878559
9547,0.028308331966400146
9548,0.02830864116549492
9549,0.028308603912591934
9550,0.028308235108852386
9551,0.02830849401652813
9552,0.028308233246207237
9553,0.028308432549238205
9554,0.028308626264333725
9555,0.028308600187301636
9556,0.02830837294459343
9557,0.028308723121881485
9558,0.028308624401688576
9559,0.028308266773819923
9560,0.028308533132076263
9561,0.028308184817433357
9562,0.02830847166478634
9563,0.028308482840657234
9564,0.028308598324656487
9565,0.02830834500491619
9566,0.028308652341365814
9567,0.028308600187301636
9568,0.028308235108852386
9569,0.028308501467108727
9570,0.028308214619755745
9571,0.028308453038334846
9572,0.028308626264333725
9573,0.02830858714878559
9574,0.02830837294459343
9575,0.028308693319559097
9576,0.028308648616075516
9577,0.02830827794969082
9578,0.028308521956205368
9579,0.02830819971859455
9580,0.028308460488915443
9581,0.028308486565947533
9582,0.028308603912591934
9583,0.028308328241109848
9584,0.028308644890785217
9585,0.02830861695110798
9586,0.028308220207691193
9587,0.02830851450562477
9588,0.028308268636465073
9589,0.028308402746915817
9590,0.028308656066656113
9591,0.028308561071753502
9592,0.028308378532528877
9593,0.028308741748332977
9594,0.02830854430794716
9595,0.02830827422440052
9596,0.028308527544140816
9597,0.02830817736685276
9598,0.02830846980214119
9599,0.02830852009356022
9600,0.02830861322581768
9601,0.028308359906077385
9602,0.028308706358075142
9603,0.028308553621172905
9604,0.02830824814736843
9605,0.028308507055044174
9606,0.028308186680078506
9607,0.02830849215388298
9608,0.028308596462011337
9609,0.028308581560850143
9610,0.028308367356657982
9611,0.02830863557755947
9612,0.028308670967817307
9613,0.028308289125561714
9614,0.028308534994721413
9615,0.028308212757110596
9616,0.028308479115366936
9617,0.02830849215388298
9618,0.028308585286140442
9619,0.028308341279625893
9620,0.028308609500527382
9621,0.028308600187301636
9622,0.028308209031820297
9623,0.02830849215388298
9624,0.028308266773819923
9625,0.028308343142271042
9626,0.028308561071753502
9627,0.028308574110269547
9628,0.0283083263784647
9629,0.028308767825365067
9630,0.02830852009356022
9631,0.028308240696787834
9632,0.02830849401652813
9633,0.028308182954788208
9634,0.028308458626270294
9635,0.028308693319559097
9636,0.028308603912591934
9637,0.028308404609560966
9638,0.028308669105172157
9639,0.028308644890785217
9640,0.028308331966400146
9641,0.02830854430794716
9642,0.028308236971497536
9643,0.028308499604463577
9644,0.028308385983109474
9645,0.02830846607685089
9646,0.0283083226531744
9647,0.0283084474503994
9648,0.028308531269431114
9649,0.028308261185884476
9650,0.028308456763625145
9651,0.02830825001001358
9652,0.028308335691690445
9653,0.028308430686593056
9654,0.028308682143688202
9655,0.02830832079052925
9656,0.028308777138590813
9657,0.02830854244530201
9658,0.028308212757110596
9659,0.02830849401652813
9660,0.028308257460594177
9661,0.028308343142271042
9662,0.028308501467108727
9663,0.028308406472206116
9664,0.028308218345046043
9665,0.02830856293439865
9666,0.028308775275945663
9667,0.028308531269431114
9668,0.02830854244530201
9669,0.028308352455496788
9670,0.028308572247624397
9671,0.028308341279625893
9672,0.028308501467108727
9673,0.028308454900979996
9674,0.02830858714878559
9675,0.028308555483818054
9676,0.028308244422078133
9677,0.028308536857366562
9678,0.0283082015812397
9679,0.028308410197496414
9680,0.0283088069409132
9681,0.028308551758527756
9682,0.028308413922786713
9683,0.02830861695110798
9684,0.028308283537626266
9685,0.02830824814736843
9686,0.02830846980214119
9687,0.0283083226531744
9688,0.028308477252721786
9689,0.028308510780334473
9690,0.028308389708399773
9691,0.02830829657614231
9692,0.028308600187301636
9693,0.028308602049946785
9694,0.028308585286140442
9695,0.028308561071753502
9696,0.02830834686756134
9697,0.028308656066656113
9698,0.028308246284723282
9699,0.02830861322581768
9700,0.028308751061558723
9701,0.028308454900979996
9702,0.02830854244530201
9703,0.028308426961302757
9704,0.028308462351560593
9705,0.02830830030143261
9706,0.028308507055044174
9707,0.028308531269431114
9708,0.028308400884270668
9709,0.02830827422440052
9710,0.028308391571044922
9711,0.02830837294459343
9712,0.028308173641562462
9713,0.028308261185884476
9714,0.028308264911174774
9715,0.02830856293439865
9716,0.028308570384979248
9717,0.028308389708399773
9718,0.028308382257819176
9719,0.02830858901143074
9720,0.028308503329753876
9721,0.02830839529633522
9722,0.028308356180787086
9723,0.028308305889368057
9724,0.028308385983109474
9725,0.028308134526014328
9726,0.02830836921930313
9727,0.028308255597949028
9728,0.02830832079052925
9729,0.028308384120464325
9730,0.028308339416980743
9731,0.02830830216407776
9732,0.028308216482400894
9733,0.028308318927884102
9734,0.028308259323239326
9735,0.02830853872001171
9736,0.028308337554335594
9737,0.028308281674981117
9738,0.028308367356657982
9739,0.02830815315246582
9740,0.028308240696787834
9741,0.028308194130659103
9742,0.02830825001001358
9743,0.0283083263784647
9744,0.028308233246207237
9745,0.028308246284723282
9746,0.028308328241109848
9747,0.028308378532528877
9748,0.02830834686756134
9749,0.028308246284723282
9750,0.028308285400271416
9751,0.028308266773819923
9752,0.028308242559432983
9753,0.028308216482400894
9754,0.02830819971859455
9755,0.02830812893807888
9756,0.028308147564530373
9757,0.028308119624853134
9758,0.028308138251304626
9759,0.028308119624853134
9760,0.028308112174272537
9761,0.02830810286104679
9762,0.02830812893807888
9763,0.028308136388659477
9764,0.028308162465691566
9765,0.028308095410466194
9766,0.02830815501511097
9767,0.028308222070336342
9768,0.02830827422440052
9769,0.028308192268013954
9770,0.028308210894465446
9771,0.028308333829045296
9772,0.028308343142271042
9773,0.028308255597949028
9774,0.0283082015812397
9775,0.02830834873020649
9776,0.028308304026722908
9777,0.028308317065238953
9778,0.028308289125561714
9779,0.028308479115366936
9780,0.02830824814736843
9781,0.02830822952091694
9782,0.028308367356657982
9783,0.02830834873020649
9784,0.02830819971859455
9785,0.028308194130659103
9786,0.02830818109214306
9787,0.028308121487498283
9788,0.028308192268013954
9789,0.02830832079052925
9790,0.028308561071753502
9791,0.028308289125561714
9792,0.028308194130659103
9793,0.028308385983109474
9794,0.02830856293439865
9795,0.028308479115366936
9796,0.028308171778917313
9797,0.028308354318141937
9798,0.028308793902397156
9799,0.0283084474503994
9800,0.028308240696787834
9801,0.028308691456913948
9802,0.028308723121881485
9803,0.028308356180787086
9804,0.02830825187265873
9805,0.028308354318141937
9806,0.028308546170592308
9807,0.028308244422078133
9808,0.028308192268013954
9809,0.02830819971859455
9810,0.02830827608704567
9811,0.028308415785431862
9812,0.028308358043432236
9813,0.02830815315246582
9814,0.028308194130659103
9815,0.028308480978012085
9816,0.028308888897299767
9817,0.028308430686593056
9818,0.028308413922786713
9819,0.028308983892202377
9820,0.028308426961302757
9821,0.02830836921930313
9822,0.028308583423495293
9823,0.028308188542723656
9824,0.028308462351560593
9825,0.02830858901143074
9826,0.02830871380865574
9827,0.028308307752013206
9828,0.02830876037478447
9829,0.028308989480137825
9830,0.028308264911174774
9831,0.028308462351560593
9832,0.028308331966400146
9833,0.028308259323239326
9834,0.02830827794969082
9835,0.02830837294459343
9836,0.028308311477303505
9837,0.028308240696787834
9838,0.028308633714914322
9839,0.028308650478720665
9840,0.028308473527431488
9841,0.02830836921930313
9842,0.028308721259236336
9843,0.028308847919106483
9844,0.02830846793949604
9845,0.028308505192399025
9846,0.028308439999818802
9847,0.028308426961302757
9848,0.02830841764807701
9849,0.02830858901143074
9850,0.028308480978012085
9851,0.028308376669883728
9852,0.028308682143688202
9853,0.028308605775237083
9854,0.028308263048529625
9855,0.02830849587917328
9856,0.028308501467108727
9857,0.028308292850852013
9858,0.028308222070336342
9859,0.028308147564530373
9860,0.02830825001001358
9861,0.028308358043432236
9862,0.028308339416980743
9863,0.028308186680078506
9864,0.02830822765827179
9865,0.028308313339948654
9866,0.028308380395174026
9867,0.028308246284723282
9868,0.0283082015812397
9869,0.028308207169175148
9870,0.028308190405368805
9871,0.02830827422440052
9872,0.02830824814736843
9873,0.02830822765827179
9874,0.028308123350143433
9875,0.028308149427175522
9876,0.02830827422440052
9877,0.02830841951072216
9878,0.028308359906077385
9879,0.028308173641562462
9880,0.02830827608704567
9881,0.028308549895882607
9882,0.028308333829045296
9883,0.028308169916272163
9884,0.02830827422440052
9885,0.028308533132076263
9886,0.028308693319559097
9887,0.028308454900979996
9888,0.028308313339948654
9889,0.028308844193816185
9890,0.028308624401688576
9891,0.02830834686756134
9892,0.028308521956205368
9893,0.02830819971859455
9894,0.028308439999818802
9895,0.02830841951072216
9896,0.028308777138590813
9897,0.02830827422440052
9898,0.028308765962719917
9899,0.028309142217040062
9900,0.028308168053627014
9901,0.028308551758527756
9902,0.028308363631367683
9903,0.02830822393298149
9904,0.028308922424912453
9905,0.028308860957622528
9906,0.02830844186246395
9907,0.028308860957622528
9908,0.028308546170592308
9909,0.028308166190981865
9910,0.028308631852269173
9911,0.028308814391493797
9912,0.028308331966400146
9913,0.028308628126978874
9914,0.028309086337685585
9915,0.02830825001001358
9916,0.028308400884270668
9917,0.028308585286140442
9918,0.028308158740401268
9919,0.028308387845754623
9920,0.028308682143688202
9921,0.028308575972914696
9922,0.028308555483818054
9923,0.028308555483818054
9924,0.028308426961302757
9925,0.028308380395174026
9926,0.02830863557755947
9927,0.02830834500491619
9928,0.028308387845754623
9929,0.02830870822072029
9930,0.02830834500491619
9931,0.02830846980214119
9932,0.028308629989624023
9933,0.02830834686756134
9934,0.028308352455496788
9935,0.028308354318141937
9936,0.028308270499110222
9937,0.02830839529633522
9938,0.028308361768722534
9939,0.028308313339948654
9940,0.028308171778917313
9941,0.028308212757110596
9942,0.028308233246207237
9943,0.028308147564530373
9944,0.028308112174272537
9945,0.02830820344388485
9946,0.028308136388659477
9947,0.028308168053627014
9948,0.028308147564530373
9949,0.02830810658633709
9950,0.028308134526014328
9951,0.028308112174272537
9952,0.028308091685175896
9953,0.028308119624853134
9954,0.02830813080072403
9955,0.02830813080072403
9956,0.028308093547821045
9957,0.028308114036917686
9958,0.028308236971497536
9959,0.028308318927884102
9960,0.028308233246207237
9961,0.028308171778917313
9962,0.02830824814736843
9963,0.028308207169175148
9964,0.028308147564530373
9965,0.02830810844898224
9966,0.028308210894465446
9967,0.02830822393298149
9968,0.028308143839240074
9969,0.02830810658633709
9970,0.02830822952091694
9971,0.028308389708399773
9972,0.02830830216407776
9973,0.028308158740401268
9974,0.028308555483818054
9975,0.02830856665968895
9976,0.028308406472206116
9977,0.028308387845754623
9978,0.02830839715898037
9979,0.028308283537626266
9980,0.028308188542723656
9981,0.028308331966400146
9982,0.0283082015812397
9983,0.028308216482400894
9984,0.028308268636465073
9985,0.02830846793949604
9986,0.02830830216407776
9987,0.028308100998401642
9988,0.028308456763625145
9989,0.028308497741818428
9990,0.02830841764807701
9991,0.028308333829045296
9992,0.028308575972914696
9993,0.028308657929301262
9994,0.028308289125561714
9995,0.02830827608704567
9996,0.028308505192399025
9997,0.028308505192399025
9998,0.028308548033237457
9999,0.02830830216407776
10000,0.028308304026722908
