epoch,loss
1,149889.203125
2,137477.1875
3,127088.9140625
4,116952.6015625
5,107874.7578125
6,99657.3828125
7,92303.1953125
8,85210.296875
9,78807.6484375
10,73174.296875
11,67816.8828125
12,63087.7734375
13,58793.47265625
14,54759.0546875
15,51118.57421875
16,47747.7109375
17,44704.53515625
18,41897.45703125
19,39338.00390625
20,36990.43359375
21,34816.12109375
22,32837.53125
23,31019.2578125
24,29331.908203125
25,27789.66015625
26,26358.419921875
27,25033.234375
28,23826.111328125
29,22691.025390625
30,21648.72265625
31,20675.935546875
32,19770.609375
33,18930.42578125
34,18150.94140625
35,17417.8671875
36,16730.7890625
37,16095.1240234375
38,15496.69140625
39,14929.765625
40,14406.0537109375
41,13912.8251953125
42,13448.9150390625
43,13008.3330078125
44,12591.8759765625
45,12200.1357421875
46,11829.419921875
47,11477.0439453125
48,11147.3037109375
49,10827.513671875
50,10530.3681640625
51,10242.3154296875
52,9971.2216796875
53,9710.8388671875
54,9462.2587890625
55,9227.888671875
56,9000.8779296875
57,8783.953125
58,8578.8662109375
59,8378.2705078125
60,8187.05517578125
61,8003.37158203125
62,7827.78564453125
63,7657.078125
64,7494.6025390625
65,7336.94970703125
66,7183.1943359375
67,7038.4228515625
68,6895.6201171875
69,6759.14306640625
70,6627.60009765625
71,6498.5908203125
72,6376.03662109375
73,6255.68212890625
74,6139.5390625
75,6028.58056640625
76,5916.537109375
77,5810.56982421875
78,5707.00830078125
79,5606.38134765625
80,5509.26904296875
81,5414.18603515625
82,5322.984375
83,5232.2568359375
84,5145.185546875
85,5060.201171875
86,4977.349609375
87,4897.23779296875
88,4817.42041015625
89,4740.89697265625
90,4665.810546875
91,4592.17431640625
92,4520.91650390625
93,4450.66064453125
94,4383.13525390625
95,4315.869140625
96,4251.228515625
97,4187.10498046875
98,4124.92236328125
99,4063.6884765625
100,4004.33251953125
101,3946.884521484375
102,3889.26708984375
103,3833.62255859375
104,3778.61181640625
105,3725.359130859375
106,3672.841552734375
107,3621.507568359375
108,3571.065673828125
109,3522.867919921875
110,3473.7451171875
111,3425.983642578125
112,3380.06298828125
113,3334.277099609375
114,3289.4814453125
115,3245.198486328125
116,3203.2978515625
117,3160.302978515625
118,3119.28369140625
119,3078.4697265625
120,3038.77734375
121,2999.792236328125
122,2960.985595703125
123,2923.153076171875
124,2886.4638671875
125,2850.209228515625
126,2813.66455078125
127,2778.4755859375
128,2744.103759765625
129,2710.340087890625
130,2676.634521484375
131,2644.09423828125
132,2612.23486328125
133,2580.52392578125
134,2548.79541015625
135,2518.36474609375
136,2488.54638671875
137,2458.749755859375
138,2429.736572265625
139,2400.997314453125
140,2372.580810546875
141,2345.034423828125
142,2317.94580078125
143,2290.736328125
144,2264.365478515625
145,2238.48291015625
146,2212.718505859375
147,2187.779052734375
148,2162.46337890625
149,2138.1064453125
150,2114.280517578125
151,2090.599609375
152,2067.173583984375
153,2044.35546875
154,2021.794921875
155,1999.328369140625
156,1977.7467041015625
157,1955.619384765625
158,1934.72998046875
159,1913.578857421875
160,1892.7900390625
161,1872.5885009765625
162,1852.5672607421875
163,1832.69580078125
164,1813.063232421875
165,1794.041259765625
166,1775.1741943359375
167,1756.1429443359375
168,1737.645263671875
169,1719.701416015625
170,1701.6209716796875
171,1683.8016357421875
172,1666.6142578125
173,1649.5098876953125
174,1632.6912841796875
175,1615.738525390625
176,1599.4473876953125
177,1583.0889892578125
178,1567.3309326171875
179,1551.446044921875
180,1535.731689453125
181,1520.0198974609375
182,1505.1788330078125
183,1490.0728759765625
184,1475.2265625
185,1460.6929931640625
186,1446.34912109375
187,1432.013916015625
188,1418.29736328125
189,1404.339111328125
190,1390.383056640625
191,1376.8201904296875
192,1363.41357421875
193,1350.5166015625
194,1337.3709716796875
195,1324.8934326171875
196,1312.17822265625
197,1299.747314453125
198,1287.0208740234375
199,1274.8677978515625
200,1262.7020263671875
201,1250.9393310546875
202,1239.21240234375
203,1227.7908935546875
204,1216.1806640625
205,1204.85498046875
206,1193.496337890625
207,1182.6463623046875
208,1171.589111328125
209,1160.6907958984375
210,1149.9193115234375
211,1139.7872314453125
212,1129.0001220703125
213,1118.9556884765625
214,1108.894775390625
215,1098.6563720703125
216,1089.0916748046875
217,1079.143798828125
218,1069.4041748046875
219,1059.75390625
220,1050.255615234375
221,1040.92236328125
222,1031.802978515625
223,1022.5672607421875
224,1013.7364501953125
225,1004.5198364257812
226,995.6001586914062
227,986.8334350585938
228,978.2914428710938
229,969.8573608398438
230,961.3595581054688
231,953.1585693359375
232,944.661376953125
233,936.50439453125
234,928.6074829101562
235,920.4464721679688
236,912.6610717773438
237,904.9544067382812
238,897.12060546875
239,889.4163818359375
240,881.7853393554688
241,874.3380737304688
242,867.071533203125
243,859.72021484375
244,852.3995971679688
245,845.1567993164062
246,838.1538696289062
247,831.1375122070312
248,824.2179565429688
249,817.4368896484375
250,810.65283203125
251,803.99267578125
252,797.1666259765625
253,790.7758178710938
254,784.18359375
255,777.6663208007812
256,771.2481689453125
257,765.0240478515625
258,758.8697509765625
259,752.8037109375
260,746.5863037109375
261,740.4841918945312
262,734.3409423828125
263,728.55712890625
264,722.8692626953125
265,716.8383178710938
266,711.1080932617188
267,705.5533447265625
268,699.8751220703125
269,694.238525390625
270,688.7277221679688
271,683.213134765625
272,677.9378051757812
273,672.3967895507812
274,667.236572265625
275,662.0513305664062
276,656.8994750976562
277,651.7125244140625
278,646.4227294921875
279,641.4840087890625
280,636.4556274414062
281,631.4557495117188
282,626.6735229492188
283,621.610107421875
284,616.9082641601562
285,612.136962890625
286,607.337158203125
287,602.7689208984375
288,598.2614135742188
289,593.554931640625
290,589.1259765625
291,584.6517333984375
292,580.0234985351562
293,575.6211547851562
294,571.2595825195312
295,566.9471435546875
296,562.6058349609375
297,558.4717407226562
298,554.2598876953125
299,550.162841796875
300,545.9351806640625
301,541.8345336914062
302,537.8671875
303,533.7586669921875
304,529.8040771484375
305,525.9519653320312
306,521.8897705078125
307,518.0946044921875
308,514.3800659179688
309,510.4283447265625
310,506.723388671875
311,502.9043273925781
312,499.19476318359375
313,495.59088134765625
314,491.95513916015625
315,488.42034912109375
316,484.91094970703125
317,481.1993103027344
318,477.8044128417969
319,474.3371276855469
320,470.8252868652344
321,467.4144287109375
322,464.12896728515625
323,460.72283935546875
324,457.41107177734375
325,454.1138000488281
326,450.8376770019531
327,447.74224853515625
328,444.40435791015625
329,441.2086486816406
330,438.15679931640625
331,435.018310546875
332,431.9811706542969
333,428.90875244140625
334,425.865234375
335,422.9123229980469
336,419.75653076171875
337,416.8489990234375
338,413.88751220703125
339,410.97747802734375
340,408.13201904296875
341,405.2872314453125
342,402.36199951171875
343,399.62860107421875
344,396.8119201660156
345,394.066162109375
346,391.3163757324219
347,388.58453369140625
348,385.8836364746094
349,383.2778015136719
350,380.5888366699219
351,377.9631042480469
352,375.3818054199219
353,372.7633361816406
354,370.1084899902344
355,367.7207946777344
356,365.0420837402344
357,362.58453369140625
358,360.13372802734375
359,357.7398986816406
360,355.2730407714844
361,352.8502502441406
362,350.41845703125
363,347.9955139160156
364,345.7011413574219
365,343.35205078125
366,341.1751708984375
367,338.6847229003906
368,336.3885803222656
369,334.2120666503906
370,331.8617858886719
371,329.69708251953125
372,327.4468994140625
373,325.2667236328125
374,323.1263732910156
375,320.9528503417969
376,318.7856140136719
377,316.6627197265625
378,314.61578369140625
379,312.4412536621094
380,310.3848571777344
381,308.4242858886719
382,306.3001708984375
383,304.2524108886719
384,302.2109069824219
385,300.2527160644531
386,298.4288024902344
387,296.3190612792969
388,294.4329528808594
389,292.5171813964844
390,290.50909423828125
391,288.66253662109375
392,286.78863525390625
393,284.90521240234375
394,283.0200500488281
395,281.1614990234375
396,279.2933044433594
397,277.5311279296875
398,275.7951965332031
399,273.9105224609375
400,272.1617736816406
401,270.37115478515625
402,268.6903381347656
403,266.94482421875
404,265.21722412109375
405,263.5062561035156
406,261.82196044921875
407,260.12860107421875
408,258.5880432128906
409,256.78204345703125
410,255.12351989746094
411,253.601806640625
412,251.9454345703125
413,250.32496643066406
414,248.70880126953125
415,247.1585235595703
416,245.6108856201172
417,244.04774475097656
418,242.50445556640625
419,240.9043426513672
420,239.4292755126953
421,237.8702392578125
422,236.3695831298828
423,234.91160583496094
424,233.4325714111328
425,231.92001342773438
426,230.4857940673828
427,229.04864501953125
428,227.5888214111328
429,226.17942810058594
430,224.71092224121094
431,223.35789489746094
432,221.97889709472656
433,220.61863708496094
434,219.20289611816406
435,217.83653259277344
436,216.4644317626953
437,215.0985565185547
438,213.78663635253906
439,212.49673461914062
440,211.1404571533203
441,209.82763671875
442,208.5294952392578
443,207.32566833496094
444,206.0256805419922
445,204.74842834472656
446,203.4781951904297
447,202.24267578125
448,200.9591522216797
449,199.75344848632812
450,198.4951171875
451,197.35850524902344
452,196.04656982421875
453,194.8905487060547
454,193.76361083984375
455,192.51852416992188
456,191.36029052734375
457,190.182861328125
458,189.06600952148438
459,187.85194396972656
460,186.7701416015625
461,185.5413818359375
462,184.52828979492188
463,183.33770751953125
464,182.24581909179688
465,181.0897674560547
466,180.04847717285156
467,178.92813110351562
468,177.87387084960938
469,176.83216857910156
470,175.78443908691406
471,174.6720733642578
472,173.6144561767578
473,172.6272735595703
474,171.5575714111328
475,170.5941925048828
476,169.54823303222656
477,168.49984741210938
478,167.49903869628906
479,166.47006225585938
480,165.4738311767578
481,164.52667236328125
482,163.5458984375
483,162.59010314941406
484,161.62954711914062
485,160.67010498046875
486,159.7012481689453
487,158.77001953125
488,157.7698516845703
489,156.82275390625
490,155.96031188964844
491,155.01890563964844
492,154.1207275390625
493,153.22169494628906
494,152.3217315673828
495,151.40394592285156
496,150.54824829101562
497,149.5882110595703
498,148.72589111328125
499,147.88551330566406
500,146.999755859375
501,146.1153564453125
502,145.26991271972656
503,144.4962158203125
504,143.59315490722656
505,142.7913055419922
506,141.93893432617188
507,141.087646484375
508,140.2519073486328
509,139.49124145507812
510,138.6404571533203
511,137.86166381835938
512,137.0357208251953
513,136.1988525390625
514,135.4087371826172
515,134.63894653320312
516,133.86859130859375
517,133.1363983154297
518,132.31332397460938
519,131.57666015625
520,130.8193817138672
521,130.01300048828125
522,129.3065948486328
523,128.55714416503906
524,127.85059356689453
525,127.05089569091797
526,126.3510513305664
527,125.57089233398438
528,124.87109375
529,124.17864990234375
530,123.43806457519531
531,122.7690658569336
532,122.06770324707031
533,121.39092254638672
534,120.63887786865234
535,119.939208984375
536,119.3248062133789
537,118.60639190673828
538,117.96976470947266
539,117.26544952392578
540,116.63145446777344
541,115.9552001953125
542,115.27425384521484
543,114.57503509521484
544,113.96109008789062
545,113.31092071533203
546,112.65217590332031
547,112.04434967041016
548,111.41468048095703
549,110.76704406738281
550,110.1350326538086
551,109.53868865966797
552,108.87165069580078
553,108.30072784423828
554,107.67417907714844
555,107.08008575439453
556,106.46987915039062
557,105.8606185913086
558,105.24910736083984
559,104.68489837646484
560,104.08155059814453
561,103.52491760253906
562,102.96879577636719
563,102.3329849243164
564,101.84844207763672
565,101.22566986083984
566,100.69225311279297
567,100.09317016601562
568,99.54390716552734
569,98.93661499023438
570,98.39830017089844
571,97.8567886352539
572,97.29741668701172
573,96.79400634765625
574,96.18688201904297
575,95.70746612548828
576,95.1729965209961
577,94.61959075927734
578,94.12771606445312
579,93.57681274414062
580,93.07218933105469
581,92.50145721435547
582,92.03568267822266
583,91.51660919189453
584,91.01869201660156
585,90.48539733886719
586,90.03727722167969
587,89.514404296875
588,89.04109954833984
589,88.51918029785156
590,88.02375030517578
591,87.52659606933594
592,87.08552551269531
593,86.5693588256836
594,86.0930404663086
595,85.64950561523438
596,85.16923522949219
597,84.71444702148438
598,84.20565032958984
599,83.7470703125
600,83.30634307861328
601,82.84695434570312
602,82.4150161743164
603,81.91946411132812
604,81.45624542236328
605,81.02169036865234
606,80.59825897216797
607,80.12983703613281
608,79.71202850341797
609,79.27113342285156
610,78.83030700683594
611,78.45903015136719
612,77.96629333496094
613,77.55622863769531
614,77.1089859008789
615,76.72235107421875
616,76.25572204589844
617,75.8801498413086
618,75.47859191894531
619,75.06169891357422
620,74.59539031982422
621,74.23192596435547
622,73.85424041748047
623,73.4322280883789
624,73.03837585449219
625,72.64508056640625
626,72.21539306640625
627,71.83368682861328
628,71.41710662841797
629,71.04346466064453
630,70.6871109008789
631,70.3138656616211
632,69.91081237792969
633,69.53955841064453
634,69.19033813476562
635,68.7892074584961
636,68.40966033935547
637,68.02915954589844
638,67.67354583740234
639,67.3370361328125
640,66.9406967163086
641,66.62068939208984
642,66.20967102050781
643,65.89009094238281
644,65.57625579833984
645,65.13017272949219
646,64.806640625
647,64.47798156738281
648,64.11829376220703
649,63.76539993286133
650,63.406375885009766
651,63.10976791381836
652,62.76211929321289
653,62.408180236816406
654,62.04595184326172
655,61.73830795288086
656,61.402095794677734
657,61.07060623168945
658,60.73163986206055
659,60.42558288574219
660,60.077667236328125
661,59.78339767456055
662,59.436954498291016
663,59.14665985107422
664,58.85847473144531
665,58.46710205078125
666,58.20616912841797
667,57.896568298339844
668,57.55976867675781
669,57.26513671875
670,56.93691635131836
671,56.64090347290039
672,56.341793060302734
673,56.04905700683594
674,55.80189514160156
675,55.451515197753906
676,55.15717315673828
677,54.88261413574219
678,54.567710876464844
679,54.29632568359375
680,54.03058624267578
681,53.732845306396484
682,53.39497375488281
683,53.1383056640625
684,52.84927749633789
685,52.550498962402344
686,52.2822151184082
687,52.0316162109375
688,51.76283264160156
689,51.48647689819336
690,51.186798095703125
691,50.92717361450195
692,50.64126968383789
693,50.38374710083008
694,50.10602569580078
695,49.8772087097168
696,49.587310791015625
697,49.327640533447266
698,49.04691696166992
699,48.83444595336914
700,48.53726577758789
701,48.2682991027832
702,48.02805709838867
703,47.780982971191406
704,47.4951286315918
705,47.271705627441406
706,47.01810073852539
707,46.75578308105469
708,46.498779296875
709,46.32173538208008
710,46.029815673828125
711,45.81629943847656
712,45.5497932434082
713,45.27458572387695
714,45.09980773925781
715,44.85782241821289
716,44.60133361816406
717,44.38156509399414
718,44.13119888305664
719,43.910743713378906
720,43.647247314453125
721,43.46692657470703
722,43.22223663330078
723,42.95760726928711
724,42.75669860839844
725,42.53614807128906
726,42.302703857421875
727,42.084476470947266
728,41.84372329711914
729,41.63681411743164
730,41.43051528930664
731,41.19584274291992
732,40.97209167480469
733,40.72720718383789
734,40.55355453491211
735,40.359745025634766
736,40.14939880371094
737,39.91630172729492
738,39.758602142333984
739,39.472347259521484
740,39.309322357177734
741,39.1131477355957
742,38.88338088989258
743,38.68410110473633
744,38.465938568115234
745,38.2984619140625
746,38.06999206542969
747,37.89828109741211
748,37.70783996582031
749,37.484596252441406
750,37.27842712402344
751,37.1111946105957
752,36.88081359863281
753,36.734493255615234
754,36.51234817504883
755,36.32648468017578
756,36.13408279418945
757,35.96688461303711
758,35.78178787231445
759,35.58390808105469
760,35.386558532714844
761,35.18788146972656
762,35.04479217529297
763,34.81926345825195
764,34.65260314941406
765,34.45515060424805
766,34.30206298828125
767,34.13301467895508
768,33.95942306518555
769,33.7594108581543
770,33.582027435302734
771,33.43522644042969
772,33.27257537841797
773,33.095252990722656
774,32.88642883300781
775,32.70249938964844
776,32.54861831665039
777,32.37744140625
778,32.212623596191406
779,32.0639762878418
780,31.837905883789062
781,31.721689224243164
782,31.535274505615234
783,31.38558006286621
784,31.241249084472656
785,31.07747459411621
786,30.887617111206055
787,30.729846954345703
788,30.55746841430664
789,30.417102813720703
790,30.26526641845703
791,30.07723045349121
792,29.93390464782715
793,29.78011703491211
794,29.636892318725586
795,29.485280990600586
796,29.343942642211914
797,29.194664001464844
798,29.033748626708984
799,28.859434127807617
800,28.72250747680664
801,28.602001190185547
802,28.423612594604492
803,28.262882232666016
804,28.156251907348633
805,27.954051971435547
806,27.8308162689209
807,27.698469161987305
808,27.570613861083984
809,27.419328689575195
810,27.29552459716797
811,27.164955139160156
812,26.984848022460938
813,26.83645248413086
814,26.719444274902344
815,26.55286407470703
816,26.443098068237305
817,26.288820266723633
818,26.169954299926758
819,26.062036514282227
820,25.872882843017578
821,25.71693229675293
822,25.629009246826172
823,25.476863861083984
824,25.338748931884766
825,25.218626022338867
826,25.133575439453125
827,24.964033126831055
828,24.856117248535156
829,24.707143783569336
830,24.583560943603516
831,24.467567443847656
832,24.340837478637695
833,24.18324089050293
834,24.058412551879883
835,23.951017379760742
836,23.82700538635254
837,23.7076358795166
838,23.572187423706055
839,23.463340759277344
840,23.33786392211914
841,23.240495681762695
842,23.087297439575195
843,23.000123977661133
844,22.849674224853516
845,22.689388275146484
846,22.617271423339844
847,22.506919860839844
848,22.37502098083496
849,22.28057861328125
850,22.139753341674805
851,22.041440963745117
852,21.914445877075195
853,21.797779083251953
854,21.704708099365234
855,21.548229217529297
856,21.490684509277344
857,21.35982322692871
858,21.26128578186035
859,21.12872314453125
860,21.026180267333984
861,20.934873580932617
862,20.840185165405273
863,20.71944808959961
864,20.595916748046875
865,20.504474639892578
866,20.39839744567871
867,20.30405616760254
868,20.174020767211914
869,20.08053970336914
870,19.980144500732422
871,19.85304832458496
872,19.74472427368164
873,19.647367477416992
874,19.556995391845703
875,19.442174911499023
876,19.342485427856445
877,19.262985229492188
878,19.180330276489258
879,19.045852661132812
880,18.95246696472168
881,18.84285545349121
882,18.764570236206055
883,18.692474365234375
884,18.56834602355957
885,18.506805419921875
886,18.39905548095703
887,18.2828426361084
888,18.204017639160156
889,18.0959415435791
890,18.009857177734375
891,17.88667869567871
892,17.80837059020996
893,17.726877212524414
894,17.635984420776367
895,17.532821655273438
896,17.44081687927246
897,17.350446701049805
898,17.25562858581543
899,17.17949676513672
900,17.089900970458984
901,17.001373291015625
902,16.918493270874023
903,16.841691970825195
904,16.74176597595215
905,16.682634353637695
906,16.57133674621582
907,16.45853614807129
908,16.39775276184082
909,16.347370147705078
910,16.238231658935547
911,16.149484634399414
912,16.07670021057129
913,15.975638389587402
914,15.889710426330566
915,15.828868865966797
916,15.740163803100586
917,15.661215782165527
918,15.60008430480957
919,15.49731731414795
920,15.385272026062012
921,15.328245162963867
922,15.239803314208984
923,15.151933670043945
924,15.101130485534668
925,15.001648902893066
926,14.948671340942383
927,14.860907554626465
928,14.78433895111084
929,14.688413619995117
930,14.65423583984375
931,14.550470352172852
932,14.475327491760254
933,14.410303115844727
934,14.313000679016113
935,14.270387649536133
936,14.1810302734375
937,14.104900360107422
938,14.038604736328125
939,13.96846866607666
940,13.899922370910645
941,13.794801712036133
942,13.75500202178955
943,13.703545570373535
944,13.600680351257324
945,13.539437294006348
946,13.442268371582031
947,13.398882865905762
948,13.320631980895996
949,13.276226997375488
950,13.20649528503418
951,13.136672973632812
952,13.02845573425293
953,12.99379825592041
954,12.925331115722656
955,12.842766761779785
956,12.786761283874512
957,12.732352256774902
958,12.649555206298828
959,12.575847625732422
960,12.53155517578125
961,12.450061798095703
962,12.384342193603516
963,12.357160568237305
964,12.250457763671875
965,12.177408218383789
966,12.148653030395508
967,12.080889701843262
968,12.000858306884766
969,11.922578811645508
970,11.904181480407715
971,11.805830955505371
972,11.763457298278809
973,11.693358421325684
974,11.645025253295898
975,11.59538459777832
976,11.50665283203125
977,11.502359390258789
978,11.409952163696289
979,11.379597663879395
980,11.284411430358887
981,11.219584465026855
982,11.150601387023926
983,11.096270561218262
984,11.05441665649414
985,11.003555297851562
986,10.935675621032715
987,10.885262489318848
988,10.806037902832031
989,10.745953559875488
990,10.712454795837402
991,10.672029495239258
992,10.603347778320312
993,10.534523963928223
994,10.490379333496094
995,10.434664726257324
996,10.374374389648438
997,10.33552074432373
998,10.2769193649292
999,10.234572410583496
1000,10.133530616760254
1001,10.134116172790527
1002,10.058008193969727
1003,10.005334854125977
1004,9.967485427856445
1005,9.903680801391602
1006,9.870809555053711
1007,9.790846824645996
1008,9.724716186523438
1009,9.707262992858887
1010,9.64041805267334
1011,9.6001558303833
1012,9.526214599609375
1013,9.508979797363281
1014,9.426777839660645
1015,9.41655158996582
1016,9.347166061401367
1017,9.30274772644043
1018,9.254886627197266
1019,9.20363998413086
1020,9.165999412536621
1021,9.082500457763672
1022,9.048734664916992
1023,9.011364936828613
1024,9.0132474899292
1025,8.892011642456055
1026,8.880220413208008
1027,8.82679271697998
1028,8.779479026794434
1029,8.735196113586426
1030,8.69257926940918
1031,8.62804126739502
1032,8.60009479522705
1033,8.56229305267334
1034,8.491795539855957
1035,8.467824935913086
1036,8.42686653137207
1037,8.379642486572266
1038,8.340106010437012
1039,8.296021461486816
1040,8.260175704956055
1041,8.206182479858398
1042,8.138461112976074
1043,8.133033752441406
1044,8.058364868164062
1045,8.050297737121582
1046,7.984066486358643
1047,7.9431586265563965
1048,7.924137592315674
1049,7.852272987365723
1050,7.8167829513549805
1051,7.790767669677734
1052,7.771064281463623
1053,7.713078022003174
1054,7.650201320648193
1055,7.626588821411133
1056,7.577620506286621
1057,7.541610240936279
1058,7.496037006378174
1059,7.480949878692627
1060,7.3959832191467285
1061,7.3691606521606445
1062,7.334190368652344
1063,7.3260297775268555
1064,7.283614635467529
1065,7.248760223388672
1066,7.1635823249816895
1067,7.145130634307861
1068,7.104162693023682
1069,7.072664737701416
1070,7.008728504180908
1071,6.999769687652588
1072,6.9644575119018555
1073,6.931894302368164
1074,6.88344669342041
1075,6.866359233856201
1076,6.825047492980957
1077,6.755959510803223
1078,6.771365165710449
1079,6.7297258377075195
1080,6.687630653381348
1081,6.645714282989502
1082,6.644839286804199
1083,6.5785064697265625
1084,6.5378804206848145
1085,6.503140926361084
1086,6.452788829803467
1087,6.404934406280518
1088,6.406886100769043
1089,6.36834716796875
1090,6.331625938415527
1091,6.325384140014648
1092,6.275460243225098
1093,6.224353313446045
1094,6.191501617431641
1095,6.158112525939941
1096,6.143035411834717
1097,6.105373382568359
1098,6.065130233764648
1099,6.048488140106201
1100,6.012054443359375
1101,5.992021560668945
1102,5.958772659301758
1103,5.895405292510986
1104,5.893778324127197
1105,5.859069347381592
1106,5.786566257476807
1107,5.790831565856934
1108,5.768802642822266
1109,5.710370063781738
1110,5.699224472045898
1111,5.651463508605957
1112,5.625462055206299
1113,5.639336109161377
1114,5.6035990715026855
1115,5.541142463684082
1116,5.527363300323486
1117,5.495088577270508
1118,5.484131336212158
1119,5.436628818511963
1120,5.398660182952881
1121,5.374866008758545
1122,5.353891372680664
1123,5.32504940032959
1124,5.282305717468262
1125,5.247258186340332
1126,5.218504905700684
1127,5.196619033813477
1128,5.1739325523376465
1129,5.15261697769165
1130,5.130772113800049
1131,5.110599994659424
1132,5.072961807250977
1133,5.043789386749268
1134,5.033747673034668
1135,5.009948253631592
1136,4.981788158416748
1137,4.934413909912109
1138,4.922114372253418
1139,4.883739471435547
1140,4.894698619842529
1141,4.834182262420654
1142,4.829579830169678
1143,4.790103912353516
1144,4.755251884460449
1145,4.732285976409912
1146,4.706377983093262
1147,4.679062366485596
1148,4.649271488189697
1149,4.645781993865967
1150,4.616605758666992
1151,4.5804524421691895
1152,4.55311393737793
1153,4.520312309265137
1154,4.4994611740112305
1155,4.470616817474365
1156,4.464108943939209
1157,4.448627948760986
1158,4.415811061859131
1159,4.388440132141113
1160,4.387904167175293
1161,4.339879035949707
1162,4.3408708572387695
1163,4.309096336364746
1164,4.266711711883545
1165,4.27540397644043
1166,4.212361812591553
1167,4.201674461364746
1168,4.187535762786865
1169,4.155900478363037
1170,4.137481689453125
1171,4.114376544952393
1172,4.110230922698975
1173,4.065632343292236
1174,4.045517444610596
1175,4.0228271484375
1176,4.027712821960449
1177,3.9985949993133545
1178,3.9624385833740234
1179,3.9636404514312744
1180,3.9251041412353516
1181,3.9202516078948975
1182,3.878349781036377
1183,3.8618149757385254
1184,3.8306193351745605
1185,3.8177382946014404
1186,3.782305955886841
1187,3.7706313133239746
1188,3.7744522094726562
1189,3.753857374191284
1190,3.719686269760132
1191,3.7082905769348145
1192,3.6779086589813232
1193,3.6788251399993896
1194,3.6254160404205322
1195,3.6394593715667725
1196,3.623751640319824
1197,3.5973997116088867
1198,3.572493076324463
1199,3.5152974128723145
1200,3.521238327026367
1201,3.500896453857422
1202,3.4897210597991943
1203,3.467304229736328
1204,3.44065260887146
1205,3.4359290599823
1206,3.4252429008483887
1207,3.3799664974212646
1208,3.375013828277588
1209,3.3705291748046875
1210,3.348858594894409
1211,3.307222604751587
1212,3.3043603897094727
1213,3.290861129760742
1214,3.2752461433410645
1215,3.228224515914917
1216,3.2377946376800537
1217,3.219924211502075
1218,3.1722869873046875
1219,3.2031304836273193
1220,3.1781461238861084
1221,3.1523900032043457
1222,3.1168203353881836
1223,3.1086573600769043
1224,3.0903358459472656
1225,3.0913455486297607
1226,3.057792901992798
1227,3.0242726802825928
1228,3.041945457458496
1229,3.0157065391540527
1230,3.040644407272339
1231,2.9919257164001465
1232,2.973079204559326
1233,2.946719169616699
1234,2.937128782272339
1235,2.913365125656128
1236,2.8956611156463623
1237,2.8932929039001465
1238,2.8564701080322266
1239,2.8499763011932373
1240,2.863964080810547
1241,2.8308138847351074
1242,2.812119483947754
1243,2.8015828132629395
1244,2.794762372970581
1245,2.788041830062866
1246,2.7695271968841553
1247,2.7448785305023193
1248,2.7151618003845215
1249,2.7100024223327637
1250,2.682676315307617
1251,2.675281047821045
1252,2.666896104812622
1253,2.6451148986816406
1254,2.6255669593811035
1255,2.5961191654205322
1256,2.613905668258667
1257,2.5903806686401367
1258,2.568192720413208
1259,2.561020851135254
1260,2.5404958724975586
1261,2.548593759536743
1262,2.508288860321045
1263,2.5147547721862793
1264,2.4945976734161377
1265,2.481847047805786
1266,2.4570672512054443
1267,2.453730344772339
1268,2.4820172786712646
1269,2.4146082401275635
1270,2.4079477787017822
1271,2.3916149139404297
1272,2.401766538619995
1273,2.375175952911377
1274,2.394144296646118
1275,2.3502416610717773
1276,2.338547468185425
1277,2.33198881149292
1278,2.3232367038726807
1279,2.3038477897644043
1280,2.293328046798706
1281,2.27217960357666
1282,2.2724087238311768
1283,2.2559356689453125
1284,2.2440829277038574
1285,2.219775438308716
1286,2.2038965225219727
1287,2.195849895477295
1288,2.188419818878174
1289,2.1883089542388916
1290,2.152082681655884
1291,2.154827833175659
1292,2.1375439167022705
1293,2.1422672271728516
1294,2.152122735977173
1295,2.1217007637023926
1296,2.1168324947357178
1297,2.1122517585754395
1298,2.0815069675445557
1299,2.060912609100342
1300,2.080672264099121
1301,2.0455679893493652
1302,2.0454556941986084
1303,2.0366344451904297
1304,2.024179697036743
1305,2.019864797592163
1306,1.9884757995605469
1307,1.970370888710022
1308,1.9787330627441406
1309,1.9727153778076172
1310,1.9426203966140747
1311,1.9499878883361816
1312,1.924403429031372
1313,1.9230722188949585
1314,1.8980257511138916
1315,1.880295753479004
1316,1.8776681423187256
1317,1.8817371129989624
1318,1.8599025011062622
1319,1.8539965152740479
1320,1.8462327718734741
1321,1.8139292001724243
1322,1.841644287109375
1323,1.824745774269104
1324,1.8070447444915771
1325,1.811365008354187
1326,1.8043488264083862
1327,1.7848248481750488
1328,1.7523103952407837
1329,1.738227367401123
1330,1.7500327825546265
1331,1.735687017440796
1332,1.7153799533843994
1333,1.733054518699646
1334,1.6907310485839844
1335,1.7213479280471802
1336,1.6777466535568237
1337,1.68340003490448
1338,1.6748411655426025
1339,1.647335171699524
1340,1.6538527011871338
1341,1.6308550834655762
1342,1.6389460563659668
1343,1.607905387878418
1344,1.6104518175125122
1345,1.6246082782745361
1346,1.5992166996002197
1347,1.5975439548492432
1348,1.5906862020492554
1349,1.575790286064148
1350,1.5758830308914185
1351,1.5392696857452393
1352,1.5436592102050781
1353,1.557682752609253
1354,1.536098599433899
1355,1.5170230865478516
1356,1.5182441473007202
1357,1.5187859535217285
1358,1.491295576095581
1359,1.4892057180404663
1360,1.4790730476379395
1361,1.4781672954559326
1362,1.4553323984146118
1363,1.467641830444336
1364,1.4649631977081299
1365,1.4315239191055298
1366,1.4359186887741089
1367,1.4410721063613892
1368,1.4109609127044678
1369,1.4060189723968506
1370,1.4020577669143677
1371,1.3816674947738647
1372,1.3762497901916504
1373,1.3802785873413086
1374,1.3720332384109497
1375,1.3818632364273071
1376,1.3664774894714355
1377,1.320845365524292
1378,1.3215798139572144
1379,1.334526777267456
1380,1.3381601572036743
1381,1.329419732093811
1382,1.3085544109344482
1383,1.3177052736282349
1384,1.3030478954315186
1385,1.3069764375686646
1386,1.2928810119628906
1387,1.2881380319595337
1388,1.2750157117843628
1389,1.280247688293457
1390,1.2554007768630981
1391,1.2739405632019043
1392,1.2375330924987793
1393,1.2466351985931396
1394,1.2254701852798462
1395,1.2080988883972168
1396,1.2262969017028809
1397,1.2113430500030518
1398,1.2001957893371582
1399,1.2082926034927368
1400,1.1874778270721436
1401,1.18269944190979
1402,1.1679860353469849
1403,1.1581640243530273
1404,1.1486382484436035
1405,1.1559414863586426
1406,1.1546467542648315
1407,1.151634693145752
1408,1.1359823942184448
1409,1.150362491607666
1410,1.1102265119552612
1411,1.1095644235610962
1412,1.0992698669433594
1413,1.0961501598358154
1414,1.1029775142669678
1415,1.0964429378509521
1416,1.0957685708999634
1417,1.1034376621246338
1418,1.0861653089523315
1419,1.1055952310562134
1420,1.0852725505828857
1421,1.066923975944519
1422,1.0416924953460693
1423,1.0373724699020386
1424,1.0542291402816772
1425,1.0234079360961914
1426,1.0396755933761597
1427,1.0243940353393555
1428,1.0296920537948608
1429,1.0238258838653564
1430,1.0041649341583252
1431,0.9979901313781738
1432,0.9954459071159363
1433,1.012253999710083
1434,0.9942256212234497
1435,1.0145702362060547
1436,0.9824768304824829
1437,0.9850994348526001
1438,0.9850968718528748
1439,0.9666733145713806
1440,0.9573807120323181
1441,0.9393846392631531
1442,0.9444870948791504
1443,0.9512810111045837
1444,0.9316672086715698
1445,0.9306226372718811
1446,0.9356151819229126
1447,0.9150161147117615
1448,0.9305163621902466
1449,0.9150893092155457
1450,0.8995183706283569
1451,0.8898687362670898
1452,0.8987122774124146
1453,0.8971883058547974
1454,0.8805745244026184
1455,0.8924569487571716
1456,0.8790640830993652
1457,0.885625958442688
1458,0.8770157694816589
1459,0.8601840138435364
1460,0.8536894917488098
1461,0.8564435243606567
1462,0.856805682182312
1463,0.8411608934402466
1464,0.8925092220306396
1465,0.8437483310699463
1466,0.8275137543678284
1467,0.8398348093032837
1468,0.8291605710983276
1469,0.825563371181488
1470,0.8107806444168091
1471,0.7905846834182739
1472,0.8048800230026245
1473,0.794010579586029
1474,0.7894213199615479
1475,0.8025064468383789
1476,0.8044763803482056
1477,0.7932938933372498
1478,0.770492434501648
1479,0.7788763642311096
1480,0.7497453093528748
1481,0.7732213139533997
1482,0.7626936435699463
1483,0.7656916379928589
1484,0.7581170797348022
1485,0.7541297674179077
1486,0.7805505990982056
1487,0.7601612210273743
1488,0.7461755275726318
1489,0.7298313975334167
1490,0.734678328037262
1491,0.730150580406189
1492,0.7254711985588074
1493,0.7173896431922913
1494,0.7070999145507812
1495,0.7163955569267273
1496,0.7063223719596863
1497,0.7080261707305908
1498,0.699607253074646
1499,0.6909880638122559
1500,0.696508526802063
1501,0.694722056388855
1502,0.6873011589050293
1503,0.7078220248222351
1504,0.6868148446083069
1505,0.6697958707809448
1506,0.6801361441612244
1507,0.6717866659164429
1508,0.6850794553756714
1509,0.6844457387924194
1510,0.6664083003997803
1511,0.665686845779419
1512,0.6365160942077637
1513,0.6576593518257141
1514,0.6658309698104858
1515,0.6434605121612549
1516,0.6389619708061218
1517,0.6682422161102295
1518,0.6424373388290405
1519,0.6427284479141235
1520,0.612528920173645
1521,0.6391037106513977
1522,0.6150563359260559
1523,0.6104433536529541
1524,0.602839469909668
1525,0.6139316558837891
1526,0.5952872037887573
1527,0.6148664355278015
1528,0.5688842535018921
1529,0.5748579502105713
1530,0.6054684519767761
1531,0.592044472694397
1532,0.5975100994110107
1533,0.5832571983337402
1534,0.5898218154907227
1535,0.5585278272628784
1536,0.5764867067337036
1537,0.5811299681663513
1538,0.5901440382003784
1539,0.5510842204093933
1540,0.5519841313362122
1541,0.5606479644775391
1542,0.5403485298156738
1543,0.555501401424408
1544,0.5618332624435425
1545,0.5615482330322266
1546,0.5550934076309204
1547,0.5405616164207458
1548,0.5497286319732666
1549,0.5400005578994751
1550,0.539940595626831
1551,0.5201578736305237
1552,0.5162118673324585
1553,0.5304723381996155
1554,0.5300643444061279
1555,0.5133078694343567
1556,0.5146384835243225
1557,0.5390080213546753
1558,0.5337374210357666
1559,0.5290091037750244
1560,0.5365995764732361
1561,0.4831188917160034
1562,0.5220341682434082
1563,0.5126577615737915
1564,0.5381613373756409
1565,0.5073295831680298
1566,0.47955945134162903
1567,0.4836534261703491
1568,0.4863739013671875
1569,0.5001817941665649
1570,0.4811118245124817
1571,0.5001650452613831
1572,0.4773288369178772
1573,0.4670218825340271
1574,0.47161149978637695
1575,0.45419108867645264
1576,0.4808749854564667
1577,0.49146607518196106
1578,0.4697652757167816
1579,0.46789073944091797
1580,0.4864543080329895
1581,0.4605567753314972
1582,0.46185484528541565
1583,0.47269055247306824
1584,0.44928842782974243
1585,0.44162386655807495
1586,0.4403584897518158
1587,0.43846359848976135
1588,0.441891074180603
1589,0.4546818733215332
1590,0.4365398585796356
1591,0.4314645230770111
1592,0.41755223274230957
1593,0.4374440312385559
1594,0.42336493730545044
1595,0.42097556591033936
1596,0.43295741081237793
1597,0.42337411642074585
1598,0.4242095947265625
1599,0.42292317748069763
1600,0.41485339403152466
1601,0.4230269491672516
1602,0.4285784661769867
1603,0.41605234146118164
1604,0.3928545117378235
1605,0.402283638715744
1606,0.4067656993865967
1607,0.39750900864601135
1608,0.4045430123806
1609,0.38610905408859253
1610,0.4151191711425781
1611,0.3824036121368408
1612,0.39787229895591736
1613,0.39132004976272583
1614,0.38228654861450195
1615,0.38320720195770264
1616,0.4050039052963257
1617,0.39737576246261597
1618,0.3765948414802551
1619,0.387234091758728
1620,0.3849119544029236
1621,0.3842598795890808
1622,0.3662317395210266
1623,0.3629745543003082
1624,0.3558956980705261
1625,0.3612229824066162
1626,0.357294499874115
1627,0.3564291000366211
1628,0.36782971024513245
1629,0.34934306144714355
1630,0.35366541147232056
1631,0.3716036379337311
1632,0.34904491901397705
1633,0.3690800070762634
1634,0.363874614238739
1635,0.34294605255126953
1636,0.3504091501235962
1637,0.35151076316833496
1638,0.3502751588821411
1639,0.33874446153640747
1640,0.3432765007019043
1641,0.341408908367157
1642,0.3426254689693451
1643,0.34006616473197937
1644,0.3335850238800049
1645,0.33376675844192505
1646,0.31883350014686584
1647,0.34669044613838196
1648,0.34788399934768677
1649,0.33571088314056396
1650,0.31968826055526733
1651,0.3444574475288391
1652,0.3358604609966278
1653,0.31703394651412964
1654,0.3321186900138855
1655,0.33094173669815063
1656,0.3333970308303833
1657,0.32048046588897705
1658,0.32036781311035156
1659,0.31984519958496094
1660,0.3313101530075073
1661,0.2946617603302002
1662,0.3164435625076294
1663,0.29801952838897705
1664,0.2970234751701355
1665,0.3074718415737152
1666,0.3070223927497864
1667,0.3081144690513611
1668,0.30278390645980835
1669,0.30123627185821533
1670,0.2882811725139618
1671,0.2894843816757202
1672,0.2822682857513428
1673,0.29660147428512573
1674,0.3134925365447998
1675,0.29847511649131775
1676,0.2908409535884857
1677,0.2955213189125061
1678,0.2843031883239746
1679,0.28363505005836487
1680,0.2711356580257416
1681,0.2814463675022125
1682,0.28423428535461426
1683,0.27084505558013916
1684,0.2935062646865845
1685,0.2859244644641876
1686,0.28425005078315735
1687,0.2714945673942566
1688,0.2630687355995178
1689,0.27775460481643677
1690,0.27152618765830994
1691,0.2755860686302185
1692,0.2530566155910492
1693,0.26255857944488525
1694,0.28006699681282043
1695,0.2682604193687439
1696,0.2583410143852234
1697,0.261695921421051
1698,0.26570069789886475
1699,0.28557389974594116
1700,0.25197672843933105
1701,0.2653414011001587
1702,0.26471883058547974
1703,0.2528131902217865
1704,0.2799656093120575
1705,0.26868587732315063
1706,0.2422085404396057
1707,0.2640378475189209
1708,0.2410220503807068
1709,0.2567289471626282
1710,0.24919679760932922
1711,0.2357775866985321
1712,0.24821484088897705
1713,0.2653457522392273
1714,0.23846927285194397
1715,0.23615789413452148
1716,0.2521153390407562
1717,0.2565557062625885
1718,0.25121793150901794
1719,0.2329038679599762
1720,0.2401488572359085
1721,0.2432858943939209
1722,0.23813742399215698
1723,0.2423689365386963
1724,0.22363854944705963
1725,0.24370801448822021
1726,0.22797973453998566
1727,0.2263982594013214
1728,0.22260187566280365
1729,0.2431918978691101
1730,0.23862063884735107
1731,0.2241426706314087
1732,0.2229885458946228
1733,0.2280571162700653
1734,0.2372211515903473
1735,0.24272611737251282
1736,0.23025190830230713
1737,0.22898203134536743
1738,0.21139675378799438
1739,0.2119309902191162
1740,0.2092331051826477
1741,0.22329729795455933
1742,0.2106095254421234
1743,0.2233770340681076
1744,0.20721763372421265
1745,0.22574807703495026
1746,0.21616780757904053
1747,0.237023264169693
1748,0.2180156260728836
1749,0.21026238799095154
1750,0.22286075353622437
1751,0.21218839287757874
1752,0.20025913417339325
1753,0.209609717130661
1754,0.2048020362854004
1755,0.2167573869228363
1756,0.20433801412582397
1757,0.23239634931087494
1758,0.1952248215675354
1759,0.18010495603084564
1760,0.20366281270980835
1761,0.19702866673469543
1762,0.20095577836036682
1763,0.19568058848381042
1764,0.20203158259391785
1765,0.19518986344337463
1766,0.20450881123542786
1767,0.19351035356521606
1768,0.2051706612110138
1769,0.20132458209991455
1770,0.20296373963356018
1771,0.187392920255661
1772,0.19404855370521545
1773,0.18116657435894012
1774,0.1963696926832199
1775,0.19077885150909424
1776,0.19113731384277344
1777,0.2142382264137268
1778,0.19406473636627197
1779,0.18242117762565613
1780,0.18626773357391357
1781,0.20514698326587677
1782,0.18674612045288086
1783,0.1756778061389923
1784,0.18405559659004211
1785,0.1987135410308838
1786,0.19917982816696167
1787,0.19886091351509094
1788,0.1984959989786148
1789,0.18786168098449707
1790,0.17337670922279358
1791,0.1845523715019226
1792,0.18009807169437408
1793,0.17621789872646332
1794,0.18863704800605774
1795,0.18283125758171082
1796,0.18296724557876587
1797,0.1662101447582245
1798,0.18421883881092072
1799,0.18710443377494812
1800,0.18232357501983643
1801,0.1770569533109665
1802,0.17140963673591614
1803,0.16413015127182007
1804,0.17968404293060303
1805,0.1776777058839798
1806,0.17956039309501648
1807,0.17317572236061096
1808,0.17750346660614014
1809,0.1831057071685791
1810,0.18506190180778503
1811,0.17602725327014923
1812,0.16361990571022034
1813,0.16090808808803558
1814,0.17869234085083008
1815,0.16801738739013672
1816,0.15501664578914642
1817,0.13732099533081055
1818,0.15534552931785583
1819,0.18128329515457153
1820,0.16069240868091583
1821,0.16480752825737
1822,0.17338216304779053
1823,0.1772060990333557
1824,0.17032332718372345
1825,0.1715272068977356
1826,0.16347461938858032
1827,0.1621241420507431
1828,0.15731275081634521
1829,0.168768048286438
1830,0.15480937063694
1831,0.16017870604991913
1832,0.17207548022270203
1833,0.15545427799224854
1834,0.14979462325572968
1835,0.154134139418602
1836,0.15802694857120514
1837,0.15798236429691315
1838,0.16977737843990326
1839,0.15971481800079346
1840,0.13958397507667542
1841,0.17258861660957336
1842,0.13735708594322205
1843,0.16671159863471985
1844,0.14987871050834656
1845,0.15463308990001678
1846,0.1410050392150879
1847,0.15462306141853333
1848,0.14442405104637146
1849,0.1557440608739853
1850,0.14380627870559692
1851,0.15741807222366333
1852,0.14472459256649017
1853,0.14231707155704498
1854,0.15602833032608032
1855,0.14717143774032593
1856,0.15161818265914917
1857,0.16432900726795197
1858,0.13899895548820496
1859,0.15476910769939423
1860,0.15373753011226654
1861,0.13060270249843597
1862,0.16528984904289246
1863,0.14196349680423737
1864,0.14649620652198792
1865,0.16240638494491577
1866,0.15260359644889832
1867,0.11852036416530609
1868,0.1361185610294342
1869,0.1398763656616211
1870,0.14213043451309204
1871,0.1480502188205719
1872,0.1406306028366089
1873,0.12776583433151245
1874,0.15815943479537964
1875,0.1384950876235962
1876,0.13055014610290527
1877,0.13321125507354736
1878,0.1434292197227478
1879,0.14031082391738892
1880,0.1401115357875824
1881,0.12083350121974945
1882,0.14555761218070984
1883,0.13421562314033508
1884,0.12476766109466553
1885,0.14005118608474731
1886,0.13243091106414795
1887,0.13573500514030457
1888,0.11866942048072815
1889,0.13302862644195557
1890,0.13826309144496918
1891,0.12776225805282593
1892,0.12170194089412689
1893,0.14541035890579224
1894,0.14702928066253662
1895,0.12457257509231567
1896,0.11555362492799759
1897,0.13021467626094818
1898,0.127183735370636
1899,0.12387055158615112
1900,0.1312643140554428
1901,0.13568280637264252
1902,0.13128197193145752
1903,0.1374315321445465
1904,0.12231895327568054
1905,0.1370682418346405
1906,0.12122036516666412
1907,0.134169802069664
1908,0.149815171957016
1909,0.12349173426628113
1910,0.13859552145004272
1911,0.13051025569438934
1912,0.11391880363225937
1913,0.13988202810287476
1914,0.13316398859024048
1915,0.10847103595733643
1916,0.12941573560237885
1917,0.14566558599472046
1918,0.12310100346803665
1919,0.14099134504795074
1920,0.13144859671592712
1921,0.12378326058387756
1922,0.13686180114746094
1923,0.11248540878295898
1924,0.13001883029937744
1925,0.12283621728420258
1926,0.12950605154037476
1927,0.10952968895435333
1928,0.13311970233917236
1929,0.11603672802448273
1930,0.12906357645988464
1931,0.12722687423229218
1932,0.11787941306829453
1933,0.12860409915447235
1934,0.13019508123397827
1935,0.1230379194021225
1936,0.119959257543087
1937,0.12767311930656433
1938,0.12144675105810165
1939,0.11253305524587631
1940,0.13017703592777252
1941,0.13172487914562225
1942,0.12311576306819916
1943,0.11622240394353867
1944,0.12172196805477142
1945,0.14080633223056793
1946,0.11258770525455475
1947,0.11782512813806534
1948,0.11247057467699051
1949,0.10551746934652328
1950,0.11009553074836731
1951,0.10925453901290894
1952,0.11775185167789459
1953,0.12117813527584076
1954,0.1270354837179184
1955,0.11423545330762863
1956,0.11718560010194778
1957,0.10377226769924164
1958,0.10682912915945053
1959,0.13265343010425568
1960,0.10789494216442108
1961,0.12329215556383133
1962,0.11039333045482635
1963,0.13419649004936218
1964,0.10701502859592438
1965,0.11916041374206543
1966,0.11397084593772888
1967,0.11071546375751495
1968,0.10653276741504669
1969,0.1035999283194542
1970,0.10493075102567673
1971,0.10504554212093353
1972,0.12992872297763824
1973,0.11203232407569885
1974,0.12077952921390533
1975,0.11788547039031982
1976,0.09874752163887024
1977,0.11199413985013962
1978,0.10598722100257874
1979,0.11329111456871033
1980,0.1056826189160347
1981,0.12347535789012909
1982,0.10835027694702148
1983,0.10010267049074173
1984,0.1145312562584877
1985,0.1061370000243187
1986,0.12370316684246063
1987,0.10462027788162231
1988,0.11783735454082489
1989,0.11627990752458572
1990,0.10791599005460739
1991,0.10679536312818527
1992,0.10941904783248901
1993,0.14162138104438782
1994,0.12193039059638977
1995,0.10393162816762924
1996,0.1203034371137619
1997,0.09533709287643433
1998,0.10346068441867828
1999,0.1137884110212326
2000,0.11444605141878128
2001,0.11257484555244446
2002,0.10238905251026154
2003,0.10727155208587646
2004,0.0979432612657547
2005,0.09905199706554413
2006,0.10177003592252731
2007,0.1113237664103508
2008,0.10548753291368484
2009,0.11147315800189972
2010,0.10033762454986572
2011,0.103897824883461
2012,0.09695689380168915
2013,0.12721621990203857
2014,0.0959850326180458
2015,0.10384116321802139
2016,0.09857256710529327
2017,0.10966319590806961
2018,0.11528521776199341
2019,0.11250589042901993
2020,0.10598251968622208
2021,0.10839270800352097
2022,0.10441677272319794
2023,0.12284291535615921
2024,0.08713509142398834
2025,0.10743601620197296
2026,0.10625378042459488
2027,0.1027926579117775
2028,0.1077912375330925
2029,0.09834101796150208
2030,0.08652874827384949
2031,0.11474791914224625
2032,0.1040196567773819
2033,0.10538467764854431
2034,0.1045321524143219
2035,0.11036903411149979
2036,0.11573170125484467
2037,0.09983668476343155
2038,0.10321509838104248
2039,0.10361858457326889
2040,0.11518251895904541
2041,0.1059725433588028
2042,0.09824582189321518
2043,0.10162530839443207
2044,0.09555958956480026
2045,0.09878730773925781
2046,0.10945871472358704
2047,0.08485811948776245
2048,0.10082618147134781
2049,0.10111351311206818
2050,0.09509755671024323
2051,0.11507529765367508
2052,0.11162661761045456
2053,0.08374486118555069
2054,0.11208054423332214
2055,0.10421939939260483
2056,0.10774018615484238
2057,0.09138522297143936
2058,0.10916940867900848
2059,0.09421142935752869
2060,0.10017180442810059
2061,0.09952087700366974
2062,0.07843911647796631
2063,0.09300655126571655
2064,0.11373332887887955
2065,0.09491576999425888
2066,0.10384362936019897
2067,0.08888167142868042
2068,0.1029837504029274
2069,0.09723123908042908
2070,0.09001486003398895
2071,0.08994507044553757
2072,0.09870155900716782
2073,0.08408848941326141
2074,0.09307774156332016
2075,0.09456030279397964
2076,0.11354346573352814
2077,0.09457938373088837
2078,0.09819887578487396
2079,0.08685234189033508
2080,0.0948275700211525
2081,0.1088215708732605
2082,0.08916710317134857
2083,0.09339400380849838
2084,0.09069299697875977
2085,0.08529846370220184
2086,0.09058984369039536
2087,0.1066495031118393
2088,0.09496817737817764
2089,0.07713138312101364
2090,0.07593146711587906
2091,0.0923587754368782
2092,0.08862479776144028
2093,0.11774366348981857
2094,0.09413937479257584
2095,0.10834290832281113
2096,0.10182362049818039
2097,0.09288053959608078
2098,0.08075220137834549
2099,0.11130011081695557
2100,0.08877363801002502
2101,0.09545928239822388
2102,0.08297441154718399
2103,0.07918842136859894
2104,0.0967191606760025
2105,0.0894874781370163
2106,0.10208602994680405
2107,0.09075947105884552
2108,0.0854385569691658
2109,0.08128080517053604
2110,0.09241825342178345
2111,0.07743114233016968
2112,0.08771782368421555
2113,0.08552935719490051
2114,0.11276302486658096
2115,0.08542585372924805
2116,0.10814903676509857
2117,0.09407004714012146
2118,0.08862961083650589
2119,0.08290086686611176
2120,0.09845664352178574
2121,0.08682544529438019
2122,0.09159068018198013
2123,0.08095791190862656
2124,0.08214545249938965
2125,0.10073239356279373
2126,0.08635088056325912
2127,0.10667304694652557
2128,0.08254401385784149
2129,0.09208401292562485
2130,0.07933098822832108
2131,0.10041823983192444
2132,0.09200439602136612
2133,0.08557700365781784
2134,0.10890557616949081
2135,0.08529424667358398
2136,0.08629409223794937
2137,0.09653300046920776
2138,0.08842748403549194
2139,0.09238550066947937
2140,0.07655361294746399
2141,0.07645580917596817
2142,0.08401346951723099
2143,0.0805482417345047
2144,0.08328399062156677
2145,0.09402526915073395
2146,0.08442209661006927
2147,0.09373108297586441
2148,0.09291641414165497
2149,0.09289596974849701
2150,0.07799847424030304
2151,0.09198182076215744
2152,0.07943617552518845
2153,0.06868302077054977
2154,0.08075910061597824
2155,0.07303132861852646
2156,0.10043414682149887
2157,0.07451652735471725
2158,0.08703415840864182
2159,0.08758080005645752
2160,0.0830073356628418
2161,0.08445065468549728
2162,0.09522391110658646
2163,0.07810835540294647
2164,0.07976362109184265
2165,0.0863710418343544
2166,0.09456832706928253
2167,0.07763342559337616
2168,0.08531837910413742
2169,0.07707759737968445
2170,0.08831264823675156
2171,0.09277178347110748
2172,0.07603088021278381
2173,0.06858448684215546
2174,0.0958404541015625
2175,0.08432528376579285
2176,0.09037968516349792
2177,0.08700615167617798
2178,0.10099786520004272
2179,0.08090637624263763
2180,0.07707646489143372
2181,0.08274205774068832
2182,0.08887268602848053
2183,0.0790116935968399
2184,0.0847950130701065
2185,0.10111214220523834
2186,0.09511653333902359
2187,0.08458095788955688
2188,0.08478539437055588
2189,0.0722985491156578
2190,0.07457385212182999
2191,0.09346277266740799
2192,0.08508256077766418
2193,0.07289863377809525
2194,0.08187021315097809
2195,0.07879702746868134
2196,0.07089381664991379
2197,0.07213390618562698
2198,0.07362866401672363
2199,0.07659197598695755
2200,0.09481636434793472
2201,0.07904785126447678
2202,0.0680445060133934
2203,0.08825962245464325
2204,0.06423864513635635
2205,0.08041784167289734
2206,0.08083952963352203
2207,0.08274253457784653
2208,0.084173783659935
2209,0.07965785264968872
2210,0.0670618787407875
2211,0.08934928476810455
2212,0.06948729604482651
2213,0.06980358809232712
2214,0.10237285494804382
2215,0.08109906315803528
2216,0.07166716456413269
2217,0.09118640422821045
2218,0.09449104964733124
2219,0.08413049578666687
2220,0.09547165036201477
2221,0.08873170614242554
2222,0.06836722791194916
2223,0.07759065181016922
2224,0.05521484091877937
2225,0.08949801325798035
2226,0.07244457304477692
2227,0.07812289148569107
2228,0.0823596641421318
2229,0.0673162117600441
2230,0.08168259263038635
2231,0.07298105955123901
2232,0.08053987473249435
2233,0.06530388444662094
2234,0.07253409177064896
2235,0.08770494163036346
2236,0.08198826014995575
2237,0.09322000294923782
2238,0.07176581025123596
2239,0.08601552248001099
2240,0.0816631093621254
2241,0.08368586003780365
2242,0.0685945376753807
2243,0.08230007439851761
2244,0.07992511987686157
2245,0.06657291948795319
2246,0.08854282647371292
2247,0.07504092156887054
2248,0.09174689650535583
2249,0.06225123628973961
2250,0.08897874504327774
2251,0.08958486467599869
2252,0.07275344431400299
2253,0.08017677068710327
2254,0.06550953537225723
2255,0.0747634544968605
2256,0.08792875707149506
2257,0.07782799005508423
2258,0.08418464660644531
2259,0.07989829778671265
2260,0.08446063846349716
2261,0.07403624802827835
2262,0.06346568465232849
2263,0.07203005254268646
2264,0.06964621692895889
2265,0.0901295468211174
2266,0.08674143999814987
2267,0.08948666602373123
2268,0.07320273667573929
2269,0.07039237767457962
2270,0.08413390070199966
2271,0.08737369626760483
2272,0.08567759394645691
2273,0.07213528454303741
2274,0.07949984073638916
2275,0.06912866234779358
2276,0.0818467065691948
2277,0.0782165452837944
2278,0.06641622632741928
2279,0.07424873113632202
2280,0.0760919600725174
2281,0.07385893911123276
2282,0.08645666390657425
2283,0.08534178137779236
2284,0.07214976847171783
2285,0.07516715675592422
2286,0.07584091275930405
2287,0.09184582531452179
2288,0.06736937910318375
2289,0.07761955261230469
2290,0.0895635113120079
2291,0.07897468656301498
2292,0.07014414668083191
2293,0.08310182392597198
2294,0.08292433619499207
2295,0.07188758254051208
2296,0.07353246957063675
2297,0.07449457049369812
2298,0.08520857244729996
2299,0.0705890879034996
2300,0.07431671023368835
2301,0.07550711184740067
2302,0.07353250682353973
2303,0.0792589783668518
2304,0.07845655083656311
2305,0.0941455140709877
2306,0.08544763177633286
2307,0.07250716537237167
2308,0.07694222033023834
2309,0.06630673259496689
2310,0.0745839923620224
2311,0.05912410467863083
2312,0.07025352865457535
2313,0.06520635634660721
2314,0.07563552260398865
2315,0.06992819160223007
2316,0.07218552380800247
2317,0.09441826492547989
2318,0.07557904720306396
2319,0.08716686815023422
2320,0.08350259065628052
2321,0.06955967098474503
2322,0.07263852655887604
2323,0.08316241204738617
2324,0.06975649297237396
2325,0.06091015785932541
2326,0.06534231454133987
2327,0.06810370832681656
2328,0.08024763315916061
2329,0.07089845091104507
2330,0.07707744091749191
2331,0.06314169615507126
2332,0.08479601889848709
2333,0.07379210740327835
2334,0.07577036321163177
2335,0.07925999164581299
2336,0.08011627197265625
2337,0.06494034826755524
2338,0.07738658040761948
2339,0.06717236340045929
2340,0.07619234919548035
2341,0.0845315158367157
2342,0.07095527648925781
2343,0.08073323220014572
2344,0.07106952369213104
2345,0.07288257777690887
2346,0.07043825089931488
2347,0.06657607853412628
2348,0.06810934096574783
2349,0.08309068530797958
2350,0.08299323916435242
2351,0.07386849075555801
2352,0.07337922602891922
2353,0.07695657759904861
2354,0.07506585866212845
2355,0.07189363241195679
2356,0.07364801317453384
2357,0.06967334449291229
2358,0.07610546797513962
2359,0.07484599202871323
2360,0.06689831614494324
2361,0.07508515566587448
2362,0.09049101918935776
2363,0.07787546515464783
2364,0.07006402313709259
2365,0.06298576295375824
2366,0.07566458731889725
2367,0.07947513461112976
2368,0.060874298214912415
2369,0.06320484727621078
2370,0.08057571202516556
2371,0.08246596157550812
2372,0.06637876480817795
2373,0.06281829625368118
2374,0.0666404440999031
2375,0.06950454413890839
2376,0.07327435165643692
2377,0.06327952444553375
2378,0.0814516618847847
2379,0.06855921447277069
2380,0.06710159033536911
2381,0.07230829447507858
2382,0.08046673983335495
2383,0.07882744818925858
2384,0.07974525541067123
2385,0.07223633676767349
2386,0.06897428631782532
2387,0.07480056583881378
2388,0.07054311037063599
2389,0.06028354912996292
2390,0.07300427556037903
2391,0.07371416687965393
2392,0.07700469344854355
2393,0.07845062762498856
2394,0.05885525792837143
2395,0.08097968250513077
2396,0.06176602467894554
2397,0.06437214463949203
2398,0.07683614641427994
2399,0.0643213540315628
2400,0.08253470063209534
2401,0.054551444947719574
2402,0.07198712229728699
2403,0.06833617389202118
2404,0.06438235938549042
2405,0.07549187541007996
2406,0.0655234083533287
2407,0.07455598562955856
2408,0.06307881325483322
2409,0.06888803839683533
2410,0.08260883390903473
2411,0.05940432846546173
2412,0.07244055718183517
2413,0.07428226619958878
2414,0.07505252212285995
2415,0.07284308969974518
2416,0.07494409382343292
2417,0.07842668890953064
2418,0.07062340527772903
2419,0.0673714280128479
2420,0.07467201352119446
2421,0.06972794979810715
2422,0.07009249925613403
2423,0.06817787140607834
2424,0.06939287483692169
2425,0.08072225749492645
2426,0.05911025404930115
2427,0.07442660629749298
2428,0.06565026938915253
2429,0.06260509788990021
2430,0.06016278639435768
2431,0.06026528403162956
2432,0.06252316385507584
2433,0.07240606099367142
2434,0.06575813889503479
2435,0.06356274336576462
2436,0.07478221505880356
2437,0.07095979154109955
2438,0.07065092027187347
2439,0.06488317251205444
2440,0.0615740641951561
2441,0.0666632428765297
2442,0.06606878340244293
2443,0.06534813344478607
2444,0.06311097741127014
2445,0.06397232413291931
2446,0.06882942467927933
2447,0.051721565425395966
2448,0.07969735562801361
2449,0.07363336533308029
2450,0.07190558314323425
2451,0.06948556751012802
2452,0.059657514095306396
2453,0.07048875093460083
2454,0.06266757100820541
2455,0.07485953718423843
2456,0.07742253690958023
2457,0.06530532240867615
2458,0.07232934981584549
2459,0.05375581234693527
2460,0.07503535598516464
2461,0.07161077111959457
2462,0.06952336430549622
2463,0.07238134741783142
2464,0.07019269466400146
2465,0.07474863529205322
2466,0.06792715936899185
2467,0.07753188908100128
2468,0.08144734799861908
2469,0.07099483162164688
2470,0.05802512913942337
2471,0.0712260901927948
2472,0.0685301274061203
2473,0.05821515992283821
2474,0.06479338556528091
2475,0.0617670938372612
2476,0.08164763450622559
2477,0.05653446540236473
2478,0.06739398837089539
2479,0.07351433485746384
2480,0.0696810930967331
2481,0.07686653733253479
2482,0.06175769120454788
2483,0.05973993241786957
2484,0.06848926097154617
2485,0.07393177598714828
2486,0.07071700692176819
2487,0.07218961417675018
2488,0.06382652372121811
2489,0.06744424998760223
2490,0.07206444442272186
2491,0.05377786606550217
2492,0.06195827201008797
2493,0.07406086474657059
2494,0.07314970344305038
2495,0.07323390245437622
2496,0.05717507749795914
2497,0.062380824238061905
2498,0.06308765709400177
2499,0.05046281963586807
2500,0.0835961401462555
2501,0.05485265702009201
2502,0.06590937823057175
2503,0.06448084861040115
2504,0.07588347047567368
2505,0.06229274347424507
2506,0.07566177845001221
2507,0.05803510919213295
2508,0.06794536113739014
2509,0.0668729692697525
2510,0.061564598232507706
2511,0.06403329968452454
2512,0.06679989397525787
2513,0.06658437103033066
2514,0.05701206624507904
2515,0.07933513075113297
2516,0.057257406413555145
2517,0.052728574723005295
2518,0.061948295682668686
2519,0.06053544580936432
2520,0.05963300168514252
2521,0.05594106763601303
2522,0.06364665180444717
2523,0.06881014257669449
2524,0.06401954591274261
2525,0.06309294700622559
2526,0.059439897537231445
2527,0.05386140197515488
2528,0.06214502081274986
2529,0.07118958234786987
2530,0.07280867546796799
2531,0.06838227063417435
2532,0.057608213275671005
2533,0.06147756427526474
2534,0.05505525320768356
2535,0.07398927956819534
2536,0.05350499227643013
2537,0.06084557995200157
2538,0.06259381771087646
2539,0.060051340609788895
2540,0.07096387445926666
2541,0.076963409781456
2542,0.07135530561208725
2543,0.0822373777627945
2544,0.05817630514502525
2545,0.05435681343078613
2546,0.05667529255151749
2547,0.06153957545757294
2548,0.06048516929149628
2549,0.056851454079151154
2550,0.0591529905796051
2551,0.06560986489057541
2552,0.06721216440200806
2553,0.0669679269194603
2554,0.06232978403568268
2555,0.0556819848716259
2556,0.0735015720129013
2557,0.059850677847862244
2558,0.074481301009655
2559,0.056225020438432693
2560,0.05674739554524422
2561,0.06656865775585175
2562,0.06053231656551361
2563,0.06000206992030144
2564,0.06091613695025444
2565,0.05520717799663544
2566,0.06410562992095947
2567,0.0636322945356369
2568,0.0757194235920906
2569,0.06076402589678764
2570,0.07194983214139938
2571,0.06987282633781433
2572,0.05853796377778053
2573,0.06883891671895981
2574,0.059183843433856964
2575,0.07024921476840973
2576,0.05906031280755997
2577,0.07194957882165909
2578,0.07136382907629013
2579,0.07239523530006409
2580,0.061585985124111176
2581,0.04446117952466011
2582,0.056997328996658325
2583,0.05729085952043533
2584,0.06165044754743576
2585,0.06086362153291702
2586,0.057083189487457275
2587,0.07615935057401657
2588,0.055381305515766144
2589,0.05482368916273117
2590,0.06280017644166946
2591,0.0533958300948143
2592,0.0656074583530426
2593,0.05617266148328781
2594,0.06591919809579849
2595,0.06052520126104355
2596,0.06147148460149765
2597,0.04856199026107788
2598,0.054446641355752945
2599,0.06968662142753601
2600,0.06524620205163956
2601,0.0588257797062397
2602,0.05272630602121353
2603,0.061460550874471664
2604,0.05437528342008591
2605,0.060672368854284286
2606,0.06121281161904335
2607,0.04741690307855606
2608,0.06609713286161423
2609,0.07519431412220001
2610,0.06434078514575958
2611,0.07619717717170715
2612,0.05791011080145836
2613,0.0620276965200901
2614,0.05915624275803566
2615,0.06533936411142349
2616,0.06366048753261566
2617,0.05354912579059601
2618,0.06519737094640732
2619,0.06362432986497879
2620,0.06551730632781982
2621,0.04239676520228386
2622,0.054808638989925385
2623,0.06242556497454643
2624,0.05488789826631546
2625,0.06755892932415009
2626,0.06508375704288483
2627,0.06706183403730392
2628,0.06908658146858215
2629,0.07036969810724258
2630,0.07769110053777695
2631,0.05357591435313225
2632,0.07394072413444519
2633,0.05279941484332085
2634,0.057755157351493835
2635,0.05831988900899887
2636,0.06304625421762466
2637,0.07064808160066605
2638,0.060294363647699356
2639,0.06403463333845139
2640,0.06174308806657791
2641,0.05578576400876045
2642,0.057057734578847885
2643,0.06102257966995239
2644,0.060853924602270126
2645,0.06482232362031937
2646,0.042631715536117554
2647,0.0680953785777092
2648,0.055241506546735764
2649,0.05975684896111488
2650,0.04767097532749176
2651,0.05313663184642792
2652,0.05473983660340309
2653,0.05604506656527519
2654,0.04881848022341728
2655,0.07190459221601486
2656,0.05569978058338165
2657,0.0593535341322422
2658,0.05733471363782883
2659,0.05425058677792549
2660,0.06916974484920502
2661,0.06654803454875946
2662,0.054587773978710175
2663,0.05958535149693489
2664,0.06300892680883408
2665,0.05973527207970619
2666,0.05335640534758568
2667,0.060453180223703384
2668,0.071566641330719
2669,0.06445310264825821
2670,0.05633676424622536
2671,0.05165360867977142
2672,0.061955343931913376
2673,0.054105356335639954
2674,0.05927852913737297
2675,0.058142974972724915
2676,0.06303547322750092
2677,0.048277586698532104
2678,0.05499798059463501
2679,0.05880678445100784
2680,0.0549786239862442
2681,0.056582119315862656
2682,0.04667197912931442
2683,0.05383192002773285
2684,0.06250295042991638
2685,0.060133934020996094
2686,0.0687231570482254
2687,0.07335100322961807
2688,0.06478583067655563
2689,0.07058985531330109
2690,0.07658860087394714
2691,0.062309324741363525
2692,0.06721781939268112
2693,0.057982467114925385
2694,0.050912246108055115
2695,0.046647097915410995
2696,0.04893723130226135
2697,0.0563034787774086
2698,0.05460149794816971
2699,0.050591982901096344
2700,0.050165072083473206
2701,0.05477358400821686
2702,0.0498441681265831
2703,0.057707738131284714
2704,0.06688689440488815
2705,0.05298475921154022
2706,0.0496593602001667
2707,0.055942829698324203
2708,0.06467659026384354
2709,0.050106730312108994
2710,0.05933303013443947
2711,0.06017947569489479
2712,0.05458731949329376
2713,0.05800376087427139
2714,0.05406877398490906
2715,0.06096959859132767
2716,0.058373402804136276
2717,0.05425113067030907
2718,0.05619275942444801
2719,0.059270355850458145
2720,0.05826980248093605
2721,0.05168817564845085
2722,0.05378664657473564
2723,0.05635000765323639
2724,0.05823541060090065
2725,0.050466351211071014
2726,0.05302564054727554
2727,0.059559449553489685
2728,0.057728637009859085
2729,0.054689884185791016
2730,0.05311235412955284
2731,0.05401983857154846
2732,0.04942139610648155
2733,0.05675054341554642
2734,0.060278601944446564
2735,0.05830478295683861
2736,0.05067881569266319
2737,0.05496106296777725
2738,0.06633932888507843
2739,0.059148505330085754
2740,0.07205413281917572
2741,0.05788929760456085
2742,0.04790361598134041
2743,0.05875257030129433
2744,0.059876881539821625
2745,0.05688650906085968
2746,0.05701354146003723
2747,0.05351421982049942
2748,0.05727580562233925
2749,0.04860176518559456
2750,0.05881289765238762
2751,0.05280585587024689
2752,0.05687640979886055
2753,0.06024247780442238
2754,0.0560145229101181
2755,0.07086046785116196
2756,0.06366022676229477
2757,0.054877519607543945
2758,0.04557127133011818
2759,0.046124257147312164
2760,0.0647592768073082
2761,0.05134517326951027
2762,0.05504593253135681
2763,0.061246607452631
2764,0.050199221819639206
2765,0.04478294402360916
2766,0.06567428261041641
2767,0.048402801156044006
2768,0.05843515694141388
2769,0.06726869940757751
2770,0.05537399277091026
2771,0.0571870431303978
2772,0.0557652972638607
2773,0.057556845247745514
2774,0.05388389155268669
2775,0.055114950984716415
2776,0.04995831474661827
2777,0.06025704741477966
2778,0.06260928511619568
2779,0.052828360348939896
2780,0.05387431010603905
2781,0.05371910333633423
2782,0.0555252805352211
2783,0.04619240388274193
2784,0.060121942311525345
2785,0.05111617594957352
2786,0.061520591378211975
2787,0.055430565029382706
2788,0.05063854530453682
2789,0.05410284921526909
2790,0.06254251301288605
2791,0.06437907367944717
2792,0.047594089061021805
2793,0.05293423682451248
2794,0.05547739192843437
2795,0.050847653299570084
2796,0.05497102811932564
2797,0.0461001843214035
2798,0.0545988604426384
2799,0.04416954144835472
2800,0.06354034692049026
2801,0.055749550461769104
2802,0.06030036509037018
2803,0.05370742827653885
2804,0.051290128380060196
2805,0.050068892538547516
2806,0.06335979700088501
2807,0.05290314555168152
2808,0.06046445295214653
2809,0.0628911703824997
2810,0.06977754831314087
2811,0.044729314744472504
2812,0.05757462978363037
2813,0.050149813294410706
2814,0.06309998780488968
2815,0.053447358310222626
2816,0.04625747352838516
2817,0.056509848684072495
2818,0.05681334063410759
2819,0.046333227306604385
2820,0.050169605761766434
2821,0.049920521676540375
2822,0.05855386704206467
2823,0.046286385506391525
2824,0.04920666664838791
2825,0.05131502076983452
2826,0.05565923824906349
2827,0.05171990394592285
2828,0.05433451756834984
2829,0.05677823722362518
2830,0.05270606279373169
2831,0.0704469159245491
2832,0.0520755797624588
2833,0.03897096961736679
2834,0.049594540148973465
2835,0.05830112099647522
2836,0.057392001152038574
2837,0.0501520149409771
2838,0.047032251954078674
2839,0.05601050704717636
2840,0.04665005952119827
2841,0.044013530015945435
2842,0.056284431368112564
2843,0.04595029354095459
2844,0.06110468879342079
2845,0.054747626185417175
2846,0.045736540108919144
2847,0.051070716232061386
2848,0.05089632794260979
2849,0.0524371899664402
2850,0.04889414459466934
2851,0.06122211366891861
2852,0.05529514327645302
2853,0.05500347539782524
2854,0.04660140722990036
2855,0.0516352541744709
2856,0.06734433770179749
2857,0.04049970582127571
2858,0.04315773397684097
2859,0.05171375721693039
2860,0.05226057022809982
2861,0.04919496923685074
2862,0.052718181163072586
2863,0.06320217251777649
2864,0.06241471692919731
2865,0.05418858677148819
2866,0.04644268378615379
2867,0.04763312637805939
2868,0.04943094030022621
2869,0.056380853056907654
2870,0.038990944623947144
2871,0.05394868552684784
2872,0.05586041510105133
2873,0.05185799300670624
2874,0.04599115997552872
2875,0.04941632226109505
2876,0.055028270930051804
2877,0.04767681658267975
2878,0.054400261491537094
2879,0.0476670078933239
2880,0.05115281045436859
2881,0.05125049501657486
2882,0.05622003972530365
2883,0.0545162595808506
2884,0.052142851054668427
2885,0.04628236964344978
2886,0.058657366782426834
2887,0.045518308877944946
2888,0.05493016168475151
2889,0.06102721020579338
2890,0.04578671604394913
2891,0.05010903626680374
2892,0.034324467182159424
2893,0.045910343527793884
2894,0.0606021024286747
2895,0.049976520240306854
2896,0.0580718033015728
2897,0.04609190300107002
2898,0.050559304654598236
2899,0.0501440055668354
2900,0.052528493106365204
2901,0.05910252407193184
2902,0.05436909943819046
2903,0.04986976459622383
2904,0.05135873332619667
2905,0.06085710600018501
2906,0.04610264301300049
2907,0.05072350054979324
2908,0.05195092782378197
2909,0.05465695261955261
2910,0.04732006788253784
2911,0.05225173383951187
2912,0.051726825535297394
2913,0.04080593213438988
2914,0.04389163851737976
2915,0.043623317033052444
2916,0.05500445142388344
2917,0.05344763025641441
2918,0.03956688195466995
2919,0.05760033801198006
2920,0.04891606792807579
2921,0.04164779931306839
2922,0.04658910259604454
2923,0.0615067332983017
2924,0.05322430655360222
2925,0.05219239369034767
2926,0.049738749861717224
2927,0.050634220242500305
2928,0.04970978945493698
2929,0.038969915360212326
2930,0.04786618798971176
2931,0.05487125366926193
2932,0.04621462523937225
2933,0.0452314168214798
2934,0.04187806695699692
2935,0.053352240473032
2936,0.055161409080028534
2937,0.049461688846349716
2938,0.046701423823833466
2939,0.0500231571495533
2940,0.047455593943595886
2941,0.05144452676177025
2942,0.047398459166288376
2943,0.055869754403829575
2944,0.046336401253938675
2945,0.04700999706983566
2946,0.051247771829366684
2947,0.04732675850391388
2948,0.05284229665994644
2949,0.047866012901067734
2950,0.03689597174525261
2951,0.05169579014182091
2952,0.05619983747601509
2953,0.050540465861558914
2954,0.05039463937282562
2955,0.060249846428632736
2956,0.05266493931412697
2957,0.05681783705949783
2958,0.05445332080125809
2959,0.047783806920051575
2960,0.04741286113858223
2961,0.04769277572631836
2962,0.044775720685720444
2963,0.05312805622816086
2964,0.044018205255270004
2965,0.0475035160779953
2966,0.05453185737133026
2967,0.05015431344509125
2968,0.046094562858343124
2969,0.04927085340023041
2970,0.04704444855451584
2971,0.04092038422822952
2972,0.04501274228096008
2973,0.051569484174251556
2974,0.05470329523086548
2975,0.045930132269859314
2976,0.046181388199329376
2977,0.05347922816872597
2978,0.05181761831045151
2979,0.04803832247853279
2980,0.04539040848612785
2981,0.049078039824962616
2982,0.05345822498202324
2983,0.04883098974823952
2984,0.05966397374868393
2985,0.04383472725749016
2986,0.039362721145153046
2987,0.05583786591887474
2988,0.04503167048096657
2989,0.054251834750175476
2990,0.04923814535140991
2991,0.05858568847179413
2992,0.055698003619909286
2993,0.0433657243847847
2994,0.043665386736392975
2995,0.04727872088551521
2996,0.0580422580242157
2997,0.04873346537351608
2998,0.05126289278268814
2999,0.0447496622800827
3000,0.04599602147936821
3001,0.03654937446117401
3002,0.04409816116094589
3003,0.04787730425596237
3004,0.051818180829286575
3005,0.04944571852684021
3006,0.04559960961341858
3007,0.05707145854830742
3008,0.057416629046201706
3009,0.037750665098428726
3010,0.03882097825407982
3011,0.04536406323313713
3012,0.04685021936893463
3013,0.04912655055522919
3014,0.051535941660404205
3015,0.0489322692155838
3016,0.039250511676073074
3017,0.041621722280979156
3018,0.05230734124779701
3019,0.05112764984369278
3020,0.044938214123249054
3021,0.050614770501852036
3022,0.04455319792032242
3023,0.05562504380941391
3024,0.047814927995204926
3025,0.04449307546019554
3026,0.0599505640566349
3027,0.048794012516736984
3028,0.0414181612432003
3029,0.04562855139374733
3030,0.04142208769917488
3031,0.04731230437755585
3032,0.04990113154053688
3033,0.044676244258880615
3034,0.046221863478422165
3035,0.04753457382321358
3036,0.05466976389288902
3037,0.04918300360441208
3038,0.03212539106607437
3039,0.03981805592775345
3040,0.036206066608428955
3041,0.044740960001945496
3042,0.04404214769601822
3043,0.0406738705933094
3044,0.04808497056365013
3045,0.049312423914670944
3046,0.04846876859664917
3047,0.040828801691532135
3048,0.05182003602385521
3049,0.04802528768777847
3050,0.046387508511543274
3051,0.04499003291130066
3052,0.047098398208618164
3053,0.05847124010324478
3054,0.04027102142572403
3055,0.04059429466724396
3056,0.045208293944597244
3057,0.04388391599059105
3058,0.04800112172961235
3059,0.04136977717280388
3060,0.05095452070236206
3061,0.04328322783112526
3062,0.0478673093020916
3063,0.04179209843277931
3064,0.04356315732002258
3065,0.04808218404650688
3066,0.0489044263958931
3067,0.057786401361227036
3068,0.05513922870159149
3069,0.04503617808222771
3070,0.04626358300447464
3071,0.04204513877630234
3072,0.04228060692548752
3073,0.03935888037085533
3074,0.05468960106372833
3075,0.04300903156399727
3076,0.044338107109069824
3077,0.040508002042770386
3078,0.0495607815682888
3079,0.05647909268736839
3080,0.0417318195104599
3081,0.045143961906433105
3082,0.03953438624739647
3083,0.04366536810994148
3084,0.04716866463422775
3085,0.04382922500371933
3086,0.04847661778330803
3087,0.050857216119766235
3088,0.051639240235090256
3089,0.04513448849320412
3090,0.04767095297574997
3091,0.049600787460803986
3092,0.04260524362325668
3093,0.03896186500787735
3094,0.05031539872288704
3095,0.045638307929039
3096,0.04097101092338562
3097,0.04807136580348015
3098,0.061250876635313034
3099,0.04401590675115585
3100,0.05298132076859474
3101,0.047393184155225754
3102,0.04135989025235176
3103,0.04889046773314476
3104,0.047835804522037506
3105,0.04372569918632507
3106,0.04779660701751709
3107,0.05410407856106758
3108,0.04879353567957878
3109,0.044144757091999054
3110,0.048764877021312714
3111,0.042808812111616135
3112,0.05195882171392441
3113,0.05279017239809036
3114,0.0437442921102047
3115,0.05049022659659386
3116,0.04839548096060753
3117,0.041372328996658325
3118,0.04945528507232666
3119,0.04733806848526001
3120,0.051547884941101074
3121,0.04893839731812477
3122,0.05225863307714462
3123,0.042596399784088135
3124,0.04426978901028633
3125,0.042228564620018005
3126,0.03978244960308075
3127,0.03167814388871193
3128,0.03985673189163208
3129,0.04436756670475006
3130,0.044356416910886765
3131,0.04227742552757263
3132,0.03988463431596756
3133,0.036814987659454346
3134,0.040963344275951385
3135,0.04567650333046913
3136,0.04688596725463867
3137,0.04415707662701607
3138,0.03988174349069595
3139,0.0469723604619503
3140,0.046015188097953796
3141,0.04823138937354088
3142,0.04794591665267944
3143,0.04796929657459259
3144,0.044706545770168304
3145,0.042538054287433624
3146,0.049504607915878296
3147,0.03603507950901985
3148,0.04261031746864319
3149,0.03873414173722267
3150,0.04042653739452362
3151,0.04133971035480499
3152,0.048380304127931595
3153,0.05196152254939079
3154,0.04923090711236
3155,0.041479069739580154
3156,0.05031316354870796
3157,0.036543138325214386
3158,0.05122079700231552
3159,0.03915325179696083
3160,0.05108004808425903
3161,0.04418520629405975
3162,0.039376795291900635
3163,0.03909202665090561
3164,0.043335627764463425
3165,0.04342900589108467
3166,0.047614797949790955
3167,0.045777738094329834
3168,0.05376207083463669
3169,0.042344462126493454
3170,0.03794359788298607
3171,0.04230319336056709
3172,0.046538643538951874
3173,0.03510446473956108
3174,0.03882327303290367
3175,0.037111155688762665
3176,0.043180227279663086
3177,0.04362861439585686
3178,0.05071431025862694
3179,0.04636402800679207
3180,0.04855150356888771
3181,0.03582102805376053
3182,0.03640738129615784
3183,0.044797759503126144
3184,0.05544418469071388
3185,0.047463178634643555
3186,0.051809459924697876
3187,0.046111442148685455
3188,0.045650944113731384
3189,0.041277576237916946
3190,0.043328333646059036
3191,0.03392984718084335
3192,0.04494776949286461
3193,0.0525955855846405
3194,0.04475110024213791
3195,0.03946544602513313
3196,0.043249648064374924
3197,0.04569128900766373
3198,0.036696769297122955
3199,0.04238864406943321
3200,0.043235186487436295
3201,0.0450589694082737
3202,0.041997235268354416
3203,0.0447082556784153
3204,0.04586418718099594
3205,0.0375056229531765
3206,0.04881470650434494
3207,0.04263749718666077
3208,0.038152240216732025
3209,0.043548986315727234
3210,0.04817891865968704
3211,0.04421517625451088
3212,0.05043655261397362
3213,0.03708457946777344
3214,0.04449884220957756
3215,0.046860020607709885
3216,0.04385358467698097
3217,0.04546809569001198
3218,0.03976105898618698
3219,0.04644523561000824
3220,0.04527605324983597
3221,0.04955119639635086
3222,0.04173331335186958
3223,0.04494953155517578
3224,0.03718710318207741
3225,0.04224661365151405
3226,0.04512091353535652
3227,0.04762072488665581
3228,0.043810129165649414
3229,0.0412987619638443
3230,0.05622337758541107
3231,0.04225825518369675
3232,0.03396522253751755
3233,0.04028594493865967
3234,0.04759334400296211
3235,0.04014141857624054
3236,0.04237627983093262
3237,0.04282618686556816
3238,0.04163217172026634
3239,0.04320269823074341
3240,0.03851635009050369
3241,0.0416637547314167
3242,0.03584369644522667
3243,0.040522150695323944
3244,0.04164433106780052
3245,0.04082776606082916
3246,0.03893963620066643
3247,0.038321398198604584
3248,0.03693939000368118
3249,0.04843122884631157
3250,0.0419677272439003
3251,0.04911359027028084
3252,0.03814619034528732
3253,0.039955612272024155
3254,0.041356250643730164
3255,0.04180537536740303
3256,0.03769811987876892
3257,0.040699537843465805
3258,0.0380539633333683
3259,0.04890259727835655
3260,0.03796946257352829
3261,0.045218031853437424
3262,0.04644963890314102
3263,0.042940374463796616
3264,0.04444247856736183
3265,0.04711519181728363
3266,0.03975837677717209
3267,0.04076782613992691
3268,0.0420837327837944
3269,0.04312792420387268
3270,0.04856033995747566
3271,0.0391879603266716
3272,0.05303043872117996
3273,0.04380419850349426
3274,0.04578588902950287
3275,0.037271421402692795
3276,0.04058637470006943
3277,0.05285920947790146
3278,0.03560305014252663
3279,0.054579734802246094
3280,0.043736930936574936
3281,0.04239280894398689
3282,0.04769280552864075
3283,0.052930302917957306
3284,0.039979949593544006
3285,0.038316234946250916
3286,0.04260600358247757
3287,0.04637719690799713
3288,0.052081458270549774
3289,0.03709200769662857
3290,0.03960461914539337
3291,0.04815391078591347
3292,0.03831934928894043
3293,0.03757436200976372
3294,0.05132295936346054
3295,0.048926547169685364
3296,0.0370674654841423
3297,0.04542481526732445
3298,0.03369470685720444
3299,0.039175696671009064
3300,0.04134728014469147
3301,0.05240991711616516
3302,0.04400211200118065
3303,0.04432312771677971
3304,0.04116147384047508
3305,0.04273662716150284
3306,0.04853165149688721
3307,0.05086797848343849
3308,0.03765535727143288
3309,0.042335838079452515
3310,0.03911516070365906
3311,0.03322263062000275
3312,0.04016958549618721
3313,0.047160256654024124
3314,0.04209265857934952
3315,0.03366467356681824
3316,0.04646197706460953
3317,0.03849269077181816
3318,0.045893993228673935
3319,0.0414096862077713
3320,0.041370682418346405
3321,0.05185585841536522
3322,0.03599885478615761
3323,0.037025973200798035
3324,0.04333414509892464
3325,0.042414192110300064
3326,0.04533662647008896
3327,0.037272755056619644
3328,0.04543517157435417
3329,0.036135874688625336
3330,0.04142352566123009
3331,0.044673945754766464
3332,0.04121845215559006
3333,0.04539807140827179
3334,0.04087391868233681
3335,0.041126590222120285
3336,0.041800931096076965
3337,0.03520810231566429
3338,0.0336102731525898
3339,0.042565375566482544
3340,0.04838327690958977
3341,0.03945312276482582
3342,0.04365647956728935
3343,0.04394983500242233
3344,0.03408383950591087
3345,0.04060835763812065
3346,0.04533564671874046
3347,0.05108256638050079
3348,0.03812909871339798
3349,0.04690634459257126
3350,0.04701199755072594
3351,0.03446142002940178
3352,0.040994446724653244
3353,0.05062408745288849
3354,0.033166106790304184
3355,0.043606847524642944
3356,0.03533036261796951
3357,0.03771629184484482
3358,0.0476917140185833
3359,0.03930923715233803
3360,0.039085984230041504
3361,0.036715950816869736
3362,0.041227277368307114
3363,0.03621881082653999
3364,0.045802146196365356
3365,0.041169557720422745
3366,0.03886338695883751
3367,0.03467392921447754
3368,0.044064946472644806
3369,0.04124195873737335
3370,0.0323333702981472
3371,0.039378490298986435
3372,0.034477684646844864
3373,0.04396606981754303
3374,0.04359666258096695
3375,0.03666803240776062
3376,0.042907483875751495
3377,0.03406563773751259
3378,0.0432647168636322
3379,0.050343818962574005
3380,0.04044143855571747
3381,0.04482971504330635
3382,0.03739214316010475
3383,0.041533488780260086
3384,0.043377913534641266
3385,0.03815373405814171
3386,0.03666946291923523
3387,0.04029609635472298
3388,0.04395356774330139
3389,0.0392528660595417
3390,0.03633224591612816
3391,0.037073664367198944
3392,0.040524180978536606
3393,0.039922989904880524
3394,0.0405864417552948
3395,0.03801828250288963
3396,0.04048459231853485
3397,0.03125952556729317
3398,0.04293904826045036
3399,0.04255267605185509
3400,0.034568168222904205
3401,0.036082733422517776
3402,0.0450260154902935
3403,0.04215535521507263
3404,0.045447006821632385
3405,0.050496093928813934
3406,0.03486240282654762
3407,0.044445596635341644
3408,0.03828011453151703
3409,0.04407426714897156
3410,0.048120200634002686
3411,0.03430934622883797
3412,0.04070643335580826
3413,0.04459970071911812
3414,0.03978012129664421
3415,0.03257688134908676
3416,0.04383859410881996
3417,0.04005802050232887
3418,0.0449909009039402
3419,0.037600573152303696
3420,0.03463681414723396
3421,0.03903456777334213
3422,0.04182833805680275
3423,0.0476231575012207
3424,0.0355316586792469
3425,0.03875907510519028
3426,0.04610208794474602
3427,0.043805792927742004
3428,0.0324271135032177
3429,0.04559808596968651
3430,0.043182000517845154
3431,0.049698375165462494
3432,0.040259476751089096
3433,0.033724404871463776
3434,0.03668912500143051
3435,0.04216933250427246
3436,0.03306105360388756
3437,0.04246659576892853
3438,0.03333444148302078
3439,0.03849025070667267
3440,0.048342347145080566
3441,0.039838772267103195
3442,0.03664568439126015
3443,0.03438929468393326
3444,0.04151390492916107
3445,0.04324375092983246
3446,0.03713816776871681
3447,0.04233095422387123
3448,0.03736138343811035
3449,0.03691606968641281
3450,0.04567824676632881
3451,0.04151923581957817
3452,0.04683820530772209
3453,0.03289881348609924
3454,0.05171019956469536
3455,0.03897528350353241
3456,0.04356083273887634
3457,0.03620341792702675
3458,0.03559819981455803
3459,0.03630148991942406
3460,0.04315749183297157
3461,0.032309047877788544
3462,0.03377430513501167
3463,0.043112486600875854
3464,0.04000622406601906
3465,0.03789089620113373
3466,0.04085840284824371
3467,0.04075168818235397
3468,0.036769598722457886
3469,0.036789555102586746
3470,0.03350710868835449
3471,0.043583944439888
3472,0.02979487180709839
3473,0.03945045918226242
3474,0.03346158191561699
3475,0.04006453976035118
3476,0.03441391885280609
3477,0.0393802747130394
3478,0.04169329255819321
3479,0.03915569558739662
3480,0.037836987525224686
3481,0.04069659858942032
3482,0.03878340497612953
3483,0.04124516248703003
3484,0.04621175304055214
3485,0.04132361337542534
3486,0.04263744130730629
3487,0.041512880474328995
3488,0.04327733442187309
3489,0.036768216639757156
3490,0.035960596054792404
3491,0.04172145575284958
3492,0.04097553342580795
3493,0.040811341255903244
3494,0.042134903371334076
3495,0.03552825376391411
3496,0.03952469304203987
3497,0.035462040454149246
3498,0.03642063960433006
3499,0.03867793455719948
3500,0.03157200664281845
3501,0.03319123387336731
3502,0.042659543454647064
3503,0.04208771139383316
3504,0.04001016169786453
3505,0.030027970671653748
3506,0.03871742635965347
3507,0.04035003110766411
3508,0.04187007620930672
3509,0.035437338054180145
3510,0.04162081331014633
3511,0.034663982689380646
3512,0.041423261165618896
3513,0.03641752526164055
3514,0.043857429176568985
3515,0.04598980024456978
3516,0.03715924546122551
3517,0.040328916162252426
3518,0.03746247664093971
3519,0.03617590665817261
3520,0.031921837478876114
3521,0.04501274600625038
3522,0.035222433507442474
3523,0.04658632352948189
3524,0.03550387918949127
3525,0.03384740650653839
3526,0.038616862148046494
3527,0.03581318259239197
3528,0.03753945603966713
3529,0.03621755912899971
3530,0.037526462227106094
3531,0.03969055786728859
3532,0.043410252779722214
3533,0.0430556945502758
3534,0.04035656526684761
3535,0.0368436723947525
3536,0.03836282715201378
3537,0.04235847294330597
3538,0.041595324873924255
3539,0.03574972599744797
3540,0.03225449472665787
3541,0.03578700125217438
3542,0.027317281812429428
3543,0.03475272282958031
3544,0.035247158259153366
3545,0.041280582547187805
3546,0.035796429961919785
3547,0.044036246836185455
3548,0.042962439358234406
3549,0.05081535875797272
3550,0.03837469220161438
3551,0.045560359954833984
3552,0.034849248826503754
3553,0.040594231337308884
3554,0.03480346500873566
3555,0.03542337939143181
3556,0.03922551870346069
3557,0.03396930173039436
3558,0.0336858294904232
3559,0.03838975355029106
3560,0.041761789470911026
3561,0.034581851214170456
3562,0.038451507687568665
3563,0.04174991697072983
3564,0.034920334815979004
3565,0.03252371400594711
3566,0.03203462436795235
3567,0.03109920769929886
3568,0.044457048177719116
3569,0.04000057280063629
3570,0.04218176379799843
3571,0.03326638415455818
3572,0.038222867995500565
3573,0.04030635580420494
3574,0.03609852120280266
3575,0.04154637083411217
3576,0.03503607213497162
3577,0.034891657531261444
3578,0.03676721081137657
3579,0.03979851305484772
3580,0.03515996038913727
3581,0.03197072818875313
3582,0.04190148040652275
3583,0.03342263028025627
3584,0.03689224645495415
3585,0.04137417674064636
3586,0.03239687532186508
3587,0.03823411092162132
3588,0.04418836534023285
3589,0.03937244415283203
3590,0.03609259054064751
3591,0.0413857027888298
3592,0.04260188713669777
3593,0.04252779111266136
3594,0.03720603138208389
3595,0.03635355830192566
3596,0.04238756373524666
3597,0.031521331518888474
3598,0.03979767858982086
3599,0.04038069769740105
3600,0.0410238616168499
3601,0.03471178561449051
3602,0.03522375971078873
3603,0.0364585742354393
3604,0.0425446592271328
3605,0.039059024304151535
3606,0.04607813432812691
3607,0.03144695609807968
3608,0.0366993248462677
3609,0.038010742515325546
3610,0.03928070515394211
3611,0.03744018077850342
3612,0.037917766720056534
3613,0.03943211957812309
3614,0.03166423738002777
3615,0.035740625113248825
3616,0.03295349329710007
3617,0.03864099085330963
3618,0.040956221520900726
3619,0.038613252341747284
3620,0.04078783094882965
3621,0.03430191054940224
3622,0.030281834304332733
3623,0.03252783045172691
3624,0.03694913908839226
3625,0.0336543470621109
3626,0.03305179253220558
3627,0.025846630334854126
3628,0.029295900836586952
3629,0.031032074242830276
3630,0.031527768820524216
3631,0.03682015463709831
3632,0.04481921344995499
3633,0.04056341573596001
3634,0.029497040435671806
3635,0.040194787085056305
3636,0.04227762296795845
3637,0.029366642236709595
3638,0.03348696231842041
3639,0.038668613880872726
3640,0.033953841775655746
3641,0.04107130691409111
3642,0.03261084109544754
3643,0.03313831984996796
3644,0.03903481364250183
3645,0.03544796630740166
3646,0.03963787481188774
3647,0.03486419841647148
3648,0.03265507519245148
3649,0.031830962747335434
3650,0.03186909481883049
3651,0.03381377086043358
3652,0.03856006637215614
3653,0.033587682992219925
3654,0.03923378884792328
3655,0.045223724097013474
3656,0.03189221769571304
3657,0.03909553587436676
3658,0.03001580387353897
3659,0.03783011436462402
3660,0.03852654993534088
3661,0.03398061543703079
3662,0.04072711616754532
3663,0.0315701998770237
3664,0.03686843439936638
3665,0.034916870296001434
3666,0.0420907698571682
3667,0.04154859855771065
3668,0.03282957524061203
3669,0.03394709527492523
3670,0.03832585737109184
3671,0.03534999489784241
3672,0.031925544142723083
3673,0.03414550796151161
3674,0.04020526632666588
3675,0.03155942261219025
3676,0.04072060436010361
3677,0.03712655231356621
3678,0.036849018186330795
3679,0.040424346923828125
3680,0.03444903343915939
3681,0.03888982534408569
3682,0.03785243257880211
3683,0.03944573923945427
3684,0.045558009296655655
3685,0.027702655643224716
3686,0.03589649498462677
3687,0.04514515399932861
3688,0.037287551909685135
3689,0.03547920286655426
3690,0.036042336374521255
3691,0.03338546305894852
3692,0.035398345440626144
3693,0.03133837506175041
3694,0.03707917779684067
3695,0.036619242280721664
3696,0.037019141018390656
3697,0.031201425939798355
3698,0.03813372179865837
3699,0.043301742523908615
3700,0.03766278550028801
3701,0.03698975592851639
3702,0.03377310931682587
3703,0.03434840962290764
3704,0.034012321382761
3705,0.032329801470041275
3706,0.03914068639278412
3707,0.03359471634030342
3708,0.03334539756178856
3709,0.04074021428823471
3710,0.03279033675789833
3711,0.02970324270427227
3712,0.03718957304954529
3713,0.037732552736997604
3714,0.03474777191877365
3715,0.03862583637237549
3716,0.038076676428318024
3717,0.03270076587796211
3718,0.04093794524669647
3719,0.03623675927519798
3720,0.038229502737522125
3721,0.03451263904571533
3722,0.042605962604284286
3723,0.028703393414616585
3724,0.03601062670350075
3725,0.034363213926553726
3726,0.0349237434566021
3727,0.034366145730018616
3728,0.031795620918273926
3729,0.03883742541074753
3730,0.03199981153011322
3731,0.041002437472343445
3732,0.03499354422092438
3733,0.04226578027009964
3734,0.033958934247493744
3735,0.033113740384578705
3736,0.031588416546583176
3737,0.03129264712333679
3738,0.03099209815263748
3739,0.03446810692548752
3740,0.032482732087373734
3741,0.03588820621371269
3742,0.04216335341334343
3743,0.03306588530540466
3744,0.040604863315820694
3745,0.03156846761703491
3746,0.03381018340587616
3747,0.039290428161621094
3748,0.034089673310518265
3749,0.03245609253644943
3750,0.038074348121881485
3751,0.03806010261178017
3752,0.03545515984296799
3753,0.028054194524884224
3754,0.03610672429203987
3755,0.03785041719675064
3756,0.04064590111374855
3757,0.032433103770017624
3758,0.037122536450624466
3759,0.03457440435886383
3760,0.04153694212436676
3761,0.033243924379348755
3762,0.02903646044433117
3763,0.0353524424135685
3764,0.03099130466580391
3765,0.0317508690059185
3766,0.03875022009015083
3767,0.03681085631251335
3768,0.03364570811390877
3769,0.03397900611162186
3770,0.03269059583544731
3771,0.03466528654098511
3772,0.0332157202064991
3773,0.03822293505072594
3774,0.038332175463438034
3775,0.03394384682178497
3776,0.03205220028758049
3777,0.0317360945045948
3778,0.032545749098062515
3779,0.03758306801319122
3780,0.033290982246398926
3781,0.03868671879172325
3782,0.0430496484041214
3783,0.033388230949640274
3784,0.035859365016222
3785,0.03440284729003906
3786,0.04251383990049362
3787,0.033971019089221954
3788,0.036948028951883316
3789,0.036368999630212784
3790,0.0389309823513031
3791,0.03417425975203514
3792,0.038448940962553024
3793,0.03627410903573036
3794,0.033028408885002136
3795,0.04112602025270462
3796,0.04066791012883186
3797,0.036284513771533966
3798,0.038468752056360245
3799,0.03587702289223671
3800,0.03651127219200134
3801,0.026375843212008476
3802,0.029708681628108025
3803,0.03544348105788231
3804,0.03405970707535744
3805,0.03888232260942459
3806,0.03782818093895912
3807,0.0363936647772789
3808,0.03599183261394501
3809,0.02751034125685692
3810,0.03320855647325516
3811,0.031000196933746338
3812,0.03647543862462044
3813,0.03494173288345337
3814,0.029376501217484474
3815,0.04265017807483673
3816,0.03760118782520294
3817,0.038003381341695786
3818,0.03541944921016693
3819,0.033106155693531036
3820,0.04348704591393471
3821,0.030133984982967377
3822,0.03546946868300438
3823,0.03439546748995781
3824,0.029794050380587578
3825,0.03642147406935692
3826,0.035609569400548935
3827,0.03362829610705376
3828,0.03523053601384163
3829,0.041716318577528
3830,0.029793549329042435
3831,0.032515641301870346
3832,0.03614778071641922
3833,0.030858004465699196
3834,0.03534722328186035
3835,0.028497364372015
3836,0.02622852846980095
3837,0.030061833560466766
3838,0.032788775861263275
3839,0.03347210958600044
3840,0.03623620793223381
3841,0.025898825377225876
3842,0.03339351341128349
3843,0.0281138364225626
3844,0.030551282688975334
3845,0.028775226324796677
3846,0.03877440094947815
3847,0.038751427084207535
3848,0.03382400423288345
3849,0.03904261812567711
3850,0.03284890949726105
3851,0.03065001219511032
3852,0.03751089796423912
3853,0.038077473640441895
3854,0.03801339492201805
3855,0.030700648203492165
3856,0.03605831414461136
3857,0.027985509485006332
3858,0.03712776303291321
3859,0.031975846737623215
3860,0.03795759379863739
3861,0.03426710143685341
3862,0.036920033395290375
3863,0.03167291358113289
3864,0.03302222490310669
3865,0.03152219206094742
3866,0.031114831566810608
3867,0.03473959118127823
3868,0.032022375613451004
3869,0.036627721041440964
3870,0.043839503079652786
3871,0.03707677870988846
3872,0.0317961648106575
3873,0.027294473722577095
3874,0.031956084072589874
3875,0.0323404036462307
3876,0.03194994479417801
3877,0.031301647424697876
3878,0.030806727707386017
3879,0.036044515669345856
3880,0.03596840798854828
3881,0.03461728245019913
3882,0.03944305330514908
3883,0.03688054904341698
3884,0.035809773951768875
3885,0.03795846924185753
3886,0.03486236557364464
3887,0.03472162410616875
3888,0.03345758840441704
3889,0.034506820142269135
3890,0.03381984308362007
3891,0.029213780537247658
3892,0.038902755826711655
3893,0.038901980966329575
3894,0.025800708681344986
3895,0.028852300718426704
3896,0.037843845784664154
3897,0.03592189773917198
3898,0.029455071315169334
3899,0.03889608383178711
3900,0.038445986807346344
3901,0.03694938123226166
3902,0.0345182865858078
3903,0.02657817117869854
3904,0.03389369696378708
3905,0.041652169078588486
3906,0.03450797125697136
3907,0.028626717627048492
3908,0.03263700380921364
3909,0.029550060629844666
3910,0.0285785049200058
3911,0.030336076393723488
3912,0.02938286028802395
3913,0.03854326158761978
3914,0.026711391285061836
3915,0.03464300185441971
3916,0.02897910587489605
3917,0.03934970125555992
3918,0.028575273230671883
3919,0.03215069696307182
3920,0.0338839553296566
3921,0.04789450019598007
3922,0.029603146016597748
3923,0.028548428788781166
3924,0.037406448274850845
3925,0.030717896297574043
3926,0.030877232551574707
3927,0.030453704297542572
3928,0.033032942563295364
3929,0.03724583610892296
3930,0.03735848888754845
3931,0.031354133039712906
3932,0.03307151049375534
3933,0.03298550099134445
3934,0.03315753489732742
3935,0.03173954784870148
3936,0.03173995763063431
3937,0.03806952387094498
3938,0.03238993138074875
3939,0.02973465621471405
3940,0.03388432413339615
3941,0.0338720828294754
3942,0.028681261464953423
3943,0.03197532519698143
3944,0.02605920284986496
3945,0.03753184899687767
3946,0.027780206874012947
3947,0.029820505529642105
3948,0.031313955783843994
3949,0.02995942160487175
3950,0.029811210930347443
3951,0.03008251264691353
3952,0.03378789871931076
3953,0.03316742926836014
3954,0.02966201864182949
3955,0.038264866918325424
3956,0.032519374042749405
3957,0.026458438485860825
3958,0.04224703460931778
3959,0.034621018916368484
3960,0.04000797122716904
3961,0.034935034811496735
3962,0.02912844903767109
3963,0.03877650201320648
3964,0.037216540426015854
3965,0.03228426352143288
3966,0.030362309888005257
3967,0.030047081410884857
3968,0.037044599652290344
3969,0.03333105519413948
3970,0.03723825141787529
3971,0.03659699857234955
3972,0.03311034291982651
3973,0.03738769516348839
3974,0.026988986879587173
3975,0.03275204449892044
3976,0.03292687237262726
3977,0.03233497589826584
3978,0.032785702496767044
3979,0.034640368074178696
3980,0.036130473017692566
3981,0.03259797394275665
3982,0.029230641201138496
3983,0.027932297438383102
3984,0.032333578914403915
3985,0.033591028302907944
3986,0.044544000178575516
3987,0.03660810366272926
3988,0.028906824067234993
3989,0.03585820272564888
3990,0.029523855075240135
3991,0.03345559909939766
3992,0.03473885729908943
3993,0.03242769464850426
3994,0.03930853307247162
3995,0.026051409542560577
3996,0.030189789831638336
3997,0.03211703151464462
3998,0.03486945107579231
3999,0.03305048495531082
4000,0.03711235150694847
4001,0.03376223146915436
4002,0.033122718334198
4003,0.029935533180832863
4004,0.03600473701953888
4005,0.03135598078370094
4006,0.03239192068576813
4007,0.034585800021886826
4008,0.03272532299160957
4009,0.036086536943912506
4010,0.031175171956419945
4011,0.028015049174427986
4012,0.0345776341855526
4013,0.025192322209477425
4014,0.03149905055761337
4015,0.031783077865839005
4016,0.030980277806520462
4017,0.03184009715914726
4018,0.028814632445573807
4019,0.03270251676440239
4020,0.028952917084097862
4021,0.03187737241387367
4022,0.031132152304053307
4023,0.03352575749158859
4024,0.026318833231925964
4025,0.024822913110256195
4026,0.03085995465517044
4027,0.0324079655110836
4028,0.029209842905402184
4029,0.03316656872630119
4030,0.033802296966314316
4031,0.0305707436054945
4032,0.02744452655315399
4033,0.03259256109595299
4034,0.02585844323039055
4035,0.02267439104616642
4036,0.026484593749046326
4037,0.03224978968501091
4038,0.02981213852763176
4039,0.026573967188596725
4040,0.027626827359199524
4041,0.028342710807919502
4042,0.02551892213523388
4043,0.02862352319061756
4044,0.025311021134257317
4045,0.02173697017133236
4046,0.02878262847661972
4047,0.029719863086938858
4048,0.03459123149514198
4049,0.02754916250705719
4050,0.025880414992570877
4051,0.027497373521327972
4052,0.025382913649082184
4053,0.024998340755701065
4054,0.025296613574028015
4055,0.025950562208890915
4056,0.02178414724767208
4057,0.028135083615779877
4058,0.0279224943369627
4059,0.031900275498628616
4060,0.02780800312757492
4061,0.023761531338095665
4062,0.028963876888155937
4063,0.029329990968108177
4064,0.023793688043951988
4065,0.025167927145957947
4066,0.02512502856552601
4067,0.024303607642650604
4068,0.027275091037154198
4069,0.022288359701633453
4070,0.023652968928217888
4071,0.02815776690840721
4072,0.024688104167580605
4073,0.02186068706214428
4074,0.02375200390815735
4075,0.023791590705513954
4076,0.02619793266057968
4077,0.022172681987285614
4078,0.027906840667128563
4079,0.022426579147577286
4080,0.02702634409070015
4081,0.02473486214876175
4082,0.023519661277532578
4083,0.025226498022675514
4084,0.02204480767250061
4085,0.023107239976525307
4086,0.020900283008813858
4087,0.023658733814954758
4088,0.025754325091838837
4089,0.025648334994912148
4090,0.02700907178223133
4091,0.023945584893226624
4092,0.027182884514331818
4093,0.02120205946266651
4094,0.024518508464097977
4095,0.021920179948210716
4096,0.02334693633019924
4097,0.022454548627138138
4098,0.021710749715566635
4099,0.02773817628622055
4100,0.02158956229686737
4101,0.020725352689623833
4102,0.021284600719809532
4103,0.021742800250649452
4104,0.023007972165942192
4105,0.019410165026783943
4106,0.024490758776664734
4107,0.019518103450536728
4108,0.024172760546207428
4109,0.020595917478203773
4110,0.024727726355195045
4111,0.022138163447380066
4112,0.021018166095018387
4113,0.022151198238134384
4114,0.022568469867110252
4115,0.02371472679078579
4116,0.021171195432543755
4117,0.019299082458019257
4118,0.022422119975090027
4119,0.019878070801496506
4120,0.01995164342224598
4121,0.022711558267474174
4122,0.020720841363072395
4123,0.01851324737071991
4124,0.02133980393409729
4125,0.01998250000178814
4126,0.019112030044198036
4127,0.021849635988473892
4128,0.020351404324173927
4129,0.02198025956749916
4130,0.0217133779078722
4131,0.02056862786412239
4132,0.02294827625155449
4133,0.020676778629422188
4134,0.019870083779096603
4135,0.019108477979898453
4136,0.016763079911470413
4137,0.019235704094171524
4138,0.019523896276950836
4139,0.021266931667923927
4140,0.020245645195245743
4141,0.019344519823789597
4142,0.022276392206549644
4143,0.022041689604520798
4144,0.017522746697068214
4145,0.0190736074000597
4146,0.022356633096933365
4147,0.019836867228150368
4148,0.02216022089123726
4149,0.02212316170334816
4150,0.019404275342822075
4151,0.019836438819766045
4152,0.021021518856287003
4153,0.01957867480814457
4154,0.02005784772336483
4155,0.018224507570266724
4156,0.019620906561613083
4157,0.018235672265291214
4158,0.017048506066203117
4159,0.020398681983351707
4160,0.01854652725160122
4161,0.018742665648460388
4162,0.021394552662968636
4163,0.018584957346320152
4164,0.017343271523714066
4165,0.021381262689828873
4166,0.02011113055050373
4167,0.018883315846323967
4168,0.018784960731863976
4169,0.021054331213235855
4170,0.01778910867869854
4171,0.018157245591282845
4172,0.019124427810311317
4173,0.02011139690876007
4174,0.0181705541908741
4175,0.018211068585515022
4176,0.01913631521165371
4177,0.01921798102557659
4178,0.018492553383111954
4179,0.023013317957520485
4180,0.02033691108226776
4181,0.018594421446323395
4182,0.01850457675755024
4183,0.018075156956911087
4184,0.021837634965777397
4185,0.018926147371530533
4186,0.017540745437145233
4187,0.018245019018650055
4188,0.014867015182971954
4189,0.017931463196873665
4190,0.016248000785708427
4191,0.018024839460849762
4192,0.01801941730082035
4193,0.016734715551137924
4194,0.017956512048840523
4195,0.015922289341688156
4196,0.018821919336915016
4197,0.017063308507204056
4198,0.015947503969073296
4199,0.017917679622769356
4200,0.01570618338882923
4201,0.016445500776171684
4202,0.015032422728836536
4203,0.01975342072546482
4204,0.01653994806110859
4205,0.015998806804418564
4206,0.014703960157930851
4207,0.016491936519742012
4208,0.017535436898469925
4209,0.01797047257423401
4210,0.018675340339541435
4211,0.01683519221842289
4212,0.015555893070995808
4213,0.01890304684638977
4214,0.016687927767634392
4215,0.01811242289841175
4216,0.017324140295386314
4217,0.013401363976299763
4218,0.017996665090322495
4219,0.01549873873591423
4220,0.015474945306777954
4221,0.017533419653773308
4222,0.01729191467165947
4223,0.016658330336213112
4224,0.018376708030700684
4225,0.017160343006253242
4226,0.018364600837230682
4227,0.016933443024754524
4228,0.014158310368657112
4229,0.01788361184298992
4230,0.017097873613238335
4231,0.015146534889936447
4232,0.014231783337891102
4233,0.016857681795954704
4234,0.01652359962463379
4235,0.016033412888646126
4236,0.0176955908536911
4237,0.017141498625278473
4238,0.01693672500550747
4239,0.017860159277915955
4240,0.019093459472060204
4241,0.015482563525438309
4242,0.016176875680685043
4243,0.01654968596994877
4244,0.0137235838919878
4245,0.0139188002794981
4246,0.014307423494756222
4247,0.014723643660545349
4248,0.016013789921998978
4249,0.01644725911319256
4250,0.014748471789062023
4251,0.013646982610225677
4252,0.012896955944597721
4253,0.014720735140144825
4254,0.0165483970195055
4255,0.013240276835858822
4256,0.015303228050470352
4257,0.012761247344315052
4258,0.014806628227233887
4259,0.014096753671765327
4260,0.01338769681751728
4261,0.014338518492877483
4262,0.014196456409990788
4263,0.012815337628126144
4264,0.014756523072719574
4265,0.013961296528577805
4266,0.01618519425392151
4267,0.013763830065727234
4268,0.01512020081281662
4269,0.014745487831532955
4270,0.013644333928823471
4271,0.013590683229267597
4272,0.013708896934986115
4273,0.014140834100544453
4274,0.012369973585009575
4275,0.016078347340226173
4276,0.011904834769666195
4277,0.013757456094026566
4278,0.013459375128149986
4279,0.01407984271645546
4280,0.01427157036960125
4281,0.0118737006559968
4282,0.014560184441506863
4283,0.01125254388898611
4284,0.012248162180185318
4285,0.014667009934782982
4286,0.015001114457845688
4287,0.013797959312796593
4288,0.014809632673859596
4289,0.013992412947118282
4290,0.01399258989840746
4291,0.015980403870344162
4292,0.012648606672883034
4293,0.011744934134185314
4294,0.011217446997761726
4295,0.012561052106320858
4296,0.013060959987342358
4297,0.012277601286768913
4298,0.014245158061385155
4299,0.01620040461421013
4300,0.0142719317227602
4301,0.01163143664598465
4302,0.012443854473531246
4303,0.012122644111514091
4304,0.014247923158109188
4305,0.012676297686994076
4306,0.012905907817184925
4307,0.011137427762150764
4308,0.012179076671600342
4309,0.014907712116837502
4310,0.013904412277042866
4311,0.011399703100323677
4312,0.012589081190526485
4313,0.014781772159039974
4314,0.013136304914951324
4315,0.011496951803565025
4316,0.012008465826511383
4317,0.012412644922733307
4318,0.011645865626633167
4319,0.012633096426725388
4320,0.010826940648257732
4321,0.010072601027786732
4322,0.01222145278006792
4323,0.013117432594299316
4324,0.01198547799140215
4325,0.011913820169866085
4326,0.011210612952709198
4327,0.011112048290669918
4328,0.014833550900220871
4329,0.012400013394653797
4330,0.010714965872466564
4331,0.012583205476403236
4332,0.009781606495380402
4333,0.011981701478362083
4334,0.011373348534107208
4335,0.013077408075332642
4336,0.01069598738104105
4337,0.01140896137803793
4338,0.011486593633890152
4339,0.012089818716049194
4340,0.015494296327233315
4341,0.011229909025132656
4342,0.01204350683838129
4343,0.012390551157295704
4344,0.012324875220656395
4345,0.010966305620968342
4346,0.008955901488661766
4347,0.011202884837985039
4348,0.012687038630247116
4349,0.012216785922646523
4350,0.00950869731605053
4351,0.010867058299481869
4352,0.012345223687589169
4353,0.011439320631325245
4354,0.010229144245386124
4355,0.009832172654569149
4356,0.011709780432283878
4357,0.01097105722874403
4358,0.011179333552718163
4359,0.011271393857896328
4360,0.010805351659655571
4361,0.011432642117142677
4362,0.01175675168633461
4363,0.011356684379279613
4364,0.010471598245203495
4365,0.009206557646393776
4366,0.012351544573903084
4367,0.009672142565250397
4368,0.007872186601161957
4369,0.011144435033202171
4370,0.009726518765091896
4371,0.011945589445531368
4372,0.014969143085181713
4373,0.010792826302349567
4374,0.008504323661327362
4375,0.009733716025948524
4376,0.009238121099770069
4377,0.011723073199391365
4378,0.010495099239051342
4379,0.012196818366646767
4380,0.011247973889112473
4381,0.010781298391520977
4382,0.010058279149234295
4383,0.010753241367638111
4384,0.009267308749258518
4385,0.01026558130979538
4386,0.011430056765675545
4387,0.010303839109838009
4388,0.008732574060559273
4389,0.009012806229293346
4390,0.01013457216322422
4391,0.010343870148062706
4392,0.007930800318717957
4393,0.011829609051346779
4394,0.01007262896746397
4395,0.00917050614953041
4396,0.00894574448466301
4397,0.01014532707631588
4398,0.009276196360588074
4399,0.008393259719014168
4400,0.008557695895433426
4401,0.010334749706089497
4402,0.00961164478212595
4403,0.009440306574106216
4404,0.011817005462944508
4405,0.009716101922094822
4406,0.008619356900453568
4407,0.010425414890050888
4408,0.00735504599288106
4409,0.009998062625527382
4410,0.009963052347302437
4411,0.010011831298470497
4412,0.009669345803558826
4413,0.012912963517010212
4414,0.009965945966541767
4415,0.009065491147339344
4416,0.009696775116026402
4417,0.013007388450205326
4418,0.01093171164393425
4419,0.008466570638120174
4420,0.00873588677495718
4421,0.011074339970946312
4422,0.009285194799304008
4423,0.01079877745360136
4424,0.009320106357336044
4425,0.009151758626103401
4426,0.009562157094478607
4427,0.010881000198423862
4428,0.011988379061222076
4429,0.008633313700556755
4430,0.011343186721205711
4431,0.007568701170384884
4432,0.008178096264600754
4433,0.01053179707378149
4434,0.010639422573149204
4435,0.007197596598416567
4436,0.009753408841788769
4437,0.010421349667012691
4438,0.010691198520362377
4439,0.010206906124949455
4440,0.00861211959272623
4441,0.008339221589267254
4442,0.00895500835031271
4443,0.009348107501864433
4444,0.010011349804699421
4445,0.008766897954046726
4446,0.008607755415141582
4447,0.008519082330167294
4448,0.007950312457978725
4449,0.010927128605544567
4450,0.009243199601769447
4451,0.009231400676071644
4452,0.010113382712006569
4453,0.009000524878501892
4454,0.011114339344203472
4455,0.007948534563183784
4456,0.01115585770457983
4457,0.008993089199066162
4458,0.00821408350020647
4459,0.01038521621376276
4460,0.008105384185910225
4461,0.009235243313014507
4462,0.00901108980178833
4463,0.007944995537400246
4464,0.007725095376372337
4465,0.009991996921598911
4466,0.0072718518786132336
4467,0.007701801601797342
4468,0.009409468621015549
4469,0.007904356345534325
4470,0.008333317004144192
4471,0.008775130845606327
4472,0.014769405126571655
4473,0.009327600710093975
4474,0.009197105653584003
4475,0.006250237114727497
4476,0.007688944227993488
4477,0.008737693540751934
4478,0.008276145905256271
4479,0.008768784813582897
4480,0.008581065572798252
4481,0.008636257611215115
4482,0.007903537712991238
4483,0.008239636197686195
4484,0.007328386418521404
4485,0.00638331426307559
4486,0.007056745234876871
4487,0.009569713845849037
4488,0.008844004943966866
4489,0.008789884857833385
4490,0.0073607731610536575
4491,0.008412829600274563
4492,0.006990695372223854
4493,0.007907876744866371
4494,0.0090286610648036
4495,0.007821566425263882
4496,0.007401050068438053
4497,0.009661590680480003
4498,0.008489882573485374
4499,0.010531059466302395
4500,0.007792658172547817
4501,0.007129291538149118
4502,0.009316207841038704
4503,0.0075127980671823025
4504,0.008091863244771957
4505,0.007294178009033203
4506,0.007122617680579424
4507,0.009685820899903774
4508,0.007516636047512293
4509,0.007619046606123447
4510,0.009291046299040318
4511,0.009393494576215744
4512,0.008683421649038792
4513,0.007569607812911272
4514,0.009403517469763756
4515,0.008323716931045055
4516,0.007979417219758034
4517,0.009137622080743313
4518,0.005802933592349291
4519,0.0076921056024730206
4520,0.01371272373944521
4521,0.008476270362734795
4522,0.007829035632312298
4523,0.009261051192879677
4524,0.009103920310735703
4525,0.007695282809436321
4526,0.009766221977770329
4527,0.008313804864883423
4528,0.007718510460108519
4529,0.009109864011406898
4530,0.006428807973861694
4531,0.008042962290346622
4532,0.00842369720339775
4533,0.008574518375098705
4534,0.007728203199803829
4535,0.009001140482723713
4536,0.007034269627183676
4537,0.007712859660387039
4538,0.009183223359286785
4539,0.007613777182996273
4540,0.007145037408918142
4541,0.00890740379691124
4542,0.008079344406723976
4543,0.006713540758937597
4544,0.007673375774174929
4545,0.009510492905974388
4546,0.006193378008902073
4547,0.007424775045365095
4548,0.007757390383630991
4549,0.009835002943873405
4550,0.008541335351765156
4551,0.00970181543380022
4552,0.007011964451521635
4553,0.007159770932048559
4554,0.008483130484819412
4555,0.007326966617256403
4556,0.007240594364702702
4557,0.007796762976795435
4558,0.008656460791826248
4559,0.009777980856597424
4560,0.007903212681412697
4561,0.007690660189837217
4562,0.008099663071334362
4563,0.01070096530020237
4564,0.007784403860569
4565,0.009585753083229065
4566,0.007908488623797894
4567,0.007973041385412216
4568,0.006541188806295395
4569,0.00849834643304348
4570,0.010194661095738411
4571,0.00751340389251709
4572,0.008087352849543095
4573,0.009129063226282597
4574,0.009356451220810413
4575,0.008738819509744644
4576,0.007640422787517309
4577,0.0075173890218138695
4578,0.006952539086341858
4579,0.007126396056264639
4580,0.007980399765074253
4581,0.008160733617842197
4582,0.0068048941902816296
4583,0.009462570771574974
4584,0.008410373702645302
4585,0.0063302963972091675
4586,0.008647014386951923
4587,0.007868116721510887
4588,0.006490998435765505
4589,0.007385733537375927
4590,0.008398561738431454
4591,0.008187777362763882
4592,0.008615764789283276
4593,0.010046036913990974
4594,0.006746672559529543
4595,0.008215941488742828
4596,0.007921765558421612
4597,0.007441893685609102
4598,0.010124512016773224
4599,0.0063318307511508465
4600,0.008230212144553661
4601,0.008248892612755299
4602,0.00818944163620472
4603,0.007363400887697935
4604,0.007851392962038517
4605,0.007046798709779978
4606,0.007160429377108812
4607,0.008361929096281528
4608,0.007642417214810848
4609,0.008583799004554749
4610,0.008105414919555187
4611,0.007645998150110245
4612,0.006758847273886204
4613,0.00870188232511282
4614,0.006501142866909504
4615,0.006132650654762983
4616,0.008677835576236248
4617,0.006663557607680559
4618,0.006924643646925688
4619,0.008203129284083843
4620,0.010148350149393082
4621,0.009402302093803883
4622,0.0056905015371739864
4623,0.006870565004646778
4624,0.0073662023060023785
4625,0.00795033760368824
4626,0.0085219731554389
4627,0.008100733160972595
4628,0.006966836284846067
4629,0.007314598187804222
4630,0.00987586285918951
4631,0.008499114774167538
4632,0.007292228750884533
4633,0.008033491671085358
4634,0.007535843178629875
4635,0.006246477831155062
4636,0.007438212633132935
4637,0.00831756554543972
4638,0.00820829439908266
4639,0.00817099865525961
4640,0.006529761012643576
4641,0.00672077015042305
4642,0.007281627506017685
4643,0.008113089948892593
4644,0.0075171408243477345
4645,0.00970852468162775
4646,0.007278025150299072
4647,0.007400755304843187
4648,0.007854171097278595
4649,0.008489499799907207
4650,0.007568018976598978
4651,0.007266401778906584
4652,0.00764558557420969
4653,0.0067086368799209595
4654,0.006661678664386272
4655,0.008098592050373554
4656,0.0077413455583155155
4657,0.007820642553269863
4658,0.008639542385935783
4659,0.006970207206904888
4660,0.007356833666563034
4661,0.007517602294683456
4662,0.007123860996216536
4663,0.006652349606156349
4664,0.007125879172235727
4665,0.009073597379028797
4666,0.009364711120724678
4667,0.006618022918701172
4668,0.008193663321435452
4669,0.008089675568044186
4670,0.007241652347147465
4671,0.010829903185367584
4672,0.008234246633946896
4673,0.006403172854334116
4674,0.007408929988741875
4675,0.0074798231944441795
4676,0.008282860741019249
4677,0.007104861084371805
4678,0.00852916669100523
4679,0.007134355138987303
4680,0.006832665763795376
4681,0.008872716687619686
4682,0.006894181948155165
4683,0.007818453013896942
4684,0.006426013540476561
4685,0.0067573729902505875
4686,0.007148828823119402
4687,0.007373340893536806
4688,0.006071172654628754
4689,0.006348967552185059
4690,0.008592388592660427
4691,0.006763840559870005
4692,0.00661291042342782
4693,0.008743410930037498
4694,0.007955682463943958
4695,0.006515292916446924
4696,0.007986068725585938
4697,0.008166898973286152
4698,0.0071541061624884605
4699,0.007452977355569601
4700,0.008239712566137314
4701,0.008002015762031078
4702,0.007786848116666079
4703,0.007852848619222641
4704,0.007842019200325012
4705,0.009420698508620262
4706,0.005856974516063929
4707,0.006758222356438637
4708,0.007647393736988306
4709,0.007640545256435871
4710,0.008139122277498245
4711,0.00841435045003891
4712,0.006885903887450695
4713,0.008031658828258514
4714,0.008532273583114147
4715,0.005665841978043318
4716,0.007504824548959732
4717,0.006542412098497152
4718,0.008299140259623528
4719,0.006988814100623131
4720,0.00629443908110261
4721,0.007809233386069536
4722,0.007282482925802469
4723,0.009385964833199978
4724,0.005741688888520002
4725,0.007010807748883963
4726,0.007314188405871391
4727,0.007515706121921539
4728,0.007162760943174362
4729,0.007344530429691076
4730,0.007351228501647711
4731,0.00671882601454854
4732,0.006821443326771259
4733,0.006677045952528715
4734,0.007131608203053474
4735,0.007565735373646021
4736,0.00846812129020691
4737,0.008456721901893616
4738,0.00718062836676836
4739,0.006981709506362677
4740,0.005836061201989651
4741,0.007519650738686323
4742,0.008072477765381336
4743,0.006175590679049492
4744,0.006584571674466133
4745,0.0067315418273210526
4746,0.006932223215699196
4747,0.007032528519630432
4748,0.007763632573187351
4749,0.00724756857380271
4750,0.006396489683538675
4751,0.008133500814437866
4752,0.006603465881198645
4753,0.008692119270563126
4754,0.006485446821898222
4755,0.00662110885605216
4756,0.006469510495662689
4757,0.007454358972609043
4758,0.007115488406270742
4759,0.0061928946524858475
4760,0.0068895574659109116
4761,0.007954024709761143
4762,0.007244535256177187
4763,0.006203684490174055
4764,0.006520715542137623
4765,0.007747658994048834
4766,0.006273007486015558
4767,0.00777877913787961
4768,0.006624649278819561
4769,0.007580403238534927
4770,0.006270214915275574
4771,0.006017716135829687
4772,0.007231763564050198
4773,0.007111701183021069
4774,0.006491317413747311
4775,0.006869036704301834
4776,0.006933503318578005
4777,0.006486690603196621
4778,0.007333118934184313
4779,0.006805937737226486
4780,0.00872266199439764
4781,0.008481604047119617
4782,0.0060324473306536674
4783,0.005742195062339306
4784,0.007766145281493664
4785,0.0070222956128418446
4786,0.006528032477945089
4787,0.007867065258324146
4788,0.00748889334499836
4789,0.005687918979674578
4790,0.006922997999936342
4791,0.00699517410248518
4792,0.00638619577512145
4793,0.007186072412878275
4794,0.00667383661493659
4795,0.007530348375439644
4796,0.007090507075190544
4797,0.006421911064535379
4798,0.005974607076495886
4799,0.005712592042982578
4800,0.005851192865520716
4801,0.006877769250422716
4802,0.006629200652241707
4803,0.007361374795436859
4804,0.007244513835757971
4805,0.006939449813216925
4806,0.0057909321039915085
4807,0.0076256426982581615
4808,0.008138222619891167
4809,0.005820146296173334
4810,0.006882424000650644
4811,0.006264043971896172
4812,0.007446665782481432
4813,0.006054440513253212
4814,0.006516837514936924
4815,0.007935183122754097
4816,0.006698553450405598
4817,0.007726331241428852
4818,0.006753263995051384
4819,0.006531212944537401
4820,0.007485982961952686
4821,0.0066740200854837894
4822,0.005410077981650829
4823,0.00668631587177515
4824,0.00656119454652071
4825,0.006203462369740009
4826,0.0070303515531122684
4827,0.008487199433147907
4828,0.007585589308291674
4829,0.006938491016626358
4830,0.00497932406142354
4831,0.005320271477103233
4832,0.006808524951338768
4833,0.0058977073058485985
4834,0.007700937334448099
4835,0.006372657138854265
4836,0.007061365060508251
4837,0.006396666634827852
4838,0.007754602935165167
4839,0.006269581150263548
4840,0.006686041131615639
4841,0.005977419205009937
4842,0.006895518396049738
4843,0.006963012740015984
4844,0.006268112454563379
4845,0.007152114529162645
4846,0.007920528762042522
4847,0.007759002037346363
4848,0.006242998410016298
4849,0.005653121508657932
4850,0.008071591146290302
4851,0.007189666852355003
4852,0.006995482835918665
4853,0.005217754747718573
4854,0.006071089766919613
4855,0.007934807799756527
4856,0.007133058737963438
4857,0.007646224927157164
4858,0.006903722882270813
4859,0.007587810512632132
4860,0.005747433751821518
4861,0.005809074267745018
4862,0.005712471436709166
4863,0.006527896039187908
4864,0.007078698370605707
4865,0.007524887565523386
4866,0.006805526092648506
4867,0.007313217502087355
4868,0.0065472982823848724
4869,0.006444087717682123
4870,0.007157261949032545
4871,0.007617393508553505
4872,0.0071197329089045525
4873,0.005290026310831308
4874,0.008092336356639862
4875,0.00705941254273057
4876,0.0062050968408584595
4877,0.006928950548171997
4878,0.005765590816736221
4879,0.007283939514309168
4880,0.006462814752012491
4881,0.0071599241346120834
4882,0.006582471542060375
4883,0.008334284648299217
4884,0.006791010499000549
4885,0.007472875528037548
4886,0.005629889201372862
4887,0.006967831403017044
4888,0.007679913658648729
4889,0.006844863295555115
4890,0.0070406049489974976
4891,0.006928924936801195
4892,0.00755478348582983
4893,0.005914065055549145
4894,0.006386204157024622
4895,0.007407486904412508
4896,0.006794892251491547
4897,0.0067992620170116425
4898,0.00698034418746829
4899,0.006971020717173815
4900,0.006403522100299597
4901,0.006405435968190432
4902,0.00603429414331913
4903,0.0061397976242005825
4904,0.006278479006141424
4905,0.005520344246178865
4906,0.007089619059115648
4907,0.008232984691858292
4908,0.007224774453788996
4909,0.007717528846114874
4910,0.005805461201816797
4911,0.005998724605888128
4912,0.00738883949816227
4913,0.006275627296417952
4914,0.007918151095509529
4915,0.0071433717384934425
4916,0.005587954539805651
4917,0.005742053966969252
4918,0.007810644339770079
4919,0.006304746959358454
4920,0.005979832261800766
4921,0.0075248656794428825
4922,0.007119676563888788
4923,0.006776742171496153
4924,0.006983657833188772
4925,0.006022504065185785
4926,0.006338404957205057
4927,0.005935455206781626
4928,0.005694350693374872
4929,0.005026697646826506
4930,0.0061102136969566345
4931,0.005065469071269035
4932,0.006752590648829937
4933,0.006814225576817989
4934,0.007310245651751757
4935,0.005432009231299162
4936,0.005474864970892668
4937,0.005433492828160524
4938,0.007010152563452721
4939,0.0062563177198171616
4940,0.005894842557609081
4941,0.007047474849969149
4942,0.006087747868150473
4943,0.007836632430553436
4944,0.0069778235629200935
4945,0.00531274639070034
4946,0.007461380213499069
4947,0.0055102016776800156
4948,0.0073440889827907085
4949,0.005373727530241013
4950,0.006627895403653383
4951,0.006065468769520521
4952,0.0061653610318899155
4953,0.0058430559001863
4954,0.007192467339336872
4955,0.007176912855356932
4956,0.0066215707920491695
4957,0.0069554890505969524
4958,0.006680226884782314
4959,0.00733993761241436
4960,0.006696464493870735
4961,0.006358657032251358
4962,0.0070814588107168674
4963,0.006709543522447348
4964,0.005455602891743183
4965,0.005834910087287426
4966,0.006020076107233763
4967,0.006467340048402548
4968,0.006018938962370157
4969,0.005600566044449806
4970,0.006529485806822777
4971,0.005560566671192646
4972,0.00816372036933899
4973,0.006988260429352522
4974,0.006143693812191486
4975,0.005132648162543774
4976,0.005732931196689606
4977,0.006041915155947208
4978,0.005806196480989456
4979,0.006473757326602936
4980,0.006475748028606176
4981,0.007228504400700331
4982,0.008177847601473331
4983,0.005314692389219999
4984,0.005587345454841852
4985,0.0064003001898527145
4986,0.006365381646901369
4987,0.006101207807660103
4988,0.005613815970718861
4989,0.006180584896355867
4990,0.007249228190630674
4991,0.006584995426237583
4992,0.007320282515138388
4993,0.00931794848293066
4994,0.006648234091699123
4995,0.006710787303745747
4996,0.006115282420068979
4997,0.007915675640106201
4998,0.006458302028477192
4999,0.006451271940022707
5000,0.006846473086625338
5001,0.0069040898233652115
5002,0.005548206623643637
5003,0.005682861898094416
5004,0.0055821677669882774
5005,0.00608171708881855
5006,0.006740141194313765
5007,0.006068363785743713
5008,0.006343551445752382
5009,0.00646810419857502
5010,0.005463544744998217
5011,0.007012953516095877
5012,0.006249179597944021
5013,0.007098212838172913
5014,0.00609663687646389
5015,0.006649215240031481
5016,0.00643550232052803
5017,0.007202028762549162
5018,0.006397947669029236
5019,0.006459728814661503
5020,0.005267192609608173
5021,0.005974659696221352
5022,0.005508970469236374
5023,0.006070141214877367
5024,0.005920125171542168
5025,0.006185384001582861
5026,0.006091760937124491
5027,0.006119505502283573
5028,0.0062449052929878235
5029,0.00640333304181695
5030,0.00623647216707468
5031,0.0057029505260288715
5032,0.005872918292880058
5033,0.006612503435462713
5034,0.0073511069640517235
5035,0.006280994508415461
5036,0.0051143052987754345
5037,0.006080061197280884
5038,0.00801385473459959
5039,0.006758142728358507
5040,0.005332285072654486
5041,0.006673562806099653
5042,0.006828850135207176
5043,0.005616051610559225
5044,0.006398035679012537
5045,0.0064538223668932915
5046,0.006681770086288452
5047,0.007045326754450798
5048,0.005592884961515665
5049,0.00643824553117156
5050,0.007057531271129847
5051,0.00650485884398222
5052,0.007580525241792202
5053,0.00655145151540637
5054,0.0055271596647799015
5055,0.006588012911379337
5056,0.005943360738456249
5057,0.006127672735601664
5058,0.006589280441403389
5059,0.0054297372698783875
5060,0.006242906209081411
5061,0.007047020364552736
5062,0.006625378038734198
5063,0.006028064992278814
5064,0.0063928463496267796
5065,0.006399213336408138
5066,0.006614818703383207
5067,0.005515605676919222
5068,0.0058980900794267654
5069,0.006638648454099894
5070,0.005137946922332048
5071,0.006734384223818779
5072,0.005340590141713619
5073,0.005494261160492897
5074,0.007581961806863546
5075,0.006113624200224876
5076,0.007098675239831209
5077,0.007827009074389935
5078,0.006064485292881727
5079,0.006021711975336075
5080,0.006184805184602737
5081,0.006357571575790644
5082,0.00546199269592762
5083,0.0057908096350729465
5084,0.007413077633827925
5085,0.006990089081227779
5086,0.0063330442644655704
5087,0.0066782766953110695
5088,0.0060437205247581005
5089,0.006181501783430576
5090,0.006415242794901133
5091,0.00703811040148139
5092,0.005896459333598614
5093,0.00618982408195734
5094,0.006579287350177765
5095,0.005377717316150665
5096,0.004760013427585363
5097,0.007268515415489674
5098,0.006122258957475424
5099,0.006380006205290556
5100,0.005635657347738743
5101,0.005977860651910305
5102,0.005875836126506329
5103,0.00585932657122612
5104,0.007778905797749758
5105,0.0066794129088521
5106,0.0061771925538778305
5107,0.0071115694008767605
5108,0.008053487166762352
5109,0.007353133521974087
5110,0.00583976274356246
5111,0.007253915537148714
5112,0.005479366052895784
5113,0.006455219816416502
5114,0.005898304749280214
5115,0.005925936624407768
5116,0.0053503368981182575
5117,0.006990934256464243
5118,0.006228694226592779
5119,0.005581880919635296
5120,0.005173355340957642
5121,0.005532159004360437
5122,0.005491720512509346
5123,0.006850827019661665
5124,0.006462649442255497
5125,0.005647954065352678
5126,0.005482359789311886
5127,0.005997272673994303
5128,0.006102439481765032
5129,0.006135114002972841
5130,0.006843580398708582
5131,0.005719189532101154
5132,0.006100104656070471
5133,0.005943911150097847
5134,0.005921992473304272
5135,0.005466502625495195
5136,0.005899584852159023
5137,0.005084721837192774
5138,0.006225973833352327
5139,0.006229976192116737
5140,0.0051293931901454926
5141,0.006219308357685804
5142,0.006272788625210524
5143,0.0057233776897192
5144,0.006403797771781683
5145,0.006843151059001684
5146,0.0064760600216686726
5147,0.006295076571404934
5148,0.00590722868219018
5149,0.005041238386183977
5150,0.007366696372628212
5151,0.006405142601579428
5152,0.007428035140037537
5153,0.005191443022340536
5154,0.005592074245214462
5155,0.006854074075818062
5156,0.005451194941997528
5157,0.006613654550164938
5158,0.006311831530183554
5159,0.005994077306240797
5160,0.006292640697211027
5161,0.00714453449472785
5162,0.006200010422617197
5163,0.007865878753364086
5164,0.005667945835739374
5165,0.0067676519975066185
5166,0.006926210597157478
5167,0.006192117929458618
5168,0.005499741528183222
5169,0.006051953416317701
5170,0.005818038247525692
5171,0.005960013251751661
5172,0.005810681264847517
5173,0.0068000201135873795
5174,0.006227120757102966
5175,0.0065180836245417595
5176,0.00706509267911315
5177,0.006409570574760437
5178,0.005824635736644268
5179,0.005895425099879503
5180,0.0058389585465192795
5181,0.006372723262757063
5182,0.006052913144230843
5183,0.005502236541360617
5184,0.006946955807507038
5185,0.006365496665239334
5186,0.005958068184554577
5187,0.006610780488699675
5188,0.006793510168790817
5189,0.0060095107182860374
5190,0.005783516447991133
5191,0.006301024463027716
5192,0.006709389854222536
5193,0.00602811761200428
5194,0.005914098117500544
5195,0.006322382017970085
5196,0.006375350058078766
5197,0.006554111838340759
5198,0.006316769868135452
5199,0.006793848238885403
5200,0.006558890920132399
5201,0.005497206002473831
5202,0.007088352460414171
5203,0.006125241983681917
5204,0.00579448277130723
5205,0.005445163697004318
5206,0.006085572764277458
5207,0.005851671099662781
5208,0.006204857956618071
5209,0.00540269585326314
5210,0.007614352740347385
5211,0.006463401019573212
5212,0.006156051531434059
5213,0.0059039779007434845
5214,0.006635207217186689
5215,0.006063011474907398
5216,0.006514155771583319
5217,0.005300038028508425
5218,0.006505150347948074
5219,0.0057219755835831165
5220,0.005472383927553892
5221,0.006388414651155472
5222,0.005241313949227333
5223,0.005965581163764
5224,0.005830524489283562
5225,0.005846183747053146
5226,0.0063161104917526245
5227,0.00650069210678339
5228,0.005609186831861734
5229,0.006446437910199165
5230,0.006873204372823238
5231,0.006199483759701252
5232,0.006757313385605812
5233,0.006028839852660894
5234,0.006061699241399765
5235,0.006834402680397034
5236,0.0052375346422195435
5237,0.0058181192725896835
5238,0.005590957123786211
5239,0.006148397922515869
5240,0.005010048393160105
5241,0.006595158483833075
5242,0.005642866715788841
5243,0.004785307217389345
5244,0.005607362370938063
5245,0.00625653238967061
5246,0.005593288689851761
5247,0.00612544734030962
5248,0.005825404077768326
5249,0.0063543845899403095
5250,0.006292726844549179
5251,0.006883597932755947
5252,0.0058759902603924274
5253,0.006694216746836901
5254,0.0052514951676130295
5255,0.005605282727628946
5256,0.007389845326542854
5257,0.005424362141638994
5258,0.006797917652875185
5259,0.006442673970013857
5260,0.005705292336642742
5261,0.006789475679397583
5262,0.00586822209879756
5263,0.005590036045759916
5264,0.006254430394619703
5265,0.005433374550193548
5266,0.006382062565535307
5267,0.0064390916377305984
5268,0.00690073287114501
5269,0.005622394848614931
5270,0.005419330205768347
5271,0.00614456320181489
5272,0.005421245936304331
5273,0.006668525747954845
5274,0.005678986664861441
5275,0.0054222471080720425
5276,0.005625971592962742
5277,0.006472147069871426
5278,0.006626682355999947
5279,0.007294192910194397
5280,0.005341487471014261
5281,0.006949435453861952
5282,0.007470305543392897
5283,0.0064558470621705055
5284,0.0059541817754507065
5285,0.005688471253961325
5286,0.005119219422340393
5287,0.005708120763301849
5288,0.005644972436130047
5289,0.0053312527015805244
5290,0.00648810900747776
5291,0.005971740465611219
5292,0.006643092259764671
5293,0.0056984080001711845
5294,0.006726669613271952
5295,0.005467648152261972
5296,0.006174354813992977
5297,0.006275408901274204
5298,0.006041159387677908
5299,0.006166050210595131
5300,0.0052480511367321014
5301,0.006525850389152765
5302,0.006428308319300413
5303,0.005842697806656361
5304,0.005548982415348291
5305,0.0050185369327664375
5306,0.005348824895918369
5307,0.005558655131608248
5308,0.005650604143738747
5309,0.006218655966222286
5310,0.006319443229585886
5311,0.005697343498468399
5312,0.005725717172026634
5313,0.005153855308890343
5314,0.006124076899141073
5315,0.006241050083190203
5316,0.006851268466562033
5317,0.005900384858250618
5318,0.005639610346406698
5319,0.005432737525552511
5320,0.0064860014244914055
5321,0.0063273911364376545
5322,0.005561309400945902
5323,0.005980619695037603
5324,0.006082726176828146
5325,0.005420591216534376
5326,0.00513819744810462
5327,0.006226894445717335
5328,0.0053089275024831295
5329,0.006036190316081047
5330,0.005313997156918049
5331,0.0070878807455301285
5332,0.005062350071966648
5333,0.005936895962804556
5334,0.007454369217157364
5335,0.005288370884954929
5336,0.006572984158992767
5337,0.0056513710878789425
5338,0.0074891517870128155
5339,0.005832258146256208
5340,0.006595696788281202
5341,0.005752430763095617
5342,0.005791159346699715
5343,0.005997323896735907
5344,0.005779456812888384
5345,0.006320275831967592
5346,0.005359729286283255
5347,0.005971001461148262
5348,0.00646520871669054
5349,0.006396142765879631
5350,0.006973384879529476
5351,0.006522964220494032
5352,0.00438038632273674
5353,0.006448972970247269
5354,0.005905529484152794
5355,0.005579604301601648
5356,0.005746433045715094
5357,0.005731379147619009
5358,0.005552259739488363
5359,0.005987346172332764
5360,0.005513409618288279
5361,0.006660296581685543
5362,0.005709895398467779
5363,0.006858636625111103
5364,0.005902295000851154
5365,0.006391129922121763
5366,0.006092886906117201
5367,0.006150489207357168
5368,0.006106962449848652
5369,0.006169254891574383
5370,0.005617908667773008
5371,0.005889500956982374
5372,0.007017526775598526
5373,0.006006184965372086
5374,0.00638422230258584
5375,0.006406072061508894
5376,0.005391228944063187
5377,0.005812716204673052
5378,0.005819613579660654
5379,0.006652688607573509
5380,0.00573995616286993
5381,0.0051027219742536545
5382,0.005367920733988285
5383,0.004865572787821293
5384,0.006227347068488598
5385,0.005932431202381849
5386,0.006241222377866507
5387,0.005823538172990084
5388,0.005510704126209021
5389,0.006486801430583
5390,0.005964805372059345
5391,0.0059901876375079155
5392,0.005679528694599867
5393,0.0059944819658994675
5394,0.006801944226026535
5395,0.00550676416605711
5396,0.005996470805257559
5397,0.005287586245685816
5398,0.0055456943809986115
5399,0.005314173176884651
5400,0.006222112569957972
5401,0.006569613702595234
5402,0.005003403406590223
5403,0.00630090432241559
5404,0.007072726264595985
5405,0.005406484007835388
5406,0.006415248848497868
5407,0.006541877053678036
5408,0.00551654351875186
5409,0.005969171412289143
5410,0.005545586813241243
5411,0.006846822798252106
5412,0.0065456279553473
5413,0.0072127170860767365
5414,0.005907872226089239
5415,0.006519084796309471
5416,0.0069750272668898106
5417,0.006556290201842785
5418,0.006446983199566603
5419,0.006515499670058489
5420,0.00556359626352787
5421,0.006083861459046602
5422,0.0057829320430755615
5423,0.005318840034306049
5424,0.005884502548724413
5425,0.006060668732970953
5426,0.006166989449411631
5427,0.007289188914000988
5428,0.006637949962168932
5429,0.005508159752935171
5430,0.005977245979011059
5431,0.005286857485771179
5432,0.006060600746423006
5433,0.00660958606749773
5434,0.006580791436135769
5435,0.005605887621641159
5436,0.005574778188019991
5437,0.006604828406125307
5438,0.0077788191847503185
5439,0.005919461604207754
5440,0.005820177961140871
5441,0.006425402592867613
5442,0.005917770322412252
5443,0.005672079510986805
5444,0.005993342958390713
5445,0.0052930861711502075
5446,0.006673990283161402
5447,0.006555639207363129
5448,0.006011619698256254
5449,0.0065528471022844315
5450,0.005773212760686874
5451,0.00563999405130744
5452,0.005586634390056133
5453,0.006351599004119635
5454,0.006284276023507118
5455,0.0063168504275381565
5456,0.006428845226764679
5457,0.005433530546724796
5458,0.006207606755197048
5459,0.006304228212684393
5460,0.005412536207586527
5461,0.006306660361588001
5462,0.005707570351660252
5463,0.005744250491261482
5464,0.006089517381042242
5465,0.005404972936958075
5466,0.005423400085419416
5467,0.005177965387701988
5468,0.004286678973585367
5469,0.005598073359578848
5470,0.00649146968498826
5471,0.006918931845575571
5472,0.0057237050496041775
5473,0.00669092359021306
5474,0.005148997996002436
5475,0.005835257470607758
5476,0.006110569462180138
5477,0.005898169241845608
5478,0.0060224877670407295
5479,0.006791150197386742
5480,0.0058395350351929665
5481,0.006238432135432959
5482,0.006028757430613041
5483,0.005612398497760296
5484,0.005851762369275093
5485,0.006158989388495684
5486,0.005429085344076157
5487,0.006217144895344973
5488,0.007210643030703068
5489,0.005945561453700066
5490,0.0065031396225094795
5491,0.006699885241687298
5492,0.006189194042235613
5493,0.006019743159413338
5494,0.005911774933338165
5495,0.005637469235807657
5496,0.006463955156505108
5497,0.006326623260974884
5498,0.007789419498294592
5499,0.005935950670391321
5500,0.006291612051427364
5501,0.006047000177204609
5502,0.006631441414356232
5503,0.005229949485510588
5504,0.0050298357382416725
5505,0.006821601185947657
5506,0.006029185373336077
5507,0.005263637285679579
5508,0.005869871936738491
5509,0.006102995481342077
5510,0.006329494994133711
5511,0.005224606953561306
5512,0.005578137002885342
5513,0.005923272576183081
5514,0.0055416300892829895
5515,0.006115988362580538
5516,0.005851592402905226
5517,0.0059267738834023476
5518,0.005992751568555832
5519,0.005265220534056425
5520,0.006211543921381235
5521,0.005752259865403175
5522,0.006335167214274406
5523,0.005339672788977623
5524,0.005988325458019972
5525,0.006015919614583254
5526,0.006198238581418991
5527,0.006100130267441273
5528,0.006465600803494453
5529,0.006649764720350504
5530,0.005659491289407015
5531,0.005484981462359428
5532,0.006470551714301109
5533,0.005075873341411352
5534,0.006611695513129234
5535,0.005657204892486334
5536,0.006400701589882374
5537,0.0061203972436487675
5538,0.006648120004683733
5539,0.00603719986975193
5540,0.005579103250056505
5541,0.006416246294975281
5542,0.006146145984530449
5543,0.00612581055611372
5544,0.00682344613596797
5545,0.006595087703317404
5546,0.006324900314211845
5547,0.0059553030878305435
5548,0.005978669039905071
5549,0.006469958461821079
5550,0.006682827137410641
5551,0.006224245764315128
5552,0.0070465682074427605
5553,0.006539293564856052
5554,0.006365480367094278
5555,0.0068711088970303535
5556,0.005696527659893036
5557,0.0062247151508927345
5558,0.006123885978013277
5559,0.006294578313827515
5560,0.005468728486448526
5561,0.006324827205389738
5562,0.006289240904152393
5563,0.006212532054632902
5564,0.005606929771602154
5565,0.005774316843599081
5566,0.006470337975770235
5567,0.006493399851024151
5568,0.005898631643503904
5569,0.005964613053947687
5570,0.005866113118827343
5571,0.007095866370946169
5572,0.005866806022822857
5573,0.005996741354465485
5574,0.005854514893144369
5575,0.005563045851886272
5576,0.005835109390318394
5577,0.006731191650032997
5578,0.00572270667180419
5579,0.006218284834176302
5580,0.006183183752000332
5581,0.006180696189403534
5582,0.007886440493166447
5583,0.006758829578757286
5584,0.006503554526716471
5585,0.007421004585921764
5586,0.004931415896862745
5587,0.005950055085122585
5588,0.00658112158998847
5589,0.006746005732566118
5590,0.00657174875959754
5591,0.005716365296393633
5592,0.005939209368079901
5593,0.0056845457293093204
5594,0.005437801592051983
5595,0.005524455104023218
5596,0.006136288866400719
5597,0.006071188487112522
5598,0.005926072597503662
5599,0.00625350046902895
5600,0.00646251579746604
5601,0.006321861874312162
5602,0.005710601806640625
5603,0.006186909507960081
5604,0.006624569650739431
5605,0.005978707689791918
5606,0.006311089266091585
5607,0.005770356394350529
5608,0.006480764131993055
5609,0.006145853083580732
5610,0.006171841640025377
5611,0.006562158931046724
5612,0.0057515949010849
5613,0.005101674702018499
5614,0.00602134270593524
5615,0.00610752496868372
5616,0.005847588647156954
5617,0.005684463772922754
5618,0.006604737136512995
5619,0.006540990900248289
5620,0.005272163078188896
5621,0.006515847519040108
5622,0.007238295394927263
5623,0.005501811858266592
5624,0.004912279546260834
5625,0.006559361238032579
5626,0.006459698546677828
5627,0.00604300806298852
5628,0.006728035863488913
5629,0.006452534347772598
5630,0.005935369525104761
5631,0.006268257275223732
5632,0.006886495742946863
5633,0.006657565012574196
5634,0.005871070083230734
5635,0.005147038493305445
5636,0.006629393436014652
5637,0.005827260669320822
5638,0.00547782750800252
5639,0.006569952704012394
5640,0.006075229030102491
5641,0.006246133241802454
5642,0.006568255368620157
5643,0.005585276056081057
5644,0.0060442364774644375
5645,0.006310409866273403
5646,0.004904649220407009
5647,0.005414606537669897
5648,0.006277847569435835
5649,0.005616519134491682
5650,0.006605626083910465
5651,0.005517324432730675
5652,0.006735168397426605
5653,0.005062596872448921
5654,0.006789014209061861
5655,0.005774759221822023
5656,0.006066968198865652
5657,0.005650556180626154
5658,0.007118637673556805
5659,0.006240446120500565
5660,0.005817178636789322
5661,0.007452625781297684
5662,0.006022692192345858
5663,0.006382664665579796
5664,0.005553710740059614
5665,0.005812999326735735
5666,0.005587464664131403
5667,0.007451410870999098
5668,0.005881692748516798
5669,0.005691114347428083
5670,0.00538278603926301
5671,0.005932736210525036
5672,0.007075356785207987
5673,0.006169736385345459
5674,0.006827712524682283
5675,0.006625853944569826
5676,0.005787449888885021
5677,0.006395259406417608
5678,0.006059971638023853
5679,0.0062536741606891155
5680,0.0063767703250050545
5681,0.006306760478764772
5682,0.006363874766975641
5683,0.006272445898503065
5684,0.005855588708072901
5685,0.005168234929442406
5686,0.005965639371424913
5687,0.006300159264355898
5688,0.005487382411956787
5689,0.00606308039277792
5690,0.006386641878634691
5691,0.005928564351052046
5692,0.005952526815235615
5693,0.006475050933659077
5694,0.006514008156955242
5695,0.004929552786052227
5696,0.0057197571732103825
5697,0.006395984906703234
5698,0.006340633146464825
5699,0.00665178382769227
5700,0.006052933167666197
5701,0.005557064898312092
5702,0.005498203914612532
5703,0.00598696805536747
5704,0.005752387456595898
5705,0.006915337406098843
5706,0.007118828594684601
5707,0.006984774488955736
5708,0.007204960100352764
5709,0.004999561235308647
5710,0.006504295393824577
5711,0.00601874478161335
5712,0.006014619022607803
5713,0.005330932326614857
5714,0.0058151669800281525
5715,0.006295850966125727
5716,0.006437934003770351
5717,0.005946911405771971
5718,0.0064331660978496075
5719,0.006009258795529604
5720,0.005855180323123932
5721,0.006135571748018265
5722,0.005586747080087662
5723,0.00726493401452899
5724,0.006896717939525843
5725,0.006956472992897034
5726,0.006189876701682806
5727,0.00583943584933877
5728,0.0074153789319098
5729,0.0057906340807676315
5730,0.005673687439411879
5731,0.00603166688233614
5732,0.0059014130383729935
5733,0.005641993600875139
5734,0.00670886505395174
5735,0.006436681840568781
5736,0.005795988254249096
5737,0.006634959019720554
5738,0.005967052187770605
5739,0.006156751420348883
5740,0.006239148788154125
5741,0.005918968003243208
5742,0.0058472296223044395
5743,0.006650359369814396
5744,0.006390720140188932
5745,0.005572387482970953
5746,0.005830165930092335
5747,0.005872492678463459
5748,0.007716120686382055
5749,0.007184105459600687
5750,0.005818614270538092
5751,0.007086792960762978
5752,0.0069075701758265495
5753,0.005724189803004265
5754,0.0065706949681043625
5755,0.005976853892207146
5756,0.006215477362275124
5757,0.0065160710364580154
5758,0.006185403559356928
5759,0.00705788005143404
5760,0.006583524402230978
5761,0.005987388547509909
5762,0.005955935455858707
5763,0.006291703321039677
5764,0.0072496202774345875
5765,0.0059797875583171844
5766,0.005894975736737251
5767,0.0058082034811377525
5768,0.006299707107245922
5769,0.006688539870083332
5770,0.006703216582536697
5771,0.006622354965656996
5772,0.006180036813020706
5773,0.006390747614204884
5774,0.006037757266312838
5775,0.006657344754785299
5776,0.006076977588236332
5777,0.005966247525066137
5778,0.006025620736181736
5779,0.0060529811307787895
5780,0.00657430337741971
5781,0.0064980704337358475
5782,0.006825967691838741
5783,0.006211272440850735
5784,0.006383934523910284
5785,0.006635924801230431
5786,0.006013147067278624
5787,0.007406768389046192
5788,0.005366386845707893
5789,0.005965457297861576
5790,0.005372676067054272
5791,0.006612149532884359
5792,0.006911417935043573
5793,0.005916341673582792
5794,0.005746820941567421
5795,0.005849998444318771
5796,0.006948151625692844
5797,0.0062408787198364735
5798,0.006231433711946011
5799,0.007413151208311319
5800,0.006164230406284332
5801,0.006093631498515606
5802,0.006077684462070465
5803,0.0074240583926439285
5804,0.005807291250675917
5805,0.005550676491111517
5806,0.0058416579850018024
5807,0.0068278745748102665
5808,0.006231431383639574
5809,0.005876277107745409
5810,0.005146588198840618
5811,0.005814006086438894
5812,0.005360834766179323
5813,0.006368032656610012
5814,0.006119252648204565
5815,0.005990908946841955
5816,0.006502164527773857
5817,0.006286524701863527
5818,0.006179249845445156
5819,0.006736603565514088
5820,0.0065189991146326065
5821,0.006492608226835728
5822,0.005529260728508234
5823,0.006081177853047848
5824,0.006108628585934639
5825,0.006113607902079821
5826,0.006864421535283327
5827,0.0061176312156021595
5828,0.006726508028805256
5829,0.006506702397018671
5830,0.006979282014071941
5831,0.006815982982516289
5832,0.0063305506482720375
5833,0.006750589702278376
5834,0.006653986871242523
5835,0.005713701248168945
5836,0.0071642957627773285
5837,0.0054330662824213505
5838,0.006059684790670872
5839,0.005580732598900795
5840,0.007128915749490261
5841,0.005451377481222153
5842,0.007308176718652248
5843,0.007188710849732161
5844,0.006714683957397938
5845,0.006937871687114239
5846,0.006298795808106661
5847,0.005374175496399403
5848,0.005943269468843937
5849,0.00624629482626915
5850,0.0064668902195990086
5851,0.005631987005472183
5852,0.006152764894068241
5853,0.007341417483985424
5854,0.006953855510801077
5855,0.006211634259670973
5856,0.006339442450553179
5857,0.006886530667543411
5858,0.006362832151353359
5859,0.006527131889015436
5860,0.006192413624376059
5861,0.005929727107286453
5862,0.00609853258356452
5863,0.006609687115997076
5864,0.005687689874321222
5865,0.007104304153472185
5866,0.0064164334908127785
5867,0.005992669612169266
5868,0.006111990660429001
5869,0.006372815929353237
5870,0.006869657896459103
5871,0.005671157501637936
5872,0.006157090421766043
5873,0.006416135933250189
5874,0.005172101780772209
5875,0.006237498018890619
5876,0.006316772662103176
5877,0.005965131334960461
5878,0.006510965526103973
5879,0.006525530479848385
5880,0.006775200366973877
5881,0.005735109560191631
5882,0.006352342665195465
5883,0.005727320443838835
5884,0.0073212203569710255
5885,0.005816579330712557
5886,0.005956518929451704
5887,0.0063794865272939205
5888,0.006285017356276512
5889,0.0068050166592001915
5890,0.006904995534569025
5891,0.005640419665724039
5892,0.005403437651693821
5893,0.006098289042711258
5894,0.006177326198667288
5895,0.00719404686242342
5896,0.006799741182476282
5897,0.0059117418713867664
5898,0.005913745146244764
5899,0.0056240432895720005
5900,0.005695326719433069
5901,0.005443041678518057
5902,0.006491341162472963
5903,0.006675856653600931
5904,0.007181202992796898
5905,0.006940712686628103
5906,0.006352290976792574
5907,0.006621737498790026
5908,0.0065844315104186535
5909,0.00723746232688427
5910,0.005994962528347969
5911,0.006582884583622217
5912,0.006533348932862282
5913,0.007122643291950226
5914,0.00729399174451828
5915,0.006155406124889851
5916,0.005895968060940504
5917,0.0062436251901090145
5918,0.0065664867870509624
5919,0.006337103433907032
5920,0.005866928491741419
5921,0.005942558869719505
5922,0.005604552570730448
5923,0.006035696715116501
5924,0.005894428584724665
5925,0.006447798106819391
5926,0.005819811951369047
5927,0.006276591680943966
5928,0.006249384488910437
5929,0.006456098053604364
5930,0.006101028528064489
5931,0.006587387062609196
5932,0.006151867099106312
5933,0.006758830975741148
5934,0.006054975092411041
5935,0.006161697208881378
5936,0.006184292025864124
5937,0.006480284966528416
5938,0.006232372485101223
5939,0.005663569085299969
5940,0.006668307818472385
5941,0.0067522237077355385
5942,0.005619976669549942
5943,0.006304945331066847
5944,0.006363861262798309
5945,0.006325278896838427
5946,0.0056075225584208965
5947,0.0068177348002791405
5948,0.0065677170641720295
5949,0.0057566361501812935
5950,0.006409730762243271
5951,0.00589931383728981
5952,0.007083800155669451
5953,0.006196966860443354
5954,0.006581438239663839
5955,0.0062926453538239
5956,0.006032076198607683
5957,0.006517371162772179
5958,0.006312270648777485
5959,0.0059491354040801525
5960,0.006495868321508169
5961,0.005839698947966099
5962,0.0059889573603868484
5963,0.005997467786073685
5964,0.006455548107624054
5965,0.006242620758712292
5966,0.00604188023135066
5967,0.006568959914147854
5968,0.005972051993012428
5969,0.006613117177039385
5970,0.0059902248904109
5971,0.0061447531916201115
5972,0.0063493219204247
5973,0.006475131493061781
5974,0.006366867106407881
5975,0.005743512883782387
5976,0.005732303019613028
5977,0.006511577405035496
5978,0.005716328509151936
5979,0.005314055364578962
5980,0.006313535384833813
5981,0.006395965814590454
5982,0.005826474633067846
5983,0.007089779246598482
5984,0.0055427853949368
5985,0.006238250993192196
5986,0.005423212889581919
5987,0.007398625370115042
5988,0.00597459776327014
5989,0.005985061638057232
5990,0.006235675886273384
5991,0.005819641053676605
5992,0.00697598559781909
5993,0.00639729667454958
5994,0.0059035299345850945
5995,0.005266514141112566
5996,0.0069995420053601265
5997,0.006424533668905497
5998,0.005966999568045139
5999,0.0061131673865020275
6000,0.005978623870760202
6001,0.005874298978596926
6002,0.005423231050372124
6003,0.006456004921346903
6004,0.006349553819745779
6005,0.0069770822301507
6006,0.006718039978295565
6007,0.005357229616492987
6008,0.007087219972163439
6009,0.006566226482391357
6010,0.00658222334459424
6011,0.0067808134481310844
6012,0.006432803813368082
6013,0.006982177495956421
6014,0.006841548718512058
6015,0.0060560801066458225
6016,0.006441098637878895
6017,0.006121343467384577
6018,0.0067802551202476025
6019,0.007590766996145248
6020,0.006642621010541916
6021,0.006546799559146166
6022,0.006557087879627943
6023,0.006091573741286993
6024,0.006572929676622152
6025,0.005705283023416996
6026,0.005955585278570652
6027,0.006337557453662157
6028,0.006252380553632975
6029,0.005430528894066811
6030,0.006696427706629038
6031,0.006822629366070032
6032,0.006178509909659624
6033,0.0070298961363732815
6034,0.006489021237939596
6035,0.006080588325858116
6036,0.006692424416542053
6037,0.006661353167146444
6038,0.006458174902945757
6039,0.006584980059415102
6040,0.006376067642122507
6041,0.0061456793919205666
6042,0.006174638867378235
6043,0.006394458934664726
6044,0.00616908073425293
6045,0.005828458815813065
6046,0.0062215449288487434
6047,0.006240919232368469
6048,0.005414769519120455
6049,0.006284602452069521
6050,0.005941889714449644
6051,0.006845198106020689
6052,0.008017411455512047
6053,0.006520526949316263
6054,0.006444135680794716
6055,0.007125146221369505
6056,0.007222925778478384
6057,0.006431334652006626
6058,0.006293988320976496
6059,0.006921729538589716
6060,0.005738509353250265
6061,0.005715294275432825
6062,0.005686729680746794
6063,0.006489233113825321
6064,0.0068307556211948395
6065,0.0071205515414476395
6066,0.0058011398650705814
6067,0.007119924295693636
6068,0.006883589085191488
6069,0.006849180441349745
6070,0.0067350841127336025
6071,0.005921109579503536
6072,0.006676977034658194
6073,0.006293525453656912
6074,0.00659039756283164
6075,0.007244555279612541
6076,0.0064602200873196125
6077,0.006213693413883448
6078,0.006806798279285431
6079,0.006554530467838049
6080,0.006322765257209539
6081,0.006388169247657061
6082,0.006195054389536381
6083,0.007456521037966013
6084,0.006791471038013697
6085,0.006614740937948227
6086,0.006864469964057207
6087,0.006279654800891876
6088,0.006566811818629503
6089,0.006405647378414869
6090,0.006229526363313198
6091,0.005491988267749548
6092,0.0065688989125192165
6093,0.006552399601787329
6094,0.006843204610049725
6095,0.007662409916520119
6096,0.0056259543634951115
6097,0.0071409004740417
6098,0.005689563695341349
6099,0.006382558960467577
6100,0.006721088197082281
6101,0.006323711015284061
6102,0.005597649607807398
6103,0.00655735470354557
6104,0.007106643170118332
6105,0.00596070708706975
6106,0.005913848523050547
6107,0.006629430688917637
6108,0.006451273802667856
6109,0.006239023990929127
6110,0.0061825853772461414
6111,0.005437239073216915
6112,0.0061023663729429245
6113,0.006378962192684412
6114,0.006662112195044756
6115,0.007827616296708584
6116,0.007081746123731136
6117,0.006111891474574804
6118,0.00605342211201787
6119,0.006618604529649019
6120,0.005657806061208248
6121,0.006204252131283283
6122,0.005881513003259897
6123,0.0066919769160449505
6124,0.006934427656233311
6125,0.006987131200730801
6126,0.006343577988445759
6127,0.005803991574794054
6128,0.006477135233581066
6129,0.006883138790726662
6130,0.006205553654581308
6131,0.0059769051149487495
6132,0.005719285923987627
6133,0.00606933468952775
6134,0.005172278732061386
6135,0.007038008887320757
6136,0.007054620422422886
6137,0.0056424872018396854
6138,0.006455822382122278
6139,0.006471502594649792
6140,0.006675895303487778
6141,0.0064561627805233
6142,0.006204422563314438
6143,0.006289660930633545
6144,0.007353420369327068
6145,0.0061927237547934055
6146,0.006126907654106617
6147,0.005940419156104326
6148,0.006656959652900696
6149,0.006245851516723633
6150,0.005892537999898195
6151,0.007047836668789387
6152,0.006598992273211479
6153,0.006815064698457718
6154,0.007301660254597664
6155,0.0077105178497731686
6156,0.005690919701009989
6157,0.006484123878180981
6158,0.0065424577333033085
6159,0.005357788410037756
6160,0.005882530007511377
6161,0.005299878306686878
6162,0.005907417740672827
6163,0.007215566001832485
6164,0.006296289619058371
6165,0.006364473607391119
6166,0.00634806789457798
6167,0.006449059117585421
6168,0.007053406443446875
6169,0.006659480277448893
6170,0.007367097772657871
6171,0.005687500350177288
6172,0.006267605349421501
6173,0.007529744878411293
6174,0.006370045244693756
6175,0.006541173905134201
6176,0.00596254039555788
6177,0.005261304788291454
6178,0.0057847760617733
6179,0.006380350328981876
6180,0.006042145658284426
6181,0.007544684689491987
6182,0.005948507227003574
6183,0.0068879565224051476
6184,0.007128340192139149
6185,0.007470731157809496
6186,0.006125761661678553
6187,0.0061759487725794315
6188,0.006832263898104429
6189,0.007238442078232765
6190,0.006983215920627117
6191,0.006656930316239595
6192,0.006434098817408085
6193,0.005930441897362471
6194,0.006166864186525345
6195,0.0065250154584646225
6196,0.006724012549966574
6197,0.0055540380999445915
6198,0.006880937609821558
6199,0.006040853913873434
6200,0.006341514177620411
6201,0.006078061647713184
6202,0.006384847220033407
6203,0.007193415425717831
6204,0.0068481601774692535
6205,0.005683754570782185
6206,0.005430674646049738
6207,0.006426461972296238
6208,0.006967685651034117
6209,0.006227041594684124
6210,0.007130927871912718
6211,0.006973671726882458
6212,0.006592570338398218
6213,0.007606083061546087
6214,0.005932414438575506
6215,0.006815807893872261
6216,0.006273325067013502
6217,0.005716914776712656
6218,0.0073167490772902966
6219,0.007312849164009094
6220,0.006699170917272568
6221,0.007261482998728752
6222,0.006721843965351582
6223,0.007289434317499399
6224,0.00799698755145073
6225,0.0071997870691120625
6226,0.006751650478690863
6227,0.0059972587041556835
6228,0.006447975989431143
6229,0.0071134306490421295
6230,0.006357079371809959
6231,0.007699354086071253
6232,0.007251571863889694
6233,0.006342664826661348
6234,0.006729402579367161
6235,0.007533058989793062
6236,0.006302212364971638
6237,0.007011868059635162
6238,0.0072233956307172775
6239,0.00665604043751955
6240,0.006569335237145424
6241,0.00653107138350606
6242,0.0062668765895068645
6243,0.006021889857947826
6244,0.00746690109372139
6245,0.00629625516012311
6246,0.00660160044208169
6247,0.006887693889439106
6248,0.006262816023081541
6249,0.007049554493278265
6250,0.005478755570948124
6251,0.006437149364501238
6252,0.00578851904720068
6253,0.006121298763900995
6254,0.0061210631392896175
6255,0.007797579281032085
6256,0.006815054919570684
6257,0.0059661176055669785
6258,0.0065192957408726215
6259,0.0065203141421079636
6260,0.006404357962310314
6261,0.005673786625266075
6262,0.006389808841049671
6263,0.005943912547081709
6264,0.007070506922900677
6265,0.0064886342734098434
6266,0.006656626705080271
6267,0.005961823742836714
6268,0.006399025209248066
6269,0.006288359872996807
6270,0.007396523840725422
6271,0.006196336820721626
6272,0.0067837960086762905
6273,0.0074752820655703545
6274,0.006535931956022978
6275,0.006652493495494127
6276,0.0068188742734491825
6277,0.006080079823732376
6278,0.0065329065546393394
6279,0.006571739446371794
6280,0.005882235709577799
6281,0.006863050628453493
6282,0.006729496642947197
6283,0.007076111156493425
6284,0.006571345031261444
6285,0.006938316859304905
6286,0.006152641493827105
6287,0.006429379340261221
6288,0.006925106979906559
6289,0.0066378419287502766
6290,0.007728347089141607
6291,0.007518709637224674
6292,0.005777244921773672
6293,0.006247059442102909
6294,0.006588182412087917
6295,0.005967460572719574
6296,0.006726093124598265
6297,0.006032039877027273
6298,0.0059046088717877865
6299,0.005787829868495464
6300,0.006360993720591068
6301,0.005828141700476408
6302,0.007559191435575485
6303,0.005753253120929003
6304,0.007300421595573425
6305,0.0057128979824483395
6306,0.0064215511083602905
6307,0.006048042792826891
6308,0.005978252738714218
6309,0.005602558143436909
6310,0.007534501142799854
6311,0.007509317249059677
6312,0.006481923628598452
6313,0.005703724455088377
6314,0.006224232725799084
6315,0.006384944077581167
6316,0.006603431422263384
6317,0.005899962969124317
6318,0.00677079102024436
6319,0.007107600104063749
6320,0.0073448652401566505
6321,0.005814318545162678
6322,0.005542965605854988
6323,0.006100076716393232
6324,0.006766332313418388
6325,0.00618355767801404
6326,0.007593170274049044
6327,0.006667349953204393
6328,0.006385165732353926
6329,0.006976158358156681
6330,0.005825767293572426
6331,0.007043609861284494
6332,0.006740324664860964
6333,0.006604391615837812
6334,0.006565424147993326
6335,0.0072370897978544235
6336,0.0070124841295182705
6337,0.005497734993696213
6338,0.006371311377733946
6339,0.006475392263382673
6340,0.005985448136925697
6341,0.00621853768825531
6342,0.006671396549791098
6343,0.006494849920272827
6344,0.006089101545512676
6345,0.006531676277518272
6346,0.006427896674722433
6347,0.006440068129450083
6348,0.006297284737229347
6349,0.006517792586237192
6350,0.006743303500115871
6351,0.006455044262111187
6352,0.00679441262036562
6353,0.00666155107319355
6354,0.006570570170879364
6355,0.00681398855522275
6356,0.0075218938291072845
6357,0.006933256052434444
6358,0.006536950822919607
6359,0.007102383766323328
6360,0.006617782171815634
6361,0.006776184309273958
6362,0.006273361388593912
6363,0.007465552072972059
6364,0.006873948033899069
6365,0.006707855965942144
6366,0.006743041332811117
6367,0.007129260804504156
6368,0.007181937340646982
6369,0.006821694318205118
6370,0.00700671412050724
6371,0.006526085548102856
6372,0.006539538037031889
6373,0.005658458918333054
6374,0.006813927087932825
6375,0.006948490161448717
6376,0.007189284544438124
6377,0.006955222226679325
6378,0.006860488094389439
6379,0.006934372708201408
6380,0.006029729265719652
6381,0.007035457994788885
6382,0.0065087005496025085
6383,0.0066260723397135735
6384,0.006749435793608427
6385,0.007199728861451149
6386,0.00568760558962822
6387,0.0077425711788237095
6388,0.006521001923829317
6389,0.006636850070208311
6390,0.006136194337159395
6391,0.007200171705335379
6392,0.007660683244466782
6393,0.006169098895043135
6394,0.006207528989762068
6395,0.006594361737370491
6396,0.007083542179316282
6397,0.0067859822884202
6398,0.006248408928513527
6399,0.007132889237254858
6400,0.005674176383763552
6401,0.006087029352784157
6402,0.006176802795380354
6403,0.00663281325250864
6404,0.0065947179682552814
6405,0.007005724124610424
6406,0.007894125767052174
6407,0.006644008681178093
6408,0.006127452943474054
6409,0.006454885471612215
6410,0.005972336046397686
6411,0.006732010282576084
6412,0.006788304541260004
6413,0.007478059735149145
6414,0.006281409412622452
6415,0.006802528630942106
6416,0.00673099746927619
6417,0.006147241685539484
6418,0.006965764332562685
6419,0.005188727285712957
6420,0.006569333374500275
6421,0.006494763307273388
6422,0.0061969272792339325
6423,0.0070015741512179375
6424,0.007546678185462952
6425,0.007292436435818672
6426,0.00697128614410758
6427,0.006285639014095068
6428,0.005684489384293556
6429,0.006139515899121761
6430,0.00599420303478837
6431,0.006785967852920294
6432,0.006248279474675655
6433,0.006603226065635681
6434,0.006007752381265163
6435,0.007396209519356489
6436,0.006843620911240578
6437,0.0071105873212218285
6438,0.007934064604341984
6439,0.006445364095270634
6440,0.006135053001344204
6441,0.0066175987012684345
6442,0.0062468890100717545
6443,0.00713628763332963
6444,0.0068019297905266285
6445,0.0054909358732402325
6446,0.005682080984115601
6447,0.005479756277054548
6448,0.006859797518700361
6449,0.00694587966427207
6450,0.0065701911225914955
6451,0.0074609750881791115
6452,0.006471462547779083
6453,0.006489648949354887
6454,0.0062272800132632256
6455,0.0061673494055867195
6456,0.0075485859997570515
6457,0.006203817203640938
6458,0.007155382074415684
6459,0.007406361401081085
6460,0.00729411980137229
6461,0.007553504314273596
6462,0.007216800004243851
6463,0.006655244156718254
6464,0.0063571566715836525
6465,0.006723592523485422
6466,0.006568715907633305
6467,0.006501535885035992
6468,0.00637472840026021
6469,0.006786230020225048
6470,0.006499416194856167
6471,0.007026789244264364
6472,0.007187432609498501
6473,0.00669698603451252
6474,0.006180704105645418
6475,0.007685861550271511
6476,0.0062705148011446
6477,0.007504201028496027
6478,0.006123577244579792
6479,0.0065057240426540375
6480,0.007277894765138626
6481,0.006890805903822184
6482,0.006457112729549408
6483,0.006964146625250578
6484,0.006938122678548098
6485,0.006975966971367598
6486,0.0072011398151516914
6487,0.0057993801310658455
6488,0.006463887635618448
6489,0.00682509271427989
6490,0.007351628504693508
6491,0.006834093481302261
6492,0.006468144245445728
6493,0.0072401585057377815
6494,0.0070832399651408195
6495,0.006318689789623022
6496,0.007308640517294407
6497,0.007520666345953941
6498,0.0058245048858225346
6499,0.006922088097780943
6500,0.006543170660734177
6501,0.007155057042837143
6502,0.006700681988149881
6503,0.00638066278770566
6504,0.0068098437041044235
6505,0.006364007946103811
6506,0.008565891534090042
6507,0.006277279928326607
6508,0.006935866549611092
6509,0.00700954208150506
6510,0.006660368759185076
6511,0.006465316284447908
6512,0.006506342440843582
6513,0.006380538921803236
6514,0.005959731061011553
6515,0.007056111935526133
6516,0.006692546419799328
6517,0.006417879834771156
6518,0.00728980265557766
6519,0.006492552813142538
6520,0.005937023553997278
6521,0.006634738761931658
6522,0.007463053334504366
6523,0.007219374645501375
6524,0.00633247708901763
6525,0.007558729499578476
6526,0.0064638229086995125
6527,0.0067267934791743755
6528,0.006755031179636717
6529,0.006738726980984211
6530,0.00718878535553813
6531,0.007882380858063698
6532,0.005907739978283644
6533,0.0058455802500247955
6534,0.0071390653029084206
6535,0.006663123145699501
6536,0.006126535125076771
6537,0.007337151560932398
6538,0.0075187948532402515
6539,0.006618395913392305
6540,0.0065702092833817005
6541,0.006690911017358303
6542,0.006899750791490078
6543,0.006528508383780718
6544,0.006604359485208988
6545,0.006589661817997694
6546,0.006886012852191925
6547,0.007440340239554644
6548,0.006229599006474018
6549,0.006749405525624752
6550,0.005816370714455843
6551,0.006657217629253864
6552,0.00668376125395298
6553,0.006810336839407682
6554,0.006884830072522163
6555,0.006928122602403164
6556,0.005912453401833773
6557,0.006163297686725855
6558,0.006285133771598339
6559,0.0068077403120696545
6560,0.005944313481450081
6561,0.006157923489809036
6562,0.006657210178673267
6563,0.006405411288142204
6564,0.006734997965395451
6565,0.006856084801256657
6566,0.006557968445122242
6567,0.007269859779626131
6568,0.007293416652828455
6569,0.0068548875860869884
6570,0.005510235205292702
6571,0.006635452155023813
6572,0.006916801445186138
6573,0.0068374150432646275
6574,0.007081829477101564
6575,0.006434668321162462
6576,0.007454712875187397
6577,0.006539377849549055
6578,0.0068560377694666386
6579,0.006539919413626194
6580,0.006055752746760845
6581,0.006762709468603134
6582,0.006040879059582949
6583,0.0062467604875564575
6584,0.006935258395969868
6585,0.006516457535326481
6586,0.006385157350450754
6587,0.005968763958662748
6588,0.006179457530379295
6589,0.007389473263174295
6590,0.0063427407294511795
6591,0.006491524167358875
6592,0.007268087472766638
6593,0.006648436654359102
6594,0.006256507243961096
6595,0.006932882126420736
6596,0.007843965664505959
6597,0.006392704322934151
6598,0.007213760167360306
6599,0.006007260177284479
6600,0.007083815522491932
6601,0.007036684080958366
6602,0.005765986628830433
6603,0.0066510578617453575
6604,0.005992249120026827
6605,0.006024069152772427
6606,0.00651684170588851
6607,0.0071755824610590935
6608,0.007627603132277727
6609,0.006843076553195715
6610,0.006872557569295168
6611,0.006929137744009495
6612,0.005895476788282394
6613,0.00801550317555666
6614,0.006873010192066431
6615,0.007641884032636881
6616,0.006960065569728613
6617,0.006781084928661585
6618,0.00728812487795949
6619,0.006522167474031448
6620,0.006589439697563648
6621,0.006660338956862688
6622,0.006343713495880365
6623,0.007228867616504431
6624,0.007400676608085632
6625,0.007304161321371794
6626,0.006335168145596981
6627,0.006579508073627949
6628,0.007475701626390219
6629,0.006137306336313486
6630,0.007162387017160654
6631,0.007044113706797361
6632,0.007067516911774874
6633,0.007681162562221289
6634,0.006062888540327549
6635,0.007801060099154711
6636,0.006668588146567345
6637,0.006744307465851307
6638,0.007216236088424921
6639,0.006802278105169535
6640,0.005860752891749144
6641,0.00614221952855587
6642,0.006599205080419779
6643,0.006501703057438135
6644,0.006617034785449505
6645,0.006432360038161278
6646,0.006295408122241497
6647,0.007838120684027672
6648,0.007656360976397991
6649,0.0061238473281264305
6650,0.006333215162158012
6651,0.00725837517529726
6652,0.006583275739103556
6653,0.0065694162622094154
6654,0.006310467608273029
6655,0.006136109586805105
6656,0.006436984986066818
6657,0.005795626901090145
6658,0.0063112713396549225
6659,0.007514026947319508
6660,0.006817277520895004
6661,0.00671660341322422
6662,0.007301805075258017
6663,0.005631050560623407
6664,0.0063511962071061134
6665,0.00752171641215682
6666,0.007049111183732748
6667,0.006666160188615322
6668,0.005781583487987518
6669,0.007440953049808741
6670,0.006334850564599037
6671,0.007608847226947546
6672,0.007161050569266081
6673,0.006362680345773697
6674,0.006228562444448471
6675,0.006128637120127678
6676,0.00720883859321475
6677,0.006743356119841337
6678,0.008096948266029358
6679,0.00653658015653491
6680,0.00627160957083106
6681,0.007002484519034624
6682,0.0076462216675281525
6683,0.005460921674966812
6684,0.007052280940115452
6685,0.006676951888948679
6686,0.006863375194370747
6687,0.006592015270143747
6688,0.006783870980143547
6689,0.007438162807375193
6690,0.005974833387881517
6691,0.006511871702969074
6692,0.006609880365431309
6693,0.007333874236792326
6694,0.006580738350749016
6695,0.006456246133893728
6696,0.007267076522111893
6697,0.006508177146315575
6698,0.006513581611216068
6699,0.006015033461153507
6700,0.006567091681063175
6701,0.006501231342554092
6702,0.005907444749027491
6703,0.006350379437208176
6704,0.00700366823002696
6705,0.007520382758229971
6706,0.006175723392516375
6707,0.006682578474283218
6708,0.006456057541072369
6709,0.007361821364611387
6710,0.00644197640940547
6711,0.006545383017510176
6712,0.0061966050416231155
6713,0.006391700357198715
6714,0.006487400270998478
6715,0.006574671715497971
6716,0.0073280190117657185
6717,0.006607393734157085
6718,0.00597400963306427
6719,0.006262625101953745
6720,0.006928030867129564
6721,0.00621085986495018
6722,0.006258012726902962
6723,0.007472057826817036
6724,0.006496128160506487
6725,0.006244800519198179
6726,0.006671435199677944
6727,0.006646859925240278
6728,0.006249983329325914
6729,0.007577728945761919
6730,0.006726824678480625
6731,0.006474129389971495
6732,0.0063129267655313015
6733,0.0065159304067492485
6734,0.006289243698120117
6735,0.00699375756084919
6736,0.007342328317463398
6737,0.006503368727862835
6738,0.007041665259748697
6739,0.005803896579891443
6740,0.007255712524056435
6741,0.00633144611492753
6742,0.0063821920193731785
6743,0.006966864224523306
6744,0.007154949475079775
6745,0.006748821120709181
6746,0.006655586883425713
6747,0.006360332015901804
6748,0.007102919276803732
6749,0.006917545571923256
6750,0.007035240530967712
6751,0.006704211700707674
6752,0.0069213127717375755
6753,0.007431499660015106
6754,0.006353280507028103
6755,0.00682634674012661
6756,0.006470266729593277
6757,0.00602921424433589
6758,0.007138725370168686
6759,0.006321165710687637
6760,0.007617068011313677
6761,0.0064971670508384705
6762,0.006739610340446234
6763,0.006416476331651211
6764,0.0072473748587071896
6765,0.0072340043261647224
6766,0.006883956491947174
6767,0.006955134216696024
6768,0.007113523315638304
6769,0.006712689064443111
6770,0.006456798408180475
6771,0.006826424039900303
6772,0.006756703369319439
6773,0.006015139631927013
6774,0.007978110574185848
6775,0.006537359207868576
6776,0.006464650854468346
6777,0.006245674565434456
6778,0.00673206802457571
6779,0.006560542155057192
6780,0.0060621039010584354
6781,0.006758715026080608
6782,0.006556971929967403
6783,0.0071641383692622185
6784,0.006168238818645477
6785,0.00700398301705718
6786,0.00728599214926362
6787,0.007196441758424044
6788,0.00798182561993599
6789,0.006960669998079538
6790,0.006211176514625549
6791,0.00682862801477313
6792,0.007150130812078714
6793,0.006683955434709787
6794,0.006729578599333763
6795,0.006445783190429211
6796,0.006321598310023546
6797,0.007242607418447733
6798,0.006090579088777304
6799,0.00695717241615057
6800,0.006131248082965612
6801,0.007218888495117426
6802,0.007293314673006535
6803,0.006866110023111105
6804,0.006580930668860674
6805,0.00713841849938035
6806,0.00690657552331686
6807,0.006150009576231241
6808,0.00707892095670104
6809,0.006662559229880571
6810,0.00827487837523222
6811,0.0068212877959012985
6812,0.006940164137631655
6813,0.006229006219655275
6814,0.007046103477478027
6815,0.007334766909480095
6816,0.006698170676827431
6817,0.00727596553042531
6818,0.006520030088722706
6819,0.00688352482393384
6820,0.006706811022013426
6821,0.007400153670459986
6822,0.007344255223870277
6823,0.006818670313805342
6824,0.007074564229696989
6825,0.007457617670297623
6826,0.00721479207277298
6827,0.007502088788896799
6828,0.008810806088149548
6829,0.007406590506434441
6830,0.006389036774635315
6831,0.006648298818618059
6832,0.005937784910202026
6833,0.006657273042947054
6834,0.006299961823970079
6835,0.00595785491168499
6836,0.007083873730152845
6837,0.0057834237813949585
6838,0.007218765094876289
6839,0.007218116894364357
6840,0.006151911336928606
6841,0.0067049372009932995
6842,0.006866534240543842
6843,0.007019554730504751
6844,0.005731204058974981
6845,0.007292591501027346
6846,0.006374173332005739
6847,0.00649258540943265
6848,0.00638347864151001
6849,0.006811995059251785
6850,0.006732763722538948
6851,0.00727031659334898
6852,0.0063375127501785755
6853,0.006072605960071087
6854,0.006395622622221708
6855,0.0072340830229222775
6856,0.0059214187785983086
6857,0.007525367196649313
6858,0.00661698542535305
6859,0.007177353370934725
6860,0.006920286454260349
6861,0.007324083708226681
6862,0.0076967040076851845
6863,0.00672652292996645
6864,0.0062589519657194614
6865,0.006304203998297453
6866,0.0064659626223146915
6867,0.00642749248072505
6868,0.00746549665927887
6869,0.006430130451917648
6870,0.007145946845412254
6871,0.006835347041487694
6872,0.006237159948796034
6873,0.00722142867743969
6874,0.007166726049035788
6875,0.0059945248067379
6876,0.006117505021393299
6877,0.007076514419168234
6878,0.007022942416369915
6879,0.006662785075604916
6880,0.006851470097899437
6881,0.0070665134117007256
6882,0.00770241254940629
6883,0.007849547080695629
6884,0.006185609381645918
6885,0.007492865901440382
6886,0.007491606287658215
6887,0.006716147065162659
6888,0.0074649169109761715
6889,0.006720418576151133
6890,0.0063570705242455006
6891,0.006081338971853256
6892,0.007004601880908012
6893,0.00687946705147624
6894,0.006025402806699276
6895,0.005885645281523466
6896,0.007166357710957527
6897,0.0065572443418204784
6898,0.007122539449483156
6899,0.0065010045655071735
6900,0.006301947869360447
6901,0.006218414753675461
6902,0.0072517357766628265
6903,0.006418643519282341
6904,0.0072760931216180325
6905,0.006586027797311544
6906,0.006373027339577675
6907,0.0059110866859555244
6908,0.00638451986014843
6909,0.007071472704410553
6910,0.0062155104242265224
6911,0.00706688966602087
6912,0.007471670396625996
6913,0.0059580812230706215
6914,0.006926075555384159
6915,0.006215856410562992
6916,0.005888862535357475
6917,0.007378214038908482
6918,0.006685090251266956
6919,0.006808167323470116
6920,0.006111871916800737
6921,0.007496260106563568
6922,0.006661323830485344
6923,0.007608266547322273
6924,0.00620989827439189
6925,0.0063416617922484875
6926,0.005591520108282566
6927,0.00714076915755868
6928,0.0058858636766672134
6929,0.007285245694220066
6930,0.007868665270507336
6931,0.007530511356890202
6932,0.005953146610409021
6933,0.007065947633236647
6934,0.00814514048397541
6935,0.006227245554327965
6936,0.0063632489182055
6937,0.0065693967044353485
6938,0.0068039787001907825
6939,0.0069488887675106525
6940,0.00701880780979991
6941,0.006848587188869715
6942,0.0067268116399645805
6943,0.00666044233366847
6944,0.00608118437230587
6945,0.006356770638376474
6946,0.006160912569612265
6947,0.0066506629809737206
6948,0.00707277562469244
6949,0.0069586485624313354
6950,0.006273231934756041
6951,0.007193426135927439
6952,0.005903182085603476
6953,0.0058679659850895405
6954,0.0077083781361579895
6955,0.005939718335866928
6956,0.006381099112331867
6957,0.007635927759110928
6958,0.0072157904505729675
6959,0.007442180532962084
6960,0.005051509011536837
6961,0.007122609298676252
6962,0.006393896881490946
6963,0.007108699064701796
6964,0.006497180089354515
6965,0.00643343199044466
6966,0.006768081337213516
6967,0.0058424086309969425
6968,0.006362416315823793
6969,0.006585855968296528
6970,0.007442769128829241
6971,0.007035070564597845
6972,0.006326807197183371
6973,0.006244776304811239
6974,0.007033993024379015
6975,0.006971197668462992
6976,0.0063270763494074345
6977,0.006994128692895174
6978,0.005889751948416233
6979,0.006811361759901047
6980,0.006737185642123222
6981,0.006398057099431753
6982,0.006541202310472727
6983,0.0073165325447916985
6984,0.006022618152201176
6985,0.0062930164858698845
6986,0.006677411962300539
6987,0.006041990127414465
6988,0.007188062183558941
6989,0.005673480220139027
6990,0.006254189182072878
6991,0.006633993238210678
6992,0.0062427520751953125
6993,0.007129075936973095
6994,0.006556838285177946
6995,0.007431397680193186
6996,0.006787362042814493
6997,0.00658645061776042
6998,0.006955406162887812
6999,0.0062592425383627415
7000,0.0068800668232142925
7001,0.006708650384098291
7002,0.006140625569969416
7003,0.006311815232038498
7004,0.007112744264304638
7005,0.007365975063294172
7006,0.006746988743543625
7007,0.0062911976128816605
7008,0.005760404746979475
7009,0.005866880062967539
7010,0.006807499099522829
7011,0.006631632801145315
7012,0.005976136773824692
7013,0.006400936283171177
7014,0.006349686998873949
7015,0.00678793853148818
7016,0.0063802809454500675
7017,0.006026528775691986
7018,0.0061119310557842255
7019,0.006194280460476875
7020,0.006103765219449997
7021,0.007460836321115494
7022,0.006897848565131426
7023,0.0069030835293233395
7024,0.00798974558711052
7025,0.006148650776594877
7026,0.0058075743727386
7027,0.0066819083876907825
7028,0.00718834949657321
7029,0.005854616407305002
7030,0.0057177310809493065
7031,0.007105787750333548
7032,0.006640687119215727
7033,0.0073564923368394375
7034,0.007169873919337988
7035,0.0066998740658164024
7036,0.006768007297068834
7037,0.00555079709738493
7038,0.007032167166471481
7039,0.006647160276770592
7040,0.007513680495321751
7041,0.006945046596229076
7042,0.006350453943014145
7043,0.005897232331335545
7044,0.005966444965451956
7045,0.006720697972923517
7046,0.006793747190386057
7047,0.005912022199481726
7048,0.007038857322186232
7049,0.006496489513665438
7050,0.005810187663882971
7051,0.005639117211103439
7052,0.00698614027351141
7053,0.005905985366553068
7054,0.006722899153828621
7055,0.005841849371790886
7056,0.0067719826474785805
7057,0.006289802026003599
7058,0.006783830933272839
7059,0.0064150867983698845
7060,0.007134509738534689
7061,0.006245356053113937
7062,0.006947236601263285
7063,0.007531899027526379
7064,0.005907284561544657
7065,0.006454563234001398
7066,0.00631161080673337
7067,0.006524268072098494
7068,0.007032445631921291
7069,0.007729995064437389
7070,0.006369292736053467
7071,0.0075228349305689335
7072,0.006012840196490288
7073,0.0057385992258787155
7074,0.006320784334093332
7075,0.006616687402129173
7076,0.006758889649063349
7077,0.006645980291068554
7078,0.007100602611899376
7079,0.006344896741211414
7080,0.006883759051561356
7081,0.006111715454608202
7082,0.007226903457194567
7083,0.00729989493265748
7084,0.006528204772621393
7085,0.005925467237830162
7086,0.006670771166682243
7087,0.005995425395667553
7088,0.006193792913109064
7089,0.006561655085533857
7090,0.006417570170015097
7091,0.005931842606514692
7092,0.007383591029793024
7093,0.007421421818435192
7094,0.006654762197285891
7095,0.005618508439511061
7096,0.00698898546397686
7097,0.0068483673967421055
7098,0.006677969824522734
7099,0.006424689199775457
7100,0.007239445112645626
7101,0.0062279715202748775
7102,0.006782865151762962
7103,0.007236529141664505
7104,0.007025065366178751
7105,0.0067436606623232365
7106,0.006688002962619066
7107,0.0066563705913722515
7108,0.007145358249545097
7109,0.007063767407089472
7110,0.007917278446257114
7111,0.006246142089366913
7112,0.006197591312229633
7113,0.00654499139636755
7114,0.006445080973207951
7115,0.005650816950947046
7116,0.006352873984724283
7117,0.006985513959079981
7118,0.006566456984728575
7119,0.006723396014422178
7120,0.006394252646714449
7121,0.005921427626162767
7122,0.005813898518681526
7123,0.007265958935022354
7124,0.006548410281538963
7125,0.006769079715013504
7126,0.0069730463437736034
7127,0.00643585529178381
7128,0.006476762238889933
7129,0.006098567508161068
7130,0.006024832837283611
7131,0.007774585857987404
7132,0.0074193282052874565
7133,0.006313844583928585
7134,0.005873002577573061
7135,0.006254524923861027
7136,0.0070990207605063915
7137,0.006618622690439224
7138,0.0067398748360574245
7139,0.007004243321716785
7140,0.006615332793444395
7141,0.007255637086927891
7142,0.006634396966546774
7143,0.007641730830073357
7144,0.006090427748858929
7145,0.00711579155176878
7146,0.00611233850941062
7147,0.0069982269778847694
7148,0.006683382671326399
7149,0.00680463807657361
7150,0.006467321887612343
7151,0.006877057254314423
7152,0.007363693322986364
7153,0.006101190112531185
7154,0.0069009289145469666
7155,0.007484976202249527
7156,0.006525838747620583
7157,0.0067236521281301975
7158,0.0065190354362130165
7159,0.006510903127491474
7160,0.007602834142744541
7161,0.006170321721583605
7162,0.00711060781031847
7163,0.006396321579813957
7164,0.006184049416333437
7165,0.0068579320795834064
7166,0.006543848663568497
7167,0.006260714493691921
7168,0.006443370133638382
7169,0.006281880661845207
7170,0.006611603777855635
7171,0.0072418637573719025
7172,0.007524879649281502
7173,0.007316626142710447
7174,0.006337789352983236
7175,0.007011917419731617
7176,0.0067427936010062695
7177,0.006881944369524717
7178,0.007865938358008862
7179,0.006924973335117102
7180,0.006572779733687639
7181,0.006120971869677305
7182,0.007749094162136316
7183,0.007716171909123659
7184,0.007506868336349726
7185,0.0064605847001075745
7186,0.005981018301099539
7187,0.00732816755771637
7188,0.006320926360785961
7189,0.006098829209804535
7190,0.006634947378188372
7191,0.006844346411526203
7192,0.005715941544622183
7193,0.006421963218599558
7194,0.006554856896400452
7195,0.006658553145825863
7196,0.006726744119077921
7197,0.006469777785241604
7198,0.007044477388262749
7199,0.007788272574543953
7200,0.0069258245639503
7201,0.006554430816322565
7202,0.006706663407385349
7203,0.006372897420078516
7204,0.006441434845328331
7205,0.0057040126994252205
7206,0.006752025801688433
7207,0.0072037349455058575
7208,0.006104250438511372
7209,0.006035990547388792
7210,0.006717027630656958
7211,0.006240462884306908
7212,0.007288816384971142
7213,0.00647008465602994
7214,0.005795035045593977
7215,0.0065995194017887115
7216,0.006214092019945383
7217,0.006258239038288593
7218,0.0054824394173920155
7219,0.0065351733937859535
7220,0.006241061724722385
7221,0.006527193821966648
7222,0.006998173426836729
7223,0.006550835445523262
7224,0.007444733753800392
7225,0.006181505974382162
7226,0.0056685591116547585
7227,0.0064117154106497765
7228,0.0069128540344536304
7229,0.00605161814019084
7230,0.006404641084372997
7231,0.006518823094666004
7232,0.006963027641177177
7233,0.006487139500677586
7234,0.006018062122166157
7235,0.006881587207317352
7236,0.006543985567986965
7237,0.006529554259032011
7238,0.005990121513605118
7239,0.005938556045293808
7240,0.006664305459707975
7241,0.0067599075846374035
7242,0.006511323619633913
7243,0.006722385995090008
7244,0.006430901121348143
7245,0.005751124583184719
7246,0.005935994908213615
7247,0.006355274002999067
7248,0.006756626535207033
7249,0.006487006321549416
7250,0.005229810252785683
7251,0.0053710476495325565
7252,0.005324845667928457
7253,0.007560126483440399
7254,0.006514472421258688
7255,0.006520319730043411
7256,0.007764147594571114
7257,0.007965004071593285
7258,0.005916057154536247
7259,0.007197678089141846
7260,0.00766518572345376
7261,0.00659596361219883
7262,0.006471596192568541
7263,0.0066426037810742855
7264,0.006907586008310318
7265,0.006259662099182606
7266,0.007133662234991789
7267,0.00707794725894928
7268,0.0063392468728125095
7269,0.0058630481362342834
7270,0.006437632720917463
7271,0.006751437205821276
7272,0.006249990779906511
7273,0.0063855708576738834
7274,0.0064280894584953785
7275,0.006356491707265377
7276,0.0070602018386125565
7277,0.006031849421560764
7278,0.006386927794665098
7279,0.007007115986198187
7280,0.007581090554594994
7281,0.006006088573485613
7282,0.007067499682307243
7283,0.00664425129070878
7284,0.0063402787782251835
7285,0.007013395894318819
7286,0.006877263076603413
7287,0.006266513839364052
7288,0.007736431900411844
7289,0.005788362585008144
7290,0.006395413540303707
7291,0.007019492331892252
7292,0.0071786995977163315
7293,0.006521761417388916
7294,0.006512526422739029
7295,0.005568070337176323
7296,0.005747229792177677
7297,0.006291384343057871
7298,0.005818585399538279
7299,0.00599635299295187
7300,0.006622679065912962
7301,0.00634802458807826
7302,0.006569371558725834
7303,0.007142395246773958
7304,0.006928868126124144
7305,0.005758087150752544
7306,0.006927181500941515
7307,0.005614669993519783
7308,0.006855842657387257
7309,0.007293994072824717
7310,0.006952949333935976
7311,0.007106406148523092
7312,0.0057552270591259
7313,0.0076730563305318356
7314,0.007567283231765032
7315,0.005816671997308731
7316,0.0059462483040988445
7317,0.0066221109591424465
7318,0.006929910741746426
7319,0.006353999488055706
7320,0.0064612021669745445
7321,0.006126248277723789
7322,0.007418892811983824
7323,0.006823761388659477
7324,0.006669710390269756
7325,0.005908041261136532
7326,0.007013712543994188
7327,0.006615291349589825
7328,0.005873329006135464
7329,0.007184079848229885
7330,0.007275186479091644
7331,0.006048638839274645
7332,0.006864985451102257
7333,0.006098142359405756
7334,0.006582976784557104
7335,0.006667388137429953
7336,0.00725824199616909
7337,0.005861176643520594
7338,0.006561041809618473
7339,0.005556837655603886
7340,0.0063864076510071754
7341,0.006024608388543129
7342,0.006505498196929693
7343,0.006435961928218603
7344,0.006331322714686394
7345,0.005605211481451988
7346,0.00588960200548172
7347,0.006754635833203793
7348,0.007643450051546097
7349,0.006830423604696989
7350,0.006780348252505064
7351,0.0062204222194850445
7352,0.00752673763781786
7353,0.006631896365433931
7354,0.005936175584793091
7355,0.006481636315584183
7356,0.006330907344818115
7357,0.006097361911088228
7358,0.005719049368053675
7359,0.006792363245040178
7360,0.006243930663913488
7361,0.006272103637456894
7362,0.006257695611566305
7363,0.006030612159520388
7364,0.006613743491470814
7365,0.005861533340066671
7366,0.006583375856280327
7367,0.005841187667101622
7368,0.006228262092918158
7369,0.006835042964667082
7370,0.006454261019825935
7371,0.006946987472474575
7372,0.006485816556960344
7373,0.007155724335461855
7374,0.0064506568014621735
7375,0.006842808332294226
7376,0.005888816434890032
7377,0.005756025202572346
7378,0.0066625867038965225
7379,0.00632302975282073
7380,0.005843453109264374
7381,0.006007148884236813
7382,0.00653883209452033
7383,0.005976204760372639
7384,0.005839851219207048
7385,0.0065298788249492645
7386,0.0069740163162350655
7387,0.006654642056673765
7388,0.007293926551938057
7389,0.006640738807618618
7390,0.0059852139092981815
7391,0.0070336973294615746
7392,0.006426726467907429
7393,0.005250450223684311
7394,0.006383830215781927
7395,0.006246574223041534
7396,0.006890635006129742
7397,0.006948137190192938
7398,0.006397286895662546
7399,0.006405824329704046
7400,0.006946386769413948
7401,0.007090143859386444
7402,0.006783301010727882
7403,0.006243098061531782
7404,0.005892823915928602
7405,0.0055728480219841
7406,0.006256085820496082
7407,0.006381466519087553
7408,0.006807178724557161
7409,0.005637116264551878
7410,0.006685648113489151
7411,0.006459541153162718
7412,0.006191486958414316
7413,0.006595316808670759
7414,0.007227413356304169
7415,0.0066206553019583225
7416,0.0067665246315300465
7417,0.005929345265030861
7418,0.00523254694417119
7419,0.007046488579362631
7420,0.0067757731303572655
7421,0.005753358826041222
7422,0.006582668516784906
7423,0.006756165996193886
7424,0.006041048094630241
7425,0.006775893270969391
7426,0.006423074286431074
7427,0.006022442132234573
7428,0.007124540861696005
7429,0.006696175783872604
7430,0.006667043082416058
7431,0.00669627171009779
7432,0.0059092543087899685
7433,0.005391727667301893
7434,0.005676767323166132
7435,0.006516203284263611
7436,0.007203841581940651
7437,0.006449561100453138
7438,0.0062308101914823055
7439,0.006276110652834177
7440,0.0059008169919252396
7441,0.0053228470496833324
7442,0.005863656289875507
7443,0.006664117332547903
7444,0.0054903794080019
7445,0.006232395302504301
7446,0.006703573279082775
7447,0.0067966715432703495
7448,0.006056792568415403
7449,0.006461710669100285
7450,0.005538000725209713
7451,0.005918474402278662
7452,0.006814578082412481
7453,0.006417545489966869
7454,0.006332315504550934
7455,0.0058883982710540295
7456,0.005991457961499691
7457,0.006105000153183937
7458,0.006426919251680374
7459,0.006412796210497618
7460,0.007045243866741657
7461,0.006303098984062672
7462,0.005368647165596485
7463,0.006626645103096962
7464,0.006019019056111574
7465,0.005562694277614355
7466,0.006363405846059322
7467,0.006838381290435791
7468,0.005195009056478739
7469,0.006052096374332905
7470,0.006291911005973816
7471,0.006433062255382538
7472,0.0063612195663154125
7473,0.0064683291129767895
7474,0.007580799050629139
7475,0.00600402569398284
7476,0.0068202088586986065
7477,0.006856765132397413
7478,0.006928934250026941
7479,0.006425714120268822
7480,0.006153648253530264
7481,0.006321984343230724
7482,0.005827485118061304
7483,0.006172774825245142
7484,0.006249411031603813
7485,0.006178306415677071
7486,0.005918641109019518
7487,0.005714005324989557
7488,0.005872407928109169
7489,0.005902633536607027
7490,0.005360739771276712
7491,0.005683318246155977
7492,0.006273266859352589
7493,0.006391181610524654
7494,0.006232490297406912
7495,0.00634872168302536
7496,0.005724188406020403
7497,0.006338891573250294
7498,0.005789361894130707
7499,0.006576244719326496
7500,0.00588660454377532
7501,0.006469130050390959
7502,0.005934542044997215
7503,0.005466246511787176
7504,0.006206811405718327
7505,0.006159279961138964
7506,0.005940595641732216
7507,0.006005294620990753
7508,0.005480952560901642
7509,0.0060724616050720215
7510,0.005744606722146273
7511,0.005935021210461855
7512,0.005679205525666475
7513,0.006232278421521187
7514,0.005464136600494385
7515,0.006389247253537178
7516,0.006003162357956171
7517,0.006574446801096201
7518,0.006931391544640064
7519,0.005925470031797886
7520,0.0058086640201509
7521,0.0061428239569067955
7522,0.0062822457402944565
7523,0.0060406154952943325
7524,0.006253509316593409
7525,0.006716540083289146
7526,0.006060842424631119
7527,0.005479675251990557
7528,0.005944340024143457
7529,0.006883734371513128
7530,0.006159359589219093
7531,0.005792655050754547
7532,0.005581872072070837
7533,0.005776492413133383
7534,0.005834492389112711
7535,0.006190049462020397
7536,0.0061793019995093346
7537,0.005531730595976114
7538,0.0065618278458714485
7539,0.006203572731465101
7540,0.00511764595285058
7541,0.006376422941684723
7542,0.005782445427030325
7543,0.005947025027126074
7544,0.005826394539326429
7545,0.006943913176655769
7546,0.006175639573484659
7547,0.00682514812797308
7548,0.006232999265193939
7549,0.005512697622179985
7550,0.006864671595394611
7551,0.0053439368493855
7552,0.007063562516123056
7553,0.0065309349447488785
7554,0.004973865579813719
7555,0.006290003191679716
7556,0.006054739933460951
7557,0.006065801251679659
7558,0.006213379558175802
7559,0.005303677637130022
7560,0.005064787343144417
7561,0.006158929318189621
7562,0.006364078726619482
7563,0.005860196892172098
7564,0.0068207187578082085
7565,0.006371502298861742
7566,0.0059177386574447155
7567,0.005843967664986849
7568,0.006087092217057943
7569,0.0063429949805140495
7570,0.005912338849157095
7571,0.006071336567401886
7572,0.0055181290954351425
7573,0.005960166919976473
7574,0.006602357607334852
7575,0.006840599700808525
7576,0.006233794614672661
7577,0.005553253926336765
7578,0.006155628245323896
7579,0.0063418615609407425
7580,0.006537941750138998
7581,0.006119576748460531
7582,0.006154674105346203
7583,0.006259323097765446
7584,0.0062020039185881615
7585,0.006362054031342268
7586,0.0065775359980762005
7587,0.0060866232961416245
7588,0.005814295262098312
7589,0.005537702236324549
7590,0.006247394252568483
7591,0.0063107674941420555
7592,0.0058862012811005116
7593,0.005863165017217398
7594,0.006412613205611706
7595,0.006283789873123169
7596,0.006506922654807568
7597,0.00652695307508111
7598,0.005821388680487871
7599,0.005299270618706942
7600,0.006355729885399342
7601,0.0061536142602562904
7602,0.0064729987643659115
7603,0.006677788216620684
7604,0.005802902393043041
7605,0.006257791072130203
7606,0.005515721160918474
7607,0.004958899226039648
7608,0.006499755196273327
7609,0.0062973275780677795
7610,0.0065690213814377785
7611,0.006471388041973114
7612,0.00627872021868825
7613,0.005865896120667458
7614,0.006589505355805159
7615,0.0061052036471664906
7616,0.006595798302441835
7617,0.005539423320442438
7618,0.0060134390369057655
7619,0.0065081678330898285
7620,0.00700213061645627
7621,0.0057099503464996815
7622,0.006089471746236086
7623,0.006238369271159172
7624,0.005871891044080257
7625,0.005960809998214245
7626,0.006292928475886583
7627,0.005497755482792854
7628,0.005884064361453056
7629,0.006136064417660236
7630,0.005850284360349178
7631,0.005342272110283375
7632,0.004927156493067741
7633,0.005529155023396015
7634,0.005679164547473192
7635,0.006050238385796547
7636,0.00550808385014534
7637,0.006369398906826973
7638,0.006635844707489014
7639,0.005366697907447815
7640,0.005812124349176884
7641,0.006338655017316341
7642,0.006388300564140081
7643,0.005472665186971426
7644,0.005162672605365515
7645,0.0063086627051234245
7646,0.00628846138715744
7647,0.005401340778917074
7648,0.005668231751769781
7649,0.005226342938840389
7650,0.005608101841062307
7651,0.0059150089509785175
7652,0.006356046535074711
7653,0.0070603713393211365
7654,0.005630597937852144
7655,0.0068303970620036125
7656,0.005310654640197754
7657,0.006086972076445818
7658,0.006360102444887161
7659,0.005555303301662207
7660,0.00571985961869359
7661,0.0056055160239338875
7662,0.0057199145667254925
7663,0.006224458105862141
7664,0.0055326055735349655
7665,0.005684048868715763
7666,0.006402888335287571
7667,0.005564505700021982
7668,0.005496140103787184
7669,0.0055787754245102406
7670,0.006401821039617062
7671,0.005725756753236055
7672,0.005411203484982252
7673,0.0063934773206710815
7674,0.0065871006809175014
7675,0.005726939998567104
7676,0.005521856248378754
7677,0.0057013132609426975
7678,0.006049731746315956
7679,0.005359120666980743
7680,0.005501809995621443
7681,0.005823224782943726
7682,0.006541037000715733
7683,0.005511966068297625
7684,0.00641951709985733
7685,0.006702644284814596
7686,0.005372786428779364
7687,0.005393351893872023
7688,0.006909586489200592
7689,0.005775973200798035
7690,0.005938234273344278
7691,0.005297311581671238
7692,0.005764894187450409
7693,0.005488780327141285
7694,0.005028961692005396
7695,0.006402678322046995
7696,0.005839904770255089
7697,0.005690108053386211
7698,0.006168189458549023
7699,0.0067881327122449875
7700,0.005694791208952665
7701,0.005604995880275965
7702,0.006606178358197212
7703,0.005164918955415487
7704,0.006223068572580814
7705,0.0062883757054805756
7706,0.005871035158634186
7707,0.006188837345689535
7708,0.005224893800914288
7709,0.005776003003120422
7710,0.006262374576181173
7711,0.0064557455480098724
7712,0.006682387553155422
7713,0.005445505026727915
7714,0.006860454101115465
7715,0.006515951827168465
7716,0.005814485717564821
7717,0.006162251345813274
7718,0.006174960173666477
7719,0.006002693437039852
7720,0.005707149393856525
7721,0.006257204804569483
7722,0.005219475831836462
7723,0.004564539063721895
7724,0.006042591296136379
7725,0.00574526097625494
7726,0.005075197666883469
7727,0.00602630665525794
7728,0.00681208586320281
7729,0.0061494093388319016
7730,0.00554044172167778
7731,0.005837330128997564
7732,0.005614745896309614
7733,0.006024911068379879
7734,0.005852054338902235
7735,0.0053170593455433846
7736,0.006251044571399689
7737,0.005069764330983162
7738,0.005646371282637119
7739,0.005683514755219221
7740,0.005057163070887327
7741,0.0055564045906066895
7742,0.0056221759878098965
7743,0.005858526099473238
7744,0.0063756671734154224
7745,0.005125239957123995
7746,0.006531108636409044
7747,0.005714737810194492
7748,0.005842240527272224
7749,0.005671292543411255
7750,0.0057906946167349815
7751,0.005603122524917126
7752,0.005956239067018032
7753,0.005247882101684809
7754,0.006961294915527105
7755,0.0051781367510557175
7756,0.006573945749551058
7757,0.005971353966742754
7758,0.005738193169236183
7759,0.005595542024821043
7760,0.00560300936922431
7761,0.005921030417084694
7762,0.005189240910112858
7763,0.0061363293789327145
7764,0.005241213832050562
7765,0.005756782833486795
7766,0.005806915462017059
7767,0.0057183317840099335
7768,0.005313623696565628
7769,0.005389903672039509
7770,0.006010197103023529
7771,0.005604881327599287
7772,0.005855240859091282
7773,0.005683317314833403
7774,0.005654869135469198
7775,0.006145397201180458
7776,0.005719026550650597
7777,0.005139051005244255
7778,0.005894227419048548
7779,0.006025022827088833
7780,0.00617728428915143
7781,0.00628098426386714
7782,0.005102881696075201
7783,0.005815289914608002
7784,0.006162070203572512
7785,0.0060168481431901455
7786,0.005613395944237709
7787,0.0066164047457277775
7788,0.005615599453449249
7789,0.005357070360332727
7790,0.006015114951878786
7791,0.005346190184354782
7792,0.005297270603477955
7793,0.00623580627143383
7794,0.0046363333240151405
7795,0.005654290318489075
7796,0.00544905848801136
7797,0.0054176077246665955
7798,0.0056055705063045025
7799,0.005789909046143293
7800,0.004979186225682497
7801,0.005612313747406006
7802,0.005280309356749058
7803,0.0058526513166725636
7804,0.005678087007254362
7805,0.005106332246214151
7806,0.006515641696751118
7807,0.005306812934577465
7808,0.006173664703965187
7809,0.005658211186528206
7810,0.0057964385487139225
7811,0.005486870184540749
7812,0.005768326576799154
7813,0.005760291125625372
7814,0.005231961607933044
7815,0.005583231803029776
7816,0.004775660578161478
7817,0.005683904513716698
7818,0.005713921505957842
7819,0.005643763579428196
7820,0.005562873557209969
7821,0.005557264667004347
7822,0.006116462405771017
7823,0.005446715746074915
7824,0.005856615491211414
7825,0.005030622705817223
7826,0.005410319659858942
7827,0.005206184461712837
7828,0.005403635557740927
7829,0.006089021451771259
7830,0.00543963210657239
7831,0.005502972286194563
7832,0.005210795905441046
7833,0.005285628605633974
7834,0.005089427810162306
7835,0.005958145949989557
7836,0.0051468354649841785
7837,0.005704492796212435
7838,0.005708538461476564
7839,0.004944465588778257
7840,0.005617713090032339
7841,0.005678949877619743
7842,0.0051915813237428665
7843,0.005019476171582937
7844,0.004835490137338638
7845,0.005269275512546301
7846,0.005225972272455692
7847,0.005566562060266733
7848,0.005981986876577139
7849,0.005457181483507156
7850,0.005652110558003187
7851,0.005537859164178371
7852,0.005739099346101284
7853,0.0060115293599665165
7854,0.005496889352798462
7855,0.005274338647723198
7856,0.006043724715709686
7857,0.005226536653935909
7858,0.0055256010964512825
7859,0.006338931620121002
7860,0.005435163155198097
7861,0.005795291159301996
7862,0.0053756991401314735
7863,0.006445738486945629
7864,0.005558808799833059
7865,0.005552367772907019
7866,0.005128701217472553
7867,0.005357192829251289
7868,0.005191375967115164
7869,0.004917774349451065
7870,0.00492383586242795
7871,0.005363339092582464
7872,0.006158605217933655
7873,0.00514619005843997
7874,0.005687442142516375
7875,0.0050218659453094006
7876,0.005101828835904598
7877,0.005740874446928501
7878,0.005045155994594097
7879,0.005255779251456261
7880,0.006265339907258749
7881,0.0057959891855716705
7882,0.005647251382470131
7883,0.005292583256959915
7884,0.00589349027723074
7885,0.005220780614763498
7886,0.00575630459934473
7887,0.00506419874727726
7888,0.005681752227246761
7889,0.004838594235479832
7890,0.006139555014669895
7891,0.00545184500515461
7892,0.00603397935628891
7893,0.005658891052007675
7894,0.006288981065154076
7895,0.005613421089947224
7896,0.005460042506456375
7897,0.005476656369864941
7898,0.00527150509878993
7899,0.005628020502626896
7900,0.0053770095109939575
7901,0.0050110965967178345
7902,0.006200407166033983
7903,0.005693670362234116
7904,0.004294997546821833
7905,0.005882813595235348
7906,0.005600879900157452
7907,0.004882126115262508
7908,0.005242146085947752
7909,0.0058715310879051685
7910,0.00571901211515069
7911,0.006022217683494091
7912,0.004867718555033207
7913,0.005168590694665909
7914,0.005158688873052597
7915,0.005123969633132219
7916,0.004828454460948706
7917,0.0051248460076749325
7918,0.004760511219501495
7919,0.005810031201690435
7920,0.0054536378011107445
7921,0.0051799132488667965
7922,0.005571315996348858
7923,0.005275509785860777
7924,0.005283770617097616
7925,0.004846628289669752
7926,0.005162169225513935
7927,0.004855319391936064
7928,0.005418610293418169
7929,0.0051301890052855015
7930,0.005988353863358498
7931,0.004517039284110069
7932,0.00561034819111228
7933,0.0046316273510456085
7934,0.005656295921653509
7935,0.005653982050716877
7936,0.005969844292849302
7937,0.005808880086988211
7938,0.004825802519917488
7939,0.005510116461664438
7940,0.005240468308329582
7941,0.005391489248722792
7942,0.005293683614581823
7943,0.005489167291671038
7944,0.004903996828943491
7945,0.00504764448851347
7946,0.0064346445724368095
7947,0.004888066556304693
7948,0.005425984971225262
7949,0.004994208458811045
7950,0.005943724419921637
7951,0.006129420828074217
7952,0.005555720534175634
7953,0.005696048494428396
7954,0.005732494406402111
7955,0.0050897737964987755
7956,0.0054709105752408504
7957,0.00509687839075923
7958,0.004944023210555315
7959,0.005390694364905357
7960,0.004755145870149136
7961,0.006205911748111248
7962,0.005102385301142931
7963,0.005847991444170475
7964,0.00505727156996727
7965,0.004674614407122135
7966,0.005071993451565504
7967,0.004362478852272034
7968,0.005263932514935732
7969,0.005077911540865898
7970,0.0055376943200826645
7971,0.004931183066219091
7972,0.005695155821740627
7973,0.004952587187290192
7974,0.005090304184705019
7975,0.005422130227088928
7976,0.004744340665638447
7977,0.0053227609023451805
7978,0.006631370168179274
7979,0.005242486018687487
7980,0.004579534288495779
7981,0.005535614676773548
7982,0.005232460331171751
7983,0.005285750608891249
7984,0.005061994306743145
7985,0.005360882729291916
7986,0.005352366250008345
7987,0.0053427256643772125
7988,0.005179258529096842
7989,0.0053592282347381115
7990,0.004774473141878843
7991,0.005069118924438953
7992,0.006083183456212282
7993,0.0046061063185334206
7994,0.004470637999475002
7995,0.005894722882658243
7996,0.004838134162127972
7997,0.0051465933211147785
7998,0.005310789216309786
7999,0.005044098012149334
8000,0.005305954720824957
8001,0.00520523265004158
8002,0.005121571011841297
8003,0.005326009821146727
8004,0.005539904814213514
8005,0.004502559080719948
8006,0.005190522409975529
8007,0.004939479287713766
8008,0.004774892702698708
8009,0.005602290388196707
8010,0.0052677420899271965
8011,0.0043397024273872375
8012,0.0050072623416781425
8013,0.005752831231802702
8014,0.005396600812673569
8015,0.004561127629131079
8016,0.005323647055774927
8017,0.004622776992619038
8018,0.005360533948987722
8019,0.005793176591396332
8020,0.006094965618103743
8021,0.005253748036921024
8022,0.006165542174130678
8023,0.005204805172979832
8024,0.005357296206057072
8025,0.005311183165758848
8026,0.004253799095749855
8027,0.004481394775211811
8028,0.004846831317991018
8029,0.004865311086177826
8030,0.005239015910774469
8031,0.0054326350800693035
8032,0.005258970428258181
8033,0.005020919255912304
8034,0.004781004041433334
8035,0.0048972852528095245
8036,0.00558520806953311
8037,0.004831558093428612
8038,0.004450341686606407
8039,0.005518660414963961
8040,0.005242482293397188
8041,0.004767357371747494
8042,0.0050774188712239265
8043,0.004557742737233639
8044,0.004361822735518217
8045,0.005035737529397011
8046,0.005060005933046341
8047,0.004639764316380024
8048,0.005073226988315582
8049,0.004930939059704542
8050,0.0049878391437232494
8051,0.005513911601155996
8052,0.005552058108150959
8053,0.005707297939807177
8054,0.0050089359283447266
8055,0.005601502954959869
8056,0.0054803816601634026
8057,0.0046767075546085835
8058,0.00517704151570797
8059,0.005379273556172848
8060,0.0050996518693864346
8061,0.005155480932444334
8062,0.004988032393157482
8063,0.004796253051608801
8064,0.0048402538523077965
8065,0.005178609397262335
8066,0.005024795886129141
8067,0.004701756406575441
8068,0.004934939090162516
8069,0.004604749847203493
8070,0.005564643535763025
8071,0.005986398085951805
8072,0.005806315690279007
8073,0.0052877021953463554
8074,0.004960306920111179
8075,0.0050191390328109264
8076,0.0053223310969769955
8077,0.004698936827480793
8078,0.004911052528768778
8079,0.004796796943992376
8080,0.004774079192429781
8081,0.004617978818714619
8082,0.005118345841765404
8083,0.004857205785810947
8084,0.0055091786198318005
8085,0.004775523208081722
8086,0.00479646772146225
8087,0.005526488181203604
8088,0.0052939523011446
8089,0.004732061177492142
8090,0.004535877611488104
8091,0.004618442617356777
8092,0.005104334559291601
8093,0.005159647669643164
8094,0.004873168189078569
8095,0.005332135129719973
8096,0.004535307642072439
8097,0.005453478079289198
8098,0.004640329163521528
8099,0.004860761109739542
8100,0.004531138110905886
8101,0.005630133207887411
8102,0.005677672568708658
8103,0.004932235926389694
8104,0.005015032831579447
8105,0.004861738532781601
8106,0.005253729410469532
8107,0.005552555434405804
8108,0.004410996567457914
8109,0.00439308350905776
8110,0.005077947396785021
8111,0.005057086236774921
8112,0.0044229584746062756
8113,0.0043523674830794334
8114,0.004855982027947903
8115,0.005314474459737539
8116,0.0053436895832419395
8117,0.004412034992128611
8118,0.005020947195589542
8119,0.005871709901839495
8120,0.005182838067412376
8121,0.004899116698652506
8122,0.00465501518920064
8123,0.005061645992100239
8124,0.004959146957844496
8125,0.005235304124653339
8126,0.004841569345444441
8127,0.004734378773719072
8128,0.004376986064016819
8129,0.005176658742129803
8130,0.004887651652097702
8131,0.004807535093277693
8132,0.005126310978084803
8133,0.004462649580091238
8134,0.004644456785172224
8135,0.005754255689680576
8136,0.005528149660676718
8137,0.0044773598201572895
8138,0.004526450298726559
8139,0.004591198172420263
8140,0.004227244295179844
8141,0.004528988152742386
8142,0.006056129466742277
8143,0.0044770934619009495
8144,0.0049923378974199295
8145,0.004827345255762339
8146,0.004983927588909864
8147,0.004689190536737442
8148,0.005165893118828535
8149,0.005246346816420555
8150,0.004789755679666996
8151,0.004582168534398079
8152,0.004478430841118097
8153,0.0050229220651090145
8154,0.005301366560161114
8155,0.0048735779710114
8156,0.00502017792314291
8157,0.004942035302519798
8158,0.00509779853746295
8159,0.004771617706865072
8160,0.005013337824493647
8161,0.0048599690198898315
8162,0.004913128446787596
8163,0.004926711320877075
8164,0.004878220148384571
8165,0.00468249898403883
8166,0.004541603848338127
8167,0.004973011091351509
8168,0.005539247300475836
8169,0.0059157987125217915
8170,0.004575822968035936
8171,0.004959515295922756
8172,0.004614343401044607
8173,0.004563374910503626
8174,0.0047806198708713055
8175,0.005204150918871164
8176,0.005870851222425699
8177,0.00482826866209507
8178,0.005268890410661697
8179,0.00502617284655571
8180,0.0045595732517540455
8181,0.005204063840210438
8182,0.005304964724928141
8183,0.00450869370251894
8184,0.005247716326266527
8185,0.004872567020356655
8186,0.004988707602024078
8187,0.004893100820481777
8188,0.0045611197128891945
8189,0.004950641188770533
8190,0.004686352331191301
8191,0.005314365960657597
8192,0.005080188624560833
8193,0.004875597544014454
8194,0.004537466913461685
8195,0.004691234324127436
8196,0.0047174789942801
8197,0.00419594394043088
8198,0.0051566679030656815
8199,0.0048368219286203384
8200,0.004303366877138615
8201,0.004964918363839388
8202,0.004358272068202496
8203,0.004577174782752991
8204,0.004665315616875887
8205,0.0048293741419911385
8206,0.00474399933591485
8207,0.005549013614654541
8208,0.005546006839722395
8209,0.0052755787037312984
8210,0.0044202739372849464
8211,0.004572249483317137
8212,0.0052193040028214455
8213,0.00419627595692873
8214,0.005703662056475878
8215,0.004713605158030987
8216,0.00521999504417181
8217,0.00518382154405117
8218,0.0048771873116493225
8219,0.004406160209327936
8220,0.005212821997702122
8221,0.006104712374508381
8222,0.004271825775504112
8223,0.004159197676926851
8224,0.004238611087203026
8225,0.005065297242254019
8226,0.004548706114292145
8227,0.005118538625538349
8228,0.00536721246317029
8229,0.005184273701161146
8230,0.005325479432940483
8231,0.004846848547458649
8232,0.004832081496715546
8233,0.004747761879116297
8234,0.005531176924705505
8235,0.004756998270750046
8236,0.00515750702470541
8237,0.003987743053585291
8238,0.004296738188713789
8239,0.00540970079600811
8240,0.00509242806583643
8241,0.004710840992629528
8242,0.004184173885732889
8243,0.004736751317977905
8244,0.004614247474819422
8245,0.005059351678937674
8246,0.0045204912312328815
8247,0.003859036834910512
8248,0.004292877856642008
8249,0.004559776745736599
8250,0.004812097642570734
8251,0.005161110777407885
8252,0.005609387997537851
8253,0.005035327281802893
8254,0.004235435277223587
8255,0.004436712712049484
8256,0.005296433810144663
8257,0.004098487552255392
8258,0.0046264007687568665
8259,0.004742588382214308
8260,0.004599060397595167
8261,0.004983795806765556
8262,0.0041541350074112415
8263,0.005116675980389118
8264,0.0047682649455964565
8265,0.004613468889147043
8266,0.0043511842377483845
8267,0.003996371757239103
8268,0.005136039573699236
8269,0.004714186768978834
8270,0.00555407116189599
8271,0.005454338155686855
8272,0.005290154833346605
8273,0.004205277655273676
8274,0.005136393941938877
8275,0.004006735514849424
8276,0.004223721567541361
8277,0.004918629303574562
8278,0.004267411772161722
8279,0.0044077252969145775
8280,0.004575573373585939
8281,0.004666992463171482
8282,0.005375317297875881
8283,0.004782993346452713
8284,0.004030585754662752
8285,0.004421758931130171
8286,0.004349197261035442
8287,0.005706609692424536
8288,0.004795427899807692
8289,0.004369472153484821
8290,0.004086093511432409
8291,0.004305077716708183
8292,0.004312240984290838
8293,0.004419729113578796
8294,0.003946993034332991
8295,0.003986535128206015
8296,0.004724633414298296
8297,0.00451294332742691
8298,0.0038873336743563414
8299,0.004967049695551395
8300,0.004099958576261997
8301,0.004947149660438299
8302,0.004660348873585463
8303,0.004376056604087353
8304,0.0042084138840436935
8305,0.004462622106075287
8306,0.004429455380886793
8307,0.004336573649197817
8308,0.004155241884291172
8309,0.004814662504941225
8310,0.005183850415050983
8311,0.004401876591145992
8312,0.003540836973115802
8313,0.004222414921969175
8314,0.0040441472083330154
8315,0.004696637392044067
8316,0.005392881575971842
8317,0.00467541441321373
8318,0.004963594954460859
8319,0.004831735044717789
8320,0.0048056235536932945
8321,0.004840765614062548
8322,0.004988356959074736
8323,0.003811216913163662
8324,0.004640116821974516
8325,0.004719953518360853
8326,0.004474991001188755
8327,0.0044871969148516655
8328,0.004387896973639727
8329,0.004470932763069868
8330,0.005508198402822018
8331,0.004194651264697313
8332,0.004368749912828207
8333,0.004865048918873072
8334,0.004410360474139452
8335,0.004334631375968456
8336,0.004591843578964472
8337,0.00488550029695034
8338,0.004720648285001516
8339,0.005756020545959473
8340,0.004358154255896807
8341,0.004020241554826498
8342,0.004249156918376684
8343,0.004726856015622616
8344,0.003914822358638048
8345,0.004618801176548004
8346,0.0042000263929367065
8347,0.005327918101102114
8348,0.004762741271406412
8349,0.004931427072733641
8350,0.005170832853764296
8351,0.004746804945170879
8352,0.004053922835737467
8353,0.0042973668314516544
8354,0.004605584777891636
8355,0.005214594304561615
8356,0.005142218433320522
8357,0.004904939327389002
8358,0.004852319601923227
8359,0.004581392742693424
8360,0.004794195294380188
8361,0.004523074254393578
8362,0.004779078532010317
8363,0.005053184926509857
8364,0.004454419016838074
8365,0.004877206403762102
8366,0.004531289916485548
8367,0.0047205365262925625
8368,0.0046116653829813
8369,0.005151805467903614
8370,0.003976888954639435
8371,0.005059351213276386
8372,0.0048889219760894775
8373,0.004145495593547821
8374,0.003625869518145919
8375,0.0044824727810919285
8376,0.004609415307641029
8377,0.005219007842242718
8378,0.004176463931798935
8379,0.004945088643580675
8380,0.004859834909439087
8381,0.004125532228499651
8382,0.004845346324145794
8383,0.004720327910035849
8384,0.004514193162322044
8385,0.00481888372451067
8386,0.004079932812601328
8387,0.004704704973846674
8388,0.0044280425645411015
8389,0.0046074530109763145
8390,0.004015407059341669
8391,0.004685943480581045
8392,0.005403946153819561
8393,0.004320531152188778
8394,0.0046776942908763885
8395,0.004279806278645992
8396,0.003595376620069146
8397,0.003977063111960888
8398,0.004917522892355919
8399,0.00377660128287971
8400,0.004297303035855293
8401,0.004455439746379852
8402,0.004482059273868799
8403,0.0039257146418094635
8404,0.004091582261025906
8405,0.004190737847238779
8406,0.0049370634369552135
8407,0.004440592601895332
8408,0.005217600613832474
8409,0.004410069901496172
8410,0.003851020010188222
8411,0.004725396633148193
8412,0.004488229751586914
8413,0.004841809161007404
8414,0.004478635266423225
8415,0.004391227848827839
8416,0.004696849267929792
8417,0.004034333862364292
8418,0.0039223493076860905
8419,0.004432971123605967
8420,0.0039401790127158165
8421,0.004328527953475714
8422,0.004795521032065153
8423,0.004192086402326822
8424,0.00435098260641098
8425,0.004877547733485699
8426,0.004126002546399832
8427,0.004631449468433857
8428,0.0036834734492003918
8429,0.0037907608784735203
8430,0.004025776404887438
8431,0.004785239230841398
8432,0.004255735781043768
8433,0.004198435228317976
8434,0.004575431812554598
8435,0.004733683075755835
8436,0.004654414486140013
8437,0.004174993839114904
8438,0.004710440989583731
8439,0.00394493667408824
8440,0.004696110263466835
8441,0.0036669541150331497
8442,0.004095471929758787
8443,0.004016944207251072
8444,0.0039188796654343605
8445,0.003928947262465954
8446,0.004071380943059921
8447,0.004577627871185541
8448,0.004000284243375063
8449,0.004228710662573576
8450,0.004048546776175499
8451,0.003853366244584322
8452,0.004053373821079731
8453,0.0043452088721096516
8454,0.00408147182315588
8455,0.004725270438939333
8456,0.004860782530158758
8457,0.003928242716938257
8458,0.004299509804695845
8459,0.004728342406451702
8460,0.004649604670703411
8461,0.004208817612379789
8462,0.004436219576746225
8463,0.004732619505375624
8464,0.0036717138718813658
8465,0.00460175471380353
8466,0.0035436770413070917
8467,0.004153032321482897
8468,0.0040313792414963245
8469,0.00431902427226305
8470,0.004344824701547623
8471,0.00387450959533453
8472,0.003966781310737133
8473,0.004280236549675465
8474,0.004101546946913004
8475,0.003698116634041071
8476,0.004651219118386507
8477,0.00501673249527812
8478,0.004394222982227802
8479,0.00411837175488472
8480,0.004730141256004572
8481,0.0042983731254935265
8482,0.004742614924907684
8483,0.004291723016649485
8484,0.003981316927820444
8485,0.004304124042391777
8486,0.0036608329974114895
8487,0.004634610377252102
8488,0.004784663673490286
8489,0.004988519474864006
8490,0.004914193879812956
8491,0.00477468641474843
8492,0.0036080454010516405
8493,0.004608568269759417
8494,0.0044835773296654224
8495,0.00452531548216939
8496,0.004405994899570942
8497,0.004597497638314962
8498,0.004295743070542812
8499,0.004735531285405159
8500,0.004217830952256918
8501,0.004685554653406143
8502,0.00431810412555933
8503,0.004418414551764727
8504,0.0038908016867935658
8505,0.0043856981210410595
8506,0.003982225898653269
8507,0.004351332783699036
8508,0.005078325513750315
8509,0.00420868257060647
8510,0.004611615557223558
8511,0.003909530583769083
8512,0.004088658839464188
8513,0.004253339488059282
8514,0.0035286855418235064
8515,0.0038457615301012993
8516,0.0050448463298380375
8517,0.0038912983145564795
8518,0.0037043022457510233
8519,0.004162500146776438
8520,0.004137669689953327
8521,0.00460209371522069
8522,0.004396101459860802
8523,0.004492809064686298
8524,0.004179457202553749
8525,0.0038035486359149218
8526,0.004218819551169872
8527,0.004780733957886696
8528,0.004131329245865345
8529,0.004520120564848185
8530,0.0040819477289915085
8531,0.004281570669263601
8532,0.004014129284769297
8533,0.0039552953094244
8534,0.0045460001565515995
8535,0.004199717193841934
8536,0.004118853248655796
8537,0.004249152261763811
8538,0.004107039887458086
8539,0.004398683551698923
8540,0.004145563580095768
8541,0.0037556136958301067
8542,0.003760496387258172
8543,0.004158388823270798
8544,0.004005253780633211
8545,0.004296178929507732
8546,0.004236146342009306
8547,0.005416240077465773
8548,0.004506655037403107
8549,0.004145260434597731
8550,0.00418566120788455
8551,0.003904213197529316
8552,0.004018827807158232
8553,0.004288652911782265
8554,0.004079656675457954
8555,0.0039529758505523205
8556,0.004165866877883673
8557,0.004319080151617527
8558,0.004424525424838066
8559,0.003881235374137759
8560,0.0042023854330182076
8561,0.004502611234784126
8562,0.00400671549141407
8563,0.004391745198518038
8564,0.005080096423625946
8565,0.004457986913621426
8566,0.00378085533156991
8567,0.003664980875328183
8568,0.0044406200759112835
8569,0.0044559394009411335
8570,0.00414913659915328
8571,0.004233247600495815
8572,0.004311222583055496
8573,0.004281575791537762
8574,0.004291567485779524
8575,0.004205125384032726
8576,0.0045670014806091785
8577,0.004096267744898796
8578,0.004239425528794527
8579,0.003988401498645544
8580,0.0038639784324914217
8581,0.003944548778235912
8582,0.004418077878654003
8583,0.004276440013200045
8584,0.005063285119831562
8585,0.003970160614699125
8586,0.004109220579266548
8587,0.0037072678096592426
8588,0.0043823570013046265
8589,0.004241622518748045
8590,0.004618403967469931
8591,0.004149503540247679
8592,0.004262390546500683
8593,0.004111926537007093
8594,0.0040972582064569
8595,0.003918674308806658
8596,0.004122903570532799
8597,0.004972807131707668
8598,0.004665055777877569
8599,0.004011296667158604
8600,0.004562637768685818
8601,0.0035688031930476427
8602,0.003718777559697628
8603,0.003935740329325199
8604,0.004643799737095833
8605,0.0038309055380523205
8606,0.00425724359229207
8607,0.004418566357344389
8608,0.0042124115861952305
8609,0.003638242371380329
8610,0.004374552983790636
8611,0.0036873393692076206
8612,0.0037804495077580214
8613,0.00403991574421525
8614,0.0037177205085754395
8615,0.004509373567998409
8616,0.004405718296766281
8617,0.0038665609899908304
8618,0.004278398584574461
8619,0.00395728275179863
8620,0.004198134411126375
8621,0.004084357526153326
8622,0.004531265702098608
8623,0.0038035332690924406
8624,0.003407066920772195
8625,0.0035808649845421314
8626,0.003907156176865101
8627,0.004619656130671501
8628,0.00468286219984293
8629,0.004113221541047096
8630,0.003938845358788967
8631,0.0037575368769466877
8632,0.003948664292693138
8633,0.0040446436032652855
8634,0.0037647669669240713
8635,0.004790190141648054
8636,0.004458039999008179
8637,0.0044682081788778305
8638,0.004435042850673199
8639,0.003974952735006809
8640,0.0035384572111070156
8641,0.00390689168125391
8642,0.004374138545244932
8643,0.004977167118340731
8644,0.0043404181487858295
8645,0.004170639906078577
8646,0.003968608565628529
8647,0.0041775694116950035
8648,0.004619393032044172
8649,0.003728547366335988
8650,0.0038978788070380688
8651,0.004225574433803558
8652,0.0039612650871276855
8653,0.0036724258679896593
8654,0.004121455363929272
8655,0.0041872733272612095
8656,0.0038982804398983717
8657,0.0038793515413999557
8658,0.0040823789313435555
8659,0.0038888310082256794
8660,0.003924988210201263
8661,0.003350700717419386
8662,0.0043011498637497425
8663,0.003418115433305502
8664,0.004538452718406916
8665,0.0039712004363536835
8666,0.004388865083456039
8667,0.003957289271056652
8668,0.0043121399357914925
8669,0.0044721271842718124
8670,0.0037386463955044746
8671,0.0037894370034337044
8672,0.0042273979634046555
8673,0.004254377447068691
8674,0.0036584606859833
8675,0.004662325140088797
8676,0.0036490298807621002
8677,0.004037370439618826
8678,0.0034499529283493757
8679,0.003631687257438898
8680,0.0038222067523747683
8681,0.004432674031704664
8682,0.004000119864940643
8683,0.004321208689361811
8684,0.004440224263817072
8685,0.003911534324288368
8686,0.00399390934035182
8687,0.003978818655014038
8688,0.0038663719315081835
8689,0.003859608666971326
8690,0.004031232558190823
8691,0.004107550252228975
8692,0.004060621839016676
8693,0.004082249943166971
8694,0.004353981465101242
8695,0.0033970391377806664
8696,0.0045124562457203865
8697,0.0036140326410531998
8698,0.0038570098113268614
8699,0.0038983577396720648
8700,0.003686261363327503
8701,0.004753446206450462
8702,0.0036908029578626156
8703,0.0042199864983558655
8704,0.004527833312749863
8705,0.00368151580914855
8706,0.003992061596363783
8707,0.004377067554742098
8708,0.0036525290925055742
8709,0.004407430533319712
8710,0.0036981410812586546
8711,0.004179036244750023
8712,0.004099186044186354
8713,0.003799936268478632
8714,0.004521472379565239
8715,0.00466429628431797
8716,0.004311038181185722
8717,0.004061604384332895
8718,0.0041747065261006355
8719,0.00387244438752532
8720,0.004307569935917854
8721,0.003910248167812824
8722,0.00364964478649199
8723,0.0036229544784873724
8724,0.004656264092773199
8725,0.004035592079162598
8726,0.004515755455940962
8727,0.00418420834466815
8728,0.003351897932589054
8729,0.004101655445992947
8730,0.003875005291774869
8731,0.0046707820147275925
8732,0.004781559109687805
8733,0.003941532224416733
8734,0.004209822043776512
8735,0.004154762253165245
8736,0.0037075350992381573
8737,0.00390913849696517
8738,0.004326965194195509
8739,0.004210087936371565
8740,0.004611611366271973
8741,0.004635957535356283
8742,0.004263953305780888
8743,0.004368490539491177
8744,0.0038843313232064247
8745,0.003918221220374107
8746,0.003908228129148483
8747,0.003596923779696226
8748,0.0038374545983970165
8749,0.003851542016491294
8750,0.0038874049205332994
8751,0.004650618880987167
8752,0.004376694560050964
8753,0.003741167252883315
8754,0.004645318258553743
8755,0.0037405509501695633
8756,0.004253719933331013
8757,0.005040579009801149
8758,0.00436048349365592
8759,0.0046242340467870235
8760,0.0041012573055922985
8761,0.004448884632438421
8762,0.0044605182483792305
8763,0.005066127981990576
8764,0.003671996993944049
8765,0.003992916084825993
8766,0.004512119106948376
8767,0.0037687914445996284
8768,0.003339416114613414
8769,0.003973125945776701
8770,0.0037930503021925688
8771,0.0038203923031687737
8772,0.0036728638224303722
8773,0.004290115553885698
8774,0.0035810943227261305
8775,0.004372162278741598
8776,0.0035803676582872868
8777,0.003934912383556366
8778,0.0035187778994441032
8779,0.0044362847693264484
8780,0.0046618301421403885
8781,0.0036335161421447992
8782,0.004399373196065426
8783,0.0038852025754749775
8784,0.004289538599550724
8785,0.0030835107900202274
8786,0.004525040742009878
8787,0.003974111285060644
8788,0.004518773406744003
8789,0.0040454077534377575
8790,0.0045730359852313995
8791,0.0036998866125941277
8792,0.0047331987880170345
8793,0.004798120819032192
8794,0.0049212281592190266
8795,0.0044724284671247005
8796,0.004111345857381821
8797,0.0037796697579324245
8798,0.00365738058462739
8799,0.003621069947257638
8800,0.0039826128631830215
8801,0.003812572453171015
8802,0.003445975948125124
8803,0.004379586782306433
8804,0.003998579457402229
8805,0.003693551290780306
8806,0.0038175424560904503
8807,0.003974345047026873
8808,0.00399110559374094
8809,0.004064737819135189
8810,0.004754058551043272
8811,0.004042966291308403
8812,0.004616858903318644
8813,0.004111180081963539
8814,0.004264186602085829
8815,0.0038250526413321495
8816,0.00388683401979506
8817,0.004029460251331329
8818,0.003999481443315744
8819,0.003765943692997098
8820,0.0039094663225114346
8821,0.004055552184581757
8822,0.003719102358445525
8823,0.0037262714467942715
8824,0.004263203125447035
8825,0.004221738316118717
8826,0.004371389281004667
8827,0.004317235201597214
8828,0.0037064419593662024
8829,0.004737922456115484
8830,0.004011270124465227
8831,0.0035349985118955374
8832,0.0041257780976593494
8833,0.0039040683768689632
8834,0.004144954960793257
8835,0.0041504823602736
8836,0.0041767023503780365
8837,0.004752767737954855
8838,0.004013191908597946
8839,0.003834465751424432
8840,0.004641088657081127
8841,0.004369382280856371
8842,0.003881830722093582
8843,0.004327299073338509
8844,0.004332784563302994
8845,0.0038633227813988924
8846,0.004235135391354561
8847,0.0039444975554943085
8848,0.003654659725725651
8849,0.0040988619439303875
8850,0.004236134700477123
8851,0.0039910441264510155
8852,0.0039154100231826305
8853,0.003618315327912569
8854,0.004243298899382353
8855,0.003894060617312789
8856,0.003960100468248129
8857,0.003374893916770816
8858,0.00383270182646811
8859,0.004127779975533485
8860,0.0035521285608410835
8861,0.0039712791331112385
8862,0.003450564807280898
8863,0.004132532514631748
8864,0.003941357601433992
8865,0.0038251031655818224
8866,0.0036685692612081766
8867,0.003741447813808918
8868,0.0038063398096710443
8869,0.0031988497357815504
8870,0.003828996792435646
8871,0.004225436598062515
8872,0.003992813173681498
8873,0.004198993556201458
8874,0.0038156500086188316
8875,0.0038176283705979586
8876,0.0037270442117005587
8877,0.0037415705155581236
8878,0.00357536762021482
8879,0.0038540204986929893
8880,0.003804577747359872
8881,0.003933823201805353
8882,0.003303342964500189
8883,0.004207346122711897
8884,0.004017950035631657
8885,0.003201664425432682
8886,0.003667000215500593
8887,0.004213647451251745
8888,0.004073070362210274
8889,0.003389892866834998
8890,0.003405991941690445
8891,0.003687724471092224
8892,0.0036310062278062105
8893,0.0037406363990157843
8894,0.0033829850144684315
8895,0.004161339718848467
8896,0.002989373868331313
8897,0.0037580167409032583
8898,0.0036759788636118174
8899,0.003954884596168995
8900,0.004029903095215559
8901,0.004455627407878637
8902,0.004206020850688219
8903,0.004397401586174965
8904,0.003502336796373129
8905,0.004082636442035437
8906,0.003534907940775156
8907,0.00456775538623333
8908,0.004385693464428186
8909,0.0045898971147835255
8910,0.004152585752308369
8911,0.004009796306490898
8912,0.004466936457902193
8913,0.003800708567723632
8914,0.004055391997098923
8915,0.004518616013228893
8916,0.0036360514350235462
8917,0.004068720154464245
8918,0.004265964962542057
8919,0.0037136832252144814
8920,0.003826995613053441
8921,0.004107915796339512
8922,0.0035346595104783773
8923,0.0041245329193770885
8924,0.004239443223923445
8925,0.0040375548414886
8926,0.004105362109839916
8927,0.0034947472158819437
8928,0.0038848912809044123
8929,0.00406586704775691
8930,0.004668269772082567
8931,0.003534659743309021
8932,0.0033624456264078617
8933,0.0038799168542027473
8934,0.0031411133240908384
8935,0.003744597313925624
8936,0.003413488157093525
8937,0.003960410598665476
8938,0.0039997827261686325
8939,0.0037034444976598024
8940,0.0037441332824528217
8941,0.003841337049379945
8942,0.0044880211353302
8943,0.004500085953623056
8944,0.00392979895696044
8945,0.0044441623613238335
8946,0.0033494208473712206
8947,0.004064222797751427
8948,0.003994456026703119
8949,0.003883551573380828
8950,0.003311318578198552
8951,0.004033488221466541
8952,0.004221722483634949
8953,0.0036636358126997948
8954,0.004168245010077953
8955,0.004049125127494335
8956,0.003540386212989688
8957,0.004078991245478392
8958,0.003956608474254608
8959,0.00370016903616488
8960,0.004117082804441452
8961,0.003646492026746273
8962,0.0035798153840005398
8963,0.004374504089355469
8964,0.004181175027042627
8965,0.0033220883924514055
8966,0.003699744353070855
8967,0.004163120407611132
8968,0.004051437135785818
8969,0.004499073140323162
8970,0.003838467877358198
8971,0.004026257898658514
8972,0.003987409640103579
8973,0.0035185404121875763
8974,0.003646525787189603
8975,0.004010767675936222
8976,0.004262920934706926
8977,0.004122896585613489
8978,0.003532133065164089
8979,0.00394952530041337
8980,0.0038582009728997946
8981,0.0038257790729403496
8982,0.0043375445529818535
8983,0.0037556809838861227
8984,0.004117797128856182
8985,0.00349677843041718
8986,0.0043257675133645535
8987,0.00387894781306386
8988,0.003381609683856368
8989,0.003783858846873045
8990,0.003340978641062975
8991,0.003958745859563351
8992,0.004464028403162956
8993,0.0036647121887654066
8994,0.00404262775555253
8995,0.003787275869399309
8996,0.004006961826235056
8997,0.0040354738011956215
8998,0.003242907579988241
8999,0.0038596326485276222
9000,0.004343362525105476
9001,0.004159977193921804
9002,0.004128975793719292
9003,0.0034937383607029915
9004,0.003749626688659191
9005,0.004362576641142368
9006,0.004064144566655159
9007,0.004262933507561684
9008,0.004283026326447725
9009,0.0036220483016222715
9010,0.0034392813686281443
9011,0.0039018779061734676
9012,0.003289896994829178
9013,0.0037342957220971584
9014,0.004322174470871687
9015,0.0034323800355196
9016,0.004020961932837963
9017,0.003977879416197538
9018,0.003575265407562256
9019,0.0038937933277338743
9020,0.004148985259234905
9021,0.004221001174300909
9022,0.003881331067532301
9023,0.003387422300875187
9024,0.004015637561678886
9025,0.003525360254570842
9026,0.00418598810210824
9027,0.0035602666903287172
9028,0.0037060859613120556
9029,0.0036120438016951084
9030,0.0040771085768938065
9031,0.003406278556212783
9032,0.004531959071755409
9033,0.0038074739277362823
9034,0.0043228184804320335
9035,0.003719412023201585
9036,0.003602520562708378
9037,0.0036057361867278814
9038,0.004255014006048441
9039,0.0043868133798241615
9040,0.003686062293127179
9041,0.003994595259428024
9042,0.004134438466280699
9043,0.003485262393951416
9044,0.004020799417048693
9045,0.0035435764584690332
9046,0.0039026413578540087
9047,0.003927122335880995
9048,0.003964884206652641
9049,0.003580251010134816
9050,0.003464865032583475
9051,0.0035391184501349926
9052,0.003993405029177666
9053,0.003958222921937704
9054,0.003279891097918153
9055,0.0035697584971785545
9056,0.004140050616115332
9057,0.003481387859210372
9058,0.0037738741375505924
9059,0.003778710262849927
9060,0.0032582031562924385
9061,0.0031184975523501635
9062,0.0041513144969940186
9063,0.004146736580878496
9064,0.003992921207100153
9065,0.0034010091330856085
9066,0.0032268923241645098
9067,0.0035793371498584747
9068,0.0036635214928537607
9069,0.00388529896736145
9070,0.0034033094998449087
9071,0.0041525159031152725
9072,0.003978848922997713
9073,0.003575508948415518
9074,0.004514320287853479
9075,0.003441327018663287
9076,0.004060756880789995
9077,0.0036861198022961617
9078,0.004023347049951553
9079,0.0043111820705235004
9080,0.0038097635842859745
9081,0.003618516493588686
9082,0.00456925667822361
9083,0.0035501210950315
9084,0.00392453046515584
9085,0.004684167448431253
9086,0.003587164217606187
9087,0.0034742301795631647
9088,0.004251827951520681
9089,0.0036145448684692383
9090,0.004211174789816141
9091,0.0037996747996658087
9092,0.003894697641953826
9093,0.004145775455981493
9094,0.003928923048079014
9095,0.0034505000803619623
9096,0.004088103771209717
9097,0.0034055039286613464
9098,0.0035319956950843334
9099,0.004398713819682598
9100,0.0036946856416761875
9101,0.003969251178205013
9102,0.003830831730738282
9103,0.0034413018729537725
9104,0.004000840708613396
9105,0.003991864621639252
9106,0.0036764657124876976
9107,0.0033033511135727167
9108,0.004185810685157776
9109,0.0039745718240737915
9110,0.0036947347689419985
9111,0.004410543479025364
9112,0.0035187203902751207
9113,0.0035022026859223843
9114,0.004058746621012688
9115,0.0038237024564296007
9116,0.004350993316620588
9117,0.003554264549165964
9118,0.003903329139575362
9119,0.004235143773257732
9120,0.004118321929126978
9121,0.004338263534009457
9122,0.00331651559099555
9123,0.004055907484143972
9124,0.004094989504665136
9125,0.003956020809710026
9126,0.0031541360076516867
9127,0.003478597616776824
9128,0.0041500297375023365
9129,0.0042736283503472805
9130,0.0038753615226596594
9131,0.003490627743303776
9132,0.004593424499034882
9133,0.003626955673098564
9134,0.004023641813546419
9135,0.0038608659524470568
9136,0.00426128227263689
9137,0.0037921720650047064
9138,0.0037183838430792093
9139,0.0037214902695268393
9140,0.00331345503218472
9141,0.0038883541710674763
9142,0.004163205623626709
9143,0.004347396548837423
9144,0.0043032048270106316
9145,0.0036091788206249475
9146,0.003939614165574312
9147,0.004312533885240555
9148,0.003919606097042561
9149,0.003996104933321476
9150,0.004136253148317337
9151,0.00466294027864933
9152,0.003665308002382517
9153,0.003172819036990404
9154,0.0031912722624838352
9155,0.0035701144952327013
9156,0.003802073420956731
9157,0.0038362203631550074
9158,0.004044677130877972
9159,0.004396498203277588
9160,0.0032095739152282476
9161,0.0033751337323337793
9162,0.003918856382369995
9163,0.00465974397957325
9164,0.003946893382817507
9165,0.003384825075045228
9166,0.004462866578251123
9167,0.0037152275908738375
9168,0.0038647379260510206
9169,0.004374888725578785
9170,0.0037546586245298386
9171,0.0037268735468387604
9172,0.003953499253839254
9173,0.003530911635607481
9174,0.0036216836888343096
9175,0.00406307727098465
9176,0.003668597899377346
9177,0.0037841584999114275
9178,0.003263767110183835
9179,0.004301602020859718
9180,0.00404888903722167
9181,0.004468006547540426
9182,0.003962782211601734
9183,0.0037812094669789076
9184,0.004283036105334759
9185,0.003943173680454493
9186,0.003996612969785929
9187,0.0035749641247093678
9188,0.0035326634533703327
9189,0.004043851047754288
9190,0.0034313586074858904
9191,0.003822936676442623
9192,0.003452475881204009
9193,0.0037876616697758436
9194,0.003925304859876633
9195,0.0038102937396615744
9196,0.0038210730999708176
9197,0.004038217011839151
9198,0.003803590079769492
9199,0.0036647466477006674
9200,0.004604944493621588
9201,0.004254283383488655
9202,0.0038266279734671116
9203,0.0036450910847634077
9204,0.0037101709749549627
9205,0.0045404862612485886
9206,0.004153547342866659
9207,0.003687889315187931
9208,0.004371284041553736
9209,0.0041499449871480465
9210,0.0032782689668238163
9211,0.003071288112550974
9212,0.003401942318305373
9213,0.003938238136470318
9214,0.0033941823057830334
9215,0.004648359026759863
9216,0.004489528015255928
9217,0.0042440565302968025
9218,0.003805930959060788
9219,0.0039958832785487175
9220,0.0034924973733723164
9221,0.0036686882376670837
9222,0.004481274168938398
9223,0.003596639959141612
9224,0.0035460300277918577
9225,0.003472468350082636
9226,0.00411466509103775
9227,0.004183018580079079
9228,0.004013942554593086
9229,0.0039445492438972
9230,0.003992167767137289
9231,0.0035712425597012043
9232,0.003686140989884734
9233,0.0036828487645834684
9234,0.0037582172080874443
9235,0.003510639537125826
9236,0.0036778440698981285
9237,0.0035766169894486666
9238,0.0042452323250472546
9239,0.003670287085697055
9240,0.003533025737851858
9241,0.003893723478540778
9242,0.003501247614622116
9243,0.0031934338621795177
9244,0.003571320790797472
9245,0.0034801014699041843
9246,0.0034329467453062534
9247,0.0035672616213560104
9248,0.004418851342052221
9249,0.0038161377888172865
9250,0.0036517512053251266
9251,0.004283758345991373
9252,0.00396081805229187
9253,0.0040037864819169044
9254,0.0033948866184800863
9255,0.003996932413429022
9256,0.0035135990474373102
9257,0.0038705766201019287
9258,0.003388109849765897
9259,0.003939536865800619
9260,0.004286229610443115
9261,0.003289585467427969
9262,0.0036337568890303373
9263,0.0037407558411359787
9264,0.003981652203947306
9265,0.0043610078282654285
9266,0.0036106547340750694
9267,0.0038963418919593096
9268,0.003685562638565898
9269,0.004001684486865997
9270,0.0038720984011888504
9271,0.0036746948026120663
9272,0.003974749241024256
9273,0.003345537930727005
9274,0.0034506062511354685
9275,0.004185741301625967
9276,0.003953785635530949
9277,0.003203745000064373
9278,0.004136285278946161
9279,0.003878258401528001
9280,0.003463701345026493
9281,0.0032672968227416277
9282,0.0041183349676430225
9283,0.0043257116340100765
9284,0.004992362577468157
9285,0.004212156403809786
9286,0.004015036858618259
9287,0.003929823637008667
9288,0.00387019757181406
9289,0.0035538601223379374
9290,0.003728573676198721
9291,0.004153814632445574
9292,0.0041135139763355255
9293,0.0036374011542648077
9294,0.004016492515802383
9295,0.004205235280096531
9296,0.003601768286898732
9297,0.0044896965846419334
9298,0.0032390537671744823
9299,0.0033142853062599897
9300,0.0038071146700531244
9301,0.0036013927310705185
9302,0.003160750726237893
9303,0.00418850127607584
9304,0.004023505840450525
9305,0.004065803252160549
9306,0.004475629422813654
9307,0.0040426007471978664
9308,0.004076158627867699
9309,0.0037533766590058804
9310,0.0036208289675414562
9311,0.003623472759500146
9312,0.0038874445017427206
9313,0.0034227443393319845
9314,0.003758156904950738
9315,0.004327900242060423
9316,0.004029022064059973
9317,0.0038939653895795345
9318,0.0040335762314498425
9319,0.0035490156151354313
9320,0.0038704448379576206
9321,0.004139986354857683
9322,0.004029982723295689
9323,0.0043709115125238895
9324,0.004394690040498972
9325,0.004208212718367577
9326,0.003806417342275381
9327,0.0036612225230783224
9328,0.003826707834377885
9329,0.003569134045392275
9330,0.0037677085492759943
9331,0.003924664109945297
9332,0.0035154996439814568
9333,0.0035889167338609695
9334,0.0038866493850946426
9335,0.0037985634990036488
9336,0.004252153914421797
9337,0.004078693222254515
9338,0.0043478552252054214
9339,0.004521478433161974
9340,0.004460746422410011
9341,0.004314490593969822
9342,0.0034144630189985037
9343,0.004038224928081036
9344,0.004116259980946779
9345,0.004079568199813366
9346,0.003802644554525614
9347,0.0034738427493721247
9348,0.0032625191379338503
9349,0.004030583426356316
9350,0.00380839710123837
9351,0.004216323606669903
9352,0.003995323088020086
9353,0.0038804200012236834
9354,0.0041656289249658585
9355,0.004056236706674099
9356,0.0037663213443011045
9357,0.0040287296287715435
9358,0.003437825245782733
9359,0.004374333657324314
9360,0.003420231631025672
9361,0.0037690820172429085
9362,0.003704683855175972
9363,0.00411574961617589
9364,0.004261641763150692
9365,0.003983603790402412
9366,0.003570327302441001
9367,0.00370442564599216
9368,0.004383135121315718
9369,0.004275215324014425
9370,0.003963831812143326
9371,0.0032039901707321405
9372,0.0038026783149689436
9373,0.003920419607311487
9374,0.0037612956948578358
9375,0.004175412002950907
9376,0.0035704465117305517
9377,0.003399292239919305
9378,0.0038117659278213978
9379,0.003934898413717747
9380,0.0033607101067900658
9381,0.004054313525557518
9382,0.0040168738923966885
9383,0.003918555565178394
9384,0.0038272289093583822
9385,0.004110791254788637
9386,0.0042619179002940655
9387,0.004197950940579176
9388,0.0032436982728540897
9389,0.003788654925301671
9390,0.0035149750765413046
9391,0.00335797481238842
9392,0.0038970147725194693
9393,0.0036074367817491293
9394,0.004211406223475933
9395,0.004151191096752882
9396,0.0036529279313981533
9397,0.004122233483940363
9398,0.004078976344317198
9399,0.0048409258015453815
9400,0.004142775200307369
9401,0.004448650870472193
9402,0.0038655914831906557
9403,0.004480564501136541
9404,0.004804595373570919
9405,0.004242309834808111
9406,0.004173389170318842
9407,0.004067773465067148
9408,0.0038314645644277334
9409,0.004453630186617374
9410,0.003656284185126424
9411,0.0042641195468604565
9412,0.003630046732723713
9413,0.0033187479712069035
9414,0.004216697998344898
9415,0.004367193207144737
9416,0.0039824978448450565
9417,0.003979455679655075
9418,0.004432660061866045
9419,0.0036081841681152582
9420,0.0038838330656290054
9421,0.0036950826179236174
9422,0.003984567243605852
9423,0.004064890090376139
9424,0.003263792721554637
9425,0.0032944907434284687
9426,0.0036911095958203077
9427,0.004154683090746403
9428,0.0038309283554553986
9429,0.0037797752302139997
9430,0.004118021577596664
9431,0.0038087351713329554
9432,0.003965481650084257
9433,0.004247777629643679
9434,0.003966618329286575
9435,0.004246029537171125
9436,0.0036533745005726814
9437,0.003835159819573164
9438,0.004394989460706711
9439,0.003734801895916462
9440,0.0040644207037985325
9441,0.0038545543793588877
9442,0.004215700086206198
9443,0.004167197737842798
9444,0.004018339794129133
9445,0.0037134503945708275
9446,0.0037827768828719854
9447,0.003995004575699568
9448,0.004436952527612448
9449,0.0036329827271401882
9450,0.00415846286341548
9451,0.0037053164560347795
9452,0.004236416891217232
9453,0.0033744191750884056
9454,0.003950939979404211
9455,0.0038207052275538445
9456,0.0035959738306701183
9457,0.004471960011869669
9458,0.004333258606493473
9459,0.0036434715148061514
9460,0.003928115591406822
9461,0.003925919532775879
9462,0.004289743956178427
9463,0.004133995622396469
9464,0.003865421051159501
9465,0.003963508643209934
9466,0.0039035400841385126
9467,0.00379942893050611
9468,0.00420641154050827
9469,0.0034011693205684423
9470,0.0035413058940321207
9471,0.004195830784738064
9472,0.004067985340952873
9473,0.004566327668726444
9474,0.003956853412091732
9475,0.004225735552608967
9476,0.0038196230307221413
9477,0.003935532178729773
9478,0.003941417671740055
9479,0.003748424118384719
9480,0.0037046230863779783
9481,0.00364471971988678
9482,0.004355763550847769
9483,0.003427910152822733
9484,0.004247664473950863
9485,0.0044325352646410465
9486,0.0043936846777796745
9487,0.003951456397771835
9488,0.0036917696706950665
9489,0.0040388815104961395
9490,0.004650728777050972
9491,0.0033918723929673433
9492,0.004088446963578463
9493,0.003647835226729512
9494,0.003387833945453167
9495,0.004118337295949459
9496,0.0036360789090394974
9497,0.004020828753709793
9498,0.004081550519913435
9499,0.0034397703129798174
9500,0.004592169541865587
9501,0.0038674355018883944
9502,0.004368218127638102
9503,0.0038983344566076994
9504,0.003499001730233431
9505,0.0042955041863024235
9506,0.003384591545909643
9507,0.0037606838159263134
9508,0.003687453456223011
9509,0.003925272263586521
9510,0.00477599585428834
9511,0.004030906595289707
9512,0.0039297896437346935
9513,0.0033107383642345667
9514,0.00411800155416131
9515,0.003982032649219036
9516,0.004248678218573332
9517,0.0034801922738552094
9518,0.003908238373696804
9519,0.0039374250918626785
9520,0.003741864813491702
9521,0.003964346367865801
9522,0.004343476612120867
9523,0.0038038636557757854
9524,0.003860866418108344
9525,0.004074295051395893
9526,0.004016589373350143
9527,0.004056268371641636
9528,0.004413783084601164
9529,0.0036929126363247633
9530,0.0038519303780049086
9531,0.004602829460054636
9532,0.003850427456200123
9533,0.004110376350581646
9534,0.00367823732085526
9535,0.0038756218273192644
9536,0.004395157098770142
9537,0.0036976623814553022
9538,0.004531120881438255
9539,0.00391186261549592
9540,0.004237132612615824
9541,0.0037072403356432915
9542,0.00405747490003705
9543,0.004126857500523329
9544,0.0039298986084759235
9545,0.003591063665226102
9546,0.004241958726197481
9547,0.0033073665108531713
9548,0.003737490624189377
9549,0.003570165019482374
9550,0.004364537075161934
9551,0.004586941096931696
9552,0.003409871831536293
9553,0.0043414002284407616
9554,0.003750984789803624
9555,0.003934797365218401
9556,0.0034308021422475576
9557,0.003954086918383837
9558,0.003857797710224986
9559,0.0034599476493895054
9560,0.003980689682066441
9561,0.003990229684859514
9562,0.003919617738574743
9563,0.003911416046321392
9564,0.004247901029884815
9565,0.0045178914442658424
9566,0.003467035945504904
9567,0.003941254690289497
9568,0.0039124274626374245
9569,0.004048807546496391
9570,0.004360871389508247
9571,0.004508391488343477
9572,0.003609779290854931
9573,0.004187828861176968
9574,0.0041091544553637505
9575,0.0036925263702869415
9576,0.004099234007298946
9577,0.003763735992833972
9578,0.004299412481486797
9579,0.003903620643541217
9580,0.004153139889240265
9581,0.004418839234858751
9582,0.00450311740860343
9583,0.00382542097941041
9584,0.004038030281662941
9585,0.004288021009415388
9586,0.0034161650110036135
9587,0.004775541368871927
9588,0.0034557986073195934
9589,0.004479113966226578
9590,0.0036460147239267826
9591,0.004708224441856146
9592,0.003338470822200179
9593,0.00396284693852067
9594,0.004319881089031696
9595,0.0035426742397248745
9596,0.004637681879103184
9597,0.004076348152011633
9598,0.004232421517372131
9599,0.0038633039221167564
9600,0.004293761681765318
9601,0.0038371188566088676
9602,0.003879261901602149
9603,0.003923698328435421
9604,0.0037927927915006876
9605,0.0038672268856316805
9606,0.0037435763515532017
9607,0.004067545756697655
9608,0.003605875186622143
9609,0.003948426805436611
9610,0.0035645621828734875
9611,0.003651260631158948
9612,0.003868839703500271
9613,0.004558163695037365
9614,0.004121691454201937
9615,0.0041112336330115795
9616,0.004052623640745878
9617,0.004224738106131554
9618,0.0038793154526501894
9619,0.003907731268554926
9620,0.0030142394825816154
9621,0.004045907873660326
9622,0.004344488028436899
9623,0.00367940217256546
9624,0.003941080532968044
9625,0.003948965109884739
9626,0.004122529644519091
9627,0.0038715354166924953
9628,0.003933625295758247
9629,0.004038522485643625
9630,0.00458940677344799
9631,0.004227857571095228
9632,0.004013394936919212
9633,0.004158074967563152
9634,0.0040586902759969234
9635,0.004029418807476759
9636,0.003341359319165349
9637,0.0037720538675785065
9638,0.0035445173271000385
9639,0.003616292029619217
9640,0.004507879260927439
9641,0.0037448338698595762
9642,0.0038830223493278027
9643,0.004090933594852686
9644,0.004458436276763678
9645,0.003450649557635188
9646,0.003908781800419092
9647,0.003950735554099083
9648,0.0032801299821585417
9649,0.004563461523503065
9650,0.0044844564981758595
9651,0.00340763246640563
9652,0.0041311657987535
9653,0.0036926069296896458
9654,0.004235327709466219
9655,0.003616349073126912
9656,0.0038748960942029953
9657,0.003485586028546095
9658,0.003966648131608963
9659,0.004247654695063829
9660,0.003793208161368966
9661,0.00453278049826622
9662,0.004090518224984407
9663,0.0044448357075452805
9664,0.004239093046635389
9665,0.003559463657438755
9666,0.003773685544729233
9667,0.0036466235760599375
9668,0.003783784108236432
9669,0.0038071845192462206
9670,0.00399036007001996
9671,0.004182377830147743
9672,0.004018195439130068
9673,0.004018106032162905
9674,0.0038344936911016703
9675,0.004239065106958151
9676,0.004484992474317551
9677,0.00441811652854085
9678,0.004188293591141701
9679,0.004405266605317593
9680,0.0041785710491240025
9681,0.003854044247418642
9682,0.003844661172479391
9683,0.0038878966588526964
9684,0.0034127358812838793
9685,0.003751772455871105
9686,0.004214359447360039
9687,0.003370892722159624
9688,0.003833628259599209
9689,0.004368427209556103
9690,0.004251349251717329
9691,0.0034008054062724113
9692,0.0034631220623850822
9693,0.00418214313685894
9694,0.0044376603327691555
9695,0.003619165625423193
9696,0.0037331650964915752
9697,0.003881851676851511
9698,0.004355349577963352
9699,0.003970297519117594
9700,0.003855158109217882
9701,0.004107974004000425
9702,0.0043113031424582005
9703,0.003717495361343026
9704,0.0036553209647536278
9705,0.00400146609172225
9706,0.004119955003261566
9707,0.003711821511387825
9708,0.003379375673830509
9709,0.004062497988343239
9710,0.0033484359737485647
9711,0.0038206512108445168
9712,0.004591631703078747
9713,0.004216213710606098
9714,0.004111402668058872
9715,0.004116325173527002
9716,0.0034969269763678312
9717,0.003988846205174923
9718,0.0036125020124018192
9719,0.003775492776185274
9720,0.003601657459512353
9721,0.003615314606577158
9722,0.003945806995034218
9723,0.003982183523476124
9724,0.003801523009315133
9725,0.00419972138479352
9726,0.0037432280369102955
9727,0.0031418337021023035
9728,0.004304345231503248
9729,0.0039021577686071396
9730,0.004091054666787386
9731,0.003726003924384713
9732,0.004238915164023638
9733,0.0039022068958729506
9734,0.004477378912270069
9735,0.004741273354738951
9736,0.0038523876573890448
9737,0.004200569353997707
9738,0.0042104716412723064
9739,0.004114069510251284
9740,0.004103395622223616
9741,0.0036000609397888184
9742,0.004471904598176479
9743,0.003808102337643504
9744,0.0034068531822413206
9745,0.0043201567605137825
9746,0.005280306562781334
9747,0.003924891352653503
9748,0.0041241031140089035
9749,0.004423388279974461
9750,0.004423377104103565
9751,0.00397608382627368
9752,0.004164961166679859
9753,0.004507529083639383
9754,0.004440261051058769
9755,0.004768604878336191
9756,0.004494923632591963
9757,0.0039261397905647755
9758,0.003921352792531252
9759,0.004323630593717098
9760,0.004156468436121941
9761,0.004000981338322163
9762,0.004234299063682556
9763,0.004322488326579332
9764,0.003677553264424205
9765,0.004028420429676771
9766,0.0035409461706876755
9767,0.005444504786282778
9768,0.00452969828620553
9769,0.003877535229548812
9770,0.0041327327489852905
9771,0.0037875804118812084
9772,0.0035240130964666605
9773,0.004212337080389261
9774,0.0040236483328044415
9775,0.003947252407670021
9776,0.0038313886616379023
9777,0.0035559029784053564
9778,0.00393319595605135
9779,0.00409275945276022
9780,0.00422176718711853
9781,0.004176397807896137
9782,0.004175897222012281
9783,0.0038170928601175547
9784,0.0038031120784580708
9785,0.0037346116732805967
9786,0.0030323972459882498
9787,0.003803458996117115
9788,0.0036238685715943575
9789,0.004314124118536711
9790,0.003629478858783841
9791,0.004027387127280235
9792,0.004174061585217714
9793,0.003947751130908728
9794,0.003653304185718298
9795,0.004054253920912743
9796,0.0034806453622877598
9797,0.0038969344459474087
9798,0.0038786407094448805
9799,0.004837859887629747
9800,0.004028500989079475
9801,0.004072132986038923
9802,0.003977471962571144
9803,0.0038849881384521723
9804,0.003670082427561283
9805,0.004564559552818537
9806,0.003760257735848427
9807,0.0042035263031721115
9808,0.003799165366217494
9809,0.0037039085291326046
9810,0.004866914823651314
9811,0.004301695618778467
9812,0.0035860040225088596
9813,0.0043981317430734634
9814,0.004540489986538887
9815,0.00403517484664917
9816,0.0038048147689551115
9817,0.005003557540476322
9818,0.004446112550795078
9819,0.004284387920051813
9820,0.004747236613184214
9821,0.004614074714481831
9822,0.0040523586794734
9823,0.0048386710695922375
9824,0.0038268319331109524
9825,0.004340886604040861
9826,0.004150031600147486
9827,0.0036709143314510584
9828,0.004273134749382734
9829,0.0040957690216600895
9830,0.0043176086619496346
9831,0.004286050796508789
9832,0.0041767326183617115
9833,0.004683738108724356
9834,0.004158984869718552
9835,0.004129135515540838
9836,0.004905807785689831
9837,0.004165571182966232
9838,0.004074417054653168
9839,0.0037956321612000465
9840,0.003686747280880809
9841,0.004566557239741087
9842,0.003907689359039068
9843,0.0035019363276660442
9844,0.0038666424807161093
9845,0.0038525769487023354
9846,0.0035986509174108505
9847,0.004096616059541702
9848,0.004346959292888641
9849,0.003582912730053067
9850,0.004205679055303335
9851,0.0038106280844658613
9852,0.0040942090563476086
9853,0.004489133134484291
9854,0.0033672861754894257
9855,0.004385076463222504
9856,0.003936232533305883
9857,0.004250039346516132
9858,0.0034189776051789522
9859,0.004114134702831507
9860,0.004341308958828449
9861,0.004148249048739672
9862,0.003970250487327576
9863,0.003713196376338601
9864,0.004164398182183504
9865,0.004300764761865139
9866,0.003930594306439161
9867,0.0037866521161049604
9868,0.0038490579463541508
9869,0.0041684722527861595
9870,0.003685634583234787
9871,0.0036941536236554384
9872,0.004434952512383461
9873,0.004237552639096975
9874,0.0035758723970502615
9875,0.0046274554915726185
9876,0.00423554889857769
9877,0.0046076299622654915
9878,0.004095850046724081
9879,0.003836606629192829
9880,0.0037926360964775085
9881,0.0038806896191090345
9882,0.004029626026749611
9883,0.004005268216133118
9884,0.004149443004280329
9885,0.004116690251976252
9886,0.00423166248947382
9887,0.003957025241106749
9888,0.004264963325113058
9889,0.003990210592746735
9890,0.005224513355642557
9891,0.004398201126605272
9892,0.0036975485272705555
9893,0.004469746258109808
9894,0.004331781063228846
9895,0.004072962794452906
9896,0.00439415592700243
9897,0.004726555664092302
9898,0.004270151723176241
9899,0.004480463918298483
9900,0.003933859523385763
9901,0.0041567361913621426
9902,0.004679486621171236
9903,0.003976624459028244
9904,0.0038151645567268133
9905,0.0038412008434534073
9906,0.003784226719290018
9907,0.004096162971109152
9908,0.004428926855325699
9909,0.004802327137440443
9910,0.004002945963293314
9911,0.0038883513770997524
9912,0.003937718458473682
9913,0.004322391003370285
9914,0.003569525433704257
9915,0.003784873988479376
9916,0.004318320658057928
9917,0.0038603474386036396
9918,0.004933989141136408
9919,0.0035938178189098835
9920,0.0038723680190742016
9921,0.00380669510923326
9922,0.004233967047184706
9923,0.004184885881841183
9924,0.0033316349145025015
9925,0.003809642745181918
9926,0.004166928119957447
9927,0.0038287905044853687
9928,0.003610019339248538
9929,0.003759157145395875
9930,0.004153785295784473
9931,0.0036670721601694822
9932,0.004670138005167246
9933,0.003920804709196091
9934,0.003982727415859699
9935,0.004502116236835718
9936,0.00418060040101409
9937,0.005095965228974819
9938,0.0050111436285078526
9939,0.003765040310099721
9940,0.004634904209524393
9941,0.003947060089558363
9942,0.004834927152842283
9943,0.004006279166787863
9944,0.003530490444973111
9945,0.0046355705708265305
9946,0.004068224225193262
9947,0.004647611640393734
9948,0.0037057120352983475
9949,0.00431812135502696
9950,0.0044525060802698135
9951,0.004526794422417879
9952,0.004129600711166859
9953,0.0038599311374127865
9954,0.004982211161404848
9955,0.004054825287312269
9956,0.00416942173615098
9957,0.0038432644214481115
9958,0.003714669495820999
9959,0.0038635535165667534
9960,0.004653201904147863
9961,0.004598515573889017
9962,0.0037247028667479753
9963,0.004233177285641432
9964,0.003709560725837946
9965,0.0037142804358154535
9966,0.004100412130355835
9967,0.004049099050462246
9968,0.004918667487800121
9969,0.0044718519784510136
9970,0.004365671891719103
9971,0.0041079153306782246
9972,0.0036857069935649633
9973,0.0042936368845403194
9974,0.003814937314018607
9975,0.005042672157287598
9976,0.003898040624335408
9977,0.004320582840591669
9978,0.004803780931979418
9979,0.0046915230341255665
9980,0.004067134112119675
9981,0.0038772078696638346
9982,0.003955324180424213
9983,0.0036197518929839134
9984,0.004351942799985409
9985,0.004561723675578833
9986,0.004488334991037846
9987,0.0032873835880309343
9988,0.0037688887678086758
9989,0.00402993056923151
9990,0.004089140333235264
9991,0.004494599532335997
9992,0.00406875554472208
9993,0.0050723315216600895
9994,0.004499977920204401
9995,0.0035168491303920746
9996,0.004508502781391144
9997,0.004317984450608492
9998,0.003525682957842946
9999,0.0037417435087263584
10000,0.0042121922597289085
10001,0.0047960965894162655
10002,0.0037118890322744846
10003,0.00392067339271307
10004,0.003923783078789711
10005,0.004774622619152069
10006,0.0038936948403716087
10007,0.004414526745676994
10008,0.003693552687764168
10009,0.004475443623960018
10010,0.004635489080101252
10011,0.0035712283570319414
10012,0.004317770712077618
10013,0.0047209602780640125
10014,0.004279394168406725
10015,0.0040662470273673534
10016,0.004324991721659899
10017,0.003922477830201387
10018,0.003549969755113125
10019,0.0046882908791303635
10020,0.00474960682913661
10021,0.0039023777935653925
10022,0.004021532833576202
10023,0.004182996228337288
10024,0.0037013250403106213
10025,0.004088598769158125
10026,0.004916375502943993
10027,0.0039802067913115025
10028,0.004966048989444971
10029,0.0043317158706486225
10030,0.004133422393351793
10031,0.004611768294125795
10032,0.004638903774321079
10033,0.00455055944621563
10034,0.004390586633235216
10035,0.004181304480880499
10036,0.004165686201304197
10037,0.004184251185506582
10038,0.0038676434196531773
10039,0.0036931715440005064
10040,0.0042434073984622955
10041,0.004649093374609947
10042,0.004331714473664761
10043,0.004253329709172249
10044,0.004559236112982035
10045,0.0043615601025521755
10046,0.004619904328137636
10047,0.003945703152567148
10048,0.0039161392487585545
10049,0.004094797186553478
10050,0.0034170078579336405
10051,0.004333358258008957
10052,0.0038049318827688694
10053,0.004530414007604122
10054,0.0040688649751245975
10055,0.004216185305267572
10056,0.00413560401648283
10057,0.004286226350814104
10058,0.0038709098007529974
10059,0.004103854764252901
10060,0.005191817879676819
10061,0.003988955169916153
10062,0.004113269038498402
10063,0.0043443720787763596
10064,0.003990023862570524
10065,0.004001341760158539
10066,0.0035862799268215895
10067,0.003911870066076517
10068,0.004327327944338322
10069,0.0037735470104962587
10070,0.0040679494850337505
10071,0.003541048616170883
10072,0.0038726679049432278
10073,0.0038098434451967478
10074,0.003961246460676193
10075,0.004258601926267147
10076,0.00444412836804986
10077,0.0041618370451033115
10078,0.0039660632610321045
10079,0.004489687271416187
10080,0.003566753352060914
10081,0.003393381368368864
10082,0.004254510626196861
10083,0.0035201548598706722
10084,0.004040001891553402
10085,0.003953722305595875
10086,0.0039436593651771545
10087,0.0048491815105080605
10088,0.004876464139670134
10089,0.003573780180886388
10090,0.003886644961312413
10091,0.004317386541515589
10092,0.0046292259357869625
10093,0.0039053913205862045
10094,0.004234247840940952
10095,0.003941206261515617
10096,0.004926498048007488
10097,0.004284424241632223
10098,0.003959710244089365
10099,0.00399762112647295
10100,0.003966764081269503
10101,0.00526404520496726
10102,0.0038696678820997477
10103,0.004254782106727362
10104,0.0034113863948732615
10105,0.003889058716595173
10106,0.0043571884743869305
10107,0.004092067945748568
10108,0.004297554958611727
10109,0.004599143285304308
10110,0.004505613818764687
10111,0.004845855757594109
10112,0.00351346074603498
10113,0.0039184908382594585
10114,0.003802134655416012
10115,0.004852450918406248
10116,0.004528624005615711
10117,0.0038406504318118095
10118,0.00421338202431798
10119,0.004974043928086758
10120,0.0039429254829883575
10121,0.004161084070801735
10122,0.0041401260532438755
10123,0.004201896488666534
10124,0.004363657906651497
10125,0.004593269899487495
10126,0.004475716035813093
10127,0.004315434023737907
10128,0.004390552174299955
10129,0.0034381404984742403
10130,0.0038584161084145308
10131,0.004296980798244476
10132,0.004140682052820921
10133,0.004380406811833382
10134,0.004344542045146227
10135,0.0047652036882936954
10136,0.0037731442134827375
10137,0.003763860557228327
10138,0.00395214045420289
10139,0.00429254025220871
10140,0.004336652345955372
10141,0.004695740062743425
10142,0.004870844539254904
10143,0.004167021717876196
10144,0.004062007647007704
10145,0.0039000152610242367
10146,0.004567550495266914
10147,0.0038323672488331795
10148,0.00417883787304163
10149,0.0036980733275413513
10150,0.004924345761537552
10151,0.0036158079747110605
10152,0.004059830214828253
10153,0.0040443227626383305
10154,0.003996960818767548
10155,0.004789114464074373
10156,0.004433805588632822
10157,0.004292765632271767
10158,0.004566896241158247
10159,0.0044179074466228485
10160,0.004404268693178892
10161,0.004703015089035034
10162,0.004088324494659901
10163,0.004067870322614908
10164,0.004065806046128273
10165,0.004720788449048996
10166,0.004339675884693861
10167,0.004357521887868643
10168,0.004126414656639099
10169,0.004210181999951601
10170,0.004655187949538231
10171,0.004058384336531162
10172,0.004776501562446356
10173,0.004746926017105579
10174,0.004277173429727554
10175,0.005084502510726452
10176,0.004346645437180996
10177,0.0038741198368370533
10178,0.004780157934874296
10179,0.0037260912358760834
10180,0.004572238773107529
10181,0.00390558666549623
10182,0.004001165274530649
10183,0.004582109395414591
10184,0.0031988578848540783
10185,0.0042490665800869465
10186,0.005342156160622835
10187,0.004300591070204973
10188,0.005158422514796257
10189,0.004189701285213232
10190,0.003957845736294985
10191,0.004245168995112181
10192,0.004401705227792263
10193,0.004490898922085762
10194,0.004873399157077074
10195,0.004785254132002592
10196,0.0051008667796850204
10197,0.004389162641018629
10198,0.0041548279114067554
10199,0.004052561707794666
10200,0.004257308319211006
10201,0.0043903253972530365
10202,0.004900542087852955
10203,0.004755874630063772
10204,0.003777507459744811
10205,0.0039694965817034245
10206,0.004655010998249054
10207,0.004100872203707695
10208,0.003974828869104385
10209,0.0048776669427752495
10210,0.004634152166545391
10211,0.0041787466034293175
10212,0.003764189314097166
10213,0.004246511030942202
10214,0.004092182032763958
10215,0.0046789082698524
10216,0.004386135842651129
10217,0.004052039701491594
10218,0.004528263583779335
10219,0.004220061469823122
10220,0.004037362057715654
10221,0.00416148966178298
10222,0.004313148558139801
10223,0.004488954320549965
10224,0.004549759905785322
10225,0.0047514415346086025
10226,0.004329315386712551
10227,0.004460530821233988
10228,0.0043174647726118565
10229,0.004672424402087927
10230,0.0044056992046535015
10231,0.004013616591691971
10232,0.0044820308685302734
10233,0.0047338600270450115
10234,0.004483414813876152
10235,0.004610125906765461
10236,0.003927794750779867
10237,0.0038831408601254225
10238,0.003870492335408926
10239,0.004409703891724348
10240,0.004646936897188425
10241,0.004594043362885714
10242,0.004090362228453159
10243,0.004459770862013102
10244,0.00456633185967803
10245,0.0047843982465565205
10246,0.004583220463246107
10247,0.004681965336203575
10248,0.00435597775503993
10249,0.0042120302096009254
10250,0.004695816896855831
10251,0.004283108748495579
10252,0.004758283495903015
10253,0.004539363086223602
10254,0.004519469104707241
10255,0.003864724189043045
10256,0.004810221493244171
10257,0.003550751367583871
10258,0.0043358393013477325
10259,0.004212331026792526
10260,0.004335171543061733
10261,0.004490429535508156
10262,0.004197084344923496
10263,0.004608361050486565
10264,0.004558897111564875
10265,0.0038988387677818537
10266,0.004379730671644211
10267,0.0050092944875359535
10268,0.004196922294795513
10269,0.003973163664340973
10270,0.003739275736734271
10271,0.004170529544353485
10272,0.004124878440052271
10273,0.00430601742118597
10274,0.00480258371680975
10275,0.004353599157184362
10276,0.00436484394595027
10277,0.004595491569489241
10278,0.004392459988594055
10279,0.0039703999646008015
10280,0.0036238692700862885
10281,0.004401962738484144
10282,0.004419082775712013
10283,0.003904275130480528
10284,0.0049933744594454765
10285,0.004096231888979673
10286,0.004533172119408846
10287,0.005124710965901613
10288,0.004066816531121731
10289,0.004580362234264612
10290,0.004360669292509556
10291,0.003925570286810398
10292,0.00399556290358305
10293,0.004512703977525234
10294,0.004376495722681284
10295,0.004203993361443281
10296,0.004208963364362717
10297,0.004636258352547884
10298,0.004059354774653912
10299,0.004587182775139809
10300,0.004357774276286364
10301,0.0048919967375695705
10302,0.004227080848067999
10303,0.004197700880467892
10304,0.003958764020353556
10305,0.003593818750232458
10306,0.00467661814764142
10307,0.004993146285414696
10308,0.004241746384650469
10309,0.0041145263239741325
10310,0.004688783548772335
10311,0.004456833936274052
10312,0.004796146880835295
10313,0.004466760903596878
10314,0.00450065266340971
10315,0.00362836429849267
10316,0.0045144096948206425
10317,0.004486585967242718
10318,0.004811346530914307
10319,0.004773867316544056
10320,0.0041395737789571285
10321,0.0037173947785049677
10322,0.005179522559046745
10323,0.004897733684629202
10324,0.0045301723293960094
10325,0.004337224643677473
10326,0.004427746869623661
10327,0.004979755263775587
10328,0.005223891232162714
10329,0.004200565628707409
10330,0.004376560915261507
10331,0.004490190651267767
10332,0.004355323035269976
10333,0.004684938583523035
10334,0.004688622895628214
10335,0.0048538693226873875
10336,0.004068102687597275
10337,0.0048060426488518715
10338,0.004734802525490522
10339,0.004317530896514654
10340,0.004596008453518152
10341,0.00474775955080986
10342,0.004740199074149132
10343,0.004885735921561718
10344,0.004628405440598726
10345,0.005030893255025148
10346,0.004814103711396456
10347,0.005116255953907967
10348,0.004920434672385454
10349,0.004753961227834225
10350,0.004144929349422455
10351,0.004979327786713839
10352,0.004048970062285662
10353,0.0048290397971868515
10354,0.004668972454965115
10355,0.004665960557758808
10356,0.004344211425632238
10357,0.003881066106259823
10358,0.0043106684461236
10359,0.004318448714911938
10360,0.004615845158696175
10361,0.005080528557300568
10362,0.0043241060338914394
10363,0.004316661972552538
10364,0.006439181976020336
10365,0.003698731539770961
10366,0.004918605554848909
10367,0.004729934502393007
10368,0.004350460134446621
10369,0.004134936723858118
10370,0.004350305534899235
10371,0.0037224162369966507
10372,0.004494399763643742
10373,0.004605628550052643
10374,0.004269398748874664
10375,0.004802391864359379
10376,0.004512470681220293
10377,0.00461559696123004
10378,0.004943626932799816
10379,0.004485776647925377
10380,0.004963680170476437
10381,0.004740594420582056
10382,0.004675856325775385
10383,0.004949778784066439
10384,0.004185688681900501
10385,0.004148691426962614
10386,0.004595429170876741
10387,0.0043967105448246
10388,0.004554027691483498
10389,0.004332787357270718
10390,0.004519833717495203
10391,0.003947928082197905
10392,0.00496233906596899
10393,0.00359805254265666
10394,0.004306914750486612
10395,0.00458945706486702
10396,0.005138321314007044
10397,0.0045672208070755005
10398,0.004663087893277407
10399,0.004649295937269926
10400,0.0045457808300852776
10401,0.004902996122837067
10402,0.004485318437218666
10403,0.004628368187695742
10404,0.004957756493240595
10405,0.004167304374277592
10406,0.004409430548548698
10407,0.004461684729903936
10408,0.004305655602365732
10409,0.0047081890515983105
10410,0.004382837563753128
10411,0.003920832648873329
10412,0.004658670164644718
10413,0.004539326764643192
10414,0.0047394512221217155
10415,0.004834041465073824
10416,0.004468701779842377
10417,0.003945955540984869
10418,0.004685668274760246
10419,0.0039508589543402195
10420,0.004047508351504803
10421,0.004494812805205584
10422,0.00438124593347311
10423,0.0052939183078706264
10424,0.004572623409330845
10425,0.0042285737581551075
10426,0.004002439323812723
10427,0.004967347718775272
10428,0.005315795075148344
10429,0.0046032387763261795
10430,0.005015747621655464
10431,0.0046729231253266335
10432,0.004550186917185783
10433,0.004415721166878939
10434,0.004734913818538189
10435,0.004744572564959526
10436,0.004616999998688698
10437,0.004257304593920708
10438,0.004064775072038174
10439,0.004804841708391905
10440,0.005196001380681992
10441,0.004176603630185127
10442,0.004887155257165432
10443,0.005097402725368738
10444,0.003988189622759819
10445,0.004754804540425539
10446,0.004771448206156492
10447,0.004176408518105745
10448,0.004834122024476528
10449,0.004715281073004007
10450,0.0039168610237538815
10451,0.004680597223341465
10452,0.0038295798003673553
10453,0.004072878044098616
10454,0.004341084975749254
10455,0.004950387869030237
10456,0.0042564235627651215
10457,0.00420558312907815
10458,0.00513117853552103
10459,0.004201781004667282
10460,0.004648385103791952
10461,0.0050941514782607555
10462,0.004371040500700474
10463,0.00459118839353323
10464,0.004339937120676041
10465,0.004746987018734217
10466,0.004903994034975767
10467,0.004038952756673098
10468,0.004334173630923033
10469,0.004347431939095259
10470,0.004178647417575121
10471,0.004130047280341387
10472,0.0046551586128771305
10473,0.004387144464999437
10474,0.005004224833101034
10475,0.0044801607728004456
10476,0.004188669379800558
10477,0.004526551812887192
10478,0.0041736639104783535
10479,0.0046720001846551895
10480,0.004128315951675177
10481,0.004885780159384012
10482,0.004577131476253271
10483,0.004900447092950344
10484,0.0046951742842793465
10485,0.00492542888969183
10486,0.005139599554240704
10487,0.004272107500582933
10488,0.004755374044179916
10489,0.0048710983246564865
10490,0.004004667513072491
10491,0.004666476510465145
10492,0.00451761344447732
10493,0.004151203669607639
10494,0.004041933920234442
10495,0.004122800659388304
10496,0.004104417748749256
10497,0.005083527881652117
10498,0.003843871410936117
10499,0.004169099032878876
10500,0.004499335307627916
10501,0.004216188099235296
10502,0.0045662689954042435
10503,0.00400238111615181
10504,0.0050674621015787125
10505,0.0044767968356609344
10506,0.0046125431545078754
10507,0.004560467787086964
10508,0.004531470593065023
10509,0.00417709955945611
10510,0.004006588365882635
10511,0.004544482100754976
10512,0.004665214102715254
10513,0.004500069189816713
10514,0.004656524863094091
10515,0.004911929834634066
10516,0.004176455084234476
10517,0.005170564167201519
10518,0.0044226632453501225
10519,0.004391418304294348
10520,0.004539097659289837
10521,0.004147349391132593
10522,0.004331144969910383
10523,0.004714794456958771
10524,0.004533824510872364
10525,0.0050355722196400166
10526,0.004588029813021421
10527,0.003898502793163061
10528,0.0044979010708630085
10529,0.004713340196758509
10530,0.004637350328266621
10531,0.0045167687349021435
10532,0.004375575575977564
10533,0.004662602674216032
10534,0.004278020933270454
10535,0.00492590619251132
10536,0.004609581548720598
10537,0.004921883810311556
10538,0.005371421575546265
10539,0.0053298454731702805
10540,0.005304337479174137
10541,0.004863628651946783
10542,0.005086383316665888
10543,0.004523907788097858
10544,0.004497759975492954
10545,0.004606540780514479
10546,0.003995630890130997
10547,0.004698322154581547
10548,0.004208352416753769
10549,0.004664302337914705
10550,0.005255761556327343
10551,0.0042868671007454395
10552,0.004381925333291292
10553,0.0037887555081397295
10554,0.004574413876980543
10555,0.005001137964427471
10556,0.005306585691869259
10557,0.004363833926618099
10558,0.00469420850276947
10559,0.003987280186265707
10560,0.0043452829122543335
10561,0.004748577252030373
10562,0.005071866791695356
10563,0.005126490257680416
10564,0.004703679587692022
10565,0.004221676848828793
10566,0.004484182223677635
10567,0.004718086216598749
10568,0.004261117894202471
10569,0.003918821457773447
10570,0.005047152750194073
10571,0.003969700541347265
10572,0.00511615676805377
10573,0.004919128492474556
10574,0.004481899552047253
10575,0.0049283853732049465
10576,0.00542899826541543
10577,0.004182480275630951
10578,0.004350817762315273
10579,0.004171077627688646
10580,0.004875339101999998
10581,0.004327579867094755
10582,0.0045704017393291
10583,0.003999747335910797
10584,0.004809625446796417
10585,0.00470456900075078
10586,0.0050100237131118774
10587,0.0052882106974720955
10588,0.004639164078980684
10589,0.004819625522941351
10590,0.004727987572550774
10591,0.0049952189438045025
10592,0.004960609599947929
10593,0.0042673335410654545
10594,0.004388007335364819
10595,0.0043913633562624454
10596,0.004275698680430651
10597,0.004819243215024471
10598,0.004560372792184353
10599,0.004343500826507807
10600,0.004495435394346714
10601,0.004839163739234209
10602,0.004176701419055462
10603,0.003960203845053911
10604,0.004719591233879328
10605,0.003915585111826658
10606,0.004731531720608473
10607,0.005179146304726601
10608,0.005209637340158224
10609,0.004237841349095106
10610,0.004032208118587732
10611,0.00443078251555562
10612,0.0047618006356060505
10613,0.0049642291851341724
10614,0.004330197814851999
10615,0.00494333216920495
10616,0.004580732434988022
10617,0.00568004883825779
10618,0.004826106131076813
10619,0.004849507473409176
10620,0.00471062446013093
10621,0.004358563106507063
10622,0.004567122086882591
10623,0.005495854187756777
10624,0.004809130914509296
10625,0.005616626236587763
10626,0.004449259024113417
10627,0.004395852796733379
10628,0.0041920519433915615
10629,0.004217091947793961
10630,0.005106399301439524
10631,0.0043376837857067585
10632,0.00451479060575366
10633,0.004234090447425842
10634,0.004660928156226873
10635,0.004648906644433737
10636,0.004574202932417393
10637,0.004433678463101387
10638,0.004399261437356472
10639,0.0049065472558140755
10640,0.004667012486606836
10641,0.004267194774001837
10642,0.005314473528414965
10643,0.0043576983734965324
10644,0.004249209072440863
10645,0.004997957032173872
10646,0.004400684032589197
10647,0.005564877297729254
10648,0.004341491498053074
10649,0.004573841579258442
10650,0.004242510534822941
10651,0.004858779720962048
10652,0.004113893490284681
10653,0.0050694579258561134
10654,0.004337127786129713
10655,0.004221618641167879
10656,0.005081807728856802
10657,0.005294247064739466
10658,0.00428522564470768
10659,0.005431178957223892
10660,0.004355341661721468
10661,0.004693677183240652
10662,0.005394258536398411
10663,0.005157217849045992
10664,0.004736257717013359
10665,0.004152282606810331
10666,0.004617963917553425
10667,0.0046536847949028015
10668,0.004452764987945557
10669,0.0052126613445580006
10670,0.005293913185596466
10671,0.0037845971528440714
10672,0.004267327953130007
10673,0.005182445514947176
10674,0.004587291274219751
10675,0.004689603578299284
10676,0.004140818025916815
10677,0.004734901711344719
10678,0.004475700203329325
10679,0.005192621611058712
10680,0.0054597388952970505
10681,0.004388153553009033
10682,0.004436182323843241
10683,0.005372419022023678
10684,0.004758215509355068
10685,0.004375316668301821
10686,0.0050081596709787846
10687,0.005071314983069897
10688,0.005230075214058161
10689,0.0047021545469760895
10690,0.0050465925596654415
10691,0.004190349020063877
10692,0.003978204447776079
10693,0.0053345998749136925
10694,0.004553570877760649
10695,0.004565741401165724
10696,0.004726036451756954
10697,0.005347553174942732
10698,0.004255413543432951
10699,0.0042885285802185535
10700,0.004615116398781538
10701,0.0062803239561617374
10702,0.004895361140370369
10703,0.005092508625239134
10704,0.00497693195939064
10705,0.004635497462004423
10706,0.004900156985968351
10707,0.004858461208641529
10708,0.004939158912748098
10709,0.004897954873740673
10710,0.005070411134511232
10711,0.005223202519118786
10712,0.004970265086740255
10713,0.003968819510191679
10714,0.004243674222379923
10715,0.004737088922411203
10716,0.0048212930560112
10717,0.004305857699364424
10718,0.005403913091868162
10719,0.004005728755146265
10720,0.0042368522845208645
10721,0.004367315210402012
10722,0.005029567051678896
10723,0.0048966119065880775
10724,0.004882930312305689
10725,0.005169705022126436
10726,0.00554234953597188
10727,0.004498712718486786
10728,0.0051017990335822105
10729,0.005358206108212471
10730,0.004601310007274151
10731,0.005520169623196125
10732,0.004868871998041868
10733,0.004908124450594187
10734,0.004947854671627283
10735,0.004607843235135078
10736,0.004729696083813906
10737,0.004310098011046648
10738,0.004879078362137079
10739,0.005603492259979248
10740,0.005211181007325649
10741,0.00579086085781455
10742,0.004351112525910139
10743,0.005513428244739771
10744,0.004196872003376484
10745,0.003568265587091446
10746,0.004790049511939287
10747,0.004411912988871336
10748,0.0042276931926608086
10749,0.005036608316004276
10750,0.005279732868075371
10751,0.00427950918674469
10752,0.0048115868121385574
10753,0.00407108711078763
10754,0.004733087494969368
10755,0.00445105554535985
10756,0.004454000853002071
10757,0.004235489759594202
10758,0.004480844363570213
10759,0.004239139147102833
10760,0.005421275272965431
10761,0.005399793386459351
10762,0.004877658095210791
10763,0.004704969935119152
10764,0.0051939841359853745
10765,0.004664239473640919
10766,0.004564306233078241
10767,0.004422636702656746
10768,0.004996252246201038
10769,0.005238040816038847
10770,0.004546997603029013
10771,0.004658881109207869
10772,0.004034239798784256
10773,0.004263896029442549
10774,0.004284052178263664
10775,0.0051507530733942986
10776,0.004339749924838543
10777,0.004811687394976616
10778,0.005141168367117643
10779,0.004159792326390743
10780,0.004825334530323744
10781,0.005437065847218037
10782,0.004749688319861889
10783,0.0055212643928825855
10784,0.0038348098751157522
10785,0.005131999496370554
10786,0.00462912255898118
10787,0.004584536887705326
10788,0.004929578863084316
10789,0.005093379411846399
10790,0.004652975592762232
10791,0.004916374571621418
10792,0.004922115709632635
10793,0.005274815484881401
10794,0.005129159428179264
10795,0.004944175947457552
10796,0.004842415452003479
10797,0.004460223484784365
10798,0.005251559428870678
10799,0.004961017984896898
10800,0.004597569815814495
10801,0.004976298194378614
10802,0.005201258230954409
10803,0.003985080402344465
10804,0.005081600975245237
10805,0.004707524552941322
10806,0.0043316371738910675
10807,0.006027212832123041
10808,0.004576877225190401
10809,0.005435303784906864
10810,0.004997169598937035
10811,0.004891050513833761
10812,0.0052190120331943035
10813,0.005160439293831587
10814,0.004022511187940836
10815,0.004498072899878025
10816,0.004638385958969593
10817,0.0053080166690051556
10818,0.004763392731547356
10819,0.0049924785271286964
10820,0.005713826511055231
10821,0.004314782097935677
10822,0.005518964026123285
10823,0.00468860100954771
10824,0.005052573513239622
10825,0.0044579519890248775
10826,0.0055054971016943455
10827,0.005256407894194126
10828,0.004897596314549446
10829,0.004147643689066172
10830,0.004579573404043913
10831,0.004737248178571463
10832,0.004171367269009352
10833,0.004621405154466629
10834,0.004671189002692699
10835,0.0046323989517986774
10836,0.00432360777631402
10837,0.0047561428509652615
10838,0.00466185761615634
10839,0.005053841974586248
10840,0.004842383321374655
10841,0.0048281168565154076
10842,0.006265308242291212
10843,0.004774684086441994
10844,0.0051408796571195126
10845,0.005165788810700178
10846,0.004349694587290287
10847,0.00575288524851203
10848,0.004630988463759422
10849,0.005428141448646784
10850,0.005178636871278286
10851,0.004798217676579952
10852,0.005561045370995998
10853,0.004736540839076042
10854,0.005057013593614101
10855,0.005982899107038975
10856,0.004675998352468014
10857,0.0048338547348976135
10858,0.005260886624455452
10859,0.0053842863999307156
10860,0.004548052791506052
10861,0.004731249529868364
10862,0.004600109998136759
10863,0.004873011726886034
10864,0.004628304857760668
10865,0.004594751633703709
10866,0.004709417931735516
10867,0.004818796180188656
10868,0.005471041891723871
10869,0.004550440702587366
10870,0.0042394413612782955
10871,0.005360517650842667
10872,0.005323998164385557
10873,0.005254577845335007
10874,0.0046221367083489895
10875,0.0054083517752587795
10876,0.005173336248844862
10877,0.004679254721850157
10878,0.004585728514939547
10879,0.0049566905945539474
10880,0.004721806384623051
10881,0.00479881651699543
10882,0.004409714136272669
10883,0.005275314673781395
10884,0.005510685499757528
10885,0.0041267527267336845
10886,0.005926507990807295
10887,0.005093765445053577
10888,0.0046445406042039394
10889,0.004916660953313112
10890,0.004997141193598509
10891,0.004673384595662355
10892,0.005154040176421404
10893,0.0052260709926486015
10894,0.004497398156672716
10895,0.0044669159688055515
10896,0.005063600372523069
10897,0.0051322937943041325
10898,0.005280917510390282
10899,0.004727355670183897
10900,0.005573776084929705
10901,0.0047685448080301285
10902,0.004364316817373037
10903,0.0046195401810109615
10904,0.005158762913197279
10905,0.004669959656894207
10906,0.004300892353057861
10907,0.004880658350884914
10908,0.005140766967087984
10909,0.004777023568749428
10910,0.003976496402174234
10911,0.004958886653184891
10912,0.005466765724122524
10913,0.004761606454849243
10914,0.00523073086515069
10915,0.004672369919717312
10916,0.004045116249471903
10917,0.005125996191054583
10918,0.005182874388992786
10919,0.004355904180556536
10920,0.0043984996154904366
10921,0.004469589330255985
10922,0.004923294764012098
10923,0.004923274740576744
10924,0.0052804104052484035
10925,0.004905416630208492
10926,0.005011480767279863
10927,0.005687226541340351
10928,0.005225527100265026
10929,0.004927042406052351
10930,0.00427238130941987
10931,0.004694668110460043
10932,0.0058990418910980225
10933,0.005437774583697319
10934,0.005527680739760399
10935,0.004429012071341276
10936,0.006112880073487759
10937,0.005213642027229071
10938,0.004872901830822229
10939,0.00569413136690855
10940,0.004984148312360048
10941,0.005192373879253864
10942,0.005184255074709654
10943,0.004687546752393246
10944,0.005539641249924898
10945,0.004433784633874893
10946,0.004845239222049713
10947,0.00516420928761363
10948,0.005529902875423431
10949,0.00461654644459486
10950,0.003997112158685923
10951,0.005403642076998949
10952,0.004381292033940554
10953,0.00529559375718236
10954,0.004644367378205061
10955,0.004813972394913435
10956,0.004285003058612347
10957,0.005080827511847019
10958,0.0045366184785962105
10959,0.005381690803915262
10960,0.004939731676131487
10961,0.005428970791399479
10962,0.0049415347166359425
10963,0.004808187950402498
10964,0.004545893985778093
10965,0.004673739429563284
10966,0.004819217137992382
10967,0.004743977915495634
10968,0.0050436328165233135
10969,0.004551354795694351
10970,0.004888826049864292
10971,0.004865033086389303
10972,0.005522409453988075
10973,0.005148039665073156
10974,0.004533100873231888
10975,0.005074073560535908
10976,0.004986378364264965
10977,0.004199529532343149
10978,0.0046070646494627
10979,0.005162700545042753
10980,0.004523477982729673
10981,0.005540957674384117
10982,0.006114248652011156
10983,0.00543992780148983
10984,0.005549481604248285
10985,0.00514961127191782
10986,0.005182746797800064
10987,0.0056915986351668835
10988,0.004973168484866619
10989,0.005393542814999819
10990,0.006227479781955481
10991,0.004566310904920101
10992,0.004593290854245424
10993,0.0053757717832922935
10994,0.006191305350512266
10995,0.003668325487524271
10996,0.004348069429397583
10997,0.005373305641114712
10998,0.00563104497268796
10999,0.0050055235624313354
11000,0.00451215635985136
11001,0.005768232513219118
11002,0.004373729694634676
11003,0.005136395804584026
11004,0.005081583745777607
11005,0.004820242058485746
11006,0.005264597479254007
11007,0.005346616730093956
11008,0.005452461540699005
11009,0.005276723299175501
11010,0.005897287279367447
11011,0.005785111337900162
11012,0.0054120528511703014
11013,0.004326626192778349
11014,0.005447936709970236
11015,0.004791260231286287
11016,0.004954433534294367
11017,0.005309555679559708
11018,0.00619924534112215
11019,0.0043187267147004604
11020,0.004615742713212967
11021,0.0050330692902207375
11022,0.003966332413256168
11023,0.005356119479984045
11024,0.00648550596088171
11025,0.004880783148109913
11026,0.0049569993279874325
11027,0.0053375596180558205
11028,0.006445559207350016
11029,0.005165239796042442
11030,0.005439752247184515
11031,0.0051084705628454685
11032,0.004411623347550631
11033,0.005163919646292925
11034,0.004527094773948193
11035,0.005002395715564489
11036,0.005426603835076094
11037,0.004293147940188646
11038,0.0056426674127578735
11039,0.005252417176961899
11040,0.0054230899550020695
11041,0.0047714305110275745
11042,0.004048994742333889
11043,0.005064340773969889
11044,0.00517618702724576
11045,0.004807083867490292
11046,0.005682528018951416
11047,0.005051302723586559
11048,0.005410202778875828
11049,0.0048901475965976715
11050,0.005031174048781395
11051,0.005448854062706232
11052,0.005578787997364998
11053,0.005888110026717186
11054,0.0047711534425616264
11055,0.004827010910958052
11056,0.005068271420896053
11057,0.004225133918225765
11058,0.004874149803072214
11059,0.004852461628615856
11060,0.005642586387693882
11061,0.005330434534698725
11062,0.005367581732571125
11063,0.0063474285416305065
11064,0.005618616007268429
11065,0.005703499540686607
11066,0.005460399203002453
11067,0.004602777771651745
11068,0.00511045241728425
11069,0.005117502994835377
11070,0.004449494183063507
11071,0.004901195876300335
11072,0.00501979747787118
11073,0.005316881462931633
11074,0.005557030439376831
11075,0.005116492509841919
11076,0.004946643486618996
11077,0.0053654019720852375
11078,0.005383502226322889
11079,0.005476463120430708
11080,0.005231094546616077
11081,0.004682412836700678
11082,0.004488963633775711
11083,0.005706801079213619
11084,0.0055482396855950356
11085,0.004756499547511339
11086,0.005358035676181316
11087,0.005403850693255663
11088,0.004720098804682493
11089,0.005218338221311569
11090,0.005431675352156162
11091,0.00552845373749733
11092,0.0049567692913115025
11093,0.005544512066990137
11094,0.004859512206166983
11095,0.00478301290422678
11096,0.004636694211512804
11097,0.005512948613613844
11098,0.004844948649406433
11099,0.00542234443128109
11100,0.004875731188803911
11101,0.005246596876531839
11102,0.005833276081830263
11103,0.005309191532433033
11104,0.004254039842635393
11105,0.0048152427189052105
11106,0.005063870456069708
11107,0.006005844566971064
11108,0.005263613536953926
11109,0.005568569526076317
11110,0.004934666212648153
11111,0.005477443337440491
11112,0.005967828445136547
11113,0.005285876803100109
11114,0.005131392739713192
11115,0.004904719535261393
11116,0.004261107183992863
11117,0.0058280592784285545
11118,0.004946928005665541
11119,0.005039692390710115
11120,0.004547550808638334
11121,0.005265998654067516
11122,0.004910110961645842
11123,0.005453298334032297
11124,0.005518045276403427
11125,0.004892844241112471
11126,0.00544350640848279
11127,0.006354080978780985
11128,0.005281263496726751
11129,0.006261126138269901
11130,0.005689314566552639
11131,0.0052618407644331455
11132,0.0050270347855985165
11133,0.005612966604530811
11134,0.005015818402171135
11135,0.004778650123625994
11136,0.005285436753183603
11137,0.005419120658189058
11138,0.005372974555939436
11139,0.0054898993112146854
11140,0.005458340514451265
11141,0.005259145516902208
11142,0.005776689853519201
11143,0.005290692672133446
11144,0.005569830071181059
11145,0.005529018118977547
11146,0.005062083248049021
11147,0.004554157145321369
11148,0.0053716241382062435
11149,0.005468276329338551
11150,0.005141544155776501
11151,0.0054174805991351604
11152,0.005341102369129658
11153,0.005325988866388798
11154,0.005363177042454481
11155,0.006448357831686735
11156,0.004997329320758581
11157,0.005264278966933489
11158,0.005529108922928572
11159,0.005315888207405806
11160,0.005760957021266222
11161,0.005754509475082159
11162,0.005001273937523365
11163,0.0056191966868937016
11164,0.005383480805903673
11165,0.0045960573479533195
11166,0.005251528695225716
11167,0.005139424931257963
11168,0.0061308108270168304
11169,0.005613368935883045
11170,0.004902288783341646
11171,0.005862986668944359
11172,0.004731220658868551
11173,0.005600341130048037
11174,0.004791785962879658
11175,0.004921934567391872
11176,0.005029571708291769
11177,0.005233422387391329
11178,0.005602381192147732
11179,0.005311176646500826
11180,0.004666557535529137
11181,0.005699363071471453
11182,0.005192930344492197
11183,0.004452042747288942
11184,0.006064793560653925
11185,0.005811018403619528
11186,0.005389201454818249
11187,0.0057249171659350395
11188,0.004474926274269819
11189,0.005475256126374006
11190,0.006444577127695084
11191,0.005499465856701136
11192,0.0057773953303694725
11193,0.005607989151030779
11194,0.005436875857412815
11195,0.005453140940517187
11196,0.0051885670982301235
11197,0.004941150546073914
11198,0.0051243361085653305
11199,0.005004539154469967
11200,0.004838216118514538
11201,0.005048871971666813
11202,0.005656348075717688
11203,0.004997097421437502
11204,0.005495364777743816
11205,0.005421649198979139
11206,0.005901612341403961
11207,0.005473490804433823
11208,0.004929316695779562
11209,0.0052572390995919704
11210,0.005476006772369146
11211,0.005162603687494993
11212,0.005862569436430931
11213,0.005333845503628254
11214,0.005477350205183029
11215,0.005432621575891972
11216,0.0057347360998392105
11217,0.0053842500783503056
11218,0.005359120201319456
11219,0.005688108038157225
11220,0.005131406709551811
11221,0.0047715939581394196
11222,0.0051892907358706
11223,0.004370150156319141
11224,0.00617916090413928
11225,0.004714624490588903
11226,0.005640740040689707
11227,0.005138312932103872
11228,0.005486547015607357
11229,0.006463067606091499
11230,0.005659549031406641
11231,0.005232664290815592
11232,0.004969518631696701
11233,0.005548784043639898
11234,0.0050612203776836395
11235,0.005459037143737078
11236,0.005987219046801329
11237,0.005133373197168112
11238,0.0053896596655249596
11239,0.006237140856683254
11240,0.005831901449710131
11241,0.004813750274479389
11242,0.005347908474504948
11243,0.005267296452075243
11244,0.0053022862412035465
11245,0.00548676960170269
11246,0.005635244771838188
11247,0.005528051871806383
11248,0.005305809434503317
11249,0.005630460102111101
11250,0.005209999158978462
11251,0.004741890821605921
11252,0.005075797904282808
11253,0.004774453118443489
11254,0.005113753955811262
11255,0.004977724049240351
11256,0.005556043237447739
11257,0.005760127678513527
11258,0.005692377686500549
11259,0.005085956770926714
11260,0.006187474820762873
11261,0.0051377518102526665
11262,0.0052488259971141815
11263,0.005735269747674465
11264,0.004750337917357683
11265,0.005571340210735798
11266,0.005097472108900547
11267,0.004823397845029831
11268,0.005252225324511528
11269,0.005087271798402071
11270,0.005731815472245216
11271,0.006085583940148354
11272,0.006433553993701935
11273,0.0054814135655760765
11274,0.005302823148667812
11275,0.00527272978797555
11276,0.0052812360227108
11277,0.004922994878143072
11278,0.005531006492674351
11279,0.0052060834132134914
11280,0.0058624278753995895
11281,0.00640584621578455
11282,0.0055069997906684875
11283,0.005279126111418009
11284,0.0053824447095394135
11285,0.005033190827816725
11286,0.005035399924963713
11287,0.005062813870608807
11288,0.005992271471768618
11289,0.0056657069362699986
11290,0.004893363919109106
11291,0.0045289453119039536
11292,0.006516650784760714
11293,0.0058775395154953
11294,0.005949344485998154
11295,0.005809458903968334
11296,0.005099792964756489
11297,0.005495999474078417
11298,0.005523027386516333
11299,0.006068875081837177
11300,0.005279535427689552
11301,0.0043019563890993595
11302,0.005605135578662157
11303,0.005490473937243223
11304,0.005904305260628462
11305,0.0050332327373325825
11306,0.005227896850556135
11307,0.0059236641973257065
11308,0.0053307898342609406
11309,0.006446238607168198
11310,0.0048343949019908905
11311,0.005009904503822327
11312,0.005722169764339924
11313,0.005229564383625984
11314,0.005634792149066925
11315,0.005084807984530926
11316,0.0046990541741251945
11317,0.005190097261220217
11318,0.006415349431335926
11319,0.006006183568388224
11320,0.005940088536590338
11321,0.00517751881852746
11322,0.00526142492890358
11323,0.006096669472754002
11324,0.00532642612233758
11325,0.00477910740301013
11326,0.00581219419836998
11327,0.005003017373383045
11328,0.005652459338307381
11329,0.005650561768561602
11330,0.0060753063298761845
11331,0.005718236323446035
11332,0.005215086974203587
11333,0.0054204403422772884
11334,0.0057701352052390575
11335,0.0049628689885139465
11336,0.004980852361768484
11337,0.004805245902389288
11338,0.0057120793499052525
11339,0.00492309033870697
11340,0.00529438117519021
11341,0.005277563352137804
11342,0.004847877658903599
11343,0.0053385416977107525
11344,0.006096518598496914
11345,0.0059538898058235645
11346,0.006491001695394516
11347,0.00528907123953104
11348,0.005302188452333212
11349,0.005307677201926708
11350,0.005037613678723574
11351,0.005253702402114868
11352,0.00567235192283988
11353,0.004797512665390968
11354,0.005586483981460333
11355,0.0052974531427025795
11356,0.005717010237276554
11357,0.005311641376465559
11358,0.006063092965632677
11359,0.005916274152696133
11360,0.005280430894345045
11361,0.0055649359710514545
11362,0.005346836522221565
11363,0.005667721852660179
11364,0.0054232035763561726
11365,0.00549455638974905
11366,0.005950392689555883
11367,0.005527446046471596
11368,0.005474229343235493
11369,0.005646980367600918
11370,0.005492286290973425
11371,0.005892049055546522
11372,0.005585516337305307
11373,0.0052268062718212605
11374,0.005911312531679869
11375,0.0049377125687897205
11376,0.0054791998118162155
11377,0.005241058301180601
11378,0.004583710338920355
11379,0.005095500499010086
11380,0.00491153122857213
11381,0.005741693079471588
11382,0.004978904500603676
11383,0.004812330007553101
11384,0.00536263408139348
11385,0.006498989649116993
11386,0.005357711110264063
11387,0.0054472885094583035
11388,0.005626537837088108
11389,0.005079091992229223
11390,0.005064472556114197
11391,0.005565229803323746
11392,0.004992783069610596
11393,0.005716546904295683
11394,0.006028731353580952
11395,0.005283320788294077
11396,0.005456243641674519
11397,0.006248012650758028
11398,0.005723917856812477
11399,0.004847813863307238
11400,0.005669066682457924
11401,0.005031927954405546
11402,0.005543474107980728
11403,0.005718541331589222
11404,0.005684676580131054
11405,0.006206859368830919
11406,0.004698165226727724
11407,0.0050569456070661545
11408,0.006068599876016378
11409,0.005052051041275263
11410,0.0053964233957231045
11411,0.00624220771715045
11412,0.005505841691046953
11413,0.0058211213909089565
11414,0.005113022867590189
11415,0.005227833054959774
11416,0.005225870292633772
11417,0.005490757059305906
11418,0.005888506304472685
11419,0.006106826476752758
11420,0.005953239742666483
11421,0.005587901454418898
11422,0.006110358517616987
11423,0.005611333530396223
11424,0.005741524044424295
11425,0.0052687195129692554
11426,0.005310803186148405
11427,0.005681663751602173
11428,0.006204801611602306
11429,0.004878796637058258
11430,0.00487682968378067
11431,0.006243206560611725
11432,0.004945589229464531
11433,0.005380308721214533
11434,0.005480620078742504
11435,0.004852087236940861
11436,0.005536993499845266
11437,0.005167163908481598
11438,0.004872802644968033
11439,0.005470828618854284
11440,0.004975341260433197
11441,0.004961061291396618
11442,0.005335713271051645
11443,0.006494327448308468
11444,0.0054567898623645306
11445,0.005733722820878029
11446,0.005502826534211636
11447,0.005453926045447588
11448,0.006721802055835724
11449,0.0060923355631530285
11450,0.006328381132334471
11451,0.005277832038700581
11452,0.0056273117661476135
11453,0.005817955359816551
11454,0.005360936280339956
11455,0.005584966391324997
11456,0.004840126261115074
11457,0.005912441294640303
11458,0.005704154260456562
11459,0.005526902619749308
11460,0.005226633977144957
11461,0.005469471216201782
11462,0.006042953580617905
11463,0.005210667848587036
11464,0.00529394531622529
11465,0.005622487049549818
11466,0.00511151971295476
11467,0.005695825908333063
11468,0.005483720917254686
11469,0.005034127272665501
11470,0.006507174111902714
11471,0.004174028057605028
11472,0.005508876405656338
11473,0.006103130988776684
11474,0.0052240630611777306
11475,0.005801623687148094
11476,0.0056717428378760815
11477,0.005574114620685577
11478,0.0054696956649422646
11479,0.004703508224338293
11480,0.005425362382084131
11481,0.005933127831667662
11482,0.00528657017275691
11483,0.005923627410084009
11484,0.0064952075481414795
11485,0.005315443966537714
11486,0.00657652597874403
11487,0.005122848320752382
11488,0.005522863008081913
11489,0.006016239523887634
11490,0.005336092785000801
11491,0.005879651755094528
11492,0.006198153831064701
11493,0.004993947222828865
11494,0.006981630809605122
11495,0.005811074282974005
11496,0.005899766925722361
11497,0.00595409981906414
11498,0.005995701998472214
11499,0.005183081142604351
11500,0.005593436770141125
11501,0.005398239940404892
11502,0.0064287553541362286
11503,0.005748324561864138
11504,0.005323903635144234
11505,0.006198029033839703
11506,0.006055276375263929
11507,0.005344873294234276
11508,0.006585203111171722
11509,0.00556374853476882
11510,0.0057731675915420055
11511,0.005464502144604921
11512,0.0063759200274944305
11513,0.005005159880965948
11514,0.006490653846412897
11515,0.005219890270382166
11516,0.005415954627096653
11517,0.00578679796308279
11518,0.005683956202119589
11519,0.004845495335757732
11520,0.0056078433990478516
11521,0.005667001940310001
11522,0.005553912837058306
11523,0.005453500896692276
11524,0.00648985430598259
11525,0.0048215207643806934
11526,0.005770664196461439
11527,0.005504425149410963
11528,0.005770550575107336
11529,0.005606389604508877
11530,0.005759866908192635
11531,0.004748360253870487
11532,0.00656107859686017
11533,0.006661469582468271
11534,0.005487390328198671
11535,0.006981715559959412
11536,0.0065559023059904575
11537,0.00643044151365757
11538,0.006184062920510769
11539,0.005470442585647106
11540,0.005569823086261749
11541,0.006016462109982967
11542,0.006245098542422056
11543,0.005629830062389374
11544,0.0059127300046384335
11545,0.005259285680949688
11546,0.005641430616378784
11547,0.006158047821372747
11548,0.005599817261099815
11549,0.00569461053237319
11550,0.005447912961244583
11551,0.00574865797534585
11552,0.006108199246227741
11553,0.005923451390117407
11554,0.005545898340642452
11555,0.005791123490780592
11556,0.0052636973559856415
11557,0.006530384998768568
11558,0.005483615677803755
11559,0.00608691805973649
11560,0.005891222506761551
11561,0.004979037679731846
11562,0.006705937907099724
11563,0.0052933525294065475
11564,0.004995189607143402
11565,0.006591944023966789
11566,0.005008529871702194
11567,0.004901491105556488
11568,0.005677751265466213
11569,0.005575475748628378
11570,0.0044146268628537655
11571,0.0056119742803275585
11572,0.004306406248360872
11573,0.005179458763450384
11574,0.005401222500950098
11575,0.0058959778398275375
11576,0.0061965808272361755
11577,0.005574483890086412
11578,0.005278747528791428
11579,0.005121145863085985
11580,0.006353020202368498
11581,0.00577604491263628
11582,0.0058439504355192184
11583,0.005295926705002785
11584,0.005538217257708311
11585,0.005389977712184191
11586,0.005115670617669821
11587,0.0058883437886834145
11588,0.005493780132383108
11589,0.005757700186222792
11590,0.005675343796610832
11591,0.0059196315705776215
11592,0.004975250922143459
11593,0.006249995436519384
11594,0.00574177410453558
11595,0.005457304418087006
11596,0.005453048273921013
11597,0.0066360109485685825
11598,0.005976624321192503
11599,0.00577869638800621
11600,0.0050071971490979195
11601,0.004885581787675619
11602,0.006476212292909622
11603,0.005504778120666742
11604,0.006381584797054529
11605,0.004983777180314064
11606,0.00568805867806077
11607,0.006055706180632114
11608,0.005040857940912247
11609,0.0054298159666359425
11610,0.0050712875090539455
11611,0.0055850958451628685
11612,0.005526067689061165
11613,0.005900845397263765
11614,0.006941486150026321
11615,0.005666537210345268
11616,0.0069591267965734005
11617,0.005043089389801025
11618,0.005866513587534428
11619,0.006818087305873632
11620,0.0056226723827421665
11621,0.006884223781526089
11622,0.005118098109960556
11623,0.005716060288250446
11624,0.005543909035623074
11625,0.005926603451371193
11626,0.005710267927497625
11627,0.006151992361992598
11628,0.005603101570159197
11629,0.006556643173098564
11630,0.00563336256891489
11631,0.00562083488330245
11632,0.005665922537446022
11633,0.0054140398278832436
11634,0.005031738895922899
11635,0.005613256245851517
11636,0.006671598646789789
11637,0.005252120550721884
11638,0.005245122127234936
11639,0.005785612855106592
11640,0.005522751249372959
11641,0.006549624726176262
11642,0.005727503914386034
11643,0.00551513209939003
11644,0.0061669982969760895
11645,0.005622991360723972
11646,0.004954235628247261
11647,0.005688891746103764
11648,0.006371915806084871
11649,0.007841656915843487
11650,0.006279806140810251
11651,0.005900688003748655
11652,0.006466432008892298
11653,0.005741284694522619
11654,0.00584839005023241
11655,0.005642615724354982
11656,0.006106077693402767
11657,0.006255259271711111
11658,0.005403758026659489
11659,0.0051100365817546844
11660,0.006440587807446718
11661,0.005674684885889292
11662,0.005575538147240877
11663,0.00587492948397994
11664,0.0058724465779960155
11665,0.006773917004466057
11666,0.005018856376409531
11667,0.006411153357475996
11668,0.005644384305924177
11669,0.006622795946896076
11670,0.0059593855403363705
11671,0.0049895672127604485
11672,0.005680461414158344
11673,0.005666451063007116
11674,0.006457779556512833
11675,0.006531194783747196
11676,0.006018210202455521
11677,0.007106677163392305
11678,0.006368768401443958
11679,0.006688917055726051
11680,0.006016715429723263
11681,0.00629400322213769
11682,0.005522407125681639
11683,0.005867616273462772
11684,0.006409036461263895
11685,0.005470058880746365
11686,0.006941445637494326
11687,0.006137666758149862
11688,0.005549912806600332
11689,0.006111828610301018
11690,0.005514349788427353
11691,0.006333299912512302
11692,0.00522360997274518
11693,0.006480637937784195
11694,0.005989165045320988
11695,0.005653004162013531
11696,0.005495238117873669
11697,0.005780681502074003
11698,0.006169955246150494
11699,0.006362736225128174
11700,0.006213877350091934
11701,0.0061272247694432735
11702,0.004702823236584663
11703,0.006741032935678959
11704,0.005504642613232136
11705,0.005946013610810041
11706,0.005551815964281559
11707,0.005094745196402073
11708,0.0066955238580703735
11709,0.006339779123663902
11710,0.005603045225143433
11711,0.006088845431804657
11712,0.006178167648613453
11713,0.006965162698179483
11714,0.005930304527282715
11715,0.006574203260242939
11716,0.006204765290021896
11717,0.006864514201879501
11718,0.0059189144521951675
11719,0.005754258017987013
11720,0.006079546175897121
11721,0.0056602912954986095
11722,0.005000445060431957
11723,0.005867378786206245
11724,0.00613240385428071
11725,0.0067279445938766
11726,0.006107798311859369
11727,0.006475616712123156
11728,0.006361863110214472
11729,0.006527205463498831
11730,0.006153647787868977
11731,0.006443848367780447
11732,0.005451573524624109
11733,0.005484471563249826
11734,0.005314816255122423
11735,0.0060865492559969425
11736,0.005685130599886179
11737,0.006848716642707586
11738,0.006912526208907366
11739,0.006046759430319071
11740,0.005962456576526165
11741,0.00545112881809473
11742,0.006781029514968395
11743,0.005711972713470459
11744,0.006054173689335585
11745,0.005777258891612291
11746,0.007150770630687475
11747,0.006252913270145655
11748,0.006132427603006363
11749,0.006205100100487471
11750,0.006340396590530872
11751,0.006027245428413153
11752,0.005571062210947275
11753,0.006239673122763634
11754,0.006301645655184984
11755,0.005440053064376116
11756,0.006310202647000551
11757,0.005097644869238138
11758,0.006254036910831928
11759,0.006965972017496824
11760,0.006327425129711628
11761,0.005070465616881847
11762,0.006093368399888277
11763,0.0059313466772437096
11764,0.005551045760512352
11765,0.0064202710054814816
11766,0.006083337590098381
11767,0.006679873913526535
11768,0.006178689654916525
11769,0.0058260029181838036
11770,0.005482202395796776
11771,0.00615958496928215
11772,0.005741002503782511
11773,0.0058569880202412605
11774,0.005294021684676409
11775,0.0060579306446015835
11776,0.005176527425646782
11777,0.0063649192452430725
11778,0.0056861103512346745
11779,0.005508795380592346
11780,0.005006158724427223
11781,0.005748620256781578
11782,0.006449670996516943
11783,0.00622215960174799
11784,0.00664009852334857
11785,0.006164746358990669
11786,0.006264722906053066
11787,0.007342121098190546
11788,0.006123409606516361
11789,0.006827034987509251
11790,0.006404545623809099
11791,0.00591040076687932
11792,0.005639085546135902
11793,0.005665244534611702
11794,0.0059155914932489395
11795,0.005661358591169119
11796,0.005528101231902838
11797,0.005892742425203323
11798,0.005818401928991079
11799,0.005591455847024918
11800,0.006370751652866602
11801,0.006028259173035622
11802,0.006183802615851164
11803,0.006205741316080093
11804,0.005668181926012039
11805,0.006130032707005739
11806,0.006025607232004404
11807,0.005995496176183224
11808,0.006788116879761219
11809,0.006325447000563145
11810,0.006577619817107916
11811,0.006137082353234291
11812,0.00694238068535924
11813,0.005815771408379078
11814,0.006918470840901136
11815,0.005803178064525127
11816,0.005942668300122023
11817,0.006651472300291061
11818,0.006025593262165785
11819,0.0059234206564724445
11820,0.00551610067486763
11821,0.006559179630130529
11822,0.005995704792439938
11823,0.004558982793241739
11824,0.006917585618793964
11825,0.005804073065519333
11826,0.005948561709374189
11827,0.006087959744036198
11828,0.006669231224805117
11829,0.005543038714677095
11830,0.006329616531729698
11831,0.006333253346383572
11832,0.00542788440361619
11833,0.0063795787282288074
11834,0.006838494911789894
11835,0.006028980482369661
11836,0.006658989004790783
11837,0.0056198276579380035
11838,0.0056251962669193745
11839,0.007072678301483393
11840,0.005447438918054104
11841,0.006395536940544844
11842,0.005907492712140083
11843,0.005600864067673683
11844,0.005439376924186945
11845,0.006274103187024593
11846,0.006501057650893927
11847,0.005575342569500208
11848,0.005477938801050186
11849,0.005442461930215359
11850,0.00634734146296978
11851,0.006014466751366854
11852,0.006558756809681654
11853,0.006144065409898758
11854,0.006186987739056349
11855,0.0057181715965271
11856,0.006408065091818571
11857,0.006438332609832287
11858,0.005896763876080513
11859,0.006862659007310867
11860,0.005769173614680767
11861,0.005669283214956522
11862,0.007057551760226488
11863,0.006312997546046972
11864,0.006252446211874485
11865,0.0056356023997068405
11866,0.005934571381658316
11867,0.006014961749315262
11868,0.005977792665362358
11869,0.006228607147932053
11870,0.006627575494349003
11871,0.006898087449371815
11872,0.006342602428048849
11873,0.007118442095816135
11874,0.006613266654312611
11875,0.0065513066947460175
11876,0.0064460705034434795
11877,0.00563495047390461
11878,0.00600604759529233
11879,0.00697443587705493
11880,0.006110621616244316
11881,0.005856270436197519
11882,0.005592267028987408
11883,0.0065752360969781876
11884,0.006603796500712633
11885,0.005577639676630497
11886,0.006674313452094793
11887,0.0070677571929991245
11888,0.005659942049533129
11889,0.006372789386659861
11890,0.006048162933439016
11891,0.006503957323729992
11892,0.005628508049994707
11893,0.006111628375947475
11894,0.0058344886638224125
11895,0.006731274072080851
11896,0.005434753838926554
11897,0.006169734988361597
11898,0.005863697733730078
11899,0.006093758624047041
11900,0.0062711481004953384
11901,0.00529258931055665
11902,0.0060847182758152485
11903,0.007403871510177851
11904,0.005673013627529144
11905,0.005334699992090464
11906,0.005716274958103895
11907,0.005904668010771275
11908,0.006209256127476692
11909,0.006140272133052349
11910,0.006037334445863962
11911,0.00606389157474041
11912,0.006442381534725428
11913,0.0072539630346000195
11914,0.006321970839053392
11915,0.006801119074225426
11916,0.006121760234236717
11917,0.005442245863378048
11918,0.005285307765007019
11919,0.005493648815900087
11920,0.006367987487465143
11921,0.006869446951895952
11922,0.006239099893718958
11923,0.005614430643618107
11924,0.005687673110514879
11925,0.005772002041339874
11926,0.007080909796059132
11927,0.006538941524922848
11928,0.005775986704975367
11929,0.005628484301269054
11930,0.007665250916033983
11931,0.006822860799729824
11932,0.006006024777889252
11933,0.006159142125397921
11934,0.005862516816705465
11935,0.006106502842158079
11936,0.006334752310067415
11937,0.005917320027947426
11938,0.006296311505138874
11939,0.007388676051050425
11940,0.006001238711178303
11941,0.006400341633707285
11942,0.006897736806422472
11943,0.006169542670249939
11944,0.005674601532518864
11945,0.006857303902506828
11946,0.006085238419473171
11947,0.0062383501790463924
11948,0.00621755700558424
11949,0.006232247222214937
11950,0.006829228717833757
11951,0.005290961358696222
11952,0.006276146043092012
11953,0.006086031906306744
11954,0.006013162899762392
11955,0.006360615137964487
11956,0.007426677271723747
11957,0.00559634156525135
11958,0.0063301450572907925
11959,0.005800500977784395
11960,0.006146259605884552
11961,0.0064510866068303585
11962,0.007322102319449186
11963,0.006227047648280859
11964,0.006151498295366764
11965,0.005811812821775675
11966,0.0059803202748298645
11967,0.005999664776027203
11968,0.006382967345416546
11969,0.006297136191278696
11970,0.006444944534450769
11971,0.006314234808087349
11972,0.005907218903303146
11973,0.005864040460437536
11974,0.006691273767501116
11975,0.0054624020121991634
11976,0.007083707954734564
11977,0.006855640094727278
11978,0.00623956648632884
11979,0.00562847126275301
11980,0.005431774538010359
11981,0.00629487494006753
11982,0.005620104260742664
11983,0.006465415935963392
11984,0.006275463383644819
11985,0.005813474766910076
11986,0.005650816950947046
11987,0.005482404492795467
11988,0.005692873150110245
11989,0.007576348260045052
11990,0.005715870298445225
11991,0.005877242889255285
11992,0.006830362603068352
11993,0.006137567106634378
11994,0.005598900374025106
11995,0.0066472627222537994
11996,0.005461968015879393
11997,0.007470676209777594
11998,0.00599122466519475
11999,0.005844681523740292
12000,0.005942664574831724
12001,0.005049850791692734
12002,0.005847559310495853
12003,0.005681816954165697
12004,0.0061904387548565865
12005,0.005849190056324005
12006,0.006883910391479731
12007,0.006708802655339241
12008,0.006153990048915148
12009,0.005717438645660877
12010,0.005424265284091234
12011,0.006106694228947163
12012,0.00556640001013875
12013,0.00665363110601902
12014,0.006127795670181513
12015,0.006445725914090872
12016,0.007254515774548054
12017,0.006956250406801701
12018,0.005851933732628822
12019,0.005971941631287336
12020,0.005683102644979954
12021,0.006076291669160128
12022,0.00611624401062727
12023,0.006936634890735149
12024,0.006316861603409052
12025,0.006732051260769367
12026,0.0076678963378071785
12027,0.006827556062489748
12028,0.006992049515247345
12029,0.007390468847006559
12030,0.006892886478453875
12031,0.006040248088538647
12032,0.005541165359318256
12033,0.006179189775139093
12034,0.006486136000603437
12035,0.006777230184525251
12036,0.006094641983509064
12037,0.006252646911889315
12038,0.006252767518162727
12039,0.00707067409530282
12040,0.007178556174039841
12041,0.005793532356619835
12042,0.006391456350684166
12043,0.005940346047282219
12044,0.0051956879906356335
12045,0.0061407554894685745
12046,0.005739187356084585
12047,0.00620390847325325
12048,0.006742570549249649
12049,0.005205246154218912
12050,0.006491409614682198
12051,0.005868026986718178
12052,0.006182265933603048
12053,0.006452577654272318
12054,0.006859593093395233
12055,0.005627253092825413
12056,0.005565337371081114
12057,0.006173126399517059
12058,0.006872180849313736
12059,0.00600716657936573
12060,0.005914490204304457
12061,0.006040601991117001
12062,0.005700944922864437
12063,0.0062623699195683
12064,0.005476396065205336
12065,0.0063158562406897545
12066,0.0058625247329473495
12067,0.005973758175969124
12068,0.005292822141200304
12069,0.005946015939116478
12070,0.006090048234909773
12071,0.0063391258008778095
12072,0.006313650403171778
12073,0.006467933766543865
12074,0.0063582854345440865
12075,0.006578626576811075
12076,0.006482589058578014
12077,0.006399351172149181
12078,0.006616119295358658
12079,0.006644181441515684
12080,0.00591282220557332
12081,0.0069396705366671085
12082,0.005358511582016945
12083,0.005705340299755335
12084,0.006021943874657154
12085,0.00579718267545104
12086,0.006517351139336824
12087,0.006053030490875244
12088,0.006206313148140907
12089,0.007589688990265131
12090,0.006651260890066624
12091,0.006304428447037935
12092,0.0073963915929198265
12093,0.0075176917016506195
12094,0.006447679363191128
12095,0.00638393871486187
12096,0.005118102766573429
12097,0.006168033462017775
12098,0.0061416178941726685
12099,0.006585275288671255
12100,0.0060982233844697475
12101,0.006296766921877861
12102,0.006617669481784105
12103,0.006529529578983784
12104,0.005653254687786102
12105,0.006419308949261904
12106,0.006163077894598246
12107,0.0069028520956635475
12108,0.006059424020349979
12109,0.006244385614991188
12110,0.006481482181698084
12111,0.006016371306031942
12112,0.005862724035978317
12113,0.006823888514190912
12114,0.006474725902080536
12115,0.006669963244348764
12116,0.007024801801890135
12117,0.00637164618819952
12118,0.006355802528560162
12119,0.006101530976593494
12120,0.005513767711818218
12121,0.006300331559032202
12122,0.0067399595864117146
12123,0.00681805657222867
12124,0.0061226193793118
12125,0.0071031479164958
12126,0.006857594940811396
12127,0.006912289187312126
12128,0.00596651341766119
12129,0.005186551716178656
12130,0.005593806970864534
12131,0.005970717407763004
12132,0.005591727327555418
12133,0.006411506328731775
12134,0.006879355292767286
12135,0.005938123445957899
12136,0.0073126317001879215
12137,0.0061972555704414845
12138,0.005697773303836584
12139,0.0063338493928313255
12140,0.007236214354634285
12141,0.0062194699421525
12142,0.005333396606147289
12143,0.006078123115003109
12144,0.006993413902819157
12145,0.005823028739541769
12146,0.006578755099326372
12147,0.006175489164888859
12148,0.005551702342927456
12149,0.005875366274267435
12150,0.0061308653093874454
12151,0.005371187347918749
12152,0.005951811093837023
12153,0.006024165078997612
12154,0.005833000410348177
12155,0.00655517540872097
12156,0.0061623938381671906
12157,0.005746257957071066
12158,0.005341643467545509
12159,0.00527174910530448
12160,0.005474476609379053
12161,0.006463152822107077
12162,0.0060636005364358425
12163,0.005476573947817087
12164,0.005695096682757139
12165,0.005801760125905275
12166,0.006040679756551981
12167,0.005744244437664747
12168,0.004931242670863867
12169,0.006372231524437666
12170,0.0058681778609752655
12171,0.005366765893995762
12172,0.006576778832823038
12173,0.006502763368189335
12174,0.007449510041624308
12175,0.005848233588039875
12176,0.005781292915344238
12177,0.005815509706735611
12178,0.007100634276866913
12179,0.006520584691315889
12180,0.005860663019120693
12181,0.0055027976632118225
12182,0.006675741169601679
12183,0.00624787388369441
12184,0.005579743534326553
12185,0.006172227207571268
12186,0.00743589224293828
12187,0.006603939924389124
12188,0.0057538654655218124
12189,0.005762030836194754
12190,0.0070372531190514565
12191,0.006213216111063957
12192,0.005981264635920525
12193,0.00590366218239069
12194,0.005666721146553755
12195,0.0069067091681063175
12196,0.006351850926876068
12197,0.006307042203843594
12198,0.006481728050857782
12199,0.006533075589686632
12200,0.006233082618564367
12201,0.006414196453988552
12202,0.00613625580444932
12203,0.007209388073533773
12204,0.005935662891715765
12205,0.006259389687329531
12206,0.007227021735161543
12207,0.005369739141315222
12208,0.0068902368657290936
12209,0.006225129589438438
12210,0.006401028484106064
12211,0.0054143983870744705
12212,0.006739021744579077
12213,0.006345316302031279
12214,0.006380276754498482
12215,0.006636544596403837
12216,0.006973034702241421
12217,0.005919209215790033
12218,0.0061698248609900475
12219,0.005839010700583458
12220,0.005654972046613693
12221,0.005969473626464605
12222,0.0076878871768713
12223,0.005419943481683731
12224,0.006801917217671871
12225,0.0065323663875460625
12226,0.005901876371353865
12227,0.006260009482502937
12228,0.006059905979782343
12229,0.0069307186640799046
12230,0.005904668476432562
12231,0.006772464141249657
12232,0.006002755369991064
12233,0.005898218601942062
12234,0.0054939123801887035
12235,0.006041489075869322
12236,0.00614351499825716
12237,0.005270594265311956
12238,0.006110535003244877
12239,0.006643204018473625
12240,0.006158601026982069
12241,0.005501542240381241
12242,0.006085934117436409
12243,0.005818922538310289
12244,0.005981901194900274
12245,0.005891360342502594
12246,0.006348757538944483
12247,0.006779552903026342
12248,0.006570911500602961
12249,0.0049044289626181126
12250,0.006419994402676821
12251,0.005876568611711264
12252,0.005707330070436001
12253,0.006108046043664217
12254,0.005731335375458002
12255,0.005547019187361002
12256,0.006465769838541746
12257,0.007071288302540779
12258,0.005571302957832813
12259,0.006663472857326269
12260,0.005877116695046425
12261,0.006103540770709515
12262,0.006194802932441235
12263,0.005299362353980541
12264,0.005777469836175442
12265,0.005830939393490553
12266,0.005460707005113363
12267,0.006017581094056368
12268,0.005041245836764574
12269,0.006439983379095793
12270,0.005700908601284027
12271,0.006274803541600704
12272,0.006138799712061882
12273,0.006658321246504784
12274,0.006415608339011669
12275,0.005965934135019779
12276,0.00580413406714797
12277,0.006711282301694155
12278,0.006368970964103937
12279,0.006357518024742603
12280,0.005971574690192938
12281,0.006660617887973785
12282,0.006430167704820633
12283,0.0061554620042443275
12284,0.00652372045442462
12285,0.0060357339680194855
12286,0.005414498038589954
12287,0.0064331525936722755
12288,0.005826534237712622
12289,0.006787640042603016
12290,0.0068069505505263805
12291,0.005632722284644842
12292,0.005921552423387766
12293,0.0061528244987130165
12294,0.006401807069778442
12295,0.006437466014176607
12296,0.00612240144982934
12297,0.006493341643363237
12298,0.006048389244824648
12299,0.005864176899194717
12300,0.006663858890533447
12301,0.006280845496803522
12302,0.004833439365029335
12303,0.0058710393495857716
12304,0.005585150793194771
12305,0.005361846182495356
12306,0.0053849066607654095
12307,0.006429770495742559
12308,0.006634503602981567
12309,0.006058694329112768
12310,0.00659699272364378
12311,0.006476308684796095
12312,0.0069871037267148495
12313,0.007844030857086182
12314,0.005943052005022764
12315,0.0061338553205132484
12316,0.00587336253374815
12317,0.006623407360166311
12318,0.005767314229160547
12319,0.0065516517497599125
12320,0.007732902653515339
12321,0.005769158713519573
12322,0.006500354502350092
12323,0.007224527653306723
12324,0.005877106450498104
12325,0.00575149105861783
12326,0.005979998968541622
12327,0.00697392039000988
12328,0.006208344362676144
12329,0.005700291134417057
12330,0.0066571845673024654
12331,0.007035230752080679
12332,0.005828660912811756
12333,0.00736011378467083
12334,0.00629063555970788
12335,0.006103478837758303
12336,0.006100099999457598
12337,0.00674903579056263
12338,0.005701328162103891
12339,0.0061312527395784855
12340,0.006777925882488489
12341,0.0060504418797791
12342,0.0059609683230519295
12343,0.00602099159732461
12344,0.006423842161893845
12345,0.005935818422585726
12346,0.006243150215595961
12347,0.006454888731241226
12348,0.006578682456165552
12349,0.005577451549470425
12350,0.005871727131307125
12351,0.006375269964337349
12352,0.006243119016289711
12353,0.006143415812402964
12354,0.006013020873069763
12355,0.006691331975162029
12356,0.006173115689307451
12357,0.005793613847345114
12358,0.006070679984986782
12359,0.0062650893814861774
12360,0.005651495419442654
12361,0.005202768836170435
12362,0.006142250262200832
12363,0.005896084010601044
12364,0.005895431153476238
12365,0.006654452998191118
12366,0.006902189925312996
12367,0.005726186092942953
12368,0.005808950401842594
12369,0.006694178096950054
12370,0.0060978843830525875
12371,0.005569165106862783
12372,0.006462566088885069
12373,0.005868689622730017
12374,0.006473998539149761
12375,0.006918826140463352
12376,0.006011289544403553
12377,0.007039254996925592
12378,0.006474045105278492
12379,0.006083533633500338
12380,0.006324680522084236
12381,0.0066519142128527164
12382,0.0060770465061068535
12383,0.005901077762246132
12384,0.006781368516385555
12385,0.005660021677613258
12386,0.005887688137590885
12387,0.00684319855645299
12388,0.006079318933188915
12389,0.006191521883010864
12390,0.005628527607768774
12391,0.006096389144659042
12392,0.006252510938793421
12393,0.005974198691546917
12394,0.005753776058554649
12395,0.006266072858124971
12396,0.005986854434013367
12397,0.005923523101955652
12398,0.006930229719728231
12399,0.006290020886808634
12400,0.006241442635655403
12401,0.006338905543088913
12402,0.006724920589476824
12403,0.006474148947745562
12404,0.005235685035586357
12405,0.006734096445143223
12406,0.004968515131622553
12407,0.006275322753936052
12408,0.005792309995740652
12409,0.0059736440889537334
12410,0.00593882380053401
12411,0.005399275105446577
12412,0.0057731326669454575
12413,0.006724787410348654
12414,0.0054150791838765144
12415,0.005976333282887936
12416,0.006657203659415245
12417,0.007331415545195341
12418,0.005535540636628866
12419,0.006125418469309807
12420,0.006293454673141241
12421,0.0070748417638242245
12422,0.006914302706718445
12423,0.00592576339840889
12424,0.00586357805877924
12425,0.007029606960713863
12426,0.006055828183889389
12427,0.0064441910944879055
12428,0.007240664213895798
12429,0.006045152898877859
12430,0.00598125671967864
12431,0.006421021185815334
12432,0.0065225958824157715
12433,0.005593981593847275
12434,0.0064102523028850555
12435,0.006748192943632603
12436,0.0060688527300953865
12437,0.005713371094316244
12438,0.006173055153340101
12439,0.00687039690092206
12440,0.0072212498635053635
12441,0.006378144957125187
12442,0.006822328083217144
12443,0.006123943720012903
12444,0.005923498421907425
12445,0.006275993771851063
12446,0.004951178096234798
12447,0.005660043563693762
12448,0.006402826402336359
12449,0.00586651312187314
12450,0.005860313773155212
12451,0.005616878625005484
12452,0.006903626956045628
12453,0.006638816557824612
12454,0.005621142219752073
12455,0.00571206770837307
12456,0.005676217842847109
12457,0.005925901234149933
12458,0.00652820710092783
12459,0.005615169648081064
12460,0.006084830965846777
12461,0.00597500242292881
12462,0.006331708747893572
12463,0.006870105862617493
12464,0.0064604757353663445
12465,0.00558239221572876
12466,0.006287748459726572
12467,0.006621625740081072
12468,0.006719215773046017
12469,0.005407677963376045
12470,0.007506815250962973
12471,0.006199376657605171
12472,0.006169531494379044
12473,0.006580786779522896
12474,0.00594235397875309
12475,0.006265347357839346
12476,0.005031478591263294
12477,0.006924097891896963
12478,0.00561160035431385
12479,0.007366640493273735
12480,0.0060370005667209625
12481,0.005685009527951479
12482,0.005576091818511486
12483,0.007308823987841606
12484,0.00621542613953352
12485,0.005592843983322382
12486,0.005931133404374123
12487,0.0066212681122124195
12488,0.006847903598099947
12489,0.0055664884857833385
12490,0.006226642988622189
12491,0.007306918501853943
12492,0.00682059908285737
12493,0.006345260422676802
12494,0.005925378296524286
12495,0.00524827791377902
12496,0.00599201675504446
12497,0.005864982958883047
12498,0.006325441878288984
12499,0.006297811400145292
12500,0.006321705877780914
12501,0.005981971509754658
12502,0.006411911454051733
12503,0.005949874874204397
12504,0.006398812867701054
12505,0.006329760421067476
12506,0.005283679347485304
12507,0.005809327121824026
12508,0.006242974195629358
12509,0.006108547560870647
12510,0.005007920321077108
12511,0.006812442094087601
12512,0.0060327243991196156
12513,0.006050088908523321
12514,0.005972743965685368
12515,0.0057591600343585014
12516,0.006105480249971151
12517,0.006116257049143314
12518,0.0059845116920769215
12519,0.00645492086187005
12520,0.006126062013208866
12521,0.006801932118833065
12522,0.005740140099078417
12523,0.005654139909893274
12524,0.007294144481420517
12525,0.005144927650690079
12526,0.006513991858810186
12527,0.006426805164664984
12528,0.00600386131554842
12529,0.005360173061490059
12530,0.00607370026409626
12531,0.00610797293484211
12532,0.006702453829348087
12533,0.007287160027772188
12534,0.006532062776386738
12535,0.00663818558678031
12536,0.006520953495055437
12537,0.005974801257252693
12538,0.006116140633821487
12539,0.006195567548274994
12540,0.006362896878272295
12541,0.005870423745363951
12542,0.006383341737091541
12543,0.0052082715556025505
12544,0.0057099503464996815
12545,0.00615173764526844
12546,0.006595068145543337
12547,0.006403501611202955
12548,0.007080527022480965
12549,0.0064965770579874516
12550,0.006491799373179674
12551,0.006617056205868721
12552,0.00598789332434535
12553,0.005849675741046667
12554,0.005704247858375311
12555,0.005891175474971533
12556,0.006130483467131853
12557,0.005814112722873688
12558,0.0065225535072386265
12559,0.006321293767541647
12560,0.005698510445654392
12561,0.005728536285459995
12562,0.006075704004615545
12563,0.006158561445772648
12564,0.005821008700877428
12565,0.006107615772634745
12566,0.006354212760925293
12567,0.0054834396578371525
12568,0.005606881342828274
12569,0.006108944304287434
12570,0.0069242436438798904
12571,0.005688625853508711
12572,0.006101531907916069
12573,0.005697642453014851
12574,0.005276217591017485
12575,0.006424263119697571
12576,0.006438688840717077
12577,0.006264104507863522
12578,0.0064378464594483376
12579,0.006912015378475189
12580,0.007030037231743336
12581,0.005478567909449339
12582,0.006466885097324848
12583,0.00534864841029048
12584,0.005644015967845917
12585,0.005598552990704775
12586,0.005892309360206127
12587,0.006132865324616432
12588,0.005747616291046143
12589,0.006890901830047369
12590,0.00687000248581171
12591,0.0064031947404146194
12592,0.007294171489775181
12593,0.005863631144165993
12594,0.006086476147174835
12595,0.005238894838839769
12596,0.005821322090923786
12597,0.006331967189908028
12598,0.006615242920815945
12599,0.0055052414536476135
12600,0.005773256532847881
12601,0.006826184689998627
12602,0.006858475506305695
12603,0.006277986336499453
12604,0.005702262278646231
12605,0.006624903529882431
12606,0.005976321175694466
12607,0.005263426341116428
12608,0.005932941101491451
12609,0.006480594631284475
12610,0.0064775957725942135
12611,0.004735345020890236
12612,0.0063782790675759315
12613,0.005622503347694874
12614,0.00581026216968894
12615,0.006109022069722414
12616,0.005624833051115274
12617,0.006039745174348354
12618,0.006063675507903099
12619,0.00575551763176918
12620,0.007225924637168646
12621,0.005696052685379982
12622,0.005872722249478102
12623,0.006229056511074305
12624,0.006323022767901421
12625,0.005790895316749811
12626,0.006084301508963108
12627,0.005575835704803467
12628,0.006343214772641659
12629,0.006011854391545057
12630,0.006229041609913111
12631,0.006494008470326662
12632,0.005673552863299847
12633,0.005932583473622799
12634,0.006554725114256144
12635,0.006490102503448725
12636,0.0070876143872737885
12637,0.006631891708821058
12638,0.006117553915828466
12639,0.006196404807269573
12640,0.005736559629440308
12641,0.005632365122437477
12642,0.006107285153120756
12643,0.006093424279242754
12644,0.006584349554032087
12645,0.005224442109465599
12646,0.005968280136585236
12647,0.006005218718200922
12648,0.006946269888430834
12649,0.006541518494486809
12650,0.005437937565147877
12651,0.00701144291087985
12652,0.005657689180225134
12653,0.00577569380402565
12654,0.005514661315828562
12655,0.006464809644967318
12656,0.005895639304071665
12657,0.006205582991242409
12658,0.005835523828864098
12659,0.006165120750665665
12660,0.005843844730407
12661,0.005738212261348963
12662,0.006047975737601519
12663,0.007205950561910868
12664,0.005696084816008806
12665,0.005325664300471544
12666,0.0055158669129014015
12667,0.007225007750093937
12668,0.005527028813958168
12669,0.005296856164932251
12670,0.006864345166832209
12671,0.005512762349098921
12672,0.006351756397634745
12673,0.005833513103425503
12674,0.005361266899853945
12675,0.005685873795300722
12676,0.005930071230977774
12677,0.00633501261472702
12678,0.005584294907748699
12679,0.006843249313533306
12680,0.0058128125965595245
12681,0.006408377084881067
12682,0.006193599663674831
12683,0.005704053211957216
12684,0.005803588777780533
12685,0.006331832613795996
12686,0.00585652282461524
12687,0.006454516667872667
12688,0.006544134579598904
12689,0.006933523342013359
12690,0.005497829057276249
12691,0.0063423896208405495
12692,0.0059431265108287334
12693,0.006774481385946274
12694,0.006487845443189144
12695,0.006599421612918377
12696,0.0056500742211937904
12697,0.005939805414527655
12698,0.005664252210408449
12699,0.006360440049320459
12700,0.006423149723559618
12701,0.005943866912275553
12702,0.00580616993829608
12703,0.005882798228412867
12704,0.006460655014961958
12705,0.005534569267183542
12706,0.006998313125222921
12707,0.005722141824662685
12708,0.006651090923696756
12709,0.005942274816334248
12710,0.005911895539611578
12711,0.00604358920827508
12712,0.006093284580856562
12713,0.006454036571085453
12714,0.006187319289892912
12715,0.005889698397368193
12716,0.006244712509214878
12717,0.006730097811669111
12718,0.005768414121121168
12719,0.005889310035854578
12720,0.005548121873289347
12721,0.005540512967854738
12722,0.005516184959560633
12723,0.006678479723632336
12724,0.005423572845757008
12725,0.005912116728723049
12726,0.0059806047938764095
12727,0.005854742135852575
12728,0.00588892912492156
12729,0.006861882749944925
12730,0.0056727370247244835
12731,0.006610112730413675
12732,0.006268627010285854
12733,0.006154544185847044
12734,0.006346652749925852
12735,0.006830871570855379
12736,0.005923890974372625
12737,0.006033580284565687
12738,0.006110880058258772
12739,0.0061140102334320545
12740,0.006602016743272543
12741,0.005655120126903057
12742,0.005925199948251247
12743,0.006086015608161688
12744,0.005004354752600193
12745,0.007125312462449074
12746,0.006138069089502096
12747,0.006309922784566879
12748,0.0068341027945280075
12749,0.005808256566524506
12750,0.00516198854893446
12751,0.006515136919915676
12752,0.005984169896692038
12753,0.006214423570781946
12754,0.006580743473023176
12755,0.005877682939171791
12756,0.0068022157065570354
12757,0.005407292861491442
12758,0.005760290659964085
12759,0.006770105566829443
12760,0.007147656287997961
12761,0.005493904463946819
12762,0.006248935591429472
12763,0.006800319533795118
12764,0.00647819833829999
12765,0.005053787957876921
12766,0.006445586681365967
12767,0.007197889499366283
12768,0.005836137570440769
12769,0.006880478002130985
12770,0.006409415043890476
12771,0.006372165400534868
12772,0.006637872662395239
12773,0.006299717351794243
12774,0.005236387252807617
12775,0.005906742997467518
12776,0.007179629988968372
12777,0.005898345727473497
12778,0.005396706517785788
12779,0.005866892170161009
12780,0.005377661902457476
12781,0.00548746669664979
12782,0.006195280700922012
12783,0.006278419401496649
12784,0.006037223618477583
12785,0.005803440697491169
12786,0.005970343016088009
12787,0.00671195425093174
12788,0.006055175326764584
12789,0.006228228099644184
12790,0.005512285511940718
12791,0.006065634079277515
12792,0.005719376262277365
12793,0.005979624576866627
12794,0.006469340994954109
12795,0.005912185646593571
12796,0.005833115894347429
12797,0.006392487324774265
12798,0.006890015210956335
12799,0.007716239895671606
12800,0.0053366925567388535
12801,0.005832573398947716
12802,0.005700123030692339
12803,0.005846095737069845
12804,0.006375134456902742
12805,0.006006845273077488
12806,0.006293731275945902
12807,0.005777708720415831
12808,0.006328956689685583
12809,0.007129146251827478
12810,0.006268441677093506
12811,0.006314442493021488
12812,0.005864173173904419
12813,0.005632721818983555
12814,0.006796782370656729
12815,0.0056600915268063545
12816,0.005834532901644707
12817,0.0059585790149867535
12818,0.0065846312791109085
12819,0.006040820851922035
12820,0.006535890977829695
12821,0.006795960478484631
12822,0.005886239465326071
12823,0.006184173747897148
12824,0.006905193906277418
12825,0.005584113299846649
12826,0.006408086512237787
12827,0.006811950821429491
12828,0.005819638725370169
12829,0.005766212474554777
12830,0.006495615467429161
12831,0.005348644219338894
12832,0.005425001494586468
12833,0.005692611448466778
12834,0.006362308748066425
12835,0.00660807266831398
12836,0.006831459701061249
12837,0.006472868844866753
12838,0.006377192679792643
12839,0.005994534119963646
12840,0.006603871937841177
12841,0.005519710946828127
12842,0.006542541552335024
12843,0.006446383893489838
12844,0.006058868952095509
12845,0.006394748575985432
12846,0.00622746255248785
12847,0.005661081522703171
12848,0.006091868504881859
12849,0.005640700459480286
12850,0.005932836793363094
12851,0.005724698770791292
12852,0.006698843091726303
12853,0.005725473631173372
12854,0.00629859184846282
12855,0.006132019683718681
12856,0.0066969976760447025
12857,0.005940390285104513
12858,0.005920141935348511
12859,0.006319214124232531
12860,0.006261289585381746
12861,0.006373982410877943
12862,0.006476263515651226
12863,0.005387064069509506
12864,0.006696951575577259
12865,0.006288223434239626
12866,0.0065317279659211636
12867,0.005899252835661173
12868,0.006180870812386274
12869,0.005755186080932617
12870,0.005716814659535885
12871,0.007248224690556526
12872,0.0064381943084299564
12873,0.0060835727490484715
12874,0.006182713899761438
12875,0.006213942542672157
12876,0.005481221247464418
12877,0.005284832324832678
12878,0.006985096726566553
12879,0.006428874097764492
12880,0.005235354416072369
12881,0.0057383691892027855
12882,0.006231293082237244
12883,0.006309598684310913
12884,0.00640166737139225
12885,0.006709178443998098
12886,0.005739223677664995
12887,0.006010651588439941
12888,0.006631607189774513
12889,0.006236344110220671
12890,0.006383854430168867
12891,0.007561327889561653
12892,0.006138151045888662
12893,0.006426834501326084
12894,0.005402351729571819
12895,0.006270516198128462
12896,0.0061782668344676495
12897,0.006728955544531345
12898,0.005483707878738642
12899,0.00637878617271781
12900,0.006030441727489233
12901,0.005873735528439283
12902,0.006338929291814566
12903,0.00577697204425931
12904,0.0062314290553331375
12905,0.007102672476321459
12906,0.0053443629294633865
12907,0.00627616373822093
12908,0.006566063966602087
12909,0.006320426240563393
12910,0.006251472048461437
12911,0.006166642531752586
12912,0.005886486731469631
12913,0.005572461057454348
12914,0.005871403031051159
12915,0.006473726127296686
12916,0.007438553497195244
12917,0.0057263365015387535
12918,0.00667177326977253
12919,0.007109286729246378
12920,0.004894126206636429
12921,0.006425762549042702
12922,0.0057523418217897415
12923,0.005607184022665024
12924,0.005924373399466276
12925,0.00558880902826786
12926,0.005650951061397791
12927,0.007004959974437952
12928,0.005718863569200039
12929,0.006074640434235334
12930,0.005955496337264776
12931,0.006754271686077118
12932,0.006405949126929045
12933,0.006246325559914112
12934,0.006734697613865137
12935,0.004821304697543383
12936,0.006024166941642761
12937,0.006846717558801174
12938,0.004965472035109997
12939,0.005696848966181278
12940,0.006272491067647934
12941,0.00686834380030632
12942,0.006208415608853102
12943,0.005476076155900955
12944,0.005729798227548599
12945,0.006165522150695324
12946,0.005817293189466
12947,0.006926849018782377
12948,0.006225268356502056
12949,0.005171228665858507
12950,0.005346023477613926
12951,0.006295124534517527
12952,0.006090992596000433
12953,0.006243229378014803
12954,0.006054483354091644
12955,0.006723558995872736
12956,0.006630433723330498
12957,0.0056676738895475864
12958,0.007049767766147852
12959,0.006143378093838692
12960,0.006355588324368
12961,0.006646915804594755
12962,0.006069750525057316
12963,0.007010304369032383
12964,0.005687198601663113
12965,0.006265048403292894
12966,0.006436169613152742
12967,0.005952131934463978
12968,0.005586180370301008
12969,0.005609660875052214
12970,0.0067722611129283905
12971,0.006305937189608812
12972,0.005540225189179182
12973,0.006808003410696983
12974,0.005607845261693001
12975,0.006646252702921629
12976,0.006287513300776482
12977,0.0052544595673680305
12978,0.005476961378008127
12979,0.006167424842715263
12980,0.005724720656871796
12981,0.00598954176530242
12982,0.005884730257093906
12983,0.005647898651659489
12984,0.006201667711138725
12985,0.005204718094319105
12986,0.005419163499027491
12987,0.006222384516149759
12988,0.006370739545673132
12989,0.006823158357292414
12990,0.0073498389683663845
12991,0.006293801590800285
12992,0.005478639621287584
12993,0.006153100170195103
12994,0.006031632889062166
12995,0.005847499705851078
12996,0.005910987500101328
12997,0.005553347524255514
12998,0.005471949465572834
12999,0.005918434355407953
13000,0.006386016961187124
13001,0.006629662588238716
13002,0.0063611604273319244
13003,0.0056389872916042805
13004,0.0071337600238621235
13005,0.00699619809165597
13006,0.005702037364244461
13007,0.00594168109819293
13008,0.006875603459775448
13009,0.004929961636662483
13010,0.005885845981538296
13011,0.005295335780829191
13012,0.006047507282346487
13013,0.006740494631230831
13014,0.006569068878889084
13015,0.005683131515979767
13016,0.00480460561811924
13017,0.005726165603846312
13018,0.005956463981419802
13019,0.0060629150830209255
13020,0.005704259034246206
13021,0.006013985723257065
13022,0.00561055401340127
13023,0.005811761133372784
13024,0.005650852341204882
13025,0.005118286237120628
13026,0.005490594077855349
13027,0.005660325288772583
13028,0.005941957700997591
13029,0.006463946308940649
13030,0.005997017025947571
13031,0.005552147515118122
13032,0.006339844316244125
13033,0.005593643989413977
13034,0.004953555762767792
13035,0.006261488422751427
13036,0.005789442453533411
13037,0.006850582547485828
13038,0.006529449485242367
13039,0.0058458466082811356
13040,0.006404011510312557
13041,0.005996330641210079
13042,0.0058406745083630085
13043,0.0068268240429461
13044,0.006809425074607134
13045,0.006337492261081934
13046,0.005942892748862505
13047,0.006187997758388519
13048,0.005315075628459454
13049,0.005851041525602341
13050,0.005493497475981712
13051,0.006234670523554087
13052,0.0063529107719659805
13053,0.006285975221544504
13054,0.005941986571997404
13055,0.005573048256337643
13056,0.006332844030112028
13057,0.0065506985411047935
13058,0.005746049806475639
13059,0.0069105722941458225
13060,0.00563737191259861
13061,0.006157811265438795
13062,0.006444739177823067
13063,0.005437100771814585
13064,0.006531932391226292
13065,0.005953526124358177
13066,0.004893462173640728
13067,0.005364561919122934
13068,0.006122320890426636
13069,0.005803275853395462
13070,0.00535963848233223
13071,0.005456749349832535
13072,0.0062357462011277676
13073,0.006844547111541033
13074,0.005704305600374937
13075,0.005370674189180136
13076,0.005914384964853525
13077,0.004743676166981459
13078,0.005309774540364742
13079,0.006194261368364096
13080,0.005239254329353571
13081,0.005504600238054991
13082,0.005792625714093447
13083,0.005735714454203844
13084,0.006155656185001135
13085,0.006230843253433704
13086,0.006825373973697424
13087,0.005424761679023504
13088,0.006157064810395241
13089,0.006651146803051233
13090,0.006902478635311127
13091,0.006305287126451731
13092,0.006315308157354593
13093,0.006490436848253012
13094,0.005911699961870909
13095,0.006138493772596121
13096,0.00680994288995862
13097,0.005845099687576294
13098,0.0063888258300721645
13099,0.006355893332511187
13100,0.006257928442209959
13101,0.006429231259971857
13102,0.005877901334315538
13103,0.007172469049692154
13104,0.006080498918890953
13105,0.005724441260099411
13106,0.0063395113684237
13107,0.0061758714728057384
13108,0.007695974316447973
13109,0.006392463576048613
13110,0.0060722483322024345
13111,0.006217144429683685
13112,0.005659160204231739
13113,0.0062976377084851265
13114,0.005949599668383598
13115,0.0056878733448684216
13116,0.005844074301421642
13117,0.006153796799480915
13118,0.005997417960315943
13119,0.005868920590728521
13120,0.005656206514686346
13121,0.0058182040229439735
13122,0.006229553371667862
13123,0.005928984843194485
13124,0.005527825560420752
13125,0.006359984632581472
13126,0.0058230250142514706
13127,0.005366811063140631
13128,0.005047776270657778
13129,0.006343653425574303
13130,0.0069155157543718815
13131,0.005475338082760572
13132,0.00692844670265913
13133,0.005989537574350834
13134,0.00674686674028635
13135,0.006337183993309736
13136,0.006515129003673792
13137,0.0062113674357533455
13138,0.005184666719287634
13139,0.005225829314440489
13140,0.0065640974789857864
13141,0.0067864879965782166
13142,0.006535302381962538
13143,0.005824181251227856
13144,0.00639570876955986
13145,0.006190589163452387
13146,0.005993129685521126
13147,0.005252195056527853
13148,0.006769224070012569
13149,0.00627413485199213
13150,0.005627216771245003
13151,0.006084772292524576
13152,0.005661599803715944
13153,0.0061514838598668575
13154,0.006461707875132561
13155,0.006223753560334444
13156,0.0056523773819208145
13157,0.0059323362074792385
13158,0.006199558265507221
13159,0.006048304028809071
13160,0.005891478154808283
13161,0.0059989867731928825
13162,0.006591831799596548
13163,0.006198484916239977
13164,0.0065348781645298
13165,0.0056665330193936825
13166,0.005321018397808075
13167,0.005951420869678259
13168,0.005955312866717577
13169,0.006917975377291441
13170,0.005973014049232006
13171,0.005919711198657751
13172,0.005731280893087387
13173,0.005733493249863386
13174,0.006881561130285263
13175,0.006283428519964218
13176,0.005478887353092432
13177,0.006630735006183386
13178,0.00568196177482605
13179,0.005953527521342039
13180,0.005636853631585836
13181,0.005730310454964638
13182,0.005577988922595978
13183,0.006151692476123571
13184,0.0054060425609350204
13185,0.00652239378541708
13186,0.00591609813272953
13187,0.006252444349229336
13188,0.005733071360737085
13189,0.006871928460896015
13190,0.005418593063950539
13191,0.006076956633478403
13192,0.00553106190636754
13193,0.0058169299736619
13194,0.006223814096301794
13195,0.006669007707387209
13196,0.006603078916668892
13197,0.006319673731923103
13198,0.005918484181165695
13199,0.005882519297301769
13200,0.006426663603633642
13201,0.005751041695475578
13202,0.005477872211486101
13203,0.005992843769490719
13204,0.0068533699959516525
13205,0.005641651339828968
13206,0.005222168751060963
13207,0.0059117516502738
13208,0.0052570472471416
13209,0.005840909201651812
13210,0.005684720817953348
13211,0.005931163672357798
13212,0.006602555979043245
13213,0.006332829128950834
13214,0.005676985718309879
13215,0.005139581859111786
13216,0.006096736062318087
13217,0.006175472401082516
13218,0.0060112797655165195
13219,0.005427047144621611
13220,0.006050387863069773
13221,0.006416086573153734
13222,0.006171320099383593
13223,0.005653463304042816
13224,0.007044417783617973
13225,0.0052956328727304935
13226,0.006015208084136248
13227,0.00681232800707221
13228,0.005717464257031679
13229,0.005766136106103659
13230,0.005649722646921873
13231,0.005515492521226406
13232,0.0064353239722549915
13233,0.00534810870885849
13234,0.006715321913361549
13235,0.006264760624617338
13236,0.006353392265737057
13237,0.00571559788659215
13238,0.005789094138890505
13239,0.00749886455014348
13240,0.005880744196474552
13241,0.0055763497948646545
13242,0.005577271804213524
13243,0.0067265708930790424
13244,0.006770977284759283
13245,0.0057880026288330555
13246,0.007129197474569082
13247,0.006199780851602554
13248,0.006094965618103743
13249,0.005882052704691887
13250,0.0059318882413208485
13251,0.006550130899995565
13252,0.0062317983247339725
13253,0.005291784647852182
13254,0.0057113696821033955
13255,0.006476253736764193
13256,0.006274339742958546
13257,0.0061421156860888
13258,0.005005265586078167
13259,0.006210369989275932
13260,0.005443237256258726
13261,0.00696950638666749
13262,0.005667334888130426
13263,0.005435983184725046
13264,0.006938852835446596
13265,0.006242589093744755
13266,0.006718005985021591
13267,0.0062842289917171
13268,0.006835314445197582
13269,0.005830224137753248
13270,0.005899648182094097
13271,0.005787514615803957
13272,0.004975328221917152
13273,0.005935210268944502
13274,0.005525150336325169
13275,0.00584547221660614
13276,0.005902367178350687
13277,0.005401959642767906
13278,0.005681153386831284
13279,0.005016939714550972
13280,0.006204103585332632
13281,0.0060174898244440556
13282,0.004939836449921131
13283,0.005452747922390699
13284,0.005725451745092869
13285,0.00690488563850522
13286,0.005775618366897106
13287,0.0053811282850801945
13288,0.006419504527002573
13289,0.005581840872764587
13290,0.0047526126727461815
13291,0.007094190455973148
13292,0.005510753020644188
13293,0.005496179219335318
13294,0.006103215739130974
13295,0.0058093927800655365
13296,0.006092466879636049
13297,0.005995116662234068
13298,0.005872336681932211
13299,0.005656848195940256
13300,0.005062692798674107
13301,0.005806754343211651
13302,0.005460912361741066
13303,0.006849948316812515
13304,0.006300485227257013
13305,0.005985091906040907
13306,0.006330820266157389
13307,0.006043822038918734
13308,0.005543590523302555
13309,0.00668053375557065
13310,0.005947934463620186
13311,0.0064887432381510735
13312,0.006215017754584551
13313,0.006779973395168781
13314,0.005343894008547068
13315,0.005676170811057091
13316,0.00648122513666749
13317,0.006130905356258154
13318,0.005663965363055468
13319,0.006604221649467945
13320,0.005724343005567789
13321,0.006247625220566988
13322,0.005886697676032782
13323,0.006912832614034414
13324,0.005637964233756065
13325,0.006011097691953182
13326,0.005455793347209692
13327,0.006468469277024269
13328,0.006148925982415676
13329,0.006481098476797342
13330,0.00614151218906045
13331,0.0065569207072257996
13332,0.006094270385801792
13333,0.005571545101702213
13334,0.006820079870522022
13335,0.006080068647861481
13336,0.005995260085910559
13337,0.005823084618896246
13338,0.0064240857027471066
13339,0.005298955831676722
13340,0.005954306107014418
13341,0.006195396184921265
13342,0.004877601284533739
13343,0.006329416763037443
13344,0.007339618168771267
13345,0.006126651540398598
13346,0.005271413829177618
13347,0.005738616921007633
13348,0.005320419557392597
13349,0.005936092231422663
13350,0.006368530448526144
13351,0.006379337981343269
13352,0.005793953780084848
13353,0.006109512411057949
13354,0.0056374091655015945
13355,0.005937527399510145
13356,0.005901593714952469
13357,0.0056706625036895275
13358,0.005044089630246162
13359,0.006595400627702475
13360,0.006985803134739399
13361,0.006410126108676195
13362,0.005597533192485571
13363,0.00672798091545701
13364,0.005526260007172823
13365,0.0058532352559268475
13366,0.005839348305016756
13367,0.00661037303507328
13368,0.006351901218295097
13369,0.005799758248031139
13370,0.006526957731693983
13371,0.005883942823857069
13372,0.007062011864036322
13373,0.0057331956923007965
13374,0.006522304378449917
13375,0.005455327220261097
13376,0.006145937833935022
13377,0.006653773132711649
13378,0.00615796260535717
13379,0.005326481536030769
13380,0.006507141049951315
13381,0.0054701631888747215
13382,0.0054473006166517735
13383,0.006813014857470989
13384,0.0060670324601233006
13385,0.005862382240593433
13386,0.006977239158004522
13387,0.005842110607773066
13388,0.006759313866496086
13389,0.006215884815901518
13390,0.005914958193898201
13391,0.005509428679943085
13392,0.00573918828740716
13393,0.006437830161303282
13394,0.006146194878965616
13395,0.005852474831044674
13396,0.0061485557816922665
13397,0.006681831553578377
13398,0.005774935707449913
13399,0.00569651136174798
13400,0.006398417986929417
13401,0.005627935286611319
13402,0.005993532482534647
13403,0.005438673309981823
13404,0.005601534619927406
13405,0.005443330854177475
13406,0.005953280720859766
13407,0.0053421021439135075
13408,0.005990519654005766
13409,0.0058068400248885155
13410,0.005808604881167412
13411,0.005491564050316811
13412,0.006869035307317972
13413,0.006146612111479044
13414,0.0060853478498756886
13415,0.006698424927890301
13416,0.005843447055667639
13417,0.005400129593908787
13418,0.006014964077621698
13419,0.007014730479568243
13420,0.005614916794002056
13421,0.006669322028756142
13422,0.006311074364930391
13423,0.005357793066650629
13424,0.0060355463065207005
13425,0.0055669937282800674
13426,0.005444088950753212
13427,0.0055051338858902454
13428,0.005625521764159203
13429,0.0062889838591217995
13430,0.005871185101568699
13431,0.006393854506313801
13432,0.006885387469083071
13433,0.004872375633567572
13434,0.006011017598211765
13435,0.006230437196791172
13436,0.005507034249603748
13437,0.00660766800865531
13438,0.006409458816051483
13439,0.005084598902612925
13440,0.006371666677296162
13441,0.00609350111335516
13442,0.005039604846388102
13443,0.005505163688212633
13444,0.006158118601888418
13445,0.006038247607648373
13446,0.00529149966314435
13447,0.0063925329595804214
13448,0.006239405367523432
13449,0.006535899825394154
13450,0.005571453832089901
13451,0.005807515699416399
13452,0.005094969645142555
13453,0.0057843090035021305
13454,0.006348223425447941
13455,0.005628124810755253
13456,0.006966595537960529
13457,0.0060968538746237755
13458,0.005537834484130144
13459,0.0067308382131159306
13460,0.00617636926472187
13461,0.005310986656695604
13462,0.005819291342049837
13463,0.005498211365193129
13464,0.006311552599072456
13465,0.006130261346697807
13466,0.005768395960330963
13467,0.0059987809509038925
13468,0.005872087087482214
13469,0.006038273684680462
13470,0.005685022566467524
13471,0.007459957152605057
13472,0.006219186820089817
13473,0.006759656127542257
13474,0.006344715598970652
13475,0.0064687528647482395
13476,0.0053311558440327644
13477,0.005584866274148226
13478,0.005304569844156504
13479,0.005351678002625704
13480,0.005206774454563856
13481,0.005838900804519653
13482,0.0070118666626513
13483,0.00650791684165597
13484,0.0058822608552873135
13485,0.005518365651369095
13486,0.006171499844640493
13487,0.006284208502620459
13488,0.006808876059949398
13489,0.005832276772707701
13490,0.005821413826197386
13491,0.00630553625524044
13492,0.005948074162006378
13493,0.0058173080906271935
13494,0.005514921620488167
13495,0.006447630934417248
13496,0.005685501266270876
13497,0.006351527292281389
13498,0.0063161589205265045
13499,0.005816920194774866
13500,0.005097686313092709
13501,0.005978982895612717
13502,0.005337190348654985
13503,0.0049721114337444305
13504,0.007362239062786102
13505,0.005834669806063175
13506,0.005897303111851215
13507,0.006178076844662428
13508,0.005401927512139082
13509,0.0064724646508693695
13510,0.006094723008573055
13511,0.006096149794757366
13512,0.006490874569863081
13513,0.006464558187872171
13514,0.007037120405584574
13515,0.0060091144405305386
13516,0.006022816989570856
13517,0.005516794975847006
13518,0.006185131147503853
13519,0.005948851816356182
13520,0.006191666703671217
13521,0.005744728725403547
13522,0.006252175197005272
13523,0.006036076694726944
13524,0.006141312886029482
13525,0.0057973978109657764
13526,0.007365143392235041
13527,0.005698498338460922
13528,0.005681420210748911
13529,0.005946839228272438
13530,0.005663109477609396
13531,0.005317452363669872
13532,0.006041737273335457
13533,0.005976080894470215
13534,0.0056652189232409
13535,0.00615538889542222
13536,0.005649849306792021
13537,0.005510150454938412
13538,0.006724802777171135
13539,0.006395195610821247
13540,0.005618926603347063
13541,0.006100388243794441
13542,0.006128598470240831
13543,0.0054240962490439415
13544,0.005993894767016172
13545,0.005668027326464653
13546,0.006010356824845076
13547,0.0062985713593661785
13548,0.00533860782161355
13549,0.005956409033387899
13550,0.006253494881093502
13551,0.007032746449112892
13552,0.005320127122104168
13553,0.0057455506175756454
13554,0.005823100451380014
13555,0.0063684550113976
13556,0.006436147261410952
13557,0.004657222889363766
13558,0.005214960314333439
13559,0.006923746783286333
13560,0.006076605059206486
13561,0.006477879825979471
13562,0.00672222301363945
13563,0.0060540311969816685
13564,0.006430201698094606
13565,0.005993726663291454
13566,0.0056912838481366634
13567,0.006249753292649984
13568,0.005929012317210436
13569,0.005865070037543774
13570,0.005546400789171457
13571,0.006330966483801603
13572,0.004989561624825001
13573,0.0059297820553183556
13574,0.006297239568084478
13575,0.005667460151016712
13576,0.005589222069829702
13577,0.006299895234405994
13578,0.006795083172619343
13579,0.006392931565642357
13580,0.004987537395209074
13581,0.005625387653708458
13582,0.00587959261611104
13583,0.005936963949352503
13584,0.006085601169615984
13585,0.005383652169257402
13586,0.005363835021853447
13587,0.0064974017441272736
13588,0.00641635013744235
13589,0.006251456681638956
13590,0.0062988921999931335
13591,0.0068069640547037125
13592,0.0060685561038553715
13593,0.006373504642397165
13594,0.005991369020193815
13595,0.005162024404853582
13596,0.006504368968307972
13597,0.005722003988921642
13598,0.006112745497375727
13599,0.005988170858472586
13600,0.006616886239498854
13601,0.006570363417267799
13602,0.006196868605911732
13603,0.006467605009675026
13604,0.005952310282737017
13605,0.005510438699275255
13606,0.0065992046147584915
13607,0.0062773581594228745
13608,0.006178665440529585
13609,0.005892183631658554
13610,0.005965201184153557
13611,0.006143604405224323
13612,0.005015443544834852
13613,0.005888707935810089
13614,0.004696412943303585
13615,0.00589376874268055
13616,0.00676763104274869
13617,0.006996233481913805
13618,0.006332057993859053
13619,0.006296979729086161
13620,0.0064803860150277615
13621,0.005971773061901331
13622,0.005776889156550169
13623,0.0064079491421580315
13624,0.006184541154652834
13625,0.0058016167022287846
13626,0.006044410169124603
13627,0.006131148897111416
13628,0.004802057985216379
13629,0.0057266042567789555
13630,0.005667556077241898
13631,0.006143444683402777
13632,0.005316664464771748
13633,0.0062287370674312115
13634,0.006144954822957516
13635,0.0053441813215613365
13636,0.005954370368272066
13637,0.005783988628536463
13638,0.0062448130920529366
13639,0.006033534649759531
13640,0.006916592363268137
13641,0.005816221237182617
13642,0.005964997690171003
13643,0.006064633838832378
13644,0.0061718071810901165
13645,0.006440598983317614
13646,0.00594621617347002
13647,0.006493845023214817
13648,0.006300546694546938
13649,0.006171188782900572
13650,0.005621810909360647
13651,0.0052309236489236355
13652,0.00567452609539032
13653,0.005949803162366152
13654,0.0058369990438222885
13655,0.006016375031322241
13656,0.005894892383366823
13657,0.005789715331047773
13658,0.0051790629513561726
13659,0.005996833089739084
13660,0.005170546937733889
13661,0.005312865134328604
13662,0.0056279911659657955
13663,0.006642511580139399
13664,0.004895713645964861
13665,0.004895384889096022
13666,0.005876944866031408
13667,0.006253838073462248
13668,0.005155349615961313
13669,0.006665331777185202
13670,0.006544667296111584
13671,0.005820886697620153
13672,0.005946556571871042
13673,0.0066290549002587795
13674,0.004967562388628721
13675,0.005888038314878941
13676,0.006150371860712767
13677,0.005831907968968153
13678,0.006247935350984335
13679,0.006134265102446079
13680,0.005622909404337406
13681,0.005863111931830645
13682,0.006317751482129097
13683,0.006216459441930056
13684,0.005539258010685444
13685,0.006459558382630348
13686,0.006539870519191027
13687,0.005486764945089817
13688,0.006395064294338226
13689,0.005111172795295715
13690,0.005303108133375645
13691,0.00585449393838644
13692,0.00587871391326189
13693,0.005868497770279646
13694,0.005794603377580643
13695,0.00553463539108634
13696,0.005824570078402758
13697,0.005372918210923672
13698,0.005158456973731518
13699,0.006352745927870274
13700,0.005129804369062185
13701,0.005601131357252598
13702,0.005901297554373741
13703,0.005957202985882759
13704,0.004896438214927912
13705,0.005636290181428194
13706,0.0055407932959496975
13707,0.005761538632214069
13708,0.0054621328599750996
13709,0.0063659572042524815
13710,0.005614512600004673
13711,0.005447034724056721
13712,0.0049493685364723206
13713,0.006001157686114311
13714,0.00564186554402113
13715,0.006849371362477541
13716,0.005521276965737343
13717,0.005589867942035198
13718,0.0054640700109303
13719,0.00585060752928257
13720,0.006820590700954199
13721,0.005594559013843536
13722,0.005189827643334866
13723,0.00669352151453495
13724,0.005802184343338013
13725,0.00628261175006628
13726,0.0058607435785233974
13727,0.005757501814514399
13728,0.00564443739131093
13729,0.004971856251358986
13730,0.005881515331566334
13731,0.005212937947362661
13732,0.00618048757314682
13733,0.005632104352116585
13734,0.006274241954088211
13735,0.006332888267934322
13736,0.006693457718938589
13737,0.005535731557756662
13738,0.006143847480416298
13739,0.005610578693449497
13740,0.006377380341291428
13741,0.005359451752156019
13742,0.006157643161714077
13743,0.005961047951132059
13744,0.006719526834785938
13745,0.006581602152436972
13746,0.0048339879140257835
13747,0.006207467056810856
13748,0.005725695751607418
13749,0.006518437061458826
13750,0.00540125323459506
13751,0.005951348692178726
13752,0.005912605673074722
13753,0.006193498149514198
13754,0.005657924804836512
13755,0.005856210831552744
13756,0.004866503644734621
13757,0.006937854457646608
13758,0.006738163065165281
13759,0.005413374397903681
13760,0.0068686241284012794
13761,0.005624761339277029
13762,0.006044329609721899
13763,0.006308008451014757
13764,0.006321866065263748
13765,0.005837390199303627
13766,0.005921635311096907
13767,0.00599776953458786
13768,0.005963687319308519
13769,0.005863228812813759
13770,0.005712296348065138
13771,0.00594896636903286
13772,0.005793062970042229
13773,0.006413220893591642
13774,0.005825775675475597
13775,0.006858786568045616
13776,0.005565723869949579
13777,0.0048355842009186745
13778,0.006810346618294716
13779,0.0058050393126904964
13780,0.006032077129930258
13781,0.00663143303245306
13782,0.005277042742818594
13783,0.0045182351022958755
13784,0.004695705138146877
13785,0.005861172918230295
13786,0.0075040049850940704
13787,0.005868725478649139
13788,0.005433232523500919
13789,0.0060786716639995575
13790,0.006111317314207554
13791,0.005792859476059675
13792,0.006169390399008989
13793,0.005459755193442106
13794,0.005839373450726271
13795,0.005483448039740324
13796,0.004995962139219046
13797,0.005750035401433706
13798,0.005908113904297352
13799,0.005198237020522356
13800,0.006354163866490126
13801,0.0056417835876345634
13802,0.006399900186806917
13803,0.005870289169251919
13804,0.005773457232862711
13805,0.006380773615092039
13806,0.006120775360614061
13807,0.005299869924783707
13808,0.006068955175578594
13809,0.005892001558095217
13810,0.0063580963760614395
13811,0.0053713880479335785
13812,0.006249489728361368
13813,0.005496153142303228
13814,0.005846294108778238
13815,0.0062553188763558865
13816,0.00594358891248703
13817,0.006414162460714579
13818,0.005326986778527498
13819,0.005706761032342911
13820,0.006966111715883017
13821,0.006247316021472216
13822,0.005403269547969103
13823,0.006002803798764944
13824,0.005817522294819355
13825,0.006797498557716608
13826,0.005798066966235638
13827,0.006290262099355459
13828,0.00558563694357872
13829,0.005337115377187729
13830,0.004881938453763723
13831,0.0062743122689425945
13832,0.005574372597038746
13833,0.0060064056888222694
13834,0.0057651749812066555
13835,0.0057819378562271595
13836,0.006666611414402723
13837,0.005936841014772654
13838,0.006052674725651741
13839,0.006372826639562845
13840,0.005980595480650663
13841,0.006467168219387531
13842,0.004855850711464882
13843,0.006737816613167524
13844,0.006215412635356188
13845,0.00491020642220974
13846,0.005013987887650728
13847,0.004849941004067659
13848,0.005421025212854147
13849,0.005875134840607643
13850,0.00525612523779273
13851,0.005483158864080906
13852,0.005629370920360088
13853,0.0063771940767765045
13854,0.00557328574359417
13855,0.005388941615819931
13856,0.006047680042684078
13857,0.0055772108025848866
13858,0.005497898906469345
13859,0.005570050794631243
13860,0.005924629978835583
13861,0.005087754223495722
13862,0.006013668142259121
13863,0.00585548672825098
13864,0.00573455635458231
13865,0.005896029528230429
13866,0.00625899713486433
13867,0.005801629275083542
13868,0.005969217512756586
13869,0.007456991355866194
13870,0.005131042096763849
13871,0.006020554807037115
13872,0.004986737854778767
13873,0.005894860252737999
13874,0.0064814407378435135
13875,0.006144675426185131
13876,0.007670796010643244
13877,0.006082518491894007
13878,0.005654086358845234
13879,0.005415723193436861
13880,0.005313018336892128
13881,0.006607787683606148
13882,0.005762005224823952
13883,0.005127741955220699
13884,0.005034431349486113
13885,0.005356607958674431
13886,0.006146364379674196
13887,0.004969752859324217
13888,0.005740886554121971
13889,0.005183106288313866
13890,0.0059933289885520935
13891,0.005495925433933735
13892,0.006060340907424688
13893,0.0060877809301018715
13894,0.0058828736655414104
13895,0.006361763458698988
13896,0.0059688095934689045
13897,0.006451771594583988
13898,0.005741152446717024
13899,0.006266406271606684
13900,0.00616700854152441
13901,0.006490267813205719
13902,0.006291245575994253
13903,0.005876308307051659
13904,0.006331823766231537
13905,0.006291242782026529
13906,0.00557701988145709
13907,0.004870166070759296
13908,0.00652815867215395
13909,0.005882107652723789
13910,0.005743954796344042
13911,0.005508637987077236
13912,0.006236860528588295
13913,0.00708954781293869
13914,0.006100282073020935
13915,0.006046245340257883
13916,0.00671661552041769
13917,0.005421784706413746
13918,0.006352546624839306
13919,0.006120556034147739
13920,0.005896738730370998
13921,0.005412527360022068
13922,0.006510302424430847
13923,0.005900808144360781
13924,0.004923815373331308
13925,0.006604161113500595
13926,0.005834789015352726
13927,0.00563342310488224
13928,0.006796310655772686
13929,0.005015263333916664
13930,0.005570300854742527
13931,0.005480737891048193
13932,0.006812187377363443
13933,0.006163683719933033
13934,0.0060063619166612625
13935,0.005635323468595743
13936,0.005780859850347042
13937,0.0053495727479457855
13938,0.005906039383262396
13939,0.006323716603219509
13940,0.006405991967767477
13941,0.005687470082193613
13942,0.005364574957638979
13943,0.005545210093259811
13944,0.005870778579264879
13945,0.00591809069737792
13946,0.004744197241961956
13947,0.006495402194559574
13948,0.005860422272235155
13949,0.005677906330674887
13950,0.006969186011701822
13951,0.005485672503709793
13952,0.006030507851392031
13953,0.0062370337545871735
13954,0.005867872852832079
13955,0.006043337285518646
13956,0.00540026742964983
13957,0.005584987346082926
13958,0.005816029384732246
13959,0.005418286193162203
13960,0.0058981431648135185
13961,0.006344834808260202
13962,0.005554201081395149
13963,0.004946128465235233
13964,0.0062433830462396145
13965,0.006420225370675325
13966,0.005848579574376345
13967,0.0065181683748960495
13968,0.006332761608064175
13969,0.00515120942145586
13970,0.0061597637832164764
13971,0.005021053832024336
13972,0.006725379731506109
13973,0.006334471516311169
13974,0.005201146472245455
13975,0.00670332508161664
13976,0.0063841440714895725
13977,0.006066503003239632
13978,0.005376181565225124
13979,0.005077423993498087
13980,0.00593953300267458
13981,0.005369155202060938
13982,0.0055827731266617775
13983,0.006186944432556629
13984,0.006090106442570686
13985,0.0057328371331095695
13986,0.005644981749355793
13987,0.006084475666284561
13988,0.006627645809203386
13989,0.005425050854682922
13990,0.006112402305006981
13991,0.005885749123990536
13992,0.00596249382942915
13993,0.00528911454603076
13994,0.005518736317753792
13995,0.006051029544323683
13996,0.006563544739037752
13997,0.00563425850123167
13998,0.005469107069075108
13999,0.005196401383727789
14000,0.005389203783124685
14001,0.006130112335085869
14002,0.0063170986250042915
14003,0.00668300362303853
14004,0.005515377502888441
14005,0.006281091831624508
14006,0.006350560113787651
14007,0.005473811645060778
14008,0.006354026962071657
14009,0.006107860244810581
14010,0.006040860898792744
14011,0.006163093727082014
14012,0.00581551855430007
14013,0.005009450018405914
14014,0.005759758409112692
14015,0.0057935407385230064
14016,0.005938914138823748
14017,0.005508311092853546
14018,0.006278815679252148
14019,0.00644602719694376
14020,0.005895376205444336
14021,0.00636613043025136
14022,0.005692436825484037
14023,0.005914449691772461
14024,0.005512915551662445
14025,0.005585706792771816
14026,0.005493083503097296
14027,0.006176901049911976
14028,0.005435996223241091
14029,0.005023206118494272
14030,0.005844665225595236
14031,0.005791079252958298
14032,0.006243443116545677
14033,0.005917448550462723
14034,0.005897719878703356
14035,0.0060594528913497925
14036,0.005307619459927082
14037,0.005887772887945175
14038,0.006965070031583309
14039,0.0049552577547729015
14040,0.005383132491260767
14041,0.005801417864859104
14042,0.005480993539094925
14043,0.004949918016791344
14044,0.005916956812143326
14045,0.00648312084376812
14046,0.0063862926326692104
14047,0.005285207182168961
14048,0.006270833779126406
14049,0.00572886411100626
14050,0.006064582150429487
14051,0.005391821265220642
14052,0.005711087957024574
14053,0.005919459741562605
14054,0.005375050473958254
14055,0.006926420144736767
14056,0.005467094946652651
14057,0.005567104555666447
14058,0.005611380096524954
14059,0.005733036436140537
14060,0.00561725115403533
14061,0.007101858500391245
14062,0.005935925990343094
14063,0.005442713387310505
14064,0.005991404876112938
14065,0.005304132122546434
14066,0.0063827442936599255
14067,0.005196620710194111
14068,0.006019421853125095
14069,0.005824843887239695
14070,0.0065771788358688354
14071,0.00595971429720521
14072,0.006273256149142981
14073,0.005896128248423338
14074,0.005455683451145887
14075,0.006069993134588003
14076,0.006567118689417839
14077,0.004957216326147318
14078,0.007305318024009466
14079,0.0058576446026563644
14080,0.005414059851318598
14081,0.00594206340610981
14082,0.006041050422936678
14083,0.0059302798472344875
14084,0.005547888111323118
14085,0.004924800246953964
14086,0.00614693621173501
14087,0.006140628829598427
14088,0.006163589656352997
14089,0.005454341880977154
14090,0.0051145064644515514
14091,0.006284666713327169
14092,0.0050810533575713634
14093,0.0058404565788805485
14094,0.006154523231089115
14095,0.005648575257509947
14096,0.005695265252143145
14097,0.005861727520823479
14098,0.004370938986539841
14099,0.005430689547210932
14100,0.006117946933954954
14101,0.006348827388137579
14102,0.0049737910740077496
14103,0.005879436153918505
14104,0.0058220732025802135
14105,0.006273158360272646
14106,0.005158576183021069
14107,0.005453111138194799
14108,0.006033298559486866
14109,0.004563603084534407
14110,0.00601233309134841
14111,0.005292107351124287
14112,0.006062950473278761
14113,0.005518345627933741
14114,0.0068800002336502075
14115,0.005875002592802048
14116,0.006545828189700842
14117,0.005685404408723116
14118,0.006836696993559599
14119,0.0061098732985556126
14120,0.0052368175238370895
14121,0.005156891420483589
14122,0.004892060533165932
14123,0.005958635825663805
14124,0.005692985374480486
14125,0.005948546342551708
14126,0.0066470373421907425
14127,0.006244851276278496
14128,0.005724933464080095
14129,0.005314866546541452
14130,0.00573490746319294
14131,0.005885743536055088
14132,0.005752275697886944
14133,0.006754128262400627
14134,0.006741016637533903
14135,0.006544872187077999
14136,0.007001106161624193
14137,0.005523709114640951
14138,0.006092844530940056
14139,0.005983400624245405
14140,0.006812092382460833
14141,0.00569565175101161
14142,0.005910072475671768
14143,0.006082316394895315
14144,0.006004187744110823
14145,0.005490961950272322
14146,0.005806933622807264
14147,0.0067865015007555485
14148,0.005526619963347912
14149,0.005820327904075384
14150,0.0058967736549675465
14151,0.006044262554496527
14152,0.00630231061950326
14153,0.005337479058653116
14154,0.005659088492393494
14155,0.006216470152139664
14156,0.006562001537531614
14157,0.00531571451574564
14158,0.00560392439365387
14159,0.0058113276027143
14160,0.005616479553282261
14161,0.005440906621515751
14162,0.00567961297929287
14163,0.005666370503604412
14164,0.006611381657421589
14165,0.006974472664296627
14166,0.005821069702506065
14167,0.006100006867200136
14168,0.006292102392762899
14169,0.005996990483254194
14170,0.005913364235311747
14171,0.005885886959731579
14172,0.005361281335353851
14173,0.006474070716649294
14174,0.006367294583469629
14175,0.005535290110856295
14176,0.006344578228890896
14177,0.00608951086178422
14178,0.006984809413552284
14179,0.005601649172604084
14180,0.005172688513994217
14181,0.005810566246509552
14182,0.005464975722134113
14183,0.005961504299193621
14184,0.006213462445884943
14185,0.006463253870606422
14186,0.0055666472762823105
14187,0.005410094745457172
14188,0.00594693748280406
14189,0.005564616061747074
14190,0.006277816835790873
14191,0.005650735460221767
14192,0.00579769816249609
14193,0.0061890482902526855
14194,0.00605043675750494
14195,0.006008221302181482
14196,0.005301712546497583
14197,0.005951411556452513
14198,0.006197069771587849
14199,0.005529995542019606
14200,0.006618326064199209
14201,0.006090471521019936
14202,0.005437338724732399
14203,0.005787778180092573
14204,0.007468317169696093
14205,0.005551953334361315
14206,0.00528752850368619
14207,0.0057306899689137936
14208,0.0053271823562681675
14209,0.005799703765660524
14210,0.005648523569107056
14211,0.006047403905540705
14212,0.006051241885870695
14213,0.005724428221583366
14214,0.0051866075955331326
14215,0.006132508162409067
14216,0.006900444161146879
14217,0.0061988672241568565
14218,0.005326314363628626
14219,0.005526527762413025
14220,0.006905657239258289
14221,0.005190422758460045
14222,0.005412488244473934
14223,0.00626774737611413
14224,0.00702274776995182
14225,0.0052215177565813065
14226,0.005642690695822239
14227,0.005659259855747223
14228,0.005410275887697935
14229,0.005699042696505785
14230,0.006670441944152117
14231,0.0058310385793447495
14232,0.0061476584523916245
14233,0.006195264868438244
14234,0.005692527163773775
14235,0.006511366460472345
14236,0.005565735511481762
14237,0.006403395906090736
14238,0.006904794368892908
14239,0.005260308738797903
14240,0.005266275256872177
14241,0.0057210978120565414
14242,0.005658842157572508
14243,0.006511203479021788
14244,0.006179997231811285
14245,0.005714111030101776
14246,0.006083512678742409
14247,0.005300387740135193
14248,0.0057164630852639675
14249,0.006803730968385935
14250,0.006052291952073574
14251,0.005973486229777336
14252,0.005601111799478531
14253,0.0048122890293598175
14254,0.006556597538292408
14255,0.005866809282451868
14256,0.006204279139637947
14257,0.005444711539894342
14258,0.005555863957852125
14259,0.006087352056056261
14260,0.006346736568957567
14261,0.005260757636278868
14262,0.006187469232827425
14263,0.005688581615686417
14264,0.0063849263824522495
14265,0.0063138920813798904
14266,0.005389165133237839
14267,0.006860915571451187
14268,0.0059375762939453125
14269,0.0059800706803798676
14270,0.0064760008826851845
14271,0.006115963216871023
14272,0.005863699596375227
14273,0.005547671113163233
14274,0.005575443617999554
14275,0.004989284090697765
14276,0.0064112055115401745
14277,0.005853977520018816
14278,0.005435504950582981
14279,0.005254701245576143
14280,0.00627231877297163
14281,0.00608081417158246
14282,0.005906500853598118
14283,0.00565022137016058
14284,0.005076901987195015
14285,0.00632508285343647
14286,0.005738364532589912
14287,0.005856281146407127
14288,0.005207835230976343
14289,0.005323050543665886
14290,0.006020848639309406
14291,0.006385441403836012
14292,0.006676222197711468
14293,0.0058619980700314045
14294,0.005260651931166649
14295,0.006221769843250513
14296,0.006924585439264774
14297,0.006065641529858112
14298,0.005498945247381926
14299,0.005830034147948027
14300,0.007162394467741251
14301,0.006305806804448366
14302,0.005162261426448822
14303,0.006206033285707235
14304,0.006268676836043596
14305,0.005197405349463224
14306,0.005557951983064413
14307,0.005866767838597298
14308,0.00661868043243885
14309,0.006453197915107012
14310,0.005413420032709837
14311,0.005907752085477114
14312,0.005846945568919182
14313,0.0054141622968018055
14314,0.005887072999030352
14315,0.005452633835375309
14316,0.005599504336714745
14317,0.0055584777146577835
14318,0.0054489425383508205
14319,0.0055411565117537975
14320,0.005958613473922014
14321,0.005831946153193712
14322,0.00647733872756362
14323,0.006664742715656757
14324,0.005447035189718008
14325,0.005473944824188948
14326,0.006420218851417303
14327,0.005853059235960245
14328,0.00642752880230546
14329,0.005213139578700066
14330,0.005321948789060116
14331,0.005283948965370655
14332,0.005178840830922127
14333,0.006489898543804884
14334,0.0056234002113342285
14335,0.005814770236611366
14336,0.006225909572094679
14337,0.005663041956722736
14338,0.005988535936921835
14339,0.005704064853489399
14340,0.005466188304126263
14341,0.006163697689771652
14342,0.006242297124117613
14343,0.006609016098082066
14344,0.006540553644299507
14345,0.005827315151691437
14346,0.005698313470929861
14347,0.005629269871860743
14348,0.00635114498436451
14349,0.00671607069671154
14350,0.005500403232872486
14351,0.005776858422905207
14352,0.006719679106026888
14353,0.005834625102579594
14354,0.005993892904371023
14355,0.0060004363767802715
14356,0.005886893253773451
14357,0.0056994021870195866
14358,0.005625532474368811
14359,0.00588764576241374
14360,0.006794705521315336
14361,0.004976992029696703
14362,0.005631594453006983
14363,0.005692310631275177
14364,0.006523075979202986
14365,0.005233363248407841
14366,0.006688619498163462
14367,0.0062338812276721
14368,0.005854455288499594
14369,0.006413379684090614
14370,0.0055238716304302216
14371,0.0058130682446062565
14372,0.005410552956163883
14373,0.005835460964590311
14374,0.005867727100849152
14375,0.006177169736474752
14376,0.00609112111851573
14377,0.006721286103129387
14378,0.006334233097732067
14379,0.0060608950443565845
14380,0.006316865794360638
14381,0.006296045612543821
14382,0.006426181178539991
14383,0.0048525272868573666
14384,0.005823977757245302
14385,0.00537524139508605
14386,0.005502347834408283
14387,0.005765343084931374
14388,0.005727487150579691
14389,0.006166876293718815
14390,0.00497571611776948
14391,0.0064676436595618725
14392,0.005564158782362938
14393,0.005947210360318422
14394,0.00570044107735157
14395,0.006090872455388308
14396,0.005093351937830448
14397,0.005688511300832033
14398,0.005867000203579664
14399,0.006693028844892979
14400,0.005317512899637222
14401,0.005224823486059904
14402,0.005442525260150433
14403,0.004916039295494556
14404,0.0056260074488818645
14405,0.0059195756912231445
14406,0.006495991721749306
14407,0.0049615600146353245
14408,0.005733182653784752
14409,0.005981061607599258
14410,0.005870756693184376
14411,0.005087084136903286
14412,0.005238708574324846
14413,0.005837052594870329
14414,0.005768098868429661
14415,0.00545842619612813
14416,0.005418579559773207
14417,0.006147345993667841
14418,0.005474516656249762
14419,0.006309788208454847
14420,0.004895628895610571
14421,0.006115267984569073
14422,0.005395505577325821
14423,0.005764344707131386
14424,0.005938684102147818
14425,0.006739844102412462
14426,0.005511253606528044
14427,0.005688786040991545
14428,0.006004347465932369
14429,0.006556820124387741
14430,0.004995500203222036
14431,0.005645222496241331
14432,0.0065160575322806835
14433,0.005667996592819691
14434,0.0058424645103514194
14435,0.006354473531246185
14436,0.005477113649249077
14437,0.0062715341337025166
14438,0.005585691425949335
14439,0.006289005279541016
14440,0.005784966051578522
14441,0.005990986712276936
14442,0.005436047445982695
14443,0.0054466999135911465
14444,0.005258629564195871
14445,0.006367615889757872
14446,0.0056396182626485825
14447,0.0054336171597242355
14448,0.006132287438958883
14449,0.005689239129424095
14450,0.004496886860579252
14451,0.005856610834598541
14452,0.006507641635835171
14453,0.006040452979505062
14454,0.005310753360390663
14455,0.006353125907480717
14456,0.005475445184856653
14457,0.005624472163617611
14458,0.006279727444052696
14459,0.005551526788622141
14460,0.005780903622508049
14461,0.005252534057945013
14462,0.005508453119546175
14463,0.005574408918619156
14464,0.006438941229134798
14465,0.005700364708900452
14466,0.005390191916376352
14467,0.006444128695875406
14468,0.005594590678811073
14469,0.005273181479424238
14470,0.0064806812442839146
14471,0.005568000953644514
14472,0.004882285371422768
14473,0.005003402940928936
14474,0.005725312512367964
14475,0.004943270701915026
14476,0.006692285183817148
14477,0.005684198345988989
14478,0.005484663415700197
14479,0.005344541277736425
14480,0.0046454742550849915
14481,0.005535118281841278
14482,0.005551302805542946
14483,0.005241300445050001
14484,0.006133928429335356
14485,0.006830077152699232
14486,0.005621547810733318
14487,0.005949805025011301
14488,0.005890210624784231
14489,0.004887544084340334
14490,0.005492952186614275
14491,0.006102186627686024
14492,0.006114029325544834
14493,0.005582766607403755
14494,0.0059244283474981785
14495,0.006351081654429436
14496,0.005256572738289833
14497,0.005416428670287132
14498,0.005646759644150734
14499,0.005792057141661644
14500,0.0056084198877215385
14501,0.005404400639235973
14502,0.005765116773545742
14503,0.005869727116078138
14504,0.005447711795568466
14505,0.006340493448078632
14506,0.005997670814394951
14507,0.006377135403454304
14508,0.005486274138092995
14509,0.0053529622964560986
14510,0.005925798788666725
14511,0.005915096029639244
14512,0.006367762107402086
14513,0.005585550330579281
14514,0.006284409202635288
14515,0.006200435105711222
14516,0.005801125429570675
14517,0.0055111609399318695
14518,0.0052339425310492516
14519,0.006414587143808603
14520,0.006130535155534744
14521,0.005892247427254915
14522,0.005446479190140963
14523,0.005061878357082605
14524,0.005073017906397581
14525,0.005118234548717737
14526,0.005376629531383514
14527,0.005784662906080484
14528,0.006091732531785965
14529,0.006139914970844984
14530,0.006071421317756176
14531,0.0058065312914550304
14532,0.006346832495182753
14533,0.006401278078556061
14534,0.006105377804487944
14535,0.007005156483501196
14536,0.00628527719527483
14537,0.005780400708317757
14538,0.006180156487971544
14539,0.005097089800983667
14540,0.0049399640411138535
14541,0.006198583170771599
14542,0.005920336581766605
14543,0.006434568669646978
14544,0.005368974059820175
14545,0.005974932108074427
14546,0.0059526716358959675
14547,0.00524576660245657
14548,0.006436382420361042
14549,0.005727967247366905
14550,0.005934767425060272
14551,0.006196030415594578
14552,0.005757132079452276
14553,0.005060368217527866
14554,0.0052706776186823845
14555,0.0058915819972753525
14556,0.005407680757343769
14557,0.0070546153001487255
14558,0.005233706906437874
14559,0.005627075210213661
14560,0.006008529104292393
14561,0.005622038617730141
14562,0.005726065021008253
14563,0.0052011688239872456
14564,0.005831254180520773
14565,0.006060641258955002
14566,0.005624115001410246
14567,0.005572862457484007
14568,0.005524375941604376
14569,0.006155117880553007
14570,0.005833098664879799
14571,0.005650797393172979
14572,0.006162651814520359
14573,0.0060237105935812
14574,0.005843438673764467
14575,0.005600276403129101
14576,0.00589639600366354
14577,0.005235277581959963
14578,0.005838481243699789
14579,0.005125758238136768
14580,0.00568399578332901
14581,0.0057721990160644054
14582,0.0052870167419314384
14583,0.005649422761052847
14584,0.006283150054514408
14585,0.005797968711704016
14586,0.0055114999413490295
14587,0.006512166000902653
14588,0.0056172581389546394
14589,0.005549512337893248
14590,0.005569384898990393
14591,0.006608359050005674
14592,0.006521251983940601
14593,0.005805534776300192
14594,0.00557538028806448
14595,0.005949730984866619
14596,0.006097668316215277
14597,0.005800394807010889
14598,0.005754869431257248
14599,0.005557794589549303
14600,0.005808708723634481
14601,0.00597515469416976
14602,0.0056728702038526535
14603,0.006763354409486055
14604,0.006066793575882912
14605,0.00539896497502923
14606,0.005540651734918356
14607,0.0058820368722081184
14608,0.006154929753392935
14609,0.0067335618659853935
14610,0.0054527996107935905
14611,0.005537348333746195
14612,0.0061639356426894665
14613,0.005595012102276087
14614,0.005145220551639795
14615,0.005506663117557764
14616,0.005928525235503912
14617,0.0070324791595339775
14618,0.006275149993598461
14619,0.005445204209536314
14620,0.0064841266721487045
14621,0.0073888530023396015
14622,0.00643677543848753
14623,0.0050460100173950195
14624,0.005393089726567268
14625,0.005828328896313906
14626,0.004929321352392435
14627,0.0062181646935641766
14628,0.00611189054325223
14629,0.006170275155454874
14630,0.006599755492061377
14631,0.005621434189379215
14632,0.006081622093915939
14633,0.005851190537214279
14634,0.00580662302672863
14635,0.005649560131132603
14636,0.00593971461057663
14637,0.005501554813235998
14638,0.006145015358924866
14639,0.00505030294880271
14640,0.0063118827529251575
14641,0.006096617318689823
14642,0.004905581474304199
14643,0.004951796028763056
14644,0.005959969945251942
14645,0.005564702674746513
14646,0.00503449747338891
14647,0.005322683602571487
14648,0.005930248647928238
14649,0.005152727011591196
14650,0.005393991246819496
14651,0.006832485552877188
14652,0.0056274947710335255
14653,0.006577538326382637
14654,0.006387239787727594
14655,0.005498489364981651
14656,0.004944188054651022
14657,0.005499199498444796
14658,0.005806486122310162
14659,0.004739069379866123
14660,0.005627063103020191
14661,0.006251317914575338
14662,0.004731318913400173
14663,0.005812786985188723
14664,0.005201737862080336
14665,0.005943974945694208
14666,0.005026575177907944
14667,0.005992294754832983
14668,0.006520541850477457
14669,0.005595602095127106
14670,0.0059241787530481815
14671,0.0053680529817938805
14672,0.006127051077783108
14673,0.006432685535401106
14674,0.004932999610900879
14675,0.00592702766880393
14676,0.006122299935668707
14677,0.00576384924352169
14678,0.00575356325134635
14679,0.005901601631194353
14680,0.005354505497962236
14681,0.006752851419150829
14682,0.006342219188809395
14683,0.0057398052886128426
14684,0.00540463300421834
14685,0.005418497137725353
14686,0.0060699027962982655
14687,0.0061462498269975185
14688,0.006380362901836634
14689,0.006149325519800186
14690,0.005555829033255577
14691,0.004603855311870575
14692,0.0063694980926811695
14693,0.005247008986771107
14694,0.005101556424051523
14695,0.00584189360961318
14696,0.005395203363150358
14697,0.005690145306289196
14698,0.005865382496267557
14699,0.006207382306456566
14700,0.005783869884908199
14701,0.0053415726870298386
14702,0.005449317395687103
14703,0.005572720430791378
14704,0.005427313037216663
14705,0.0057342578656971455
14706,0.005973889492452145
14707,0.005913724657148123
14708,0.0055734240449965
14709,0.005886277183890343
14710,0.0057336012832820415
14711,0.0069084810093045235
14712,0.0052232155576348305
14713,0.005368963815271854
14714,0.006439284887164831
14715,0.004764917306602001
14716,0.004858865402638912
14717,0.004984765313565731
14718,0.0056944494135677814
14719,0.006926753092557192
14720,0.005810780916363001
14721,0.0060274903662502766
14722,0.006225157529115677
14723,0.005278957542032003
14724,0.006288877222687006
14725,0.005863765720278025
14726,0.006734840106219053
14727,0.005900696385651827
14728,0.0053345756605267525
14729,0.005869364365935326
14730,0.006206533405929804
14731,0.005654995795339346
14732,0.0059928931295871735
14733,0.0048277112655341625
14734,0.005768860224634409
14735,0.005927703343331814
14736,0.005985653027892113
14737,0.006035118829458952
14738,0.005791036412119865
14739,0.0060997651889920235
14740,0.005987000651657581
14741,0.0058881137520074844
14742,0.0054994733072817326
14743,0.005627735052257776
14744,0.006320055108517408
14745,0.005452001467347145
14746,0.005722097121179104
14747,0.005548060871660709
14748,0.005078001879155636
14749,0.004941839259117842
14750,0.0060135782696306705
14751,0.005599222145974636
14752,0.0057174754329025745
14753,0.00699979392811656
14754,0.005829439032822847
14755,0.005483834072947502
14756,0.006547303404659033
14757,0.005423484370112419
14758,0.006484871730208397
14759,0.0057534510269761086
14760,0.0043046735227108
14761,0.005581091158092022
14762,0.006166624370962381
14763,0.0060093277134001255
14764,0.005671200808137655
14765,0.005445441231131554
14766,0.0058232201263308525
14767,0.006606271490454674
14768,0.005620939657092094
14769,0.004985986277461052
14770,0.0059525188989937305
14771,0.005985995288938284
14772,0.006088990718126297
14773,0.005634934175759554
14774,0.004603696521371603
14775,0.006315841339528561
14776,0.00444680405780673
14777,0.0048415870405733585
14778,0.005326373502612114
14779,0.004889274016022682
14780,0.005595881026238203
14781,0.0059670256450772285
14782,0.006431951187551022
14783,0.0057974145747721195
14784,0.005487604066729546
14785,0.006095259450376034
14786,0.0062761493027210236
14787,0.005331899039447308
14788,0.006279899738729
14789,0.005127167794853449
14790,0.005370811093598604
14791,0.0057493713684380054
14792,0.005754790268838406
14793,0.0062268455512821674
14794,0.005137053783982992
14795,0.0057662916369736195
14796,0.006067413836717606
14797,0.005771671421825886
14798,0.00504177063703537
14799,0.005327040329575539
14800,0.0057051596231758595
14801,0.005763429217040539
14802,0.0056013851426541805
14803,0.005353219341486692
14804,0.0048377616330981255
14805,0.0058233896270394325
14806,0.006986592430621386
14807,0.006082572974264622
14808,0.005677528213709593
14809,0.006209964863955975
14810,0.006162865553051233
14811,0.006437348201870918
14812,0.005909009836614132
14813,0.004809074569493532
14814,0.0062813423573970795
14815,0.006445180159062147
14816,0.00645862240344286
14817,0.005486905109137297
14818,0.005796112585812807
14819,0.006079831626266241
14820,0.005896607413887978
14821,0.005810573697090149
14822,0.0056598293595016
14823,0.005230575334280729
14824,0.005724061280488968
14825,0.005222587380558252
14826,0.00550149055197835
14827,0.005563077982515097
14828,0.00638128537684679
14829,0.006574548315256834
14830,0.006553232669830322
14831,0.005890426225960255
14832,0.005186725873500109
14833,0.00603741779923439
14834,0.006650750059634447
14835,0.005264078266918659
14836,0.00553799606859684
14837,0.006184606812894344
14838,0.005737037397921085
14839,0.005751528311520815
14840,0.005787240341305733
14841,0.006062978878617287
14842,0.00507432920858264
14843,0.005500713363289833
14844,0.00541618000715971
14845,0.006218318361788988
14846,0.006087818183004856
14847,0.005948119796812534
14848,0.004758038558065891
14849,0.005369788967072964
14850,0.006002068053930998
14851,0.0048117078840732574
14852,0.006311899516731501
14853,0.005939045455306768
14854,0.006376733537763357
14855,0.005190365947782993
14856,0.0059516518376767635
14857,0.0062551419250667095
14858,0.005144038703292608
14859,0.0055281794629991055
14860,0.005186451133340597
14861,0.004995450843125582
14862,0.005211875308305025
14863,0.005279032979160547
14864,0.005339520983397961
14865,0.0058712102472782135
14866,0.0059257992543280125
14867,0.005327275954186916
14868,0.005545166786760092
14869,0.005318017676472664
14870,0.00528267165645957
14871,0.00642003770917654
14872,0.005233233794569969
14873,0.005712041165679693
14874,0.005723120179027319
14875,0.006048040464520454
14876,0.005421864800155163
14877,0.006571626756340265
14878,0.006005037575960159
14879,0.005578397307544947
14880,0.004430864006280899
14881,0.006889859214425087
14882,0.006011515390127897
14883,0.005712737794965506
14884,0.005563481245189905
14885,0.005584314465522766
14886,0.005961595568805933
14887,0.006506497040390968
14888,0.006417844910174608
14889,0.005694793537259102
14890,0.005681814160197973
14891,0.005307037848979235
14892,0.005337867420166731
14893,0.005787753500044346
14894,0.005678569432348013
14895,0.0058421604335308075
14896,0.005756310652941465
14897,0.005831015296280384
14898,0.005734487436711788
14899,0.006213212385773659
14900,0.006487606093287468
14901,0.005727430339902639
14902,0.005781407468020916
14903,0.006100560538470745
14904,0.005396508611738682
14905,0.005707622971385717
14906,0.005273244343698025
14907,0.005743653047829866
14908,0.005231809336692095
14909,0.005483184475451708
14910,0.006196488160640001
14911,0.004820589907467365
14912,0.005136481486260891
14913,0.005409663543105125
14914,0.005380095448344946
14915,0.005502297077327967
14916,0.005446053110063076
14917,0.005892323795706034
14918,0.005633092951029539
14919,0.006625134032219648
14920,0.006000668741762638
14921,0.006154987029731274
14922,0.005976902786642313
14923,0.005137039814144373
14924,0.00524496054276824
14925,0.005348078906536102
14926,0.00643110228702426
14927,0.004947068635374308
14928,0.00626015430316329
14929,0.005722637753933668
14930,0.005254476796835661
14931,0.006342655513435602
14932,0.0065610166639089584
14933,0.006250021513551474
14934,0.005081454757601023
14935,0.005478115752339363
14936,0.006483468692749739
14937,0.005744705908000469
14938,0.006484053563326597
14939,0.0058486987836658955
14940,0.00638443510979414
14941,0.005696426145732403
14942,0.00535783264786005
14943,0.005880380980670452
14944,0.005521947052329779
14945,0.004898569546639919
14946,0.005412485916167498
14947,0.006669705267995596
14948,0.0056531596928834915
14949,0.0063097006641328335
14950,0.005905593745410442
14951,0.006100787781178951
14952,0.005759452935308218
14953,0.0061205243691802025
14954,0.0052643343806266785
14955,0.0062427762895822525
14956,0.0063009364530444145
14957,0.006646715570241213
14958,0.00570074375718832
14959,0.005966055206954479
14960,0.005493120290338993
14961,0.006412491202354431
14962,0.005960125010460615
14963,0.005776710342615843
14964,0.005595657974481583
14965,0.005357275251299143
14966,0.0057285381481051445
14967,0.006091616116464138
14968,0.005991586018353701
14969,0.005820739548653364
14970,0.005163404159247875
14971,0.0063307322561740875
14972,0.0058053662069141865
14973,0.005251925904303789
14974,0.005896892864257097
14975,0.005311304237693548
14976,0.005462164059281349
14977,0.005706183146685362
14978,0.0056981430388987064
14979,0.005422515328973532
14980,0.0055469186045229435
14981,0.0060036503709852695
14982,0.00575844943523407
14983,0.005562468897551298
14984,0.005300137214362621
14985,0.005488916300237179
14986,0.005022441036999226
14987,0.006229892373085022
14988,0.005218381527811289
14989,0.004777306690812111
14990,0.005152934696525335
14991,0.005814125761389732
14992,0.005521255545318127
14993,0.006537673994898796
14994,0.005530375521630049
14995,0.005329502280801535
14996,0.006599925458431244
14997,0.005311145912855864
14998,0.004682985134422779
14999,0.005758048500865698
15000,0.005681624636054039
15001,0.0055145081132650375
15002,0.005640498828142881
15003,0.006037320476025343
15004,0.005727666430175304
15005,0.0061220829375088215
15006,0.00535940658301115
15007,0.005976722575724125
15008,0.005192984361201525
15009,0.006444135215133429
15010,0.005866002291440964
15011,0.005656546447426081
15012,0.005168359726667404
15013,0.006402397062629461
15014,0.005789376795291901
15015,0.005468531046062708
15016,0.006255230400711298
15017,0.0048145717009902
15018,0.004348143469542265
15019,0.006255336571484804
15020,0.006386489607393742
15021,0.006407732143998146
15022,0.0061680288054049015
15023,0.005803743377327919
15024,0.0051483456045389175
15025,0.005968593992292881
15026,0.0056442990899086
15027,0.00692144175991416
15028,0.006535912398248911
15029,0.005587581545114517
15030,0.006024556700140238
15031,0.005185574758797884
15032,0.005609499290585518
15033,0.006018218584358692
15034,0.005904790945351124
15035,0.005831689573824406
15036,0.00536179868504405
15037,0.006190165877342224
15038,0.005335095804184675
15039,0.0066031296737492085
15040,0.00704366946592927
15041,0.005179265979677439
15042,0.006148893851786852
15043,0.006172651890665293
15044,0.005676909815520048
15045,0.005243571009486914
15046,0.006239275448024273
15047,0.005009976215660572
15048,0.005719746928662062
15049,0.005036743823438883
15050,0.006557366345077753
15051,0.005879038479179144
15052,0.0050592138431966305
15053,0.005898496136069298
15054,0.005752674303948879
15055,0.0059398505836725235
15056,0.005636160261929035
15057,0.005573446862399578
15058,0.005576254799962044
15059,0.005198350176215172
15060,0.006036051083356142
15061,0.00524500897154212
15062,0.005977959372103214
15063,0.00570575101301074
15064,0.006428819615393877
15065,0.006006473675370216
15066,0.005368754267692566
15067,0.006316229235380888
15068,0.005791953764855862
15069,0.005653671454638243
15070,0.006244715768843889
15071,0.005251177120953798
15072,0.0053597064688801765
15073,0.006167946383357048
15074,0.0059125167317688465
15075,0.005037287250161171
15076,0.006203265395015478
15077,0.006234579719603062
15078,0.006064609624445438
15079,0.006564197596162558
15080,0.005869039334356785
15081,0.005024931859225035
15082,0.0061665987595915794
15083,0.00624309666454792
15084,0.005479420535266399
15085,0.0060470858588814735
15086,0.005142785143107176
15087,0.006666435860097408
15088,0.005577548872679472
15089,0.005439570173621178
15090,0.005328154657036066
15091,0.006057158578187227
15092,0.005914703477174044
15093,0.004718857351690531
15094,0.005726787727326155
15095,0.005392533726990223
15096,0.004918491467833519
15097,0.005095495376735926
15098,0.005585183389484882
15099,0.006353478878736496
15100,0.005262051243335009
15101,0.005728013813495636
15102,0.005192856770008802
15103,0.005973976105451584
15104,0.006194432731717825
15105,0.00547555647790432
15106,0.004655413329601288
15107,0.004973716102540493
15108,0.0058928681537508965
15109,0.00544139975681901
15110,0.005792959593236446
15111,0.005771310068666935
15112,0.006181843113154173
15113,0.005278544034808874
15114,0.005040008574724197
15115,0.006161408498883247
15116,0.006723189726471901
15117,0.005354095250368118
15118,0.005392506252974272
15119,0.005295983981341124
15120,0.006240261252969503
15121,0.005836090072989464
15122,0.005657049361616373
15123,0.005030231550335884
15124,0.005870995577424765
15125,0.0065626357682049274
15126,0.005925936158746481
15127,0.005952531937509775
15128,0.005883264821022749
15129,0.005538295954465866
15130,0.006192067172378302
15131,0.0062123737297952175
15132,0.004592115990817547
15133,0.006444323342293501
15134,0.005791609175503254
15135,0.006167394109070301
15136,0.00645078020170331
15137,0.005139839835464954
15138,0.005507125984877348
15139,0.005805140361189842
15140,0.0051713669672608376
15141,0.005904363468289375
15142,0.005962197668850422
15143,0.005446100607514381
15144,0.005350102204829454
15145,0.0063015916384756565
15146,0.00552235497161746
15147,0.006324626971036196
15148,0.005601150915026665
15149,0.0062779574654996395
15150,0.00576880993321538
15151,0.005307315848767757
15152,0.005141703877598047
15153,0.005567657761275768
15154,0.005259458441287279
15155,0.004631045740097761
15156,0.005919207818806171
15157,0.0056578489020466805
15158,0.0064946687780320644
15159,0.006346852518618107
15160,0.006116017699241638
15161,0.005147112067788839
15162,0.005492443684488535
15163,0.005537607707083225
15164,0.005811873823404312
15165,0.005829364527016878
15166,0.005841403268277645
15167,0.005892589222639799
15168,0.005218955222517252
15169,0.00515923835337162
15170,0.005552875809371471
15171,0.006274182349443436
15172,0.0050699105486273766
15173,0.005506670102477074
15174,0.00550241582095623
15175,0.005798378959298134
15176,0.005145865958184004
15177,0.005768925417214632
15178,0.005885127000510693
15179,0.005780256353318691
15180,0.00637923926115036
15181,0.005901693366467953
15182,0.005676967557519674
15183,0.005315607879310846
15184,0.005422436632215977
15185,0.005918725859373808
15186,0.006058197468519211
15187,0.005504165776073933
15188,0.006392275914549828
15189,0.005848987028002739
15190,0.005514128599315882
15191,0.0047247339971363544
15192,0.005149710923433304
15193,0.00564670329913497
15194,0.005152649711817503
15195,0.006763529032468796
15196,0.006032188888639212
15197,0.0059932516887784
15198,0.005956023000180721
15199,0.005997702479362488
15200,0.005384938791394234
15201,0.0051827565766870975
15202,0.005055231042206287
15203,0.005918753799051046
15204,0.005432060454040766
15205,0.006474559661000967
15206,0.005371507257223129
15207,0.005497184116393328
15208,0.005609698593616486
15209,0.00471591018140316
15210,0.005723847541958094
15211,0.006576635409146547
15212,0.005339420400559902
15213,0.005378240719437599
15214,0.006005809176713228
15215,0.005320882890373468
15216,0.0056597450748085976
15217,0.005963456351310015
15218,0.00574012566357851
15219,0.005695811007171869
15220,0.006210592109709978
15221,0.005263928323984146
15222,0.005681604612618685
15223,0.006934264674782753
15224,0.005501971580088139
15225,0.005403085146099329
15226,0.006605100817978382
15227,0.005864249542355537
15228,0.005656194407492876
15229,0.006261773873120546
15230,0.006267668679356575
15231,0.005893877241760492
15232,0.005340629257261753
15233,0.005033198278397322
15234,0.005142047069966793
15235,0.005837968550622463
15236,0.005450692493468523
15237,0.006402998231351376
15238,0.005866771563887596
15239,0.006134608760476112
15240,0.005474659148603678
15241,0.005279300734400749
15242,0.00531747518107295
15243,0.0047651175409555435
15244,0.0063082072883844376
15245,0.004983813967555761
15246,0.005996315740048885
15247,0.005447897594422102
15248,0.005779556930065155
15249,0.0062906378880143166
15250,0.006256493739783764
15251,0.005632931366562843
15252,0.006610207725316286
15253,0.005057688802480698
15254,0.005301270168274641
15255,0.005228554829955101
15256,0.005837621632963419
15257,0.005538382101804018
15258,0.006257358007133007
15259,0.005466823000460863
15260,0.005002510268241167
15261,0.005770899821072817
15262,0.005630957428365946
15263,0.005500034429132938
15264,0.006613228470087051
15265,0.006555934902280569
15266,0.005900985095649958
15267,0.005993460305035114
15268,0.0049300179816782475
15269,0.005222471896559
15270,0.0062141721136868
15271,0.005472160410135984
15272,0.005721378140151501
15273,0.0061132656410336494
15274,0.004705273080617189
15275,0.00611344538629055
15276,0.0050151715986430645
15277,0.005358519032597542
15278,0.005302200559526682
15279,0.0057506863959133625
15280,0.005737121216952801
15281,0.005726601928472519
15282,0.005687027238309383
15283,0.006048733834177256
15284,0.00595523975789547
15285,0.005589306820183992
15286,0.0051468065939843655
15287,0.006069282069802284
15288,0.005824891384691
15289,0.0057721915654838085
15290,0.0058896890841424465
15291,0.004972201772034168
15292,0.005086642224341631
15293,0.005556283053010702
15294,0.005602425895631313
15295,0.005337383132427931
15296,0.0056655677035450935
15297,0.004739046562463045
15298,0.006226652301847935
15299,0.005737281870096922
15300,0.005912754684686661
15301,0.005807830952107906
15302,0.006074925884604454
15303,0.005192981567233801
15304,0.005617696791887283
15305,0.0053542256355285645
15306,0.00657461816444993
15307,0.0052226996049284935
15308,0.005552238784730434
15309,0.004964978434145451
15310,0.005724835675209761
15311,0.004973819013684988
15312,0.005280826240777969
15313,0.005437151063233614
15314,0.005365405231714249
15315,0.005646507255733013
15316,0.005881262943148613
15317,0.005516870878636837
15318,0.0052033900283277035
15319,0.005423609167337418
15320,0.006049309857189655
15321,0.00508804339915514
15322,0.005606225226074457
15323,0.006434094160795212
15324,0.005192101467400789
15325,0.00571331987157464
15326,0.005651640705764294
15327,0.005532160867005587
15328,0.00586839159950614
15329,0.005793895572423935
15330,0.005563889630138874
15331,0.006155121140182018
15332,0.0053861006163060665
15333,0.0059007578529417515
15334,0.006060841493308544
15335,0.005730814300477505
15336,0.005651021376252174
15337,0.005588315427303314
15338,0.006110384128987789
15339,0.005659902468323708
15340,0.005864601582288742
15341,0.005664525553584099
15342,0.006319685373455286
15343,0.006273450329899788
15344,0.00544792041182518
15345,0.005275504197925329
15346,0.005853100214153528
15347,0.005964202806353569
15348,0.005677396431565285
15349,0.005195986945182085
15350,0.00550874276086688
15351,0.005542816128581762
15352,0.006079948972910643
15353,0.006698789540678263
15354,0.00648152083158493
15355,0.006275147199630737
15356,0.005385757889598608
15357,0.005694488063454628
15358,0.005490108858793974
15359,0.006220423150807619
15360,0.00542980432510376
15361,0.00507989339530468
15362,0.00520170945674181
15363,0.005326468497514725
15364,0.005464226473122835
15365,0.005524984560906887
15366,0.00536961667239666
15367,0.005663197487592697
15368,0.005322246812283993
15369,0.005384157877415419
15370,0.005602218210697174
15371,0.005522736348211765
15372,0.00551192369312048
15373,0.005417357198894024
15374,0.00558059336617589
15375,0.00583020132035017
15376,0.00583532452583313
15377,0.005827928427606821
15378,0.00501743471249938
15379,0.0059122005477547646
15380,0.005774855613708496
15381,0.005750264041125774
15382,0.005258430726826191
15383,0.005642573814839125
15384,0.0057013812474906445
15385,0.006169355474412441
15386,0.005921257194131613
15387,0.005803837440907955
15388,0.0055969455279409885
15389,0.005496411118656397
15390,0.005980800371617079
15391,0.006614902056753635
15392,0.0054018800146877766
15393,0.00615024846047163
15394,0.005174359306693077
15395,0.0048912083730101585
15396,0.0057445853017270565
15397,0.005933715961873531
15398,0.0058965422213077545
15399,0.005637499038130045
15400,0.005063127726316452
15401,0.005177532322704792
15402,0.005916756112128496
15403,0.006173067260533571
15404,0.004829330835491419
15405,0.005461478605866432
15406,0.004864456132054329
15407,0.006835481617599726
15408,0.005872408859431744
15409,0.004552028141915798
15410,0.005042875185608864
15411,0.0052406988106667995
15412,0.005456630606204271
15413,0.006117042154073715
15414,0.005695244763046503
15415,0.005650144070386887
15416,0.005850202403962612
15417,0.005758939776569605
15418,0.004739478230476379
15419,0.005323132034391165
15420,0.00521609652787447
15421,0.005834926385432482
15422,0.004904794506728649
15423,0.006289762910455465
15424,0.005921316333115101
15425,0.006210788618773222
15426,0.005364531185477972
15427,0.005451093893498182
15428,0.005264401435852051
15429,0.005068575497716665
15430,0.004834720399230719
15431,0.005721996072679758
15432,0.0054514482617378235
15433,0.005794338416308165
15434,0.006119936238974333
15435,0.0049510314129292965
15436,0.005564763210713863
15437,0.006004446651786566
15438,0.005686770658940077
15439,0.00517753791064024
15440,0.0055407271720469
15441,0.006450736429542303
15442,0.005887162871658802
15443,0.006460605654865503
15444,0.0057063414715230465
15445,0.005330777261406183
15446,0.0052116247825324535
15447,0.0053885080851614475
15448,0.00626501627266407
15449,0.005458826199173927
15450,0.005796070210635662
15451,0.005501794628798962
15452,0.00501271802932024
15453,0.005761170294135809
15454,0.00562496529892087
15455,0.004661821760237217
15456,0.005335243418812752
15457,0.004731995519250631
15458,0.005068737547844648
15459,0.005289987660944462
15460,0.0058773052878677845
15461,0.005563800688832998
15462,0.005509393289685249
15463,0.006078706122934818
15464,0.005439386703073978
15465,0.005041223950684071
15466,0.005255221389234066
15467,0.004984614439308643
15468,0.0056687938049435616
15469,0.0059787556529045105
15470,0.006189703941345215
15471,0.005137260537594557
15472,0.005961179733276367
15473,0.006056771147996187
15474,0.005941034760326147
15475,0.006180208642035723
15476,0.0055206287652254105
15477,0.00631336634978652
15478,0.0062010567635297775
15479,0.005589691922068596
15480,0.005654003471136093
15481,0.006041067186743021
15482,0.005588012747466564
15483,0.004790214821696281
15484,0.005215994082391262
15485,0.0058836424723267555
15486,0.005488105118274689
15487,0.005495465360581875
15488,0.006163287442177534
15489,0.006318875588476658
15490,0.006197184324264526
15491,0.006766126025468111
15492,0.005245652515441179
15493,0.006286159157752991
15494,0.006264070514589548
15495,0.005964425392448902
15496,0.0061487494967877865
15497,0.005268065258860588
15498,0.004954439587891102
15499,0.005864935461431742
15500,0.0057402607053518295
15501,0.005978275556117296
15502,0.006059089209884405
15503,0.005458970088511705
15504,0.006528215482831001
15505,0.0056440569460392
15506,0.005745403002947569
15507,0.006366266403347254
15508,0.006184055004268885
15509,0.0052055190317332745
15510,0.005210524424910545
15511,0.004683517850935459
15512,0.005736289545893669
15513,0.004870706703513861
15514,0.005993627943098545
15515,0.005600933916866779
15516,0.0050672623328864574
15517,0.00562294339761138
15518,0.005950282793492079
15519,0.005454292055219412
15520,0.005840638652443886
15521,0.005321979988366365
15522,0.005184191279113293
15523,0.006078410428017378
15524,0.00588741572573781
15525,0.006809858605265617
15526,0.006182163022458553
15527,0.005206007044762373
15528,0.0043935091234743595
15529,0.005655799992382526
15530,0.005514566786587238
15531,0.005071538966149092
15532,0.0051748245023190975
15533,0.0047312346287071705
15534,0.005755085963755846
15535,0.005518549121916294
15536,0.006049268878996372
15537,0.005123062990605831
15538,0.0050491755828261375
15539,0.005553151480853558
15540,0.006861252244561911
15541,0.00574486143887043
15542,0.0048392778262495995
15543,0.005809937138110399
15544,0.0075082299299538136
15545,0.005371589679270983
15546,0.005359094124287367
15547,0.004831032827496529
15548,0.00527799129486084
15549,0.00475943461060524
15550,0.006232827436178923
15551,0.005836589261889458
15552,0.005402059759944677
15553,0.005941419396549463
15554,0.005782864056527615
15555,0.005445658229291439
15556,0.006151564884930849
15557,0.005025004036724567
15558,0.004882284440100193
15559,0.005713124293833971
15560,0.005633863620460033
15561,0.005504826083779335
15562,0.00639314716681838
15563,0.005647806450724602
15564,0.0059269811026751995
15565,0.005719965789467096
15566,0.005975014064460993
15567,0.005898141302168369
15568,0.005415801890194416
15569,0.0053683011792600155
15570,0.0054870955646038055
15571,0.0052327364683151245
15572,0.0052939229644834995
15573,0.0058969175443053246
15574,0.0059395767748355865
15575,0.0068633235059678555
15576,0.005123275797814131
15577,0.005626137834042311
15578,0.005382304545491934
15579,0.0060288324020802975
15580,0.006201297044754028
15581,0.005361000541597605
15582,0.004639245104044676
15583,0.0069658164866268635
15584,0.005410978104919195
15585,0.005641444120556116
15586,0.004852397833019495
15587,0.005415167659521103
15588,0.00576993590220809
15589,0.005185362882912159
15590,0.005587274208664894
15591,0.005916203372180462
15592,0.0062065646052360535
15593,0.006267003249377012
15594,0.004655350930988789
15595,0.005946998484432697
15596,0.0048190876841545105
15597,0.006064794957637787
15598,0.005396632477641106
15599,0.006411298178136349
15600,0.005118038039654493
15601,0.005525343120098114
15602,0.007290972862392664
15603,0.006221088580787182
15604,0.004673640243709087
15605,0.0050070518627762794
15606,0.005431502126157284
15607,0.006212413311004639
15608,0.005888449493795633
15609,0.005364203825592995
15610,0.0063574244268238544
15611,0.005652767140418291
15612,0.005289279855787754
15613,0.005494500510394573
15614,0.004958454053848982
15615,0.004921657498925924
15616,0.005689718760550022
15617,0.0055921790190041065
15618,0.005176411010324955
15619,0.0050737326964735985
15620,0.006524419412016869
15621,0.005553439725190401
15622,0.005735261365771294
15623,0.005891826935112476
15624,0.006063411477953196
15625,0.006799579598009586
15626,0.005158969666808844
15627,0.005838802549988031
15628,0.006558903958648443
15629,0.004589748103171587
15630,0.00579453120008111
15631,0.006190118379890919
15632,0.005346321035176516
15633,0.005518996622413397
15634,0.006271032616496086
15635,0.0055822934955358505
15636,0.005265797488391399
15637,0.00542564457282424
15638,0.005187920294702053
15639,0.005434718448668718
15640,0.005619209259748459
15641,0.005427345633506775
15642,0.0060271588154137135
15643,0.005639638751745224
15644,0.005085030570626259
15645,0.006502774078398943
15646,0.0058767469599843025
15647,0.0055221617221832275
15648,0.0062246304005384445
15649,0.005359077360481024
15650,0.005874299444258213
15651,0.006150966975837946
15652,0.006227003410458565
15653,0.006201905198395252
15654,0.0059910304844379425
15655,0.006190245971083641
15656,0.005567407701164484
15657,0.005394849926233292
15658,0.006189053878188133
15659,0.0056835319846868515
15660,0.00623532198369503
15661,0.005434481892734766
15662,0.0063537838868796825
15663,0.0059310151264071465
15664,0.005065483041107655
15665,0.005624911282211542
15666,0.00496220588684082
15667,0.005923889111727476
15668,0.005682641174644232
15669,0.005368080921471119
15670,0.006409431342035532
15671,0.005008821375668049
15672,0.004982658661901951
15673,0.005717151798307896
15674,0.005859985016286373
15675,0.005484489724040031
15676,0.0060659777373075485
15677,0.005202781409025192
15678,0.005759000312536955
15679,0.0056892684660851955
15680,0.005836931988596916
15681,0.005267825443297625
15682,0.005837674252688885
15683,0.006582693196833134
15684,0.005694976542145014
15685,0.005735746119171381
15686,0.004906211979687214
15687,0.005526620429009199
15688,0.006312450859695673
15689,0.006301569752395153
15690,0.005735944490879774
15691,0.005459093488752842
15692,0.005098684690892696
15693,0.005850546061992645
15694,0.005942022427916527
15695,0.005386511795222759
15696,0.005526544060558081
15697,0.0064940787851810455
15698,0.0053213913924992085
15699,0.005931383930146694
15700,0.005684856791049242
15701,0.006126906257122755
15702,0.006337642669677734
15703,0.006004012655466795
15704,0.004962952341884375
15705,0.00521631445735693
15706,0.005294609349220991
15707,0.005259821657091379
15708,0.005421970505267382
15709,0.005778895225375891
15710,0.0052034747786819935
15711,0.006241541355848312
15712,0.0056163109838962555
15713,0.006123579107224941
15714,0.005071093328297138
15715,0.005451535806059837
15716,0.005986396223306656
15717,0.005148186814039946
15718,0.005926265846937895
15719,0.0045729465782642365
15720,0.004923609551042318
15721,0.005309239495545626
15722,0.005320997908711433
15723,0.005926332902163267
15724,0.005373117979615927
15725,0.005700774025171995
15726,0.00528367143124342
15727,0.0055168974213302135
15728,0.006184330675750971
15729,0.006118163466453552
15730,0.005642723757773638
15731,0.005365391261875629
15732,0.005812495481222868
15733,0.005577721167355776
15734,0.005507106892764568
15735,0.005888819228857756
15736,0.005280553363263607
15737,0.005720776505768299
15738,0.005041900090873241
15739,0.005872439127415419
15740,0.006004175636917353
15741,0.006474145222455263
15742,0.005605983082205057
15743,0.005513942334800959
15744,0.005335523281246424
15745,0.005732967983931303
15746,0.0056982869282364845
15747,0.005339648574590683
15748,0.004622990731149912
15749,0.005705090705305338
15750,0.004660878796130419
15751,0.005483310669660568
15752,0.005191872362047434
15753,0.006743990816175938
15754,0.005421796813607216
15755,0.0064712464809417725
15756,0.005949192214757204
15757,0.00553742703050375
15758,0.005677976179867983
15759,0.005849552806466818
15760,0.005797973833978176
15761,0.005299924407154322
15762,0.005114806350320578
15763,0.005856725387275219
15764,0.006333978846669197
15765,0.0047425637021660805
15766,0.004975310061126947
15767,0.005722376983612776
15768,0.005741165950894356
15769,0.005892999470233917
15770,0.006258810870349407
15771,0.0057547325268387794
15772,0.006270590703934431
15773,0.005704465787857771
15774,0.004945161286741495
15775,0.005932292435318232
15776,0.005739944986999035
15777,0.00663361931219697
15778,0.0055740270763635635
15779,0.005634577479213476
15780,0.005741882603615522
15781,0.006170299369841814
15782,0.005472087766975164
15783,0.005483655724674463
15784,0.0058684684336185455
15785,0.00515454076230526
15786,0.0056440457701683044
15787,0.004829364828765392
15788,0.005052628461271524
15789,0.006040485575795174
15790,0.0052435994148254395
15791,0.005938690155744553
15792,0.00613595312461257
15793,0.005467296577990055
15794,0.006077511701732874
15795,0.005899180192500353
15796,0.006118703167885542
15797,0.005249644163995981
15798,0.005470819305628538
15799,0.005516235250979662
15800,0.005595687311142683
15801,0.006097366102039814
15802,0.006144118029624224
15803,0.0053391363471746445
15804,0.006124474108219147
15805,0.0054592858068645
15806,0.005825184751302004
15807,0.005673994775861502
15808,0.005448165815323591
15809,0.005688223987817764
15810,0.005809640046209097
15811,0.005595282185822725
15812,0.0053045186214149
15813,0.005685948766767979
15814,0.0062285554595291615
15815,0.005300379358232021
15816,0.005421750247478485
15817,0.0059195770882070065
15818,0.004913335666060448
15819,0.0058735511265695095
15820,0.0056226300075650215
15821,0.005530111491680145
15822,0.00567771727219224
15823,0.004714212846010923
15824,0.005984565708786249
15825,0.005226335488259792
15826,0.006138763390481472
15827,0.005557587835937738
15828,0.005459471605718136
15829,0.005763471592217684
15830,0.005772774573415518
15831,0.0062298462726175785
15832,0.004601882770657539
15833,0.005248228553682566
15834,0.005837423261255026
15835,0.005619782488793135
15836,0.005426572170108557
15837,0.004501450806856155
15838,0.0067288619466125965
15839,0.005421092268079519
15840,0.005978658329695463
15841,0.0055558704771101475
15842,0.006386570166796446
15843,0.005416874308139086
15844,0.005356296431273222
15845,0.0051745218224823475
15846,0.005517495330423117
15847,0.005917893722653389
15848,0.0057646483182907104
15849,0.006432132329791784
15850,0.00588933564722538
15851,0.005810096859931946
15852,0.005012370180338621
15853,0.005498259328305721
15854,0.005808591842651367
15855,0.005622895900160074
15856,0.005265945568680763
15857,0.0056336261332035065
15858,0.0051687066443264484
15859,0.0065614404156804085
15860,0.00544768339022994
15861,0.005361555609852076
15862,0.005498428363353014
15863,0.00560994166880846
15864,0.00517142191529274
15865,0.005780679639428854
15866,0.005506714805960655
15867,0.006206424906849861
15868,0.005500284023582935
15869,0.005599915515631437
15870,0.006209525745362043
15871,0.005845106206834316
15872,0.006633334793150425
15873,0.005159285850822926
15874,0.0055961403995752335
15875,0.004807538818567991
15876,0.005917008966207504
15877,0.004687285982072353
15878,0.005583171732723713
15879,0.004857279825955629
15880,0.0064601716585457325
15881,0.0059826006181538105
15882,0.005315708927810192
15883,0.005533348303288221
15884,0.005821092985570431
15885,0.005265830550342798
15886,0.005770424846559763
15887,0.005723077803850174
15888,0.0056339772418141365
15889,0.005701663438230753
15890,0.005954838823527098
15891,0.005590195767581463
15892,0.005328658036887646
15893,0.005342315882444382
15894,0.005380778107792139
15895,0.004679999314248562
15896,0.005732471123337746
15897,0.006080875638872385
15898,0.005459022708237171
15899,0.005148331634700298
15900,0.0053494474850595
15901,0.006447167601436377
15902,0.005420442670583725
15903,0.005430076736956835
15904,0.005932596046477556
15905,0.006380204111337662
15906,0.006710145156830549
15907,0.004466196522116661
15908,0.004717979580163956
15909,0.005787123925983906
15910,0.005694368854165077
15911,0.006381438113749027
15912,0.005718403961509466
15913,0.0055212173610925674
15914,0.0051868208684027195
15915,0.005875760689377785
15916,0.005686761811375618
15917,0.005266475956887007
15918,0.004920944105833769
15919,0.005222341511398554
15920,0.005691463127732277
15921,0.005200751591473818
15922,0.005611293483525515
15923,0.005881014280021191
15924,0.005403588991612196
15925,0.004915905185043812
15926,0.005837672855705023
15927,0.005917148664593697
15928,0.0060813273303210735
15929,0.005467196460813284
15930,0.005844409111887217
15931,0.005377957131713629
15932,0.005332503467798233
15933,0.005462038330733776
15934,0.0045782276429235935
15935,0.005187381990253925
15936,0.0051222145557403564
15937,0.00463721202686429
15938,0.005379219073802233
15939,0.005148350261151791
15940,0.005685511510819197
15941,0.005453397054225206
15942,0.005191819742321968
15943,0.005679796449840069
15944,0.005635878536850214
15945,0.006263223476707935
15946,0.005494614597409964
15947,0.005923333112150431
15948,0.005841909442096949
15949,0.0051885643042624
15950,0.005739877931773663
15951,0.005125185940414667
15952,0.0061585321091115475
15953,0.005420819856226444
15954,0.0056120725348591805
15955,0.0066547817550599575
15956,0.0045433128252625465
15957,0.005793844815343618
15958,0.005443396978080273
15959,0.0063972482457757
15960,0.005960934329777956
15961,0.005277629941701889
15962,0.005895433481782675
15963,0.006892286706715822
15964,0.005619731266051531
15965,0.005596285220235586
15966,0.005444279406219721
15967,0.00644228421151638
15968,0.005833549425005913
15969,0.006428911816328764
15970,0.005238387733697891
15971,0.0056796809658408165
15972,0.005036270245909691
15973,0.005414578597992659
15974,0.005682352464646101
15975,0.005423028487712145
15976,0.00602688267827034
15977,0.0062788077630102634
15978,0.004674962721765041
15979,0.0048787822015583515
15980,0.005536412354558706
15981,0.005594676360487938
15982,0.005689962767064571
15983,0.006055266130715609
15984,0.0055778296664357185
15985,0.005572568159550428
15986,0.005180225241929293
15987,0.0049890149384737015
15988,0.005706550553441048
15989,0.00578354625031352
15990,0.005197233986109495
15991,0.006219546776264906
15992,0.006265590433031321
15993,0.005605196580290794
15994,0.005563593003898859
15995,0.005524091422557831
15996,0.006518229376524687
15997,0.004748855251818895
15998,0.005420527420938015
15999,0.005647968966513872
16000,0.005790733266621828
16001,0.0062656039372086525
16002,0.005094069521874189
16003,0.005714306142181158
16004,0.005621745251119137
16005,0.006229322403669357
16006,0.0060075419023633
16007,0.00585703831166029
16008,0.005353252869099379
16009,0.0048842718824744225
16010,0.0055403620935976505
16011,0.0051081678830087185
16012,0.005185003392398357
16013,0.005925243254750967
16014,0.00606559868901968
16015,0.0053215837106108665
16016,0.006009045522660017
16017,0.0047363415360450745
16018,0.0047959089279174805
16019,0.0057281251065433025
16020,0.006224934943020344
16021,0.005544031970202923
16022,0.004886752460151911
16023,0.005499004386365414
16024,0.005478382110595703
16025,0.005954952444881201
16026,0.005603919271379709
16027,0.005020718555897474
16028,0.005944337695837021
16029,0.006033130921423435
16030,0.005504152271896601
16031,0.0058152335695922375
16032,0.006031915079802275
16033,0.005718542262911797
16034,0.0054449355229735374
16035,0.005765217822045088
16036,0.0053398460149765015
16037,0.0058810957707464695
16038,0.005299522075802088
16039,0.0051370239816606045
16040,0.005943845957517624
16041,0.005174185615032911
16042,0.004864433780312538
16043,0.00546412356197834
16044,0.00588451512157917
16045,0.005507566500455141
16046,0.005039212293922901
16047,0.005568220280110836
16048,0.005437193904072046
16049,0.005101738963276148
16050,0.006861677393317223
16051,0.005335716530680656
16052,0.005395953077822924
16053,0.005637023132294416
16054,0.005512874573469162
16055,0.005897557362914085
16056,0.005933714099228382
16057,0.005379064008593559
16058,0.005215113051235676
16059,0.00461717089638114
16060,0.0048586479388177395
16061,0.005726844072341919
16062,0.005502228159457445
16063,0.005506604444235563
16064,0.006273455452173948
16065,0.0052943299524486065
16066,0.0061261928640306
16067,0.005093984771519899
16068,0.005568388383835554
16069,0.005478928796947002
16070,0.005452054087072611
16071,0.005573340691626072
16072,0.005549115594476461
16073,0.006031529512256384
16074,0.005666710902005434
16075,0.005904678720980883
16076,0.0057567330077290535
16077,0.005735655315220356
16078,0.006279882974922657
16079,0.005070975981652737
16080,0.005854537710547447
16081,0.005942183546721935
16082,0.005249613896012306
16083,0.005859330762177706
16084,0.004802257288247347
16085,0.005524630192667246
16086,0.005158782005310059
16087,0.0058380113914608955
16088,0.005483200307935476
16089,0.005674288608133793
16090,0.0046131666749715805
16091,0.006077223923057318
16092,0.005895978771150112
16093,0.005407854449003935
16094,0.005839874967932701
16095,0.005929439794272184
16096,0.005213341675698757
16097,0.005762546323239803
16098,0.005349469371140003
16099,0.005011051893234253
16100,0.005584018770605326
16101,0.004930722992867231
16102,0.004703750368207693
16103,0.006307690870016813
16104,0.005392129998654127
16105,0.00575107941403985
16106,0.00537534523755312
16107,0.004871769342571497
16108,0.004734665155410767
16109,0.004907034803181887
16110,0.005739000625908375
16111,0.005763137713074684
16112,0.0054214452393352985
16113,0.005123861599713564
16114,0.005513607524335384
16115,0.005801242310553789
16116,0.004702825099229813
16117,0.004882971756160259
16118,0.005704897455871105
16119,0.00567464018240571
16120,0.0055839731357991695
16121,0.006112785078585148
16122,0.006442340090870857
16123,0.005334996152669191
16124,0.0054468256421387196
16125,0.006405719555914402
16126,0.00592412892729044
16127,0.005416370462626219
16128,0.005645085126161575
16129,0.005429768934845924
16130,0.005423092283308506
16131,0.004503535572439432
16132,0.0060575129464268684
16133,0.005665278062224388
16134,0.005328916013240814
16135,0.005923953838646412
16136,0.005726841278374195
16137,0.005293250549584627
16138,0.0058975801803171635
16139,0.005293367430567741
16140,0.00566443707793951
16141,0.005225088447332382
16142,0.006073188968002796
16143,0.005789143964648247
16144,0.0054483432322740555
16145,0.004740684758871794
16146,0.006040738895535469
16147,0.005309342872351408
16148,0.005588981788605452
16149,0.005377665627747774
16150,0.00484567740932107
16151,0.005457600113004446
16152,0.00518190348520875
16153,0.006072910502552986
16154,0.004549702629446983
16155,0.004974410869181156
16156,0.004730031825602055
16157,0.005295483395457268
16158,0.005022385623306036
16159,0.00594906834885478
16160,0.005787979811429977
16161,0.005133339203894138
16162,0.005775716621428728
16163,0.005572666879743338
16164,0.005335417576134205
16165,0.005658411420881748
16166,0.005376915913075209
16167,0.006138539873063564
16168,0.005027347709983587
16169,0.005081000737845898
16170,0.0063612814992666245
16171,0.0052803074941039085
16172,0.00490659149363637
16173,0.006118333898484707
16174,0.005248679779469967
16175,0.00576341338455677
16176,0.006727870088070631
16177,0.005370204336941242
16178,0.0054955268278717995
16179,0.005651743151247501
16180,0.005446495953947306
16181,0.005938845686614513
16182,0.005383930169045925
16183,0.0046715266071259975
16184,0.004628964699804783
16185,0.005958814639598131
16186,0.006084846798330545
16187,0.005489497911185026
16188,0.005745583679527044
16189,0.005176510661840439
16190,0.005014069378376007
16191,0.005457863211631775
16192,0.0052979374304413795
16193,0.005247447639703751
16194,0.006170245353132486
16195,0.006130205001682043
16196,0.005190709605813026
16197,0.005485809873789549
16198,0.005798202008008957
16199,0.005419719032943249
16200,0.005417566746473312
16201,0.005432702135294676
16202,0.006250203587114811
16203,0.006577491294592619
16204,0.0055855349637568
16205,0.006097735837101936
16206,0.005992741324007511
16207,0.00510201882570982
16208,0.005179353523999453
16209,0.005568237043917179
16210,0.004269407130777836
16211,0.006132261361926794
16212,0.005105781834572554
16213,0.005337998736649752
16214,0.005862515885382891
16215,0.0051076035015285015
16216,0.0053945789113640785
16217,0.004830681253224611
16218,0.005990820936858654
16219,0.005762049928307533
16220,0.005336639937013388
16221,0.005522675346583128
16222,0.004304110072553158
16223,0.004799434449523687
16224,0.005634010769426823
16225,0.00568300299346447
16226,0.004922789055854082
16227,0.00512074027210474
16228,0.005304599180817604
16229,0.005490111652761698
16230,0.004960576072335243
16231,0.005154813639819622
16232,0.005727959796786308
16233,0.005927977617830038
16234,0.005431435536593199
16235,0.006051837000995874
16236,0.0051336647011339664
16237,0.005647069774568081
16238,0.005383774172514677
16239,0.005325515288859606
16240,0.006275685969740152
16241,0.004673318937420845
16242,0.006557377055287361
16243,0.00567052373662591
16244,0.0055826143361628056
16245,0.0055844648741185665
16246,0.0055282325483858585
16247,0.00535194855183363
16248,0.005384315736591816
16249,0.006152024958282709
16250,0.006405116058886051
16251,0.005592899862676859
16252,0.005830156616866589
16253,0.005540772806853056
16254,0.006309464108198881
16255,0.00531671242788434
16256,0.005028474610298872
16257,0.005854752380400896
16258,0.005030595697462559
16259,0.005754522047936916
16260,0.005507595371454954
16261,0.0057324073277413845
16262,0.005580405704677105
16263,0.005056689493358135
16264,0.0054451050236821175
16265,0.005790150724351406
16266,0.005547054577618837
16267,0.006742997094988823
16268,0.004845451097935438
16269,0.005697120446711779
16270,0.005472876131534576
16271,0.006003677845001221
16272,0.006090981420129538
16273,0.0047785453498363495
16274,0.005615334026515484
16275,0.005277751013636589
16276,0.005768038798123598
16277,0.005460537504404783
16278,0.0050094276666641235
16279,0.006157773081213236
16280,0.005856805481016636
16281,0.005664221942424774
16282,0.005606265738606453
16283,0.005415305495262146
16284,0.005572441499680281
16285,0.005939093418419361
16286,0.0061675976030528545
16287,0.004721632692962885
16288,0.0056579867377877235
16289,0.0048839021474123
16290,0.0065603479743003845
16291,0.005194154568016529
16292,0.005295869428664446
16293,0.005344794597476721
16294,0.005912455730140209
16295,0.005498065613210201
16296,0.005675564520061016
16297,0.005765005014836788
16298,0.005383288953453302
16299,0.006584634073078632
16300,0.005328167695552111
16301,0.005731063894927502
16302,0.00564992381259799
16303,0.0057016038335859776
16304,0.005731943529099226
16305,0.004957250319421291
16306,0.005143662914633751
16307,0.005847194232046604
16308,0.005130529869347811
16309,0.005267254076898098
16310,0.005333925597369671
16311,0.005843819119036198
16312,0.005838513839989901
16313,0.006011870224028826
16314,0.005263551138341427
16315,0.005663739982992411
16316,0.004680663347244263
16317,0.004852238576859236
16318,0.006050402764230967
16319,0.0056465319357812405
16320,0.004994816146790981
16321,0.0047903298400342464
16322,0.0055268798023462296
16323,0.0063240909948945045
16324,0.005554412957280874
16325,0.006276499945670366
16326,0.005568244960159063
16327,0.0056644706055521965
16328,0.005874047055840492
16329,0.005275757517665625
16330,0.006096367258578539
16331,0.005552575923502445
16332,0.005788402631878853
16333,0.006801486015319824
16334,0.005796459037810564
16335,0.0054977089166641235
16336,0.0055524203926324844
16337,0.00459307199344039
16338,0.005362135823816061
16339,0.005265871994197369
16340,0.005584842525422573
16341,0.0058572012931108475
16342,0.004734574351459742
16343,0.005496816243976355
16344,0.005885445047169924
16345,0.00532377976924181
16346,0.0052990601398050785
16347,0.005139876622706652
16348,0.005467369221150875
16349,0.0055070300586521626
16350,0.005337445996701717
16351,0.005222860723733902
16352,0.005881979130208492
16353,0.005417181644588709
16354,0.005223387852311134
16355,0.00500144250690937
16356,0.005902708973735571
16357,0.005488705355674028
16358,0.00597276771441102
16359,0.004835888277739286
16360,0.004935193341225386
16361,0.004843696486204863
16362,0.004973071161657572
16363,0.005876745563000441
16364,0.006169365718960762
16365,0.006261993199586868
16366,0.00523044029250741
16367,0.005206698551774025
16368,0.005522177554666996
16369,0.004866024013608694
16370,0.00506341690197587
16371,0.005620983429253101
16372,0.00554294791072607
16373,0.005470895208418369
16374,0.005185778718441725
16375,0.00571440951898694
16376,0.005870555527508259
16377,0.0056424569338560104
16378,0.0053559560328722
16379,0.006254695821553469
16380,0.005485208239406347
16381,0.005315055139362812
16382,0.005434049293398857
16383,0.005375192034989595
16384,0.005485120695084333
16385,0.0056883604265749454
16386,0.0066672381944954395
16387,0.005035747308284044
16388,0.005572743713855743
16389,0.00590730644762516
16390,0.0049533359706401825
16391,0.0046907346695661545
16392,0.005889778025448322
16393,0.006130223162472248
16394,0.005437375046312809
16395,0.007161350455135107
16396,0.006866665557026863
16397,0.0056581213138997555
16398,0.005390232428908348
16399,0.006123553030192852
16400,0.0054091475903987885
16401,0.005446712952107191
16402,0.006128606386482716
16403,0.005132023710757494
16404,0.005450550466775894
16405,0.005419925786554813
16406,0.005740709602832794
16407,0.00463546859100461
16408,0.005246236454695463
16409,0.004620622843503952
16410,0.005392071325331926
16411,0.00602898420765996
16412,0.0057874941267073154
16413,0.005861507263034582
16414,0.005339798517525196
16415,0.006054504308849573
16416,0.004826386459171772
16417,0.006421336904168129
16418,0.005240812432020903
16419,0.005250826478004456
16420,0.005554270930588245
16421,0.005724424496293068
16422,0.006409936584532261
16423,0.0061696795746684074
16424,0.005112919956445694
16425,0.006137617863714695
16426,0.006066862028092146
16427,0.0060822549276053905
16428,0.0050622099079191685
16429,0.005493693053722382
16430,0.004966451320797205
16431,0.005028152372688055
16432,0.00543365441262722
16433,0.005313051398843527
16434,0.005432873964309692
16435,0.005260922480374575
16436,0.0052678645588457584
16437,0.005498615093529224
16438,0.005209396593272686
16439,0.006239245180040598
16440,0.004934350959956646
16441,0.0057406313717365265
16442,0.0052961865440011024
16443,0.005101966205984354
16444,0.0057710083201527596
16445,0.0046782284043729305
16446,0.0047849067486822605
16447,0.005017733667045832
16448,0.00600767508149147
16449,0.005600387696176767
16450,0.005662969313561916
16451,0.005363088101148605
16452,0.006414332427084446
16453,0.005449716933071613
16454,0.0053054532036185265
16455,0.005044938996434212
16456,0.005326502025127411
16457,0.006801894400268793
16458,0.004888786002993584
16459,0.005112133454531431
16460,0.005587244872003794
16461,0.005483584478497505
16462,0.005601087119430304
16463,0.006115265190601349
16464,0.005563418846577406
16465,0.005075064022094011
16466,0.005807123146951199
16467,0.005600308533757925
16468,0.005641688592731953
16469,0.005109621677547693
16470,0.004983974155038595
16471,0.005883537698537111
16472,0.005513716489076614
16473,0.0059486567042768
16474,0.005144949536770582
16475,0.006264409050345421
16476,0.005130467005074024
16477,0.005587936379015446
16478,0.004937754012644291
16479,0.005488889291882515
16480,0.007129487115889788
16481,0.0049219378270208836
16482,0.005080397706478834
16483,0.004884600173681974
16484,0.005153926555067301
16485,0.00481785275042057
16486,0.005339541006833315
16487,0.006090976297855377
16488,0.0045391228049993515
16489,0.006190360989421606
16490,0.005884604994207621
16491,0.0052399588748812675
16492,0.005907396320253611
16493,0.005867061670869589
16494,0.005629814695566893
16495,0.00605655275285244
16496,0.005063371267169714
16497,0.0051965718157589436
16498,0.00602493342012167
16499,0.004801028873771429
16500,0.005573051515966654
16501,0.005409573670476675
16502,0.005202874541282654
16503,0.005450223572552204
16504,0.005609371233731508
16505,0.004724001977592707
16506,0.004516263026744127
16507,0.005214343313127756
16508,0.006166640669107437
16509,0.00597748439759016
16510,0.004725012928247452
16511,0.0060304319486021996
16512,0.006013993173837662
16513,0.005394694861024618
16514,0.006090446840971708
16515,0.0053858510218560696
16516,0.005711125675588846
16517,0.005344923585653305
16518,0.005964590702205896
16519,0.005279229488223791
16520,0.005201641470193863
16521,0.00563535001128912
16522,0.006321658380329609
16523,0.004875664133578539
16524,0.005154650192707777
16525,0.005893986206501722
16526,0.005093717016279697
16527,0.005480602849274874
16528,0.006137050222605467
16529,0.00606908556073904
16530,0.00533214071765542
16531,0.005267492029815912
16532,0.0046770405024290085
16533,0.00547492690384388
16534,0.005958201363682747
16535,0.006117775570601225
16536,0.005169370211660862
16537,0.005785021465271711
16538,0.0055832830257713795
16539,0.006129354238510132
16540,0.005467005539685488
16541,0.004940486047416925
16542,0.005675101652741432
16543,0.0053230104967951775
16544,0.00577939348295331
16545,0.005227590911090374
16546,0.005722610745579004
16547,0.0056220670230686665
16548,0.005287905689328909
16549,0.0052755121141672134
16550,0.005478718318045139
16551,0.004825204610824585
16552,0.004690483212471008
16553,0.00599925871938467
16554,0.0058291517198085785
16555,0.004808366764336824
16556,0.005338606424629688
16557,0.004086711909621954
16558,0.005555584095418453
16559,0.005272674839943647
16560,0.004987654276192188
16561,0.004846567753702402
16562,0.005635316949337721
16563,0.006239927373826504
16564,0.005284158978611231
16565,0.004648993257433176
16566,0.006947015877813101
16567,0.004699088633060455
16568,0.007060668431222439
16569,0.0058775716461241245
16570,0.0055678412318229675
16571,0.005149479489773512
16572,0.005394346080720425
16573,0.005939110182225704
16574,0.005530501715838909
16575,0.0058290110900998116
16576,0.0056795417331159115
16577,0.005287475883960724
16578,0.005765673704445362
16579,0.005513970740139484
16580,0.005354499910026789
16581,0.005264889448881149
16582,0.005794674623757601
16583,0.005401185248047113
16584,0.005735158454626799
16585,0.0053184679709374905
16586,0.005381859373301268
16587,0.006161729339510202
16588,0.005712876562029123
16589,0.005177592393010855
16590,0.005068072583526373
16591,0.005923580378293991
16592,0.005955790169537067
16593,0.0055295554921031
16594,0.006044141482561827
16595,0.0060552069917321205
16596,0.00495960982516408
16597,0.006208396516740322
16598,0.0055190399289131165
16599,0.005249070003628731
16600,0.004777691792696714
16601,0.00458309892565012
16602,0.0052114855498075485
16603,0.005480968859046698
16604,0.004708474967628717
16605,0.005232859402894974
16606,0.005662389565259218
16607,0.005628625862300396
16608,0.004869191907346249
16609,0.005434522405266762
16610,0.0062865917570889
16611,0.005439606960862875
16612,0.006127736531198025
16613,0.005775352939963341
16614,0.0050248694606125355
16615,0.005870277062058449
16616,0.005625310353934765
16617,0.0050880396738648415
16618,0.006042150314897299
16619,0.005623269360512495
16620,0.0060706413350999355
16621,0.005728369113057852
16622,0.005034537520259619
16623,0.004983477294445038
16624,0.005733037833124399
16625,0.005642993841320276
16626,0.005349753424525261
16627,0.005452023819088936
16628,0.005614166613668203
16629,0.005532324314117432
16630,0.006105442065745592
16631,0.005250431131571531
16632,0.004755885805934668
16633,0.005176661070436239
16634,0.003933395724743605
16635,0.0055528185330331326
16636,0.0058362651616334915
16637,0.0055069648660719395
16638,0.005378199275583029
16639,0.005605351645499468
16640,0.005107467528432608
16641,0.006126616150140762
16642,0.005539258476346731
16643,0.004616505932062864
16644,0.0058036185801029205
16645,0.005636920686811209
16646,0.0054434179328382015
16647,0.005447127856314182
16648,0.005528559442609549
16649,0.005726619157940149
16650,0.005673192907124758
16651,0.0061125080101192
16652,0.005228410940617323
16653,0.0056909495033323765
16654,0.006002211011946201
16655,0.006107739172875881
16656,0.0064652650617063046
16657,0.005812178831547499
16658,0.006507170852273703
16659,0.004641398321837187
16660,0.005287695210427046
16661,0.004876142833381891
16662,0.0055627659894526005
16663,0.005379390437155962
16664,0.005311410874128342
16665,0.00595130305737257
16666,0.004147393628954887
16667,0.005736951716244221
16668,0.005229831673204899
16669,0.006047380156815052
16670,0.00510876951739192
16671,0.006435885094106197
16672,0.00603615352883935
16673,0.005352897569537163
16674,0.004860288463532925
16675,0.005623729899525642
16676,0.00541153596714139
16677,0.004567322321236134
16678,0.006035271566361189
16679,0.005224302411079407
16680,0.005353002343326807
16681,0.005811223294585943
16682,0.006590310484170914
16683,0.0047301072627305984
16684,0.005734605714678764
16685,0.00503556290641427
16686,0.00516155082732439
16687,0.006433189380913973
16688,0.005477969069033861
16689,0.006227131932973862
16690,0.0048241447657346725
16691,0.005903966259211302
16692,0.005512809380888939
16693,0.005414875224232674
16694,0.004881394561380148
16695,0.005388772115111351
16696,0.005624044220894575
16697,0.0053975279442965984
16698,0.005742266774177551
16699,0.005744710564613342
16700,0.005242208484560251
16701,0.0052238390780985355
16702,0.005285631865262985
16703,0.004992060363292694
16704,0.0047628264874219894
16705,0.00466202525421977
16706,0.005856920499354601
16707,0.005056480411440134
16708,0.005935083143413067
16709,0.004780502989888191
16710,0.005341402254998684
16711,0.0052645280957221985
16712,0.005532641429454088
16713,0.006282705347985029
16714,0.004962718114256859
16715,0.005253559909760952
16716,0.0048879580572247505
16717,0.005454183090478182
16718,0.005194122903048992
16719,0.00514803733676672
16720,0.005065446719527245
16721,0.005222523119300604
16722,0.005497191101312637
16723,0.0051935282535851
16724,0.004857711959630251
16725,0.005463481415063143
16726,0.0051979124546051025
16727,0.005084875039756298
16728,0.006043694913387299
16729,0.005524380132555962
16730,0.005581590812653303
16731,0.005648849997669458
16732,0.005743539892137051
16733,0.005135935265570879
16734,0.006112472619861364
16735,0.0051506273448467255
16736,0.005078610964119434
16737,0.0067724925465881824
16738,0.005784547422081232
16739,0.005290370900183916
16740,0.005210322793573141
16741,0.0050736116245388985
16742,0.004612651187926531
16743,0.005164698231965303
16744,0.005148515570908785
16745,0.005228824447840452
16746,0.005424976348876953
16747,0.005419072229415178
16748,0.006426449399441481
16749,0.005396558437496424
16750,0.005298389587551355
16751,0.005653079599142075
16752,0.004411270841956139
16753,0.007055963389575481
16754,0.005242863204330206
16755,0.005659039597958326
16756,0.00536244735121727
16757,0.005135247018188238
16758,0.005397874861955643
16759,0.005096525885164738
16760,0.0054764049127697945
16761,0.004950849339365959
16762,0.005433429963886738
16763,0.0055054244585335255
16764,0.005806823261082172
16765,0.005538212135434151
16766,0.0051983920857310295
16767,0.006075755227357149
16768,0.005287728272378445
16769,0.005948198959231377
16770,0.005096957553178072
16771,0.0052309404127299786
16772,0.005225731525570154
16773,0.006215808447450399
16774,0.004755945410579443
16775,0.005682772491127253
16776,0.004869739059358835
16777,0.005123254843056202
16778,0.0062254201620817184
16779,0.005363231524825096
16780,0.005110844504088163
16781,0.005806447938084602
16782,0.005486113950610161
16783,0.005611248780041933
16784,0.005911656655371189
16785,0.006103955674916506
16786,0.005332626402378082
16787,0.005466213915497065
16788,0.00533250579610467
16789,0.005852092057466507
16790,0.005705128889530897
16791,0.005256779957562685
16792,0.005360295996069908
16793,0.0059183621779084206
16794,0.005183335393667221
16795,0.005161107983440161
16796,0.005443831440061331
16797,0.005830932874232531
16798,0.004600634798407555
16799,0.005255803465843201
16800,0.005187171045690775
16801,0.005292234942317009
16802,0.0057048131711781025
16803,0.0064619979821145535
16804,0.005589477252215147
16805,0.005882668308913708
16806,0.005260263569653034
16807,0.005794605240225792
16808,0.006902986206114292
16809,0.005027055740356445
16810,0.006452404893934727
16811,0.005181127227842808
16812,0.005224299617111683
16813,0.0056316121481359005
16814,0.005256774369627237
16815,0.005183071829378605
16816,0.00524232117459178
16817,0.006007604766637087
16818,0.005413876846432686
16819,0.005474222358316183
16820,0.00642056530341506
16821,0.006332159973680973
16822,0.005489761009812355
16823,0.004957514815032482
16824,0.004816495347768068
16825,0.005989712662994862
16826,0.005886430386453867
16827,0.005768043454736471
16828,0.005467609502375126
16829,0.006019577383995056
16830,0.005765697453171015
16831,0.006043613888323307
16832,0.005268184468150139
16833,0.0055233994498848915
16834,0.006372402422130108
16835,0.006326425354927778
16836,0.005733413156121969
16837,0.006019644904881716
16838,0.004914578050374985
16839,0.005365741439163685
16840,0.006570636294782162
16841,0.004770531784743071
16842,0.005847369320690632
16843,0.005147723946720362
16844,0.0051622409373521805
16845,0.005540831945836544
16846,0.005378078669309616
16847,0.004914948251098394
16848,0.005273025017231703
16849,0.005414796993136406
16850,0.005669472739100456
16851,0.0053415242582559586
16852,0.00468673650175333
16853,0.00571014266461134
16854,0.005280318204313517
16855,0.0049507091753184795
16856,0.005717332474887371
16857,0.005099792033433914
16858,0.006043754052370787
16859,0.006169835105538368
16860,0.005575984250754118
16861,0.005586415994912386
16862,0.005559118464589119
16863,0.004793992266058922
16864,0.004421235993504524
16865,0.006269076373428106
16866,0.005498784128576517
16867,0.00502010015770793
16868,0.0052431682124733925
16869,0.005409360863268375
16870,0.005778402090072632
16871,0.005540743004530668
16872,0.005477017257362604
16873,0.005226843524724245
16874,0.0049159228801727295
16875,0.005305520258843899
16876,0.006071401759982109
16877,0.005787690170109272
16878,0.005480065476149321
16879,0.005362808704376221
16880,0.005952232982963324
16881,0.005167277064174414
16882,0.005547042470425367
16883,0.005837093107402325
16884,0.0066697318106889725
16885,0.00540878577157855
16886,0.005045149475336075
16887,0.006386968772858381
16888,0.004982810001820326
16889,0.005368977785110474
16890,0.006136000622063875
16891,0.005337818991392851
16892,0.005669546779245138
16893,0.005700990557670593
16894,0.006397507153451443
16895,0.0051069059409201145
16896,0.005048822145909071
16897,0.0051021818071603775
16898,0.005221173632889986
16899,0.005130757112056017
16900,0.005967285484075546
16901,0.005107667297124863
16902,0.005770052783191204
16903,0.0052956691943109035
16904,0.005481331143528223
16905,0.005659036338329315
16906,0.0054150717332959175
16907,0.005667822901159525
16908,0.004519359674304724
16909,0.005282993894070387
16910,0.005631718318909407
16911,0.004946507513523102
16912,0.00594470975920558
16913,0.005535288248211145
16914,0.006201870273798704
16915,0.0062376465648412704
16916,0.006018726155161858
16917,0.00560081098228693
16918,0.004804279655218124
16919,0.004990032874047756
16920,0.005148198921233416
16921,0.006897568702697754
16922,0.005017807241529226
16923,0.005209588911384344
16924,0.0056095849722623825
16925,0.0046398090198636055
16926,0.006298534572124481
16927,0.004677863325923681
16928,0.005564542021602392
16929,0.0049224779941141605
16930,0.004351991694420576
16931,0.0057356152683496475
16932,0.005646085366606712
16933,0.005705066956579685
16934,0.005309647414833307
16935,0.005552623886615038
16936,0.005634937901049852
16937,0.005187827628105879
16938,0.005963579285889864
16939,0.005614952649921179
16940,0.006070840172469616
16941,0.00576048856601119
16942,0.006149937864392996
16943,0.005242048762738705
16944,0.004894958343356848
16945,0.005384836345911026
16946,0.005503180902451277
16947,0.005265452433377504
16948,0.005325216334313154
16949,0.00480505870655179
16950,0.005533391144126654
16951,0.0047798315063118935
16952,0.004877805709838867
16953,0.00578243937343359
16954,0.005040212068706751
16955,0.0056436937302351
16956,0.005494115874171257
16957,0.005641886033117771
16958,0.006022694054991007
16959,0.005640883464366198
16960,0.005171482916921377
16961,0.005428101401776075
16962,0.006095616612583399
16963,0.004734441172331572
16964,0.006157316733151674
16965,0.004872499033808708
16966,0.00570379663258791
16967,0.005311847664415836
16968,0.0052399784326553345
16969,0.005660031922161579
16970,0.004871766082942486
16971,0.005399944726377726
16972,0.005476930644363165
16973,0.005610204767435789
16974,0.005110118538141251
16975,0.005514702759683132
16976,0.004820167552679777
16977,0.00503368629142642
16978,0.00486040348187089
16979,0.005276442971080542
16980,0.004758205730468035
16981,0.006475004833191633
16982,0.005082410294562578
16983,0.005521039944142103
16984,0.0060979523696005344
16985,0.005608620122075081
16986,0.005214538425207138
16987,0.005252691451460123
16988,0.005422596819698811
16989,0.00573544530197978
16990,0.004823131952434778
16991,0.006464796140789986
16992,0.005050289444625378
16993,0.006190617568790913
16994,0.005769950803369284
16995,0.005671702325344086
16996,0.006448979023844004
16997,0.00481614051386714
16998,0.00619641924276948
16999,0.005582352634519339
17000,0.005157478153705597
17001,0.005684575531631708
17002,0.0063647315837442875
17003,0.004736308474093676
17004,0.0057847327552735806
17005,0.004716114141047001
17006,0.00461404537782073
17007,0.004722066689282656
17008,0.005429630167782307
17009,0.005893751047551632
17010,0.005705695599317551
17011,0.005993088241666555
17012,0.005025376100093126
17013,0.006015201099216938
17014,0.0050012958236038685
17015,0.004324775189161301
17016,0.0056433239951729774
17017,0.00528680020943284
17018,0.005798338446766138
17019,0.00501828221604228
17020,0.0061117419973015785
17021,0.006114859599620104
17022,0.004935413599014282
17023,0.00501265237107873
17024,0.00521299010142684
17025,0.005799819715321064
17026,0.0055100517347455025
17027,0.005176606588065624
17028,0.00534672848880291
17029,0.005191571544855833
17030,0.005787121597677469
17031,0.005355192814022303
17032,0.004551174119114876
17033,0.005620324984192848
17034,0.005351831205189228
17035,0.004450439475476742
17036,0.005601754877716303
17037,0.0056910440325737
17038,0.005794774740934372
17039,0.0051210252568125725
17040,0.004948024172335863
17041,0.0052422392182052135
17042,0.004900043830275536
17043,0.006404005456715822
17044,0.005228711757808924
17045,0.005967883858829737
17046,0.005789176095277071
17047,0.005727940704673529
17048,0.005632083397358656
17049,0.005938899237662554
17050,0.004991527181118727
17051,0.005751147400587797
17052,0.006338604725897312
17053,0.0053752753883600235
17054,0.005570462439209223
17055,0.005233325995504856
17056,0.005337927956134081
17057,0.005073117557913065
17058,0.0051260958425700665
17059,0.0052716354839503765
17060,0.005707422737032175
17061,0.00588964344933629
17062,0.00513685354962945
17063,0.0057379077188670635
17064,0.005664822179824114
17065,0.0055399988777935505
17066,0.005144995637238026
17067,0.0049855345860123634
17068,0.005176893901079893
17069,0.004904184956103563
17070,0.004706002306193113
17071,0.004876367282122374
17072,0.005601194221526384
17073,0.005520009435713291
17074,0.005453536752611399
17075,0.005500543862581253
17076,0.006096611265093088
17077,0.004442223813384771
17078,0.00493079936131835
17079,0.0056033204309642315
17080,0.0048721060156822205
17081,0.0054252571426332
17082,0.005891313310712576
17083,0.0056409817188978195
17084,0.0056852963753044605
17085,0.004568938631564379
17086,0.006370133254677057
17087,0.005950002931058407
17088,0.005810111295431852
17089,0.0054977829568088055
17090,0.0057650464586913586
17091,0.006092972122132778
17092,0.0048619904555380344
17093,0.004813856910914183
17094,0.004940604791045189
17095,0.004760493524372578
17096,0.00529456464573741
17097,0.005824759602546692
17098,0.005495924036949873
17099,0.004982620012015104
17100,0.005241225007921457
17101,0.005498552694916725
17102,0.0055763921700417995
17103,0.005220633000135422
17104,0.00564797455444932
17105,0.005028515122830868
17106,0.005526178982108831
17107,0.005680277943611145
17108,0.004743417724967003
17109,0.004788096994161606
17110,0.004965708591043949
17111,0.005489558447152376
17112,0.0056388890370726585
17113,0.005668074823915958
17114,0.00504645612090826
17115,0.004990510642528534
17116,0.005341464187949896
17117,0.005350104067474604
17118,0.005262397229671478
17119,0.006550238002091646
17120,0.0056713297963142395
17121,0.005095199216157198
17122,0.00626734271645546
17123,0.005355106201022863
17124,0.005642301868647337
17125,0.005886493716388941
17126,0.005499057471752167
17127,0.005315554793924093
17128,0.005264661740511656
17129,0.005567952059209347
17130,0.005420498549938202
17131,0.005502443294972181
17132,0.005299806594848633
17133,0.005575796589255333
17134,0.0052127293311059475
17135,0.004610402975231409
17136,0.005880338605493307
17137,0.005118722561746836
17138,0.004918515682220459
17139,0.004758771043270826
17140,0.004743310157209635
17141,0.004811221733689308
17142,0.005269861780107021
17143,0.00589674711227417
17144,0.0050010583363473415
17145,0.006164016667753458
17146,0.005635510664433241
17147,0.004882768727838993
17148,0.005665735807269812
17149,0.005324490834027529
17150,0.005361387971788645
17151,0.005001043900847435
17152,0.004632678814232349
17153,0.005959739908576012
17154,0.005515554919838905
17155,0.005652736406773329
17156,0.005681235808879137
17157,0.005667539779096842
17158,0.004880430642515421
17159,0.005035934038460255
17160,0.005253328010439873
17161,0.005202667787671089
17162,0.004612104967236519
17163,0.005603592377156019
17164,0.005404462572187185
17165,0.005395144689828157
17166,0.004418255295604467
17167,0.005290698260068893
17168,0.005498150829225779
17169,0.004656646400690079
17170,0.005246810149401426
17171,0.005739105399698019
17172,0.005371609702706337
17173,0.0053420113399624825
17174,0.006320236250758171
17175,0.004699972923845053
17176,0.0052377330139279366
17177,0.005293969064950943
17178,0.005822593811899424
17179,0.0055610621348023415
17180,0.005264854524284601
17181,0.005366327706724405
17182,0.005867119878530502
17183,0.005349052604287863
17184,0.0053917826153337955
17185,0.006157881114631891
17186,0.005512451287358999
17187,0.005178266204893589
17188,0.00584352808073163
17189,0.004786808043718338
17190,0.005268952809274197
17191,0.005419963505119085
17192,0.0052351877093315125
17193,0.004752722568809986
17194,0.005273245740681887
17195,0.005388598423451185
17196,0.00463183643296361
17197,0.00509067066013813
17198,0.005615517497062683
17199,0.0051916842348873615
17200,0.004574641585350037
17201,0.0057333544827997684
17202,0.0055822026915848255
17203,0.005173868965357542
17204,0.005101778078824282
17205,0.005414669867604971
17206,0.005195905454456806
17207,0.005099406465888023
17208,0.005968180485069752
17209,0.0060274722054600716
17210,0.005479610059410334
17211,0.005551998969167471
17212,0.00538625568151474
17213,0.00547911087051034
17214,0.005631165113300085
17215,0.005995771382004023
17216,0.005565397907048464
17217,0.005306917242705822
17218,0.005820592865347862
17219,0.00626450777053833
17220,0.005437732674181461
17221,0.004984039813280106
17222,0.005757504142820835
17223,0.005622340831905603
17224,0.00472867488861084
17225,0.005181911867111921
17226,0.0053243027068674564
17227,0.004508401732891798
17228,0.0052205948159098625
17229,0.0050972276367247105
17230,0.005226521287113428
17231,0.0050526452250778675
17232,0.005564611870795488
17233,0.005128560122102499
17234,0.005110480822622776
17235,0.005675903521478176
17236,0.005637699272483587
17237,0.006196873262524605
17238,0.004935905337333679
17239,0.005085838492959738
17240,0.005067505408078432
17241,0.005479028914123774
17242,0.005093765910714865
17243,0.006013291887938976
17244,0.004834079183638096
17245,0.005189103540033102
17246,0.005159673281013966
17247,0.005202071741223335
17248,0.0049713230691850185
17249,0.006058550905436277
17250,0.005446374416351318
17251,0.005804197862744331
17252,0.0052527254447340965
17253,0.005474247504025698
17254,0.00533831724897027
17255,0.005144601687788963
17256,0.0055474466644227505
17257,0.005711488425731659
17258,0.005875950213521719
17259,0.005065470468252897
17260,0.005143549758940935
17261,0.0058654979802668095
17262,0.004939551930874586
17263,0.005599524825811386
17264,0.00461074523627758
17265,0.005016666371375322
17266,0.0049590859562158585
17267,0.006006946321576834
17268,0.005465080961585045
17269,0.005406706593930721
17270,0.005888564512133598
17271,0.004891430959105492
17272,0.005167172756046057
17273,0.005114842671900988
17274,0.005282959435135126
17275,0.005494094919413328
17276,0.005231807474046946
17277,0.005247609224170446
17278,0.005354158580303192
17279,0.005027153063565493
17280,0.006146197207272053
17281,0.0058079976588487625
17282,0.00575770391151309
17283,0.005983112845569849
17284,0.006054121535271406
17285,0.004979947581887245
17286,0.005352289415895939
17287,0.005150415003299713
17288,0.0057707601226866245
17289,0.004814883228391409
17290,0.005854379385709763
17291,0.005770577583462
17292,0.005386974196881056
17293,0.005461877211928368
17294,0.005811923649162054
17295,0.0058147842064499855
17296,0.005002257879823446
17297,0.005043236538767815
17298,0.005448348820209503
17299,0.005334158428013325
17300,0.005859497468918562
17301,0.004725306760519743
17302,0.004905429668724537
17303,0.005441883113235235
17304,0.005060029216110706
17305,0.006056337151676416
17306,0.005832666996866465
17307,0.005540917627513409
17308,0.005241780076175928
17309,0.004265148192644119
17310,0.005086878314614296
17311,0.0054352241568267345
17312,0.0052367448806762695
17313,0.00487795053049922
17314,0.005360269919037819
17315,0.005662091076374054
17316,0.005100568290799856
17317,0.005806149449199438
17318,0.005633032415062189
17319,0.005276486277580261
17320,0.005707479547709227
17321,0.004577196203172207
17322,0.005703622475266457
17323,0.006314876955002546
17324,0.005475661251693964
17325,0.005650748964399099
17326,0.005153884179890156
17327,0.0048788744024932384
17328,0.005968437995761633
17329,0.004865432158112526
17330,0.005514724645763636
17331,0.005014288239181042
17332,0.004580154083669186
17333,0.004991617519408464
17334,0.005346766207367182
17335,0.004983990453183651
17336,0.005528771318495274
17337,0.005517621990293264
17338,0.005130823235958815
17339,0.004657390061765909
17340,0.005733973812311888
17341,0.005344151984900236
17342,0.006117037031799555
17343,0.005522488616406918
17344,0.0057942685671150684
17345,0.004941890016198158
17346,0.0046564736403524876
17347,0.006035088561475277
17348,0.005625165533274412
17349,0.005196196027100086
17350,0.005517714656889439
17351,0.005049723666161299
17352,0.004518584813922644
17353,0.0054562813602387905
17354,0.004633322823792696
17355,0.005048367194831371
17356,0.004936874844133854
17357,0.005290094763040543
17358,0.0052877627313137054
17359,0.005090437829494476
17360,0.00521501898765564
17361,0.00531736807897687
17362,0.0052833897061645985
17363,0.005126147996634245
17364,0.0057016415521502495
17365,0.004523527342826128
17366,0.005898663774132729
17367,0.004728235770016909
17368,0.00470071891322732
17369,0.00566073227673769
17370,0.00480580423027277
17371,0.004792185965925455
17372,0.004825468175113201
17373,0.0053425501100718975
17374,0.005596896167844534
17375,0.005472508724778891
17376,0.005427883472293615
17377,0.005571242421865463
17378,0.0052153305150568485
17379,0.004892705008387566
17380,0.005740974098443985
17381,0.005391289014369249
17382,0.004472553264349699
17383,0.006511394400149584
17384,0.0047554378397762775
17385,0.004872253630310297
17386,0.005365428980439901
17387,0.005643696524202824
17388,0.004523925483226776
17389,0.006154795177280903
17390,0.005159318912774324
17391,0.005527437664568424
17392,0.004765033721923828
17393,0.005865524988621473
17394,0.005225243978202343
17395,0.005975847598165274
17396,0.005525542888790369
17397,0.004913824610412121
17398,0.005712852347642183
17399,0.005269753281027079
17400,0.005275675095617771
17401,0.005352660547941923
17402,0.004852841142565012
17403,0.005025135353207588
17404,0.005677587352693081
17405,0.005724115297198296
17406,0.005353106185793877
17407,0.0054838829673826694
17408,0.005334807559847832
17409,0.005502472165971994
17410,0.006409007590264082
17411,0.005269313231110573
17412,0.005604914389550686
17413,0.005566925276070833
17414,0.004707908257842064
17415,0.005145080387592316
17416,0.005228864029049873
17417,0.005011110566556454
17418,0.004776311572641134
17419,0.005404279101639986
17420,0.005005172919481993
17421,0.005632623098790646
17422,0.004934482742100954
17423,0.0053865653462708
17424,0.005940270610153675
17425,0.00604477571323514
17426,0.0059164948761463165
17427,0.005900172516703606
17428,0.0052283392287790775
17429,0.005366795230656862
17430,0.00465013412758708
17431,0.005393678788095713
17432,0.004430488217622042
17433,0.004639429040253162
17434,0.004821515176445246
17435,0.005533803254365921
17436,0.0054681734181940556
17437,0.005366382654756308
17438,0.005168840754777193
17439,0.005110453814268112
17440,0.0053345817141234875
17441,0.005820803344249725
17442,0.005054816137999296
17443,0.005435842089354992
17444,0.00536847859621048
17445,0.004664991516619921
17446,0.004990592133253813
17447,0.004848971031606197
17448,0.004218954127281904
17449,0.005442435387521982
17450,0.0053972420282661915
17451,0.005001092795282602
17452,0.005135446321219206
17453,0.005451885052025318
17454,0.004758270923048258
17455,0.0061793276108801365
17456,0.005952180828899145
17457,0.00542841013520956
17458,0.0055998750030994415
17459,0.00587728014215827
17460,0.004681217949837446
17461,0.005779546219855547
17462,0.0054148659110069275
17463,0.0048614805564284325
17464,0.005004021804779768
17465,0.005624576937407255
17466,0.005755012389272451
17467,0.006251777987927198
17468,0.0056825908832252026
17469,0.006186157464981079
17470,0.006055503152310848
17471,0.005003571510314941
17472,0.004617863800376654
17473,0.005515741650015116
17474,0.005869107786566019
17475,0.004774618428200483
17476,0.005459879525005817
17477,0.005161419976502657
17478,0.004978385753929615
17479,0.0061892359517514706
17480,0.004700501915067434
17481,0.005683557596057653
17482,0.006043072324246168
17483,0.004847525153309107
17484,0.0056883967481553555
17485,0.005758452229201794
17486,0.005386444739997387
17487,0.0052182492800056934
17488,0.004532031249254942
17489,0.004933453630656004
17490,0.005020644515752792
17491,0.005439818371087313
17492,0.005292380228638649
17493,0.0056546530686318874
17494,0.005949994083493948
17495,0.005729267839342356
17496,0.005271493457257748
17497,0.004980750847607851
17498,0.004328617360442877
17499,0.005397999193519354
17500,0.006739654112607241
17501,0.0052475640550255775
17502,0.005260887090116739
17503,0.005610327236354351
17504,0.005283557344228029
17505,0.005044318735599518
17506,0.00541304936632514
17507,0.005718463100492954
17508,0.00547283748164773
17509,0.005864284001290798
17510,0.005065737757831812
17511,0.005300922319293022
17512,0.005774312652647495
17513,0.00486135995015502
17514,0.005218038335442543
17515,0.005641274154186249
17516,0.004698365461081266
17517,0.00443197600543499
17518,0.004704360384494066
17519,0.005586567334830761
17520,0.0049719661474227905
17521,0.0057203820906579494
17522,0.0047093406319618225
17523,0.005952285602688789
17524,0.00524907885119319
17525,0.005200305953621864
17526,0.005190263967961073
17527,0.004564876668155193
17528,0.005251772236078978
17529,0.005681860260665417
17530,0.005074701271951199
17531,0.0058440095745027065
17532,0.005506814457476139
17533,0.004998041316866875
17534,0.00518998596817255
17535,0.00494212843477726
17536,0.0046608964912593365
17537,0.005457910243421793
17538,0.005145411938428879
17539,0.004653251264244318
17540,0.005130767822265625
17541,0.005266979802399874
17542,0.004919691942632198
17543,0.005022439640015364
17544,0.00573329022154212
17545,0.004879829473793507
17546,0.006434850860387087
17547,0.005328866187483072
17548,0.004704492166638374
17549,0.005638597998768091
17550,0.004294330719858408
17551,0.004903241991996765
17552,0.006549865938723087
17553,0.0051346137188375
17554,0.0051567708142101765
17555,0.0055322954431176186
17556,0.00588023429736495
17557,0.005412575788795948
17558,0.005410114303231239
17559,0.0047213672660291195
17560,0.005847528111189604
17561,0.00477185333147645
17562,0.005555835086852312
17563,0.0052979448810219765
17564,0.005110588390380144
17565,0.005159847903996706
17566,0.005220615305006504
17567,0.004891818854957819
17568,0.005232126917690039
17569,0.004928312264382839
17570,0.005326387472450733
17571,0.004972823895514011
17572,0.00651105772703886
17573,0.005144733469933271
17574,0.005237555131316185
17575,0.005660651717334986
17576,0.005668250843882561
17577,0.005610957276076078
17578,0.005422149319201708
17579,0.004463195335119963
17580,0.0057379212230443954
17581,0.005740195047110319
17582,0.005257940851151943
17583,0.005545415449887514
17584,0.004772404674440622
17585,0.004714972339570522
17586,0.004961679223924875
17587,0.00557353813201189
17588,0.0054030525498092175
17589,0.0049185361713171005
17590,0.005829548928886652
17591,0.004964467603713274
17592,0.006156534887850285
17593,0.00578018045052886
17594,0.004892801400274038
17595,0.005811057519167662
17596,0.005065268836915493
17597,0.0053947437554597855
17598,0.0052100964821875095
17599,0.005704546347260475
17600,0.0045012314803898335
17601,0.005205394234508276
17602,0.006108100991696119
17603,0.005647960584610701
17604,0.005459336098283529
17605,0.006308065727353096
17606,0.0048244064673781395
17607,0.00550797488540411
17608,0.005204597022384405
17609,0.004107487387955189
17610,0.0041837976314127445
17611,0.006151203531771898
17612,0.004453360103070736
17613,0.00522611802443862
17614,0.005483075510710478
17615,0.0059801735915243626
17616,0.00550858536735177
17617,0.00552003737539053
17618,0.005772079806774855
17619,0.005750980228185654
17620,0.005677544046193361
17621,0.0052901036106050014
17622,0.004555874038487673
17623,0.0054952059872448444
17624,0.005241675302386284
17625,0.004527639131993055
17626,0.006139092613011599
17627,0.005426150280982256
17628,0.004919340834021568
17629,0.005972427316009998
17630,0.005023686680942774
17631,0.006092167925089598
17632,0.005679544992744923
17633,0.004879271145910025
17634,0.005095223896205425
17635,0.006321915425360203
17636,0.005943451076745987
17637,0.0054329512640833855
17638,0.006037770304828882
17639,0.005332279484719038
17640,0.005080050323158503
17641,0.0051541575230658054
17642,0.004944218322634697
17643,0.005792568903416395
17644,0.005636761896312237
17645,0.005334632005542517
17646,0.00520701939240098
17647,0.004493010230362415
17648,0.0056152865290641785
17649,0.006486207712441683
17650,0.0052843582816421986
17651,0.004378718324005604
17652,0.005429811310023069
17653,0.005365889053791761
17654,0.004835480358451605
17655,0.00560275511816144
17656,0.005371475592255592
17657,0.004542653914541006
17658,0.006215016357600689
17659,0.005328846629709005
17660,0.005811758805066347
17661,0.005732174962759018
17662,0.005699408706277609
17663,0.005004712846130133
17664,0.005727668758481741
17665,0.00512905465438962
17666,0.005567259155213833
17667,0.0050982641987502575
17668,0.005145667120814323
17669,0.005081521812826395
17670,0.005247227381914854
17671,0.004808454308658838
17672,0.005421185865998268
17673,0.005105240736156702
17674,0.005698846653103828
17675,0.004910738207399845
17676,0.005018063820898533
17677,0.004687353502959013
17678,0.005565297324210405
17679,0.005750542040914297
17680,0.004728429019451141
17681,0.005373544059693813
17682,0.005150720477104187
17683,0.005181938409805298
17684,0.00498331431299448
17685,0.0049364338628947735
17686,0.005123823415488005
17687,0.00551676657050848
17688,0.006171050481498241
17689,0.004761582240462303
17690,0.005226376932114363
17691,0.005377873312681913
17692,0.005033168941736221
17693,0.005422646179795265
17694,0.004470346961170435
17695,0.005074447952210903
17696,0.005106828641146421
17697,0.005187180824577808
17698,0.00498926779255271
17699,0.006117815617471933
17700,0.0056358701549470425
17701,0.004982439801096916
17702,0.005063104908913374
17703,0.005097886081784964
17704,0.0053544556722044945
17705,0.006040636450052261
17706,0.005335279740393162
17707,0.006354024168103933
17708,0.005260034464299679
17709,0.006140978541225195
17710,0.005702628288418055
17711,0.004534997511655092
17712,0.0045518213883042336
17713,0.005188454873859882
17714,0.00592055032029748
17715,0.005161978770047426
17716,0.006276633124798536
17717,0.004833615384995937
17718,0.006578055676072836
17719,0.005597039125859737
17720,0.005003806669265032
17721,0.005160112865269184
17722,0.0049919565208256245
17723,0.004993818700313568
17724,0.00546654500067234
17725,0.005402564536780119
17726,0.004847411066293716
17727,0.005474236328154802
17728,0.005445615388453007
17729,0.005912921391427517
17730,0.005016719922423363
17731,0.005580634344369173
17732,0.004763807635754347
17733,0.0064673107117414474
17734,0.0057305446825921535
17735,0.00604020431637764
17736,0.0054017482325434685
17737,0.005934314802289009
17738,0.004626586101949215
17739,0.005398402456194162
17740,0.004958499688655138
17741,0.005277363583445549
17742,0.00502433069050312
17743,0.005193898919969797
17744,0.005650107283145189
17745,0.005463351961225271
17746,0.005051817744970322
17747,0.00543199572712183
17748,0.006114589981734753
17749,0.005387244746088982
17750,0.006978650577366352
17751,0.0057251183316111565
17752,0.005081310402601957
17753,0.005809134338051081
17754,0.005313499365001917
17755,0.005820805672556162
17756,0.0051511614583432674
17757,0.005006211809813976
17758,0.005652048625051975
17759,0.005143897142261267
17760,0.0050139292143285275
17761,0.005697908811271191
17762,0.005117295775562525
17763,0.004934912547469139
17764,0.006067522335797548
17765,0.0043595279566943645
17766,0.004888944793492556
17767,0.005594709888100624
17768,0.005007155705243349
17769,0.006124548614025116
17770,0.005324670113623142
17771,0.005130313336849213
17772,0.004616898950189352
17773,0.005671248771250248
17774,0.00631316564977169
17775,0.0054244548082351685
17776,0.006136417854577303
17777,0.005429399665445089
17778,0.005872622597962618
17779,0.005099803674966097
17780,0.005757937207818031
17781,0.005846517626196146
17782,0.0052042254246771336
17783,0.004763907752931118
17784,0.004978136625140905
17785,0.005532536655664444
17786,0.005664120893925428
17787,0.0057629989460110664
17788,0.004734150134027004
17789,0.00519404374063015
17790,0.005606174934655428
17791,0.0058992281556129456
17792,0.0057465508580207825
17793,0.0051109972409904
17794,0.005315608344972134
17795,0.005458120722323656
17796,0.0049485997296869755
17797,0.005694409366697073
17798,0.005057274829596281
17799,0.005657280329614878
17800,0.005404794123023748
17801,0.005838437937200069
17802,0.005083823576569557
17803,0.005813101772218943
17804,0.005472926888614893
17805,0.005169014446437359
17806,0.005467308219522238
17807,0.005637303926050663
17808,0.004869948606938124
17809,0.005690768361091614
17810,0.0046721212565898895
17811,0.00495846988633275
17812,0.006133237853646278
17813,0.005656834691762924
17814,0.005529374349862337
17815,0.004891068208962679
17816,0.004748300649225712
17817,0.006730131804943085
17818,0.005049378611147404
17819,0.006076271180063486
17820,0.005274574737995863
17821,0.006155706942081451
17822,0.005547187756747007
17823,0.004993412643671036
17824,0.005033199209719896
17825,0.005014281254261732
17826,0.004732942208647728
17827,0.004728045780211687
17828,0.005510944407433271
17829,0.005127741023898125
17830,0.00447351299226284
17831,0.005663657560944557
17832,0.005440303590148687
17833,0.005329080857336521
17834,0.004630358889698982
17835,0.005692858248949051
17836,0.0059694815427064896
17837,0.005785107612609863
17838,0.005449473392218351
17839,0.006308529060333967
17840,0.005263496655970812
17841,0.005162691231817007
17842,0.004965460859239101
17843,0.004572399891912937
17844,0.005242203362286091
17845,0.006200537085533142
17846,0.005590473767369986
17847,0.0058970642276108265
17848,0.005519988480955362
17849,0.004711853340268135
17850,0.0054191118106245995
17851,0.005519737955182791
17852,0.0057502370327711105
17853,0.006405020132660866
17854,0.005019615404307842
17855,0.006272399798035622
17856,0.004931380972266197
17857,0.005368625745177269
17858,0.00503413425758481
17859,0.005268014036118984
17860,0.005389799829572439
17861,0.005118019413203001
17862,0.005157286301255226
17863,0.005731573328375816
17864,0.005805517081171274
17865,0.005509428679943085
17866,0.005510242655873299
17867,0.0053239502012729645
17868,0.0052231973968446255
17869,0.005053540226072073
17870,0.006100259721279144
17871,0.005035423208028078
17872,0.005449860822409391
17873,0.005840026307851076
17874,0.004840400535613298
17875,0.005669056437909603
17876,0.004992486909031868
17877,0.00542450649663806
17878,0.00469565112143755
17879,0.005934644490480423
17880,0.00518316263332963
17881,0.005260186269879341
17882,0.004743456840515137
17883,0.00503907585516572
17884,0.0044680493883788586
17885,0.004785365890711546
17886,0.004814757965505123
17887,0.005259756930172443
17888,0.005037438124418259
17889,0.004504198208451271
17890,0.005174998193979263
17891,0.00499944481998682
17892,0.005414222367107868
17893,0.005264698527753353
17894,0.005245742853730917
17895,0.005596430506557226
17896,0.005028956104069948
17897,0.00581733463332057
17898,0.005232393741607666
17899,0.005582937505096197
17900,0.004876543302088976
17901,0.005315116140991449
17902,0.005642450414597988
17903,0.004992919974029064
17904,0.006205365061759949
17905,0.005861704237759113
17906,0.005277957301586866
17907,0.005144406110048294
17908,0.005242693703621626
17909,0.004832575097680092
17910,0.005509041249752045
17911,0.004535929765552282
17912,0.005550593137741089
17913,0.004664580337703228
17914,0.005146450363099575
17915,0.004941048100590706
17916,0.005659724120050669
17917,0.0058464654721319675
17918,0.004290328361093998
17919,0.004826925229281187
17920,0.0050347247160971165
17921,0.005513838957995176
17922,0.004775471985340118
17923,0.005575158633291721
17924,0.005508924834430218
17925,0.005273626185953617
17926,0.005382339004427195
17927,0.0048258365131914616
17928,0.004801001865416765
17929,0.005328776314854622
17930,0.005923847667872906
17931,0.006056591402739286
17932,0.005466167815029621
17933,0.004714061971753836
17934,0.004963117651641369
17935,0.004719995427876711
17936,0.004484094213694334
17937,0.004963732790201902
17938,0.005280037876218557
17939,0.00556184072047472
17940,0.004870851524174213
17941,0.004806159529834986
17942,0.0058338153176009655
17943,0.005296073853969574
17944,0.005171169061213732
17945,0.005185483023524284
17946,0.005229847505688667
17947,0.005035421811044216
17948,0.005932783707976341
17949,0.004762010648846626
17950,0.005261139012873173
17951,0.004760881420224905
17952,0.004873462952673435
17953,0.004853713791817427
17954,0.004937667865306139
17955,0.005614335183054209
17956,0.00515444902703166
17957,0.004854697734117508
17958,0.005956768989562988
17959,0.005039941985160112
17960,0.004720866214483976
17961,0.004708557855337858
17962,0.005180870648473501
17963,0.004755367524921894
17964,0.0050646159797906876
17965,0.004995948169380426
17966,0.005521853920072317
17967,0.005205903202295303
17968,0.005491603631526232
17969,0.005657399073243141
17970,0.005223049782216549
17971,0.005217672325670719
17972,0.005146414507180452
17973,0.004738165531307459
17974,0.0060927593149244785
17975,0.005888144951313734
17976,0.005001008976250887
17977,0.004533880390226841
17978,0.005063062068074942
17979,0.005004308186471462
17980,0.005004622042179108
17981,0.005442146211862564
17982,0.0052906000055372715
17983,0.005345526617020369
17984,0.005065898410975933
17985,0.004906195681542158
17986,0.0060617984272539616
17987,0.005134988576173782
17988,0.004878179635852575
17989,0.005634635221213102
17990,0.005198955535888672
17991,0.0049675386399030685
17992,0.005600623320788145
17993,0.0051697962917387486
17994,0.005447410978376865
17995,0.004899206571280956
17996,0.005768846720457077
17997,0.004501523915678263
17998,0.005561300553381443
17999,0.00527917267754674
18000,0.005279747303575277
18001,0.003973502665758133
18002,0.0053876787424087524
18003,0.0046878899447619915
18004,0.005216591525822878
18005,0.0052456906996667385
18006,0.0054025352001190186
18007,0.005818728357553482
18008,0.005347108002752066
18009,0.00522364629432559
18010,0.005908485036343336
18011,0.004832869861274958
18012,0.0059458413161337376
18013,0.005660088267177343
18014,0.005799800157546997
18015,0.004666870925575495
18016,0.005433149170130491
18017,0.005631048697978258
18018,0.005538205150514841
18019,0.006006883457303047
18020,0.005597539711743593
18021,0.005590670742094517
18022,0.005191609729081392
18023,0.0057078576646745205
18024,0.004899241495877504
18025,0.0055704121477901936
18026,0.004878310486674309
18027,0.005596349481493235
18028,0.005292107816785574
18029,0.005156144965440035
18030,0.004071011207997799
18031,0.005442741326987743
18032,0.004325090907514095
18033,0.005370646249502897
18034,0.005014414433389902
18035,0.005606982856988907
18036,0.005497816950082779
18037,0.005455384962260723
18038,0.00562784168869257
18039,0.005650147795677185
18040,0.004983652848750353
18041,0.00611954927444458
18042,0.004786234814673662
18043,0.00490405410528183
18044,0.0049027265049517155
18045,0.005587286781519651
18046,0.0056610265746712685
18047,0.004970673006027937
18048,0.004994643852114677
18049,0.004719866439700127
18050,0.004678171128034592
18051,0.005166805349290371
18052,0.0043005445040762424
18053,0.005120840854942799
18054,0.004961423110216856
18055,0.004907603841274977
18056,0.005088503938168287
18057,0.0062411329708993435
18058,0.0059438361786305904
18059,0.005425527226179838
18060,0.005458374507725239
18061,0.005388268269598484
18062,0.004649587906897068
18063,0.005344030912965536
18064,0.005078595131635666
18065,0.005353169981390238
18066,0.005471827927976847
18067,0.004858208354562521
18068,0.0048522441647946835
18069,0.0066839964129030704
18070,0.005107388831675053
18071,0.005109341349452734
18072,0.005066902842372656
18073,0.004587630275636911
18074,0.005219147074967623
18075,0.005176241043955088
18076,0.005632959306240082
18077,0.004921776242554188
18078,0.005860381759703159
18079,0.0053892238065600395
18080,0.004423348233103752
18081,0.005592687521129847
18082,0.0060239629819989204
18083,0.0056609115563333035
18084,0.005481373053044081
18085,0.006033056415617466
18086,0.005533793941140175
18087,0.005712300539016724
18088,0.005008526146411896
18089,0.005809881258755922
18090,0.005012685898691416
18091,0.00489776162430644
18092,0.005487043410539627
18093,0.005168811418116093
18094,0.004785171244293451
18095,0.005406069569289684
18096,0.006000272464007139
18097,0.005953149404376745
18098,0.005485211964696646
18099,0.005072822328656912
18100,0.005422738380730152
18101,0.00552872009575367
18102,0.005920113064348698
18103,0.00590460654348135
18104,0.005409326404333115
18105,0.005558959674090147
18106,0.005327495746314526
18107,0.005148716736584902
18108,0.005151435732841492
18109,0.004193494096398354
18110,0.005523731000721455
18111,0.005780414212495089
18112,0.005875670351088047
18113,0.005375856067985296
18114,0.005657917354255915
18115,0.005099915899336338
18116,0.005545357242226601
18117,0.0050148856826126575
18118,0.00508752278983593
18119,0.005544732324779034
18120,0.005446767434477806
18121,0.0049157594330608845
18122,0.004919406492263079
18123,0.004744892939925194
18124,0.005214674863964319
18125,0.005213058553636074
18126,0.005238673649728298
18127,0.005028886254876852
18128,0.005205146968364716
18129,0.005027520935982466
18130,0.005945704411715269
18131,0.005129317753016949
18132,0.004911421798169613
18133,0.005332927219569683
18134,0.005881648510694504
18135,0.005018792115151882
18136,0.00577178131788969
18137,0.004865522030740976
18138,0.005151780322194099
18139,0.005640735849738121
18140,0.004848383832722902
18141,0.005553078837692738
18142,0.006095643620938063
18143,0.0054199048317968845
18144,0.005246749613434076
18145,0.004862168803811073
18146,0.004893098492175341
18147,0.006268450990319252
18148,0.004623370245099068
18149,0.005397594068199396
18150,0.0058393352665007114
18151,0.004902222193777561
18152,0.005114105064421892
18153,0.005731674842536449
18154,0.005384370218962431
18155,0.005513655953109264
18156,0.004893074743449688
18157,0.005407222546637058
18158,0.005316403694450855
18159,0.0045403712429106236
18160,0.005498368758708239
18161,0.005175064317882061
18162,0.005541226360946894
18163,0.005434819031506777
18164,0.0051345317624509335
18165,0.005663163028657436
18166,0.005830429960042238
18167,0.005602940917015076
18168,0.005552791059017181
18169,0.005089198239147663
18170,0.005210826639086008
18171,0.005592520348727703
18172,0.00572109455242753
18173,0.005450121127068996
18174,0.004498830530792475
18175,0.004711415618658066
18176,0.005235580727458
18177,0.005047539249062538
18178,0.0048530311323702335
18179,0.005846550688147545
18180,0.005364017561078072
18181,0.005210516974329948
18182,0.005203313194215298
18183,0.005388086196035147
18184,0.004998671356588602
18185,0.004910352174192667
18186,0.004877946339547634
18187,0.006260696332901716
18188,0.00541204959154129
18189,0.0054173218086361885
18190,0.004906946327537298
18191,0.005258884280920029
18192,0.00599913252517581
18193,0.004466927610337734
18194,0.00578951183706522
18195,0.005567374173551798
18196,0.004846449475735426
18197,0.005692457780241966
18198,0.006237105932086706
18199,0.0056261043064296246
18200,0.005477669648826122
18201,0.005709241610020399
18202,0.005345116835087538
18203,0.0057267677038908005
18204,0.005826880224049091
18205,0.0049579208716750145
18206,0.0053724246099591255
18207,0.005982413422316313
18208,0.005681447219103575
18209,0.005702767055481672
18210,0.005120226182043552
18211,0.004926139954477549
18212,0.004848445300012827
18213,0.006226087920367718
18214,0.005277224816381931
18215,0.005615134723484516
18216,0.005714323837310076
18217,0.004946214612573385
18218,0.005136905703693628
18219,0.0054118395783007145
18220,0.005854442249983549
18221,0.0064236740581691265
18222,0.005566583946347237
18223,0.005380189046263695
18224,0.00517946295440197
18225,0.005331580527126789
18226,0.005707283038645983
18227,0.005215785466134548
18228,0.0049182334914803505
18229,0.005557006224989891
18230,0.004934231285005808
18231,0.005069165024906397
18232,0.0049475133419036865
18233,0.005207878537476063
18234,0.005058404058218002
18235,0.005891271401196718
18236,0.004858794156461954
18237,0.0048508793115615845
18238,0.004873236175626516
18239,0.004991801455616951
18240,0.005529312416911125
18241,0.004865454509854317
18242,0.005544716026633978
18243,0.005289342254400253
18244,0.005216268356889486
18245,0.004985646810382605
18246,0.005531675182282925
18247,0.004890698939561844
18248,0.004989219829440117
18249,0.0049407766200602055
18250,0.004822551738470793
18251,0.005371385719627142
18252,0.005046202801167965
18253,0.0046059186570346355
18254,0.004662631079554558
18255,0.005088614299893379
18256,0.005249193403869867
18257,0.005435440223664045
18258,0.005765356123447418
18259,0.0053155734203755856
18260,0.005297858268022537
18261,0.005454882048070431
18262,0.004744117613881826
18263,0.005426633171737194
18264,0.005130644887685776
18265,0.004965746309608221
18266,0.005270590074360371
18267,0.005598378833383322
18268,0.004990406334400177
18269,0.005691150203347206
18270,0.006654871627688408
18271,0.005302382633090019
18272,0.0045423200353980064
18273,0.005916088353842497
18274,0.005339928437024355
18275,0.00487523665651679
18276,0.005158242303878069
18277,0.005337868817150593
18278,0.004874423146247864
18279,0.0056574372574687
18280,0.00566066475585103
18281,0.005591192282736301
18282,0.005135104525834322
18283,0.004863364156335592
18284,0.005647214595228434
18285,0.004960380494594574
18286,0.005247579421848059
18287,0.005531533621251583
18288,0.005586303770542145
18289,0.005749769974499941
18290,0.004669584333896637
18291,0.005487243179231882
18292,0.006083254236727953
18293,0.004488837439566851
18294,0.005168044939637184
18295,0.0057758972980082035
18296,0.0048401677049696445
18297,0.005293271038681269
18298,0.0044332402758300304
18299,0.0049628303386271
18300,0.005542004946619272
18301,0.004833218175917864
18302,0.005752714816480875
18303,0.005586058367043734
18304,0.00542166642844677
18305,0.005296588409692049
18306,0.005638550501316786
18307,0.005515232682228088
18308,0.005082554649561644
18309,0.006330844014883041
18310,0.004914165940135717
18311,0.004996309522539377
18312,0.00446211826056242
18313,0.0046180058270692825
18314,0.005606537684798241
18315,0.005309732165187597
18316,0.005187643226236105
18317,0.004739338997751474
18318,0.0051356409676373005
18319,0.006044686306267977
18320,0.005064014345407486
18321,0.005982137750834227
18322,0.005914628505706787
18323,0.0050059724599123
18324,0.005446551367640495
18325,0.005143702961504459
18326,0.005496548488736153
18327,0.00542653352022171
18328,0.005557307042181492
18329,0.005611340515315533
18330,0.004843939561396837
18331,0.005356833804398775
18332,0.005050180479884148
18333,0.004991008900105953
18334,0.004902728833258152
18335,0.00585181126371026
18336,0.005434233229607344
18337,0.005575058050453663
18338,0.006720247212797403
18339,0.005885255057364702
18340,0.005945232231169939
18341,0.005307584069669247
18342,0.005400787573307753
18343,0.004963250365108252
18344,0.005006643943488598
18345,0.004536444786936045
18346,0.005912275053560734
18347,0.006215475965291262
18348,0.005189288407564163
18349,0.005861473735421896
18350,0.00549501134082675
18351,0.0051750303246080875
18352,0.005627740174531937
18353,0.005914114881306887
18354,0.00502985343337059
18355,0.004813719540834427
18356,0.004719005431979895
18357,0.005496423225849867
18358,0.0056572952307760715
18359,0.006223578006029129
18360,0.004691858775913715
18361,0.005276892799884081
18362,0.004985701758414507
18363,0.005028581712394953
18364,0.004873641766607761
18365,0.005655788816511631
18366,0.004599269013851881
18367,0.005126445088535547
18368,0.004998399876058102
18369,0.005371319130063057
18370,0.004545134026557207
18371,0.004794517066329718
18372,0.0056714462116360664
18373,0.005308073945343494
18374,0.004830057732760906
18375,0.0047572278417646885
18376,0.004977206699550152
18377,0.004990544635802507
18378,0.004960610531270504
18379,0.004664495587348938
18380,0.004118710290640593
18381,0.005806153640151024
18382,0.005220063962042332
18383,0.0046364073641598225
18384,0.005105794407427311
18385,0.005459401290863752
18386,0.004284593742340803
18387,0.005220870953053236
18388,0.005280440207570791
18389,0.006065384950488806
18390,0.005729407537728548
18391,0.004949022550135851
18392,0.005404549650847912
18393,0.004749251529574394
18394,0.004316530656069517
18395,0.005613634828478098
18396,0.004456247203052044
18397,0.004401070531457663
18398,0.005571114830672741
18399,0.004814700689166784
18400,0.004460910335183144
18401,0.005245415959507227
18402,0.004910723771899939
18403,0.005452935118228197
18404,0.005368875805288553
18405,0.005481013562530279
18406,0.0055608670227229595
18407,0.00487611023709178
18408,0.005459008272737265
18409,0.0060111116617918015
18410,0.005163010209798813
18411,0.0053866589441895485
18412,0.005839001387357712
18413,0.004712272901087999
18414,0.0055310591123998165
18415,0.005729286931455135
18416,0.0049317264929413795
18417,0.00601500878110528
18418,0.005132646765559912
18419,0.00493495212867856
18420,0.004635222721844912
18421,0.00540165277197957
18422,0.005354592110961676
18423,0.004624561406672001
18424,0.005535533651709557
18425,0.005651866085827351
18426,0.005440914072096348
18427,0.005091915372759104
18428,0.004761236719787121
18429,0.005219776649028063
18430,0.005428613163530827
18431,0.006007888354361057
18432,0.0053551821038126945
18433,0.004736540373414755
18434,0.004950607195496559
18435,0.0053183832205832005
18436,0.005230495240539312
18437,0.005355638451874256
18438,0.0047918651252985
18439,0.00556064723059535
18440,0.0056126732379198074
18441,0.005269421264529228
18442,0.004946961533278227
18443,0.005398266017436981
18444,0.005292367655783892
18445,0.005292972084134817
18446,0.005116477143019438
18447,0.0057341172359883785
18448,0.005228914320468903
18449,0.0048668901436030865
18450,0.004406859166920185
18451,0.005362338852137327
18452,0.005504400469362736
18453,0.005729749333113432
18454,0.006034462712705135
18455,0.00547555647790432
18456,0.005215232260525227
18457,0.004858524538576603
18458,0.004758283495903015
18459,0.004998070653527975
18460,0.004538884852081537
18461,0.005302159581333399
18462,0.004971491638571024
18463,0.005150340031832457
18464,0.004648583475500345
18465,0.0049633667804300785
18466,0.00522491754963994
18467,0.004811122547835112
18468,0.006048252340406179
18469,0.004733468871563673
18470,0.005290498025715351
18471,0.005560500547289848
18472,0.005374546628445387
18473,0.005299290642142296
18474,0.00522893900051713
18475,0.005722347181290388
18476,0.004581411834806204
18477,0.005133884493261576
18478,0.006398324389010668
18479,0.005319311749190092
18480,0.0051065245643258095
18481,0.005354509223252535
18482,0.00551218306645751
18483,0.004368828143924475
18484,0.004937948193401098
18485,0.005991328042000532
18486,0.0052413251250982285
18487,0.004929858259856701
18488,0.005161621142178774
18489,0.005339396186172962
18490,0.00528327701613307
18491,0.004890946205705404
18492,0.005151108838617802
18493,0.005483540706336498
18494,0.00493705365806818
18495,0.005840236321091652
18496,0.0047562504187226295
18497,0.005804992746561766
18498,0.00549036730080843
18499,0.005110233556479216
18500,0.005576661787927151
18501,0.005995732266455889
18502,0.0050949472934007645
18503,0.005435208324342966
18504,0.004403483588248491
18505,0.004988797474652529
18506,0.00588344456627965
18507,0.005248789209872484
18508,0.005639298819005489
18509,0.0049540698528289795
18510,0.004891044460237026
18511,0.005069336853921413
18512,0.00528958672657609
18513,0.005320586264133453
18514,0.006012747995555401
18515,0.005350770894438028
18516,0.00511553417891264
18517,0.004909098148345947
18518,0.0058679222129285336
18519,0.005471931770443916
18520,0.005058634094893932
18521,0.005426996853202581
18522,0.005042040720582008
18523,0.005548893008381128
18524,0.004958662204444408
18525,0.004834243096411228
18526,0.0047292206436395645
18527,0.004764557350426912
18528,0.006125517189502716
18529,0.005653200671076775
18530,0.005019073840230703
18531,0.0056624687276780605
18532,0.004432499408721924
18533,0.005861280020326376
18534,0.005383376497775316
18535,0.005921298637986183
18536,0.005365545395761728
18537,0.004705267027020454
18538,0.005762827582657337
18539,0.00513544911518693
18540,0.005241901148110628
18541,0.00534060038626194
18542,0.004942502360790968
18543,0.004324351437389851
18544,0.005326851271092892
18545,0.005339435301721096
18546,0.005359136499464512
18547,0.00521633867174387
18548,0.005915903486311436
18549,0.005142185837030411
18550,0.005533224903047085
18551,0.005686279386281967
18552,0.004877467639744282
18553,0.0044286055490374565
18554,0.00564994290471077
18555,0.004675963427871466
18556,0.005378936883062124
18557,0.004958855453878641
18558,0.004605098161846399
18559,0.004626184236258268
18560,0.004948102869093418
18561,0.005712325219064951
18562,0.005551663227379322
18563,0.00584395183250308
18564,0.00520545057952404
18565,0.004750155843794346
18566,0.0051171425729990005
18567,0.004852377809584141
18568,0.004843137226998806
18569,0.005691692233085632
18570,0.004500902257859707
18571,0.005682544317096472
18572,0.0050499169155955315
18573,0.005245228298008442
18574,0.00533994659781456
18575,0.00529644638299942
18576,0.0053422111086547375
18577,0.005064826924353838
18578,0.005902981851249933
18579,0.005069515202194452
18580,0.004656733479350805
18581,0.0047012087889015675
18582,0.005035961978137493
18583,0.004631253890693188
18584,0.0051917084492743015
18585,0.004872600082308054
18586,0.005695032887160778
18587,0.005027258303016424
18588,0.005386097822338343
18589,0.005560582038015127
18590,0.005019704811275005
18591,0.00501122884452343
18592,0.005544691812247038
18593,0.0046190666034817696
18594,0.005089640151709318
18595,0.00412062369287014
18596,0.005548433400690556
18597,0.005263797007501125
18598,0.005178042687475681
18599,0.004495749715715647
18600,0.004780921619385481
18601,0.004747959319502115
18602,0.004470242187380791
18603,0.005267692264169455
18604,0.004926248453557491
18605,0.005311836488544941
18606,0.004882530774921179
18607,0.006080707535147667
18608,0.005149029195308685
18609,0.004839281551539898
18610,0.005545870866626501
18611,0.004973807837814093
18612,0.005517290439456701
18613,0.005759382154792547
18614,0.005719964858144522
18615,0.005172699689865112
18616,0.004800701513886452
18617,0.005541624501347542
18618,0.005421908106654882
18619,0.0046514663845300674
18620,0.004295147489756346
18621,0.005048689898103476
18622,0.005275302566587925
18623,0.005604247562587261
18624,0.004933082964271307
18625,0.005291522480547428
18626,0.004879480227828026
18627,0.004973504692316055
18628,0.005239696707576513
18629,0.004531215876340866
18630,0.005504385568201542
18631,0.005386750679463148
18632,0.005323757883161306
18633,0.005243510007858276
18634,0.005083266645669937
18635,0.004757176619023085
18636,0.006212674546986818
18637,0.004953290801495314
18638,0.004961831029504538
18639,0.005480907391756773
18640,0.005060515366494656
18641,0.005291963927447796
18642,0.004877113737165928
18643,0.005076548084616661
18644,0.005327816121280193
18645,0.005274960305541754
18646,0.004544843919575214
18647,0.00521551538258791
18648,0.005299949552863836
18649,0.004796369466930628
18650,0.004724462516605854
18651,0.0050381384789943695
18652,0.005371669307351112
18653,0.005367918871343136
18654,0.004417260177433491
18655,0.0051238080486655235
18656,0.005150857847183943
18657,0.005029640626162291
18658,0.0050178272649645805
18659,0.005494186654686928
18660,0.006351042073220015
18661,0.005644935183227062
18662,0.004549212288111448
18663,0.005207711365073919
18664,0.00549500435590744
18665,0.0054638441652059555
18666,0.004641305189579725
18667,0.005852254573255777
18668,0.004538850858807564
18669,0.005752308294177055
18670,0.0047082663513720036
18671,0.004457415081560612
18672,0.004722947720438242
18673,0.005682206247001886
18674,0.0056078387424349785
18675,0.005302706267684698
18676,0.004938848782330751
18677,0.005228003486990929
18678,0.005267719738185406
18679,0.005041164346039295
18680,0.004647858906537294
18681,0.005176163278520107
18682,0.004889341536909342
18683,0.005794113036245108
18684,0.005340756848454475
18685,0.005549061577767134
18686,0.004556636326014996
18687,0.0042533548548817635
18688,0.005387388169765472
18689,0.0047644441947340965
18690,0.005759919062256813
18691,0.004945681430399418
18692,0.004866510629653931
18693,0.005848973989486694
18694,0.005043435841798782
18695,0.0051026358269155025
18696,0.004770395811647177
18697,0.004383265972137451
18698,0.005191516131162643
18699,0.005255569238215685
18700,0.00549062667414546
18701,0.004700417630374432
18702,0.004381487611681223
18703,0.00517646037042141
18704,0.005390635225921869
18705,0.005458766128867865
18706,0.0053009288385510445
18707,0.006223017815500498
18708,0.005072612315416336
18709,0.0049189431592822075
18710,0.005905949044972658
18711,0.004403579980134964
18712,0.005204471293836832
18713,0.005104376003146172
18714,0.005314920097589493
18715,0.005469935014843941
18716,0.005044980905950069
18717,0.004741378594189882
18718,0.0051744114607572556
18719,0.005382362753152847
18720,0.005390571895986795
18721,0.005153335630893707
18722,0.004940676968544722
18723,0.004547161981463432
18724,0.005039875395596027
18725,0.0053271157667040825
18726,0.0051675718277692795
18727,0.005003997124731541
18728,0.005638429895043373
18729,0.0050209867767989635
18730,0.005263187922537327
18731,0.005361053626984358
18732,0.004151785280555487
18733,0.004680116660892963
18734,0.005783470813184977
18735,0.005144558381289244
18736,0.005268019624054432
18737,0.005330662243068218
18738,0.005107644945383072
18739,0.005837386008352041
18740,0.0057225883938372135
18741,0.005620543844997883
18742,0.005980115849524736
18743,0.004967627115547657
18744,0.004254802130162716
18745,0.0049316538497805595
18746,0.004859361797571182
18747,0.0051751150749623775
18748,0.005447244271636009
18749,0.004692560993134975
18750,0.005073553882539272
18751,0.004344485234469175
18752,0.005375283304601908
18753,0.005099210422486067
18754,0.004782979842275381
18755,0.005402386654168367
18756,0.0047551109455525875
18757,0.004853203892707825
18758,0.005285344086587429
18759,0.004702530801296234
18760,0.0046417973935604095
18761,0.0056070489808917046
18762,0.005845256149768829
18763,0.0045868465676903725
18764,0.0047682905569672585
18765,0.005283678416162729
18766,0.004964662715792656
18767,0.005579433403909206
18768,0.0054692537523806095
18769,0.005404201336205006
18770,0.0052639697678387165
18771,0.005018560215830803
18772,0.00605400837957859
18773,0.004864031914621592
18774,0.005221439525485039
18775,0.004885059781372547
18776,0.00550173781812191
18777,0.004670456983149052
18778,0.004515422973781824
18779,0.004721882753074169
18780,0.005897431634366512
18781,0.0054301186464726925
18782,0.0048394533805549145
18783,0.004602879751473665
18784,0.005269055254757404
18785,0.004675078671425581
18786,0.0048417383804917336
18787,0.005419217981398106
18788,0.006415912415832281
18789,0.005170113872736692
18790,0.004904693923890591
18791,0.0045833587646484375
18792,0.005597092676907778
18793,0.005366504192352295
18794,0.005689255893230438
18795,0.005264276172965765
18796,0.005349840968847275
18797,0.005293474067002535
18798,0.005405175965279341
18799,0.004698475357145071
18800,0.004479710478335619
18801,0.004991286434233189
18802,0.005540280602872372
18803,0.0050010839477181435
18804,0.0054264189675450325
18805,0.004581735469400883
18806,0.004514017608016729
18807,0.00579715333878994
18808,0.005917772650718689
18809,0.004514539614319801
18810,0.004974889103323221
18811,0.005663544870913029
18812,0.005630796775221825
18813,0.0049098944291472435
18814,0.005599205382168293
18815,0.00497053936123848
18816,0.005390921141952276
18817,0.004614821169525385
18818,0.005385075695812702
18819,0.005486935842782259
18820,0.0046819900162518024
18821,0.005462623666971922
18822,0.005218880251049995
18823,0.0046402388252317905
18824,0.004736156202852726
18825,0.005043136887252331
18826,0.005055587738752365
18827,0.005533687770366669
18828,0.004603675566613674
18829,0.005984236486256123
18830,0.005293717607855797
18831,0.005873756017535925
18832,0.004847623407840729
18833,0.005343104712665081
18834,0.0049610440619289875
18835,0.005671315360814333
18836,0.005228680092841387
18837,0.005797218531370163
18838,0.0051261307671666145
18839,0.005638227332383394
18840,0.0050023323856294155
18841,0.00519133685156703
18842,0.0045008729211986065
18843,0.004901545122265816
18844,0.005544372368603945
18845,0.004885835573077202
18846,0.004871502984315157
18847,0.005678062792867422
18848,0.00529814837500453
18849,0.005355486646294594
18850,0.004445939790457487
18851,0.005846031475812197
18852,0.005770954769104719
18853,0.004757937975227833
18854,0.006105154287070036
18855,0.004862660076469183
18856,0.005014755763113499
18857,0.005382202565670013
18858,0.005128105636686087
18859,0.005773039534687996
18860,0.004978219047188759
18861,0.004893445409834385
18862,0.005602683871984482
18863,0.004890801385045052
18864,0.004897404462099075
18865,0.004727655090391636
18866,0.006016080733388662
18867,0.00521774822846055
18868,0.004841513466089964
18869,0.004747612401843071
18870,0.00460410863161087
18871,0.004912487231194973
18872,0.005756179802119732
18873,0.004427359905093908
18874,0.00565522164106369
18875,0.005108031444251537
18876,0.004359774757176638
18877,0.004896847531199455
18878,0.006182529963552952
18879,0.005082627292722464
18880,0.005225236061960459
18881,0.005530504509806633
18882,0.004995949100703001
18883,0.005550924688577652
18884,0.005112249869853258
18885,0.005236777942627668
18886,0.00499033834785223
18887,0.005446984898298979
18888,0.0051635801792144775
18889,0.004839988891035318
18890,0.004942396655678749
18891,0.005561493802815676
18892,0.005405648611485958
18893,0.0060380143113434315
18894,0.005922181997448206
18895,0.004835987463593483
18896,0.005507026799023151
18897,0.0049928161315619946
18898,0.00582860829308629
18899,0.004675404168665409
18900,0.0041000996716320515
18901,0.004267739597707987
18902,0.005085040349513292
18903,0.00474160211160779
18904,0.005254705902189016
18905,0.005207650829106569
18906,0.005117502529174089
18907,0.004841386806219816
18908,0.005622516386210918
18909,0.005456103477627039
18910,0.004532303661108017
18911,0.004699027631431818
18912,0.00449428940191865
18913,0.005373137537389994
18914,0.005319113377481699
18915,0.004335716832429171
18916,0.005477140191942453
18917,0.0052255867049098015
18918,0.005880947224795818
18919,0.004871676210314035
18920,0.004342321772128344
18921,0.005857494659721851
18922,0.004715624265372753
18923,0.0051883007399737835
18924,0.00529589643701911
18925,0.004882513079792261
18926,0.004944701679050922
18927,0.005716282874345779
18928,0.004778602160513401
18929,0.005009891930967569
18930,0.004943730775266886
18931,0.0053460244089365005
18932,0.005023291800171137
18933,0.0049504772759974
18934,0.004032430239021778
18935,0.0048435768112540245
18936,0.005552853923290968
18937,0.005019646603614092
18938,0.005045663565397263
18939,0.005191652569919825
18940,0.006055242847651243
18941,0.0060841916128993034
18942,0.0048930891789495945
18943,0.005017191171646118
18944,0.004681117366999388
18945,0.005424338858574629
18946,0.005337793380022049
18947,0.005150705575942993
18948,0.004986884072422981
18949,0.004981827922165394
18950,0.004697464406490326
18951,0.0048132361844182014
18952,0.005020457785576582
18953,0.005175124388188124
18954,0.005624250043183565
18955,0.0051923091523349285
18956,0.004713449627161026
18957,0.005378023721277714
18958,0.004851365461945534
18959,0.004956730175763369
18960,0.00504797138273716
18961,0.005698943044990301
18962,0.005088040139526129
18963,0.004804596770554781
18964,0.004460567608475685
18965,0.0057528153993189335
18966,0.00479555269703269
18967,0.0057463012635707855
18968,0.004773106426000595
18969,0.005085895303636789
18970,0.004173817113041878
18971,0.004954443778842688
18972,0.0046891625970602036
18973,0.004852938000112772
18974,0.004906950984150171
18975,0.005388496443629265
18976,0.0049153403379023075
18977,0.0054075466468930244
18978,0.005224728025496006
18979,0.00466900086030364
18980,0.005390000529587269
18981,0.0050806221552193165
18982,0.004848805721849203
18983,0.005633767694234848
18984,0.005053277127444744
18985,0.004948082845658064
18986,0.005749362520873547
18987,0.005219061393290758
18988,0.0053425258956849575
18989,0.004979455843567848
18990,0.004767135716974735
18991,0.005079721566289663
18992,0.005237412638962269
18993,0.004170955158770084
18994,0.005414072424173355
18995,0.0054362923838198185
18996,0.004824317526072264
18997,0.004889684729278088
18998,0.004946175962686539
18999,0.004746236372739077
19000,0.005240153055638075
19001,0.005241455510258675
19002,0.005075206980109215
19003,0.005401554983109236
19004,0.005314786918461323
19005,0.005027988459914923
19006,0.004796022083610296
19007,0.004867458250373602
19008,0.005389994475990534
19009,0.0053396220318973064
19010,0.005665318574756384
19011,0.00474605243653059
19012,0.005633045453578234
19013,0.0048271422274410725
19014,0.005241448991000652
19015,0.005549885332584381
19016,0.005900541786104441
19017,0.0053648692555725574
19018,0.004656638950109482
19019,0.005581988021731377
19020,0.00542273186147213
19021,0.00494317477568984
19022,0.005625099875032902
19023,0.004658726043999195
19024,0.004753666929900646
19025,0.004720910917967558
19026,0.005326677579432726
19027,0.004931236617267132
19028,0.0052367220632731915
19029,0.0051713017746806145
19030,0.004765819758176804
19031,0.005257877986878157
19032,0.00520250853151083
19033,0.004758987110108137
19034,0.005585911683738232
19035,0.004679345991462469
19036,0.005787311587482691
19037,0.005601925775408745
19038,0.004324791952967644
19039,0.004743227269500494
19040,0.00440886989235878
19041,0.004855396691709757
19042,0.005205451510846615
19043,0.004911605268716812
19044,0.006742308381944895
19045,0.004511685110628605
19046,0.0045510223135352135
19047,0.005325916688889265
19048,0.005066978745162487
19049,0.005775343161076307
19050,0.00507375318557024
19051,0.004564885515719652
19052,0.004921981133520603
19053,0.004759966395795345
19054,0.005086066201329231
19055,0.005784603301435709
19056,0.004830478224903345
19057,0.004737286362797022
19058,0.0052520581521093845
19059,0.005242775660008192
19060,0.004899388179183006
19061,0.004949292168021202
19062,0.005625496618449688
19063,0.004920002538710833
19064,0.0046997894532978535
19065,0.005723460577428341
19066,0.005295045208185911
19067,0.004970149602741003
19068,0.004541921429336071
19069,0.006392498500645161
19070,0.0058801001869142056
19071,0.0048842653632164
19072,0.005749562755227089
19073,0.004330608528107405
19074,0.0053634061478078365
19075,0.00489439070224762
19076,0.0054363529197871685
19077,0.0053744544275105
19078,0.004822925664484501
19079,0.005205280147492886
19080,0.005116036161780357
19081,0.005126066040247679
19082,0.0047247218899428844
19083,0.005620371084660292
19084,0.005304176360368729
19085,0.005499427206814289
19086,0.004701855592429638
19087,0.005374221596866846
19088,0.0056618694216012955
19089,0.005120518617331982
19090,0.005206319969147444
19091,0.005524464417248964
19092,0.004957940895110369
19093,0.005932443309575319
19094,0.004657107871025801
19095,0.005969028454273939
19096,0.004941762890666723
19097,0.005333775654435158
19098,0.005473744124174118
19099,0.004608647432178259
19100,0.005067759659141302
19101,0.004978845827281475
19102,0.005151400342583656
19103,0.004589224234223366
19104,0.004899039398878813
19105,0.004254497122019529
19106,0.0052259452641010284
19107,0.005573241505771875
19108,0.00535475043579936
19109,0.005339842289686203
19110,0.0046356976963579655
19111,0.004946199711412191
19112,0.0051055545918643475
19113,0.005065745674073696
19114,0.006426942069083452
19115,0.004610905423760414
19116,0.0052074529230594635
19117,0.004867838695645332
19118,0.005281750112771988
19119,0.005959229078143835
19120,0.005102662835270166
19121,0.005585930310189724
19122,0.005721773952245712
19123,0.005390700418502092
19124,0.004842662252485752
19125,0.00481242872774601
19126,0.00491725467145443
19127,0.005105525255203247
19128,0.005952374543994665
19129,0.004961706232279539
19130,0.004660399165004492
19131,0.005304162390530109
19132,0.0049564721994102
19133,0.0047194259241223335
19134,0.004681413061916828
19135,0.0052045430056750774
19136,0.004966275300830603
19137,0.005288098938763142
19138,0.0058500440791249275
19139,0.005333812907338142
19140,0.005244671367108822
19141,0.004645376466214657
19142,0.005312586203217506
19143,0.004945620894432068
19144,0.005097466055303812
19145,0.004676757380366325
19146,0.004734966903924942
19147,0.005391109734773636
19148,0.004823378752917051
19149,0.004819304216653109
19150,0.005059665534645319
19151,0.00533468509092927
19152,0.004514744505286217
19153,0.005331001244485378
19154,0.004832586273550987
19155,0.005499941762536764
19156,0.004485008306801319
19157,0.005497340578585863
19158,0.004827123135328293
19159,0.004951126407831907
19160,0.004627828486263752
19161,0.005121232941746712
19162,0.005002129822969437
19163,0.005285694729536772
19164,0.004951746668666601
19165,0.006355280987918377
19166,0.005463537760078907
19167,0.005370376165956259
19168,0.005297599360346794
19169,0.004864310845732689
19170,0.005254298448562622
19171,0.005216110032051802
19172,0.005300802644342184
19173,0.0047364141792058945
19174,0.0061881206929683685
19175,0.005292960442602634
19176,0.0051995753310620785
19177,0.005102559458464384
19178,0.005652543157339096
19179,0.005109323188662529
19180,0.004852654412388802
19181,0.005636266898363829
19182,0.0048798080533742905
19183,0.004851584788411856
19184,0.004759596195071936
19185,0.004587770905345678
19186,0.004839708562940359
19187,0.004694966599345207
19188,0.005943338852375746
19189,0.00517983129248023
19190,0.005645358003675938
19191,0.0054587433114647865
19192,0.005261832382529974
19193,0.004434607457369566
19194,0.004980763886123896
19195,0.005120208486914635
19196,0.004837075248360634
19197,0.004711668007075787
19198,0.004806411452591419
19199,0.004507729783654213
19200,0.005119292996823788
19201,0.005848336964845657
19202,0.005184408277273178
19203,0.005534475203603506
19204,0.005099650006741285
19205,0.004876387771219015
19206,0.0049330429174005985
19207,0.004834959749132395
19208,0.005895520560443401
19209,0.006021278444677591
19210,0.00528984097763896
19211,0.005806416273117065
19212,0.005086823366582394
19213,0.004833740182220936
19214,0.005144707392901182
19215,0.005673856474459171
19216,0.0052471645176410675
19217,0.005152920261025429
19218,0.004984255414456129
19219,0.00478909257799387
19220,0.004969260189682245
19221,0.005427365191280842
19222,0.005955890286713839
19223,0.006042697466909885
19224,0.004725581035017967
19225,0.00539551954716444
19226,0.00499795051291585
19227,0.004825476091355085
19228,0.0052400678396224976
19229,0.0050378344021737576
19230,0.005217117257416248
19231,0.005038817413151264
19232,0.004660231992602348
19233,0.0050715492106974125
19234,0.005206193774938583
19235,0.005184627138078213
19236,0.005075237713754177
19237,0.004929781891405582
19238,0.005273987073451281
19239,0.006397548131644726
19240,0.005189107730984688
19241,0.005471754353493452
19242,0.005441645160317421
19243,0.004939596634358168
19244,0.005154505837708712
19245,0.004576789680868387
19246,0.005604797508567572
19247,0.005283647682517767
19248,0.005137050990015268
19249,0.005060168914496899
19250,0.005047062877565622
19251,0.004664332140237093
19252,0.004583191592246294
19253,0.0057779946364462376
19254,0.005402590148150921
19255,0.005178762134164572
19256,0.005298204254359007
19257,0.005177358165383339
19258,0.004861724562942982
19259,0.005079361610114574
19260,0.004955727607011795
19261,0.00460092443972826
19262,0.005188562907278538
19263,0.005159367341548204
19264,0.004995886702090502
19265,0.004635599907487631
19266,0.005301119759678841
19267,0.004901314619928598
19268,0.0048295920714735985
19269,0.004973464645445347
19270,0.004562671296298504
19271,0.004981582053005695
19272,0.00482987193390727
19273,0.004753130488097668
19274,0.005301343277096748
19275,0.005229739937931299
19276,0.0057496256195008755
19277,0.005334804300218821
19278,0.005776578094810247
19279,0.004826256074011326
19280,0.00486748805269599
19281,0.005428713746368885
19282,0.005179470870643854
19283,0.0051131295040249825
19284,0.005374055355787277
19285,0.005618044175207615
19286,0.004380546975880861
19287,0.0057798330672085285
19288,0.0054946113377809525
19289,0.004733995068818331
19290,0.00494972663000226
19291,0.005038202274590731
19292,0.004502632189542055
19293,0.005421398673206568
19294,0.004796082153916359
19295,0.004760674200952053
19296,0.0051162270829081535
19297,0.005863509140908718
19298,0.005048877093940973
19299,0.004850299097597599
19300,0.004994854796677828
19301,0.00563037907704711
19302,0.004980258643627167
19303,0.005158753599971533
19304,0.005381153896450996
19305,0.005307646002620459
19306,0.005648097954690456
19307,0.0047585247084498405
19308,0.004610960837453604
19309,0.005248302593827248
19310,0.004524887539446354
19311,0.004880867432802916
19312,0.005374860018491745
19313,0.004686486907303333
19314,0.0045751906000077724
19315,0.005328939761966467
19316,0.00504621397703886
19317,0.005664064548909664
19318,0.004838187713176012
19319,0.006035398226231337
19320,0.005179615691304207
19321,0.00523556862026453
19322,0.005059920251369476
19323,0.005682583432644606
19324,0.005874002818018198
19325,0.004819681402295828
19326,0.00490993307903409
19327,0.004524905234575272
19328,0.005085929296910763
19329,0.00516865961253643
19330,0.005278071854263544
19331,0.005282192025333643
19332,0.005539231933653355
19333,0.005472366698086262
19334,0.004365218337625265
19335,0.004513275343924761
19336,0.00523211108520627
19337,0.005324081052094698
19338,0.00525028258562088
19339,0.004673807881772518
19340,0.0047025480307638645
19341,0.005338504910469055
19342,0.004974715877324343
19343,0.005139822140336037
19344,0.005063326563686132
19345,0.004538144916296005
19346,0.004378667101264
19347,0.004194879904389381
19348,0.005326604936271906
19349,0.005084430333226919
19350,0.004646344110369682
19351,0.0054084486328065395
19352,0.004992491565644741
19353,0.005672986153513193
19354,0.004938201047480106
19355,0.0055249580182135105
19356,0.005354640074074268
19357,0.005175114143639803
19358,0.005245743319392204
19359,0.0053756143897771835
19360,0.005301533732563257
19361,0.004826619755476713
19362,0.00570914801210165
19363,0.006203918717801571
19364,0.004826715681701899
19365,0.005249662324786186
19366,0.005139544606208801
19367,0.005765921901911497
19368,0.004745690152049065
19369,0.005080417264252901
19370,0.0060591367073357105
19371,0.00504855765029788
19372,0.005108634475618601
19373,0.005428445525467396
19374,0.0052856262773275375
19375,0.0052545564249157906
19376,0.005555585492402315
19377,0.005320774856954813
19378,0.005181508604437113
19379,0.004959690850228071
19380,0.0048766108229756355
19381,0.004865132737904787
19382,0.004873441997915506
19383,0.004607388749718666
19384,0.005911373998969793
19385,0.00520051596686244
19386,0.005558141972869635
19387,0.005505874287337065
19388,0.005195125471800566
19389,0.005127722397446632
19390,0.005106868222355843
19391,0.005827274173498154
19392,0.004665375221520662
19393,0.004864022601395845
19394,0.004876445978879929
19395,0.005354996770620346
19396,0.005460300948470831
19397,0.004698201082646847
19398,0.005214271135628223
19399,0.004809551872313023
19400,0.00579106668010354
19401,0.0052650803700089455
19402,0.004909120500087738
19403,0.005192133132368326
19404,0.004948076326400042
19405,0.004778921138495207
19406,0.006022455636411905
19407,0.005055154208093882
19408,0.003987475764006376
19409,0.004540700931102037
19410,0.005317959003150463
19411,0.004221338778734207
19412,0.0047892057336866856
19413,0.004930853843688965
19414,0.005881445948034525
19415,0.006077989935874939
19416,0.0050823986530303955
19417,0.0057483455166220665
19418,0.004994574934244156
19419,0.005134609527885914
19420,0.004766526166349649
19421,0.005544360727071762
19422,0.00505978986620903
19423,0.004395010881125927
19424,0.005274284165352583
19425,0.0047709038481116295
19426,0.005305958446115255
19427,0.0046034581027925014
19428,0.005282603204250336
19429,0.004855852108448744
19430,0.005374528933316469
19431,0.005163145717233419
19432,0.005097171291708946
19433,0.0050687892362475395
19434,0.0052593909204006195
19435,0.005646540317684412
19436,0.005102687049657106
19437,0.005659497808665037
19438,0.005564660299569368
19439,0.0057319714687764645
19440,0.004532113671302795
19441,0.004768547136336565
19442,0.0051497360691428185
19443,0.0053648329339921474
19444,0.0043985070660710335
19445,0.004874316975474358
19446,0.005127205513417721
19447,0.005467771086841822
19448,0.004740883130580187
19449,0.0045182411558926105
19450,0.005463744513690472
19451,0.006346188951283693
19452,0.005681299604475498
19453,0.005456564947962761
19454,0.005326612386852503
19455,0.004698188975453377
19456,0.0051855179481208324
19457,0.0048379492945969105
19458,0.0049683162942528725
19459,0.005061232019215822
19460,0.004591803997755051
19461,0.004420753568410873
19462,0.004854679107666016
19463,0.005004276987165213
19464,0.005051201209425926
19465,0.005237656645476818
19466,0.005163076799362898
19467,0.005157935433089733
19468,0.0054591260850429535
19469,0.004726519342511892
19470,0.005317144561558962
19471,0.004661365412175655
19472,0.004976825788617134
19473,0.0048155891709029675
19474,0.00488665048032999
19475,0.005319067742675543
19476,0.004379688296467066
19477,0.00481615774333477
19478,0.005700325593352318
19479,0.005620073527097702
19480,0.0055508846417069435
19481,0.004718161188066006
19482,0.004698710981756449
19483,0.005274584516882896
19484,0.004910815041512251
19485,0.0052879671566188335
19486,0.005109498277306557
19487,0.005267281550914049
19488,0.0051697297021746635
19489,0.0050171115435659885
19490,0.0044900416396558285
19491,0.0047429646365344524
19492,0.005392007064074278
19493,0.00524968421086669
19494,0.0055725774727761745
19495,0.005461797118186951
19496,0.005057215690612793
19497,0.005494370590895414
19498,0.004517648369073868
19499,0.005045380908995867
19500,0.0049254330806434155
19501,0.005185113288462162
19502,0.004602838307619095
19503,0.004624243825674057
19504,0.005053261294960976
19505,0.005553624127060175
19506,0.005265986081212759
19507,0.004693390801548958
19508,0.004856220446527004
19509,0.006026995833963156
19510,0.005460317712277174
19511,0.004991740919649601
19512,0.005732661113142967
19513,0.005121343769133091
19514,0.005515634547919035
19515,0.005631630774587393
19516,0.004826507531106472
19517,0.005165844690054655
19518,0.005764121189713478
19519,0.005757779348641634
19520,0.005461362190544605
19521,0.004758853930979967
19522,0.0057154190726578236
19523,0.004995312541723251
19524,0.004858982749283314
19525,0.005383986979722977
19526,0.005052899941802025
19527,0.005235771648585796
19528,0.005050633102655411
19529,0.005394653882831335
19530,0.005584718193858862
19531,0.005098278634250164
19532,0.004568671341985464
19533,0.004453784320503473
19534,0.004735336638987064
19535,0.005261493846774101
19536,0.004600828979164362
19537,0.005525292828679085
19538,0.005021092016249895
19539,0.005233802832663059
19540,0.005932929459959269
19541,0.005492375232279301
19542,0.00481420336291194
19543,0.006116671022027731
19544,0.004876420367509127
19545,0.005034974310547113
19546,0.003897726535797119
19547,0.005001610144972801
19548,0.004912171512842178
19549,0.005111732054501772
19550,0.005069083999842405
19551,0.004470221232622862
19552,0.004947560839354992
19553,0.0049872309900820255
19554,0.005380124785006046
19555,0.0062716687098145485
19556,0.004731650929898024
19557,0.005172311794012785
19558,0.005442919675260782
19559,0.005415997467935085
19560,0.005004662089049816
19561,0.005178048741072416
19562,0.005004051141440868
19563,0.004971361719071865
19564,0.005095039028674364
19565,0.005603612866252661
19566,0.004783305339515209
19567,0.005557734053581953
19568,0.005409560166299343
19569,0.004547949880361557
19570,0.004245098680257797
19571,0.004266310948878527
19572,0.005158290732651949
19573,0.004676143638789654
19574,0.005071705672889948
19575,0.005385913886129856
19576,0.0050194039940834045
19577,0.005240734200924635
19578,0.00496476236730814
19579,0.005206204950809479
19580,0.004855157807469368
19581,0.005266361869871616
19582,0.004476299975067377
19583,0.004976625554263592
19584,0.004954146686941385
19585,0.004424243234097958
19586,0.005653087981045246
19587,0.00509960250928998
19588,0.006367893889546394
19589,0.005365979392081499
19590,0.005297574680298567
19591,0.005199603270739317
19592,0.0057417224161326885
19593,0.004869372118264437
19594,0.004849998280405998
19595,0.005331872496753931
19596,0.004901081323623657
19597,0.004634712357074022
19598,0.005328273866325617
19599,0.005056644789874554
19600,0.005078769288957119
19601,0.004922553896903992
19602,0.00443653529509902
19603,0.004569026175886393
19604,0.0049028038047254086
19605,0.005171829368919134
19606,0.005915886722505093
19607,0.0055839489214122295
19608,0.005085200536996126
19609,0.004820670932531357
19610,0.005032694432884455
19611,0.006138034164905548
19612,0.004340020474046469
19613,0.0049500176683068275
19614,0.005044982768595219
19615,0.005091482307761908
19616,0.005448446609079838
19617,0.005337840877473354
19618,0.004479533992707729
19619,0.005490726325660944
19620,0.004823753610253334
19621,0.00470007723197341
19622,0.004263170529156923
19623,0.004750307183712721
19624,0.004574108868837357
19625,0.005382136907428503
19626,0.0054360367357730865
19627,0.005327906459569931
19628,0.005178178194910288
19629,0.00466674380004406
19630,0.004328903742134571
19631,0.0043042488396167755
19632,0.00508482800796628
19633,0.0047712563537061214
19634,0.004549419041723013
19635,0.004727587569504976
19636,0.005079751834273338
19637,0.004458105191588402
19638,0.005913944449275732
19639,0.004943471867591143
19640,0.005239769816398621
19641,0.006066753529012203
19642,0.005148329772055149
19643,0.005829079542309046
19644,0.005368565674871206
19645,0.004933597054332495
19646,0.005470904055982828
19647,0.00452519953250885
19648,0.005477282218635082
19649,0.004810994490981102
19650,0.004188293591141701
19651,0.005443688482046127
19652,0.00453767366707325
19653,0.004967817105352879
19654,0.005155621096491814
19655,0.004707419779151678
19656,0.004483622964471579
19657,0.004852619953453541
19658,0.00490064499899745
19659,0.005506405606865883
19660,0.0053333984687924385
19661,0.0044819386675953865
19662,0.005426363088190556
19663,0.005010905209928751
19664,0.004566194023936987
19665,0.005179107189178467
19666,0.005517559126019478
19667,0.004527939949184656
19668,0.005794917233288288
19669,0.005167089402675629
19670,0.005116281099617481
19671,0.00520279910415411
19672,0.004854635335505009
19673,0.005280616227537394
19674,0.004880819469690323
19675,0.004939843900501728
19676,0.00536101870238781
19677,0.005531681701540947
19678,0.004173693712800741
19679,0.005173519253730774
19680,0.004655457567423582
19681,0.005308510269969702
19682,0.004419569857418537
19683,0.005838151089847088
19684,0.00589769659563899
19685,0.005113102030009031
19686,0.004947743844240904
19687,0.004840967711061239
19688,0.004827885888516903
19689,0.005577800329774618
19690,0.005035757087171078
19691,0.005507998168468475
19692,0.004668481182307005
19693,0.004351215902715921
19694,0.004336943384259939
19695,0.0047474573366343975
19696,0.004786833189427853
19697,0.004773577209562063
19698,0.005413769278675318
19699,0.005377852823585272
19700,0.005367808975279331
19701,0.004907271359115839
19702,0.005413627251982689
19703,0.005057923495769501
19704,0.004128402564674616
19705,0.005140573251992464
19706,0.005144975613802671
19707,0.004780710209161043
19708,0.005152928177267313
19709,0.004651760216802359
19710,0.0052033234387636185
19711,0.004299305845052004
19712,0.004730690270662308
19713,0.00440550222992897
19714,0.004376519471406937
19715,0.005094548687338829
19716,0.005488351918756962
19717,0.004962730221450329
19718,0.005475969985127449
19719,0.005651845596730709
19720,0.0058845290914177895
19721,0.004763565491884947
19722,0.005007404834032059
19723,0.005140272434800863
19724,0.0052438583225011826
19725,0.004840982612222433
19726,0.0051412200555205345
19727,0.005036734044551849
19728,0.004865857772529125
19729,0.005616757553070784
19730,0.0056911734864115715
19731,0.004262757021933794
19732,0.005619924981147051
19733,0.005500989966094494
19734,0.006354810204356909
19735,0.005353943444788456
19736,0.005027873907238245
19737,0.004774313420057297
19738,0.005367569159716368
19739,0.005435307044535875
19740,0.005420926492661238
19741,0.005167732946574688
19742,0.005201417487114668
19743,0.005876137409359217
19744,0.00465338584035635
19745,0.004703770391643047
19746,0.0047239987179636955
19747,0.0046154893934726715
19748,0.004823477007448673
19749,0.004968196153640747
19750,0.004853334277868271
19751,0.004918476101011038
19752,0.0054967692121863365
19753,0.0054511032067239285
19754,0.004989729728549719
19755,0.005019180476665497
19756,0.0052492255344986916
19757,0.004830125253647566
19758,0.005804229062050581
19759,0.005112272221595049
19760,0.004664202686399221
19761,0.005128652788698673
19762,0.0044924551621079445
19763,0.00507295411080122
19764,0.004849312361329794
19765,0.004668703302741051
19766,0.004487546626478434
19767,0.005363975651562214
19768,0.005592895671725273
19769,0.005450630094856024
19770,0.004837803542613983
19771,0.004557012114673853
19772,0.00437366496771574
19773,0.005416194908320904
19774,0.005559076089411974
19775,0.004932098090648651
19776,0.00579198868945241
19777,0.004667256958782673
19778,0.005958901718258858
19779,0.004543473944067955
19780,0.004885668866336346
19781,0.004589505959302187
19782,0.0050779106095433235
19783,0.004486748483031988
19784,0.004841718357056379
19785,0.005821957252919674
19786,0.005435835104435682
19787,0.00480138324201107
19788,0.005329693667590618
19789,0.004942931700497866
19790,0.0051272413693368435
19791,0.005135074257850647
19792,0.004516663029789925
19793,0.005188644863665104
19794,0.005059141665697098
19795,0.005484606605023146
19796,0.0046344660222530365
19797,0.004764342214912176
19798,0.004305610433220863
19799,0.004917948041111231
19800,0.005370041821151972
19801,0.005260416306555271
19802,0.004720392636954784
19803,0.004775436595082283
19804,0.00542209018021822
19805,0.00462083937600255
19806,0.005194995552301407
19807,0.005265325307846069
19808,0.005386068020015955
19809,0.004577948246151209
19810,0.005642326083034277
19811,0.00444648927077651
19812,0.005064411088824272
19813,0.005346761550754309
19814,0.005755842663347721
19815,0.005608809646219015
19816,0.004468873143196106
19817,0.0046356432139873505
19818,0.004882883746176958
19819,0.004989278502762318
19820,0.004972733557224274
19821,0.006728058215230703
19822,0.005307340994477272
19823,0.004621771164238453
19824,0.005298703443259001
19825,0.005034584552049637
19826,0.004956786520779133
19827,0.004616656806319952
19828,0.004421736113727093
19829,0.0054647549986839294
19830,0.004624771419912577
19831,0.005013830028474331
19832,0.0051451511681079865
19833,0.0054376390762627125
19834,0.004998075310140848
19835,0.0051161679439246655
19836,0.005252932198345661
19837,0.005315055605024099
19838,0.005579730030149221
19839,0.005283731035888195
19840,0.0045408098958432674
19841,0.005050812382251024
19842,0.005369450431317091
19843,0.004706081002950668
19844,0.005689199082553387
19845,0.005729274824261665
19846,0.004754628054797649
19847,0.004599574487656355
19848,0.0046822079457342625
19849,0.005160113796591759
19850,0.005151441786438227
19851,0.005385417491197586
19852,0.00466413889080286
19853,0.004595761653035879
19854,0.005330017302185297
19855,0.005128019489347935
19856,0.0055230832658708096
19857,0.004781058058142662
19858,0.005464359186589718
19859,0.004879103973507881
19860,0.004802627954632044
19861,0.005241503473371267
19862,0.005615582223981619
19863,0.005344907287508249
19864,0.004680739250034094
19865,0.0054998211562633514
19866,0.004863455425947905
19867,0.004926273599267006
19868,0.005733152385801077
19869,0.004563596565276384
19870,0.0048341150395572186
19871,0.0045173391699790955
19872,0.005164101719856262
19873,0.005369752645492554
19874,0.005422547459602356
19875,0.005280528217554092
19876,0.004517356399446726
19877,0.004689800553023815
19878,0.005652445834130049
19879,0.005093337036669254
19880,0.005927447695285082
19881,0.0050390479154884815
19882,0.005179721396416426
19883,0.005220768973231316
19884,0.005292980000376701
19885,0.006309337913990021
19886,0.005412713158875704
19887,0.0056706988252699375
19888,0.005077164154499769
19889,0.006152839865535498
19890,0.00515669584274292
19891,0.006139823701232672
19892,0.005028415471315384
19893,0.005232018418610096
19894,0.005580858327448368
19895,0.0047415257431566715
19896,0.004061022773385048
19897,0.005429367534816265
19898,0.004834202583879232
19899,0.004975107964128256
19900,0.005018370226025581
19901,0.005418885499238968
19902,0.005069565959274769
19903,0.005044905003160238
19904,0.00512647395953536
19905,0.004852594807744026
19906,0.00495553482323885
19907,0.005098752211779356
19908,0.004478286951780319
19909,0.0048879897221922874
19910,0.004863823764026165
19911,0.005229918751865625
19912,0.004915902856737375
19913,0.005426560062915087
19914,0.004838542081415653
19915,0.005453771911561489
19916,0.004890513140708208
19917,0.004740756005048752
19918,0.004955193493515253
19919,0.005733366124331951
19920,0.0047878120094537735
19921,0.005838682875037193
19922,0.004968087654560804
19923,0.004844853654503822
19924,0.004179001320153475
19925,0.0059100850485265255
19926,0.005716127343475819
19927,0.005349503364413977
19928,0.005200644955039024
19929,0.004937079269438982
19930,0.005628382321447134
19931,0.005975665524601936
19932,0.004619230516254902
19933,0.00496160751208663
19934,0.00462491437792778
19935,0.0056805904023349285
19936,0.005222507752478123
19937,0.004617960192263126
19938,0.0046042208559811115
19939,0.004530665930360556
19940,0.005738403648138046
19941,0.005493761971592903
19942,0.005425863899290562
19943,0.005193671677261591
19944,0.004641349893063307
19945,0.004716501571238041
19946,0.004813250154256821
19947,0.0045431312173604965
19948,0.005480839870870113
19949,0.005310067441314459
19950,0.005647646728903055
19951,0.004809618461877108
19952,0.0054540173150599
19953,0.004629839211702347
19954,0.004315277561545372
19955,0.005060713272541761
19956,0.005129972938448191
19957,0.00461246632039547
19958,0.004783840849995613
19959,0.0050249299965798855
19960,0.00483492249622941
19961,0.0048695397563278675
19962,0.004795615561306477
19963,0.005311877466738224
19964,0.004844650160521269
19965,0.0050705112516880035
19966,0.004767562262713909
19967,0.004796507768332958
19968,0.00521097332239151
19969,0.005278938915580511
19970,0.004900211934000254
19971,0.004945326130837202
19972,0.005493950564414263
19973,0.005414930172264576
19974,0.004527690354734659
19975,0.005512042436748743
19976,0.005124565213918686
19977,0.004552517086267471
19978,0.005201377440243959
19979,0.006050142925232649
19980,0.005449633579701185
19981,0.005885815713554621
19982,0.0048559894785285
19983,0.005906248930841684
19984,0.0050001624040305614
19985,0.0049012331292033195
19986,0.004730311222374439
19987,0.0051806713454425335
19988,0.005084400996565819
19989,0.005311188288033009
19990,0.004908349364995956
19991,0.0049818833358585835
19992,0.005359219387173653
19993,0.004906078334897757
19994,0.004329746123403311
19995,0.005637594033032656
19996,0.004993641749024391
19997,0.004452437628060579
19998,0.005166307091712952
19999,0.005166524555534124
20000,0.005212095100432634
20001,0.006345974747091532
20002,0.00465434230864048
20003,0.005290698260068893
20004,0.0061491867527365685
20005,0.005081017967313528
20006,0.004379109013825655
20007,0.005335004534572363
20008,0.004579124040901661
20009,0.004557215608656406
20010,0.005117503460496664
20011,0.005723557900637388
20012,0.004607557784765959
20013,0.004767991602420807
20014,0.004704516381025314
20015,0.005397170782089233
20016,0.005802788771688938
20017,0.0056029194965958595
20018,0.0047323089092969894
20019,0.005494721233844757
20020,0.006096420343965292
20021,0.004395516589283943
20022,0.005187944509088993
20023,0.004792953375726938
20024,0.005454931408166885
20025,0.005358337890356779
20026,0.005073375999927521
20027,0.004940477665513754
20028,0.005360150709748268
20029,0.005186629947274923
20030,0.004636264406144619
20031,0.0048520914278924465
20032,0.005107733886688948
20033,0.004785702098160982
20034,0.005161629524081945
20035,0.004658841993659735
20036,0.005927090533077717
20037,0.005801816005259752
20038,0.0045532104559242725
20039,0.004928974434733391
20040,0.005781452637165785
20041,0.004895028658211231
20042,0.0048270379193127155
20043,0.004954079166054726
20044,0.005288458429276943
20045,0.004648882430046797
20046,0.005226129665970802
20047,0.004695032723248005
20048,0.0046519869938492775
20049,0.0048458813689649105
20050,0.0045892223715782166
20051,0.004363379441201687
20052,0.00499903317540884
20053,0.004783200100064278
20054,0.0052470010705292225
20055,0.0051819933578372
20056,0.004653457552194595
20057,0.004408208187669516
20058,0.004336183425039053
20059,0.004476588219404221
20060,0.004801539238542318
20061,0.005093050189316273
20062,0.004630637355148792
20063,0.004313100595027208
20064,0.004942791070789099
20065,0.004984383471310139
20066,0.004672821611166
20067,0.0046354010701179504
20068,0.005412883125245571
20069,0.004983390215784311
20070,0.005454532336443663
20071,0.005621577147394419
20072,0.005315625108778477
20073,0.004300119820982218
20074,0.0049588968977332115
20075,0.004516988527029753
20076,0.0053237066604197025
20077,0.004805592354387045
20078,0.0061239381320774555
20079,0.00459320517256856
20080,0.005254359450191259
20081,0.004779300186783075
20082,0.005332853179425001
20083,0.004294117912650108
20084,0.005403161980211735
20085,0.004979008808732033
20086,0.005152393132448196
20087,0.005194517783820629
20088,0.004889471922069788
20089,0.005645593628287315
20090,0.005258239805698395
20091,0.004890302196145058
20092,0.00509602902457118
20093,0.004341193474829197
20094,0.004204027820378542
20095,0.004190529230982065
20096,0.005164891015738249
20097,0.0052518341690301895
20098,0.004850063007324934
20099,0.004914459772408009
20100,0.005170258693397045
20101,0.005022434052079916
20102,0.004998546093702316
20103,0.005038833245635033
20104,0.004714540671557188
20105,0.004603181499987841
20106,0.005079681985080242
20107,0.005319281481206417
20108,0.004557817708700895
20109,0.00492112897336483
20110,0.004389731679111719
20111,0.004940463695675135
20112,0.004455843474715948
20113,0.005071231629699469
20114,0.00517519935965538
20115,0.0049231103621423244
20116,0.004379281774163246
20117,0.005428805947303772
20118,0.005154194310307503
20119,0.0048591867089271545
20120,0.004943263716995716
20121,0.0046846140176057816
20122,0.005152803845703602
20123,0.004626164678484201
20124,0.004879163112491369
20125,0.0039061231072992086
20126,0.004391598515212536
20127,0.005243610590696335
20128,0.004834771156311035
20129,0.004910274408757687
20130,0.005225049797445536
20131,0.004644602071493864
20132,0.004399213474243879
20133,0.0048849256709218025
20134,0.005200517363846302
20135,0.005136765073984861
20136,0.005365260876715183
20137,0.004518473520874977
20138,0.004808142781257629
20139,0.004642266780138016
20140,0.004888751078397036
20141,0.005052812397480011
20142,0.005483095999807119
20143,0.0048616258427500725
20144,0.005325768608599901
20145,0.004784294869750738
20146,0.005350011866539717
20147,0.005116541404277086
20148,0.004590403288602829
20149,0.005571048241108656
20150,0.005362713243812323
20151,0.005450863856822252
20152,0.00488213961943984
20153,0.004552051890641451
20154,0.004520996939390898
20155,0.005290138069540262
20156,0.004838173743337393
20157,0.00467327143996954
20158,0.0043584853410720825
20159,0.0053929355926811695
20160,0.005749169737100601
20161,0.0051953792572021484
20162,0.0049178036861121655
20163,0.0051450347527861595
20164,0.005211870651692152
20165,0.005521640181541443
20166,0.004443519748747349
20167,0.004071172792464495
20168,0.0050012231804430485
20169,0.004231444094330072
20170,0.005469262599945068
20171,0.005014571826905012
20172,0.004798129200935364
20173,0.005035880953073502
20174,0.005570577457547188
20175,0.005112263839691877
20176,0.004459576215595007
20177,0.0054953559301793575
20178,0.005227895453572273
20179,0.004937678575515747
20180,0.0050797294825315475
20181,0.004793738946318626
20182,0.0050653391517698765
20183,0.005459367297589779
20184,0.0049802460707724094
20185,0.004264243878424168
20186,0.0048809777945280075
20187,0.005425379145890474
20188,0.005386617965996265
20189,0.004960502963513136
20190,0.004740171134471893
20191,0.004403826780617237
20192,0.004796206951141357
20193,0.005294149275869131
20194,0.005556353833526373
20195,0.0049336920492351055
20196,0.004705201368778944
20197,0.00456837797537446
20198,0.004889591131359339
20199,0.004826271906495094
20200,0.004940317943692207
20201,0.005361110437661409
20202,0.004533827770501375
20203,0.004852736834436655
20204,0.004807406570762396
20205,0.004729017149657011
20206,0.004382794722914696
20207,0.004982749931514263
20208,0.0047557842917740345
20209,0.004666577558964491
20210,0.004618702922016382
20211,0.00566880963742733
20212,0.005007585044950247
20213,0.00506596639752388
20214,0.005115807056427002
20215,0.005018166732043028
20216,0.005183750297874212
20217,0.004622877109795809
20218,0.005874642636626959
20219,0.005193608812987804
20220,0.005135697778314352
20221,0.004499955102801323
20222,0.004805397242307663
20223,0.005203623790293932
20224,0.005098883993923664
20225,0.00512249581515789
20226,0.004044008906930685
20227,0.005426337011158466
20228,0.005038504023104906
20229,0.00512954406440258
20230,0.005073122680187225
20231,0.004950235597789288
20232,0.005056829657405615
20233,0.005641210358589888
20234,0.00424321461468935
20235,0.004296828061342239
20236,0.005325933452695608
20237,0.006174612790346146
20238,0.0051465206779539585
20239,0.0046911477111279964
20240,0.005760395899415016
20241,0.005537474062293768
20242,0.005039895884692669
20243,0.005781298503279686
20244,0.004667886067181826
20245,0.005087561905384064
20246,0.004471822176128626
20247,0.0053482381626963615
20248,0.005028282757848501
20249,0.005578898824751377
20250,0.005056598223745823
20251,0.005372881423681974
20252,0.004862593486905098
20253,0.005223784130066633
20254,0.004632941912859678
20255,0.0045188190415501595
20256,0.004710073582828045
20257,0.005050193518400192
20258,0.004280058201402426
20259,0.004264575894922018
20260,0.0040955315344035625
20261,0.004790122155100107
20262,0.004838346969336271
20263,0.0054269349202513695
20264,0.005157288629561663
20265,0.004304229747503996
20266,0.004788646474480629
20267,0.0049805305898189545
20268,0.004260615911334753
20269,0.004214680287986994
20270,0.0045900060795247555
20271,0.0049970862455666065
20272,0.004723299294710159
20273,0.005821766797453165
20274,0.005080202594399452
20275,0.004864472430199385
20276,0.004832708742469549
20277,0.0044204844161868095
20278,0.004812580533325672
20279,0.005405910778790712
20280,0.005248764995485544
20281,0.005205489229410887
20282,0.0048359232023358345
20283,0.005160918924957514
20284,0.005506415385752916
20285,0.005235104821622372
20286,0.004416485782712698
20287,0.005174431949853897
20288,0.004464675206691027
20289,0.005178807768970728
20290,0.00464339554309845
20291,0.00428659375756979
20292,0.00494020152837038
20293,0.005288023501634598
20294,0.004787179175764322
20295,0.004739583004266024
20296,0.0051483288407325745
20297,0.006100952159613371
20298,0.005547843873500824
20299,0.005760508123785257
20300,0.0046065193600952625
20301,0.005264658015221357
20302,0.0042961155995726585
20303,0.0047237989492714405
20304,0.004402695689350367
20305,0.005055604036897421
20306,0.005009080283343792
20307,0.004990305285900831
20308,0.0049767205491662025
20309,0.004591068252921104
20310,0.005005926825106144
20311,0.005940732080489397
20312,0.004383776802569628
20313,0.005245330277830362
20314,0.00483012106269598
20315,0.005033683963119984
20316,0.004928594920784235
20317,0.004547877702862024
20318,0.005614136345684528
20319,0.005597630515694618
20320,0.0053045134991407394
20321,0.005404256749898195
20322,0.004496098030358553
20323,0.0048499261029064655
20324,0.00444428063929081
20325,0.005501346662640572
20326,0.00499479565769434
20327,0.004850153345614672
20328,0.004581722896546125
20329,0.005743257235735655
20330,0.004769057035446167
20331,0.00449993833899498
20332,0.005149856675416231
20333,0.00464719720184803
20334,0.005831731483340263
20335,0.005394569132477045
20336,0.005081793759018183
20337,0.004586801398545504
20338,0.004020186606794596
20339,0.004939992446452379
20340,0.005486875306814909
20341,0.005202810745686293
20342,0.0048111132346093655
20343,0.004905379377305508
20344,0.005095813423395157
20345,0.004896114580333233
20346,0.0051171318627893925
20347,0.005005359649658203
20348,0.004829385317862034
20349,0.004650624003261328
20350,0.004591993987560272
20351,0.004902414977550507
20352,0.0045449757017195225
20353,0.005382111296057701
20354,0.004891206976026297
20355,0.005184553563594818
20356,0.005448273383080959
20357,0.004673677030950785
20358,0.005073019303381443
20359,0.005652787629514933
20360,0.005197502672672272
20361,0.004542176611721516
20362,0.004715431947261095
20363,0.005234093870967627
20364,0.005221723113209009
20365,0.004944649059325457
20366,0.004540461115539074
20367,0.005019029136747122
20368,0.005376843735575676
20369,0.005471484735608101
20370,0.004744898062199354
20371,0.00537066301330924
20372,0.004539253655821085
20373,0.005009790882468224
20374,0.005823641549795866
20375,0.004786928649991751
20376,0.006426111329346895
20377,0.004908666014671326
20378,0.005305383820086718
20379,0.0049321530386805534
20380,0.005122048780322075
20381,0.005698960740119219
20382,0.004774457775056362
20383,0.005194683559238911
20384,0.005031258799135685
20385,0.004971993621438742
20386,0.004895951133221388
20387,0.005571399815380573
20388,0.004553844686597586
20389,0.005017660558223724
20390,0.005240434315055609
20391,0.004941045306622982
20392,0.004479353781789541
20393,0.005110953003168106
20394,0.006620938424021006
20395,0.005811491049826145
20396,0.005462455563247204
20397,0.004791881423443556
20398,0.005061715375632048
20399,0.004913767799735069
20400,0.005234439857304096
20401,0.00518695916980505
20402,0.005049034487456083
20403,0.004090607166290283
20404,0.005941828712821007
20405,0.0054266247898340225
20406,0.005389089696109295
20407,0.00448948610574007
20408,0.004914754536002874
20409,0.004879069048911333
20410,0.0051057725213468075
20411,0.005141308065503836
20412,0.005114709958434105
20413,0.005713343620300293
20414,0.004748520907014608
20415,0.004871824290603399
20416,0.005095966160297394
20417,0.005740175023674965
20418,0.004945455119013786
20419,0.005040766671299934
20420,0.005253875162452459
20421,0.005631100386381149
20422,0.004429041873663664
20423,0.0040475353598594666
20424,0.005945179145783186
20425,0.005261968821287155
20426,0.005138478707522154
20427,0.005000257398933172
20428,0.005832213442772627
20429,0.004300892353057861
20430,0.0040471819229424
20431,0.0047788494266569614
20432,0.005147156771272421
20433,0.0040889461524784565
20434,0.004223988391458988
20435,0.005349415820091963
20436,0.005336467642337084
20437,0.004936419893056154
20438,0.0048746331594884396
20439,0.004573244135826826
20440,0.006119104567915201
20441,0.005123520269989967
20442,0.00482607027515769
20443,0.004419351927936077
20444,0.005124748218804598
20445,0.005130686331540346
20446,0.005018293391913176
20447,0.004755354952067137
20448,0.005326949991285801
20449,0.0046917409636080265
20450,0.005354422610253096
20451,0.00472725834697485
20452,0.005130033940076828
20453,0.004615734796971083
20454,0.0053614056669175625
20455,0.004662755411118269
20456,0.004544766154140234
20457,0.005426974501460791
20458,0.004639838356524706
20459,0.004988151602447033
20460,0.0043966094963252544
20461,0.0043654837645590305
20462,0.005821261554956436
20463,0.004942108877003193
20464,0.004149131942540407
20465,0.005199676379561424
20466,0.004329350311309099
20467,0.005975143983960152
20468,0.0048077963292598724
20469,0.004503623116761446
20470,0.0054949987679719925
20471,0.004731644876301289
20472,0.005039825104176998
20473,0.004979491699486971
20474,0.004725731909275055
20475,0.0051022362895309925
20476,0.004857238847762346
20477,0.0057313102297484875
20478,0.005128688178956509
20479,0.005589811131358147
20480,0.005424973554909229
20481,0.004162240773439407
20482,0.005123817827552557
20483,0.004911881405860186
20484,0.005070324521511793
20485,0.004375013988465071
20486,0.005404421593993902
20487,0.005365664605051279
20488,0.004859724547713995
20489,0.005753424484282732
20490,0.004572615493088961
20491,0.004805792588740587
20492,0.00462996494024992
20493,0.005688969045877457
20494,0.005093831568956375
20495,0.004951688461005688
20496,0.004669705405831337
20497,0.00493271229788661
20498,0.005011018365621567
20499,0.005087941884994507
20500,0.00489495974034071
20501,0.004974656272679567
20502,0.0043660979717969894
20503,0.004616119898855686
20504,0.005583641119301319
20505,0.005395223852247
20506,0.00483670923858881
20507,0.005503620952367783
20508,0.004294367041438818
20509,0.005092615727335215
20510,0.005749349016696215
20511,0.00524413725361228
20512,0.004729153122752905
20513,0.006219031754881144
20514,0.004586390219628811
20515,0.005198878701776266
20516,0.005353353917598724
20517,0.00489588500931859
20518,0.004560443107038736
20519,0.005369580816477537
20520,0.005531693808734417
20521,0.005130211357027292
20522,0.005266172345727682
20523,0.004567927680909634
20524,0.005275761242955923
20525,0.004403263330459595
20526,0.004764521960169077
20527,0.005028882529586554
20528,0.004807032644748688
20529,0.005529438145458698
20530,0.005247583147138357
20531,0.004563549999147654
20532,0.004938727710396051
20533,0.00529220886528492
20534,0.004730982705950737
20535,0.005856252275407314
20536,0.004684031940996647
20537,0.004678243305534124
20538,0.004573859740048647
20539,0.004825890064239502
20540,0.005019289907068014
20541,0.0054747178219258785
20542,0.0051855784840881824
20543,0.004807678982615471
20544,0.004884770140051842
20545,0.0051633561961352825
20546,0.0048381732776761055
20547,0.004714381415396929
20548,0.005014557391405106
20549,0.004939262289553881
20550,0.004350145813077688
20551,0.004769652616232634
20552,0.005163755267858505
20553,0.005007461179047823
20554,0.004570703487843275
20555,0.004820765927433968
20556,0.005339697003364563
20557,0.005110845901072025
20558,0.005251822527498007
20559,0.004702124744653702
20560,0.004407207015901804
20561,0.004342077299952507
20562,0.0057190293446183205
20563,0.005076462868601084
20564,0.005051094572991133
20565,0.005087131634354591
20566,0.0055315857753157616
20567,0.005429855547845364
20568,0.00485719321295619
20569,0.00432394165545702
20570,0.004425958730280399
20571,0.005640883930027485
20572,0.005329520907253027
20573,0.004905041307210922
20574,0.0058168694376945496
20575,0.004863020032644272
20576,0.005457450170069933
20577,0.004538761451840401
20578,0.004780379123985767
20579,0.005312145221978426
20580,0.00436806445941329
20581,0.004898301791399717
20582,0.004890453536063433
20583,0.004962926730513573
20584,0.005349734798073769
20585,0.0044997818768024445
20586,0.004691393114626408
20587,0.004929587244987488
20588,0.005122252739965916
20589,0.005490907933562994
20590,0.00529139768332243
20591,0.005682785529643297
20592,0.004779225215315819
20593,0.005206442438066006
20594,0.005463574547320604
20595,0.005623104982078075
20596,0.00554164731875062
20597,0.004771646577864885
20598,0.00516004441305995
20599,0.004373355768620968
20600,0.0052813016809523106
20601,0.005043054465204477
20602,0.005110195837914944
20603,0.005170236341655254
20604,0.005254439078271389
20605,0.004476048983633518
20606,0.005070413462817669
20607,0.004778822418302298
20608,0.004963449202477932
20609,0.005875737406313419
20610,0.004781410098075867
20611,0.0050427233800292015
20612,0.005342531017959118
20613,0.005670183338224888
20614,0.004734402988106012
20615,0.004861392080783844
20616,0.005358122289180756
20617,0.003916390705853701
20618,0.003677121363580227
20619,0.005051940679550171
20620,0.004725146573036909
20621,0.0048822094686329365
20622,0.00500998180359602
20623,0.004624169785529375
20624,0.005163170862942934
20625,0.005035105627030134
20626,0.005647449288517237
20627,0.005256258882582188
20628,0.004399094730615616
20629,0.005330353509634733
20630,0.005201864987611771
20631,0.00474148103967309
20632,0.004993918351829052
20633,0.00624631205573678
20634,0.006003673188388348
20635,0.005260957404971123
20636,0.004751912783831358
20637,0.0052369884215295315
20638,0.004594764672219753
20639,0.004288006108254194
20640,0.006452032830566168
20641,0.004721658304333687
20642,0.00414543692022562
20643,0.005048139486461878
20644,0.004935190547257662
20645,0.005450769793242216
20646,0.004649163689464331
20647,0.004952068906277418
20648,0.004972164053469896
20649,0.005119604058563709
20650,0.004605676978826523
20651,0.0046248408034443855
20652,0.004825158044695854
20653,0.004931205417960882
20654,0.00504999840632081
20655,0.00506250886246562
20656,0.005182087421417236
20657,0.004590613301843405
20658,0.0047627962194383144
20659,0.004614788573235273
20660,0.005668962839990854
20661,0.004962935112416744
20662,0.005182194523513317
20663,0.004755617585033178
20664,0.004857643973082304
20665,0.004710509907454252
20666,0.004683472216129303
20667,0.005234612617641687
20668,0.0049049085937440395
20669,0.004940873011946678
20670,0.0040781074203550816
20671,0.004953878000378609
20672,0.0046859681606292725
20673,0.004535073414444923
20674,0.004162760451436043
20675,0.004862545523792505
20676,0.00448692636564374
20677,0.004613304045051336
20678,0.0049843210726976395
20679,0.004378925543278456
20680,0.0044332644902169704
20681,0.004851702135056257
20682,0.005079255905002356
20683,0.005374760366976261
20684,0.005515465512871742
20685,0.005153424572199583
20686,0.004444918595254421
20687,0.004609722178429365
20688,0.005029366351664066
20689,0.004943866282701492
20690,0.00455000763759017
20691,0.005141876172274351
20692,0.004615497309714556
20693,0.004723386373370886
20694,0.004384759813547134
20695,0.00519796134904027
20696,0.004725314676761627
20697,0.005103001836687326
20698,0.00543299550190568
20699,0.0047774347476661205
20700,0.005014342721551657
20701,0.004631716758012772
20702,0.004658157005906105
20703,0.005656621418893337
20704,0.005178406834602356
20705,0.00493678729981184
20706,0.004586589522659779
20707,0.0048654284328222275
20708,0.005226301960647106
20709,0.005176221020519733
20710,0.00470309890806675
20711,0.005040665622800589
20712,0.004985898267477751
20713,0.005015252158045769
20714,0.0061418297700583935
20715,0.0056147403083741665
20716,0.004734414629638195
20717,0.004705446306616068
20718,0.004806633573025465
20719,0.00503055565059185
20720,0.004614086821675301
20721,0.004283044952899218
20722,0.00512709328904748
20723,0.0053138695657253265
20724,0.00560825876891613
20725,0.005027583800256252
20726,0.004655259195715189
20727,0.005825965665280819
20728,0.005315976217389107
20729,0.004646349232643843
20730,0.005016648210585117
20731,0.004930409137159586
20732,0.0058423555456101894
20733,0.004688568413257599
20734,0.005078669171780348
20735,0.005115796346217394
20736,0.004868884105235338
20737,0.004797487054020166
20738,0.0047521935775876045
20739,0.005437344312667847
20740,0.004970507230609655
20741,0.005617560353130102
20742,0.004662752617150545
20743,0.0049163647927343845
20744,0.005189788993448019
20745,0.0056642936542630196
20746,0.004785579163581133
20747,0.004516636952757835
20748,0.0048497263342142105
20749,0.005010406021028757
20750,0.005169697571545839
20751,0.005043182987719774
20752,0.004887335002422333
20753,0.005542427767068148
20754,0.005118522793054581
20755,0.005057905800640583
20756,0.004842948634177446
20757,0.006105364300310612
20758,0.005303613375872374
20759,0.004659933503717184
20760,0.004991400521248579
20761,0.004742009099572897
20762,0.00540993083268404
20763,0.0044385213404893875
20764,0.005425429902970791
20765,0.004476477857679129
20766,0.0049968985840678215
20767,0.005572445224970579
20768,0.00521642854437232
20769,0.0048874556086957455
20770,0.00536726601421833
20771,0.005285477265715599
20772,0.00461437227204442
20773,0.0050306073389947414
20774,0.0049183983355760574
20775,0.00463819969445467
20776,0.005157122854143381
20777,0.0048672473058104515
20778,0.005480587016791105
20779,0.004781988449394703
20780,0.004796682856976986
20781,0.00523584708571434
20782,0.005313117057085037
20783,0.0048468271270394325
20784,0.005311906337738037
20785,0.004775849170982838
20786,0.005237458739429712
20787,0.004046519286930561
20788,0.005349049344658852
20789,0.005003293510526419
20790,0.005084719508886337
20791,0.00448447372764349
20792,0.0051171258091926575
20793,0.0045622894540429115
20794,0.005435698200017214
20795,0.004836497362703085
20796,0.005918065086007118
20797,0.005105931311845779
20798,0.004766902420669794
20799,0.005070292856544256
20800,0.004496132489293814
20801,0.004796487279236317
20802,0.00458300719037652
20803,0.005152716767042875
20804,0.0052629075944423676
20805,0.005516701843589544
20806,0.00455398578196764
20807,0.005346039775758982
20808,0.005393343977630138
20809,0.004976848606020212
20810,0.005352306179702282
20811,0.0050659822300076485
20812,0.004819363355636597
20813,0.004951460286974907
20814,0.005356591194868088
20815,0.005532450508326292
20816,0.004546718671917915
20817,0.005085905082523823
20818,0.004529711790382862
20819,0.004739484284073114
20820,0.004644047003239393
20821,0.0045977006666362286
20822,0.004538778215646744
20823,0.005811216309666634
20824,0.004633026663213968
20825,0.005546849686652422
20826,0.005256077740341425
20827,0.005905953235924244
20828,0.004708721302449703
20829,0.0051576183177530766
20830,0.0047808121889829636
20831,0.005361555609852076
20832,0.004476719535887241
20833,0.004469951614737511
20834,0.005140748340636492
20835,0.004826764110475779
20836,0.0058292546309530735
20837,0.005519655998796225
20838,0.00460626557469368
20839,0.0054235560819506645
20840,0.004575563129037619
20841,0.004761009011417627
20842,0.0055336859077215195
20843,0.004210332408547401
20844,0.004944297950714827
20845,0.004160654731094837
20846,0.00431071687489748
20847,0.005389145575463772
20848,0.005382366944104433
20849,0.004472174681723118
20850,0.00452332803979516
20851,0.005326862912625074
20852,0.00475683668628335
20853,0.00539037398993969
20854,0.004885299596935511
20855,0.005192927084863186
20856,0.005050174426287413
20857,0.0048249466344714165
20858,0.005033329129219055
20859,0.004763468634337187
20860,0.004957098979502916
20861,0.004868477117270231
20862,0.004453655797988176
20863,0.0053757354617118835
20864,0.004924760665744543
20865,0.004804708529263735
20866,0.003941832110285759
20867,0.004579606931656599
20868,0.00517486035823822
20869,0.004430006258189678
20870,0.0049857525154948235
20871,0.004697334952652454
20872,0.004719005431979895
20873,0.005201106891036034
20874,0.004823048133403063
20875,0.00599697045981884
20876,0.005370822735130787
20877,0.005972526967525482
20878,0.004561434034258127
20879,0.005295004695653915
20880,0.005748741794377565
20881,0.004294912330806255
20882,0.0056543899700045586
20883,0.005117062013596296
20884,0.0050871060229837894
20885,0.005316160619258881
20886,0.00453686760738492
20887,0.004778528586030006
20888,0.004464511293917894
20889,0.005305854137986898
20890,0.004711576271802187
20891,0.00505130086094141
20892,0.004793220665305853
20893,0.004985230974853039
20894,0.004141444806009531
20895,0.005044077057391405
20896,0.004668427165597677
20897,0.0042744530364871025
20898,0.004323529079556465
20899,0.00495313573628664
20900,0.004064164590090513
20901,0.005083361174911261
20902,0.005018613766878843
20903,0.005141617730259895
20904,0.004669811576604843
20905,0.005004605278372765
20906,0.0057384055107831955
20907,0.005313739646226168
20908,0.0045410948805511
20909,0.004665915388613939
20910,0.00545426644384861
20911,0.005563800223171711
20912,0.004534150008112192
20913,0.004125733859837055
20914,0.004249080084264278
20915,0.004241031128913164
20916,0.005364117678254843
20917,0.005323188379406929
20918,0.005272485315799713
20919,0.00468905596062541
20920,0.005147439427673817
20921,0.006101970560848713
20922,0.005113626830279827
20923,0.005084499251097441
20924,0.005027889274060726
20925,0.004646517336368561
20926,0.00507884519174695
20927,0.005259457044303417
20928,0.004568742588162422
20929,0.004711114335805178
20930,0.0048208278603851795
20931,0.0041597397066652775
20932,0.005363441538065672
20933,0.00468409014865756
20934,0.005269496235996485
20935,0.005601918324828148
20936,0.0052223107777535915
20937,0.0044315471313893795
20938,0.005504125263541937
20939,0.004910198040306568
20940,0.005455166567116976
20941,0.004594375379383564
20942,0.005396081134676933
20943,0.0049255117774009705
20944,0.004555546212941408
20945,0.005106110125780106
20946,0.004498785361647606
20947,0.0052872044034302235
20948,0.005050193052738905
20949,0.0048464578576385975
20950,0.004982468206435442
20951,0.004999079275876284
20952,0.0058217416517436504
20953,0.004887530580163002
20954,0.00529881427064538
20955,0.0049407086335122585
20956,0.005123402923345566
20957,0.00485561927780509
20958,0.004542297217994928
20959,0.004829774145036936
20960,0.0043384600430727005
20961,0.004583306610584259
20962,0.004332783631980419
20963,0.005009502172470093
20964,0.004384608007967472
20965,0.004431921988725662
20966,0.005403351038694382
20967,0.004697487689554691
20968,0.005021839868277311
20969,0.0047918278723955154
20970,0.00554879242554307
20971,0.005284402519464493
20972,0.00611875019967556
20973,0.005216496530920267
20974,0.0052927760407328606
20975,0.005061150528490543
20976,0.004620336927473545
20977,0.004933783784508705
20978,0.004843180533498526
20979,0.004849456716328859
20980,0.004360465332865715
20981,0.0054502650164067745
20982,0.0053272671066224575
20983,0.0048982445150613785
20984,0.0047818818129599094
20985,0.005379721987992525
20986,0.004692425951361656
20987,0.005148766562342644
20988,0.0049453298561275005
20989,0.0047693136148154736
20990,0.004763270728290081
20991,0.0046570152044296265
20992,0.005368207115679979
20993,0.005151557270437479
20994,0.004187896382063627
20995,0.004924038425087929
20996,0.004529550671577454
20997,0.004857757594436407
20998,0.0055731674656271935
20999,0.005360487382858992
21000,0.004642318934202194
21001,0.004721154924482107
21002,0.004766491707414389
21003,0.005169241223484278
21004,0.0049470579251646996
21005,0.004758960567414761
21006,0.004605358932167292
21007,0.0050892299041152
21008,0.005670221988111734
21009,0.0051116785034537315
21010,0.0051652817055583
21011,0.005271231755614281
21012,0.005556279327720404
21013,0.00504302466288209
21014,0.004661856219172478
21015,0.005313651170581579
21016,0.005332081113010645
21017,0.004307170864194632
21018,0.0048341527581214905
21019,0.005181242246180773
21020,0.004829802550375462
21021,0.004368605557829142
21022,0.005241896957159042
21023,0.005761421751230955
21024,0.005296180956065655
21025,0.004836292937397957
21026,0.00431937538087368
21027,0.004751273896545172
21028,0.004025345202535391
21029,0.00494037289172411
21030,0.004896434023976326
21031,0.0045320866629481316
21032,0.005013647023588419
21033,0.005776420701295137
21034,0.0048419092781841755
21035,0.005443948321044445
21036,0.004739330615848303
21037,0.0049472893588244915
21038,0.004949060268700123
21039,0.004501223098486662
21040,0.006028138566762209
21041,0.005381580907851458
21042,0.004744269419461489
21043,0.004374309442937374
21044,0.005437659099698067
21045,0.005081075709313154
21046,0.004591864533722401
21047,0.004444499500095844
21048,0.005229154136031866
21049,0.004779984708875418
21050,0.0052390326745808125
21051,0.005298116244375706
21052,0.004822223447263241
21053,0.0051301512867212296
21054,0.0051508704200387
21055,0.005303588695824146
21056,0.004570388700813055
21057,0.00531848194077611
21058,0.004403304308652878
21059,0.004868844524025917
21060,0.004316006321460009
21061,0.005582794081419706
21062,0.0041986508294939995
21063,0.005142101086676121
21064,0.005016836803406477
21065,0.004794799257069826
21066,0.005505835171788931
21067,0.005672772414982319
21068,0.005727567709982395
21069,0.004926867317408323
21070,0.00434974767267704
21071,0.004243053030222654
21072,0.0047120628878474236
21073,0.0049943383783102036
21074,0.004866756498813629
21075,0.005802522413432598
21076,0.004763931967318058
21077,0.005176345817744732
21078,0.005775740370154381
21079,0.004491291008889675
21080,0.004665672313421965
21081,0.004659517202526331
21082,0.0056860316544771194
21083,0.004146342631429434
21084,0.004774704109877348
21085,0.0044935317710042
21086,0.005217269994318485
21087,0.00518472446128726
21088,0.0052534737624228
21089,0.00514086801558733
21090,0.004852618556469679
21091,0.004710171837359667
21092,0.005312791559845209
21093,0.004500844515860081
21094,0.0051727294921875
21095,0.0053038098849356174
21096,0.005249202251434326
21097,0.005439174827188253
21098,0.004690088797360659
21099,0.004980310797691345
21100,0.005638041999191046
21101,0.00450537633150816
21102,0.005529467016458511
21103,0.005864960607141256
21104,0.004813518840819597
21105,0.004442084580659866
21106,0.005256472621113062
21107,0.004958813078701496
21108,0.004919697064906359
21109,0.005043075419962406
21110,0.005883053410798311
21111,0.004855388309806585
21112,0.005035071168094873
21113,0.0047097294591367245
21114,0.0050173490308225155
21115,0.004278719890862703
21116,0.005080734845250845
21117,0.005363877397030592
21118,0.004952314309775829
21119,0.0053415135480463505
21120,0.004665378015488386
21121,0.005240550264716148
21122,0.005001820158213377
21123,0.0049491338431835175
21124,0.004992461763322353
21125,0.004994810558855534
21126,0.004539139103144407
21127,0.004666212014853954
21128,0.004934169352054596
21129,0.0054388586431741714
21130,0.00561800180003047
21131,0.004609592258930206
21132,0.004728632513433695
21133,0.004793818574398756
21134,0.005495416931807995
21135,0.005073970649391413
21136,0.005175852682441473
21137,0.005110338795930147
21138,0.004999534692615271
21139,0.0050737629644572735
21140,0.005394147243350744
21141,0.005124627612531185
21142,0.0052901073358953
21143,0.005307693965733051
21144,0.004816390573978424
21145,0.00510405795648694
21146,0.0046137673780322075
21147,0.00474846875295043
21148,0.004725736100226641
21149,0.0050660776905715466
21150,0.004822400864213705
21151,0.004053992684930563
21152,0.004589632153511047
21153,0.005044962279498577
21154,0.004573111888021231
21155,0.005147229414433241
21156,0.0055376379750669
21157,0.004426570143550634
21158,0.005107301753014326
21159,0.0048982673324644566
21160,0.004729155451059341
21161,0.00494183786213398
21162,0.00533928070217371
21163,0.004860059358179569
21164,0.004415605682879686
21165,0.00511871837079525
21166,0.005753310862928629
21167,0.0053047300316393375
21168,0.004790909588336945
21169,0.004798589739948511
21170,0.00542902247980237
21171,0.005024288315325975
21172,0.0050076390616595745
21173,0.004907401278614998
21174,0.005604623816907406
21175,0.004472730681300163
21176,0.004704993683844805
21177,0.004220991861075163
21178,0.004781484138220549
21179,0.004867697600275278
21180,0.005433705169707537
21181,0.004621995147317648
21182,0.005250184331089258
21183,0.0049722278490662575
21184,0.004846383351832628
21185,0.005649664904922247
21186,0.005122923757880926
21187,0.005199795588850975
21188,0.0055635422468185425
21189,0.004533527884632349
21190,0.0047759306617081165
21191,0.005674703512340784
21192,0.004666001070290804
21193,0.0046663046814501286
21194,0.005394757725298405
21195,0.005549856927245855
21196,0.004909925162792206
21197,0.005241097416728735
21198,0.005344673991203308
21199,0.005451103672385216
21200,0.004823931027203798
21201,0.004815178457647562
21202,0.0047713471576571465
21203,0.004941984545439482
21204,0.005461361724883318
21205,0.005282339174300432
21206,0.004819394554942846
21207,0.0053189415484666824
21208,0.005306883715093136
21209,0.005098824854940176
21210,0.004651122260838747
21211,0.004378920421004295
21212,0.005240301135927439
21213,0.006201847456395626
21214,0.005807784851640463
21215,0.0052236891351640224
21216,0.005065104458481073
21217,0.004799193702638149
21218,0.004779292270541191
21219,0.0056770844385027885
21220,0.004117963369935751
21221,0.005036693532019854
21222,0.005060030613094568
21223,0.0042340862564742565
21224,0.005524049047380686
21225,0.0047530485317111015
21226,0.005226325709372759
21227,0.004759678617119789
21228,0.005004178266972303
21229,0.005178867373615503
21230,0.005655872635543346
21231,0.00508953956887126
21232,0.004627888090908527
21233,0.005822152364999056
21234,0.005906875245273113
21235,0.004925047047436237
21236,0.004214669112116098
21237,0.005222111940383911
21238,0.004965211730450392
21239,0.004989336244761944
21240,0.004978405311703682
21241,0.004907750524580479
21242,0.005684429779648781
21243,0.004901085048913956
21244,0.005211196839809418
21245,0.005338801071047783
21246,0.005151214078068733
21247,0.004922397434711456
21248,0.0046192966401577
21249,0.00420507974922657
21250,0.005099778063595295
21251,0.00507609685882926
21252,0.005644408520311117
21253,0.004310091491788626
21254,0.004643356427550316
21255,0.004731075372546911
21256,0.004773368593305349
21257,0.00538304727524519
21258,0.004813374485820532
21259,0.004578869324177504
21260,0.004365747328847647
21261,0.004766024649143219
21262,0.0054046656005084515
21263,0.005443884059786797
21264,0.0044068507850170135
21265,0.005828526336699724
21266,0.005260929465293884
21267,0.004466325044631958
21268,0.005775623023509979
21269,0.004345776978880167
21270,0.004949523601680994
21271,0.005669586360454559
21272,0.00499214231967926
21273,0.004597185645252466
21274,0.005017711780965328
21275,0.00540525559335947
21276,0.005063155200332403
21277,0.005723788868635893
21278,0.005403725430369377
21279,0.004872489720582962
21280,0.004613897297531366
21281,0.005034602712839842
21282,0.004578951746225357
21283,0.004766000434756279
21284,0.004743220284581184
21285,0.0051404256373643875
21286,0.00542472442612052
21287,0.004480587784200907
21288,0.004779091104865074
21289,0.005205128807574511
21290,0.005059503950178623
21291,0.005705465562641621
21292,0.004811755381524563
21293,0.004760530311614275
21294,0.004882222041487694
21295,0.0053819455206394196
21296,0.00490780733525753
21297,0.005033239722251892
21298,0.005030394531786442
21299,0.005157082807272673
21300,0.004896507132798433
21301,0.0052285585552453995
21302,0.004637232981622219
21303,0.004596387036144733
21304,0.005458090920001268
21305,0.005149477627128363
21306,0.00490223104134202
21307,0.0048540751449763775
21308,0.00457864161580801
21309,0.0055738044902682304
21310,0.0055807242169976234
21311,0.005867532454431057
21312,0.005660874303430319
21313,0.004809425678104162
21314,0.005377825349569321
21315,0.004240314941853285
21316,0.00463187787681818
21317,0.0043710023164749146
21318,0.0052342950366437435
21319,0.005214867182075977
21320,0.004490476101636887
21321,0.004825437907129526
21322,0.004843994043767452
21323,0.0045532830990850925
21324,0.005737981293350458
21325,0.0050088269636034966
21326,0.004853755701333284
21327,0.005854530725628138
21328,0.005029473453760147
21329,0.005791790783405304
21330,0.004971285350620747
21331,0.00472472608089447
21332,0.004308139439672232
21333,0.004996033385396004
21334,0.005435784813016653
21335,0.005158795975148678
21336,0.004823306109756231
21337,0.005383506417274475
21338,0.005410952027887106
21339,0.004346289671957493
21340,0.005650626495480537
21341,0.004621511325240135
21342,0.005584199912846088
21343,0.004383703228086233
21344,0.005501733627170324
21345,0.00454163970425725
21346,0.005479846149682999
21347,0.0053430115804076195
21348,0.004833918530493975
21349,0.005212754942476749
21350,0.004060962703078985
21351,0.0043769278563559055
21352,0.0042540342546999454
21353,0.0059127178974449635
21354,0.005477090831845999
21355,0.005189635790884495
21356,0.005550303962081671
21357,0.005200100131332874
21358,0.005349594634026289
21359,0.005004912614822388
21360,0.0046492149122059345
21361,0.005225279834121466
21362,0.00538888992741704
21363,0.004450055770576
21364,0.004652660805732012
21365,0.004594861995428801
21366,0.004909174516797066
21367,0.0052586994133889675
21368,0.005165501963347197
21369,0.005473541095852852
21370,0.004681113641709089
21371,0.004900563973933458
21372,0.005024268291890621
21373,0.004370405804365873
21374,0.004836263135075569
21375,0.005407152231782675
21376,0.005282511468976736
21377,0.004400997422635555
21378,0.004946062341332436
21379,0.004879051819443703
21380,0.004591365344822407
21381,0.004625468049198389
21382,0.005687166936695576
21383,0.0054154954850673676
21384,0.0051299408078193665
21385,0.004703925456851721
21386,0.005221846979111433
21387,0.00529708806425333
21388,0.005736007355153561
21389,0.004809120669960976
21390,0.005888850893825293
21391,0.005341722629964352
21392,0.004440109711140394
21393,0.005405309610068798
21394,0.005709010176360607
21395,0.004566987976431847
21396,0.005403946153819561
21397,0.004466046579182148
21398,0.0047150831669569016
21399,0.006171084940433502
21400,0.005239777732640505
21401,0.0047744689509272575
21402,0.0054156119003891945
21403,0.0057069119065999985
21404,0.004173332825303078
21405,0.0049217138439416885
21406,0.005389764904975891
21407,0.005199633073061705
21408,0.0046291109174489975
21409,0.004270798526704311
21410,0.005308051593601704
21411,0.004754630383104086
21412,0.005227724090218544
21413,0.004608033690601587
21414,0.004694455303251743
21415,0.0048393323086202145
21416,0.00463067227974534
21417,0.005043803248554468
21418,0.003942248411476612
21419,0.005094160325825214
21420,0.0043944548815488815
21421,0.004690544214099646
21422,0.00457938713952899
21423,0.005375860724598169
21424,0.004973685834556818
21425,0.004438990261405706
21426,0.004243799019604921
21427,0.005515716504305601
21428,0.00469107273966074
21429,0.004838512744754553
21430,0.005250521469861269
21431,0.004946069326251745
21432,0.00504736602306366
21433,0.005245179403573275
21434,0.004768126644194126
21435,0.004884965717792511
21436,0.004900237079709768
21437,0.004499729257076979
21438,0.005570267792791128
21439,0.004538933280855417
21440,0.004987821448594332
21441,0.004876760300248861
21442,0.005085859447717667
21443,0.0048990147188305855
21444,0.004517107270658016
21445,0.005147494375705719
21446,0.005143696442246437
21447,0.0054546925239264965
21448,0.005703574977815151
21449,0.005230150185525417
21450,0.004738598130643368
21451,0.005418679211288691
21452,0.004907413851469755
21453,0.005040463525801897
21454,0.004585075192153454
21455,0.005715306382626295
21456,0.004971206188201904
21457,0.005158781539648771
21458,0.0044462429359555244
21459,0.004773376975208521
21460,0.004862216766923666
21461,0.004628178663551807
21462,0.0051437425427138805
21463,0.004910232499241829
21464,0.004739159718155861
21465,0.0047925622202456
21466,0.005379135254770517
21467,0.004912747070193291
21468,0.00524063128978014
21469,0.004564904607832432
21470,0.0054047866724431515
21471,0.004600483924150467
21472,0.004619425628334284
21473,0.004709669388830662
21474,0.005908178631216288
21475,0.004721838049590588
21476,0.0046015833504498005
21477,0.004795115441083908
21478,0.005913983099162579
21479,0.00524803064763546
21480,0.004868983291089535
21481,0.005207406356930733
21482,0.004830892197787762
21483,0.005555947311222553
21484,0.004872316028922796
21485,0.004945973865687847
21486,0.004616848658770323
21487,0.005005308426916599
21488,0.0048429216258227825
21489,0.005451637785881758
21490,0.004716155119240284
21491,0.0055869934149086475
21492,0.005048446822911501
21493,0.0044250874780118465
21494,0.004614322446286678
21495,0.004939147736877203
21496,0.0045825582928955555
21497,0.004312143661081791
21498,0.0048141079023480415
21499,0.004825022537261248
21500,0.005983874201774597
21501,0.004879707004874945
21502,0.004338555969297886
21503,0.0052728671580553055
21504,0.004890722222626209
21505,0.005015770439058542
21506,0.004945838823914528
21507,0.004671439062803984
21508,0.00542207108810544
21509,0.005019250325858593
21510,0.004656848032027483
21511,0.0053101712837815285
21512,0.005287481937557459
21513,0.005375072825700045
21514,0.00556765915825963
21515,0.004852287471294403
21516,0.0048903231509029865
21517,0.005591630470007658
21518,0.005681431852281094
21519,0.004618536215275526
21520,0.0055976081639528275
21521,0.00469472911208868
21522,0.004415220580995083
21523,0.005280436482280493
21524,0.005436358042061329
21525,0.005087954457849264
21526,0.00479735666885972
21527,0.004845698829740286
21528,0.005180671811103821
21529,0.004228560253977776
21530,0.004759745206683874
21531,0.0049116890877485275
21532,0.00514336908236146
21533,0.0049258568324148655
21534,0.0052864509634673595
21535,0.005005733575671911
21536,0.005355362314730883
21537,0.004619886167347431
21538,0.004341418389230967
21539,0.005617953836917877
21540,0.005309493280947208
21541,0.005030637141317129
21542,0.005176566541194916
21543,0.004573834128677845
21544,0.005590002052485943
21545,0.004916185978800058
21546,0.004939509555697441
21547,0.00464175920933485
21548,0.004928419832140207
21549,0.004879303742200136
21550,0.0047974479384720325
21551,0.004719915799796581
21552,0.0042960564605891705
21553,0.005159374326467514
21554,0.005416207015514374
21555,0.004560197237879038
21556,0.004952444229274988
21557,0.004604481626302004
21558,0.004960007965564728
21559,0.004768829792737961
21560,0.004892911296337843
21561,0.004609753843396902
21562,0.004826332908123732
21563,0.005117672495543957
21564,0.004748802166432142
21565,0.004208934493362904
21566,0.005977778695523739
21567,0.00501980958506465
21568,0.004442331846803427
21569,0.004635917954146862
21570,0.004809103440493345
21571,0.005272673908621073
21572,0.004644474480301142
21573,0.00464929174631834
21574,0.005469934083521366
21575,0.00436693849042058
21576,0.004729568026959896
21577,0.005296794697642326
21578,0.00485733849927783
21579,0.004362490028142929
21580,0.004609869793057442
21581,0.00550328753888607
21582,0.004596808459609747
21583,0.004889294039458036
21584,0.004448377061635256
21585,0.0045195347629487514
21586,0.004531661048531532
21587,0.0050276112742722034
21588,0.004681841004639864
21589,0.004864004906266928
21590,0.005231832154095173
21591,0.0045945653691887856
21592,0.005950735881924629
21593,0.005115594249218702
21594,0.004510941915214062
21595,0.004467585124075413
21596,0.005611386615782976
21597,0.0048257275484502316
21598,0.0046966420486569405
21599,0.00499408645555377
21600,0.004696241579949856
21601,0.004766739904880524
21602,0.005495482124388218
21603,0.00515737384557724
21604,0.0049534086138010025
21605,0.005296760704368353
21606,0.004348136018961668
21607,0.004778988193720579
21608,0.004859858192503452
21609,0.004082119092345238
21610,0.004722124896943569
21611,0.005260039120912552
21612,0.005134463310241699
21613,0.004627582151442766
21614,0.004724150523543358
21615,0.005319183226674795
21616,0.005414735060185194
21617,0.005707981064915657
21618,0.004925847053527832
21619,0.005215206649154425
21620,0.00468799751251936
21621,0.004894658457487822
21622,0.004830533638596535
21623,0.005282145459204912
21624,0.005366554018110037
21625,0.005050045438110828
21626,0.004574009217321873
21627,0.005128064658492804
21628,0.004431632347404957
21629,0.005382684990763664
21630,0.003944019787013531
21631,0.005286266095936298
21632,0.004810158163309097
21633,0.004898752551525831
21634,0.004600760992616415
21635,0.004331876058131456
21636,0.0046864403411746025
21637,0.0048456271179020405
21638,0.004508167039602995
21639,0.004957725293934345
21640,0.004954345989972353
21641,0.004482824355363846
21642,0.0047775208950042725
21643,0.006060080137103796
21644,0.004747631493955851
21645,0.005159908439964056
21646,0.005508117843419313
21647,0.005323008168488741
21648,0.004781447816640139
21649,0.005502942483872175
21650,0.005512735806405544
21651,0.005250264890491962
21652,0.004927249159663916
21653,0.00511762872338295
21654,0.005634835455566645
21655,0.005057199392467737
21656,0.004662658553570509
21657,0.0050228857435286045
21658,0.0046944147907197475
21659,0.005191398784518242
21660,0.004774409346282482
21661,0.005181204527616501
21662,0.004790716804563999
21663,0.005362675059586763
21664,0.005222245119512081
21665,0.005557703785598278
21666,0.00445399759337306
21667,0.004828771576285362
21668,0.005054035689681768
21669,0.0050783222541213036
21670,0.00483963917940855
21671,0.005035628564655781
21672,0.004881936125457287
21673,0.004203267861157656
21674,0.005104066338390112
21675,0.0040105911903083324
21676,0.004999855533242226
21677,0.005292551591992378
21678,0.005490320734679699
21679,0.004741874057799578
21680,0.00419584522023797
21681,0.00481836823746562
21682,0.005364538636058569
21683,0.004785552620887756
21684,0.0050361366011202335
21685,0.005612638778984547
21686,0.005460003856569529
21687,0.005422666203230619
21688,0.004863404668867588
21689,0.0055250609293580055
21690,0.005229311063885689
21691,0.00399744464084506
21692,0.004684389568865299
21693,0.004250085912644863
21694,0.004369988571852446
21695,0.005328897852450609
21696,0.004304743371903896
21697,0.004613847937434912
21698,0.0049608913250267506
21699,0.0046761007979512215
21700,0.004868462681770325
21701,0.004274860955774784
21702,0.004316648468375206
21703,0.005570841021835804
21704,0.004385718144476414
21705,0.005094514694064856
21706,0.004963567014783621
21707,0.005095575004816055
21708,0.004633607342839241
21709,0.005197829566895962
21710,0.005587672349065542
21711,0.005011303350329399
21712,0.005305359605699778
21713,0.004754385445266962
21714,0.005443520378321409
21715,0.004632757045328617
21716,0.005154209211468697
21717,0.004813831765204668
21718,0.004877085331827402
21719,0.004833797924220562
21720,0.00446215458214283
21721,0.005472601391375065
21722,0.0057505532167851925
21723,0.005500065628439188
21724,0.0046342299319803715
21725,0.005947619676589966
21726,0.004599316511303186
21727,0.004941203631460667
21728,0.004587972536683083
21729,0.005641901399940252
21730,0.004365065600723028
21731,0.004234749358147383
21732,0.00545347249135375
21733,0.005199002102017403
21734,0.004818854853510857
21735,0.004814981482923031
21736,0.004952619317919016
21737,0.005367327947169542
21738,0.004656422417610884
21739,0.005325120408087969
21740,0.00482538715004921
21741,0.00443285284563899
21742,0.005381814669817686
21743,0.005127206444740295
21744,0.005031632259488106
21745,0.0056129563599824905
21746,0.00445719575509429
21747,0.005431798752397299
21748,0.004526546224951744
21749,0.004863118752837181
21750,0.0047330730594694614
21751,0.004747600760310888
21752,0.005440658424049616
21753,0.004902772605419159
21754,0.005196851212531328
21755,0.005040968768298626
21756,0.0049932268448174
21757,0.004379138350486755
21758,0.005282204132527113
21759,0.0054002078250050545
21760,0.005641076248139143
21761,0.004982189740985632
21762,0.00516600301489234
21763,0.005230976268649101
21764,0.004883664660155773
21765,0.004666824359446764
21766,0.005837828386574984
21767,0.005220330320298672
21768,0.004768128506839275
21769,0.005788086447864771
21770,0.004823571536689997
21771,0.004831240978091955
21772,0.00475567951798439
21773,0.004850539844483137
21774,0.005255035124719143
21775,0.004228266887366772
21776,0.00485266325995326
21777,0.004347600042819977
21778,0.00526393111795187
21779,0.004578341729938984
21780,0.004896193742752075
21781,0.004715848248451948
21782,0.005433141253888607
21783,0.004527708515524864
21784,0.005358024034649134
21785,0.004886304028332233
21786,0.00445836316794157
21787,0.00486426567658782
21788,0.004509447608143091
21789,0.004837700165808201
21790,0.004265638533979654
21791,0.005023961886763573
21792,0.00455113360658288
21793,0.00527179567143321
21794,0.005186597816646099
21795,0.004750349558889866
21796,0.004885968752205372
21797,0.0051828850992023945
21798,0.004815998487174511
21799,0.004479238297790289
21800,0.00523514486849308
21801,0.004261116497218609
21802,0.006305505055934191
21803,0.005163553636521101
21804,0.004363400395959616
21805,0.004947056528180838
21806,0.004996288102120161
21807,0.004529283847659826
21808,0.004597426857799292
21809,0.004415861796587706
21810,0.004999510943889618
21811,0.004103340208530426
21812,0.004221822135150433
21813,0.004807199817150831
21814,0.005278020165860653
21815,0.004802250303328037
21816,0.004976367577910423
21817,0.005260489881038666
21818,0.005036583635956049
21819,0.004673847462981939
21820,0.004733642563223839
21821,0.00458501884713769
21822,0.004679040517657995
21823,0.004724320489913225
21824,0.005020053591579199
21825,0.004616241902112961
21826,0.005330894608050585
21827,0.0060422406531870365
21828,0.005725263152271509
21829,0.004692554008215666
21830,0.005081005860120058
21831,0.005068573635071516
21832,0.0047699627466499805
21833,0.004608923103660345
21834,0.0053061447106301785
21835,0.004628423601388931
21836,0.0047828564420342445
21837,0.0048163351602852345
21838,0.004746656399220228
21839,0.005488388240337372
21840,0.005381994415074587
21841,0.004547815769910812
21842,0.005432366393506527
21843,0.005448607262223959
21844,0.004789405036717653
21845,0.005142197944223881
21846,0.005801168270409107
21847,0.005171623080968857
21848,0.005078253336250782
21849,0.004585758782923222
21850,0.00512693403288722
21851,0.004332362208515406
21852,0.004778208211064339
21853,0.004687226377427578
21854,0.005176492966711521
21855,0.005356779787689447
21856,0.005817649886012077
21857,0.004192049615085125
21858,0.005405123345553875
21859,0.004944286774843931
21860,0.004226448014378548
21861,0.0058127460069954395
21862,0.005837766919285059
21863,0.0039849053137004375
21864,0.004836368840187788
21865,0.004345151595771313
21866,0.004537315107882023
21867,0.004463628865778446
21868,0.004712474532425404
21869,0.005392423830926418
21870,0.004908655304461718
21871,0.004429405555129051
21872,0.004462501034140587
21873,0.00544988177716732
21874,0.0047209421172738075
21875,0.005954444874078035
21876,0.005765609908849001
21877,0.005019751377403736
21878,0.004388077184557915
21879,0.00462674256414175
21880,0.004585024435073137
21881,0.0040633841417729855
21882,0.005172327160835266
21883,0.0043237279169261456
21884,0.0044021401554346085
21885,0.005524429492652416
21886,0.004293838981539011
21887,0.005132870748639107
21888,0.004765061661601067
21889,0.005648692138493061
21890,0.005047422833740711
21891,0.00517165195196867
21892,0.00416802242398262
21893,0.004616530146449804
21894,0.005339289084076881
21895,0.005194263532757759
21896,0.004172911401838064
21897,0.004588886629790068
21898,0.00479861767962575
21899,0.004762465134263039
21900,0.005004410166293383
21901,0.004937297198921442
21902,0.004377967678010464
21903,0.004851630888879299
21904,0.004276957828551531
21905,0.005566329229623079
21906,0.004452141001820564
21907,0.0046373400837183
21908,0.005199598614126444
21909,0.004981302190572023
21910,0.004994260612875223
21911,0.0045884451828897
21912,0.0044922055676579475
21913,0.004871312994509935
21914,0.00530509278178215
21915,0.0053764586336910725
21916,0.004534708335995674
21917,0.0053454311564564705
21918,0.0052407169714570045
21919,0.005022180266678333
21920,0.005565986502915621
21921,0.004620739258825779
21922,0.005116695072501898
21923,0.005375536624342203
21924,0.004605972208082676
21925,0.004841238260269165
21926,0.005181909538805485
21927,0.004967949353158474
21928,0.004837908782064915
21929,0.00511570181697607
21930,0.005066807847470045
21931,0.005074496380984783
21932,0.005433524027466774
21933,0.0052087679505348206
21934,0.005532379262149334
21935,0.005496876779943705
21936,0.004914611577987671
21937,0.004941931925714016
21938,0.005446110386401415
21939,0.005645124241709709
21940,0.004341138992458582
21941,0.00428426917642355
21942,0.005428564269095659
21943,0.005079078488051891
21944,0.005032246466726065
21945,0.005316844210028648
21946,0.005076997447758913
21947,0.004724551923573017
21948,0.004779251292347908
21949,0.004637472331523895
21950,0.004684084560722113
21951,0.00472934078425169
21952,0.004445046652108431
21953,0.004790586419403553
21954,0.005045447498559952
21955,0.004184760618954897
21956,0.0049857571721076965
21957,0.005202863831073046
21958,0.004952298477292061
21959,0.00428301515057683
21960,0.00502755306661129
21961,0.004641239065676928
21962,0.0054696607403457165
21963,0.005537993740290403
21964,0.005209479946643114
21965,0.004709662403911352
21966,0.0043764542788267136
21967,0.005467784591019154
21968,0.005477136932313442
21969,0.004707472398877144
21970,0.005419868044555187
21971,0.0052892290987074375
21972,0.0050149657763540745
21973,0.005069068167358637
21974,0.004355838056653738
21975,0.005193725228309631
21976,0.0058416277170181274
21977,0.0048118955455720425
21978,0.005481026601046324
21979,0.004702095873653889
21980,0.0055554998107254505
21981,0.005086972378194332
21982,0.005116641521453857
21983,0.005647571291774511
21984,0.004899185616523027
21985,0.004373636096715927
21986,0.004721392411738634
21987,0.00582225201651454
21988,0.005353287793695927
21989,0.005002222023904324
21990,0.004557837266474962
21991,0.005211313255131245
21992,0.004951793700456619
21993,0.004635854624211788
21994,0.004946598783135414
21995,0.004727426450699568
21996,0.004488038830459118
21997,0.0054258727468550205
21998,0.0048929438926279545
21999,0.00518789142370224
22000,0.005054440815001726
22001,0.004615346435457468
22002,0.005084476433694363
22003,0.005457851104438305
22004,0.005048040766268969
22005,0.005388131830841303
22006,0.004968170076608658
22007,0.004984669853001833
22008,0.0047842334024608135
22009,0.004911445546895266
22010,0.005648194346576929
22011,0.0055078803561627865
22012,0.005130420438945293
22013,0.005024156533181667
22014,0.0044920253567397594
22015,0.004643030930310488
22016,0.005257039330899715
22017,0.005194279830902815
22018,0.005081371404230595
22019,0.00460217846557498
22020,0.004928117152303457
22021,0.004868003539741039
22022,0.005704594776034355
22023,0.004372722003608942
22024,0.0049721719697117805
22025,0.004745742306113243
22026,0.004636439029127359
22027,0.004925617016851902
22028,0.005482118111103773
22029,0.0047208392061293125
22030,0.004323466215282679
22031,0.0050540040247142315
22032,0.005035491660237312
22033,0.005174717865884304
22034,0.005398547742515802
22035,0.004229220096021891
22036,0.005538666155189276
22037,0.005116043146699667
22038,0.004927989561110735
22039,0.004749804735183716
22040,0.004572475329041481
22041,0.005323277786374092
22042,0.004885191097855568
22043,0.004481656011193991
22044,0.005258336663246155
22045,0.005459485575556755
22046,0.004714680835604668
22047,0.005171357188373804
22048,0.005276263691484928
22049,0.0043220822699368
22050,0.004193019587546587
22051,0.004556954372674227
22052,0.004939800128340721
22053,0.004014740232378244
22054,0.004935204517096281
22055,0.004803015850484371
22056,0.004735774826258421
22057,0.004835453350096941
22058,0.004903967492282391
22059,0.005308522377163172
22060,0.005094294901937246
22061,0.005129033699631691
22062,0.0051216003485023975
22063,0.005388274788856506
22064,0.0057271202094852924
22065,0.005452256184071302
22066,0.005215609911829233
22067,0.004862629808485508
22068,0.005114765837788582
22069,0.005793780088424683
22070,0.005549566354602575
22071,0.005573988892138004
22072,0.00552543718367815
22073,0.004383316729217768
22074,0.005200199782848358
22075,0.004758983384817839
22076,0.004717780742794275
22077,0.005417136941105127
22078,0.004977300763130188
22079,0.005710782948881388
22080,0.004235537722706795
22081,0.005200549028813839
22082,0.005014890339225531
22083,0.004811418708413839
22084,0.005827980116009712
22085,0.0055294279009103775
22086,0.005164060276001692
22087,0.004835693631321192
22088,0.005313071887940168
22089,0.004950526170432568
22090,0.004879348911345005
22091,0.005072677042335272
22092,0.005652346648275852
22093,0.005501338746398687
22094,0.005119116976857185
22095,0.005059665534645319
22096,0.0055136606097221375
22097,0.00491044856607914
22098,0.004434431903064251
22099,0.004837274085730314
22100,0.00468822754919529
22101,0.005521233659237623
22102,0.004496288485825062
22103,0.005182470194995403
22104,0.005396686494350433
22105,0.005636103916913271
22106,0.0052140322513878345
22107,0.004986143205314875
22108,0.00517244404181838
22109,0.00468155462294817
22110,0.005682460498064756
22111,0.004423204809427261
22112,0.0051640658639371395
22113,0.005321336444467306
22114,0.005092628300189972
22115,0.0048633902333676815
22116,0.005212363321334124
22117,0.004921008832752705
22118,0.005117868073284626
22119,0.005045040510594845
22120,0.005230936221778393
22121,0.005016021430492401
22122,0.0048345341347157955
22123,0.0048927185125648975
22124,0.004420194774866104
22125,0.004300018772482872
22126,0.005229213275015354
22127,0.004369829781353474
22128,0.00528660137206316
22129,0.005207780282944441
22130,0.004779790993779898
22131,0.004302937537431717
22132,0.0050433725118637085
22133,0.004951930604875088
22134,0.005202153697609901
22135,0.005105737131088972
22136,0.004336584359407425
22137,0.005942472722381353
22138,0.004710742272436619
22139,0.0051154475659132
22140,0.004284566268324852
22141,0.004904520697891712
22142,0.004446757026016712
22143,0.004803858697414398
22144,0.004907084163278341
22145,0.00487142289057374
22146,0.004870250821113586
22147,0.005708090960979462
22148,0.004913693759590387
22149,0.005319403950124979
22150,0.005199410952627659
22151,0.0045883203856647015
22152,0.004879550077021122
22153,0.0053296261467039585
22154,0.005146418232470751
22155,0.004723128397017717
22156,0.0044593666680157185
22157,0.005176107864826918
22158,0.005655139219015837
22159,0.005327841266989708
22160,0.005522852297872305
22161,0.004650116432458162
22162,0.0054137445986270905
22163,0.005883103236556053
22164,0.00542416051030159
22165,0.004496620502322912
22166,0.004767958074808121
22167,0.004786631092429161
22168,0.005384677089750767
22169,0.00491821113973856
22170,0.005058126989752054
22171,0.0049153827130794525
22172,0.004610144533216953
22173,0.00563826272264123
22174,0.005967326462268829
22175,0.005469377618283033
22176,0.0045769913122057915
22177,0.004847169388085604
22178,0.005222158506512642
22179,0.00494630029425025
22180,0.004674759693443775
22181,0.005104904994368553
22182,0.005314138252288103
22183,0.005201589781790972
22184,0.005068139173090458
22185,0.005168769974261522
22186,0.005077310372143984
22187,0.004810310434550047
22188,0.00480544101446867
22189,0.005339981056749821
22190,0.0053007896058261395
22191,0.005151654127985239
22192,0.004975965246558189
22193,0.0054011563770473
22194,0.004155826289206743
22195,0.0046519017778337
22196,0.005211575422435999
22197,0.0050253854133188725
22198,0.005221167113631964
22199,0.005492467433214188
22200,0.004538063425570726
22201,0.0053482456132769585
22202,0.004676948767155409
22203,0.004265176597982645
22204,0.005251507740467787
22205,0.004809150006622076
22206,0.005395250394940376
22207,0.005441899411380291
22208,0.004389030393213034
22209,0.004873168189078569
22210,0.004957853350788355
22211,0.004427789710462093
22212,0.0048579266294837
22213,0.0049024480395019054
22214,0.005032526329159737
22215,0.00519215501844883
22216,0.0044665466994047165
22217,0.0051806834526360035
22218,0.004922525491565466
22219,0.00501991668716073
22220,0.004157281015068293
22221,0.005029088817536831
22222,0.004973831586539745
22223,0.005011082626879215
22224,0.004232312086969614
22225,0.00597158819437027
22226,0.005037601105868816
22227,0.004565246403217316
22228,0.005260515958070755
22229,0.005283867474645376
22230,0.004515037406235933
22231,0.004324575886130333
22232,0.0049285427667200565
22233,0.004720182623714209
22234,0.005046309437602758
22235,0.005011950619518757
22236,0.004827913828194141
22237,0.004565603099763393
22238,0.0045685796067118645
22239,0.005453743040561676
22240,0.005128529388457537
22241,0.005268645007163286
22242,0.005275149364024401
22243,0.005032623652368784
22244,0.004898889921605587
22245,0.004756656475365162
22246,0.0047191958874464035
22247,0.004989363253116608
22248,0.004679343197494745
22249,0.00577086117118597
22250,0.005427053198218346
22251,0.004820729605853558
22252,0.00483562471345067
22253,0.005803094245493412
22254,0.004528272431343794
22255,0.00455697625875473
22256,0.004935638513416052
22257,0.005131478887051344
22258,0.005492082331329584
22259,0.0052895150147378445
22260,0.0059289284981787205
22261,0.005551162175834179
22262,0.005239835940301418
22263,0.004698494914919138
22264,0.005385744385421276
22265,0.004837916698306799
22266,0.0053063021041452885
22267,0.004508445039391518
22268,0.004977979697287083
22269,0.004932492971420288
22270,0.005120711401104927
22271,0.005334851332008839
22272,0.004937926772981882
22273,0.0046883560717105865
22274,0.005519476719200611
22275,0.00594756007194519
22276,0.004581531509757042
22277,0.00500568188726902
22278,0.00618486013263464
22279,0.005404704716056585
22280,0.0044570667669177055
22281,0.004260227084159851
22282,0.005081459414213896
22283,0.004588300362229347
22284,0.00454563507810235
22285,0.004591017961502075
22286,0.0056111179292202
22287,0.005134133156388998
22288,0.004548795521259308
22289,0.005867277272045612
22290,0.004238746594637632
22291,0.005650677252560854
22292,0.005060401279479265
22293,0.004536532796919346
22294,0.004772700369358063
22295,0.004157944116741419
22296,0.005148360505700111
22297,0.004696383606642485
22298,0.005018128547817469
22299,0.005635691806674004
22300,0.005480437073856592
22301,0.005080456379801035
22302,0.005186669062823057
22303,0.004617458675056696
22304,0.004875065293163061
22305,0.004879611544311047
22306,0.005085599608719349
22307,0.0047523812390863895
22308,0.005343816243112087
22309,0.004992378409951925
22310,0.0057377866469323635
22311,0.004589610267430544
22312,0.004470281768590212
22313,0.004761904012411833
22314,0.0047254436649382114
22315,0.005627814680337906
22316,0.004419992677867413
22317,0.00489818025380373
22318,0.005385247990489006
22319,0.004699022974818945
22320,0.004730205982923508
22321,0.005311317276209593
22322,0.005472941789776087
22323,0.005169117823243141
22324,0.005037488881498575
22325,0.005319460295140743
22326,0.004967608489096165
22327,0.006322168279439211
22328,0.005119753070175648
22329,0.0047735897824168205
22330,0.004793041385710239
22331,0.005345082841813564
22332,0.005214847158640623
22333,0.004572540055960417
22334,0.00519934669137001
22335,0.0045682815834879875
22336,0.00507124001160264
22337,0.00470714271068573
22338,0.005340145900845528
22339,0.004197829868644476
22340,0.0045895748771727085
22341,0.004700365476310253
22342,0.00535759050399065
22343,0.005190741270780563
22344,0.0053948028944432735
22345,0.005011631175875664
22346,0.004693437367677689
22347,0.005587639287114143
22348,0.004510417580604553
22349,0.004843309987336397
22350,0.005281392484903336
22351,0.004577541258186102
22352,0.004771379753947258
22353,0.00439034029841423
22354,0.004664408043026924
22355,0.005004520062357187
22356,0.005568245425820351
22357,0.00580520648509264
22358,0.004556580912321806
22359,0.0043920245952904224
22360,0.004779689945280552
22361,0.004776344634592533
22362,0.00515351677313447
22363,0.005537242162972689
22364,0.005173984449356794
22365,0.00470622256398201
22366,0.005115115083754063
22367,0.0046532959677278996
22368,0.004489397630095482
22369,0.005479557905346155
22370,0.004943368956446648
22371,0.005198750179260969
22372,0.004690621513873339
22373,0.004577517043799162
22374,0.004428997170180082
22375,0.005322426091879606
22376,0.0051946379244327545
22377,0.0044191391207277775
22378,0.0056069944985210896
22379,0.004765027668327093
22380,0.004671802278608084
22381,0.0038659442216157913
22382,0.005016896408051252
22383,0.0050374967977404594
22384,0.004938097205013037
22385,0.004502230789512396
22386,0.004822887480258942
22387,0.0059932442381978035
22388,0.0047871447168290615
22389,0.0049799969419837
22390,0.005800141021609306
22391,0.004675127100199461
22392,0.005391687620431185
22393,0.0046834200620651245
22394,0.004973616451025009
22395,0.00466421153396368
22396,0.005012308247387409
22397,0.005028316751122475
22398,0.005147432442754507
22399,0.004741045646369457
22400,0.004958696197718382
22401,0.004613151773810387
22402,0.005280826706439257
22403,0.005418842658400536
22404,0.005377550143748522
22405,0.004325124900788069
22406,0.004391871392726898
22407,0.004920218605548143
22408,0.005575298331677914
22409,0.005534925498068333
22410,0.005287121515721083
22411,0.005743412300944328
22412,0.00509846955537796
22413,0.004809074569493532
22414,0.005405941046774387
22415,0.004323726519942284
22416,0.0048852963373064995
22417,0.005158960819244385
22418,0.0043256147764623165
22419,0.005427083931863308
22420,0.005033192690461874
22421,0.004714673385024071
22422,0.004637078382074833
22423,0.005836532451212406
22424,0.004260160960257053
22425,0.004690362606197596
22426,0.005204533226788044
22427,0.004329163581132889
22428,0.004402447026222944
22429,0.00556025467813015
22430,0.00450165243819356
22431,0.00488270865753293
22432,0.004756029695272446
22433,0.005270781926810741
22434,0.005685762036591768
22435,0.006028010975569487
22436,0.0057161347940564156
22437,0.00489199860021472
22438,0.00529349222779274
22439,0.0045869005843997
22440,0.00447959965094924
22441,0.004933791700750589
22442,0.004351174924522638
22443,0.005134405568242073
22444,0.005253169685602188
22445,0.004701397847384214
22446,0.005060918629169464
22447,0.005565338768064976
22448,0.004519435577094555
22449,0.005059972405433655
22450,0.005929978098720312
22451,0.004227613564580679
22452,0.004940735176205635
22453,0.004117575474083424
22454,0.0047936695627868176
22455,0.004538611508905888
22456,0.005491334013640881
22457,0.004819015972316265
22458,0.004938005469739437
22459,0.004518473520874977
22460,0.005075004883110523
22461,0.00525351706892252
22462,0.005351236090064049
22463,0.0055159046314656734
22464,0.004252142738550901
22465,0.004625753965228796
22466,0.004533474799245596
22467,0.005116050597280264
22468,0.004784093704074621
22469,0.004410016816109419
22470,0.004796696361154318
22471,0.005002263002097607
22472,0.004704041872173548
22473,0.004618706647306681
22474,0.004537343978881836
22475,0.005061930976808071
22476,0.004529271740466356
22477,0.0048322053626179695
22478,0.0043513658456504345
22479,0.005181956570595503
22480,0.004469254054129124
22481,0.004979712888598442
22482,0.0043375128880143166
22483,0.004444804973900318
22484,0.005396090913563967
22485,0.0043497029691934586
22486,0.004210688639432192
22487,0.004530234262347221
22488,0.004654730204492807
22489,0.00475254887714982
22490,0.0051323603838682175
22491,0.004462664481252432
22492,0.005013922229409218
22493,0.004610066767781973
22494,0.005248817149549723
22495,0.004507654346525669
22496,0.0046025835908949375
22497,0.00458496855571866
22498,0.00515354098752141
22499,0.0054601868614554405
22500,0.004444824066013098
22501,0.00517849950119853
22502,0.004723148886114359
22503,0.0043489933013916016
22504,0.005332420580089092
22505,0.005141240078955889
22506,0.005470979958772659
22507,0.0041395616717636585
22508,0.005020858719944954
22509,0.005198161117732525
22510,0.004321708809584379
22511,0.005253457464277744
22512,0.004442767705768347
22513,0.004790209699422121
22514,0.005058188922703266
22515,0.005132474470883608
22516,0.0046259621158242226
22517,0.005483882036060095
22518,0.004930338356643915
22519,0.005347835831344128
22520,0.004934004042297602
22521,0.004923446569591761
22522,0.005301167257130146
22523,0.005409597419202328
22524,0.005054868757724762
22525,0.005430225748568773
22526,0.0054430668242275715
22527,0.004247718024998903
22528,0.0049759321846067905
22529,0.004510370548814535
22530,0.004926898051053286
22531,0.005522692576050758
22532,0.0049991062842309475
22533,0.004987046588212252
22534,0.005005306098610163
22535,0.004979662597179413
22536,0.005102561321109533
22537,0.005063263699412346
22538,0.0052556307055056095
22539,0.004301443230360746
22540,0.005409620702266693
22541,0.004514162428677082
22542,0.0044960579834878445
22543,0.0038534775376319885
22544,0.005255905445665121
22545,0.004949870985001326
22546,0.00483743567019701
22547,0.004586439114063978
22548,0.004688869696110487
22549,0.004336651414632797
22550,0.005176585167646408
22551,0.005105203948915005
22552,0.004791417624801397
22553,0.004967218730598688
22554,0.004291448276489973
22555,0.004611758980900049
22556,0.004020232707262039
22557,0.004514018073678017
22558,0.004904818721115589
22559,0.005324806552380323
22560,0.005077512934803963
22561,0.0053037903271615505
22562,0.004717017989605665
22563,0.005370109807699919
22564,0.005999550689011812
22565,0.004488362930715084
22566,0.004575573373585939
22567,0.0048668780364096165
22568,0.004888505209237337
22569,0.005348870065063238
22570,0.004440803546458483
22571,0.004748384468257427
22572,0.0047650947235524654
22573,0.004482288844883442
22574,0.005057666916400194
22575,0.004904152359813452
22576,0.004533846862614155
22577,0.005475237499922514
22578,0.0055302102118730545
22579,0.0053007034584879875
22580,0.005289354827255011
22581,0.004480600357055664
22582,0.0047670998610556126
22583,0.004521432798355818
22584,0.00523408642038703
22585,0.005278846714645624
22586,0.0042925067245960236
22587,0.0049122171476483345
22588,0.005581232253462076
22589,0.004850747063755989
22590,0.005482190288603306
22591,0.005245296750217676
22592,0.004249664023518562
22593,0.004858530126512051
22594,0.004796834662556648
22595,0.004535609390586615
22596,0.005069125443696976
22597,0.005126475356519222
22598,0.004818703979253769
22599,0.004822858143597841
22600,0.005227511283010244
22601,0.0048725963570177555
22602,0.004782964941114187
22603,0.004759603179991245
22604,0.004810910206288099
22605,0.005230937153100967
22606,0.004802139475941658
22607,0.00516276340931654
22608,0.004519057460129261
22609,0.0049896943382918835
22610,0.004021533764898777
22611,0.004625577013939619
22612,0.005109034013003111
22613,0.0049657016061246395
22614,0.005291108973324299
22615,0.004671459086239338
22616,0.005134693346917629
22617,0.0052511733956635
22618,0.004581878427416086
22619,0.005287188105285168
22620,0.004861063789576292
22621,0.004984251689165831
22622,0.005180906038731337
22623,0.005255774594843388
22624,0.0043577635660767555
22625,0.005704317707568407
22626,0.005005549639463425
22627,0.004378047306090593
22628,0.005256267264485359
22629,0.005146223120391369
22630,0.00459036510437727
22631,0.004597681108862162
22632,0.004897857550531626
22633,0.004686479922384024
22634,0.005491647403687239
22635,0.0057915691286325455
22636,0.0045652543194592
22637,0.005292276851832867
22638,0.004456333816051483
22639,0.005720342509448528
22640,0.004447756800800562
22641,0.005545681342482567
22642,0.005376303102821112
22643,0.004643640480935574
22644,0.00486779073253274
22645,0.005176160484552383
22646,0.004917284473776817
22647,0.005108326207846403
22648,0.00534607470035553
22649,0.004651459399610758
22650,0.004925189074128866
22651,0.004784965887665749
22652,0.00459746690467
22653,0.00522084953263402
22654,0.0048409728333354
22655,0.004380920436233282
22656,0.0045635392889380455
22657,0.005259154364466667
22658,0.006226394325494766
22659,0.005360032431781292
22660,0.005354615859687328
22661,0.005500448867678642
22662,0.005514569580554962
22663,0.005695956293493509
22664,0.00517676118761301
22665,0.005733379162847996
22666,0.005757453385740519
22667,0.004861646797508001
22668,0.004762927535921335
22669,0.005376421846449375
22670,0.004129144363105297
22671,0.004911789670586586
22672,0.004579363390803337
22673,0.0054338229820132256
22674,0.005285102408379316
22675,0.005476732272654772
22676,0.004878032952547073
22677,0.005243645049631596
22678,0.004927752539515495
22679,0.005160702858120203
22680,0.004904063418507576
22681,0.004536299500614405
22682,0.0053530409932136536
22683,0.004876411985605955
22684,0.005253865849226713
22685,0.0051427194848656654
22686,0.00436769612133503
22687,0.005316725466400385
22688,0.004972047172486782
22689,0.0046461280435323715
22690,0.004822598770260811
22691,0.005057590547949076
22692,0.004524006973952055
22693,0.005104930605739355
22694,0.005544689949601889
22695,0.004846308380365372
22696,0.005011837929487228
22697,0.004798944108188152
22698,0.004631535615772009
22699,0.004514920990914106
22700,0.0046575721353292465
22701,0.004902497865259647
22702,0.004760329145938158
22703,0.00498979864642024
22704,0.004550499375909567
22705,0.004776425659656525
22706,0.00524259964004159
22707,0.005029290448874235
22708,0.00425464753061533
22709,0.005171527620404959
22710,0.0057101803831756115
22711,0.004999222699552774
22712,0.005249041598290205
22713,0.005300368648022413
22714,0.004813884850591421
22715,0.004783195443451405
22716,0.004846158437430859
22717,0.005333541892468929
22718,0.0048276144079864025
22719,0.004753889050334692
22720,0.004848688840866089
22721,0.0057662492617964745
22722,0.005598932038992643
22723,0.00444515235722065
22724,0.004831377882510424
22725,0.004555350635200739
22726,0.005624126177281141
22727,0.004782832693308592
22728,0.005160363856703043
22729,0.0047750393860042095
22730,0.0047649480402469635
22731,0.004624518100172281
22732,0.004879811313003302
22733,0.005083272233605385
22734,0.005038942210376263
22735,0.004752296954393387
22736,0.005278510041534901
22737,0.005225192289799452
22738,0.0044745649211108685
22739,0.005088516511023045
22740,0.0041084508411586285
22741,0.005903349258005619
22742,0.004251040052622557
22743,0.004414538852870464
22744,0.004992113448679447
22745,0.005290580447763205
22746,0.004678590688854456
22747,0.00449924124404788
22748,0.004682886879891157
22749,0.005186409689486027
22750,0.005480452440679073
22751,0.00518801948055625
22752,0.0048504481092095375
22753,0.005501022562384605
22754,0.004917697049677372
22755,0.004892979748547077
22756,0.005543895531445742
22757,0.004789459984749556
22758,0.005139429122209549
22759,0.004770023748278618
22760,0.005015106871724129
22761,0.0054906513541936874
22762,0.004674033261835575
22763,0.005127797368913889
22764,0.005147624760866165
22765,0.00556614575907588
22766,0.0048561105504632
22767,0.004644027911126614
22768,0.00478043407201767
22769,0.005991911515593529
22770,0.005187550559639931
22771,0.0056193494237959385
22772,0.005117939785122871
22773,0.004367185290902853
22774,0.004584127105772495
22775,0.00466885743662715
22776,0.005403956864029169
22777,0.004957540426403284
22778,0.005128223914653063
22779,0.0054800487123429775
22780,0.004836453590542078
22781,0.004422022961080074
22782,0.004387493710964918
22783,0.004736864939332008
22784,0.005610768683254719
22785,0.004932813346385956
22786,0.005013550166040659
22787,0.004763789474964142
22788,0.004905013367533684
22789,0.0051363143138587475
22790,0.00455070985481143
22791,0.004989024717360735
22792,0.004895164165645838
22793,0.005997949745506048
22794,0.004619571380317211
22795,0.005210390314459801
22796,0.004627807531505823
22797,0.005234794225543737
22798,0.005380434449762106
22799,0.0048026032745838165
22800,0.0060579050332307816
22801,0.004701763857156038
22802,0.0042257895693182945
22803,0.005214178469032049
22804,0.005000720266252756
22805,0.005095005035400391
22806,0.005233367905020714
22807,0.0046959202736616135
22808,0.004383496940135956
22809,0.005133907310664654
22810,0.004641804378479719
22811,0.005432911217212677
22812,0.005575040355324745
22813,0.004166759084910154
22814,0.004709431901574135
22815,0.005350432358682156
22816,0.00495088892057538
22817,0.00470940163359046
22818,0.005744133610278368
22819,0.004810282960534096
22820,0.005336258094757795
22821,0.00552924582734704
22822,0.005228919442743063
22823,0.004220851231366396
22824,0.00511535257101059
22825,0.005122687201946974
22826,0.0047583067789673805
22827,0.004859880544245243
22828,0.004341716878116131
22829,0.004810485057532787
22830,0.004028616938740015
22831,0.0047364686615765095
22832,0.005398483946919441
22833,0.00469199800863862
22834,0.004905779380351305
22835,0.00455470010638237
22836,0.005098132882267237
22837,0.005301040131598711
22838,0.004820566624403
22839,0.004594606813043356
22840,0.005444019101560116
22841,0.005057085771113634
22842,0.0051291463896632195
22843,0.005003268364816904
22844,0.005358646158128977
22845,0.0047339461743831635
22846,0.005278062541037798
22847,0.005083268042653799
22848,0.0048148492351174355
22849,0.005497202277183533
22850,0.004429598804563284
22851,0.004456984810531139
22852,0.004492808133363724
22853,0.005530712194740772
22854,0.004990956746041775
22855,0.004887840710580349
22856,0.005357144400477409
22857,0.004816562402993441
22858,0.004482591059058905
22859,0.0057572596706449986
22860,0.0048361108638346195
22861,0.004391067661345005
22862,0.004189012572169304
22863,0.005125232040882111
22864,0.0050086043775081635
22865,0.00426459452137351
22866,0.004708766005933285
22867,0.0049244496040046215
22868,0.004611633252352476
22869,0.0057701230980455875
22870,0.005032090470194817
22871,0.005340819247066975
22872,0.004746635444462299
22873,0.0049201915971934795
22874,0.005486761219799519
22875,0.005473964381963015
22876,0.00493380194529891
22877,0.004704483784735203
22878,0.004953320138156414
22879,0.005110152531415224
22880,0.004619445651769638
22881,0.004893852397799492
22882,0.004863993730396032
22883,0.00572876026853919
22884,0.00562091963365674
22885,0.004448552615940571
22886,0.00481638265773654
22887,0.005435897037386894
22888,0.00580752594396472
22889,0.0044733742251992226
22890,0.004550151526927948
22891,0.005691165570169687
22892,0.004396616481244564
22893,0.004611000884324312
22894,0.005084859672933817
22895,0.004599947016686201
22896,0.005087003577500582
22897,0.00461810827255249
22898,0.004743775352835655
22899,0.005205413792282343
22900,0.004977818578481674
22901,0.00529969809576869
22902,0.005088838282972574
22903,0.004367702174931765
22904,0.00450071832165122
22905,0.005266749300062656
22906,0.005215656943619251
22907,0.005139096174389124
22908,0.004163139965385199
22909,0.005369401536881924
22910,0.005039732903242111
22911,0.00489506870508194
22912,0.005091555882245302
22913,0.004135048016905785
22914,0.005401338916271925
22915,0.004924692679196596
22916,0.005118146073073149
22917,0.00518483342602849
22918,0.005213016644120216
22919,0.004464735276997089
22920,0.004952233750373125
22921,0.0043738954700529575
22922,0.004743460565805435
22923,0.004270619247108698
22924,0.0047953263856470585
22925,0.004760415758937597
22926,0.004613226279616356
22927,0.0049496120773255825
22928,0.005136615131050348
22929,0.004384052008390427
22930,0.004590700380504131
22931,0.005220300983637571
22932,0.004608589690178633
22933,0.0049204439856112
22934,0.0048894817009568214
22935,0.004684578627347946
22936,0.004469042178243399
22937,0.005579410586506128
22938,0.004645723849534988
22939,0.005067930091172457
22940,0.004468582104891539
22941,0.005263510625809431
22942,0.004562182817608118
22943,0.004310871474444866
22944,0.004389915149658918
22945,0.0046941014006733894
22946,0.004772738553583622
22947,0.00474175438284874
22948,0.005200587213039398
22949,0.004953943192958832
22950,0.005162965506315231
22951,0.005110220983624458
22952,0.005936921574175358
22953,0.004593067802488804
22954,0.004253962077200413
22955,0.004972313996404409
22956,0.006056066136807203
22957,0.00542339077219367
22958,0.004902754444628954
22959,0.005347690545022488
22960,0.0047731040976941586
22961,0.004989885725080967
22962,0.004682152532041073
22963,0.0048215133138000965
22964,0.004958783276379108
22965,0.004488716833293438
22966,0.0049504912458360195
22967,0.004351213574409485
22968,0.005775843746960163
22969,0.0045883734710514545
22970,0.005784409586340189
22971,0.005121615715324879
22972,0.004863628186285496
22973,0.00461443280801177
22974,0.004753101617097855
22975,0.0049002389423549175
22976,0.004750080872327089
22977,0.005298696458339691
22978,0.005471891723573208
22979,0.004238900728523731
22980,0.0054933358915150166
22981,0.005033622495830059
22982,0.005129500292241573
22983,0.004958189092576504
22984,0.004279185552150011
22985,0.005476204678416252
22986,0.005598788149654865
22987,0.005102902185171843
22988,0.005435063038021326
22989,0.004882763139903545
22990,0.005392531398683786
22991,0.00480158906430006
22992,0.005121823400259018
22993,0.005171955097466707
22994,0.004171035252511501
22995,0.005101208109408617
22996,0.004763588774949312
22997,0.004304466303437948
22998,0.005735077895224094
22999,0.004754177760332823
23000,0.005074483808130026
23001,0.004278466105461121
23002,0.0048388526774942875
23003,0.005416046362370253
23004,0.0054590171203017235
23005,0.004847805481404066
23006,0.005002912599593401
23007,0.004778209608048201
23008,0.0053998627699911594
23009,0.004359585233032703
23010,0.005206844303756952
23011,0.0039987568743526936
23012,0.004959448240697384
23013,0.00477571738883853
23014,0.004041365813463926
23015,0.005585084669291973
23016,0.004875228274613619
23017,0.0047720349393785
23018,0.005092239938676357
23019,0.0050786989741027355
23020,0.004560643807053566
23021,0.005071806721389294
23022,0.004821223672479391
23023,0.004473318811506033
23024,0.004972116556018591
23025,0.0051456959918141365
23026,0.005834318231791258
23027,0.004736729897558689
23028,0.004897459410130978
23029,0.004583724308758974
23030,0.005184818059206009
23031,0.005335724446922541
23032,0.005167750176042318
23033,0.0048197549767792225
23034,0.004630751442164183
23035,0.004500566981732845
23036,0.005644898861646652
23037,0.004937229212373495
23038,0.005309974774718285
23039,0.0043426621705293655
23040,0.00539743434637785
23041,0.005200371611863375
23042,0.005481066647917032
23043,0.005608500447124243
23044,0.005256811622530222
23045,0.0043894764967262745
23046,0.005099146626889706
23047,0.005056822206825018
23048,0.004667585715651512
23049,0.004808034282177687
23050,0.004847032018005848
23051,0.0049691288731992245
23052,0.004613215569406748
23053,0.005947491154074669
23054,0.005619286559522152
23055,0.004802269861102104
23056,0.0050704688765108585
23057,0.005118588451296091
23058,0.0052298568189144135
23059,0.005324001424014568
23060,0.004516460932791233
23061,0.005211489275097847
23062,0.005139417015016079
23063,0.004907036665827036
23064,0.003943820483982563
23065,0.005091666243970394
23066,0.004581813234835863
23067,0.0048170131631195545
23068,0.0050080399960279465
23069,0.004654820542782545
23070,0.004231329541653395
23071,0.004495920147746801
23072,0.004927230533212423
23073,0.0043982877396047115
23074,0.004689015448093414
23075,0.005391655024141073
23076,0.005051562562584877
23077,0.00502413883805275
23078,0.005414479412138462
23079,0.005242477636784315
23080,0.0045830183662474155
23081,0.005023816134780645
23082,0.005193944554775953
23083,0.0052094184793531895
23084,0.004911409690976143
23085,0.004975292831659317
23086,0.005498368758708239
23087,0.005017125513404608
23088,0.004475742112845182
23089,0.004530421923846006
23090,0.004837385844439268
23091,0.005744851194322109
23092,0.005076938308775425
23093,0.005030965898185968
23094,0.0042153713293373585
23095,0.005056241527199745
23096,0.004781689029186964
23097,0.0046318224631249905
23098,0.005956715438514948
23099,0.005368123296648264
23100,0.005150309298187494
23101,0.00450939079746604
23102,0.004961939994245768
23103,0.0048775761388242245
23104,0.0053451647982001305
23105,0.004426444880664349
23106,0.0056696427054703236
23107,0.005158672109246254
23108,0.00431639002636075
23109,0.0049701351672410965
23110,0.005929381586611271
23111,0.004880474880337715
23112,0.005005413666367531
23113,0.00468456232920289
23114,0.0053387475199997425
23115,0.005311747547239065
23116,0.004388079512864351
23117,0.005370974075049162
23118,0.005068296100944281
23119,0.003928222693502903
23120,0.005363056901842356
23121,0.005093474872410297
23122,0.004368833266198635
23123,0.005123156122863293
23124,0.00604213448241353
23125,0.005071049556136131
23126,0.005027439910918474
23127,0.005033510737121105
23128,0.004968990106135607
23129,0.005660710856318474
23130,0.005237616132944822
23131,0.004816759843379259
23132,0.004434689413756132
23133,0.0041624135337769985
23134,0.004625736735761166
23135,0.0053668031468987465
23136,0.005069163627922535
23137,0.005282238125801086
23138,0.004923620726913214
23139,0.004417682532221079
23140,0.005079050548374653
23141,0.005211696494370699
23142,0.005136215128004551
23143,0.005094778258353472
23144,0.005157984793186188
23145,0.00500557292252779
23146,0.0045871431939303875
23147,0.005591168999671936
23148,0.005116105079650879
23149,0.0050210291519761086
23150,0.005432015750557184
23151,0.0053611877374351025
23152,0.004340698942542076
23153,0.005508957430720329
23154,0.004540862515568733
23155,0.004983534570783377
23156,0.004426522180438042
23157,0.0050604864954948425
23158,0.004297817591577768
23159,0.00469321571290493
23160,0.00518097123131156
23161,0.0047415937297046185
23162,0.004361391067504883
23163,0.005202884785830975
23164,0.00429935660213232
23165,0.0044628349132835865
23166,0.004986229352653027
23167,0.004654435440897942
23168,0.005625964608043432
23169,0.0054237633012235165
23170,0.004501559771597385
23171,0.005223541986197233
23172,0.004461202770471573
23173,0.0053232284262776375
23174,0.004296936560422182
23175,0.005093431565910578
23176,0.005069384817034006
23177,0.0054807523265480995
23178,0.004840224515646696
23179,0.005235663615167141
23180,0.004972141236066818
23181,0.004210289102047682
23182,0.004759168718010187
23183,0.004468429833650589
23184,0.0047745234332978725
23185,0.004968625493347645
23186,0.005305100232362747
23187,0.004573565907776356
23188,0.0046656494960188866
23189,0.00492849200963974
23190,0.005313342437148094
23191,0.004997910000383854
23192,0.004678134340792894
23193,0.004630091600120068
23194,0.004893561825156212
23195,0.004866616800427437
23196,0.005260702222585678
23197,0.004894518293440342
23198,0.006210504099726677
23199,0.005236298311501741
23200,0.004914761055260897
23201,0.004621332976967096
23202,0.004575236234813929
23203,0.0052521792240440845
23204,0.005330304149538279
23205,0.0049099791795015335
23206,0.004866438452154398
23207,0.0048048170283436775
23208,0.004913690034300089
23209,0.005809057038277388
23210,0.004899661056697369
23211,0.0046911705285310745
23212,0.005068581085652113
23213,0.005828001070767641
23214,0.00550047354772687
23215,0.004883756395429373
23216,0.004571869503706694
23217,0.0055135320872068405
23218,0.005024014972150326
23219,0.004705549217760563
23220,0.005067747086286545
23221,0.005548849236220121
23222,0.005339288618415594
23223,0.004100348800420761
23224,0.00433884235098958
23225,0.005267757456749678
23226,0.004835410509258509
23227,0.005221155937761068
23228,0.00442877784371376
23229,0.004429086577147245
23230,0.004879721440374851
23231,0.004733857698738575
23232,0.004835333675146103
23233,0.004999259486794472
23234,0.005181923508644104
23235,0.00459681311622262
23236,0.005232243333011866
23237,0.00439180014654994
23238,0.005019166972488165
23239,0.005114199593663216
23240,0.005332954227924347
23241,0.004609663039445877
23242,0.004798581823706627
23243,0.005225417669862509
23244,0.0045251199044287205
23245,0.0050062681548297405
23246,0.004886494483798742
23247,0.00497842812910676
23248,0.005160817410796881
23249,0.004724870435893536
23250,0.004807225428521633
23251,0.004449023865163326
23252,0.004593402612954378
23253,0.005665384698659182
23254,0.004678032826632261
23255,0.00458848150447011
23256,0.005286684725433588
23257,0.005463617853820324
23258,0.005014651454985142
23259,0.00458135548979044
23260,0.004468726925551891
23261,0.005201303865760565
23262,0.005672893021255732
23263,0.004961350932717323
23264,0.005582705605775118
23265,0.005406897980719805
23266,0.00449228473007679
23267,0.0044434950686991215
23268,0.004081090446561575
23269,0.005719903390854597
23270,0.004969963803887367
23271,0.004905916750431061
23272,0.004722900688648224
23273,0.004729926586151123
23274,0.005160418804734945
23275,0.004589552991092205
23276,0.0051065897569060326
23277,0.005008431151509285
23278,0.0055491141974925995
23279,0.004280518740415573
23280,0.0052853478118777275
23281,0.005124764516949654
23282,0.004411076661199331
23283,0.00433047441765666
23284,0.005053389817476273
23285,0.005488951224833727
23286,0.005076434928923845
23287,0.004792971070855856
23288,0.004907418508082628
23289,0.005347616504877806
23290,0.004299140069633722
23291,0.005172808654606342
23292,0.004908874165266752
23293,0.00508074602112174
23294,0.005364108365029097
23295,0.005179075989872217
23296,0.0057183983735740185
23297,0.004583033733069897
23298,0.005504728760570288
23299,0.004922913387417793
23300,0.0051656155847013
23301,0.00558008486405015
23302,0.004812964238226414
23303,0.004992116242647171
23304,0.004629181697964668
23305,0.004907780792564154
23306,0.004962427541613579
23307,0.005251757334917784
23308,0.005222152452915907
23309,0.004943565931171179
23310,0.005466039292514324
23311,0.004941591527312994
23312,0.005298531614243984
23313,0.005316996946930885
23314,0.004920343868434429
23315,0.004660529084503651
23316,0.004626533482223749
23317,0.005130031146109104
23318,0.004058878868818283
23319,0.004673961084336042
23320,0.0052962168119847775
23321,0.004654656630009413
23322,0.00503475870937109
23323,0.0052857110276818275
23324,0.004850189667195082
23325,0.004945207387208939
23326,0.004852768499404192
23327,0.004850365221500397
23328,0.005496401805430651
23329,0.005448969546705484
23330,0.004366823006421328
23331,0.0046890657395124435
23332,0.004546409472823143
23333,0.004611651878803968
23334,0.00539654865860939
23335,0.005564042832702398
23336,0.004318172577768564
23337,0.004877662751823664
23338,0.004339367616921663
23339,0.0047910334542393684
23340,0.004101133905351162
23341,0.005286663305014372
23342,0.005257654469460249
23343,0.004963244311511517
23344,0.0046561099588871
23345,0.004312401637434959
23346,0.004904414061456919
23347,0.005029953550547361
23348,0.004701431840658188
23349,0.004933125339448452
23350,0.0053298757411539555
23351,0.004931704141199589
23352,0.004920747596770525
23353,0.005396493244916201
23354,0.004608842544257641
23355,0.004648814909160137
23356,0.0045450483448803425
23357,0.005310575477778912
23358,0.004844177979975939
23359,0.0047967457212507725
23360,0.004736903123557568
23361,0.004518584348261356
23362,0.00504375109449029
23363,0.005323048215359449
23364,0.0049087791703641415
23365,0.004979238845407963
23366,0.004919381346553564
23367,0.004627004731446505
23368,0.0054861437529325485
23369,0.005268776789307594
23370,0.005413924343883991
23371,0.004908508155494928
23372,0.004811867140233517
23373,0.006273014470934868
23374,0.005021728575229645
23375,0.005105794407427311
23376,0.004512100946158171
23377,0.005801103543490171
23378,0.004734021611511707
23379,0.005662879906594753
23380,0.004791673272848129
23381,0.0047249943017959595
23382,0.004724482540041208
23383,0.004867520648986101
23384,0.005144219379872084
23385,0.0048516253009438515
23386,0.004670380614697933
23387,0.00537406001240015
23388,0.004534903448075056
23389,0.004791042301803827
23390,0.005449951160699129
23391,0.00400142464786768
23392,0.004708420019596815
23393,0.00609175069257617
23394,0.005004766397178173
23395,0.004984586033970118
23396,0.004774050787091255
23397,0.004714794922620058
23398,0.004772219341248274
23399,0.004941030405461788
23400,0.0049093603156507015
23401,0.004403522703796625
23402,0.005252006463706493
23403,0.00441150413826108
23404,0.005970407277345657
23405,0.005873753689229488
23406,0.005027406383305788
23407,0.004857552237808704
23408,0.00474271085113287
23409,0.0051614874973893166
23410,0.0045144096948206425
23411,0.0055402107536792755
23412,0.005186546128243208
23413,0.00512964092195034
23414,0.004874351434409618
23415,0.00437504518777132
23416,0.005643412936478853
23417,0.004297669976949692
23418,0.005183537490665913
23419,0.004982051905244589
23420,0.0050214496441185474
23421,0.005179592873901129
23422,0.004039464518427849
23423,0.0045629688538610935
23424,0.004105268977582455
23425,0.005191456060856581
23426,0.00517856003716588
23427,0.004644157364964485
23428,0.004834865685552359
23429,0.004847124684602022
23430,0.004872726742178202
23431,0.005405676085501909
23432,0.0047905645333230495
23433,0.005067098885774612
23434,0.004570833407342434
23435,0.00523839145898819
23436,0.005104344803839922
23437,0.004870966076850891
23438,0.004524394869804382
23439,0.005685779266059399
23440,0.005140604451298714
23441,0.004378654528409243
23442,0.00514612253755331
23443,0.005210191011428833
23444,0.004667557775974274
23445,0.005886385217308998
23446,0.005427888128906488
23447,0.005376146640628576
23448,0.005216420628130436
23449,0.005076519213616848
23450,0.004626525100320578
23451,0.0046133678406476974
23452,0.005323235876858234
23453,0.005331910215318203
23454,0.004957939963787794
23455,0.004853212274610996
23456,0.005344548262655735
23457,0.004553771112114191
23458,0.005367014557123184
23459,0.003806850640103221
23460,0.0051610893569886684
23461,0.005649895872920752
23462,0.005473969969898462
23463,0.0050252145156264305
23464,0.004918465856462717
23465,0.00485560018569231
23466,0.004221152979880571
23467,0.004395788069814444
23468,0.005272280424833298
23469,0.0048444438725709915
23470,0.0045473938807845116
23471,0.004967736545950174
23472,0.004460545722395182
23473,0.00500949053093791
23474,0.004772431682795286
23475,0.0056279441341757774
23476,0.004747821483761072
23477,0.004675912670791149
23478,0.005118795204907656
23479,0.0053762830793857574
23480,0.004653435666114092
23481,0.0049877162091434
23482,0.005434893071651459
23483,0.00544465146958828
23484,0.004694835282862186
23485,0.004943880718201399
23486,0.0055959285236895084
23487,0.004970256704837084
23488,0.005702277645468712
23489,0.005542525555938482
23490,0.004284301307052374
23491,0.005177889484912157
23492,0.005128355231136084
23493,0.004345650319010019
23494,0.004809926729649305
23495,0.0051672812551259995
23496,0.004397547338157892
23497,0.004376034252345562
23498,0.005015287082642317
23499,0.0053171925246715546
23500,0.00482952082529664
23501,0.004686921369284391
23502,0.005102225579321384
23503,0.005647823214530945
23504,0.005309803877025843
23505,0.004864290822297335
23506,0.004871608689427376
23507,0.005503726191818714
23508,0.004933955147862434
23509,0.005030162166804075
23510,0.004643001593649387
23511,0.005445037968456745
23512,0.0047738561406731606
23513,0.005421277601271868
23514,0.00507930014282465
23515,0.004948021844029427
23516,0.00443459115922451
23517,0.005049095023423433
23518,0.0055653247982263565
23519,0.00461276900023222
23520,0.00537819042801857
23521,0.004889983683824539
23522,0.00460525369271636
23523,0.0051948875188827515
23524,0.005544449668377638
23525,0.004733354318886995
23526,0.0044518886134028435
23527,0.0054596238769590855
23528,0.0049943020567297935
23529,0.005660052411258221
23530,0.0045929416082799435
23531,0.005081044510006905
23532,0.0049348552711308
23533,0.004927965346723795
23534,0.005268337670713663
23535,0.004887462127953768
23536,0.0061315009370446205
23537,0.004859228618443012
23538,0.0054740896448493
23539,0.004857142921537161
23540,0.005287834443151951
23541,0.004915886092931032
23542,0.0046476745046675205
23543,0.004720975179225206
23544,0.004579317755997181
23545,0.005156268831342459
23546,0.004738508723676205
23547,0.0056592426262795925
23548,0.005258254241198301
23549,0.005477780941873789
23550,0.004534401465207338
23551,0.004637441132217646
23552,0.0050204754807055
23553,0.004893265198916197
23554,0.004832783713936806
23555,0.0049027022905647755
23556,0.004751262720674276
23557,0.005281430669128895
23558,0.0046939244493842125
23559,0.005220847204327583
23560,0.004616808146238327
23561,0.004856632556766272
23562,0.005272467155009508
23563,0.005003547761589289
23564,0.00546560762450099
23565,0.005324828904122114
23566,0.004915511701256037
23567,0.005160163622349501
23568,0.004789694678038359
23569,0.004726768936961889
23570,0.004758107475936413
23571,0.005079871974885464
23572,0.005485641770064831
23573,0.00469613540917635
23574,0.005227774381637573
23575,0.004968547262251377
23576,0.005265833809971809
23577,0.005457358434796333
23578,0.004724505823105574
23579,0.004822867922484875
23580,0.00482379412278533
23581,0.004688392858952284
23582,0.0055351946502923965
23583,0.005028048064559698
23584,0.0042227222584187984
23585,0.005000255070626736
23586,0.005736361723393202
23587,0.005017138551920652
23588,0.004778846632689238
23589,0.005172082222998142
23590,0.005230980459600687
23591,0.00523641612380743
23592,0.00534168491140008
23593,0.0047728875651955605
23594,0.004589279182255268
23595,0.005271459463983774
23596,0.004822046495974064
23597,0.004989221692085266
23598,0.00484769232571125
23599,0.004076979588717222
23600,0.0047334227710962296
23601,0.006052737589925528
23602,0.004712607245892286
23603,0.0047140950337052345
23604,0.005755568854510784
23605,0.004802698735147715
23606,0.005620706360787153
23607,0.005614933557808399
23608,0.004040534142404795
23609,0.005002951715141535
23610,0.004424305632710457
23611,0.004537669010460377
23612,0.004468081519007683
23613,0.005123871844261885
23614,0.005421052686870098
23615,0.005152870900928974
23616,0.0048667024821043015
23617,0.0046577476896345615
23618,0.004742697346955538
23619,0.005307834595441818
23620,0.004337501712143421
23621,0.004889277275651693
23622,0.005185215268284082
23623,0.004474955145269632
23624,0.004907719790935516
23625,0.005058332812041044
23626,0.0053657591342926025
23627,0.005764057859778404
23628,0.004510247148573399
23629,0.004953250754624605
23630,0.004534211475402117
23631,0.005477615166455507
23632,0.0054228100925683975
23633,0.005340085364878178
23634,0.005091807805001736
23635,0.004771074745804071
23636,0.005134943872690201
23637,0.004885100293904543
23638,0.005389342084527016
23639,0.0047990791499614716
23640,0.004371111746877432
23641,0.004427004139870405
23642,0.005570013076066971
23643,0.005914705339819193
23644,0.005166969262063503
23645,0.004767378326505423
23646,0.0048898388631641865
23647,0.005553852766752243
23648,0.00454506604000926
23649,0.005091859493404627
23650,0.00507188169285655
23651,0.00482856435701251
23652,0.004902332555502653
23653,0.00485710334032774
23654,0.0054768892005085945
23655,0.004919095896184444
23656,0.004967598244547844
23657,0.004742246121168137
23658,0.004630120936781168
23659,0.004370968323200941
23660,0.004460836295038462
23661,0.005691098980605602
23662,0.004861034918576479
23663,0.00476837158203125
23664,0.00515721645206213
23665,0.0047745006158947945
23666,0.004624329973012209
23667,0.004680437967181206
23668,0.0045385779812932014
23669,0.0045730420388281345
23670,0.004725604318082333
23671,0.005037386901676655
23672,0.0047471122816205025
23673,0.00443279417231679
23674,0.004980989266186953
23675,0.004962217062711716
23676,0.004734407644718885
23677,0.004984020255506039
23678,0.0051892343908548355
23679,0.004839450586587191
23680,0.004954156931489706
23681,0.004911567084491253
23682,0.004537809174507856
23683,0.005448711570352316
23684,0.005414609797298908
23685,0.004689579363912344
23686,0.005175135098397732
23687,0.004552286583930254
23688,0.004657587967813015
23689,0.005309182219207287
23690,0.004707301501184702
23691,0.005450929515063763
23692,0.0047239987179636955
23693,0.005141256842762232
23694,0.0043895915150642395
23695,0.004706994164735079
23696,0.0055145868100225925
23697,0.005065574310719967
23698,0.004758172668516636
23699,0.004567358642816544
23700,0.004832359030842781
23701,0.00531070027500391
23702,0.005201824940741062
23703,0.005054393317550421
23704,0.004982976242899895
23705,0.0041784378699958324
23706,0.005613050423562527
23707,0.005206289701163769
23708,0.005653179716318846
23709,0.004417659714818001
23710,0.004790579434484243
23711,0.004875474609434605
23712,0.00527498172596097
23713,0.004967458080500364
23714,0.005227040499448776
23715,0.005079415626823902
23716,0.0053464509546756744
23717,0.004700929392129183
23718,0.004531498998403549
23719,0.004225384443998337
23720,0.004715506918728352
23721,0.0044595105573534966
23722,0.004466176964342594
23723,0.004527875687927008
23724,0.004942290484905243
23725,0.004581754561513662
23726,0.004383921157568693
23727,0.004678667522966862
23728,0.0050149052403867245
23729,0.004689262714236975
23730,0.004537978675216436
23731,0.004409729037433863
23732,0.00514440331608057
23733,0.005734147969633341
23734,0.004879631567746401
23735,0.00543056707829237
23736,0.004529159050434828
23737,0.004573261830955744
23738,0.005023178644478321
23739,0.005307670682668686
23740,0.005560470744967461
23741,0.0043278904631733894
23742,0.0044637396931648254
23743,0.004328381735831499
23744,0.005006962455809116
23745,0.004535343032330275
23746,0.004154769238084555
23747,0.004821206443011761
23748,0.004503604024648666
23749,0.004718574695289135
23750,0.00468247476965189
23751,0.004923614673316479
23752,0.004633020143955946
23753,0.004746699705719948
23754,0.005573766306042671
23755,0.005100702401250601
23756,0.004877973347902298
23757,0.004708654712885618
23758,0.004625098314136267
23759,0.004416954703629017
23760,0.005139167886227369
23761,0.005052374675869942
23762,0.005404778756201267
23763,0.004678349941968918
23764,0.004886639770120382
23765,0.005589372478425503
23766,0.0047984980046749115
23767,0.004872346296906471
23768,0.005264751147478819
23769,0.004589569289237261
23770,0.0056508732959628105
23771,0.005131993908435106
23772,0.005072200670838356
23773,0.004756864160299301
23774,0.005033556837588549
23775,0.004684916697442532
23776,0.005593687761574984
23777,0.004894148092716932
23778,0.005107633303850889
23779,0.0048776124604046345
23780,0.005978025030344725
23781,0.0045571159571409225
23782,0.0045227911323308945
23783,0.004620450548827648
23784,0.0047181458212435246
23785,0.00485590286552906
23786,0.004427419044077396
23787,0.004284575115889311
23788,0.005576814990490675
23789,0.004934468772262335
23790,0.004679354373365641
23791,0.004521793685853481
23792,0.004457718227058649
23793,0.00453002518042922
23794,0.005424123723059893
23795,0.005137690808624029
23796,0.004479271825402975
23797,0.004653517156839371
23798,0.004485613200813532
23799,0.004875732120126486
23800,0.004865460563451052
23801,0.005078877322375774
23802,0.0051347725093364716
23803,0.004814705345779657
23804,0.004770939704030752
23805,0.005848317872732878
23806,0.004508552607148886
23807,0.004541162867099047
23808,0.004633534234017134
23809,0.004280732478946447
23810,0.00427754083648324
23811,0.004973875358700752
23812,0.005078482907265425
23813,0.0051374114118516445
23814,0.005019545555114746
23815,0.005235995166003704
23816,0.005061260890215635
23817,0.005910036154091358
23818,0.004527274053543806
23819,0.004922719672322273
23820,0.003903716104105115
23821,0.00512251490727067
23822,0.004908388946205378
23823,0.005097248125821352
23824,0.005108883138746023
23825,0.004651776049286127
23826,0.005276606418192387
23827,0.004435778129845858
23828,0.004768007434904575
23829,0.005461663007736206
23830,0.004865468014031649
23831,0.005486652720719576
23832,0.004536591004580259
23833,0.004764845594763756
23834,0.005058267153799534
23835,0.004444193094968796
23836,0.0048721833154559135
23837,0.005001877434551716
23838,0.0044509051367640495
23839,0.0046556382440030575
23840,0.0046532717533409595
23841,0.005005829967558384
23842,0.004590540658682585
23843,0.0049811857752501965
23844,0.005045982543379068
23845,0.004902917426079512
23846,0.00411955825984478
23847,0.004668347537517548
23848,0.004962668754160404
23849,0.004302904009819031
23850,0.004728773608803749
23851,0.004709926899522543
23852,0.004741335287690163
23853,0.004245920572429895
23854,0.005345911253243685
23855,0.0052854930981993675
23856,0.005844261031597853
23857,0.004448373336344957
23858,0.0046096122823655605
23859,0.004947721026837826
23860,0.005775802303105593
23861,0.00505717983469367
23862,0.005661640781909227
23863,0.004999889526516199
23864,0.004857506603002548
23865,0.005716243293136358
23866,0.004466666840016842
23867,0.005451725795865059
23868,0.005076408386230469
23869,0.004908923991024494
23870,0.00498105539008975
23871,0.0046834140084683895
23872,0.00576793123036623
23873,0.004694452974945307
23874,0.004889956675469875
23875,0.005331001710146666
23876,0.005025498103350401
23877,0.004712874069809914
23878,0.004744174424558878
23879,0.005338347516953945
23880,0.0049814642407000065
23881,0.004889382980763912
23882,0.004316906910389662
23883,0.00474424147978425
23884,0.004922507330775261
23885,0.004767588339745998
23886,0.004286475945264101
23887,0.005760474130511284
23888,0.0046272436156868935
23889,0.004838277585804462
23890,0.004338669124990702
23891,0.004667461384087801
23892,0.005094928201287985
23893,0.004212003666907549
23894,0.005302258767187595
23895,0.004812960047274828
23896,0.0052423132583498955
23897,0.005222188774496317
23898,0.005244078580290079
23899,0.005272827111184597
23900,0.004664670675992966
23901,0.005432156380265951
23902,0.005195838864892721
23903,0.0049578179605305195
23904,0.0048673395067453384
23905,0.004878255072981119
23906,0.004775910638272762
23907,0.004835937637835741
23908,0.0050522941164672375
23909,0.004246579483151436
23910,0.00493963435292244
23911,0.005783869884908199
23912,0.005167487543076277
23913,0.005208726041018963
23914,0.004726464860141277
23915,0.004768399987369776
23916,0.004977571312338114
23917,0.005117218010127544
23918,0.004610754083842039
23919,0.005320679396390915
23920,0.0049260202795267105
23921,0.005131504498422146
23922,0.004535781219601631
23923,0.004730966407805681
23924,0.004548464901745319
23925,0.004831015132367611
23926,0.004604632500559092
23927,0.004410086665302515
23928,0.0050944071263074875
23929,0.005337264388799667
23930,0.004827070981264114
23931,0.005083778407424688
23932,0.004720316268503666
23933,0.005042360629886389
23934,0.004973386414349079
23935,0.0048339953646063805
23936,0.004830433055758476
23937,0.005191364791244268
23938,0.005300361197441816
23939,0.005044890567660332
23940,0.004563954193145037
23941,0.005342210177332163
23942,0.004628741182386875
23943,0.005591165274381638
23944,0.005107343662530184
23945,0.004431004170328379
23946,0.004097655415534973
23947,0.005343543831259012
23948,0.004790289327502251
23949,0.005172169301658869
23950,0.004385265987366438
23951,0.004684672690927982
23952,0.004804781638085842
23953,0.005437819752842188
23954,0.004741597454994917
23955,0.004561597481369972
23956,0.004833498038351536
23957,0.005069048143923283
23958,0.004669222980737686
23959,0.005643799435347319
23960,0.004913403186947107
23961,0.004733082372695208
23962,0.00485583022236824
23963,0.005130826961249113
23964,0.005613464862108231
23965,0.004884875845164061
23966,0.004805290140211582
23967,0.004544201772660017
23968,0.005198311991989613
23969,0.0050867474637925625
23970,0.005438629072159529
23971,0.005451983772218227
23972,0.005623649340122938
23973,0.005059482995420694
23974,0.004218525718897581
23975,0.004581288900226355
23976,0.004739447962492704
23977,0.005003428086638451
23978,0.004495742730796337
23979,0.005271639209240675
23980,0.004788097459822893
23981,0.004579880274832249
23982,0.005076374392956495
23983,0.004817481152713299
23984,0.005496728699654341
23985,0.004604760091751814
23986,0.004584351554512978
23987,0.004595024976879358
23988,0.004859723150730133
23989,0.005732785444706678
23990,0.004536454565823078
23991,0.004929795861244202
23992,0.0048415749333798885
23993,0.004452192690223455
23994,0.004943874664604664
23995,0.004788283258676529
23996,0.004568764939904213
23997,0.0049483939073979855
23998,0.0054516601376235485
23999,0.004351070150732994
24000,0.005144348833709955
24001,0.004361125640571117
24002,0.004530457779765129
24003,0.004832486156374216
24004,0.004761713091284037
24005,0.005890097003430128
24006,0.004933535121381283
24007,0.005312217865139246
24008,0.005231746006757021
24009,0.005179541651159525
24010,0.0048041027039289474
24011,0.004726190119981766
24012,0.004940201994031668
24013,0.0049412730149924755
24014,0.00515575148165226
24015,0.004733980167657137
24016,0.0049836584366858006
24017,0.004556745290756226
24018,0.00538616580888629
24019,0.005012728739529848
24020,0.005926144775003195
24021,0.004361731465905905
24022,0.004676868207752705
24023,0.004754278343170881
24024,0.004457897040992975
24025,0.004925630986690521
24026,0.00425175903365016
24027,0.004827904514968395
24028,0.004876092541962862
24029,0.004386000335216522
24030,0.005546411965042353
24031,0.004305958282202482
24032,0.005154512356966734
24033,0.004742076620459557
24034,0.004375309683382511
24035,0.004343158099800348
24036,0.004913446959108114
24037,0.004590297117829323
24038,0.004295867867767811
24039,0.00464223138988018
24040,0.004701557103544474
24041,0.005385325290262699
24042,0.004714106675237417
24043,0.005053037311881781
24044,0.005425592884421349
24045,0.005232106428593397
24046,0.004944160580635071
24047,0.005226260516792536
24048,0.00499061169102788
24049,0.005096148699522018
24050,0.004457569681107998
24051,0.005508909933269024
24052,0.004353958182036877
24053,0.005570924375206232
24054,0.004677819088101387
24055,0.004427031613886356
24056,0.00435468927025795
24057,0.004870148375630379
24058,0.004616107791662216
24059,0.004921163432300091
24060,0.004222417715936899
24061,0.005274722818285227
24062,0.004692771937698126
24063,0.005188100505620241
24064,0.004624268040060997
24065,0.004189301282167435
24066,0.005312567111104727
24067,0.004557732958346605
24068,0.005161204840987921
24069,0.004589732736349106
24070,0.004725121892988682
24071,0.005357470363378525
24072,0.0043520997278392315
24073,0.005362720228731632
24074,0.005158658605068922
24075,0.004612170159816742
24076,0.0049977777525782585
24077,0.004423265811055899
24078,0.0047270553186535835
24079,0.005455447360873222
24080,0.005439010914415121
24081,0.004847962874919176
24082,0.005528199952095747
24083,0.004851627629250288
24084,0.004023788962513208
24085,0.004689088091254234
24086,0.005191919393837452
24087,0.005061998963356018
24088,0.005472040269523859
24089,0.005279349163174629
24090,0.004683448001742363
24091,0.005056151654571295
24092,0.00491391122341156
24093,0.0050204754807055
24094,0.004692419432103634
24095,0.004973778035491705
24096,0.005187710747122765
24097,0.004857784602791071
24098,0.005946202669292688
24099,0.004974512383341789
24100,0.004774437751621008
24101,0.004601606167852879
24102,0.004956366959959269
24103,0.004414684139192104
24104,0.004733254201710224
24105,0.004544403403997421
24106,0.004050238989293575
24107,0.004943851847201586
24108,0.004993680398911238
24109,0.004467854276299477
24110,0.00493726646527648
24111,0.0046683079563081264
24112,0.005144554190337658
24113,0.004864211659878492
24114,0.004711581859737635
24115,0.004427894484251738
24116,0.005526162683963776
24117,0.004583636298775673
24118,0.004557293374091387
24119,0.004967179615050554
24120,0.0044964635744690895
24121,0.005049454048275948
24122,0.005162265617400408
24123,0.005120225250720978
24124,0.005066263023763895
24125,0.005271559581160545
24126,0.005138677544891834
24127,0.004580474924296141
24128,0.004956583026796579
24129,0.004851765930652618
24130,0.004861635621637106
24131,0.00480812881141901
24132,0.004824202973395586
24133,0.005174699705094099
24134,0.004858887288719416
24135,0.004748229868710041
24136,0.004912081640213728
24137,0.00432923436164856
24138,0.00420293677598238
24139,0.004395932424813509
24140,0.004215648397803307
24141,0.0052616712637245655
24142,0.005312804598361254
24143,0.004591246135532856
24144,0.0054988437332212925
24145,0.004837557207792997
24146,0.005198014434427023
24147,0.005324339959770441
24148,0.005092227831482887
24149,0.004641207866370678
24150,0.004556967411190271
24151,0.004835331812500954
24152,0.005102954339236021
24153,0.004821373615413904
24154,0.004591825883835554
24155,0.004221591632813215
24156,0.004728552419692278
24157,0.005264125298708677
24158,0.00427741464227438
24159,0.005085732322186232
24160,0.004169472027570009
24161,0.003745062742382288
24162,0.00466384319588542
24163,0.004908350296318531
24164,0.004092489834874868
24165,0.004736928269267082
24166,0.0052198367193341255
24167,0.004534113220870495
24168,0.004110813140869141
24169,0.005434057209640741
24170,0.005496540106832981
24171,0.0043061114847660065
24172,0.004840769339352846
24173,0.004725437145680189
24174,0.004979487508535385
24175,0.0047626616433262825
24176,0.0049778795801103115
24177,0.004542812239378691
24178,0.005095979198813438
24179,0.004681393038481474
24180,0.004486072808504105
24181,0.005250739865005016
24182,0.004440002143383026
24183,0.004769685212522745
24184,0.005318731069564819
24185,0.005085427779704332
24186,0.005396499764174223
24187,0.005318454932421446
24188,0.0053399172611534595
24189,0.0049536810256540775
24190,0.004974072333425283
24191,0.005055747460573912
24192,0.00489896209910512
24193,0.005182634573429823
24194,0.005454475991427898
24195,0.004277484025806189
24196,0.005167928524315357
24197,0.005621135234832764
24198,0.005480748135596514
24199,0.004771843086928129
24200,0.005167207680642605
24201,0.0052268928848207
24202,0.005149959120899439
24203,0.004412609618157148
24204,0.005090922117233276
24205,0.0048138746060431
24206,0.005340537987649441
24207,0.005078610498458147
24208,0.005027383100241423
24209,0.004738810937851667
24210,0.004092204384505749
24211,0.004920035135000944
24212,0.005229430738836527
24213,0.0054502785205841064
24214,0.004855157807469368
24215,0.005140479654073715
24216,0.005015001632273197
24217,0.005312558263540268
24218,0.004422756377607584
24219,0.0043569402769207954
24220,0.005138881970196962
24221,0.004797584842890501
24222,0.005237247329205275
24223,0.00515720946714282
24224,0.004456892143934965
24225,0.00402755057439208
24226,0.005247591063380241
24227,0.004755428060889244
24228,0.005347284488379955
24229,0.004807827528566122
24230,0.005309438332915306
24231,0.00506394449621439
24232,0.004295477643609047
24233,0.0046053072437644005
24234,0.004791344981640577
24235,0.005166396498680115
24236,0.004574759863317013
24237,0.0052209957502782345
24238,0.0047979834489524364
24239,0.004696146585047245
24240,0.004329034127295017
24241,0.004949195310473442
24242,0.005379645153880119
24243,0.006086994893848896
24244,0.0051514627411961555
24245,0.0048008630983531475
24246,0.0051843151450157166
24247,0.004988132975995541
24248,0.004428106360137463
24249,0.004741936456412077
24250,0.004497647751122713
24251,0.0047098747454583645
24252,0.005544466897845268
24253,0.006009536795318127
24254,0.00430638249963522
24255,0.005224497057497501
24256,0.005091555416584015
24257,0.004459185525774956
24258,0.005446532741189003
24259,0.004214204382151365
24260,0.004900173284113407
24261,0.005308092106133699
24262,0.004745598882436752
24263,0.004753312095999718
24264,0.006280822679400444
24265,0.005376630462706089
24266,0.005507499445229769
24267,0.004857655614614487
24268,0.004958981182426214
24269,0.004382937215268612
24270,0.00560349365696311
24271,0.004199156537652016
24272,0.005619292613118887
24273,0.004746299237012863
24274,0.005050085484981537
24275,0.004738138057291508
24276,0.00520199304446578
24277,0.004933031741529703
24278,0.004858633503317833
24279,0.004098175559192896
24280,0.0052215964533388615
24281,0.00427695456892252
24282,0.0050921207293868065
24283,0.005517671816051006
24284,0.004640592727810144
24285,0.0048279897309839725
24286,0.005670638754963875
24287,0.004282332491129637
24288,0.004937953781336546
24289,0.0051204487681388855
24290,0.005365388933569193
24291,0.005521738436073065
24292,0.005349095910787582
24293,0.00445470679551363
24294,0.0051303948275744915
24295,0.004642518702894449
24296,0.00532506313174963
24297,0.005511135328561068
24298,0.004845758434385061
24299,0.005337807349860668
24300,0.005598472431302071
24301,0.005039979703724384
24302,0.004571703728288412
24303,0.003912791609764099
24304,0.004343239590525627
24305,0.0050071184523403645
24306,0.004932479001581669
24307,0.0045985267497599125
24308,0.004689831752330065
24309,0.004987363703548908
24310,0.004490748047828674
24311,0.004919355269521475
24312,0.005723781418055296
24313,0.005206165835261345
24314,0.005164128728210926
24315,0.005019439850002527
24316,0.00486257066950202
24317,0.005056103225797415
24318,0.004903585650026798
24319,0.004838256165385246
24320,0.0046514105051755905
24321,0.004726748447865248
24322,0.005443455185741186
24323,0.004743846133351326
24324,0.0049599772319197655
24325,0.004681025631725788
24326,0.0049199494533240795
24327,0.0051823565736413
24328,0.004611584357917309
24329,0.0048385425470769405
24330,0.005235064774751663
24331,0.004747653845697641
24332,0.004715404938906431
24333,0.004595198202878237
24334,0.00507079204544425
24335,0.005043471697717905
24336,0.0043852608650922775
24337,0.00460096774622798
24338,0.004999965894967318
24339,0.004458445589989424
24340,0.005078889895230532
24341,0.005260178353637457
24342,0.004990218207240105
24343,0.004862132947891951
24344,0.004275335464626551
24345,0.005806434899568558
24346,0.00431269034743309
24347,0.005552725400775671
24348,0.0048945751041173935
24349,0.00455180648714304
24350,0.005459794774651527
24351,0.00550771364942193
24352,0.004794263746589422
24353,0.00476334011182189
24354,0.004236435983330011
24355,0.005092931445688009
24356,0.004362296778708696
24357,0.004230523481965065
24358,0.004300899337977171
24359,0.005039464682340622
24360,0.004877280909568071
24361,0.004452097229659557
24362,0.005158768501132727
24363,0.0051379939541220665
24364,0.004902181681245565
24365,0.004848797805607319
24366,0.0049077244475483894
24367,0.005200081970542669
24368,0.005089776124805212
24369,0.005900086369365454
24370,0.0043694814667105675
24371,0.005399732850492001
24372,0.005223457235842943
24373,0.004162880592048168
24374,0.005237786564975977
24375,0.004533451981842518
24376,0.004511709325015545
24377,0.004734519403427839
24378,0.004652691539376974
24379,0.004086626693606377
24380,0.005370804574340582
24381,0.0043053762055933475
24382,0.004814276471734047
24383,0.004792037885636091
24384,0.004875334911048412
24385,0.004132757429033518
24386,0.00459459749981761
24387,0.005024971906095743
24388,0.004493073094636202
24389,0.004743320867419243
24390,0.005110577680170536
24391,0.003988228738307953
24392,0.004996888805180788
24393,0.00512766232714057
24394,0.004690930247306824
24395,0.004450429696589708
24396,0.005372259300202131
24397,0.005204424262046814
24398,0.005914037115871906
24399,0.00469954963773489
24400,0.005464937537908554
24401,0.004677885212004185
24402,0.0048178392462432384
24403,0.004762617871165276
24404,0.005340767093002796
24405,0.005612088833004236
24406,0.005221951752901077
24407,0.0040242732502520084
24408,0.004940081387758255
24409,0.004354773089289665
24410,0.0057746912352740765
24411,0.0049128965474665165
24412,0.005843613762408495
24413,0.005646791774779558
24414,0.004962452221661806
24415,0.004554398823529482
24416,0.005303282756358385
24417,0.004134467802941799
24418,0.005759036634117365
24419,0.004461475647985935
24420,0.004804335068911314
24421,0.004811200778931379
24422,0.005434428807348013
24423,0.004365268163383007
24424,0.005558292847126722
24425,0.004955051466822624
24426,0.005409704986959696
24427,0.004767701029777527
24428,0.005238259676843882
24429,0.005320647265762091
24430,0.005769453011453152
24431,0.004594752565026283
24432,0.0047552622854709625
24433,0.006105264648795128
24434,0.004309966694563627
24435,0.005196354817599058
24436,0.004837341606616974
24437,0.0041993665508925915
24438,0.004587048199027777
24439,0.004429602529853582
24440,0.0052317241206765175
24441,0.005081552546471357
24442,0.005017056595534086
24443,0.0041247582994401455
24444,0.005387058947235346
24445,0.0046852040104568005
24446,0.0051583172753453255
24447,0.005433076526969671
24448,0.005004551261663437
24449,0.005354226566851139
24450,0.005639924667775631
24451,0.0044365255162119865
24452,0.004500958137214184
24453,0.004468024708330631
24454,0.005302525125443935
24455,0.004963718820363283
24456,0.005386023782193661
24457,0.004184240009635687
24458,0.004861343652009964
24459,0.0051600332371890545
24460,0.005063428543508053
24461,0.005548126995563507
24462,0.005372590851038694
24463,0.005414120852947235
24464,0.00458564842119813
24465,0.005452991463243961
24466,0.005136617459356785
24467,0.005092605948448181
24468,0.004590142983943224
24469,0.005232447292655706
24470,0.0048314910382032394
24471,0.005830884911119938
24472,0.0050172340124845505
24473,0.004557217005640268
24474,0.005113890860229731
24475,0.005334776360541582
24476,0.004618953447788954
24477,0.004856551066040993
24478,0.0052759237587451935
24479,0.005268619861453772
24480,0.0048851207830011845
24481,0.004640508908778429
24482,0.005364343523979187
24483,0.00435716612264514
24484,0.004284002352505922
24485,0.004806580487638712
24486,0.005198035854846239
24487,0.00492530083283782
24488,0.004093978088349104
24489,0.005731092765927315
24490,0.0048166122287511826
24491,0.004472925327718258
24492,0.004427800420671701
24493,0.0044962018728256226
24494,0.0043038008734583855
24495,0.004452711436897516
24496,0.004717910662293434
24497,0.00467346515506506
24498,0.005348358303308487
24499,0.0055709402076900005
24500,0.004383540246635675
24501,0.00445208977907896
24502,0.004699825309216976
24503,0.0046225194819271564
24504,0.004903662018477917
24505,0.004319522064179182
24506,0.005267370957881212
24507,0.0058996728621423244
24508,0.005044248886406422
24509,0.005220138933509588
24510,0.005034964065998793
24511,0.005370817147195339
24512,0.004284704569727182
24513,0.004808768164366484
24514,0.004664930980652571
24515,0.004938415717333555
24516,0.005120402667671442
24517,0.00528037128970027
24518,0.004446358419954777
24519,0.005456079728901386
24520,0.004391023889183998
24521,0.00443892041221261
24522,0.004983781836926937
24523,0.005247313063591719
24524,0.004801487550139427
24525,0.005266627296805382
24526,0.005103317555040121
24527,0.0044930786825716496
24528,0.005367351230233908
24529,0.0047867572866380215
24530,0.005269708577543497
24531,0.00536736287176609
24532,0.004611824173480272
24533,0.004932329524308443
24534,0.004507914651185274
24535,0.004889276344329119
24536,0.005072401836514473
24537,0.004697146359831095
24538,0.00513035012409091
24539,0.005239937454462051
24540,0.00448575196787715
24541,0.004741934593766928
24542,0.004474591463804245
24543,0.004923167172819376
24544,0.005138634704053402
24545,0.005064998287707567
24546,0.005176043137907982
24547,0.0049757505767047405
24548,0.005431053228676319
24549,0.005248896777629852
24550,0.005690434481948614
24551,0.004705530125647783
24552,0.004102583043277264
24553,0.004412001930177212
24554,0.004844021517783403
24555,0.004919776227325201
24556,0.004938678350299597
24557,0.005020793527364731
24558,0.005418905057013035
24559,0.004764428362250328
24560,0.005614496301859617
24561,0.005373966880142689
24562,0.004836062900722027
24563,0.005627273116260767
24564,0.00548483245074749
24565,0.005228561349213123
24566,0.0050046369433403015
24567,0.005039346870034933
24568,0.004431075416505337
24569,0.005157496314495802
24570,0.005295952782034874
24571,0.004305086564272642
24572,0.005262310616672039
24573,0.004841419402509928
24574,0.005022319965064526
24575,0.005137311294674873
24576,0.005085444077849388
24577,0.005146791227161884
24578,0.004588660784065723
24579,0.00504505867138505
24580,0.004853310529142618
24581,0.004164519719779491
24582,0.004353807773441076
24583,0.004820663016289473
24584,0.004765549208968878
24585,0.0053208875469863415
24586,0.005205873865634203
24587,0.00504164258018136
24588,0.004924918990582228
24589,0.00443392526358366
24590,0.0049814023077487946
24591,0.004744219593703747
24592,0.005313883535563946
24593,0.004286346025764942
24594,0.00527063338086009
24595,0.005584088619798422
24596,0.004326215013861656
24597,0.0048962668515741825
24598,0.0047166068106889725
24599,0.004765288904309273
24600,0.005131560377776623
24601,0.005188465118408203
24602,0.004628761671483517
24603,0.004754389636218548
24604,0.004745111800730228
24605,0.005480125080794096
24606,0.0043644169345498085
24607,0.004544354043900967
24608,0.005691799335181713
24609,0.00427548261359334
24610,0.005142442416399717
24611,0.005101864226162434
24612,0.005010555032640696
24613,0.0044958810321986675
24614,0.0059376428835093975
24615,0.00478536169975996
24616,0.005546096712350845
24617,0.005286823026835918
24618,0.004956836346536875
24619,0.004376446828246117
24620,0.004888438619673252
24621,0.004535072948783636
24622,0.005208371672779322
24623,0.005538752768188715
24624,0.004374184180051088
24625,0.005035830661654472
24626,0.005449439864605665
24627,0.005455996375530958
24628,0.005034909583628178
24629,0.0046732062473893166
24630,0.004455790389329195
24631,0.005612104199826717
24632,0.0043645030818879604
24633,0.005026230122894049
24634,0.005674927961081266
24635,0.00470600975677371
24636,0.005593759939074516
24637,0.004550470970571041
24638,0.005170786753296852
24639,0.004426984582096338
24640,0.00446690246462822
24641,0.005318253301084042
24642,0.004751946311444044
24643,0.004603113979101181
24644,0.004478635732084513
24645,0.004927004687488079
24646,0.004298186860978603
24647,0.004950511269271374
24648,0.0051385462284088135
24649,0.004838275723159313
24650,0.005305210128426552
24651,0.005102219060063362
24652,0.004695687908679247
24653,0.004807714372873306
24654,0.005436583422124386
24655,0.004660863894969225
24656,0.005118895787745714
24657,0.004474771674722433
24658,0.004557410720735788
24659,0.005085426848381758
24660,0.004651867784559727
24661,0.005488043650984764
24662,0.004681967198848724
24663,0.005250031128525734
24664,0.005182027816772461
24665,0.0050384667702019215
24666,0.005128548946231604
24667,0.004921710584312677
24668,0.004819754045456648
24669,0.005203708074986935
24670,0.004860243760049343
24671,0.0049848491325974464
24672,0.005044829566031694
24673,0.004890316165983677
24674,0.005346348509192467
24675,0.005176188424229622
24676,0.005000988487154245
24677,0.004638112615793943
24678,0.004287994932383299
24679,0.004750784486532211
24680,0.004611141048371792
24681,0.004319713916629553
24682,0.004886998329311609
24683,0.005248153582215309
24684,0.005480515770614147
24685,0.004679156932979822
24686,0.004231630824506283
24687,0.005368522834032774
24688,0.005109830293804407
24689,0.00467275595292449
24690,0.005199194420129061
24691,0.004756859038025141
24692,0.004921580199152231
24693,0.004388678353279829
24694,0.004677705932408571
24695,0.004215264692902565
24696,0.005089554935693741
24697,0.00549030676484108
24698,0.005063402000814676
24699,0.005497178994119167
24700,0.005364744458347559
24701,0.005074667278677225
24702,0.004840204957872629
24703,0.005017926450818777
24704,0.005983999464660883
24705,0.005024587269872427
24706,0.005221656057983637
24707,0.005409619305282831
24708,0.005124703515321016
24709,0.004293369594961405
24710,0.004701179452240467
24711,0.004961270373314619
24712,0.004954617936164141
24713,0.004698668606579304
24714,0.004837616812437773
24715,0.005097445100545883
24716,0.0047029308043420315
24717,0.0047685871832072735
24718,0.005018810275942087
24719,0.005066615529358387
24720,0.004803711082786322
24721,0.005722038447856903
24722,0.005091390572488308
24723,0.005221197381615639
24724,0.005251870956271887
24725,0.004518401343375444
24726,0.005265347193926573
24727,0.005480982828885317
24728,0.004584603011608124
24729,0.0050226785242557526
24730,0.004021444357931614
24731,0.004961682017892599
24732,0.005162244662642479
24733,0.004983438178896904
24734,0.005577731411904097
24735,0.005194222554564476
24736,0.0044520096853375435
24737,0.004480403382331133
24738,0.004715292248874903
24739,0.0054695396684110165
24740,0.005217638332396746
24741,0.004669152200222015
24742,0.0044729155488312244
24743,0.005121336784213781
24744,0.004487264435738325
24745,0.0052086710929870605
24746,0.0047343275509774685
24747,0.004675277508795261
24748,0.004505917429924011
24749,0.004964858293533325
24750,0.0054271346889436245
24751,0.005037326831370592
24752,0.004365653730928898
24753,0.0048871031031012535
24754,0.004923194646835327
24755,0.005457695107907057
24756,0.005160748492926359
24757,0.005149019416421652
24758,0.00434448616579175
24759,0.004297880455851555
24760,0.005110042169690132
24761,0.005470093339681625
24762,0.0050783921033144
24763,0.004767175298184156
24764,0.0042456951923668385
24765,0.005568557884544134
24766,0.0051668863743543625
24767,0.005171655211597681
24768,0.004892692901194096
24769,0.005648086313158274
24770,0.004767450504004955
24771,0.00493942154571414
24772,0.004876716993749142
24773,0.004011879675090313
24774,0.004845154471695423
24775,0.005613061133772135
24776,0.004516557324677706
24777,0.0051359618082642555
24778,0.004452310968190432
24779,0.0052846986800432205
24780,0.004943311680108309
24781,0.004646122455596924
24782,0.004862748086452484
24783,0.004624305758625269
24784,0.00434735557064414
24785,0.005101917311549187
24786,0.005021214950829744
24787,0.0050386181101202965
24788,0.00435812771320343
24789,0.004124243278056383
24790,0.004763878881931305
24791,0.004810199607163668
24792,0.0043426877819001675
24793,0.005116275977343321
24794,0.004618405364453793
24795,0.004719761665910482
24796,0.0052371639758348465
24797,0.004648370668292046
24798,0.004852835088968277
24799,0.0043082586489617825
24800,0.004832591861486435
24801,0.004317136015743017
24802,0.005326267797499895
24803,0.004677821882069111
24804,0.005192094948142767
24805,0.005063142627477646
24806,0.00556475855410099
24807,0.004447917453944683
24808,0.005657419096678495
24809,0.005052459891885519
24810,0.004326497204601765
24811,0.004278351552784443
24812,0.004984128288924694
24813,0.004732211586087942
24814,0.0057944501750171185
24815,0.004878166597336531
24816,0.004716805648058653
24817,0.004914355464279652
24818,0.00513269891962409
24819,0.004988369066268206
24820,0.004887726157903671
24821,0.005841391626745462
24822,0.004898860584944487
24823,0.005061148665845394
24824,0.004911267198622227
24825,0.005376563873142004
24826,0.004781432915478945
24827,0.004758995026350021
24828,0.004917570855468512
24829,0.004721825011074543
24830,0.005594875197857618
24831,0.00475428719073534
24832,0.004314463585615158
24833,0.0046160598285496235
24834,0.004327422007918358
24835,0.004688863176852465
24836,0.0050791180692613125
24837,0.005187449976801872
24838,0.004278626758605242
24839,0.005351922940462828
24840,0.004987623542547226
24841,0.005227048881351948
24842,0.005409448407590389
24843,0.005540768150240183
24844,0.004761099349707365
24845,0.00546089094132185
24846,0.0057543120346963406
24847,0.00470559811219573
24848,0.00514594092965126
24849,0.005087822675704956
24850,0.004352943040430546
24851,0.004941562190651894
24852,0.005080795381218195
24853,0.004900368396192789
24854,0.004955845884978771
24855,0.004730841610580683
24856,0.006149685941636562
24857,0.005676021333783865
24858,0.004371825605630875
24859,0.0048346384428441525
24860,0.004745259881019592
24861,0.005094396881759167
24862,0.004692878108471632
24863,0.004915706347674131
24864,0.0052593122236430645
24865,0.00483298534527421
24866,0.005414620507508516
24867,0.004775922279804945
24868,0.00459508178755641
24869,0.004684428684413433
24870,0.005287367384880781
24871,0.005339633673429489
24872,0.004457138013094664
24873,0.004866507835686207
24874,0.004662468563765287
24875,0.00533233443275094
24876,0.005149098113179207
24877,0.004368618130683899
24878,0.004716104827821255
24879,0.0048101372085511684
24880,0.004982984159141779
24881,0.004796348977833986
24882,0.0046468391083180904
24883,0.004912054166197777
24884,0.005328803788870573
24885,0.006044188980013132
24886,0.004863564856350422
24887,0.004776422865688801
24888,0.004585711285471916
24889,0.00490257702767849
24890,0.005229657050222158
24891,0.004065269138664007
24892,0.005329007748514414
24893,0.004559999797493219
24894,0.004911101423203945
24895,0.004754804074764252
24896,0.004774015862494707
24897,0.0053068846464157104
24898,0.005032505374401808
24899,0.005126538686454296
24900,0.004639609716832638
24901,0.005812889896333218
24902,0.005299325101077557
24903,0.0046122753992676735
24904,0.004349259659647942
24905,0.00463186576962471
24906,0.005091718398034573
24907,0.00456786947324872
24908,0.005310826934874058
24909,0.00475565018132329
24910,0.005607379600405693
24911,0.004409465007483959
24912,0.005107041448354721
24913,0.005400976166129112
24914,0.004883773624897003
24915,0.004752036649733782
24916,0.004869671072810888
24917,0.004926115274429321
24918,0.004377876874059439
24919,0.0042678676545619965
24920,0.004793471656739712
24921,0.005283293779939413
24922,0.005980256944894791
24923,0.005298642907291651
24924,0.005703156813979149
24925,0.004348145332187414
24926,0.005227923858910799
24927,0.004746445920318365
24928,0.005031991750001907
24929,0.004813011270016432
24930,0.004219254478812218
24931,0.004692607559263706
24932,0.004860019776970148
24933,0.005849661771208048
24934,0.004828405566513538
24935,0.004044290632009506
24936,0.004738903138786554
24937,0.004154119174927473
24938,0.004983618855476379
24939,0.004984070546925068
24940,0.004442228935658932
24941,0.005103223957121372
24942,0.0049436260014772415
24943,0.005330159794539213
24944,0.005568442866206169
24945,0.004071490839123726
24946,0.004449960310012102
24947,0.005045359022915363
24948,0.005131293088197708
24949,0.004971590358763933
24950,0.004253579769283533
24951,0.004576507490128279
24952,0.005008522886782885
24953,0.005163310095667839
24954,0.005649703089147806
24955,0.004726671613752842
24956,0.0042216177098453045
24957,0.005005724728107452
24958,0.005874887574464083
24959,0.005541705526411533
24960,0.0048638093285262585
24961,0.0055590602569282055
24962,0.004256503656506538
24963,0.004713234957307577
24964,0.004807995166629553
24965,0.004691742360591888
24966,0.004988105967640877
24967,0.004792418796569109
24968,0.004695886746048927
24969,0.005391387268900871
24970,0.005045711062848568
24971,0.0049390001222491264
24972,0.005355870816856623
24973,0.004088981077075005
24974,0.005140345543622971
24975,0.00476472033187747
24976,0.0049248626455664635
24977,0.004801543895155191
24978,0.004879004321992397
24979,0.004815449472516775
24980,0.005170801188796759
24981,0.0050819809548556805
24982,0.004922124091535807
24983,0.0050917621701955795
24984,0.004306623712182045
24985,0.004911324474960566
24986,0.005071946885436773
24987,0.004551548045128584
24988,0.005200347863137722
24989,0.005180055275559425
24990,0.005911938846111298
24991,0.005031118635088205
24992,0.0048967995680868626
24993,0.005118384957313538
24994,0.004938717465847731
24995,0.005074694287031889
24996,0.004695221781730652
24997,0.004466698970645666
24998,0.005057067610323429
24999,0.005176969803869724
25000,0.004627376329153776
25001,0.0056782495230436325
25002,0.005263729486614466
25003,0.004660116042941809
25004,0.0045889513567090034
25005,0.004948429297655821
25006,0.005022311583161354
25007,0.005596181843429804
25008,0.00421949103474617
25009,0.0048010991886258125
25010,0.004622507840394974
25011,0.0044647036120295525
25012,0.004278324078768492
25013,0.004454918671399355
25014,0.005195177160203457
25015,0.004768147133290768
25016,0.00454771937802434
25017,0.005409830715507269
25018,0.00532335601747036
25019,0.004265553317964077
25020,0.005266361404210329
25021,0.004992704372853041
25022,0.004866637289524078
25023,0.005002248100936413
25024,0.005059391260147095
25025,0.004958576522767544
25026,0.0049484544433653355
25027,0.005217760801315308
25028,0.00530407577753067
25029,0.005244557745754719
25030,0.00475501362234354
25031,0.00560646690428257
25032,0.005145993549376726
25033,0.005306210834532976
25034,0.0043603586964309216
25035,0.004820250906050205
25036,0.004955538548529148
25037,0.005018767900764942
25038,0.004151452332735062
25039,0.005238898564130068
25040,0.005006351508200169
25041,0.0051215048879384995
25042,0.005319543648511171
25043,0.004204024560749531
25044,0.0049438560381531715
25045,0.005052538122981787
25046,0.005461435765028
25047,0.005066848825663328
25048,0.005045684054493904
25049,0.005603307392448187
25050,0.004747781436890364
25051,0.00490716565400362
25052,0.004919922910630703
25053,0.0051721325144171715
25054,0.005200029816478491
25055,0.005082838702946901
25056,0.0055299364030361176
25057,0.004674577619880438
25058,0.004709839820861816
25059,0.005418751854449511
25060,0.005437260493636131
25061,0.004588112235069275
25062,0.0052072033286094666
25063,0.005246632732450962
25064,0.005876390729099512
25065,0.004783322103321552
25066,0.005213909782469273
25067,0.005117544438689947
25068,0.0047636269591748714
25069,0.005043411627411842
25070,0.005476620048284531
25071,0.0046294271014630795
25072,0.005532975308597088
25073,0.0054229190573096275
25074,0.005123922601342201
25075,0.004060983192175627
25076,0.004108176100999117
25077,0.003991303499788046
25078,0.0046832202933728695
25079,0.004626384004950523
25080,0.004507618956267834
25081,0.005478948820382357
25082,0.005435663275420666
25083,0.005885988473892212
25084,0.005270732566714287
25085,0.005073825363069773
25086,0.004922274500131607
25087,0.005015810485929251
25088,0.005576618947088718
25089,0.005632514599710703
25090,0.005984739866107702
25091,0.0051641385070979595
25092,0.0043176948092877865
25093,0.005225885193794966
25094,0.00477268360555172
25095,0.004689223598688841
25096,0.005024601239711046
25097,0.004699442535638809
25098,0.00550285167992115
25099,0.004613091237843037
25100,0.005162299145013094
25101,0.004529923666268587
25102,0.004681256599724293
25103,0.004777141846716404
25104,0.005059113260358572
25105,0.004465244244784117
25106,0.004541281145066023
25107,0.004695461597293615
25108,0.005563654936850071
25109,0.004576920066028833
25110,0.005083227995783091
25111,0.004808222874999046
25112,0.004225555341690779
25113,0.005231723189353943
25114,0.004908302798867226
25115,0.0049104709178209305
25116,0.004844943527132273
25117,0.0050988770090043545
25118,0.0046807243488729
25119,0.005236052442342043
25120,0.004661478567868471
25121,0.005362025927752256
25122,0.005070836748927832
25123,0.005617085844278336
25124,0.004443792160600424
25125,0.005127893295139074
25126,0.004690283443778753
25127,0.0053597078658640385
25128,0.00449644960463047
25129,0.00508164195343852
25130,0.004679323639720678
25131,0.004874430131167173
25132,0.004463047720491886
25133,0.005568087566643953
25134,0.004411740694195032
25135,0.005177367944270372
25136,0.004642512649297714
25137,0.004822224844247103
25138,0.004256048239767551
25139,0.005036300979554653
25140,0.004674315452575684
25141,0.0039505669847130775
25142,0.00438304990530014
25143,0.0057022543624043465
25144,0.005449756979942322
25145,0.004912217613309622
25146,0.005072275176644325
25147,0.005187041591852903
25148,0.004630180541425943
25149,0.005316259805113077
25150,0.005023322533816099
25151,0.0056633660569787025
25152,0.0050323279574513435
25153,0.0050589763559401035
25154,0.004764321725815535
25155,0.005075118970125914
25156,0.004629594273865223
25157,0.005027362611144781
25158,0.0053749713115394115
25159,0.004703277722001076
25160,0.004794436041265726
25161,0.0049866316840052605
25162,0.004924521781504154
25163,0.0039908080361783504
25164,0.005559722892940044
25165,0.004699380602687597
25166,0.005747621413320303
25167,0.004980785772204399
25168,0.005502712447196245
25169,0.004744224715977907
25170,0.00484116468578577
25171,0.0053041111677885056
25172,0.004362594801932573
25173,0.004851324483752251
25174,0.0050989785231649876
25175,0.0049208770506083965
25176,0.005123138893395662
25177,0.004661478567868471
25178,0.004837218672037125
25179,0.004835199564695358
25180,0.004917656537145376
25181,0.005168057046830654
25182,0.004767836071550846
25183,0.004783077631145716
25184,0.004513120278716087
25185,0.004666343331336975
25186,0.005066005978733301
25187,0.004997916519641876
25188,0.004937530029565096
25189,0.004627978429198265
25190,0.004937800113111734
25191,0.004324009176343679
25192,0.005238980054855347
25193,0.00466538779437542
25194,0.004472043830901384
25195,0.004879271611571312
25196,0.004604669753462076
25197,0.004615059122443199
25198,0.004638475365936756
25199,0.004916280508041382
25200,0.004872022662311792
25201,0.005146130453795195
25202,0.004670059774070978
25203,0.004262377042323351
25204,0.005009887274354696
25205,0.004989231936633587
25206,0.00505835423246026
25207,0.005141942761838436
25208,0.004768792539834976
25209,0.004458277486264706
25210,0.005241931416094303
25211,0.00513295317068696
25212,0.004953619092702866
25213,0.005616390611976385
25214,0.005101891700178385
25215,0.004318466875702143
25216,0.004714243579655886
25217,0.0048524546436965466
25218,0.004694660194218159
25219,0.005083615891635418
25220,0.0056553552858531475
25221,0.005059882532805204
25222,0.004720575176179409
25223,0.004815530031919479
25224,0.004888440947979689
25225,0.005047713406383991
25226,0.005020066164433956
25227,0.005163407884538174
25228,0.005502394866198301
25229,0.005909525789320469
25230,0.00468414556235075
25231,0.00513934763148427
25232,0.005063736345618963
25233,0.005375273060053587
25234,0.00589398480951786
25235,0.004625714849680662
25236,0.004563747905194759
25237,0.005195470526814461
25238,0.005476962774991989
25239,0.0048577492125332355
25240,0.004930480848997831
25241,0.004520054906606674
25242,0.005194246768951416
25243,0.004641022067517042
25244,0.004859729204326868
25245,0.004999565426260233
25246,0.004735956434160471
25247,0.005368783138692379
25248,0.004665992222726345
25249,0.004458384122699499
25250,0.0048164003528654575
25251,0.004979950841516256
25252,0.005961514078080654
25253,0.004559394437819719
25254,0.004547427408397198
25255,0.004945684224367142
25256,0.005121530499309301
25257,0.0049082329496741295
25258,0.004821771755814552
25259,0.005436715204268694
25260,0.005011372268199921
25261,0.0049250381998717785
25262,0.00528004951775074
25263,0.004643975757062435
25264,0.004837315529584885
25265,0.0052915578708052635
25266,0.0052777682431042194
25267,0.004453553818166256
25268,0.004619458224624395
25269,0.004813100676983595
25270,0.0045447321608662605
25271,0.005249388981610537
25272,0.004762617405503988
25273,0.004576663486659527
25274,0.0052637457847595215
25275,0.005558964796364307
25276,0.005275868810713291
25277,0.00451663276180625
25278,0.004988074768334627
25279,0.004985726438462734
25280,0.004857304040342569
25281,0.005190831609070301
25282,0.004831028636544943
25283,0.00368018657900393
25284,0.005020360462367535
25285,0.0047134398482739925
25286,0.005849381443113089
25287,0.004389634821563959
25288,0.004779060371220112
25289,0.004358828999102116
25290,0.0046053421683609486
25291,0.0054121618159115314
25292,0.005147396121174097
25293,0.004192269407212734
25294,0.00529496418312192
25295,0.004569232929497957
25296,0.004377055447548628
25297,0.0046258363872766495
25298,0.004657647106796503
25299,0.005323055665940046
25300,0.0047266301698982716
25301,0.004663591738790274
25302,0.005128462798893452
25303,0.005807000212371349
25304,0.004376966040581465
25305,0.004685427062213421
25306,0.00459928996860981
25307,0.004884445108473301
25308,0.005735328420996666
25309,0.0045743281953036785
25310,0.004764479119330645
25311,0.005639549344778061
25312,0.004902043845504522
25313,0.004259821958839893
25314,0.005036189686506987
25315,0.004145707935094833
25316,0.004811087157577276
25317,0.004279523156583309
25318,0.0048364256508648396
25319,0.005333098582923412
25320,0.0051227156072855
25321,0.005455564707517624
25322,0.004937505349516869
25323,0.005118326749652624
25324,0.004924096167087555
25325,0.005027613136917353
25326,0.005436514504253864
25327,0.004786549136042595
25328,0.0053879921324551105
25329,0.004777734167873859
25330,0.0053835841827094555
25331,0.005607605911791325
25332,0.004930119030177593
25333,0.005250429268926382
25334,0.005113608669489622
25335,0.005380657967180014
25336,0.0054872725158929825
25337,0.004274342209100723
25338,0.004095984622836113
25339,0.005145616829395294
25340,0.005953457206487656
25341,0.004911939613521099
25342,0.004795208107680082
25343,0.004646812099963427
25344,0.005134824197739363
25345,0.00537113007158041
25346,0.005002391058951616
25347,0.004709705710411072
25348,0.004501452669501305
25349,0.005232552997767925
25350,0.0054481239058077335
25351,0.004723087418824434
25352,0.005116106942296028
25353,0.004340623039752245
25354,0.0048637245781719685
25355,0.004775011911988258
25356,0.005184609908610582
25357,0.004742499440908432
25358,0.004986229352653027
25359,0.005093857180327177
25360,0.005274911876767874
25361,0.00528888450935483
25362,0.004744682461023331
25363,0.005027492996305227
25364,0.005595097783952951
25365,0.00434145936742425
25366,0.005119990557432175
25367,0.005455929785966873
25368,0.004485337529331446
25369,0.004828586708754301
25370,0.00480289151892066
25371,0.004910947289317846
25372,0.004010500852018595
25373,0.00440351152792573
25374,0.005238317884504795
25375,0.004561931826174259
25376,0.0049910759553313255
25377,0.004936520475894213
25378,0.005284756422042847
25379,0.004791919607669115
25380,0.0050588445737957954
25381,0.00514017790555954
25382,0.004705703351646662
25383,0.004614061675965786
25384,0.004899426829069853
25385,0.00474392157047987
25386,0.005594643298536539
25387,0.004643467254936695
25388,0.005016961134970188
25389,0.004389534238725901
25390,0.00534258596599102
25391,0.00532769737765193
25392,0.005135213490575552
25393,0.005062244366854429
25394,0.005810256581753492
25395,0.0054276310838758945
25396,0.005684800911694765
25397,0.005814912263303995
25398,0.0047274078242480755
25399,0.005479462910443544
25400,0.004796721041202545
25401,0.0054080612026154995
25402,0.005385672207921743
25403,0.004874978214502335
25404,0.004425843246281147
25405,0.005587329156696796
25406,0.005166339688003063
25407,0.004764816258102655
25408,0.004934599157422781
25409,0.004906343296170235
25410,0.0051033711060881615
25411,0.004908915609121323
25412,0.0041665430180728436
25413,0.004936970770359039
25414,0.005357290618121624
25415,0.004312839359045029
25416,0.0053662750869989395
25417,0.00598415732383728
25418,0.0052352119237184525
25419,0.0047977096401154995
25420,0.0049018412828445435
25421,0.004880817141383886
25422,0.004361162427812815
25423,0.005092155653983355
25424,0.004796197637915611
25425,0.005042174365371466
25426,0.005330139305442572
25427,0.004589512478560209
25428,0.005597930401563644
25429,0.0044623794965445995
25430,0.004718728829175234
25431,0.004814688581973314
25432,0.005454654339700937
25433,0.004942973144352436
25434,0.004890519194304943
25435,0.004522650968283415
25436,0.003693405771628022
25437,0.004562607035040855
25438,0.005515942815691233
25439,0.0041261292062699795
25440,0.004105694591999054
25441,0.00470535596832633
25442,0.003922375850379467
25443,0.00412583677098155
25444,0.005075438879430294
25445,0.0051275817677378654
25446,0.00540907634422183
25447,0.005275310482829809
25448,0.006082406733185053
25449,0.003950405865907669
25450,0.005103723611682653
25451,0.004909473471343517
25452,0.004777486436069012
25453,0.004375356715172529
25454,0.005514652002602816
25455,0.005181171000003815
25456,0.0055815307423472404
25457,0.005096272099763155
25458,0.004654248710721731
25459,0.004847354721277952
25460,0.004595428239554167
25461,0.004993128124624491
25462,0.0052630421705543995
25463,0.004849955439567566
25464,0.004819011315703392
25465,0.0040715537033975124
25466,0.005003811325877905
25467,0.005416343454271555
25468,0.005279546603560448
25469,0.005073556210845709
25470,0.004382586106657982
25471,0.005248173605650663
25472,0.004829293116927147
25473,0.004984105471521616
25474,0.005003790836781263
25475,0.005047149490565062
25476,0.00439665699377656
25477,0.004161632154136896
25478,0.005385925993323326
25479,0.005244174972176552
25480,0.005047970451414585
25481,0.004669328685849905
25482,0.0047426894307136536
25483,0.004383445251733065
25484,0.005314885638654232
25485,0.005655771121382713
25486,0.005476988852024078
25487,0.005327525082975626
25488,0.005009428132325411
25489,0.004452988971024752
25490,0.00551438657566905
25491,0.005719978362321854
25492,0.0049292054027318954
25493,0.005558671895414591
25494,0.005212967749685049
25495,0.005819287151098251
25496,0.004773696418851614
25497,0.0043907128274440765
25498,0.0052547999657690525
25499,0.004228586331009865
25500,0.004343508742749691
25501,0.004981833975762129
25502,0.005227181129157543
25503,0.004665258806198835
25504,0.004839685279875994
25505,0.004874084610491991
25506,0.004649590700864792
25507,0.004644152242690325
25508,0.003956461325287819
25509,0.004464983474463224
25510,0.004186380188912153
25511,0.004922011401504278
25512,0.004622712265700102
25513,0.004323597066104412
25514,0.0051499707624316216
25515,0.004814862739294767
25516,0.004439637064933777
25517,0.0050934492610394955
25518,0.005185895599424839
25519,0.004699076991528273
25520,0.004630300682038069
25521,0.004712576977908611
25522,0.0051070209592580795
25523,0.005256921052932739
25524,0.004547325894236565
25525,0.0047523221001029015
25526,0.004512638784945011
25527,0.004135019611567259
25528,0.005038203205913305
25529,0.004908917937427759
25530,0.00553457997739315
25531,0.00455370731651783
25532,0.004182344768196344
25533,0.00470456900075078
25534,0.004829816520214081
25535,0.004857562482357025
25536,0.005496022291481495
25537,0.0049863350577652454
25538,0.004846678115427494
25539,0.005190132651478052
25540,0.004807785153388977
25541,0.004970086272805929
25542,0.004708876367658377
25543,0.005887254141271114
25544,0.004457181319594383
25545,0.00469918642193079
25546,0.004795875865966082
25547,0.005222923122346401
25548,0.005000060889869928
25549,0.005258381366729736
25550,0.004812100436538458
25551,0.004964143503457308
25552,0.0048828283324837685
25553,0.004613918252289295
25554,0.005183965899050236
25555,0.0054322052747011185
25556,0.004888999275863171
25557,0.004544667899608612
25558,0.004911807365715504
25559,0.004989896900951862
25560,0.005688390228897333
25561,0.0044319964945316315
25562,0.005888185929507017
25563,0.00422308873385191
25564,0.0052968221716582775
25565,0.00482997065410018
25566,0.006200670264661312
25567,0.004633775912225246
25568,0.004460160620510578
25569,0.005029074382036924
25570,0.005087801720947027
25571,0.004925988614559174
25572,0.006061948370188475
25573,0.005568589549511671
25574,0.004769677761942148
25575,0.00473341578617692
25576,0.005036248359829187
25577,0.004456030670553446
25578,0.005053579807281494
25579,0.0046365708112716675
25580,0.004792076535522938
25581,0.005111930891871452
25582,0.005414260551333427
25583,0.00496830977499485
25584,0.004584142472594976
25585,0.005309684202075005
25586,0.004617566708475351
25587,0.004590685945004225
25588,0.004883557558059692
25589,0.004886401817202568
25590,0.005037553608417511
25591,0.004937951453030109
25592,0.0047481791116297245
25593,0.004538771230727434
25594,0.004506447818130255
25595,0.005068041849881411
25596,0.004651249852031469
25597,0.00478540500625968
25598,0.004578408319503069
25599,0.004734588786959648
25600,0.0047510783188045025
25601,0.005138756707310677
25602,0.0060821231454610825
25603,0.005500711500644684
25604,0.004405757877975702
25605,0.005151525605469942
25606,0.004586467519402504
25607,0.005074132699519396
25608,0.0054848031140863895
25609,0.004852802027016878
25610,0.004361262079328299
25611,0.004743405617773533
25612,0.004326286260038614
25613,0.004830340389162302
25614,0.005374701227992773
25615,0.005169515497982502
25616,0.005205381195992231
25617,0.004852619022130966
25618,0.004953867290169001
25619,0.004349812865257263
25620,0.004429347813129425
25621,0.0056360382586717606
25622,0.004133080132305622
25623,0.005124404560774565
25624,0.005007535219192505
25625,0.005033908411860466
25626,0.004866291303187609
25627,0.004118348937481642
25628,0.004553386475890875
25629,0.005056773312389851
25630,0.004714132286608219
25631,0.004965729545801878
25632,0.004755028057843447
25633,0.004244843032211065
25634,0.005809089634567499
25635,0.005442340858280659
25636,0.004883414600044489
25637,0.004695974290370941
25638,0.00471111387014389
25639,0.004544495139271021
25640,0.005102950613945723
25641,0.004818774294108152
25642,0.004708162974566221
25643,0.004784886259585619
25644,0.0047017489559948444
25645,0.004999587312340736
25646,0.005176074802875519
25647,0.004621800035238266
25648,0.004862118978053331
25649,0.0056780679151415825
25650,0.0048448313027620316
25651,0.004883733112365007
25652,0.005184484180063009
25653,0.005446396768093109
25654,0.004979598335921764
25655,0.005061844829469919
25656,0.004956256598234177
25657,0.00455973157659173
25658,0.005577500443905592
25659,0.004622404929250479
25660,0.005503513850271702
25661,0.004519970156252384
25662,0.005289048887789249
25663,0.0049592554569244385
25664,0.004296386148780584
25665,0.00502691138535738
25666,0.005271315574645996
25667,0.005914547014981508
25668,0.004064806737005711
25669,0.005010342691093683
25670,0.00428834417834878
25671,0.005198350641876459
25672,0.004696977324783802
25673,0.0046538375318050385
25674,0.004749728366732597
25675,0.004958517849445343
25676,0.004937551449984312
25677,0.005020914599299431
25678,0.005211201496422291
25679,0.004732596222311258
25680,0.004323726985603571
25681,0.005553182680159807
25682,0.004544501658529043
25683,0.005856610368937254
25684,0.0048470692709088326
25685,0.005052614491432905
25686,0.004531217738986015
25687,0.004716986790299416
25688,0.004621656145900488
25689,0.005471815355122089
25690,0.004863743670284748
25691,0.004917701706290245
25692,0.004684226121753454
25693,0.004283946473151445
25694,0.005082628224045038
25695,0.004221370909363031
25696,0.004534482955932617
25697,0.005458487197756767
25698,0.005676197819411755
25699,0.004937929101288319
25700,0.006197480019181967
25701,0.004004886373877525
25702,0.005129566881805658
25703,0.004073597490787506
25704,0.004996765870600939
25705,0.005238674581050873
25706,0.004568088334053755
25707,0.0047090789303183556
25708,0.004868199583142996
25709,0.005424418020993471
25710,0.0056069218553602695
25711,0.005265052895992994
25712,0.0045752450823783875
25713,0.00506296893581748
25714,0.004857958294451237
25715,0.004503035452216864
25716,0.00542779266834259
25717,0.00522054685279727
25718,0.005000279750674963
25719,0.004981873091310263
25720,0.00463046645745635
25721,0.004556422121822834
25722,0.004532191436737776
25723,0.0044120014645159245
25724,0.0055780247785151005
25725,0.0051565212197601795
25726,0.005340226925909519
25727,0.00444452790543437
25728,0.005410743877291679
25729,0.005842088721692562
25730,0.005108210723847151
25731,0.004735162947326899
25732,0.005391330923885107
25733,0.005082976538687944
25734,0.004866470117121935
25735,0.005461007356643677
25736,0.004686342086642981
25737,0.004477703478187323
25738,0.005218431819230318
25739,0.005228654947131872
25740,0.004625262226909399
25741,0.005593022331595421
25742,0.005168427247554064
25743,0.004624916706234217
25744,0.005194477271288633
25745,0.005129813216626644
25746,0.0049039265140891075
25747,0.005084845703095198
25748,0.004903246648609638
25749,0.004881145432591438
25750,0.005200773477554321
25751,0.005207998212426901
25752,0.005389925558120012
25753,0.004202573094516993
25754,0.0048936717212200165
25755,0.005034083034843206
25756,0.005045505706220865
25757,0.004909030161798
25758,0.005346227437257767
25759,0.0049581569619476795
25760,0.00428050197660923
25761,0.004564099945127964
25762,0.004940276965498924
25763,0.004599955398589373
25764,0.004854777827858925
25765,0.005019810050725937
25766,0.004643460735678673
25767,0.004457022063434124
25768,0.005628604907542467
25769,0.005080335307866335
25770,0.0047991154715418816
25771,0.004830457270145416
25772,0.004478103946894407
25773,0.005557536613196135
25774,0.004652391653507948
25775,0.004957186058163643
25776,0.005181536078453064
25777,0.005635300185531378
25778,0.004616746213287115
25779,0.005272609181702137
25780,0.004574391059577465
25781,0.004924761597067118
25782,0.005017152521759272
25783,0.00493838032707572
25784,0.004693241789937019
25785,0.005150940734893084
25786,0.004470138810575008
25787,0.0047279242426157
25788,0.004640534054487944
25789,0.005039670038968325
25790,0.0051807197742164135
25791,0.0047193183563649654
25792,0.005381136201322079
25793,0.004626765381544828
25794,0.005146668292582035
25795,0.004973812960088253
25796,0.004840061068534851
25797,0.004851130768656731
25798,0.004724334925413132
25799,0.005214162636548281
25800,0.004556042607873678
25801,0.00480195228010416
25802,0.004837636835873127
25803,0.006113268435001373
25804,0.004893529694527388
25805,0.004715198650956154
25806,0.005266423337161541
25807,0.00546500738710165
25808,0.004356771241873503
25809,0.004271301906555891
25810,0.004859423730522394
25811,0.004581870976835489
25812,0.004311901982873678
25813,0.005135276820510626
25814,0.004751094616949558
25815,0.004706413019448519
25816,0.0043184952810406685
25817,0.005246458109468222
25818,0.004553855396807194
25819,0.004391124937683344
25820,0.005149868316948414
25821,0.004837201442569494
25822,0.005587149877101183
25823,0.005364751908928156
25824,0.004227833356708288
25825,0.004417202901095152
25826,0.0044846548698842525
25827,0.004944502376019955
25828,0.004393584094941616
25829,0.0048177288845181465
25830,0.005251989234238863
25831,0.004753140266984701
25832,0.004854201339185238
25833,0.004863206297159195
25834,0.005065297707915306
25835,0.004784048069268465
25836,0.0042638154700398445
25837,0.004679071716964245
25838,0.004565531387925148
25839,0.005306700710207224
25840,0.004686526022851467
25841,0.004563698545098305
25842,0.004953864496201277
25843,0.004041493404656649
25844,0.005299796350300312
25845,0.0048728203400969505
25846,0.00439010513946414
25847,0.004872262477874756
25848,0.005045960657298565
25849,0.0043059042654931545
25850,0.005637654569000006
25851,0.005607489496469498
25852,0.005832100287079811
25853,0.00500132329761982
25854,0.004494327586144209
25855,0.0042738826014101505
25856,0.004459234420210123
25857,0.00472071161493659
25858,0.004781235009431839
25859,0.005349047482013702
25860,0.005113107617944479
25861,0.004990625660866499
25862,0.004903855733573437
25863,0.004964043851941824
25864,0.005386424716562033
25865,0.0046454742550849915
25866,0.005877992603927851
25867,0.004868971183896065
25868,0.005413862410932779
25869,0.004333836957812309
25870,0.004560195840895176
25871,0.004743298515677452
25872,0.004709507338702679
25873,0.005703844595700502
25874,0.005905390717089176
25875,0.004766146186739206
25876,0.004727318417280912
25877,0.005263394210487604
25878,0.0045021590776741505
25879,0.004838826134800911
25880,0.005132441408932209
25881,0.005163710098713636
25882,0.005918401759117842
25883,0.004588880576193333
25884,0.004960532765835524
25885,0.005839539226144552
25886,0.006082046777009964
25887,0.004433635622262955
25888,0.004547716584056616
25889,0.0054182205349206924
25890,0.004959899000823498
25891,0.004185365978628397
25892,0.005221514962613583
25893,0.004607643466442823
25894,0.004932607989758253
25895,0.0047500948421657085
25896,0.004894069861620665
25897,0.004936356097459793
25898,0.005523365456610918
25899,0.005183478817343712
25900,0.005042698234319687
25901,0.005493809934705496
25902,0.00460173049941659
25903,0.004477028734982014
25904,0.0058980779722332954
25905,0.0048723286017775536
25906,0.004819086287170649
25907,0.005005910526961088
25908,0.005455878097563982
25909,0.004752486944198608
25910,0.004718081559985876
25911,0.005049062892794609
25912,0.004722006153315306
25913,0.004887820221483707
25914,0.005295139737427235
25915,0.00470925634726882
25916,0.004786611068993807
25917,0.004968664143234491
25918,0.005001738201826811
25919,0.0053498102352023125
25920,0.005008660722523928
25921,0.005033716093748808
25922,0.005143164191395044
25923,0.004807126708328724
25924,0.005259063094854355
25925,0.0041822390630841255
25926,0.00457603856921196
25927,0.005914741661399603
25928,0.005787563510239124
25929,0.005347720347344875
25930,0.005785535555332899
25931,0.004848861135542393
25932,0.004392691422253847
25933,0.00474285613745451
25934,0.00465516559779644
25935,0.005116647575050592
25936,0.005173121578991413
25937,0.004708015359938145
25938,0.005426035728305578
25939,0.005307571031153202
25940,0.005276781972497702
25941,0.00502387247979641
25942,0.004862838890403509
25943,0.004721902310848236
25944,0.00471108965575695
25945,0.004809788428246975
25946,0.004844507668167353
25947,0.004792225547134876
25948,0.004939746577292681
25949,0.0045632957480847836
25950,0.004805782809853554
25951,0.00495915999636054
25952,0.0049906522035598755
25953,0.004868130665272474
25954,0.005547708831727505
25955,0.004752167966216803
25956,0.004570621531456709
25957,0.0052838739939033985
25958,0.004523076582700014
25959,0.004748073406517506
25960,0.0052746497094631195
25961,0.004611657466739416
25962,0.005203711800277233
25963,0.0053933304734528065
25964,0.004543916787952185
25965,0.005580248776823282
25966,0.004814196843653917
25967,0.005005978979170322
25968,0.005596342962235212
25969,0.004997584968805313
25970,0.005352481734007597
25971,0.0047317505814135075
25972,0.004720036871731281
25973,0.005658769514411688
25974,0.0053556859493255615
25975,0.004549938254058361
25976,0.005891051609069109
25977,0.005140644032508135
25978,0.005287860054522753
25979,0.005454440601170063
25980,0.0043536024168133736
25981,0.0045319353230297565
25982,0.005115262698382139
25983,0.005299780983477831
25984,0.004960755351930857
25985,0.004786201752722263
25986,0.00479422090575099
25987,0.004927294794470072
25988,0.004330575466156006
25989,0.004829739686101675
25990,0.005549921654164791
25991,0.005327133461833
25992,0.004493746906518936
25993,0.004876728169620037
25994,0.005060380324721336
25995,0.004380984231829643
25996,0.005303545854985714
25997,0.004687437321990728
25998,0.005111828446388245
25999,0.005245120730251074
26000,0.0050543127581477165
26001,0.004825448617339134
26002,0.0048025730066001415
26003,0.0053422711789608
26004,0.0045824539847671986
26005,0.004548201337456703
26006,0.004500819835811853
26007,0.00536230718716979
26008,0.004840399604290724
26009,0.0047362069599330425
26010,0.005509458482265472
26011,0.004504819866269827
26012,0.004771455191075802
26013,0.004583345260471106
26014,0.005004128906875849
26015,0.005481828469783068
26016,0.005121024791151285
26017,0.004756823182106018
26018,0.0054318467155098915
26019,0.005707232281565666
26020,0.004754344467073679
26021,0.004912117961794138
26022,0.004991810768842697
26023,0.005205568857491016
26024,0.0038802919443696737
26025,0.004583307541906834
26026,0.004841168411076069
26027,0.0054540266282856464
26028,0.005107516422867775
26029,0.00496091740205884
26030,0.004695929121226072
26031,0.004983437247574329
26032,0.005074794869869947
26033,0.00494739692658186
26034,0.005833697039633989
26035,0.0044333115220069885
26036,0.004942137748003006
26037,0.0053258016705513
26038,0.004049045965075493
26039,0.005085476208478212
26040,0.004670141264796257
26041,0.004304346162825823
26042,0.004809047561138868
26043,0.005133912432938814
26044,0.005151340272277594
26045,0.0046582305803895
26046,0.005478652194142342
26047,0.004877124447375536
26048,0.004266675096005201
26049,0.005673897452652454
26050,0.004771114327013493
26051,0.005155348218977451
26052,0.0052471584640443325
26053,0.004673770163208246
26054,0.0046758162789046764
26055,0.005466660019010305
26056,0.005014465656131506
26057,0.004215763416141272
26058,0.004834717605262995
26059,0.005157276056706905
26060,0.004823068156838417
26061,0.005108499899506569
26062,0.0044217780232429504
26063,0.004269672557711601
26064,0.0048698908649384975
26065,0.005018786061555147
26066,0.004773812834173441
26067,0.0050185625441372395
26068,0.004928114358335733
26069,0.004863310139626265
26070,0.005017935298383236
26071,0.004864212591201067
26072,0.005221858154982328
26073,0.004926181863993406
26074,0.005167138297110796
26075,0.0050619845278561115
26076,0.005576728377491236
26077,0.0044866763055324554
26078,0.005200779996812344
26079,0.0044774021953344345
26080,0.005129499360918999
26081,0.004760432988405228
26082,0.0049819438718259335
26083,0.0047917901538312435
26084,0.004353215452283621
26085,0.004827671218663454
26086,0.005249226465821266
26087,0.005564150866121054
26088,0.005210481118410826
26089,0.0055106934159994125
26090,0.005288825836032629
26091,0.006053528282791376
26092,0.004918815102428198
26093,0.004898728337138891
26094,0.00428855000063777
26095,0.004807996563613415
26096,0.004534423816949129
26097,0.005134308245033026
26098,0.004963486921042204
26099,0.004923511762171984
26100,0.004823243245482445
26101,0.004924268927425146
26102,0.005451589357107878
26103,0.005437180399894714
26104,0.0048606498166918755
26105,0.00494870450347662
26106,0.0049315085634589195
26107,0.004928765818476677
26108,0.0047600301913917065
26109,0.0048780315555632114
26110,0.004954962059855461
26111,0.005575580522418022
26112,0.0045936014503240585
26113,0.0049787722527980804
26114,0.0032129082828760147
26115,0.0050446875393390656
26116,0.004993710201233625
26117,0.005338654853403568
26118,0.005362655036151409
26119,0.005072696600109339
26120,0.004749867133796215
26121,0.00437443982809782
26122,0.004343054722994566
26123,0.005462012253701687
26124,0.004967592656612396
26125,0.005260690581053495
26126,0.004741761367768049
26127,0.004603588487952948
26128,0.005384504329413176
26129,0.004819930996745825
26130,0.005276785697788
26131,0.004918081685900688
26132,0.005107455886900425
26133,0.0044286674819886684
26134,0.004486745689064264
26135,0.004436283838003874
26136,0.005415067542344332
26137,0.004622223321348429
26138,0.005253053270280361
26139,0.004571072291582823
26140,0.004962575156241655
26141,0.005150271113961935
26142,0.005655268672853708
26143,0.005120354238897562
26144,0.005404883995652199
26145,0.004914333578199148
26146,0.0041196998208761215
26147,0.00418933667242527
26148,0.005288930609822273
26149,0.004977663513273001
26150,0.004994955845177174
26151,0.004740709438920021
26152,0.005736995954066515
26153,0.005126629024744034
26154,0.004376702476292849
26155,0.005328717175871134
26156,0.005203327164053917
26157,0.004923198372125626
26158,0.005579824559390545
26159,0.005731727462261915
26160,0.005172508768737316
26161,0.004498039837926626
26162,0.005140142515301704
26163,0.005222104024142027
26164,0.004721247591078281
26165,0.004893041215837002
26166,0.004739032592624426
26167,0.004453045316040516
26168,0.004892735276371241
26169,0.004737480543553829
26170,0.004893094301223755
26171,0.005298325791954994
26172,0.004904693923890591
26173,0.00496784457936883
26174,0.004602356813848019
26175,0.005062447860836983
26176,0.005135700106620789
26177,0.00453040050342679
26178,0.004548151511698961
26179,0.00562145933508873
26180,0.005175716709345579
26181,0.004807427991181612
26182,0.005392868537455797
26183,0.004755496978759766
26184,0.004702040459960699
26185,0.005905542988330126
26186,0.00536368228495121
26187,0.00489851925522089
26188,0.005014552269130945
26189,0.005170738324522972
26190,0.004031401593238115
26191,0.004914857912808657
26192,0.005153485108166933
26193,0.005386240314692259
26194,0.00447731651365757
26195,0.005009166430681944
26196,0.004794755019247532
26197,0.00549152959138155
26198,0.004834575578570366
26199,0.005022569093853235
26200,0.00513797253370285
26201,0.005072284955531359
26202,0.006055762059986591
26203,0.004684262443333864
26204,0.004897137638181448
26205,0.004761455114930868
26206,0.004391408991068602
26207,0.005218913778662682
26208,0.0046799941919744015
26209,0.004129004664719105
26210,0.004636414814740419
26211,0.005096945445984602
26212,0.005344098433852196
26213,0.005497482139617205
26214,0.005876185372471809
26215,0.004746126476675272
26216,0.004674939904361963
26217,0.004225282929837704
26218,0.00552135705947876
26219,0.004281171597540379
26220,0.004908018279820681
26221,0.004823592957109213
26222,0.005324188619852066
26223,0.004687691573053598
26224,0.004549854435026646
26225,0.005120147950947285
26226,0.0051739695481956005
26227,0.005051492713391781
26228,0.005059188697487116
26229,0.004825645592063665
26230,0.004482586868107319
26231,0.004700411111116409
26232,0.005432219710201025
26233,0.004563495051115751
26234,0.004866988398134708
26235,0.005655679386109114
26236,0.004676825366914272
26237,0.004545052535831928
26238,0.003935486543923616
26239,0.004715153947472572
26240,0.005421478301286697
26241,0.004793322179466486
26242,0.0043863593600690365
26243,0.004975398536771536
26244,0.005079775117337704
26245,0.004737910348922014
26246,0.004945219494402409
26247,0.005055525805801153
26248,0.005007456988096237
26249,0.004052944015711546
26250,0.005516291595995426
26251,0.004699553828686476
26252,0.0045625632628798485
26253,0.005475269630551338
26254,0.005341814365237951
26255,0.00491505628451705
26256,0.005297924857586622
26257,0.005359089467674494
26258,0.005411333404481411
26259,0.0046118139289319515
26260,0.004825075622648001
26261,0.004415685776621103
26262,0.004671285394579172
26263,0.00543473195284605
26264,0.0045286258682608604
26265,0.004621486179530621
26266,0.004023300483822823
26267,0.004512013867497444
26268,0.004425501450896263
26269,0.004903030581772327
26270,0.004728137049823999
26271,0.004654237534850836
26272,0.003759299172088504
26273,0.005721773952245712
26274,0.004884828347712755
26275,0.0057152980007231236
26276,0.0048730093985795975
26277,0.004857913590967655
26278,0.0049532330594956875
26279,0.005146543961018324
26280,0.004748092032968998
26281,0.005813364405184984
26282,0.005066492594778538
26283,0.0052192844450473785
26284,0.005422173533588648
26285,0.00520507525652647
26286,0.005311929155141115
26287,0.0054961442947387695
26288,0.004934679251164198
26289,0.0055494592525064945
26290,0.005025490187108517
26291,0.004949158988893032
26292,0.005012645851820707
26293,0.0047192503698170185
26294,0.004790026694536209
26295,0.004904477391391993
26296,0.004992990754544735
26297,0.004491288214921951
26298,0.005094833206385374
26299,0.004457294940948486
26300,0.004392797127366066
26301,0.0044558485969901085
26302,0.00525522930547595
26303,0.004887350369244814
26304,0.004420495592057705
26305,0.004332279320806265
26306,0.004985207226127386
26307,0.0044167013838887215
26308,0.0047538913786411285
26309,0.005118903703987598
26310,0.005238535813987255
26311,0.004557048436254263
26312,0.005709432996809483
26313,0.004566011019051075
26314,0.004641878418624401
26315,0.00489188963547349
26316,0.0054062604904174805
26317,0.004905229900032282
26318,0.00481664203107357
26319,0.004371796268969774
26320,0.0046838680282235146
26321,0.005036167334765196
26322,0.005234888754785061
26323,0.0050017330795526505
26324,0.004488612990826368
26325,0.0061079366132617
26326,0.0045758518390357494
26327,0.006003334186971188
26328,0.004939639009535313
26329,0.005179881118237972
26330,0.005139031447470188
26331,0.005380685906857252
26332,0.00469089113175869
26333,0.004175527021288872
26334,0.0045766038820147514
26335,0.004691031761467457
26336,0.004655803088098764
26337,0.005306257400661707
26338,0.00524076959118247
26339,0.004628094844520092
26340,0.005325468257069588
26341,0.005101686343550682
26342,0.005340860690921545
26343,0.004707070533186197
26344,0.004458117764443159
26345,0.004911142401397228
26346,0.004658684134483337
26347,0.004613055381923914
26348,0.0045480583794415
26349,0.004627542570233345
26350,0.004598256666213274
26351,0.005012793466448784
26352,0.0049607884138822556
26353,0.0052810595370829105
26354,0.004962960723787546
26355,0.0040788352489471436
26356,0.005030069965869188
26357,0.005248765926808119
26358,0.003827939508482814
26359,0.004948640242218971
26360,0.004822030663490295
26361,0.005117243621498346
26362,0.00535326823592186
26363,0.004883553832769394
26364,0.004855901934206486
26365,0.004009336698800325
26366,0.0043301028199493885
26367,0.004780653864145279
26368,0.004872467834502459
26369,0.004379364661872387
26370,0.00573387136682868
26371,0.0054761627689003944
26372,0.004865729715675116
26373,0.005144617520272732
26374,0.0044640772975981236
26375,0.0043663098476827145
26376,0.005736519582569599
26377,0.005312053021043539
26378,0.004561108071357012
26379,0.0050318376161158085
26380,0.0056415037252008915
26381,0.004861457273364067
26382,0.004815815016627312
26383,0.004692802671343088
26384,0.004680271726101637
26385,0.004651498049497604
26386,0.0044656479731202126
26387,0.0050869230180978775
26388,0.0052933762781322
26389,0.0044342223554849625
26390,0.004968295339494944
26391,0.0047581009566783905
26392,0.0053346906788647175
26393,0.005636012181639671
26394,0.004565914627164602
26395,0.004881272558122873
26396,0.004644111730158329
26397,0.004305041860789061
26398,0.004849276039749384
26399,0.005575575400143862
26400,0.004945088177919388
26401,0.0058015924878418446
26402,0.0044953906908631325
26403,0.004884748719632626
26404,0.00481817964464426
26405,0.004732689820230007
26406,0.0047724489122629166
26407,0.004880890250205994
26408,0.0043874457478523254
26409,0.005378975998610258
26410,0.0050535970367491245
26411,0.00456957658752799
26412,0.004931200761348009
26413,0.004211764317005873
26414,0.004624838475137949
26415,0.004355640150606632
26416,0.004850389435887337
26417,0.00478103244677186
26418,0.004289952572435141
26419,0.0050265309400856495
26420,0.005194650962948799
26421,0.0049311332404613495
26422,0.005563228391110897
26423,0.0047892420552670956
26424,0.005258214194327593
26425,0.004596560727804899
26426,0.004500943701714277
26427,0.004755836445838213
26428,0.00517492787912488
26429,0.0048207673244178295
26430,0.004866721574217081
26431,0.004912097007036209
26432,0.004880848806351423
26433,0.004978128708899021
26434,0.005285854451358318
26435,0.004984924104064703
26436,0.004188571125268936
26437,0.004967987071722746
26438,0.005083235912024975
26439,0.005170159507542849
26440,0.004427964333444834
26441,0.005065012723207474
26442,0.005044581834226847
26443,0.005221389699727297
26444,0.0048167286440730095
26445,0.004733826499432325
26446,0.005306864157319069
26447,0.004782108124345541
26448,0.0054030753672122955
26449,0.004629177041351795
26450,0.00496439216658473
26451,0.0046814726665616035
26452,0.004861530847847462
26453,0.005019937641918659
26454,0.004286658484488726
26455,0.005575792398303747
26456,0.004609353374689817
26457,0.00572607247158885
26458,0.005400022026151419
26459,0.004774567671120167
26460,0.0046281046234071255
26461,0.005321740638464689
26462,0.00509163923561573
26463,0.005312942899763584
26464,0.0051295761950314045
26465,0.005564147140830755
26466,0.005496032536029816
26467,0.0050507173873484135
26468,0.00432944530621171
26469,0.005061005707830191
26470,0.005172702483832836
26471,0.0048256488516926765
26472,0.004623784683644772
26473,0.005145924631506205
26474,0.004893324337899685
26475,0.0053214081563055515
26476,0.00464218482375145
26477,0.004637601785361767
26478,0.004352776799350977
26479,0.004874726291745901
26480,0.0048655131831765175
26481,0.004896170925348997
26482,0.005201441701501608
26483,0.0049585578963160515
26484,0.00496319867670536
26485,0.005004603415727615
26486,0.004425790626555681
26487,0.005043386947363615
26488,0.004859843757003546
26489,0.005023438949137926
26490,0.003989814780652523
26491,0.005072932690382004
26492,0.004651051014661789
26493,0.004924411419779062
26494,0.005120343528687954
26495,0.004811801016330719
26496,0.005619193892925978
26497,0.004422894679009914
26498,0.0047590471804142
26499,0.004724951460957527
26500,0.005187461618334055
26501,0.005153147503733635
26502,0.00450974190607667
26503,0.005050967447459698
26504,0.005438437685370445
26505,0.004932691343128681
26506,0.005093191750347614
26507,0.004485872574150562
26508,0.00463988957926631
26509,0.004859050735831261
26510,0.004212507512420416
26511,0.004923123866319656
26512,0.004772340878844261
26513,0.005296205170452595
26514,0.005229322239756584
26515,0.0058189881965518
26516,0.004393425770103931
26517,0.004434908274561167
26518,0.004853269550949335
26519,0.004959810990840197
26520,0.0041442872025072575
26521,0.004566412419080734
26522,0.005389025900512934
26523,0.004970110487192869
26524,0.004692780785262585
26525,0.004875539802014828
26526,0.0050735254772007465
26527,0.004165564198046923
26528,0.0050798566080629826
26529,0.004158083815127611
26530,0.005383769515901804
26531,0.004554492421448231
26532,0.004565726034343243
26533,0.004985747393220663
26534,0.004490886814892292
26535,0.0047986870631575584
26536,0.00470628309994936
26537,0.004756322130560875
26538,0.004596991464495659
26539,0.004946845583617687
26540,0.005308701191097498
26541,0.004753877408802509
26542,0.004595627076923847
26543,0.0045203459449112415
26544,0.005293314345180988
26545,0.00552723603323102
26546,0.005376898217946291
26547,0.004891111049801111
26548,0.0054586282931268215
26549,0.004958977457135916
26550,0.004833620972931385
26551,0.004443034995347261
26552,0.004759039264172316
26553,0.004908311180770397
26554,0.004445643164217472
26555,0.004936597775667906
26556,0.0045501599088311195
26557,0.005322218406945467
26558,0.004953485913574696
26559,0.005485756788402796
26560,0.0043512205593287945
26561,0.005089183803647757
26562,0.005139938555657864
26563,0.005440960638225079
26564,0.00458569684997201
26565,0.00490190926939249
26566,0.005392833147197962
26567,0.004829887300729752
26568,0.004709959030151367
26569,0.004164631478488445
26570,0.005088979844003916
26571,0.005863741505891085
26572,0.0049722399562597275
26573,0.004996690433472395
26574,0.0043217153288424015
26575,0.004775407258421183
26576,0.00521840900182724
26577,0.004749075043946505
26578,0.004508454818278551
26579,0.004866964649409056
26580,0.005288465414196253
26581,0.004768851678818464
26582,0.004525306634604931
26583,0.004686606116592884
26584,0.004927893169224262
26585,0.0043142735958099365
26586,0.0057097855024039745
26587,0.004587942734360695
26588,0.005271497648209333
26589,0.0046822489239275455
26590,0.00527748791500926
26591,0.004060713574290276
26592,0.004673548508435488
26593,0.00514230178669095
26594,0.004998594988137484
26595,0.004842391237616539
26596,0.004981653299182653
26597,0.004790137056261301
26598,0.004974709823727608
26599,0.005173608660697937
26600,0.005619807634502649
26601,0.004732784815132618
26602,0.005223288666456938
26603,0.005510279908776283
26604,0.005274393130093813
26605,0.004784415941685438
26606,0.004258344881236553
26607,0.0053434111177921295
26608,0.006157740484923124
26609,0.005231887102127075
26610,0.004477065056562424
26611,0.005185951944440603
26612,0.005018069874495268
26613,0.004500586539506912
26614,0.00420296611264348
26615,0.005528958048671484
26616,0.00496127363294363
26617,0.004707316402345896
26618,0.004289625678211451
26619,0.004285764880478382
26620,0.004258329514414072
26621,0.004624472931027412
26622,0.005118109751492739
26623,0.0050298538990318775
26624,0.004275933839380741
26625,0.004902353975921869
26626,0.005268546286970377
26627,0.004623067565262318
26628,0.005222494713962078
26629,0.004685637541115284
26630,0.004615986254066229
26631,0.0047324406914412975
26632,0.004936992656439543
26633,0.004475223831832409
26634,0.005489783361554146
26635,0.005435060244053602
26636,0.005097585264593363
26637,0.004513464402407408
26638,0.0036335214972496033
26639,0.004558759741485119
26640,0.004779135342687368
26641,0.004922801163047552
26642,0.004838868509978056
26643,0.004349051043391228
26644,0.00505818659439683
26645,0.0045641460455954075
26646,0.004604151006788015
26647,0.005266616120934486
26648,0.006117935758084059
26649,0.004853202495723963
26650,0.004462976008653641
26651,0.004276955500245094
26652,0.0046446300111711025
26653,0.0048667932860553265
26654,0.00450533302500844
26655,0.004489992745220661
26656,0.0044459206983447075
26657,0.004707350395619869
26658,0.004787549842149019
26659,0.004815961234271526
26660,0.004872300196439028
26661,0.004995777737349272
26662,0.004785740282386541
26663,0.004857710562646389
26664,0.00477425754070282
26665,0.00451936898753047
26666,0.00446883961558342
26667,0.00433983001857996
26668,0.004947734996676445
26669,0.004057246260344982
26670,0.004823626484721899
26671,0.005857698153704405
26672,0.0051476252265274525
26673,0.004410402849316597
26674,0.005018708761781454
26675,0.005295938346534967
26676,0.00460027763620019
26677,0.0048439945094287395
26678,0.00528103718534112
26679,0.004505740012973547
26680,0.004570889752358198
26681,0.004931702744215727
26682,0.004676755517721176
26683,0.005187143571674824
26684,0.004512438550591469
26685,0.004135101567953825
26686,0.0049865576438605785
26687,0.005109467078000307
26688,0.005945094395428896
26689,0.004641737788915634
26690,0.004523232579231262
26691,0.004051506519317627
26692,0.0043741390109062195
26693,0.0045443507842719555
26694,0.005379649344831705
26695,0.004733170848339796
26696,0.004227994475513697
26697,0.00444031273946166
26698,0.004750202875584364
26699,0.005623255856335163
26700,0.004462772980332375
26701,0.0048861633986234665
26702,0.0043714107014238834
26703,0.004685031250119209
26704,0.005686117336153984
26705,0.004554140847176313
26706,0.0049737622030079365
26707,0.003708537667989731
26708,0.005469979252666235
26709,0.004734870046377182
26710,0.004639786202460527
26711,0.005427828058600426
26712,0.005113929510116577
26713,0.0049967593513429165
26714,0.004831647966057062
26715,0.004640668164938688
26716,0.005645563825964928
26717,0.0052975844591856
26718,0.0059505971148610115
26719,0.005156736355274916
26720,0.005251323338598013
26721,0.004569769371300936
26722,0.004215443506836891
26723,0.0043339901603758335
26724,0.005113579332828522
26725,0.005062092561274767
26726,0.004705679137259722
26727,0.004928941372781992
26728,0.004670226480811834
26729,0.005046969745308161
26730,0.004801467061042786
26731,0.004945347085595131
26732,0.004249044694006443
26733,0.004921433981508017
26734,0.004939513746649027
26735,0.0050670369528234005
26736,0.004363097716122866
26737,0.0046286508440971375
26738,0.005033864639699459
26739,0.004747243132442236
26740,0.005353424232453108
26741,0.005324976518750191
26742,0.005463137291371822
26743,0.00459971884265542
26744,0.00537320040166378
26745,0.004322073422372341
26746,0.004719490185379982
26747,0.005079852417111397
26748,0.004611138720065355
26749,0.005548290442675352
26750,0.0053544603288173676
26751,0.004688788205385208
26752,0.00549084460362792
26753,0.004581446293741465
26754,0.005318797659128904
26755,0.004727167543023825
26756,0.005014349706470966
26757,0.0050004287622869015
26758,0.004823524970561266
26759,0.004402728285640478
26760,0.00494047999382019
26761,0.005210884381085634
26762,0.004805386997759342
26763,0.005036128219217062
26764,0.005015106406062841
26765,0.004553496837615967
26766,0.005570190493017435
26767,0.0050243232399225235
26768,0.004440212622284889
26769,0.004125931300222874
26770,0.004611614625900984
26771,0.004415052477270365
26772,0.004899646621197462
26773,0.004867724608629942
26774,0.004788456484675407
26775,0.0055360253900289536
26776,0.0055082389153540134
26777,0.004459766671061516
26778,0.005337891168892384
26779,0.0043564229272305965
26780,0.004708984866738319
26781,0.0051681892946362495
26782,0.004896639380604029
26783,0.005485714878886938
26784,0.004939463920891285
26785,0.004935953300446272
26786,0.00520015973597765
26787,0.00500824861228466
26788,0.004687928128987551
26789,0.005028309766203165
26790,0.005159195512533188
26791,0.004361764993518591
26792,0.004409609828144312
26793,0.005061943084001541
26794,0.004891447257250547
26795,0.004375040996819735
26796,0.004500628914684057
26797,0.005428668111562729
26798,0.004958811216056347
26799,0.004846477415412664
26800,0.004831596743315458
26801,0.0047360858879983425
26802,0.0044740065932273865
26803,0.00518434215337038
26804,0.005080188158899546
26805,0.0047385357320308685
26806,0.005612047389149666
26807,0.0045241196639835835
26808,0.00542745366692543
26809,0.004903156775981188
26810,0.0038582601118832827
26811,0.0049685100093483925
26812,0.004973926115781069
26813,0.004869736731052399
26814,0.0042027560994029045
26815,0.005251879338175058
26816,0.005183561705052853
26817,0.004826977849006653
26818,0.0048114582896232605
26819,0.004628412425518036
26820,0.005124126560986042
26821,0.005626341328024864
26822,0.00477224076166749
26823,0.005716236308217049
26824,0.005395650863647461
26825,0.004463698249310255
26826,0.004953529220074415
26827,0.005065011326223612
26828,0.004915482830256224
26829,0.0044825575314462185
26830,0.004548704717308283
26831,0.004583615809679031
26832,0.004102048464119434
26833,0.004784898366779089
26834,0.004233259242027998
26835,0.004864960443228483
26836,0.005352916195988655
26837,0.004518241621553898
26838,0.005269224755465984
26839,0.005520720966160297
26840,0.004683292005211115
26841,0.005142641253769398
26842,0.004134932532906532
26843,0.0053033409640192986
26844,0.0052968580275774
26845,0.0054530487395823
26846,0.004819124937057495
26847,0.005071599502116442
26848,0.004304339177906513
26849,0.004622453358024359
26850,0.0050653982907533646
26851,0.004844708368182182
26852,0.00500593101605773
26853,0.004760634619742632
26854,0.00503917969763279
26855,0.005278300028294325
26856,0.004571879282593727
26857,0.005275026895105839
26858,0.005328943021595478
26859,0.004697367083281279
26860,0.004809561651200056
26861,0.004380852449685335
26862,0.005225559696555138
26863,0.005696022883057594
26864,0.004729920532554388
26865,0.004994155373424292
26866,0.005180370528250933
26867,0.004373654257506132
26868,0.00559941865503788
26869,0.004828170407563448
26870,0.005191270262002945
26871,0.004419004078954458
26872,0.004751091357320547
26873,0.0051126861944794655
26874,0.004945619031786919
26875,0.004951984155923128
26876,0.00528604444116354
26877,0.0037453132681548595
26878,0.005023452918976545
26879,0.00535171153023839
26880,0.00508095370605588
26881,0.004687299020588398
26882,0.0042718155309557915
26883,0.005395278334617615
26884,0.00559413805603981
26885,0.0045450846664607525
26886,0.00460450816899538
26887,0.004920670762658119
26888,0.005179497878998518
26889,0.00460426788777113
26890,0.004637187346816063
26891,0.00500040827319026
26892,0.004952246323227882
26893,0.004999017808586359
26894,0.004254785366356373
26895,0.004921811167150736
26896,0.004499269649386406
26897,0.005306442733854055
26898,0.005025868769735098
26899,0.005172443576157093
26900,0.005133289843797684
26901,0.004882261157035828
26902,0.004821729846298695
26903,0.004658269230276346
26904,0.004415609408169985
26905,0.0048962607979774475
26906,0.0043537067249417305
26907,0.00473486864939332
26908,0.004866537172347307
26909,0.004895491525530815
26910,0.004250617697834969
26911,0.004799976944923401
26912,0.004970802925527096
26913,0.004615666810423136
26914,0.004673676565289497
26915,0.005357600748538971
26916,0.005162637680768967
26917,0.004792355000972748
26918,0.0049584731459617615
26919,0.0047880480997264385
26920,0.0048041450791060925
26921,0.004955616779625416
26922,0.004794299602508545
26923,0.005223606247454882
26924,0.004778928589075804
26925,0.0052394564263522625
26926,0.00489062862470746
26927,0.00452087027952075
26928,0.004842583555728197
26929,0.004611475858837366
26930,0.004512574058026075
26931,0.004344593733549118
26932,0.004735393915325403
26933,0.005702497437596321
26934,0.004905411507934332
26935,0.005306979641318321
26936,0.004999022465199232
26937,0.004384436644613743
26938,0.004300135187804699
26939,0.004295380786061287
26940,0.004880215507000685
26941,0.005171679425984621
26942,0.005408379714936018
26943,0.0047867195680737495
26944,0.005009510088711977
26945,0.0045495470985770226
26946,0.004371209070086479
26947,0.0044075013138353825
26948,0.004681270103901625
26949,0.004508491605520248
26950,0.004987874533981085
26951,0.004726966843008995
26952,0.004496637731790543
26953,0.005316388793289661
26954,0.00434966990724206
26955,0.005480392836034298
26956,0.004639286547899246
26957,0.005373413674533367
26958,0.005101370625197887
26959,0.004491501487791538
26960,0.004586118273437023
26961,0.00452220905572176
26962,0.004143379628658295
26963,0.00472657848149538
26964,0.004683586303144693
26965,0.005299077834933996
26966,0.0054924809373915195
26967,0.004866486415266991
26968,0.005224079824984074
26969,0.004954382311552763
26970,0.004573431797325611
26971,0.0048487442545592785
26972,0.0043813795782625675
26973,0.004904510919004679
26974,0.004736192524433136
26975,0.004138263873755932
26976,0.004970020614564419
26977,0.004796847701072693
26978,0.00465808529406786
26979,0.005527240224182606
26980,0.004577808082103729
26981,0.00415745610371232
26982,0.004396972246468067
26983,0.004999208729714155
26984,0.005689956247806549
26985,0.005031457636505365
26986,0.004855061415582895
26987,0.005129906348884106
26988,0.0042605348862707615
26989,0.004962967708706856
26990,0.004624423570930958
26991,0.004351804498583078
26992,0.005131512880325317
26993,0.005293631460517645
26994,0.00577580789104104
26995,0.005596798378974199
26996,0.004767380654811859
26997,0.005292101763188839
26998,0.004614992067217827
26999,0.004831784404814243
27000,0.004658679943531752
27001,0.0053835464641451836
27002,0.004818179178982973
27003,0.004106900654733181
27004,0.005260216072201729
27005,0.0048476518131792545
27006,0.005120585206896067
27007,0.004847497679293156
27008,0.00519230030477047
27009,0.004222133196890354
27010,0.004908952862024307
27011,0.004804237745702267
27012,0.005284016951918602
27013,0.0049622757360339165
27014,0.004982536192983389
27015,0.0041018337942659855
27016,0.0039481124840676785
27017,0.00471972580999136
27018,0.004950093571096659
27019,0.0055187116377055645
27020,0.0047233556397259235
27021,0.00466451421380043
27022,0.0044729867950081825
27023,0.004527788143604994
27024,0.005151631776243448
27025,0.004710362758487463
27026,0.004939245991408825
27027,0.0053073023445904255
27028,0.005095633678138256
27029,0.004308149218559265
27030,0.004081512801349163
27031,0.005154263693839312
27032,0.0043212538585066795
27033,0.004544640425592661
27034,0.004870132077485323
27035,0.004530031234025955
27036,0.005910974927246571
27037,0.004770164843648672
27038,0.005538093391805887
27039,0.0055195423774421215
27040,0.005175162572413683
27041,0.005061658099293709
27042,0.00506999809294939
27043,0.004543865565210581
27044,0.005163784604519606
27045,0.0046994430013000965
27046,0.005318637005984783
27047,0.005743449088186026
27048,0.005168810486793518
27049,0.005029834806919098
27050,0.0043552229180932045
27051,0.005061607342213392
27052,0.0042533488012850285
27053,0.0047220150008797646
27054,0.004459698218852282
27055,0.004948570858687162
27056,0.004624621942639351
27057,0.004960642196238041
27058,0.0043602897785604
27059,0.004154842346906662
27060,0.004729538224637508
27061,0.004098739940673113
27062,0.0049286154098808765
27063,0.00468469550833106
27064,0.004821933340281248
27065,0.005621899385005236
27066,0.004697276279330254
27067,0.004623767454177141
27068,0.005423771217465401
27069,0.0045302677899599075
27070,0.004938153550028801
27071,0.005414543207734823
27072,0.0044888341799378395
27073,0.005250126123428345
27074,0.0046319011598825455
27075,0.0051657659932971
27076,0.00409352732822299
27077,0.005209175869822502
27078,0.0043651023879647255
27079,0.005178426392376423
27080,0.004683561157435179
27081,0.005680255591869354
27082,0.004973097238689661
27083,0.004797319415956736
27084,0.00458477484062314
27085,0.004589144140481949
27086,0.00519151147454977
27087,0.0049085165373981
27088,0.004737530834972858
27089,0.0048369658179581165
27090,0.0046594394370913506
27091,0.00445187883451581
27092,0.0059552364982664585
27093,0.004939046688377857
27094,0.004304930102080107
27095,0.004790147300809622
27096,0.0057176570408046246
27097,0.004959332291036844
27098,0.004714601207524538
27099,0.004631189629435539
27100,0.004633311647921801
27101,0.004445135127753019
27102,0.005128000862896442
27103,0.0054112509824335575
27104,0.004598530475050211
27105,0.0047187283635139465
27106,0.004691151902079582
27107,0.005147267132997513
27108,0.005216752644628286
27109,0.00513931130990386
27110,0.0044256169348955154
27111,0.005147606134414673
27112,0.005392094142735004
27113,0.0050833928398787975
27114,0.0040095834992825985
27115,0.004952107556164265
27116,0.005070710089057684
27117,0.004219230264425278
27118,0.004723646678030491
27119,0.005004735663533211
27120,0.004138485994189978
27121,0.004576400853693485
27122,0.00554310530424118
27123,0.005180229898542166
27124,0.00479601277038455
27125,0.005372319370508194
27126,0.004525706637650728
27127,0.004597491584718227
27128,0.004246302880346775
27129,0.005395221523940563
27130,0.005118806380778551
27131,0.004878595471382141
27132,0.005113998427987099
27133,0.004711280111223459
27134,0.005138049367815256
27135,0.004375255201011896
27136,0.0046898857690393925
27137,0.004860132001340389
27138,0.0045214202255010605
27139,0.005375380162149668
27140,0.005706411320716143
27141,0.005475755315274
27142,0.00429708743467927
27143,0.004547181539237499
27144,0.004990627523511648
27145,0.004724034108221531
27146,0.004969519097357988
27147,0.00554035184904933
27148,0.005087471567094326
27149,0.004471354186534882
27150,0.0050226859748363495
27151,0.004095385782420635
27152,0.004349214024841785
27153,0.004658516962081194
27154,0.005004258826375008
27155,0.0046994490548968315
27156,0.004777894821017981
27157,0.005614781752228737
27158,0.0041567487642169
27159,0.005283446051180363
27160,0.00542924739420414
27161,0.004969369620084763
27162,0.004815851338207722
27163,0.005267287604510784
27164,0.00488022156059742
27165,0.004278953652828932
27166,0.005602490622550249
27167,0.004008615855127573
27168,0.003989027347415686
27169,0.005487070884555578
27170,0.005308808758854866
27171,0.004090087488293648
27172,0.005136918742209673
27173,0.005431033670902252
27174,0.004911237396299839
27175,0.004961329512298107
27176,0.0049856179393827915
27177,0.004801045171916485
27178,0.005538422614336014
27179,0.005436958745121956
27180,0.005092356353998184
27181,0.005230957642197609
27182,0.0044015240855515
27183,0.004924035631120205
27184,0.004737226292490959
27185,0.004408034961670637
27186,0.0048357099294662476
27187,0.005013587418943644
27188,0.0050031994469463825
27189,0.004103946965187788
27190,0.0042473445646464825
27191,0.004345378372818232
27192,0.005002564750611782
27193,0.005796671379357576
27194,0.005529406014829874
27195,0.005245895124971867
27196,0.004583457484841347
27197,0.005159574095159769
27198,0.00508509948849678
27199,0.005964918062090874
27200,0.004971043672412634
27201,0.005260481033474207
27202,0.005559003911912441
27203,0.004768024198710918
27204,0.005042825359851122
27205,0.004708525724709034
27206,0.004521963186562061
27207,0.004533345811069012
27208,0.005026193801313639
27209,0.004840994719415903
27210,0.004848575219511986
27211,0.004969555884599686
27212,0.004969159606844187
27213,0.004027238115668297
27214,0.005025052931159735
27215,0.0047208690084517
27216,0.005257099866867065
27217,0.005530803930014372
27218,0.004692339804023504
27219,0.005469793453812599
27220,0.0046670944429934025
27221,0.004913203418254852
27222,0.004692329093813896
27223,0.004468620289117098
27224,0.0049318792298436165
27225,0.0052930633537471294
27226,0.004956143908202648
27227,0.00513747613877058
27228,0.004603374283760786
27229,0.005363731179386377
27230,0.004392816219478846
27231,0.00572721753269434
27232,0.0041771577671170235
27233,0.005505825392901897
27234,0.004295843653380871
27235,0.005144973751157522
27236,0.004330457653850317
27237,0.005670720245689154
27238,0.003947230521589518
27239,0.004611752461642027
27240,0.005510859191417694
27241,0.00489676371216774
27242,0.005276824813336134
27243,0.005202398635447025
27244,0.004536323249340057
27245,0.00467336643487215
27246,0.0043067303486168385
27247,0.005567300133407116
27248,0.005016130395233631
27249,0.005254676565527916
27250,0.004450112581253052
27251,0.005061399657279253
27252,0.004913686774671078
27253,0.005013964604586363
27254,0.004700541030615568
27255,0.004725009668618441
27256,0.005289834458380938
27257,0.005318372510373592
27258,0.004476266447454691
27259,0.005212059710174799
27260,0.005151113960891962
27261,0.004855722654610872
27262,0.005420487839728594
27263,0.005341165233403444
27264,0.004543405957520008
27265,0.004921542014926672
27266,0.004792757797986269
27267,0.004853495862334967
27268,0.004827549215406179
27269,0.005524760112166405
27270,0.004895112477242947
27271,0.004466445185244083
27272,0.005128974560648203
27273,0.004498064983636141
27274,0.005301418714225292
27275,0.003801973070949316
27276,0.005219640210270882
27277,0.005660057533532381
27278,0.004479866474866867
27279,0.005006583873182535
27280,0.0054006013087928295
27281,0.004631941206753254
27282,0.004303210414946079
27283,0.004780143965035677
27284,0.004483741242438555
27285,0.0046837711706757545
27286,0.004688418470323086
27287,0.00544806057587266
27288,0.005123466718941927
27289,0.004982946440577507
27290,0.005052270833402872
27291,0.005089566111564636
27292,0.005584279075264931
27293,0.004844960756599903
27294,0.004194754175841808
27295,0.00481977965682745
27296,0.004735375288873911
27297,0.0049227504059672356
27298,0.00452223839238286
27299,0.005707243457436562
27300,0.0046855551190674305
27301,0.004622295964509249
27302,0.003976990468800068
27303,0.004402810707688332
27304,0.004969702567905188
27305,0.005154160782694817
27306,0.005042301490902901
27307,0.004424475133419037
27308,0.005230664275586605
27309,0.004629072733223438
27310,0.005182956345379353
27311,0.0043603237718343735
27312,0.005034601781517267
27313,0.005450978875160217
27314,0.005431764759123325
27315,0.00512000173330307
27316,0.004904364701360464
27317,0.005342700984328985
27318,0.005156355910003185
27319,0.004921273328363895
27320,0.004977347329258919
27321,0.005162941291928291
27322,0.004210492130368948
27323,0.004930468276143074
27324,0.004802599549293518
27325,0.005157293286174536
27326,0.004964540712535381
27327,0.004438234958797693
27328,0.004857138730585575
27329,0.005334905348718166
27330,0.0058096484281122684
27331,0.00503232516348362
27332,0.005077667068690062
27333,0.003969090990722179
27334,0.004407512955367565
27335,0.004948831629008055
27336,0.0047339280135929585
27337,0.005231175571680069
27338,0.0046331207267940044
27339,0.004763003438711166
27340,0.004210274666547775
27341,0.004605589434504509
27342,0.004585230257362127
27343,0.005281102377921343
27344,0.004915184807032347
27345,0.004957776051014662
27346,0.005164028611034155
27347,0.004416423384100199
27348,0.005597099661827087
27349,0.005410650745034218
27350,0.005057488102465868
27351,0.0046487534418702126
27352,0.004839662462472916
27353,0.005004351492971182
27354,0.005347673315554857
27355,0.0055122412741184235
27356,0.00406607473269105
27357,0.00483411131426692
27358,0.005881079006940126
27359,0.004326488822698593
27360,0.004778143484145403
27361,0.004778778646141291
27362,0.005039211828261614
27363,0.005115000065416098
27364,0.005708660930395126
27365,0.005604031030088663
27366,0.005248453933745623
27367,0.004443141631782055
27368,0.004804451949894428
27369,0.004630897659808397
27370,0.00506996875628829
27371,0.004825453739613295
27372,0.004856919404119253
27373,0.0045354063622653484
27374,0.00612590042874217
27375,0.005181008484214544
27376,0.004493035841733217
27377,0.005098795983940363
27378,0.0046855793334543705
27379,0.004989600274711847
27380,0.004788811784237623
27381,0.004595053847879171
27382,0.004422818776220083
27383,0.004882801789790392
27384,0.00460780831053853
27385,0.004931309726089239
27386,0.00466531328856945
27387,0.004022430628538132
27388,0.005212713032960892
27389,0.0053205122239887714
27390,0.005112598184496164
27391,0.005189364776015282
27392,0.005471863783895969
27393,0.004588563926517963
27394,0.005095783621072769
27395,0.004746672231703997
27396,0.004941269755363464
27397,0.005132036283612251
27398,0.005125570576637983
27399,0.004853679798543453
27400,0.005634977947920561
27401,0.004722008015960455
27402,0.004661550745368004
27403,0.004282023757696152
27404,0.0051414272747933865
27405,0.005481709260493517
27406,0.005444301292300224
27407,0.005084984004497528
27408,0.004947034176439047
27409,0.005398260895162821
27410,0.0057207634672522545
27411,0.004797135014086962
27412,0.005117999855428934
27413,0.004999110475182533
27414,0.004527392331510782
27415,0.004245150368660688
27416,0.005279202945530415
27417,0.004747882951050997
27418,0.004882665816694498
27419,0.005160361994057894
27420,0.004173084627836943
27421,0.004583299625664949
27422,0.004324451554566622
27423,0.004994093906134367
27424,0.004730527754873037
27425,0.005277993157505989
27426,0.005027277860790491
27427,0.005018265917897224
27428,0.005355856381356716
27429,0.004863569978624582
27430,0.004783629905432463
27431,0.004552850034087896
27432,0.004450815264135599
27433,0.004841610789299011
27434,0.005994563922286034
27435,0.005244845990091562
27436,0.0048299855552613735
27437,0.004920432809740305
27438,0.004391190595924854
27439,0.005563669838011265
27440,0.004890007898211479
27441,0.005673958454281092
27442,0.004455840215086937
27443,0.004468428902328014
27444,0.004735455848276615
27445,0.005056476220488548
27446,0.005344721954315901
27447,0.00495079904794693
27448,0.004783168900758028
27449,0.004240827169269323
27450,0.004195886664092541
27451,0.004293436650186777
27452,0.004870031960308552
27453,0.004376725759357214
27454,0.0045871613547205925
27455,0.004875923041254282
27456,0.004452226683497429
27457,0.004450283013284206
27458,0.004909249022603035
27459,0.004655058495700359
27460,0.0047638253308832645
27461,0.004746962338685989
27462,0.005022399593144655
27463,0.004895166493952274
27464,0.004449234344065189
27465,0.005580524448305368
27466,0.004716580733656883
27467,0.005265493877232075
27468,0.004921362269669771
27469,0.004598585888743401
27470,0.0047082239761948586
27471,0.005368242505937815
27472,0.005351765546947718
27473,0.0053205168806016445
27474,0.004843080881983042
27475,0.004398704972118139
27476,0.0047136633656919
27477,0.004769014660269022
27478,0.004508255049586296
27479,0.004837504588067532
27480,0.005129870027303696
27481,0.004693004302680492
27482,0.005173681303858757
27483,0.004236966837197542
27484,0.004470607731491327
27485,0.005443706642836332
27486,0.0053903465159237385
27487,0.005240891128778458
27488,0.0038190437480807304
27489,0.006018295418471098
27490,0.005063825286924839
27491,0.004729598294943571
27492,0.005094357766211033
27493,0.004711998160928488
27494,0.004684466402977705
27495,0.005347751080989838
27496,0.0050692372024059296
27497,0.005015357863157988
27498,0.004109362605959177
27499,0.00538589945062995
27500,0.004524939693510532
27501,0.005432074889540672
27502,0.004865158349275589
27503,0.005066495388746262
27504,0.004605207592248917
27505,0.005165437702089548
27506,0.005145329050719738
27507,0.0048592244274914265
27508,0.004737171810120344
27509,0.004972836934030056
27510,0.0049508423544466496
27511,0.005392311606556177
27512,0.005012218840420246
27513,0.00514898682013154
27514,0.005346223246306181
27515,0.004108417313545942
27516,0.004604560788720846
27517,0.004935374949127436
27518,0.004820164758712053
27519,0.005143472924828529
27520,0.005203305743634701
27521,0.004405609797686338
27522,0.004361008759588003
27523,0.004470812622457743
27524,0.006538683082908392
27525,0.004923110827803612
27526,0.004452436231076717
27527,0.004809398204088211
27528,0.00573319848626852
27529,0.004936686716973782
27530,0.00457048648968339
27531,0.005512779578566551
27532,0.004416196141391993
27533,0.004901524633169174
27534,0.00552491145208478
27535,0.004752970300614834
27536,0.004585517570376396
27537,0.004742752760648727
27538,0.00394465634599328
27539,0.004541432019323111
27540,0.005268338602036238
27541,0.005803700536489487
27542,0.005091983824968338
27543,0.004533564206212759
27544,0.004646233282983303
27545,0.005602255929261446
27546,0.0054751187562942505
27547,0.005298802629113197
27548,0.004422144033014774
27549,0.0051347254775464535
27550,0.005337721202522516
27551,0.004799719899892807
27552,0.004163566045463085
27553,0.004237509332597256
27554,0.004728056024760008
27555,0.004805456381291151
27556,0.004083339590579271
27557,0.005116581451147795
27558,0.0046568457037210464
27559,0.005099899135529995
27560,0.004746598657220602
27561,0.005054904147982597
27562,0.004987094551324844
27563,0.005068528465926647
27564,0.00408799247816205
27565,0.0047190082259476185
27566,0.005330177489668131
27567,0.004803824704140425
27568,0.004241133574396372
27569,0.004350327420979738
27570,0.005526629276573658
27571,0.0051270355470478535
27572,0.004631033632904291
27573,0.004514313768595457
27574,0.004337065853178501
27575,0.005048763006925583
27576,0.004909318871796131
27577,0.004628969822078943
27578,0.004350840579718351
27579,0.004614354111254215
27580,0.00493253068998456
27581,0.004428901243954897
27582,0.005162297748029232
27583,0.005433861631900072
27584,0.005780685693025589
27585,0.0050188880413770676
27586,0.0044051483273506165
27587,0.005568816792219877
27588,0.004450905602425337
27589,0.005236572120338678
27590,0.005432669073343277
27591,0.0047521404922008514
27592,0.004139805678278208
27593,0.004561957903206348
27594,0.004971434827893972
27595,0.004263350740075111
27596,0.005117548163980246
27597,0.004852849990129471
27598,0.005353169981390238
27599,0.004606780596077442
27600,0.004700756631791592
27601,0.004524222109466791
27602,0.005076150875538588
27603,0.004581303335726261
27604,0.004196452908217907
27605,0.004862905479967594
27606,0.005284563172608614
27607,0.0049583748914301395
27608,0.004711178131401539
27609,0.00450187548995018
27610,0.005221022758632898
27611,0.0052487230859696865
27612,0.004771770443767309
27613,0.004980875179171562
27614,0.0046057444997131824
27615,0.004690021742135286
27616,0.004368947818875313
27617,0.004624734167009592
27618,0.004886083770543337
27619,0.004712052643299103
27620,0.005150222219526768
27621,0.004441472701728344
27622,0.004942405037581921
27623,0.004692933056503534
27624,0.005119312088936567
27625,0.005331621505320072
27626,0.004686366301029921
27627,0.005040143616497517
27628,0.004401859827339649
27629,0.005601593293249607
27630,0.00413768133148551
27631,0.005334734916687012
27632,0.005259727593511343
27633,0.00506738293915987
27634,0.004841324873268604
27635,0.0048003545962274075
27636,0.00509288627654314
27637,0.004809554200619459
27638,0.004160365555435419
27639,0.005554032977670431
27640,0.004945400170981884
27641,0.004855826497077942
27642,0.004895648453384638
27643,0.005020489450544119
27644,0.00488292146474123
27645,0.004995452240109444
27646,0.005708952900022268
27647,0.004267836455255747
27648,0.004564981907606125
27649,0.004232421983033419
27650,0.004919096361845732
27651,0.004402371123433113
27652,0.004233833402395248
27653,0.004687906242907047
27654,0.004053966142237186
27655,0.004406551830470562
27656,0.004843472503125668
27657,0.004614183679223061
27658,0.005681406706571579
27659,0.005269509274512529
27660,0.004629058763384819
27661,0.005009541288018227
27662,0.004828522447496653
27663,0.004782601725310087
27664,0.004939893260598183
27665,0.005625927355140448
27666,0.004613881465047598
27667,0.005209275986999273
27668,0.004914159420877695
27669,0.004901390057057142
27670,0.0050072018057107925
27671,0.003997148014605045
27672,0.004908769391477108
27673,0.004506668075919151
27674,0.003711017780005932
27675,0.004506939556449652
27676,0.003898742375895381
27677,0.005485726520419121
27678,0.004656502977013588
27679,0.004927287343889475
27680,0.00484650582075119
27681,0.005035886541008949
27682,0.005352825857698917
27683,0.005213199649006128
27684,0.004902347456663847
27685,0.0053755720146000385
27686,0.004261121619492769
27687,0.005681265611201525
27688,0.004870097152888775
27689,0.0048820278607308865
27690,0.005148476921021938
27691,0.004433395806699991
27692,0.0047483076341450214
27693,0.0046316832304000854
27694,0.0048323157243430614
27695,0.0052083623595535755
27696,0.004677351098507643
27697,0.0044184485450387
27698,0.004620520863682032
27699,0.004630023613572121
27700,0.0046484265476465225
27701,0.0044983066618442535
27702,0.003824525512754917
27703,0.004725948441773653
27704,0.0051277801394462585
27705,0.004664563573896885
27706,0.0053848084062337875
27707,0.005133119411766529
27708,0.005920450668781996
27709,0.004963294602930546
27710,0.005049206782132387
27711,0.005298147909343243
27712,0.00453482661396265
27713,0.005010602995753288
27714,0.004984249360859394
27715,0.004681243561208248
27716,0.004376729018986225
27717,0.0051460242830216885
27718,0.005633189808577299
27719,0.005255280993878841
27720,0.00562559487298131
27721,0.004718251526355743
27722,0.005575701128691435
27723,0.004585993941873312
27724,0.004884826019406319
27725,0.005758230574429035
27726,0.004396938718855381
27727,0.00468071922659874
27728,0.004185487516224384
27729,0.004981085658073425
27730,0.004477315116673708
27731,0.0058489348739385605
27732,0.004192392807453871
27733,0.00480670714750886
27734,0.00572856143116951
27735,0.004553063772618771
27736,0.004937735386192799
27737,0.0044503225944936275
27738,0.0045158411376178265
27739,0.005512040574103594
27740,0.004751339089125395
27741,0.005275689531117678
27742,0.004232570994645357
27743,0.004745053127408028
27744,0.005218659993261099
27745,0.005118639674037695
27746,0.004989850800484419
27747,0.005264026112854481
27748,0.005128104239702225
27749,0.005005524959415197
27750,0.00460056820884347
27751,0.0049627115949988365
27752,0.004463580437004566
27753,0.005543127655982971
27754,0.004748393781483173
27755,0.005658783949911594
27756,0.005290358792990446
27757,0.004058262798935175
27758,0.0053373537957668304
27759,0.0046570259146392345
27760,0.004880968015640974
27761,0.00466039078310132
27762,0.005665475502610207
27763,0.00440210709348321
27764,0.004528707824647427
27765,0.005938264075666666
27766,0.003928814083337784
27767,0.005063377786427736
27768,0.004782540258020163
27769,0.005428162869066
27770,0.0054644569754600525
27771,0.004968940280377865
27772,0.0046608285047113895
27773,0.005327091086655855
27774,0.0045432643964886665
27775,0.004888677038252354
27776,0.005496159661561251
27777,0.004950475413352251
27778,0.003924995195120573
27779,0.00483985710889101
27780,0.0048243943601846695
27781,0.004858556669205427
27782,0.005165917798876762
27783,0.005153526086360216
27784,0.004293551668524742
27785,0.004557531327009201
27786,0.005104294046759605
27787,0.004567414987832308
27788,0.005399944726377726
27789,0.004238391760736704
27790,0.0045394147746264935
27791,0.004542147275060415
27792,0.004739465657621622
27793,0.00499331159517169
27794,0.005269355606287718
27795,0.004463833291083574
27796,0.00459252530708909
27797,0.004381933715194464
27798,0.005446071736514568
27799,0.00450562359765172
27800,0.004968547727912664
27801,0.004446137696504593
27802,0.005048107821494341
27803,0.0044141593389213085
27804,0.004201722797006369
27805,0.004791937302798033
27806,0.004076194483786821
27807,0.0047105103731155396
27808,0.0045753223821520805
27809,0.004498881287872791
27810,0.004692899063229561
27811,0.0052734967321157455
27812,0.004957353696227074
27813,0.004952326416969299
27814,0.004300760105252266
27815,0.004228247329592705
27816,0.004907459486275911
27817,0.004706999287009239
27818,0.004853838589042425
27819,0.004312958102673292
27820,0.004953000694513321
27821,0.004653772804886103
27822,0.00534453708678484
27823,0.005425856914371252
27824,0.004972815979272127
27825,0.004728137981146574
27826,0.00503205182030797
27827,0.0050831809639930725
27828,0.004361023660749197
27829,0.004886964336037636
27830,0.005440955515950918
27831,0.004543674644082785
27832,0.004064092878252268
27833,0.004953924100846052
27834,0.004662904888391495
27835,0.004860594868659973
27836,0.004981948994100094
27837,0.0052900901064276695
27838,0.004626658279448748
27839,0.004347875248640776
27840,0.004379644989967346
27841,0.0046393005177378654
27842,0.004846102558076382
27843,0.005189241375774145
27844,0.004910504445433617
27845,0.0050095017068088055
27846,0.005403529852628708
27847,0.004865303169935942
27848,0.005055159330368042
27849,0.005000279285013676
27850,0.005540978163480759
27851,0.0047989897429943085
27852,0.0044064950197935104
27853,0.004697829019278288
27854,0.004669401329010725
27855,0.004815047141164541
27856,0.004991789814084768
27857,0.004273431841284037
27858,0.004695840645581484
27859,0.004122953396290541
27860,0.0046529341489076614
27861,0.00500443484634161
27862,0.0048613776452839375
27863,0.005035633221268654
27864,0.004666049964725971
27865,0.004313803277909756
27866,0.004500731825828552
27867,0.005203266628086567
27868,0.005235912743955851
27869,0.005180570296943188
27870,0.005252044647932053
27871,0.004240940324962139
27872,0.004841646645218134
27873,0.004392494913190603
27874,0.004811848513782024
27875,0.0056026591919362545
27876,0.004976993892341852
27877,0.004567408934235573
27878,0.005128661636263132
27879,0.0046982672065496445
27880,0.005242709536105394
27881,0.004978408571332693
27882,0.005216890014708042
27883,0.005507020745426416
27884,0.0058198049664497375
27885,0.004806651268154383
27886,0.0047067697159945965
27887,0.004870760720223188
27888,0.0046276492066681385
27889,0.004775119014084339
27890,0.005390049424022436
27891,0.005201518069952726
27892,0.0052554309368133545
27893,0.004412851762026548
27894,0.005264339502900839
27895,0.004970227368175983
27896,0.004971824120730162
27897,0.004963704850524664
27898,0.0041809724643826485
27899,0.004310631658881903
27900,0.00573764881119132
27901,0.004562660586088896
27902,0.0045981076546013355
27903,0.005184288136661053
27904,0.005691916216164827
27905,0.004602762404829264
27906,0.0050673759542405605
27907,0.005218154285103083
27908,0.0058138202875852585
27909,0.004635217599570751
27910,0.005425923969596624
27911,0.004614633042365313
27912,0.004568654112517834
27913,0.004754703491926193
27914,0.0056528658606112
27915,0.005116628482937813
27916,0.004313933663070202
27917,0.004480212461203337
27918,0.004588238894939423
27919,0.004263648763298988
27920,0.0044884528033435345
27921,0.004664701409637928
27922,0.005276115145534277
27923,0.004697914235293865
27924,0.0050791120156645775
27925,0.005357932765036821
27926,0.004076354205608368
27927,0.00490317540243268
27928,0.004995089955627918
27929,0.004079913720488548
27930,0.0050525120459496975
27931,0.0058410996571183205
27932,0.004935057833790779
27933,0.005508188623934984
27934,0.004784436896443367
27935,0.005147062242031097
27936,0.004689318127930164
27937,0.004944064188748598
27938,0.004551360849291086
27939,0.005025533959269524
27940,0.004409960936754942
27941,0.005104461219161749
27942,0.004540666937828064
27943,0.004452304448932409
27944,0.004883295856416225
27945,0.004700785037130117
27946,0.005076850764453411
27947,0.004872913006693125
27948,0.004614690784364939
27949,0.0041824569925665855
27950,0.004767442587763071
27951,0.005004553589969873
27952,0.005042005330324173
27953,0.004737208131700754
27954,0.005080235656350851
27955,0.005370203871279955
27956,0.005550614558160305
27957,0.005472799763083458
27958,0.006001399829983711
27959,0.004518329631537199
27960,0.00494538526982069
27961,0.0045725940726697445
27962,0.004432904999703169
27963,0.004445809405297041
27964,0.0050621177069842815
27965,0.004712691996246576
27966,0.005033404100686312
27967,0.004520413465797901
27968,0.004875389393419027
27969,0.004575827624648809
27970,0.004405258223414421
27971,0.005680798087269068
27972,0.005691933445632458
27973,0.005253363400697708
27974,0.004570788703858852
27975,0.004841349553316832
27976,0.005368662066757679
27977,0.004931794945150614
27978,0.004740079864859581
27979,0.004835296422243118
27980,0.00485495338216424
27981,0.005862223915755749
27982,0.004871242679655552
27983,0.004423920530825853
27984,0.005193608347326517
27985,0.004205829929560423
27986,0.004466052632778883
27987,0.004695393610745668
27988,0.004999611061066389
27989,0.00528476620092988
27990,0.004697869531810284
27991,0.0046282000839710236
27992,0.00520492997020483
27993,0.005444742739200592
27994,0.005206527654081583
27995,0.005449394695460796
27996,0.005511305294930935
27997,0.004836573265492916
27998,0.004677945282310247
27999,0.004960021004080772
28000,0.0046197883784770966
