epoch,loss
1,2.4130823612213135
2,0.8744321465492249
3,0.3854801654815674
4,0.3388083279132843
5,0.3160620331764221
6,0.30369994044303894
7,0.296545147895813
8,0.29537391662597656
9,0.2916305661201477
10,0.28402554988861084
11,0.27504274249076843
12,0.263081818819046
13,0.24982842803001404
14,0.23750074207782745
15,0.22743797302246094
16,0.21999484300613403
17,0.21455654501914978
18,0.21029727160930634
19,0.2064639925956726
20,0.2037276178598404
21,0.20233577489852905
22,0.1984054297208786
23,0.1964109092950821
24,0.19569581747055054
25,0.19520585238933563
26,0.19475357234477997
27,0.19413632154464722
28,0.19330477714538574
29,0.19372859597206116
30,0.1921764761209488
31,0.19173534214496613
32,0.19061365723609924
33,0.1888962686061859
34,0.18673262000083923
35,0.18615785241127014
36,0.18391704559326172
37,0.1832091361284256
38,0.18226639926433563
39,0.18114089965820312
40,0.18147705495357513
41,0.1803484857082367
42,0.1804918348789215
43,0.18036389350891113
44,0.18002665042877197
45,0.17951758205890656
46,0.1788480430841446
47,0.17801301181316376
48,0.17785309255123138
49,0.17742612957954407
50,0.17717896401882172
51,0.17726264894008636
52,0.17710010707378387
53,0.17670169472694397
54,0.17627424001693726
55,0.17604634165763855
56,0.17600753903388977
57,0.1758834570646286
58,0.175531268119812
59,0.17497624456882477
60,0.17597010731697083
61,0.17529243230819702
62,0.17588971555233002
63,0.17619606852531433
64,0.1762533038854599
65,0.17628467082977295
66,0.17619428038597107
67,0.1758338361978531
68,0.17537440359592438
69,0.17480060458183289
70,0.17408686876296997
71,0.1758374273777008
72,0.17422351241111755
73,0.17482484877109528
74,0.1750606745481491
75,0.17523342370986938
76,0.17670951783657074
77,0.17624551057815552
78,0.17703589797019958
79,0.1774081438779831
80,0.1774020493030548
81,0.17706656455993652
82,0.1764557659626007
83,0.17588147521018982
84,0.17571806907653809
85,0.1752251535654068
86,0.17416507005691528
87,0.17279289662837982
88,0.17557042837142944
89,0.17319011688232422
90,0.17422786355018616
91,0.1749144345521927
92,0.1752718836069107
93,0.17532026767730713
94,0.17507801949977875
95,0.17456761002540588
96,0.1742972880601883
97,0.1743651181459427
98,0.17318275570869446
99,0.17267422378063202
100,0.17216545343399048
101,0.17190295457839966
102,0.17121991515159607
103,0.17234236001968384
104,0.17162376642227173
105,0.17220576107501984
106,0.1724684238433838
107,0.1724347025156021
108,0.17243048548698425
109,0.17255398631095886
110,0.1721559315919876
111,0.1714620739221573
112,0.17276395857334137
113,0.17148904502391815
114,0.1716582328081131
115,0.17150640487670898
116,0.17110684514045715
117,0.17076753079891205
118,0.17053630948066711
119,0.16995452344417572
120,0.17172887921333313
121,0.17040488123893738
122,0.17140571773052216
123,0.1720471978187561
124,0.1723249852657318
125,0.17226849496364594
126,0.17227177321910858
127,0.17251086235046387
128,0.17201222479343414
129,0.1719442903995514
130,0.1716541349887848
131,0.17114606499671936
132,0.17059528827667236
133,0.17017245292663574
134,0.1698191910982132
135,0.1694476157426834
136,0.169732466340065
137,0.1691053956747055
138,0.1693677008152008
139,0.16934193670749664
140,0.16906487941741943
141,0.1693829745054245
142,0.16930262744426727
143,0.16926822066307068
144,0.16921696066856384
145,0.16922086477279663
146,0.1690118908882141
147,0.16856035590171814
148,0.16971629858016968
149,0.16883008182048798
150,0.169329434633255
151,0.1696292757987976
152,0.16975584626197815
153,0.16972839832305908
154,0.16962166130542755
155,0.16952186822891235
156,0.16942115128040314
157,0.1690654456615448
158,0.1687355786561966
159,0.16832056641578674
160,0.1692126989364624
161,0.16821905970573425
162,0.16853675246238708
163,0.16852159798145294
164,0.1682913601398468
165,0.16804024577140808
166,0.16772454977035522
167,0.16815215349197388
168,0.1676466315984726
169,0.16783848404884338
170,0.16772118210792542
171,0.1674855649471283
172,0.1672910898923874
173,0.16784721612930298
174,0.1671430468559265
175,0.16747534275054932
176,0.16755318641662598
177,0.16737499833106995
178,0.16721047461032867
179,0.16709572076797485
180,0.1667666882276535
181,0.16681194305419922
182,0.16691885888576508
183,0.16691544651985168
184,0.16660350561141968
185,0.16682203114032745
186,0.16695696115493774
187,0.16688024997711182
188,0.1666436791419983
189,0.16641198098659515
190,0.16646505892276764
191,0.1663568764925003
192,0.16648514568805695
193,0.16634133458137512
194,0.16610628366470337
195,0.1663838028907776
196,0.16642829775810242
197,0.16667987406253815
198,0.16673004627227783
199,0.16686666011810303
200,0.16642960906028748
201,0.16627933084964752
202,0.16625280678272247
203,0.1666197031736374
204,0.16607904434204102
205,0.166254460811615
206,0.16625270247459412
207,0.1662224978208542
208,0.16604679822921753
209,0.16616417467594147
210,0.16598884761333466
211,0.16629332304000854
212,0.1661752462387085
213,0.16605795919895172
214,0.16608020663261414
215,0.1659499555826187
216,0.16588473320007324
217,0.16599084436893463
218,0.1659172624349594
219,0.1658611297607422
220,0.1656273454427719
221,0.1662256270647049
222,0.16606391966342926
223,0.16661977767944336
224,0.16708774864673615
225,0.16707447171211243
226,0.16679897904396057
227,0.16650645434856415
228,0.16605296730995178
229,0.1664702147245407
230,0.165854349732399
231,0.16606290638446808
232,0.16611695289611816
233,0.16608485579490662
234,0.16608121991157532
235,0.16576912999153137
236,0.16553357243537903
237,0.16781318187713623
238,0.1681869924068451
239,0.1711157262325287
240,0.17285124957561493
241,0.17404863238334656
242,0.17549678683280945
243,0.17555762827396393
244,0.17615659534931183
245,0.17610695958137512
246,0.17558608949184418
247,0.1747644692659378
248,0.17380069196224213
249,0.1752728521823883
250,0.17313316464424133
251,0.17328676581382751
252,0.1727491170167923
253,0.17176413536071777
254,0.17076551914215088
255,0.16992154717445374
256,0.17200662195682526
257,0.16913798451423645
258,0.1690581738948822
259,0.16913090646266937
260,0.16834543645381927
261,0.16764846444129944
262,0.16661235690116882
263,0.16713589429855347
264,0.16680243611335754
265,0.16693660616874695
266,0.16729788482189178
267,0.16682346165180206
268,0.166939839720726
269,0.16733096539974213
270,0.16731126606464386
271,0.16674372553825378
272,0.16664640605449677
273,0.16649655997753143
274,0.16727674007415771
275,0.16664591431617737
276,0.1667320281267166
277,0.16663911938667297
278,0.1665831059217453
279,0.1664387583732605
280,0.16606757044792175
281,0.16590359807014465
282,0.16556993126869202
283,0.16666531562805176
284,0.1658782958984375
285,0.16578617691993713
286,0.16613219678401947
287,0.16638794541358948
288,0.16606341302394867
289,0.16605111956596375
290,0.16575929522514343
291,0.16559916734695435
292,0.16540458798408508
293,0.1650872528553009
294,0.16541877388954163
295,0.16487395763397217
296,0.16530171036720276
297,0.16529329121112823
298,0.16490694880485535
299,0.16540150344371796
300,0.16468988358974457
301,0.1648091822862625
302,0.16488884389400482
303,0.1647501289844513
304,0.1645902842283249
305,0.1646329015493393
306,0.16476184129714966
307,0.16517724096775055
308,0.165130615234375
309,0.16462691128253937
310,0.1644211858510971
311,0.1645776331424713
312,0.16437727212905884
313,0.1644696593284607
314,0.16433550417423248
315,0.16411398351192474
316,0.16404271125793457
317,0.16398535668849945
318,0.1640317291021347
319,0.16395992040634155
320,0.16373467445373535
321,0.1639879196882248
322,0.16378828883171082
323,0.16389551758766174
324,0.1640017032623291
325,0.16383519768714905
326,0.16391417384147644
327,0.16465219855308533
328,0.1642940491437912
329,0.16467079520225525
330,0.16496632993221283
331,0.16481821238994598
332,0.16426974534988403
333,0.1636984497308731
334,0.16456818580627441
335,0.1635236293077469
336,0.16395704448223114
337,0.16383853554725647
338,0.1634405255317688
339,0.1632274091243744
340,0.1634325236082077
341,0.16359379887580872
342,0.16346317529678345
343,0.16318318247795105
344,0.16283278167247772
345,0.16271808743476868
346,0.1626129150390625
347,0.16255217790603638
348,0.162178173661232
349,0.1624487042427063
350,0.162368044257164
351,0.16233685612678528
352,0.16214612126350403
353,0.1618395447731018
354,0.16160115599632263
355,0.1613241285085678
356,0.16135787963867188
357,0.16100992262363434
358,0.16073209047317505
359,0.16048815846443176
360,0.16033193469047546
361,0.16003893315792084
362,0.16005554795265198
363,0.1597568690776825
364,0.15926796197891235
365,0.15885049104690552
366,0.15857556462287903
367,0.158261239528656
368,0.15816441178321838
369,0.15773212909698486
370,0.1572527438402176
371,0.15654245018959045
372,0.1561625450849533
373,0.15523067116737366
374,0.1548897922039032
375,0.15418507158756256
376,0.15354567766189575
377,0.15285658836364746
378,0.15209147334098816
379,0.15126605331897736
380,0.15038546919822693
381,0.14986613392829895
382,0.149057537317276
383,0.14816299080848694
384,0.14784882962703705
385,0.14661072194576263
386,0.14572572708129883
387,0.14492164552211761
388,0.14768096804618835
389,0.15308283269405365
390,0.15066929161548615
391,0.15348967909812927
392,0.15539412200450897
393,0.15262839198112488
394,0.15169721841812134
395,0.15307265520095825
396,0.14565128087997437
397,0.1449984610080719
398,0.14188706874847412
399,0.13896673917770386
400,0.13687606155872345
401,0.13331934809684753
402,0.132703959941864
403,0.12978488206863403
404,0.12884002923965454
405,0.12515684962272644
406,0.1261482983827591
407,0.1229315772652626
408,0.12449686974287033
409,0.12219057977199554
410,0.12047256529331207
411,0.11602416634559631
412,0.11314411461353302
413,0.1103510856628418
414,0.11109157651662827
415,0.10837338864803314
416,0.10708415508270264
417,0.10946846008300781
418,0.10160842537879944
419,0.10479967296123505
420,0.10823912918567657
421,0.09986041486263275
422,0.10830170661211014
423,0.11285892128944397
424,0.09918247908353806
425,0.12226078659296036
426,0.12118770182132721
427,0.1134243756532669
428,0.12209223955869675
429,0.09974836558103561
430,0.11225467175245285
431,0.099697545170784
432,0.11216922849416733
433,0.09912781417369843
434,0.10658065229654312
435,0.09706246852874756
436,0.10576315224170685
437,0.09671324491500854
438,0.10188031941652298
439,0.09482939541339874
440,0.10044001042842865
441,0.09415517747402191
442,0.09752783179283142
443,0.09251391142606735
444,0.09637779742479324
445,0.0921224057674408
446,0.09687450528144836
447,0.09116877615451813
448,0.09445574879646301
449,0.09219440817832947
450,0.09469419717788696
451,0.09294566512107849
452,0.09306102991104126
453,0.09268535673618317
454,0.09166206419467926
455,0.09219354391098022
456,0.09088422358036041
457,0.09211026877164841
458,0.09047909080982208
459,0.09104923158884048
460,0.08971549570560455
461,0.09066653251647949
462,0.08979444950819016
463,0.09051525592803955
464,0.08975285291671753
465,0.0896700993180275
466,0.08962835371494293
467,0.08921965956687927
468,0.08939862251281738
469,0.08894689381122589
470,0.08907581120729446
471,0.08855414390563965
472,0.08893147855997086
473,0.08858193457126617
474,0.08873739838600159
475,0.08858752995729446
476,0.0883498340845108
477,0.08839239180088043
478,0.08797843754291534
479,0.0882105603814125
480,0.08803398162126541
481,0.08823371678590775
482,0.08804763853549957
483,0.08797082304954529
484,0.08779352903366089
485,0.08763326704502106
486,0.08761441707611084
487,0.0875118300318718
488,0.08771377801895142
489,0.0876678004860878
490,0.08757248520851135
491,0.08742322772741318
492,0.08730141073465347
493,0.08750198781490326
494,0.08719151467084885
495,0.08727359026670456
496,0.08728307485580444
497,0.08718805760145187
498,0.08713314682245255
499,0.08703816682100296
500,0.08697570860385895
501,0.08694809675216675
502,0.08684291690587997
503,0.08681247383356094
504,0.0867699608206749
505,0.08671489357948303
506,0.0867898166179657
507,0.08671252429485321
508,0.08675027638673782
509,0.08669337630271912
510,0.08663386851549149
511,0.08672302216291428
512,0.0864943265914917
513,0.0865354984998703
514,0.08670803159475327
515,0.08670371025800705
516,0.08691409230232239
517,0.08698935806751251
518,0.08703413605690002
519,0.08714590966701508
520,0.0870336964726448
521,0.08689867705106735
522,0.08680343627929688
523,0.086664579808712
524,0.08644916862249374
525,0.0864170491695404
526,0.08743172138929367
527,0.08668778091669083
528,0.08717040717601776
529,0.08742693066596985
530,0.08756773173809052
531,0.0876973494887352
532,0.08779594302177429
533,0.08776134252548218
534,0.08759845048189163
535,0.08739961683750153
536,0.08719344437122345
537,0.08694452792406082
538,0.08663377910852432
539,0.08636333793401718
540,0.08630439639091492
541,0.08653916418552399
542,0.08617978543043137
543,0.08592855930328369
544,0.08602745831012726
545,0.08587677031755447
546,0.0856713354587555
547,0.08569823205471039
548,0.08576623350381851
549,0.08575612306594849
550,0.08577202260494232
551,0.08585141599178314
552,0.08590323477983475
553,0.08590157330036163
554,0.08584487438201904
555,0.08576741814613342
556,0.08563433587551117
557,0.08555357158184052
558,0.08569744229316711
559,0.08573140949010849
560,0.08615358173847198
561,0.08615610003471375
562,0.08603129535913467
563,0.08606786280870438
564,0.08608093112707138
565,0.08594462275505066
566,0.0857243537902832
567,0.08551409095525742
568,0.08550035208463669
569,0.08575508743524551
570,0.08559216558933258
571,0.08525016903877258
572,0.08527650684118271
573,0.08531907200813293
574,0.08526217192411423
575,0.08512365072965622
576,0.08524215221405029
577,0.08529727160930634
578,0.08549279719591141
579,0.08538221567869186
580,0.08521299809217453
581,0.08511971682310104
582,0.08514760434627533
583,0.08507934212684631
584,0.08503638207912445
585,0.08494013547897339
586,0.08496556431055069
587,0.0850018858909607
588,0.0850452110171318
589,0.08525124192237854
590,0.08560723066329956
591,0.08571894466876984
592,0.0858905166387558
593,0.08599263429641724
594,0.0858752653002739
595,0.08576037734746933
596,0.08563029766082764
597,0.08540929108858109
598,0.08520504832267761
599,0.08505073934793472
600,0.08496996015310287
601,0.08498641103506088
602,0.08524088561534882
603,0.08509641885757446
604,0.08540615439414978
605,0.08549372851848602
606,0.0854925736784935
607,0.08556720614433289
608,0.08570244908332825
609,0.08548682183027267
610,0.08528335392475128
611,0.08515819907188416
612,0.08523716032505035
613,0.0852053090929985
614,0.08506305515766144
615,0.08498045057058334
616,0.0849248617887497
617,0.08486401289701462
618,0.08513181656599045
619,0.08518288284540176
620,0.08574782311916351
621,0.08598241955041885
622,0.08585737645626068
623,0.0858273133635521
624,0.08574662357568741
625,0.08593110740184784
626,0.08561823517084122
627,0.0854242816567421
628,0.08544380962848663
629,0.0851517766714096
630,0.0849195271730423
631,0.08499324321746826
632,0.08506735414266586
633,0.08484871685504913
634,0.08483895659446716
635,0.08474080264568329
636,0.08463698625564575
637,0.0845324695110321
638,0.08451476693153381
639,0.08455798029899597
640,0.08465394377708435
641,0.08462099730968475
642,0.0846291035413742
643,0.08466590940952301
644,0.08459533751010895
645,0.08452678471803665
646,0.0843864157795906
647,0.08432549238204956
648,0.08439416438341141
649,0.08420904725790024
650,0.08434416353702545
651,0.08438047766685486
652,0.08445815742015839
653,0.08445123583078384
654,0.08437595516443253
655,0.08426770567893982
656,0.08417966961860657
657,0.08409713208675385
658,0.0841558426618576
659,0.08418445289134979
660,0.08413068950176239
661,0.08412071317434311
662,0.08413229882717133
663,0.08411276340484619
664,0.08407524228096008
665,0.08404027670621872
666,0.08399909734725952
667,0.08421383798122406
668,0.08452056348323822
669,0.08492925763130188
670,0.08501774072647095
671,0.0852787047624588
672,0.08519317209720612
673,0.08522308617830276
674,0.08516767621040344
675,0.08504722267389297
676,0.0848882794380188
677,0.08475606143474579
678,0.08475612848997116
679,0.08461585640907288
680,0.08427324891090393
681,0.0842679962515831
682,0.08462609350681305
683,0.08430197834968567
684,0.084393210709095
685,0.08442465960979462
686,0.08432848006486893
687,0.08420339226722717
688,0.084288589656353
689,0.08404640853404999
690,0.08414827287197113
691,0.08412016928195953
692,0.08407825231552124
693,0.08399349451065063
694,0.08426326513290405
695,0.08414755016565323
696,0.08438977599143982
697,0.08434206992387772
698,0.08437559753656387
699,0.08418485522270203
700,0.0841820165514946
701,0.08406111598014832
702,0.08483663201332092
703,0.08413982391357422
704,0.08449971675872803
705,0.08455193042755127
706,0.08454772084951401
707,0.08439631760120392
708,0.08428145200014114
709,0.08449055999517441
710,0.08423900604248047
711,0.08419886231422424
712,0.0842369869351387
713,0.08432803303003311
714,0.08442001044750214
715,0.08446867763996124
716,0.08448681980371475
717,0.08439624309539795
718,0.08445698022842407
719,0.08423568308353424
720,0.08436400443315506
721,0.08438505977392197
722,0.08424752950668335
723,0.08467621356248856
724,0.08444822579622269
725,0.08499886095523834
726,0.08509710431098938
727,0.08488241583108902
728,0.08478529751300812
729,0.08479543030261993
730,0.08468058705329895
731,0.08449870347976685
732,0.08452583104372025
733,0.08451886475086212
734,0.08441374450922012
735,0.08425626903772354
736,0.0842507854104042
737,0.08427010476589203
738,0.08433899283409119
739,0.08419997990131378
740,0.08410340547561646
741,0.08393464237451553
742,0.08395050466060638
743,0.08391790837049484
744,0.08398070186376572
745,0.0841250792145729
746,0.0840350016951561
747,0.08390040695667267
748,0.08390994369983673
749,0.08401776850223541
750,0.08392804861068726
751,0.08390634506940842
752,0.08389796316623688
753,0.08377467840909958
754,0.08368510007858276
755,0.08391237258911133
756,0.0835840106010437
757,0.08384893834590912
758,0.08395735174417496
759,0.08393435925245285
760,0.0839397981762886
761,0.08389083296060562
762,0.08403246104717255
763,0.0837649330496788
764,0.08388573676347733
765,0.08381159603595734
766,0.0838632881641388
767,0.08375000953674316
768,0.08402657508850098
769,0.08422186970710754
770,0.08420585095882416
771,0.08418296277523041
772,0.08400626480579376
773,0.08416475355625153
774,0.0839654803276062
775,0.08457764238119125
776,0.08411121368408203
777,0.08461113274097443
778,0.08448588848114014
779,0.08435597270727158
780,0.08426736295223236
781,0.08422014117240906
782,0.08408640325069427
783,0.08396503329277039
784,0.08427491039037704
785,0.08424806594848633
786,0.0835699737071991
787,0.08364151418209076
788,0.08376438170671463
789,0.08372142165899277
790,0.08373529464006424
791,0.08381044119596481
792,0.08376744389533997
793,0.08358040452003479
794,0.08358267694711685
795,0.08340199291706085
796,0.08330738544464111
797,0.08337367326021194
798,0.08340448886156082
799,0.08410215377807617
800,0.08441002666950226
801,0.08530078083276749
802,0.08570858091115952
803,0.08604700118303299
804,0.08647672086954117
805,0.0866973027586937
806,0.08679574728012085
807,0.08662620186805725
808,0.08723138272762299
809,0.089149110019207
810,0.09076748788356781
811,0.08968807011842728
812,0.08995682001113892
813,0.09140972793102264
814,0.09087193757295609
815,0.08911602199077606
816,0.08858180046081543
817,0.091459259390831
818,0.08792588114738464
819,0.08729461580514908
820,0.0876084417104721
821,0.08820199221372604
822,0.08797428756952286
823,0.0872209221124649
824,0.08698919415473938
825,0.08721699565649033
826,0.0869477242231369
827,0.08631935715675354
828,0.08588427305221558
829,0.08577423542737961
830,0.08543197810649872
831,0.085303895175457
832,0.08481445908546448
833,0.08510518074035645
834,0.08502962440252304
835,0.08468392491340637
836,0.08445646613836288
837,0.08439183980226517
838,0.08432036638259888
839,0.08413013815879822
840,0.08397246152162552
841,0.08402393758296967
842,0.08388902246952057
843,0.08398133516311646
844,0.08391259610652924
845,0.0842895358800888
846,0.08450105041265488
847,0.0844750851392746
848,0.08430540561676025
849,0.08422201126813889
850,0.08413998782634735
851,0.08397964388132095
852,0.0837668776512146
853,0.08385702222585678
854,0.0835161805152893
855,0.08352158218622208
856,0.08338156342506409
857,0.08325085043907166
858,0.08447708934545517
859,0.0840551033616066
860,0.0848536342382431
861,0.08498763293027878
862,0.08495517820119858
863,0.08517012000083923
864,0.08538389205932617
865,0.08552969992160797
866,0.0851990282535553
867,0.08506381511688232
868,0.08499183505773544
869,0.08454767614603043
870,0.08436643332242966
871,0.0842476338148117
872,0.08394653350114822
873,0.08415256440639496
874,0.08361822366714478
875,0.0837085023522377
876,0.08365804702043533
877,0.08337617665529251
878,0.08322466909885406
879,0.08325304836034775
880,0.08320868015289307
881,0.08301004767417908
882,0.08313285559415817
883,0.08308505266904831
884,0.08296521008014679
885,0.08287186920642853
886,0.08285962045192719
887,0.08288886398077011
888,0.0827522799372673
889,0.082636758685112
890,0.0826597511768341
891,0.08270438760519028
892,0.0826791375875473
893,0.08281002938747406
894,0.08269958943128586
895,0.08264896273612976
896,0.08268440514802933
897,0.08282197266817093
898,0.08279486000537872
899,0.08275734633207321
900,0.08267928659915924
901,0.0825219452381134
902,0.08276509493589401
903,0.08256493508815765
904,0.0826655775308609
905,0.08290807902812958
906,0.08300372213125229
907,0.0832991749048233
908,0.08311893045902252
909,0.08357661217451096
910,0.08361268788576126
911,0.08452814817428589
912,0.08464423567056656
913,0.08462794870138168
914,0.08476041257381439
915,0.085050068795681
916,0.08477415889501572
917,0.08471275120973587
918,0.0862768143415451
919,0.08534491807222366
920,0.08518925309181213
921,0.08454420417547226
922,0.0844440758228302
923,0.08483076095581055
924,0.08579644560813904
925,0.08600527048110962
926,0.08613967895507812
927,0.0852450430393219
928,0.08485914766788483
929,0.08445486426353455
930,0.08476755768060684
931,0.08459178358316422
932,0.08484002202749252
933,0.08486856520175934
934,0.08440887928009033
935,0.08388333767652512
936,0.0835273414850235
937,0.08472198247909546
938,0.08435900509357452
939,0.08573628962039948
940,0.08639544248580933
941,0.08636303246021271
942,0.08624592423439026
943,0.0862593799829483
944,0.08622997999191284
945,0.08604273200035095
946,0.08555468916893005
947,0.08507156372070312
948,0.08436118066310883
949,0.08479655534029007
950,0.08604199439287186
951,0.08414383977651596
952,0.08375007659196854
953,0.08357852697372437
954,0.08352580666542053
955,0.08348632603883743
956,0.08345568180084229
957,0.08587068319320679
958,0.08516096323728561
959,0.08800318837165833
960,0.08821132779121399
961,0.0870886817574501
962,0.08667948096990585
963,0.08689604699611664
964,0.08708444237709045
965,0.08696110546588898
966,0.0869147852063179
967,0.08662614226341248
968,0.08590114861726761
969,0.08522123843431473
970,0.0853634774684906
971,0.0855562835931778
972,0.0852128341794014
973,0.0849997028708458
974,0.08467317372560501
975,0.0847710445523262
976,0.08463253080844879
977,0.0973142683506012
978,0.09773048013448715
979,0.1263071894645691
980,0.1412263661623001
981,0.12396930158138275
982,0.11275899410247803
983,0.12399657070636749
984,0.11243505775928497
985,0.11519315838813782
986,0.1126103550195694
987,0.1228996068239212
988,0.12055084854364395
989,0.1098480224609375
990,0.12792257964611053
991,0.132700577378273
992,0.11156359314918518
993,0.14555135369300842
994,0.12414085119962692
995,0.13454502820968628
996,0.10351390391588211
997,0.13930197060108185
998,0.1082453802227974
999,0.14522218704223633
1000,0.09980658441781998
1001,0.14015841484069824
1002,0.10385648161172867
1003,0.12950269877910614
1004,0.11121723800897598
1005,0.12573766708374023
1006,0.10999149084091187
1007,0.11803779006004333
1008,0.11600080132484436
1009,0.11089032888412476
1010,0.11525766551494598
1011,0.1096026748418808
1012,0.11420531570911407
1013,0.10517802089452744
1014,0.1132732629776001
1015,0.10449555516242981
1016,0.10848426818847656
1017,0.10516493767499924
1018,0.1029767245054245
1019,0.10416621714830399
1020,0.10004617273807526
1021,0.10221442580223083
1022,0.09748201072216034
1023,0.099654421210289
1024,0.09613647311925888
1025,0.09723848104476929
1026,0.09601934999227524
1027,0.09494861960411072
1028,0.09496757388114929
1029,0.09325328469276428
1030,0.09392314404249191
1031,0.09199494123458862
1032,0.09280325472354889
1033,0.09094423055648804
1034,0.09134324640035629
1035,0.08997165411710739
1036,0.09012530744075775
1037,0.08927033841609955
1038,0.09041333198547363
1039,0.08909080922603607
1040,0.08901305496692657
1041,0.0891079530119896
1042,0.08864538371562958
1043,0.0887075811624527
1044,0.08842617273330688
1045,0.0885172039270401
1046,0.08810605108737946
1047,0.08819782733917236
1048,0.08776798844337463
1049,0.08781269192695618
1050,0.08742466568946838
1051,0.08741439878940582
1052,0.08870784193277359
1053,0.08776966482400894
1054,0.08833076059818268
1055,0.08881814032793045
1056,0.08903918415307999
1057,0.08931288123130798
1058,0.08944366872310638
1059,0.08955500274896622
1060,0.08942408114671707
1061,0.08931069821119308
1062,0.08899720013141632
1063,0.08883443474769592
1064,0.08866926282644272
1065,0.0887618362903595
1066,0.08860214054584503
1067,0.08827651292085648
1068,0.08820958435535431
1069,0.0881580039858818
1070,0.08802391588687897
1071,0.08782567828893661
1072,0.08753620088100433
1073,0.08731593191623688
1074,0.08723511546850204
1075,0.08694034814834595
1076,0.08680186420679092
1077,0.0866667628288269
1078,0.08647263795137405
1079,0.08626113086938858
1080,0.08604386448860168
1081,0.08616182208061218
1082,0.08628284186124802
1083,0.08623455464839935
1084,0.08655337989330292
1085,0.08673403412103653
1086,0.08672086894512177
1087,0.08663547784090042
1088,0.08655314147472382
1089,0.08650463819503784
1090,0.08642707020044327
1091,0.0863366574048996
1092,0.08609191328287125
1093,0.08590289950370789
1094,0.08574603497982025
1095,0.08570516854524612
1096,0.08582001179456711
1097,0.08563101291656494
1098,0.08576595783233643
1099,0.08580895513296127
1100,0.08585067093372345
1101,0.08594510704278946
1102,0.08589467406272888
1103,0.08582485467195511
1104,0.08577338606119156
1105,0.08568131923675537
1106,0.08555229008197784
1107,0.08547582477331161
1108,0.08539213985204697
1109,0.08617057651281357
1110,0.08569633960723877
1111,0.08608419448137283
1112,0.08633554726839066
1113,0.08643420040607452
1114,0.0864817202091217
1115,0.08650204539299011
1116,0.08649007976055145
1117,0.08641088008880615
1118,0.0867006704211235
1119,0.08629073947668076
1120,0.08636929094791412
1121,0.08647438138723373
1122,0.08644834160804749
1123,0.08634419739246368
1124,0.08619336038827896
1125,0.08610665053129196
1126,0.08598308265209198
1127,0.0858367383480072
1128,0.08569419384002686
1129,0.08572567254304886
1130,0.08555599302053452
1131,0.08554847538471222
1132,0.08548799157142639
1133,0.08533717691898346
1134,0.0857490822672844
1135,0.0853375494480133
1136,0.0855310708284378
1137,0.08573301136493683
1138,0.08581741154193878
1139,0.08586530387401581
1140,0.08585754036903381
1141,0.08586419373750687
1142,0.08580838888883591
1143,0.08587825298309326
1144,0.08581052720546722
1145,0.08581896126270294
1146,0.08583854138851166
1147,0.08578349649906158
1148,0.08571922779083252
1149,0.08559875190258026
1150,0.0854838564991951
1151,0.08534150570631027
1152,0.08531970530748367
1153,0.08516506850719452
1154,0.08516409248113632
1155,0.08512820303440094
1156,0.0852440744638443
1157,0.08511219918727875
1158,0.08512051403522491
1159,0.08506746590137482
1160,0.08505836129188538
1161,0.08499077707529068
1162,0.08497954159975052
1163,0.08497729897499084
1164,0.0849640816450119
1165,0.08497948199510574
1166,0.08496496081352234
1167,0.08496983349323273
1168,0.08489018678665161
1169,0.08493606746196747
1170,0.08492059260606766
1171,0.0849432647228241
1172,0.08485323190689087
1173,0.08491767942905426
1174,0.08493262529373169
1175,0.08491047471761703
1176,0.08490234613418579
1177,0.08486950397491455
1178,0.0850464254617691
1179,0.08486823737621307
1180,0.08489062637090683
1181,0.08488782495260239
1182,0.08488648384809494
1183,0.08485414832830429
1184,0.08479055762290955
1185,0.08483360707759857
1186,0.08476489782333374
1187,0.08476731926202774
1188,0.08472542464733124
1189,0.0847196877002716
1190,0.08473950624465942
1191,0.08474281430244446
1192,0.08474747091531754
1193,0.08474551141262054
1194,0.08471202850341797
1195,0.0847608894109726
1196,0.08480220288038254
1197,0.08486368507146835
1198,0.08485990017652512
1199,0.08482452481985092
1200,0.08490274846553802
1201,0.0848325714468956
1202,0.08480033278465271
1203,0.08480964601039886
1204,0.08477828651666641
1205,0.08471569418907166
1206,0.08535391092300415
1207,0.08494161814451218
1208,0.08518220484256744
1209,0.08533859252929688
1210,0.08541610836982727
1211,0.08545374870300293
1212,0.08555996417999268
1213,0.08552327752113342
1214,0.08552902191877365
1215,0.08546832203865051
1216,0.0854315459728241
1217,0.08533181250095367
1218,0.0853060707449913
1219,0.08524499833583832
1220,0.0851837620139122
1221,0.08516597747802734
1222,0.08502478152513504
1223,0.08490077406167984
1224,0.08477093279361725
1225,0.08469091355800629
1226,0.0846116840839386
1227,0.08554932475090027
1228,0.08513159304857254
1229,0.0856911689043045
1230,0.08598998188972473
1231,0.08609897643327713
1232,0.08620928227901459
1233,0.08636157959699631
1234,0.08664381504058838
1235,0.0864403247833252
1236,0.08656629174947739
1237,0.08672124147415161
1238,0.08680794388055801
1239,0.08681285381317139
1240,0.08678008615970612
1241,0.08652360737323761
1242,0.08647897094488144
1243,0.08639940619468689
1244,0.08628711849451065
1245,0.08613403141498566
1246,0.08595575392246246
1247,0.08580789715051651
1248,0.08566056191921234
1249,0.08549034595489502
1250,0.08530151844024658
1251,0.08512361347675323
1252,0.0849480926990509
1253,0.08493568003177643
1254,0.08521768450737
1255,0.08488992601633072
1256,0.08504937589168549
1257,0.08510709553956985
1258,0.0850655734539032
1259,0.08497588336467743
1260,0.08508183807134628
1261,0.08494467288255692
1262,0.08490978181362152
1263,0.08489134162664413
1264,0.08482805639505386
1265,0.08478833734989166
1266,0.08468753099441528
1267,0.08473406732082367
1268,0.08475932478904724
1269,0.08462792634963989
1270,0.0846698135137558
1271,0.08461553603410721
1272,0.08468983322381973
1273,0.08475694060325623
1274,0.08472070097923279
1275,0.08464793115854263
1276,0.08457254618406296
1277,0.08454126119613647
1278,0.08456728607416153
1279,0.08454810082912445
1280,0.08451637625694275
1281,0.08450391888618469
1282,0.08461984992027283
1283,0.08447449654340744
1284,0.08446679264307022
1285,0.08450669050216675
1286,0.08451808243989944
1287,0.08451230823993683
1288,0.08447325229644775
1289,0.08441492170095444
1290,0.08448193222284317
1291,0.08446533977985382
1292,0.08453357219696045
1293,0.08453155308961868
1294,0.08453585207462311
1295,0.08458392322063446
1296,0.08448037505149841
1297,0.08451094478368759
1298,0.08450570702552795
1299,0.08461346477270126
1300,0.08450031280517578
1301,0.08450192213058472
1302,0.08444675803184509
1303,0.0844053402543068
1304,0.08444975316524506
1305,0.0843827947974205
1306,0.08441311866044998
1307,0.0843643918633461
1308,0.08450678735971451
1309,0.0844298005104065
1310,0.08452093601226807
1311,0.0845869928598404
1312,0.08458323031663895
1313,0.08456771820783615
1314,0.08459203690290451
1315,0.08459834009408951
1316,0.08454465866088867
1317,0.08446193486452103
1318,0.08445968478918076
1319,0.08448678255081177
1320,0.08441928029060364
1321,0.08436885476112366
1322,0.08482910692691803
1323,0.08453939110040665
1324,0.08477671444416046
1325,0.08500920236110687
1326,0.08508113026618958
1327,0.08521442860364914
1328,0.08533486723899841
1329,0.0853741317987442
1330,0.08535930514335632
1331,0.08529794961214066
1332,0.08525528758764267
1333,0.08522351831197739
1334,0.08518274873495102
1335,0.08515830338001251
1336,0.08510657399892807
1337,0.08501894772052765
1338,0.08490251749753952
1339,0.08479557931423187
1340,0.08465161919593811
1341,0.0845274031162262
1342,0.08443149924278259
1343,0.08434464782476425
1344,0.08438814431428909
1345,0.08436331152915955
1346,0.08437517285346985
1347,0.0844496488571167
1348,0.08437984436750412
1349,0.08438540995121002
1350,0.08436892926692963
1351,0.08432865142822266
1352,0.08433423936367035
1353,0.08432149887084961
1354,0.0843481495976448
1355,0.08429095894098282
1356,0.08422896265983582
1357,0.08426952362060547
1358,0.08419733494520187
1359,0.08418705314397812
1360,0.08427636325359344
1361,0.08432936668395996
1362,0.08447800576686859
1363,0.08452683687210083
1364,0.08448387682437897
1365,0.0844142735004425
1366,0.08429143577814102
1367,0.08432989567518234
1368,0.08428803831338882
1369,0.08416254818439484
1370,0.08434935659170151
1371,0.08442049473524094
1372,0.0845242440700531
1373,0.08459487557411194
1374,0.08454260230064392
1375,0.08450984209775925
1376,0.08448578417301178
1377,0.08437580615282059
1378,0.0845138430595398
1379,0.08430889248847961
1380,0.08433879911899567
1381,0.08431154489517212
1382,0.08449897170066833
1383,0.08430623263120651
1384,0.08430857211351395
1385,0.08433613181114197
1386,0.08438773453235626
1387,0.08436476439237595
1388,0.08429714292287827
1389,0.0842413529753685
1390,0.08412858098745346
1391,0.08448508381843567
1392,0.08427754789590836
1393,0.08446355164051056
1394,0.084539495408535
1395,0.08457112312316895
1396,0.08467984199523926
1397,0.08464772999286652
1398,0.08464865386486053
1399,0.0846422016620636
1400,0.08464096486568451
1401,0.08462405949831009
1402,0.0845893919467926
1403,0.08447670936584473
1404,0.08456461876630783
1405,0.08440776914358139
1406,0.08450689911842346
1407,0.08456919342279434
1408,0.08450359851121902
1409,0.08442658185958862
1410,0.08431573957204819
1411,0.0847959890961647
1412,0.08467011153697968
1413,0.08501546084880829
1414,0.08514987677335739
1415,0.08526291698217392
1416,0.08541572093963623
1417,0.08561545610427856
1418,0.08568767458200455
1419,0.08563590049743652
1420,0.08555924892425537
1421,0.085502028465271
1422,0.08551855385303497
1423,0.08548073470592499
1424,0.08544108271598816
1425,0.08531482517719269
1426,0.08521254360675812
1427,0.08507494628429413
1428,0.0849079042673111
1429,0.08473823219537735
1430,0.08459236472845078
1431,0.08456315845251083
1432,0.0845414251089096
1433,0.08456791937351227
1434,0.08450999110937119
1435,0.08439019322395325
1436,0.08482782542705536
1437,0.08436969667673111
1438,0.0844687893986702
1439,0.08451102674007416
1440,0.08448447287082672
1441,0.084424689412117
1442,0.08430774509906769
1443,0.08460351079702377
1444,0.08442147076129913
1445,0.08467142283916473
1446,0.0848279744386673
1447,0.08489299565553665
1448,0.08489109575748444
1449,0.08485517650842667
1450,0.0847516730427742
1451,0.0846979022026062
1452,0.08513951301574707
1453,0.0847887396812439
1454,0.08511956036090851
1455,0.08522957563400269
1456,0.08513058722019196
1457,0.08495748043060303
1458,0.08479364961385727
1459,0.08461691439151764
1460,0.08448255062103271
1461,0.0842968225479126
1462,0.08398927003145218
1463,0.08390402793884277
1464,0.08570800721645355
1465,0.08508378267288208
1466,0.08608262985944748
1467,0.08665913343429565
1468,0.08709394931793213
1469,0.0875694751739502
1470,0.08830150961875916
1471,0.08802038431167603
1472,0.08804254978895187
1473,0.08811240643262863
1474,0.0881100744009018
1475,0.08792231976985931
1476,0.08761899173259735
1477,0.08731212466955185
1478,0.08720390498638153
1479,0.08716602623462677
1480,0.0870242491364479
1481,0.0864316001534462
1482,0.08611845970153809
1483,0.08587905764579773
1484,0.08558136224746704
1485,0.08612318336963654
1486,0.08573988825082779
1487,0.0854308009147644
1488,0.08547952771186829
1489,0.0853608101606369
1490,0.08518067002296448
1491,0.0850011557340622
1492,0.08485948294401169
1493,0.08481468260288239
1494,0.08464394509792328
1495,0.0845334529876709
1496,0.08435990661382675
1497,0.08420345187187195
1498,0.08396245539188385
1499,0.08650851994752884
1500,0.08514556288719177
1501,0.08652511984109879
1502,0.08724014461040497
1503,0.08754044771194458
1504,0.08795464038848877
1505,0.08847720175981522
1506,0.08874668926000595
1507,0.08872946351766586
1508,0.08873099088668823
1509,0.08879409730434418
1510,0.08871113508939743
1511,0.0883973240852356
1512,0.08797814697027206
1513,0.08759023249149323
1514,0.08718490600585938
1515,0.0866958498954773
1516,0.0862167701125145
1517,0.0867340937256813
1518,0.08619850873947144
1519,0.08648836612701416
1520,0.08647964894771576
1521,0.08624803274869919
1522,0.08592835068702698
1523,0.0856022909283638
1524,0.08535941690206528
1525,0.08533976227045059
1526,0.08538959920406342
1527,0.0850737988948822
1528,0.08494852483272552
1529,0.08474351465702057
1530,0.08452115952968597
1531,0.08441007137298584
1532,0.0842260867357254
1533,0.08409254997968674
1534,0.08483754098415375
1535,0.0843966156244278
1536,0.08464868366718292
1537,0.08463922142982483
1538,0.08451703190803528
1539,0.08444748818874359
1540,0.08442599326372147
1541,0.08450305461883545
1542,0.08434101939201355
1543,0.08431987464427948
1544,0.08428236097097397
1545,0.08412733674049377
1546,0.0839248076081276
1547,0.08400283008813858
1548,0.0838533267378807
1549,0.0839371308684349
1550,0.08390437066555023
1551,0.0838041678071022
1552,0.0844481885433197
1553,0.084093376994133
1554,0.08433286100625992
1555,0.08436622470617294
1556,0.08444232493638992
1557,0.0847572460770607
1558,0.08468464016914368
1559,0.08459299802780151
1560,0.08446027338504791
1561,0.08452604711055756
1562,0.08462502807378769
1563,0.08459647744894028
1564,0.08466090261936188
1565,0.08468270301818848
1566,0.08464673161506653
1567,0.08449433743953705
1568,0.08427005261182785
1569,0.08462786674499512
1570,0.08410410583019257
1571,0.08410961925983429
1572,0.0840090736746788
1573,0.08453381061553955
1574,0.08385954797267914
1575,0.08378978818655014
1576,0.08376148343086243
1577,0.08379403501749039
1578,0.08381432294845581
1579,0.08375359326601028
1580,0.08391424268484116
1581,0.08388513326644897
1582,0.08408436924219131
1583,0.08418400585651398
1584,0.08427068591117859
1585,0.08425556868314743
1586,0.08424468338489532
1587,0.08434601128101349
1588,0.08442478626966476
1589,0.08457507193088531
1590,0.08459541946649551
1591,0.08453617244958878
1592,0.0844455137848854
1593,0.08438175916671753
1594,0.0842868834733963
1595,0.0841127336025238
1596,0.08412569761276245
1597,0.08391154557466507
1598,0.08381259441375732
1599,0.08377694338560104
1600,0.08360175788402557
1601,0.08362734317779541
1602,0.08367747813463211
1603,0.08363746106624603
1604,0.08363603800535202
1605,0.08355142176151276
1606,0.08357247710227966
1607,0.08358386158943176
1608,0.08369254320859909
1609,0.08380594104528427
1610,0.08385899662971497
1611,0.08379622548818588
1612,0.08365082740783691
1613,0.08378054201602936
1614,0.0837700292468071
1615,0.08392433077096939
1616,0.08396168798208237
1617,0.083930104970932
1618,0.08387162536382675
1619,0.08383414894342422
1620,0.08373228460550308
1621,0.08370795845985413
1622,0.083584263920784
1623,0.0839754268527031
1624,0.08375010639429092
1625,0.08394992351531982
1626,0.08400563895702362
1627,0.08403805643320084
1628,0.08404618501663208
1629,0.08402055501937866
1630,0.0838804841041565
1631,0.0839209035038948
1632,0.08395905792713165
1633,0.08396175503730774
1634,0.08386979252099991
1635,0.08373118937015533
1636,0.08385778218507767
1637,0.08370634913444519
1638,0.08365392684936523
1639,0.08355063199996948
1640,0.08348628878593445
1641,0.08335787802934647
1642,0.08331970125436783
1643,0.08330249041318893
1644,0.08334487676620483
1645,0.08379972726106644
1646,0.08362344652414322
1647,0.08396801352500916
1648,0.08411425352096558
1649,0.08412621170282364
1650,0.0841798484325409
1651,0.08425823599100113
1652,0.08420035243034363
1653,0.08403588086366653
1654,0.08428505063056946
1655,0.08415548503398895
1656,0.08420923352241516
1657,0.08410564810037613
1658,0.08483299612998962
1659,0.08440642058849335
1660,0.08470598608255386
1661,0.08489405363798141
1662,0.08497588336467743
1663,0.08496148884296417
1664,0.08487660437822342
1665,0.08484551310539246
1666,0.08459897339344025
1667,0.08442820608615875
1668,0.08422194421291351
1669,0.08427160233259201
1670,0.08435455709695816
1671,0.08427620679140091
1672,0.08422763645648956
1673,0.0843244194984436
1674,0.08433516323566437
1675,0.0843658372759819
1676,0.08434875309467316
1677,0.0845458135008812
1678,0.08431469649076462
1679,0.08444835245609283
1680,0.08450344204902649
1681,0.08445142209529877
1682,0.08424875885248184
1683,0.08399806171655655
1684,0.08374951034784317
1685,0.08524704724550247
1686,0.08394932746887207
1687,0.08443396538496017
1688,0.08472757041454315
1689,0.08485759794712067
1690,0.08490879088640213
1691,0.08489150553941727
1692,0.08478506654500961
1693,0.08461059629917145
1694,0.0844092145562172
1695,0.08436229825019836
1696,0.08397781848907471
1697,0.0839010626077652
1698,0.08405118435621262
1699,0.08374066650867462
1700,0.08357454836368561
1701,0.08365833759307861
1702,0.08345245569944382
1703,0.08348905295133591
1704,0.08344647288322449
1705,0.08335140347480774
1706,0.08343346416950226
1707,0.08335365355014801
1708,0.08342719823122025
1709,0.08343151956796646
1710,0.08336711674928665
1711,0.08339949697256088
1712,0.08333145827054977
1713,0.08334322273731232
1714,0.08340952545404434
1715,0.08326151967048645
1716,0.08320488035678864
1717,0.08324853330850601
1718,0.08315780013799667
1719,0.08319481462240219
1720,0.08313588052988052
1721,0.083123117685318
1722,0.08311308920383453
1723,0.08309870213270187
1724,0.08325541764497757
1725,0.08315259218215942
1726,0.08310642093420029
1727,0.08316624909639359
1728,0.08313415944576263
1729,0.08308611065149307
1730,0.08318735659122467
1731,0.08298563212156296
1732,0.08303654193878174
1733,0.08306650072336197
1734,0.08310788124799728
1735,0.0831289142370224
1736,0.08305111527442932
1737,0.08317962288856506
1738,0.08313872665166855
1739,0.08307147771120071
1740,0.08318968862295151
1741,0.08330613374710083
1742,0.08322115987539291
1743,0.08320921659469604
1744,0.0832080990076065
1745,0.08332303911447525
1746,0.08316869288682938
1747,0.08315178751945496
1748,0.08311470597982407
1749,0.0830744057893753
1750,0.08297993242740631
1751,0.08291902393102646
1752,0.08287246525287628
1753,0.08292881399393082
1754,0.08301451802253723
1755,0.08296278119087219
1756,0.08326387405395508
1757,0.08314226567745209
1758,0.08323705196380615
1759,0.08327372372150421
1760,0.08323009312152863
1761,0.08355952799320221
1762,0.08331522345542908
1763,0.08348599821329117
1764,0.08348109573125839
1765,0.0834273025393486
1766,0.08336222916841507
1767,0.08390437811613083
1768,0.08338465541601181
1769,0.08364260941743851
1770,0.08379313349723816
1771,0.08421909064054489
1772,0.08387616276741028
1773,0.08399052917957306
1774,0.08407655358314514
1775,0.08411135524511337
1776,0.0840233638882637
1777,0.08383443206548691
1778,0.08358433097600937
1779,0.08453256636857986
1780,0.08373232930898666
1781,0.08403868228197098
1782,0.08417103439569473
1783,0.08418159931898117
1784,0.08408834785223007
1785,0.08408045023679733
1786,0.08408935368061066
1787,0.08385347574949265
1788,0.08380758762359619
1789,0.08377302438020706
1790,0.08364666253328323
1791,0.08393586426973343
1792,0.08351051807403564
1793,0.08385798335075378
1794,0.08360707759857178
1795,0.08362788707017899
1796,0.08377735316753387
1797,0.08401883393526077
1798,0.08375672250986099
1799,0.08384926617145538
1800,0.08380160480737686
1801,0.08431649208068848
1802,0.08380991220474243
1803,0.08400176465511322
1804,0.08413148671388626
1805,0.08429598808288574
1806,0.08419138193130493
1807,0.08417883515357971
1808,0.0841071829199791
1809,0.0840027779340744
1810,0.08395199477672577
1811,0.08381228148937225
1812,0.08374231308698654
1813,0.08358240127563477
1814,0.08350962400436401
1815,0.0833800807595253
1816,0.08317244797945023
1817,0.08315231651067734
1818,0.08319336920976639
1819,0.08325256407260895
1820,0.08320122957229614
1821,0.08324198424816132
1822,0.08316967636346817
1823,0.08304589241743088
1824,0.08290891349315643
1825,0.0831589624285698
1826,0.08296415209770203
1827,0.08308012783527374
1828,0.08310038596391678
1829,0.08304570615291595
1830,0.08302539587020874
1831,0.08290637284517288
1832,0.08301019668579102
1833,0.08298347890377045
1834,0.08309443295001984
1835,0.08304165303707123
1836,0.08299023658037186
1837,0.08308076858520508
1838,0.08304032683372498
1839,0.083082415163517
1840,0.08308524638414383
1841,0.08300890028476715
1842,0.08295969665050507
1843,0.08281838148832321
1844,0.0828399509191513
1845,0.08284666389226913
1846,0.08284071087837219
1847,0.08295831084251404
1848,0.08306380361318588
1849,0.08298251777887344
1850,0.0830308273434639
1851,0.08304309099912643
1852,0.08294914662837982
1853,0.08367717266082764
1854,0.08357656002044678
1855,0.08444605022668839
1856,0.08485088497400284
1857,0.08483555912971497
1858,0.08501242846250534
1859,0.0852632075548172
1860,0.08539749681949615
1861,0.0852770283818245
1862,0.08497791737318039
1863,0.0848856121301651
1864,0.0845535397529602
1865,0.08445339649915695
1866,0.08422243595123291
1867,0.08403567969799042
1868,0.08389577269554138
1869,0.08372439444065094
1870,0.08433113247156143
1871,0.08368115872144699
1872,0.08391813188791275
1873,0.08410145342350006
1874,0.08402775228023529
1875,0.0837537869811058
1876,0.08348851650953293
1877,0.08358485996723175
1878,0.08356738090515137
1879,0.0833960622549057
1880,0.08318635821342468
1881,0.08316321671009064
1882,0.08313634246587753
1883,0.08304734528064728
1884,0.08288288861513138
1885,0.08286469429731369
1886,0.08299869298934937
1887,0.08278661221265793
1888,0.08280197530984879
1889,0.08283805847167969
1890,0.082828089594841
1891,0.08291241526603699
1892,0.08288976550102234
1893,0.08279846608638763
1894,0.08271261304616928
1895,0.08332399278879166
1896,0.0831330418586731
1897,0.08354324102401733
1898,0.08385968208312988
1899,0.08384407311677933
1900,0.0838799923658371
1901,0.08380521088838577
1902,0.08381969481706619
1903,0.0837373360991478
1904,0.0835251659154892
1905,0.08347851037979126
1906,0.08324716240167618
1907,0.08322614431381226
1908,0.08308689296245575
1909,0.08288256078958511
1910,0.08320944756269455
1911,0.08293171226978302
1912,0.08304397761821747
1913,0.08299928903579712
1914,0.08301040530204773
1915,0.08279596269130707
1916,0.08295635879039764
1917,0.08283855020999908
1918,0.08277012407779694
1919,0.08274354040622711
1920,0.08264066278934479
1921,0.0827837586402893
1922,0.08286716043949127
1923,0.08304478228092194
1924,0.08297384530305862
1925,0.08308227360248566
1926,0.08317358791828156
1927,0.08315104991197586
1928,0.08306539803743362
1929,0.08349569886922836
1930,0.08325984328985214
1931,0.0833202600479126
1932,0.083373062312603
1933,0.08332275599241257
1934,0.08313372731208801
1935,0.08303704112768173
1936,0.08286082744598389
1937,0.0826738029718399
1938,0.08266031742095947
1939,0.08297598361968994
1940,0.08270905166864395
1941,0.08300383388996124
1942,0.08314263075590134
1943,0.08318763226270676
1944,0.0831938311457634
1945,0.08311627805233002
1946,0.08303998410701752
1947,0.08294994384050369
1948,0.08324666321277618
1949,0.08301001787185669
1950,0.08290842920541763
1951,0.082861989736557
1952,0.08297674357891083
1953,0.08284953981637955
1954,0.08274687826633453
1955,0.082724928855896
1956,0.08297083526849747
1957,0.0829479843378067
1958,0.08323707431554794
1959,0.08346287161111832
1960,0.08377408981323242
1961,0.08389703929424286
1962,0.08536943793296814
1963,0.08448771387338638
1964,0.0845622792840004
1965,0.08415982872247696
1966,0.08415377140045166
1967,0.08482391387224197
1968,0.08476930111646652
1969,0.08543792366981506
1970,0.08559172600507736
1971,0.0853089839220047
1972,0.08445916324853897
1973,0.08398206532001495
1974,0.08381329476833344
1975,0.08395496755838394
1976,0.08391459286212921
1977,0.08375956863164902
1978,0.08331998437643051
1979,0.08306437730789185
1980,0.0831461027264595
1981,0.08338949829339981
1982,0.0832885131239891
1983,0.0833032876253128
1984,0.08339953422546387
1985,0.08301849663257599
1986,0.08349187672138214
1987,0.08376062661409378
1988,0.08377909660339355
1989,0.08374159038066864
1990,0.08332628756761551
1991,0.08322340250015259
1992,0.08323238790035248
1993,0.08323550969362259
1994,0.08356975018978119
1995,0.08363481611013412
1996,0.08334991335868835
1997,0.083402618765831
1998,0.08349137008190155
1999,0.08369222283363342
2000,0.08367869257926941
2001,0.08349432051181793
2002,0.08634335547685623
2003,0.08325862139463425
2004,0.08398221433162689
2005,0.08457139134407043
2006,0.08355670422315598
2007,0.0827009305357933
2008,0.08308348804712296
2009,0.08358491957187653
2010,0.08344396203756332
2011,0.08296366035938263
2012,0.08274754881858826
2013,0.08292534202337265
2014,0.08313863724470139
2015,0.08301636576652527
2016,0.08272232115268707
2017,0.08258069306612015
2018,0.08268795162439346
2019,0.0828186497092247
2020,0.0827922523021698
2021,0.08265423029661179
2022,0.08255408704280853
2023,0.0825791284441948
2024,0.0826243981719017
2025,0.08258773386478424
2026,0.08249171078205109
2027,0.0824180617928505
2028,0.08245790004730225
2029,0.08248602598905563
2030,0.0824468582868576
2031,0.08234770596027374
2032,0.08233392983675003
2033,0.08236760646104813
2034,0.0823700949549675
2035,0.08238716423511505
2036,0.08235148340463638
2037,0.08231701701879501
2038,0.08231274038553238
2039,0.08231126517057419
2040,0.08229352533817291
2041,0.08225049078464508
2042,0.0822523832321167
2043,0.08226373046636581
2044,0.08224395662546158
2045,0.08221135288476944
2046,0.0822099894285202
2047,0.08219017833471298
2048,0.08219030499458313
2049,0.08218278735876083
2050,0.08218586444854736
2051,0.08219833672046661
2052,0.08220356702804565
2053,0.08217713981866837
2054,0.08216540515422821
2055,0.08214984089136124
2056,0.08216074854135513
2057,0.08216160535812378
2058,0.08218581229448318
2059,0.08212579786777496
2060,0.08210771530866623
2061,0.08211244642734528
2062,0.08210738748311996
2063,0.08212501555681229
2064,0.0821104645729065
2065,0.08212185651063919
2066,0.08211051672697067
2067,0.08210350573062897
2068,0.08214065432548523
2069,0.08211755007505417
2070,0.08212621510028839
2071,0.08213476091623306
2072,0.08214521408081055
2073,0.08211015909910202
2074,0.08211402595043182
2075,0.08210739493370056
2076,0.0821274071931839
2077,0.08214278519153595
2078,0.08214447647333145
2079,0.08212267607450485
2080,0.08212362229824066
2081,0.08209680765867233
2082,0.08209550380706787
2083,0.08208814263343811
2084,0.08208364248275757
2085,0.08206993341445923
2086,0.08208326250314713
2087,0.08208689093589783
2088,0.0820862203836441
2089,0.0820627361536026
2090,0.0820920541882515
2091,0.08203931152820587
2092,0.08204298466444016
2093,0.08204884827136993
2094,0.08205382525920868
2095,0.08205139636993408
2096,0.08205077052116394
2097,0.0820525735616684
2098,0.08205505460500717
2099,0.08203385770320892
2100,0.08211448788642883
2101,0.08205583691596985
2102,0.08206114172935486
2103,0.08206860721111298
2104,0.08215280622243881
2105,0.08208124339580536
2106,0.08208398520946503
2107,0.08214051276445389
2108,0.08208336681127548
2109,0.08207566291093826
2110,0.08206736296415329
2111,0.08206554502248764
2112,0.08204037696123123
2113,0.08202644437551498
2114,0.08203314244747162
2115,0.08206448704004288
2116,0.08208730071783066
2117,0.08209247887134552
2118,0.0820818543434143
2119,0.08205214142799377
2120,0.08204604685306549
2121,0.08199400454759598
2122,0.08200672268867493
2123,0.08202269673347473
2124,0.08201537281274796
2125,0.08202868700027466
2126,0.08203252404928207
2127,0.08200924843549728
2128,0.08200225234031677
2129,0.08200444281101227
2130,0.08204273134469986
2131,0.08203316479921341
2132,0.08199699223041534
2133,0.08200009912252426
2134,0.08198440074920654
2135,0.08196932822465897
2136,0.08195188641548157
2137,0.08193256705999374
2138,0.08201426267623901
2139,0.08195396512746811
2140,0.08198075741529465
2141,0.08196823298931122
2142,0.08197073638439178
2143,0.08200828731060028
2144,0.08192956447601318
2145,0.08194376528263092
2146,0.08193846046924591
2147,0.08195138722658157
2148,0.08195054531097412
2149,0.08198525756597519
2150,0.08196026086807251
2151,0.08192938566207886
2152,0.08193095028400421
2153,0.08192477375268936
2154,0.08192630112171173
2155,0.08197036385536194
2156,0.08199597150087357
2157,0.0820167064666748
2158,0.0820000097155571
2159,0.0819506049156189
2160,0.08189844340085983
2161,0.08196285367012024
2162,0.08190593123435974
2163,0.08193516731262207
2164,0.0819341242313385
2165,0.08192860335111618
2166,0.08199207484722137
2167,0.08190992474555969
2168,0.08192570507526398
2169,0.08195788413286209
2170,0.0819743424654007
2171,0.08197325468063354
2172,0.0819806456565857
2173,0.08197014778852463
2174,0.08196716010570526
2175,0.08195476979017258
2176,0.0819307342171669
2177,0.08192265778779984
2178,0.08187536895275116
2179,0.08186572790145874
2180,0.08193189650774002
2181,0.08188726007938385
2182,0.08201228082180023
2183,0.08196184039115906
2184,0.08197161555290222
2185,0.08194354176521301
2186,0.0820201188325882
2187,0.08191967755556107
2188,0.08192918449640274
2189,0.08191633224487305
2190,0.0818975493311882
2191,0.08205348998308182
2192,0.08197672665119171
2193,0.0820932611823082
2194,0.08216142654418945
2195,0.08217781782150269
2196,0.08215223997831345
2197,0.08209201693534851
2198,0.08201039582490921
2199,0.08197911828756332
2200,0.08195304125547409
2201,0.08199470490217209
2202,0.08188468962907791
2203,0.08188081532716751
2204,0.08193688094615936
2205,0.08194269239902496
2206,0.08188726007938385
2207,0.08189133554697037
2208,0.08187827467918396
2209,0.08188418298959732
2210,0.08189510554075241
2211,0.08188962936401367
2212,0.08188668638467789
2213,0.0818999856710434
2214,0.08187074214220047
2215,0.08185604959726334
2216,0.08186005800962448
2217,0.08186978101730347
2218,0.08186737447977066
2219,0.08186187595129013
2220,0.08183402568101883
2221,0.08196761459112167
2222,0.08186621218919754
2223,0.0819857269525528
2224,0.08197198063135147
2225,0.08198070526123047
2226,0.08203505724668503
2227,0.082036092877388
2228,0.08202441781759262
2229,0.0820411816239357
2230,0.0820196196436882
2231,0.08196274191141129
2232,0.08191031962633133
2233,0.08211444318294525
2234,0.08194423466920853
2235,0.08205952495336533
2236,0.082151398062706
2237,0.08220920711755753
2238,0.08218084275722504
2239,0.08216153830289841
2240,0.08212702721357346
2241,0.0820806697010994
2242,0.08212770521640778
2243,0.08203461021184921
2244,0.08201801031827927
2245,0.08196143805980682
2246,0.08195873349905014
2247,0.08194921910762787
2248,0.0819334015250206
2249,0.08189969509840012
2250,0.08186417818069458
2251,0.08184872567653656
2252,0.0819229856133461
2253,0.08184574544429779
2254,0.0818585753440857
2255,0.08186317980289459
2256,0.08186180889606476
2257,0.0818508118391037
2258,0.08184674382209778
2259,0.0818457305431366
2260,0.08182916045188904
2261,0.08182503283023834
2262,0.08182264864444733
2263,0.08184479922056198
2264,0.08180949836969376
2265,0.08179104328155518
2266,0.08180537074804306
2267,0.08174754679203033
2268,0.08174987137317657
2269,0.08173565566539764
2270,0.08172151446342468
2271,0.08179064095020294
2272,0.08182941377162933
2273,0.08185392618179321
2274,0.08185738325119019
2275,0.08187231421470642
2276,0.0818791389465332
2277,0.08188264816999435
2278,0.08187375962734222
2279,0.08186092227697372
2280,0.08181449770927429
2281,0.08185545355081558
2282,0.08178997039794922
2283,0.08181482553482056
2284,0.08181218802928925
2285,0.08183213323354721
2286,0.08180017024278641
2287,0.08178237080574036
2288,0.0817815363407135
2289,0.08179134130477905
2290,0.0817561224102974
2291,0.08174388110637665
2292,0.08180615305900574
2293,0.08174128085374832
2294,0.08176257461309433
2295,0.08182422071695328
2296,0.08180267363786697
2297,0.08178567886352539
2298,0.08178544044494629
2299,0.08176209032535553
2300,0.08172518759965897
2301,0.08175474405288696
2302,0.08176920562982559
2303,0.08176771551370621
2304,0.08175349235534668
2305,0.08172580599784851
2306,0.08186019957065582
2307,0.08171737194061279
2308,0.08173887431621552
2309,0.08174439519643784
2310,0.08188944309949875
2311,0.08178949356079102
2312,0.0818486288189888
2313,0.08188436180353165
2314,0.0818861573934555
2315,0.08186420053243637
2316,0.08186681568622589
2317,0.08189897984266281
2318,0.08186319470405579
2319,0.08187128603458405
2320,0.08185328543186188
2321,0.08180281519889832
2322,0.08177299052476883
2323,0.08179239183664322
2324,0.08171908557415009
2325,0.08178043365478516
2326,0.08173224329948425
2327,0.08171161264181137
2328,0.08172738552093506
2329,0.08168147504329681
2330,0.08169723302125931
2331,0.0816861018538475
2332,0.08171109855175018
2333,0.08168187737464905
2334,0.08170314133167267
2335,0.08168713003396988
2336,0.08173620700836182
2337,0.0817069336771965
2338,0.08169485628604889
2339,0.08170169591903687
2340,0.08170314878225327
2341,0.08168500661849976
2342,0.08170481026172638
2343,0.08169762790203094
2344,0.08170945942401886
2345,0.08170069754123688
2346,0.08170128613710403
2347,0.08166033774614334
2348,0.08166689425706863
2349,0.08165102452039719
2350,0.08164429664611816
2351,0.08170191943645477
2352,0.08180463314056396
2353,0.08178829401731491
2354,0.08187533915042877
2355,0.08190608769655228
2356,0.08199763298034668
2357,0.08194706588983536
2358,0.08193787932395935
2359,0.08191639930009842
2360,0.08191663771867752
2361,0.08192265033721924
2362,0.08185330033302307
2363,0.08189574629068375
2364,0.08197059482336044
2365,0.08211147040128708
2366,0.08210492879152298
2367,0.08206743746995926
2368,0.08199100941419601
2369,0.08188496530056
2370,0.08182376623153687
2371,0.08183470368385315
2372,0.08185005187988281
2373,0.08179514110088348
2374,0.0818035826086998
2375,0.08179366588592529
2376,0.08179169148206711
2377,0.08176207542419434
2378,0.08173172175884247
2379,0.08168913424015045
2380,0.08176027983427048
2381,0.08171635121107101
2382,0.081763856112957
2383,0.08175406605005264
2384,0.08179549872875214
2385,0.08169741183519363
2386,0.08186503499746323
2387,0.08174265921115875
2388,0.08176960051059723
2389,0.08176645636558533
2390,0.08177205175161362
2391,0.08174256235361099
2392,0.08170824497938156
2393,0.08168121427297592
2394,0.08165077120065689
2395,0.08166606724262238
2396,0.08165296912193298
2397,0.08160089701414108
2398,0.08198007941246033
2399,0.08169833570718765
2400,0.08187413215637207
2401,0.08193269371986389
2402,0.08197589963674545
2403,0.0820021852850914
2404,0.08198036253452301
2405,0.08196445554494858
2406,0.08196859061717987
2407,0.08197666704654694
2408,0.08193997293710709
2409,0.08186730742454529
2410,0.08183738589286804
2411,0.08182255178689957
2412,0.08199682086706161
2413,0.08180569857358932
2414,0.08176516741514206
2415,0.08178295195102692
2416,0.08185067772865295
2417,0.0817648395895958
2418,0.08172997087240219
2419,0.0817059874534607
2420,0.08170321583747864
2421,0.08167337626218796
2422,0.08165998756885529
2423,0.0817466676235199
2424,0.08171279728412628
2425,0.08166849613189697
2426,0.0816863626241684
2427,0.08171873539686203
2428,0.08165110647678375
2429,0.08166210353374481
2430,0.08165685832500458
2431,0.08163031935691833
2432,0.08169923722743988
2433,0.08162222057580948
2434,0.08163420110940933
2435,0.08161059021949768
2436,0.08157838881015778
2437,0.08153992891311646
2438,0.08159433305263519
2439,0.0816410705447197
2440,0.08172442764043808
2441,0.08177348226308823
2442,0.08177369087934494
2443,0.08179748058319092
2444,0.08175274729728699
2445,0.08170022815465927
2446,0.0817236453294754
2447,0.08171608299016953
2448,0.08166813850402832
2449,0.08162162452936172
2450,0.0818643569946289
2451,0.08174483478069305
2452,0.08187538385391235
2453,0.08194094896316528
2454,0.08195576071739197
2455,0.08195915073156357
2456,0.08209048956632614
2457,0.08211135119199753
2458,0.08202991634607315
2459,0.08204846829175949
2460,0.08201386034488678
2461,0.08195996284484863
2462,0.08191774040460587
2463,0.08190084248781204
2464,0.08186276257038116
2465,0.08183763176202774
2466,0.08179657906293869
2467,0.08182310312986374
2468,0.08181191980838776
2469,0.08186881989240646
2470,0.08184128254652023
2471,0.08179431408643723
2472,0.08174559473991394
2473,0.08177659660577774
2474,0.08170098066329956
2475,0.08174275606870651
2476,0.08176368474960327
2477,0.08175376802682877
2478,0.08170969784259796
2479,0.08171062916517258
2480,0.08162837475538254
2481,0.08159710466861725
2482,0.08158368617296219
2483,0.08158022910356522
2484,0.08156917989253998
2485,0.08157660812139511
2486,0.08158774673938751
2487,0.081562340259552
2488,0.08160869777202606
2489,0.08156400918960571
2490,0.0815393477678299
2491,0.08151812106370926
2492,0.0815073624253273
2493,0.08147826790809631
2494,0.08158133924007416
2495,0.08150326460599899
2496,0.0815490111708641
2497,0.08154258131980896
2498,0.08151537925004959
2499,0.08152644336223602
2500,0.08154039829969406
2501,0.08152153342962265
2502,0.0815594494342804
2503,0.08166562765836716
2504,0.0816393494606018
2505,0.08159177005290985
2506,0.08162400126457214
2507,0.08161930739879608
2508,0.08159194886684418
2509,0.08163856714963913
2510,0.0816497802734375
2511,0.08160467445850372
2512,0.08160358667373657
2513,0.08158474415540695
2514,0.08153651654720306
2515,0.08162836730480194
2516,0.08154510706663132
2517,0.08159665763378143
2518,0.08164306730031967
2519,0.08161798864603043
2520,0.08157167583703995
2521,0.08155050128698349
2522,0.08153549581766129
2523,0.08152027428150177
2524,0.08155923336744308
2525,0.08149674534797668
2526,0.08156371116638184
2527,0.08154553174972534
2528,0.08153992891311646
2529,0.08153126388788223
2530,0.08163266628980637
2531,0.08153325319290161
2532,0.08156737685203552
2533,0.08164745569229126
2534,0.08160500228404999
2535,0.0815775915980339
2536,0.08156736940145493
2537,0.08161363005638123
2538,0.08157560974359512
2539,0.08155670017004013
2540,0.0816117450594902
2541,0.08155454695224762
2542,0.0816391110420227
2543,0.08157452195882797
2544,0.08158702403306961
2545,0.08157912641763687
2546,0.08155476301908493
2547,0.08154711127281189
2548,0.08146821707487106
2549,0.0815228521823883
2550,0.08145328611135483
2551,0.0815136730670929
2552,0.08145873993635178
2553,0.08148469030857086
2554,0.08152321726083755
2555,0.08152738958597183
2556,0.08153064548969269
2557,0.08151599764823914
2558,0.08154279738664627
2559,0.08149802684783936
2560,0.08150260150432587
2561,0.08147977292537689
2562,0.08153489977121353
2563,0.08152055740356445
2564,0.08160034567117691
2565,0.08165907859802246
2566,0.08164224028587341
2567,0.08159538358449936
2568,0.08161697536706924
2569,0.08160490542650223
2570,0.08155670762062073
2571,0.08157406747341156
2572,0.08149074018001556
2573,0.08153950423002243
2574,0.08155770599842072
2575,0.08154594153165817
2576,0.08179336041212082
2577,0.08161536604166031
2578,0.0816366970539093
2579,0.08164811134338379
2580,0.08164391666650772
2581,0.08166716247797012
2582,0.0816674530506134
2583,0.08163672685623169
2584,0.0815853476524353
2585,0.08154784142971039
2586,0.08149701356887817
2587,0.08149243146181107
2588,0.08157163113355637
2589,0.08155380934476852
2590,0.08149205893278122
2591,0.0815349593758583
2592,0.08153015375137329
2593,0.08154391497373581
2594,0.08153412491083145
2595,0.08151377737522125
2596,0.08149250596761703
2597,0.08146140724420547
2598,0.08145499229431152
2599,0.08142496645450592
2600,0.08145445585250854
2601,0.08144470304250717
2602,0.08145352452993393
2603,0.08148433268070221
2604,0.08138781040906906
2605,0.08141544461250305
2606,0.08136395364999771
2607,0.0813693031668663
2608,0.08142579346895218
2609,0.08147089183330536
2610,0.08145861327648163
2611,0.08147215843200684
2612,0.08154205232858658
2613,0.08166694641113281
2614,0.08169536292552948
2615,0.08171024918556213
2616,0.0816187858581543
2617,0.081619493663311
2618,0.08153930306434631
2619,0.08154363185167313
2620,0.08154261857271194
2621,0.08151663094758987
2622,0.0815252885222435
2623,0.08143922686576843
2624,0.08146210759878159
2625,0.0814354345202446
2626,0.0814812034368515
2627,0.08152739703655243
2628,0.08149561285972595
2629,0.08147580176591873
2630,0.08161109685897827
2631,0.08147279918193817
2632,0.08150263130664825
2633,0.08154796808958054
2634,0.08151336759328842
2635,0.08159800618886948
2636,0.08152719587087631
2637,0.08150866627693176
2638,0.08148787915706635
2639,0.08145371079444885
2640,0.08144702762365341
2641,0.08147194981575012
2642,0.08146016299724579
2643,0.08145704865455627
2644,0.08142410218715668
2645,0.08145947009325027
2646,0.08142261952161789
2647,0.08141343295574188
2648,0.08138798922300339
2649,0.08137718588113785
2650,0.08135245740413666
2651,0.08140990138053894
2652,0.08136232197284698
2653,0.08141841739416122
2654,0.08135963976383209
2655,0.08139079809188843
2656,0.08138249814510345
2657,0.08136173337697983
2658,0.0813911035656929
2659,0.08138541877269745
2660,0.08135636150836945
2661,0.08135280013084412
2662,0.08133546262979507
2663,0.08145637065172195
2664,0.08132514357566833
2665,0.08134403079748154
2666,0.08135493099689484
2667,0.08138228207826614
2668,0.08136267960071564
2669,0.08136650174856186
2670,0.08138200640678406
2671,0.08136443048715591
2672,0.08136605471372604
2673,0.08133887499570847
2674,0.08134771138429642
2675,0.0813431441783905
2676,0.0813475102186203
2677,0.08137896656990051
2678,0.081362783908844
2679,0.08157572150230408
2680,0.0814974457025528
2681,0.08162713050842285
2682,0.08169025927782059
2683,0.08169853687286377
2684,0.08166573941707611
2685,0.08160746097564697
2686,0.08159248530864716
2687,0.08142165839672089
2688,0.08161398768424988
2689,0.08138999342918396
2690,0.08158554881811142
2691,0.08148851990699768
2692,0.08164867758750916
2693,0.08175239711999893
2694,0.08172980695962906
2695,0.0816698670387268
2696,0.08162042498588562
2697,0.08159007877111435
2698,0.08151012659072876
2699,0.08151782304048538
2700,0.08150159567594528
2701,0.08143261075019836
2702,0.08138560503721237
2703,0.08137135952711105
2704,0.08133476972579956
2705,0.08152960240840912
2706,0.0813630148768425
2707,0.08144176006317139
2708,0.08148042112588882
2709,0.08149707317352295
2710,0.08146649599075317
2711,0.08143342286348343
2712,0.08157321065664291
2713,0.08142349869012833
2714,0.08157067000865936
2715,0.08164150267839432
2716,0.08159857243299484
2717,0.08159036934375763
2718,0.08159591257572174
2719,0.08157990872859955
2720,0.0815734937787056
2721,0.0815725326538086
2722,0.08158360421657562
2723,0.0815955400466919
2724,0.0815994143486023
2725,0.0815383568406105
2726,0.08149711787700653
2727,0.08161908388137817
2728,0.08148694038391113
2729,0.08148422837257385
2730,0.08151372522115707
2731,0.08151686191558838
2732,0.08148687332868576
2733,0.08145221322774887
2734,0.08139575272798538
2735,0.08141033351421356
2736,0.08142903447151184
2737,0.08136092126369476
2738,0.0813668817281723
2739,0.08142209053039551
2740,0.08138889074325562
2741,0.08143135905265808
2742,0.08144030719995499
2743,0.08143731206655502
2744,0.08142326772212982
2745,0.08140271157026291
2746,0.08135947585105896
2747,0.08139817416667938
2748,0.08136477321386337
2749,0.08133311569690704
2750,0.08135832846164703
2751,0.08134567737579346
2752,0.08129538595676422
2753,0.08129853755235672
2754,0.08123647421598434
2755,0.08121319115161896
2756,0.08119824528694153
2757,0.08121839910745621
2758,0.08123702555894852
2759,0.08122306317090988
2760,0.0812385156750679
2761,0.08120263367891312
2762,0.08122225105762482
2763,0.08119837939739227
2764,0.08120551705360413
2765,0.08124195039272308
2766,0.08127649873495102
2767,0.08131721615791321
2768,0.081351138651371
2769,0.08136743307113647
2770,0.0813702642917633
2771,0.0814262256026268
2772,0.08135740458965302
2773,0.08135025948286057
2774,0.08131907135248184
2775,0.08139292895793915
2776,0.08133590221405029
2777,0.08132607489824295
2778,0.08133009076118469
2779,0.08131077885627747
2780,0.08133690804243088
2781,0.08129840344190598
2782,0.08136168867349625
2783,0.08145378530025482
2784,0.08154313266277313
2785,0.08153475821018219
2786,0.0814800038933754
2787,0.08144797384738922
2788,0.08151297271251678
2789,0.0814269557595253
2790,0.08151451498270035
2791,0.08156657218933105
2792,0.08157855272293091
2793,0.081507608294487
2794,0.08147260546684265
2795,0.08131082355976105
2796,0.08128153532743454
2797,0.08143553137779236
2798,0.08124171942472458
2799,0.08130932599306107
2800,0.08129683136940002
2801,0.08126283437013626
2802,0.0812462642788887
2803,0.08124973624944687
2804,0.08125089108943939
2805,0.08126548677682877
2806,0.08136298507452011
2807,0.08141575753688812
2808,0.08141922205686569
2809,0.08141937106847763
2810,0.08134220540523529
2811,0.0815044641494751
2812,0.08133677393198013
2813,0.08135805279016495
2814,0.0813337191939354
2815,0.08134946972131729
2816,0.08127090334892273
2817,0.08147810399532318
2818,0.08126974105834961
2819,0.08127045631408691
2820,0.08144521713256836
2821,0.08133754134178162
2822,0.08139621466398239
2823,0.08140424638986588
2824,0.0813751146197319
2825,0.08137287199497223
2826,0.08132632076740265
2827,0.08127102255821228
2828,0.08123183995485306
2829,0.08121071010828018
2830,0.08119198679924011
2831,0.08122898638248444
2832,0.08117610216140747
2833,0.08118421584367752
2834,0.0811566486954689
2835,0.08119560778141022
2836,0.08125130087137222
2837,0.08120658248662949
2838,0.0812159925699234
2839,0.08118260651826859
2840,0.0811915397644043
2841,0.08115842193365097
2842,0.08114282786846161
2843,0.08116382360458374
2844,0.08118488639593124
2845,0.08114689588546753
2846,0.08115722984075546
2847,0.08122745156288147
2848,0.08123233914375305
2849,0.08130207657814026
2850,0.08135947585105896
2851,0.08140423148870468
2852,0.08141957223415375
2853,0.08139503747224808
2854,0.08134572952985764
2855,0.08136697858572006
2856,0.08126571774482727
2857,0.0812302678823471
2858,0.0812157392501831
2859,0.08118972182273865
2860,0.08119302242994308
2861,0.08119392395019531
2862,0.08122125267982483
2863,0.0812472552061081
2864,0.08133324235677719
2865,0.08134765177965164
2866,0.08130785077810287
2867,0.0812993124127388
2868,0.08125387877225876
2869,0.08121894299983978
2870,0.08116216957569122
2871,0.08128885924816132
2872,0.0811513364315033
2873,0.08122453093528748
2874,0.08127361536026001
2875,0.08128268271684647
2876,0.08127869665622711
2877,0.08126161992549896
2878,0.08136750012636185
2879,0.08131340891122818
2880,0.08134179562330246
2881,0.08140614628791809
2882,0.08141078799962997
2883,0.08147872984409332
2884,0.08143702149391174
2885,0.08136972784996033
2886,0.08136650174856186
2887,0.08133092522621155
2888,0.08130079507827759
2889,0.08129050582647324
2890,0.0812479630112648
2891,0.08122841268777847
2892,0.08120215684175491
2893,0.08118844032287598
2894,0.08135479688644409
2895,0.08123843371868134
2896,0.08130599558353424
2897,0.08133173733949661
2898,0.0812937542796135
2899,0.0812908485531807
2900,0.08142887055873871
2901,0.08131423592567444
2902,0.08132296800613403
2903,0.08129115402698517
2904,0.08128173649311066
2905,0.08124054223299026
2906,0.08136922121047974
2907,0.08121851086616516
2908,0.08126387745141983
2909,0.08125384896993637
2910,0.08127307146787643
2911,0.08135566115379333
2912,0.0814434140920639
2913,0.08157272636890411
2914,0.08155705779790878
2915,0.08145033568143845
2916,0.08139152824878693
2917,0.08136437833309174
2918,0.0812922865152359
2919,0.08126920461654663
2920,0.08127562701702118
2921,0.08126043528318405
2922,0.08122079074382782
2923,0.08116064220666885
2924,0.08108832687139511
2925,0.08125725388526917
2926,0.0811702311038971
2927,0.08118954300880432
2928,0.08118647336959839
2929,0.08135746419429779
2930,0.08124168962240219
2931,0.08129362761974335
2932,0.08130785822868347
2933,0.08146640658378601
2934,0.08132253587245941
2935,0.08143511414527893
2936,0.08153801411390305
2937,0.08137613534927368
2938,0.08138692378997803
2939,0.08138234913349152
2940,0.08139604330062866
2941,0.08139138668775558
2942,0.08133576810359955
2943,0.08138681203126907
2944,0.08136048913002014
2945,0.08129525184631348
2946,0.08125419914722443
2947,0.08131469041109085
2948,0.08130348473787308
2949,0.08136671781539917
2950,0.08137708902359009
2951,0.08137035369873047
2952,0.08140871673822403
2953,0.08137919753789902
2954,0.0813307911157608
2955,0.08129268884658813
2956,0.08125939965248108
2957,0.08132091909646988
2958,0.08121148496866226
2959,0.08127432316541672
2960,0.0811447724699974
2961,0.08110717684030533
2962,0.0810902863740921
2963,0.08104947209358215
2964,0.08126474171876907
2965,0.08120172470808029
2966,0.0813511461019516
2967,0.0814153328537941
2968,0.08143607527017593
2969,0.0814284235239029
2970,0.08145342022180557
2971,0.08141915500164032
2972,0.08136655390262604
2973,0.08134512603282928
2974,0.08133672177791595
2975,0.08131187409162521
2976,0.0813337117433548
2977,0.0812763199210167
2978,0.08124253898859024
2979,0.08122841268777847
2980,0.08119213581085205
2981,0.0812121108174324
2982,0.08115801215171814
2983,0.08115164935588837
2984,0.08115893602371216
2985,0.08116840571165085
2986,0.08129581063985825
2987,0.08124047517776489
2988,0.0811886191368103
2989,0.08112082630395889
2990,0.08112366497516632
2991,0.08112803846597672
2992,0.08111268281936646
2993,0.08109588176012039
2994,0.08110187202692032
2995,0.08108362555503845
2996,0.08110923320055008
2997,0.08112061768770218
2998,0.08113699406385422
2999,0.08113255351781845
3000,0.08111978322267532
3001,0.08107208460569382
3002,0.08116947114467621
3003,0.0811072438955307
3004,0.08118342608213425
3005,0.08135446161031723
3006,0.08123829960823059
3007,0.08122245222330093
3008,0.08140528202056885
3009,0.08124934136867523
3010,0.08127499371767044
3011,0.08120455592870712
3012,0.0811721682548523
3013,0.08112338930368423
3014,0.08110657334327698
3015,0.08108343929052353
3016,0.08116253465414047
3017,0.0811823233962059
3018,0.08112668991088867
3019,0.08112548291683197
3020,0.0811084657907486
3021,0.08108073472976685
3022,0.08107459545135498
3023,0.08106035739183426
3024,0.08104079216718674
3025,0.08100838214159012
3026,0.08099664747714996
3027,0.08099419623613358
3028,0.08097466826438904
3029,0.08095987141132355
3030,0.0810241550207138
3031,0.08099015802145004
3032,0.0809866413474083
3033,0.0809737890958786
3034,0.08093250542879105
3035,0.08105672895908356
3036,0.08099145442247391
3037,0.08108355849981308
3038,0.08117672801017761
3039,0.08121033012866974
3040,0.08119364082813263
3041,0.08120471984148026
3042,0.08116146922111511
3043,0.08115869760513306
3044,0.08113335818052292
3045,0.08113202452659607
3046,0.08109990507364273
3047,0.08104626089334488
3048,0.0811276063323021
3049,0.08112841844558716
3050,0.08113819360733032
3051,0.08127212524414062
3052,0.08140957355499268
3053,0.0814397931098938
3054,0.08146628737449646
3055,0.08160475641489029
3056,0.08161843568086624
3057,0.08166778087615967
3058,0.08167409896850586
3059,0.08163874596357346
3060,0.08158814162015915
3061,0.08150345832109451
3062,0.08145958185195923
3063,0.08142804354429245
3064,0.08136256039142609
3065,0.08138416707515717
3066,0.08123983442783356
3067,0.08114287257194519
3068,0.08113331347703934
3069,0.0812230259180069
3070,0.08125942945480347
3071,0.08124402165412903
3072,0.08131050318479538
3073,0.08135346323251724
3074,0.08131778240203857
3075,0.08123384416103363
3076,0.08117213845252991
3077,0.08137254416942596
3078,0.0812068060040474
3079,0.08127257972955704
3080,0.08143053948879242
3081,0.08130275458097458
3082,0.08131437748670578
3083,0.08135759830474854
3084,0.08138367533683777
3085,0.08135956525802612
3086,0.08128002285957336
3087,0.08125315606594086
3088,0.0811908170580864
3089,0.08118806034326553
3090,0.0812823548913002
3091,0.08115946501493454
3092,0.08124332129955292
3093,0.08118720352649689
3094,0.08122626692056656
3095,0.08125296235084534
3096,0.08118045330047607
3097,0.08110632002353668
3098,0.08103246986865997
3099,0.08120571821928024
3100,0.08099795132875443
3101,0.08108232915401459
3102,0.08105042576789856
3103,0.08104819059371948
3104,0.08100894093513489
3105,0.08106497675180435
3106,0.08092858642339706
3107,0.08104018121957779
3108,0.08098495751619339
3109,0.08109680563211441
3110,0.08111098408699036
3111,0.08116015791893005
3112,0.08116429299116135
3113,0.08114130795001984
3114,0.0811597928404808
3115,0.0811212882399559
3116,0.08110036700963974
3117,0.08143118023872375
3118,0.08115917444229126
3119,0.0812046155333519
3120,0.08120986819267273
3121,0.08117654919624329
3122,0.08128068596124649
3123,0.08108304440975189
3124,0.08102454245090485
3125,0.08096776157617569
3126,0.08105345815420151
3127,0.08094757050275803
3128,0.08101827651262283
3129,0.08100484311580658
3130,0.081039197742939
3131,0.08113502711057663
3132,0.08125743269920349
3133,0.08122465759515762
3134,0.08130407333374023
3135,0.08133918792009354
3136,0.08140423893928528
3137,0.08127535879611969
3138,0.08118610084056854
3139,0.08111409097909927
3140,0.08111599087715149
3141,0.08104584366083145
3142,0.08098410815000534
3143,0.08098044246435165
3144,0.0809776559472084
3145,0.08100386708974838
3146,0.08100879937410355
3147,0.08105402439832687
3148,0.08100434392690659
3149,0.08101974427700043
3150,0.08103713393211365
3151,0.08107179403305054
3152,0.08106815814971924
3153,0.08117365092039108
3154,0.08114739507436752
3155,0.08117364346981049
3156,0.08116055279970169
3157,0.08118165284395218
3158,0.08117786794900894
3159,0.08114646375179291
3160,0.0811721459031105
3161,0.08126166462898254
3162,0.0811174288392067
3163,0.08116564899682999
3164,0.08115428686141968
3165,0.08110039681196213
3166,0.08117128908634186
3167,0.08107325434684753
3168,0.08119149506092072
3169,0.08108771592378616
3170,0.08119625598192215
3171,0.081194207072258
3172,0.08133293688297272
3173,0.08126238733530045
3174,0.08128361403942108
3175,0.0812750905752182
3176,0.08121244609355927
3177,0.08123071491718292
3178,0.08117064833641052
3179,0.08104684948921204
3180,0.08109413087368011
3181,0.08105096966028214
3182,0.08104808628559113
3183,0.08103444427251816
3184,0.08107095211744308
3185,0.08101391792297363
3186,0.0810026079416275
3187,0.08098667860031128
3188,0.08102230727672577
3189,0.08100426197052002
3190,0.0810021460056305
3191,0.08096685260534286
3192,0.08098951727151871
3193,0.08100519329309464
3194,0.08105850964784622
3195,0.08106643706560135
3196,0.08111105859279633
3197,0.0810367614030838
3198,0.08107545971870422
3199,0.08107699453830719
3200,0.08101143687963486
3201,0.0809851735830307
3202,0.08095201849937439
3203,0.08090397715568542
3204,0.08090980350971222
3205,0.08085618168115616
3206,0.08089596033096313
3207,0.08090053498744965
3208,0.08090638369321823
3209,0.08088812977075577
3210,0.08093378692865372
3211,0.08084961771965027
3212,0.0808471068739891
3213,0.08085229992866516
3214,0.08092395216226578
3215,0.08100239932537079
3216,0.08111857622861862
3217,0.08113814145326614
3218,0.08105863630771637
3219,0.08097060024738312
3220,0.08102249354124069
3221,0.08096518367528915
3222,0.08101306855678558
3223,0.08102542906999588
3224,0.08097823709249496
3225,0.08097872138023376
3226,0.08112829178571701
3227,0.08098544925451279
3228,0.08113380521535873
3229,0.08123056590557098
3230,0.08126820623874664
3231,0.08124157786369324
3232,0.08114712685346603
3233,0.08106718212366104
3234,0.08104021847248077
3235,0.08096958696842194
3236,0.08110353350639343
3237,0.08105374127626419
3238,0.0810123085975647
3239,0.0810638964176178
3240,0.08098439872264862
3241,0.08097971975803375
3242,0.080904021859169
3243,0.08098132908344269
3244,0.08098317682743073
3245,0.08104346692562103
3246,0.08106258511543274
3247,0.08106595277786255
3248,0.08103542774915695
3249,0.08097406476736069
3250,0.08093230426311493
3251,0.08090589940547943
3252,0.08085200190544128
3253,0.08085291087627411
3254,0.0808274894952774
3255,0.08082367479801178
3256,0.08091944456100464
3257,0.0808412954211235
3258,0.08098486065864563
3259,0.08095992356538773
3260,0.08103351294994354
3261,0.0810694694519043
3262,0.0811077207326889
3263,0.08108100295066833
3264,0.08103124797344208
3265,0.08101987093687057
3266,0.0810125544667244
3267,0.08092387765645981
3268,0.08094986528158188
3269,0.0809362456202507
3270,0.08101281523704529
3271,0.08099931478500366
3272,0.08093340694904327
3273,0.08095858991146088
3274,0.08097294718027115
3275,0.0809510201215744
3276,0.08106604218482971
3277,0.08094803243875504
3278,0.0810324102640152
3279,0.08105260878801346
3280,0.08109922707080841
3281,0.08111076802015305
3282,0.0811094120144844
3283,0.08112906664609909
3284,0.08112764358520508
3285,0.08107306808233261
3286,0.08104754239320755
3287,0.08105459064245224
3288,0.08104550838470459
3289,0.08097262680530548
3290,0.08088202774524689
3291,0.08106232434511185
3292,0.08100810647010803
3293,0.08095359802246094
3294,0.08101516216993332
3295,0.08102148026227951
3296,0.08097679913043976
3297,0.08093523234128952
3298,0.08091089129447937
3299,0.08091529458761215
3300,0.08089187741279602
3301,0.08087112754583359
3302,0.08090703189373016
3303,0.08090242743492126
3304,0.08085771650075912
3305,0.0808369591832161
3306,0.08091013878583908
3307,0.08074600994586945
3308,0.08084528893232346
3309,0.08082880079746246
3310,0.08087033033370972
3311,0.08086730539798737
3312,0.08086901158094406
3313,0.08087502419948578
3314,0.08086010068655014
3315,0.08089060336351395
3316,0.08076619356870651
3317,0.08104734867811203
3318,0.08081686496734619
3319,0.08101412653923035
3320,0.0809895321726799
3321,0.08105243742465973
3322,0.08105522394180298
3323,0.08101991564035416
3324,0.08101855963468552
3325,0.08099661022424698
3326,0.08094315230846405
3327,0.08091946691274643
3328,0.08090292662382126
3329,0.0808437317609787
3330,0.08080918341875076
3331,0.08078143000602722
3332,0.0807400718331337
3333,0.08073987811803818
3334,0.08076080679893494
3335,0.08077340573072433
3336,0.08076890558004379
3337,0.08076490461826324
3338,0.08071278035640717
3339,0.08069241046905518
3340,0.08097870647907257
3341,0.08081129193305969
3342,0.08097168803215027
3343,0.08107919245958328
3344,0.081133171916008
3345,0.08118487894535065
3346,0.08115988224744797
3347,0.08112795650959015
3348,0.08110154420137405
3349,0.08104084432125092
3350,0.08099982142448425
3351,0.08090679347515106
3352,0.08088657259941101
3353,0.08084207028150558
3354,0.08081777393817902
3355,0.08078864961862564
3356,0.08083148300647736
3357,0.08077701181173325
3358,0.0807480663061142
3359,0.08086173981428146
3360,0.08097390085458755
3361,0.08116641640663147
3362,0.0813753604888916
3363,0.08153970539569855
3364,0.08126472681760788
3365,0.08120159059762955
3366,0.08122047036886215
3367,0.0812360867857933
3368,0.08129409700632095
3369,0.08129377663135529
3370,0.08118893206119537
3371,0.0810687392950058
3372,0.08088017255067825
3373,0.08103767037391663
3374,0.08091924339532852
3375,0.08115269243717194
3376,0.08120960742235184
3377,0.08120507746934891
3378,0.08118030428886414
3379,0.08108479529619217
3380,0.08118261396884918
3381,0.08121038973331451
3382,0.08117932826280594
3383,0.08119235932826996
3384,0.08116792142391205
3385,0.08109308779239655
3386,0.0810982808470726
3387,0.08101232349872589
3388,0.08101320266723633
3389,0.08100241422653198
3390,0.08112156391143799
3391,0.08101058751344681
3392,0.08123192191123962
3393,0.08097714930772781
3394,0.08100617676973343
3395,0.08120148628950119
3396,0.08106590062379837
3397,0.08117102086544037
3398,0.08113209158182144
3399,0.08113353699445724
3400,0.08109980821609497
3401,0.08105166256427765
3402,0.08095984905958176
3403,0.08092769980430603
3404,0.08108088374137878
3405,0.08094548434019089
3406,0.08104541897773743
3407,0.08108846843242645
3408,0.08118908852338791
3409,0.08108582347631454
3410,0.081088125705719
3411,0.08116235584020615
3412,0.0810217335820198
3413,0.08095160126686096
3414,0.08098680526018143
3415,0.0809595063328743
3416,0.08093991130590439
3417,0.08094923198223114
3418,0.08092929422855377
3419,0.08086583018302917
3420,0.08091777563095093
3421,0.0808977261185646
3422,0.0807977169752121
3423,0.08091095089912415
3424,0.08085941523313522
3425,0.08084027469158173
3426,0.08083413541316986
3427,0.08079885691404343
3428,0.08079937100410461
3429,0.08082892745733261
3430,0.08087744563817978
3431,0.08088719844818115
3432,0.08085570484399796
3433,0.08086513727903366
3434,0.08079954236745834
3435,0.08089391142129898
3436,0.08077901601791382
3437,0.08081250637769699
3438,0.08081930875778198
3439,0.08080992847681046
3440,0.0807880312204361
3441,0.0807887613773346
3442,0.08076851069927216
3443,0.0807654857635498
3444,0.08078188449144363
3445,0.08075443655252457
3446,0.08078829944133759
3447,0.08077216148376465
3448,0.080777108669281
3449,0.08080640435218811
3450,0.0806906670331955
3451,0.0806889533996582
3452,0.08081696182489395
3453,0.08076412975788116
3454,0.08083443343639374
3455,0.08086095750331879
3456,0.08087190240621567
3457,0.08086864650249481
3458,0.08082978427410126
3459,0.08079200237989426
3460,0.08080144226551056
3461,0.08077065646648407
3462,0.08078161627054214
3463,0.08083398640155792
3464,0.08081165701150894
3465,0.08081536740064621
3466,0.08080341666936874
3467,0.08078642934560776
3468,0.08083876222372055
3469,0.08079548925161362
3470,0.08094693720340729
3471,0.08097368478775024
3472,0.0810801088809967
3473,0.08114470541477203
3474,0.08117128163576126
3475,0.08114749938249588
3476,0.08108929544687271
3477,0.08103588223457336
3478,0.0809447169303894
3479,0.08093301206827164
3480,0.08100694417953491
3481,0.08082093298435211
3482,0.08085145801305771
3483,0.08085814118385315
3484,0.08082523941993713
3485,0.08077839761972427
3486,0.08101323992013931
3487,0.0807684063911438
3488,0.08081651479005814
3489,0.08091547340154648
3490,0.08090142160654068
3491,0.08088821172714233
3492,0.08091100305318832
3493,0.08087216317653656
3494,0.08084560185670853
3495,0.08081412315368652
3496,0.08075442165136337
3497,0.08077372610569
3498,0.08075056970119476
3499,0.08076996356248856
3500,0.08088857680559158
3501,0.08075368404388428
3502,0.08072368800640106
3503,0.08109039813280106
3504,0.08084006607532501
3505,0.08094523102045059
3506,0.0810096263885498
3507,0.08102230727672577
3508,0.08124032616615295
3509,0.08117319643497467
3510,0.08130409568548203
3511,0.08141942322254181
3512,0.08145594596862793
3513,0.08127403259277344
3514,0.08115148544311523
3515,0.08115323632955551
3516,0.08111302554607391
3517,0.08113843202590942
3518,0.08117671310901642
3519,0.08106498420238495
3520,0.0810047835111618
3521,0.08092550188302994
3522,0.08087031543254852
3523,0.08096513897180557
3524,0.08138838410377502
3525,0.08104263246059418
3526,0.08113633096218109
3527,0.08123912662267685
3528,0.08122952282428741
3529,0.08126231282949448
3530,0.08128758519887924
3531,0.08130575716495514
3532,0.08129661530256271
3533,0.0812465026974678
3534,0.08116044849157333
3535,0.08108606934547424
3536,0.08105611056089401
3537,0.0810047909617424
3538,0.08098960667848587
3539,0.08095709979534149
3540,0.08091377466917038
3541,0.0808599665760994
3542,0.08082251250743866
3543,0.08075334131717682
3544,0.08073510974645615
3545,0.08072163164615631
3546,0.08076553791761398
3547,0.08083447813987732
3548,0.08080003410577774
3549,0.08080087602138519
3550,0.08078701049089432
3551,0.08093215525150299
3552,0.08081381022930145
3553,0.08082402497529984
3554,0.080858513712883
3555,0.08086498826742172
3556,0.08079652488231659
3557,0.08076844364404678
3558,0.0807831883430481
3559,0.0808505117893219
3560,0.08070585876703262
3561,0.08071452379226685
3562,0.08074857294559479
3563,0.08073937892913818
3564,0.08078018575906754
3565,0.08070067316293716
3566,0.08085902780294418
3567,0.08073850721120834
3568,0.08081046491861343
3569,0.08078443259000778
3570,0.08076933026313782
3571,0.08070959895849228
3572,0.08083358407020569
3573,0.08090892434120178
3574,0.08084741979837418
3575,0.08094502985477448
3576,0.08104422688484192
3577,0.08107871562242508
3578,0.08112107217311859
3579,0.08111893385648727
3580,0.08109104633331299
3581,0.08104471117258072
3582,0.08098407834768295
3583,0.08101332187652588
3584,0.08089756220579147
3585,0.08085451275110245
3586,0.08083076030015945
3587,0.08077138662338257
3588,0.08074026554822922
3589,0.08090067654848099
3590,0.08074918389320374
3591,0.08080063760280609
3592,0.08082986623048782
3593,0.08082646131515503
3594,0.08079005777835846
3595,0.08076395094394684
3596,0.08074215799570084
3597,0.08074446022510529
3598,0.08070255815982819
3599,0.08062823861837387
3600,0.0806305781006813
3601,0.08061525225639343
3602,0.08073136955499649
3603,0.0806279331445694
3604,0.08066122233867645
3605,0.08065217733383179
3606,0.08060883730649948
3607,0.08089305460453033
3608,0.08069197088479996
3609,0.08079385757446289
3610,0.08086942136287689
3611,0.08087748289108276
3612,0.08102811127901077
3613,0.0809173583984375
3614,0.0809272900223732
3615,0.08093377947807312
3616,0.08089528232812881
3617,0.08092153817415237
3618,0.08084063977003098
3619,0.08082861453294754
3620,0.08088881522417068
3621,0.08079437166452408
3622,0.08082715421915054
3623,0.08078250288963318
3624,0.08080053329467773
3625,0.08076070249080658
3626,0.08073695749044418
3627,0.08071495592594147
3628,0.08068280667066574
3629,0.08066845685243607
3630,0.08065026253461838
3631,0.08085427433252335
3632,0.08071325719356537
3633,0.08093187212944031
3634,0.08089664578437805
3635,0.08108800649642944
3636,0.08106087148189545
3637,0.08113810420036316
3638,0.08118654042482376
3639,0.08117809891700745
3640,0.08117775619029999
3641,0.0811566561460495
3642,0.08115740865468979
3643,0.08113923668861389
3644,0.08108678460121155
3645,0.08108954131603241
3646,0.0810251384973526
3647,0.08097967505455017
3648,0.08093179762363434
3649,0.08092965930700302
3650,0.08087649941444397
3651,0.08082536607980728
3652,0.08089138567447662
3653,0.08081119507551193
3654,0.0807681530714035
3655,0.08085323125123978
3656,0.08088179677724838
3657,0.08098398894071579
3658,0.08108169585466385
3659,0.08110509812831879
3660,0.08104286342859268
3661,0.08092699944972992
3662,0.08085031807422638
3663,0.08083730936050415
3664,0.08086185902357101
3665,0.08088909089565277
3666,0.08090102672576904
3667,0.08083479851484299
3668,0.08077476918697357
3669,0.08076471835374832
3670,0.08071720600128174
3671,0.08084575086832047
3672,0.08077488094568253
3673,0.0809289738535881
3674,0.08079401403665543
3675,0.08084359765052795
3676,0.08072008937597275
3677,0.08071183413267136
3678,0.08083617687225342
3679,0.08075100928544998
3680,0.08077976107597351
3681,0.08076734840869904
3682,0.08073736727237701
3683,0.08074899017810822
3684,0.08068573474884033
3685,0.08066321164369583
3686,0.08064966648817062
3687,0.08065715432167053
3688,0.08068972080945969
3689,0.08071240037679672
3690,0.08068779110908508
3691,0.08066011965274811
3692,0.08060098439455032
3693,0.08091787248849869
3694,0.08068406581878662
3695,0.08072230219841003
3696,0.08078574389219284
3697,0.08080216497182846
3698,0.08081132918596268
3699,0.08087705075740814
3700,0.08077740669250488
3701,0.08077113330364227
3702,0.08074010908603668
3703,0.080671526491642
3704,0.08060293644666672
3705,0.08066458255052567
3706,0.08059472590684891
3707,0.08064602315425873
3708,0.08069069683551788
3709,0.08074689656496048
3710,0.08076271414756775
3711,0.08081512153148651
3712,0.0808279886841774
3713,0.08079222589731216
3714,0.08073393255472183
3715,0.08073775470256805
3716,0.08061020821332932
3717,0.08065493404865265
3718,0.08058859407901764
3719,0.08065520226955414
3720,0.08070972561836243
3721,0.08056862652301788
3722,0.08063896000385284
3723,0.08066161721944809
3724,0.08063891530036926
3725,0.08069425076246262
3726,0.08070770651102066
3727,0.08069244027137756
3728,0.08074486255645752
3729,0.0806775689125061
3730,0.08067932724952698
3731,0.08069528639316559
3732,0.08069407939910889
3733,0.08068032562732697
3734,0.08070071786642075
3735,0.08078592270612717
3736,0.08074355870485306
3737,0.08075439929962158
3738,0.08073779940605164
3739,0.08072850108146667
3740,0.0806896761059761
3741,0.08070807158946991
3742,0.08062943816184998
3743,0.08064335584640503
3744,0.08064015209674835
3745,0.08067040890455246
3746,0.08061540871858597
3747,0.08061359822750092
3748,0.08063708245754242
3749,0.08059464395046234
3750,0.08059610426425934
3751,0.08061011135578156
3752,0.08056992292404175
3753,0.08055509626865387
3754,0.08066784590482712
3755,0.0805680900812149
3756,0.08062482625246048
3757,0.08061748743057251
3758,0.0806119292974472
3759,0.08069125562906265
3760,0.08067154884338379
3761,0.08073217421770096
3762,0.0807512104511261
3763,0.08073186874389648
3764,0.08071829378604889
3765,0.08068964630365372
3766,0.08064709603786469
3767,0.08061578869819641
3768,0.08080290257930756
3769,0.0807659700512886
3770,0.08075299859046936
3771,0.08083022385835648
3772,0.08084766566753387
3773,0.08084045350551605
3774,0.08083589375019073
3775,0.08077236264944077
3776,0.08090367913246155
3777,0.08084222674369812
3778,0.08074869215488434
3779,0.08078109472990036
3780,0.0807725042104721
3781,0.08072308450937271
3782,0.08068079501390457
3783,0.08071176707744598
3784,0.08066376298666
3785,0.08070888370275497
3786,0.08076220750808716
3787,0.08078185468912125
3788,0.08079840987920761
3789,0.08078350871801376
3790,0.08072781562805176
3791,0.08081094920635223
3792,0.0806705579161644
3793,0.08066284656524658
3794,0.08065282553434372
3795,0.08066572993993759
3796,0.08061794936656952
3797,0.08055917918682098
3798,0.08052963763475418
3799,0.08052316308021545
3800,0.08053968101739883
3801,0.08051809668540955
3802,0.08056212961673737
3803,0.08054938912391663
3804,0.08057881146669388
3805,0.08054328709840775
3806,0.08054572343826294
3807,0.08053690940141678
3808,0.08052720874547958
3809,0.08051953464746475
3810,0.0806124284863472
3811,0.08058322966098785
3812,0.08066140860319138
3813,0.08083966374397278
3814,0.08077218383550644
3815,0.0808839499950409
3816,0.08082626760005951
3817,0.08081155270338058
3818,0.08079195022583008
3819,0.08073215931653976
3820,0.08064250648021698
3821,0.08063224703073502
3822,0.0805802047252655
3823,0.08060263097286224
3824,0.08059979975223541
3825,0.08063079416751862
3826,0.08056620508432388
3827,0.08055036514997482
3828,0.08053889870643616
3829,0.08055108040571213
3830,0.08051871508359909
3831,0.08051346242427826
3832,0.08056168258190155
3833,0.08056680858135223
3834,0.0805942639708519
3835,0.08057823032140732
3836,0.0805896744132042
3837,0.08063163608312607
3838,0.0804872065782547
3839,0.08078807592391968
3840,0.08070244640111923
3841,0.08089607208967209
3842,0.08100693672895432
3843,0.08099665492773056
3844,0.08120755851268768
3845,0.08106546103954315
3846,0.08113809674978256
3847,0.08136028051376343
3848,0.0812196135520935
3849,0.08119038492441177
3850,0.08116135001182556
3851,0.08108440041542053
3852,0.08099758625030518
3853,0.08128425478935242
3854,0.08094711601734161
3855,0.08099563419818878
3856,0.08099450170993805
3857,0.08104610443115234
3858,0.08099641650915146
3859,0.08110997080802917
3860,0.08124608546495438
3861,0.08136983215808868
3862,0.0813123881816864
3863,0.0811685174703598
3864,0.08100036531686783
3865,0.0809350460767746
3866,0.08094251155853271
3867,0.08094397187232971
3868,0.08091570436954498
3869,0.08084974437952042
3870,0.08083707839250565
3871,0.08074796199798584
3872,0.08080049604177475
3873,0.08087750524282455
3874,0.08088692277669907
3875,0.08087064325809479
3876,0.08081339299678802
3877,0.08067670464515686
3878,0.08071301132440567
3879,0.08066550642251968
3880,0.08076842129230499
3881,0.08082244545221329
3882,0.08083166927099228
3883,0.08080826699733734
3884,0.08079879730939865
3885,0.08077690005302429
3886,0.08076883852481842
3887,0.08068152517080307
3888,0.08061650395393372
3889,0.08063507080078125
3890,0.0805882066488266
3891,0.08057558536529541
3892,0.08067650347948074
3893,0.0806201845407486
3894,0.08064925670623779
3895,0.08071783185005188
3896,0.0806402713060379
3897,0.08060380816459656
3898,0.08069153875112534
3899,0.08058495819568634
3900,0.08058575540781021
3901,0.0806284174323082
3902,0.0805639773607254
3903,0.08054430782794952
3904,0.0806872621178627
3905,0.08061368763446808
3906,0.08067961782217026
3907,0.08073858916759491
3908,0.08079495280981064
3909,0.08070448786020279
3910,0.08087246119976044
3911,0.08074283599853516
3912,0.08073467761278152
3913,0.08071606606245041
3914,0.08069446682929993
3915,0.0806165486574173
3916,0.08068793267011642
3917,0.08067458868026733
3918,0.08064984530210495
3919,0.08068348467350006
3920,0.0806601271033287
3921,0.08063008636236191
3922,0.08063200116157532
3923,0.08064205944538116
3924,0.08061417937278748
3925,0.08057136088609695
3926,0.08059173077344894
3927,0.08063331246376038
3928,0.08064188808202744
3929,0.08066312223672867
3930,0.08062224090099335
3931,0.080596923828125
3932,0.08054407685995102
3933,0.08059405535459518
3934,0.08053826540708542
3935,0.08053091913461685
3936,0.08058733493089676
3937,0.08059972524642944
3938,0.08060407638549805
3939,0.08059696108102798
3940,0.0805860087275505
3941,0.08054211735725403
3942,0.08058641850948334
3943,0.08051270991563797
3944,0.08057282119989395
3945,0.08051521331071854
3946,0.08056829869747162
3947,0.0805940330028534
3948,0.08058187365531921
3949,0.08056176453828812
3950,0.08058471232652664
3951,0.08059755712747574
3952,0.08054360747337341
3953,0.08062750101089478
3954,0.08052607625722885
3955,0.08050850033760071
3956,0.0805201381444931
3957,0.08057378232479095
3958,0.0805351659655571
3959,0.08060980588197708
3960,0.08057642728090286
3961,0.0806654840707779
3962,0.08058493584394455
3963,0.08060915768146515
3964,0.08058792352676392
3965,0.08066710829734802
3966,0.08066697418689728
3967,0.08068335801362991
3968,0.08076967298984528
3969,0.08070732653141022
3970,0.08077084273099899
3971,0.08079517632722855
3972,0.08086246252059937
3973,0.08092357218265533
3974,0.08093316853046417
3975,0.08092688024044037
3976,0.080885149538517
3977,0.08089056611061096
3978,0.08080954849720001
3979,0.08085034787654877
3980,0.08093346655368805
3981,0.08079865574836731
3982,0.08082400262355804
3983,0.08084159344434738
3984,0.08083121478557587
3985,0.08078299462795258
3986,0.0807395651936531
3987,0.08069099485874176
3988,0.08066610991954803
3989,0.08079013228416443
3990,0.08069276809692383
3991,0.08067426085472107
3992,0.08066032826900482
3993,0.08061311393976212
3994,0.0806109830737114
3995,0.08053214848041534
3996,0.08051048219203949
3997,0.08063787966966629
3998,0.08065861463546753
3999,0.08060899376869202
4000,0.08066241443157196
4001,0.08065611869096756
4002,0.08071316033601761
4003,0.0806305855512619
4004,0.0806368738412857
4005,0.0806727483868599
4006,0.08063092827796936
4007,0.08065899461507797
4008,0.08064178377389908
4009,0.08065125346183777
4010,0.0806068480014801
4011,0.08054202795028687
4012,0.08060067892074585
4013,0.08052361756563187
4014,0.08052919805049896
4015,0.08054531365633011
4016,0.08046748489141464
4017,0.08045287430286407
4018,0.0804380401968956
4019,0.08044417947530746
4020,0.08043286204338074
4021,0.08060338348150253
4022,0.08059853315353394
4023,0.0807621031999588
4024,0.08084747195243835
4025,0.08088646829128265
4026,0.08087765425443649
4027,0.08084025979042053
4028,0.08097399771213531
4029,0.08077304065227509
4030,0.08073705434799194
4031,0.08070161938667297
4032,0.08062383532524109
4033,0.08064278215169907
4034,0.08056963980197906
4035,0.08055487275123596
4036,0.08055714517831802
4037,0.08055353909730911
4038,0.08054693043231964
4039,0.08052101731300354
4040,0.08052019029855728
4041,0.0804988220334053
4042,0.08049535751342773
4043,0.08054616302251816
4044,0.08053349703550339
4045,0.08055178821086884
4046,0.0806162878870964
4047,0.08053135871887207
4048,0.08052583783864975
4049,0.08050661534070969
4050,0.08051802217960358
4051,0.08053639531135559
4052,0.08049182593822479
4053,0.08051145821809769
4054,0.08061723411083221
4055,0.08057927340269089
4056,0.08060664683580399
4057,0.08062616735696793
4058,0.08063264191150665
4059,0.08063874393701553
4060,0.08058416843414307
4061,0.08055433630943298
4062,0.08054014295339584
4063,0.08058110624551773
4064,0.0805671289563179
4065,0.08056280761957169
4066,0.080526202917099
4067,0.08057448267936707
4068,0.08049215376377106
4069,0.0804891437292099
4070,0.08046071231365204
4071,0.08044694364070892
4072,0.08048276603221893
4073,0.08046410977840424
4074,0.08066713064908981
4075,0.08065499365329742
4076,0.08075109124183655
4077,0.08079826086759567
4078,0.08097036182880402
4079,0.08092789351940155
4080,0.08098858594894409
4081,0.08099675923585892
4082,0.08097070455551147
4083,0.08097182214260101
4084,0.080845907330513
4085,0.08076462894678116
4086,0.08086640387773514
4087,0.08069121837615967
4088,0.08069005608558655
4089,0.08068226277828217
4090,0.08065810799598694
4091,0.08062128722667694
4092,0.08062662929296494
4093,0.08063645660877228
4094,0.0805305689573288
4095,0.08056975901126862
4096,0.08056783676147461
4097,0.08055245876312256
4098,0.08057696372270584
4099,0.0806627944111824
4100,0.08062884956598282
4101,0.08065823465585709
4102,0.08067703247070312
4103,0.08059027045965195
4104,0.0805642232298851
4105,0.0806020051240921
4106,0.08048921823501587
4107,0.08047042787075043
4108,0.08048337697982788
4109,0.0804780125617981
4110,0.08049024641513824
4111,0.08049016445875168
4112,0.08056711405515671
4113,0.08048839122056961
4114,0.0804845467209816
4115,0.08044110238552094
4116,0.08055850863456726
4117,0.08052666485309601
4118,0.08063570410013199
4119,0.08071182668209076
4120,0.08072034269571304
4121,0.08079298585653305
4122,0.08069688826799393
4123,0.08071466535329819
4124,0.08068840950727463
4125,0.08123096078634262
4126,0.08108572661876678
4127,0.08116608113050461
4128,0.0811135470867157
4129,0.08090656250715256
4130,0.08097920566797256
4131,0.08094983547925949
4132,0.0808950662612915
4133,0.0808572843670845
4134,0.08081495016813278
4135,0.0807705670595169
4136,0.08058962225914001
4137,0.08067430555820465
4138,0.0807899609208107
4139,0.0808514952659607
4140,0.08086240291595459
4141,0.08083561062812805
4142,0.08080276846885681
4143,0.08091029524803162
4144,0.08082287013530731
4145,0.08082982152700424
4146,0.0808296948671341
4147,0.08091969788074493
4148,0.0807279646396637
4149,0.08072066307067871
4150,0.08069317042827606
4151,0.08071523904800415
4152,0.08070802688598633
4153,0.08068463206291199
4154,0.08067762851715088
4155,0.08065953105688095
4156,0.0806184783577919
4157,0.08064638823270798
4158,0.08067690581083298
4159,0.08066018670797348
4160,0.08069304376840591
4161,0.08061277866363525
4162,0.08061836659908295
4163,0.08058591187000275
4164,0.08059930056333542
4165,0.08070845156908035
4166,0.08066988736391068
4167,0.08067537844181061
4168,0.08067147433757782
4169,0.08071775734424591
4170,0.08071871846914291
4171,0.08068323880434036
4172,0.08062373101711273
4173,0.08071742206811905
4174,0.08080588281154633
4175,0.08068934082984924
4176,0.08089923858642578
4177,0.08097806572914124
4178,0.08102789521217346
4179,0.08103349059820175
4180,0.08099446445703506
4181,0.08100944757461548
4182,0.0811137929558754
4183,0.08097925037145615
4184,0.0810004472732544
4185,0.08098853379487991
4186,0.08094929903745651
4187,0.08089210093021393
4188,0.0808253213763237
4189,0.08086995780467987
4190,0.08077957481145859
4191,0.0807638168334961
4192,0.08074783533811569
4193,0.0807383581995964
4194,0.08064411580562592
4195,0.08064448833465576
4196,0.08068244904279709
4197,0.08059272915124893
4198,0.08056554198265076
4199,0.08055240660905838
4200,0.08048407733440399
4201,0.08050020784139633
4202,0.08046156167984009
4203,0.08050417900085449
4204,0.08052289485931396
4205,0.08053247630596161
4206,0.08054307848215103
4207,0.08054037392139435
4208,0.0805034190416336
4209,0.0804821252822876
4210,0.08060431480407715
4211,0.08057178556919098
4212,0.08064860105514526
4213,0.08066987991333008
4214,0.08069203794002533
4215,0.08068045973777771
4216,0.0806974545121193
4217,0.08061657845973969
4218,0.08059689402580261
4219,0.08059965074062347
4220,0.0806002989411354
4221,0.08053083717823029
4222,0.08052719384431839
4223,0.08051275461912155
4224,0.0805756151676178
4225,0.08055463433265686
4226,0.08050793409347534
4227,0.08050273358821869
4228,0.08049178868532181
4229,0.08049073815345764
4230,0.08049102127552032
4231,0.08045642077922821
4232,0.08047347515821457
4233,0.08044280856847763
4234,0.08042105287313461
4235,0.08042199164628983
4236,0.08040346950292587
4237,0.08039236068725586
4238,0.08043543994426727
4239,0.08050282299518585
4240,0.08055506646633148
4241,0.08064413070678711
4242,0.080633245408535
4243,0.08066865056753159
4244,0.08072435855865479
4245,0.08064662665128708
4246,0.08057843893766403
4247,0.08064131438732147
4248,0.08055304735898972
4249,0.08056915551424026
4250,0.08055953681468964
4251,0.08066856861114502
4252,0.08064322173595428
4253,0.08058858662843704
4254,0.08058972656726837
4255,0.08058349788188934
4256,0.08055195957422256
4257,0.08047254383563995
4258,0.08066709339618683
4259,0.08054577559232712
4260,0.08066918700933456
4261,0.08073800057172775
4262,0.08083941042423248
4263,0.08088837563991547
4264,0.08091000467538834
4265,0.08089302480220795
4266,0.0809049904346466
4267,0.08094286173582077
4268,0.08078303188085556
4269,0.08073414862155914
4270,0.08071783930063248
4271,0.08059946447610855
4272,0.08065617084503174
4273,0.08061373233795166
4274,0.08062354475259781
4275,0.08066426217556
4276,0.080699622631073
4277,0.08074630051851273
4278,0.08065245300531387
4279,0.08063157647848129
4280,0.0806574821472168
4281,0.08065509051084518
4282,0.08064533770084381
4283,0.08065885305404663
4284,0.08060003817081451
4285,0.08057543635368347
4286,0.0807831734418869
4287,0.08066137135028839
4288,0.08077216148376465
4289,0.08082649856805801
4290,0.08083513379096985
4291,0.08081632852554321
4292,0.0808972716331482
4293,0.08077574521303177
4294,0.08087874203920364
4295,0.08085551857948303
4296,0.08078240603208542
4297,0.08077973127365112
4298,0.08074752986431122
4299,0.08076432347297668
4300,0.08076442778110504
4301,0.080704465508461
4302,0.08069228380918503
4303,0.08074122667312622
4304,0.08074574172496796
4305,0.08071717619895935
4306,0.08073050528764725
4307,0.0807046964764595
4308,0.08070216327905655
4309,0.08067051321268082
4310,0.08065177500247955
4311,0.08061575144529343
4312,0.08061131834983826
4313,0.08066071569919586
4314,0.08056403696537018
4315,0.08062029629945755
4316,0.0805635079741478
4317,0.08058785647153854
4318,0.08060870319604874
4319,0.08058802038431168
4320,0.08058661222457886
4321,0.08057796955108643
4322,0.08048588037490845
4323,0.08049764484167099
4324,0.0804358646273613
4325,0.08043218404054642
4326,0.08044664561748505
4327,0.08041660487651825
4328,0.08049148321151733
4329,0.08053811639547348
4330,0.08056486397981644
4331,0.08057250827550888
4332,0.0805785283446312
4333,0.08054175227880478
4334,0.08052735030651093
4335,0.08056661486625671
4336,0.08047272264957428
4337,0.08049769699573517
4338,0.08050593733787537
4339,0.08058106899261475
4340,0.08056015521287918
4341,0.08055637776851654
4342,0.0805831253528595
4343,0.08058493584394455
4344,0.08056104183197021
4345,0.08054322004318237
4346,0.0805458128452301
4347,0.08046949654817581
4348,0.08052302896976471
4349,0.08049153536558151
4350,0.08049951493740082
4351,0.080520398914814
4352,0.08049792051315308
4353,0.08059127628803253
4354,0.08067243546247482
4355,0.08051705360412598
4356,0.08055902272462845
4357,0.08062653243541718
4358,0.08064892143011093
4359,0.08064363896846771
4360,0.08066326379776001
4361,0.08079445362091064
4362,0.0806979238986969
4363,0.08070728927850723
4364,0.08074162900447845
4365,0.08073482662439346
4366,0.08073332905769348
4367,0.08074624836444855
4368,0.0807487890124321
4369,0.08081946521997452
4370,0.08074508607387543
4371,0.08073563873767853
4372,0.08075305819511414
4373,0.08079425245523453
4374,0.0807298794388771
4375,0.08089017868041992
4376,0.08101527392864227
4377,0.0812644362449646
4378,0.08136403560638428
4379,0.08123443275690079
4380,0.08163054287433624
4381,0.08091434836387634
4382,0.08092273771762848
4383,0.08097412437200546
4384,0.08104627579450607
4385,0.08102396875619888
4386,0.08093417435884476
4387,0.0807344987988472
4388,0.08058782666921616
4389,0.08089900016784668
4390,0.08070071041584015
4391,0.08094453066587448
4392,0.0811070054769516
4393,0.0810682475566864
4394,0.08094917237758636
4395,0.08081844449043274
4396,0.08088511228561401
4397,0.08090490102767944
4398,0.08084666728973389
4399,0.08086049556732178
4400,0.0809001699090004
4401,0.08089768141508102
4402,0.08081365376710892
4403,0.08079005777835846
4404,0.08074787259101868
4405,0.08075108379125595
4406,0.0811091959476471
4407,0.08094741404056549
4408,0.08109884709119797
4409,0.08120081573724747
4410,0.08123893290758133
4411,0.08129354566335678
4412,0.08127021044492722
4413,0.08125677704811096
4414,0.0813002735376358
4415,0.08131486922502518
4416,0.0811687782406807
4417,0.0811619982123375
4418,0.08114022016525269
4419,0.08112550526857376
4420,0.08106494694948196
4421,0.08097010105848312
4422,0.08096161484718323
4423,0.08091630786657333
4424,0.08084331452846527
4425,0.08080810308456421
4426,0.08075898140668869
4427,0.08069340139627457
4428,0.08068061619997025
4429,0.08061660826206207
4430,0.08059748262166977
4431,0.08061670511960983
4432,0.08052407205104828
4433,0.08067955821752548
4434,0.08059477806091309
4435,0.08083714544773102
4436,0.08071830123662949
4437,0.0807155966758728
4438,0.08073742687702179
4439,0.080748051404953
4440,0.0807017982006073
4441,0.0805976465344429
4442,0.08066931366920471
4443,0.08052531629800797
4444,0.08052020519971848
4445,0.08053138852119446
4446,0.08067253232002258
4447,0.08062522858381271
4448,0.08073557913303375
4449,0.08082219958305359
4450,0.08084321767091751
4451,0.08083272725343704
4452,0.08083842694759369
4453,0.0808793380856514
4454,0.08075154572725296
4455,0.08088204264640808
4456,0.08070366084575653
4457,0.08069193363189697
4458,0.0807817205786705
4459,0.08069410175085068
4460,0.08066465705633163
4461,0.08065900206565857
4462,0.08089973777532578
4463,0.08068439364433289
4464,0.08074922859668732
4465,0.08073479682207108
4466,0.08074293285608292
4467,0.08071303367614746
4468,0.08069983124732971
4469,0.0807180106639862
4470,0.0806570053100586
4471,0.0806344524025917
4472,0.08062093704938889
4473,0.08060501515865326
4474,0.08058159053325653
4475,0.08066058158874512
4476,0.08056998252868652
4477,0.08060641586780548
4478,0.08058038353919983
4479,0.08057081699371338
4480,0.08058075606822968
4481,0.0805576741695404
4482,0.08052170276641846
4483,0.08049779385328293
4484,0.08050078898668289
4485,0.08053503185510635
4486,0.08054620027542114
4487,0.08053756505250931
4488,0.08058255165815353
4489,0.08049914985895157
4490,0.08058786392211914
4491,0.08049336820840836
4492,0.08049235492944717
4493,0.08051003515720367
4494,0.08052181452512741
4495,0.08049135655164719
4496,0.08051355183124542
4497,0.08052411675453186
4498,0.0805497020483017
4499,0.08050131052732468
4500,0.08046114444732666
4501,0.08044923096895218
4502,0.08043122291564941
4503,0.08043360710144043
4504,0.08044527471065521
4505,0.080410897731781
4506,0.08043934404850006
4507,0.08041395992040634
4508,0.08041329681873322
4509,0.08053278177976608
4510,0.08047544956207275
4511,0.08052922785282135
4512,0.08053527027368546
4513,0.08051305264234543
4514,0.08049359917640686
4515,0.0804789811372757
4516,0.08037282526493073
4517,0.08047531545162201
4518,0.08044179528951645
4519,0.08053556829690933
4520,0.080590158700943
4521,0.0806177631020546
4522,0.08060815930366516
4523,0.08058283478021622
4524,0.08069432526826859
4525,0.08054995536804199
4526,0.0806850716471672
4527,0.08074769377708435
4528,0.08069911599159241
4529,0.08076699823141098
4530,0.08094517886638641
4531,0.08086314052343369
4532,0.080921471118927
4533,0.08092664927244186
4534,0.0808916985988617
4535,0.0808849111199379
4536,0.08088625967502594
4537,0.0807957649230957
4538,0.08075826615095139
4539,0.08079075813293457
4540,0.08073163032531738
4541,0.08082783222198486
4542,0.08074311912059784
4543,0.08076746761798859
4544,0.08076410740613937
4545,0.08074665069580078
4546,0.08071977645158768
4547,0.08072460442781448
4548,0.08066026866436005
4549,0.08064039796590805
4550,0.08059686422348022
4551,0.08055856823921204
4552,0.08062010258436203
4553,0.08057744055986404
4554,0.08056432008743286
4555,0.08057677000761032
4556,0.08051459491252899
4557,0.08050274103879929
4558,0.08062346279621124
4559,0.08055177330970764
4560,0.08061610907316208
4561,0.0806334838271141
4562,0.08063342422246933
4563,0.08061534911394119
4564,0.08062123507261276
4565,0.08063404262065887
4566,0.0806124359369278
4567,0.08059389889240265
4568,0.08060479909181595
4569,0.08058812469244003
4570,0.0805916115641594
4571,0.08063557744026184
4572,0.08056250214576721
4573,0.08054178953170776
4574,0.08049387484788895
4575,0.08054552972316742
4576,0.08043797314167023
4577,0.08039715886116028
4578,0.08040308952331543
4579,0.08054149150848389
4580,0.08041778951883316
4581,0.0804390087723732
4582,0.0804707258939743
4583,0.08047399669885635
4584,0.08050537109375
4585,0.08046764880418777
4586,0.08045949786901474
4587,0.0804286003112793
4588,0.08043050765991211
4589,0.08046145737171173
4590,0.08042582124471664
4591,0.08053134381771088
4592,0.08046577870845795
4593,0.08049919456243515
4594,0.08052248507738113
4595,0.08053382486104965
4596,0.08058250695466995
4597,0.0805295929312706
4598,0.08048171550035477
4599,0.0804581344127655
4600,0.08049654215574265
4601,0.08044401556253433
4602,0.08041755110025406
4603,0.08043558150529861
4604,0.08040918409824371
4605,0.08042262494564056
4606,0.08042226731777191
4607,0.0804302915930748
4608,0.08044657856225967
4609,0.08051430433988571
4610,0.08053699880838394
4611,0.0805651918053627
4612,0.08054441213607788
4613,0.0805453509092331
4614,0.08055282384157181
4615,0.08056218177080154
4616,0.080551877617836
4617,0.08052962273359299
4618,0.08052463829517365
4619,0.08050940185785294
4620,0.08046744018793106
4621,0.08044468611478806
4622,0.08042068034410477
4623,0.08042225986719131
4624,0.08043256402015686
4625,0.08041196316480637
4626,0.08039883524179459
4627,0.08047809451818466
4628,0.0805027112364769
4629,0.08050587773323059
4630,0.08055589348077774
4631,0.08055829256772995
4632,0.08052022755146027
4633,0.08048179745674133
4634,0.08052781969308853
4635,0.08037562668323517
4636,0.08052164316177368
4637,0.08056614547967911
4638,0.08072537928819656
4639,0.08084738254547119
4640,0.08088398724794388
4641,0.08088932186365128
4642,0.08085975795984268
4643,0.08080790936946869
4644,0.08084828406572342
4645,0.08109564334154129
4646,0.08084138482809067
4647,0.08085662126541138
4648,0.08083905279636383
4649,0.08081941306591034
4650,0.0807848870754242
4651,0.08074893802404404
4652,0.08079835772514343
4653,0.08063875883817673
4654,0.08065168559551239
4655,0.08065078407526016
4656,0.080706387758255
4657,0.08071639388799667
4658,0.08066563308238983
4659,0.08065669238567352
4660,0.0806134045124054
4661,0.08054445683956146
4662,0.08055593073368073
4663,0.08046533167362213
4664,0.08052834868431091
4665,0.08051235973834991
4666,0.08051668107509613
4667,0.08052240312099457
4668,0.08050035685300827
4669,0.0805187076330185
4670,0.08047965914011002
4671,0.08053802698850632
4672,0.08054523915052414
4673,0.08069077134132385
4674,0.08087984472513199
4675,0.08112553507089615
4676,0.08108185976743698
4677,0.08091692626476288
4678,0.08075930178165436
4679,0.08072872459888458
4680,0.08070389181375504
4681,0.08079762756824493
4682,0.08089766651391983
4683,0.08090759813785553
4684,0.08088476955890656
4685,0.08082988113164902
4686,0.08080045878887177
4687,0.0807996392250061
4688,0.08081323653459549
4689,0.08076369762420654
4690,0.08070454746484756
4691,0.08065257221460342
4692,0.08057630807161331
4693,0.0804825872182846
4694,0.08046110719442368
4695,0.08060241490602493
4696,0.08059313893318176
4697,0.08064685761928558
4698,0.08074434101581573
4699,0.08079793304204941
4700,0.08083178848028183
4701,0.08076956868171692
4702,0.08069629967212677
4703,0.08059939742088318
4704,0.08076409995555878
4705,0.08060649782419205
4706,0.08055821806192398
4707,0.08061642944812775
4708,0.08064699172973633
4709,0.08063127845525742
4710,0.08060967922210693
4711,0.08062383532524109
4712,0.08070129156112671
4713,0.08061536401510239
4714,0.08065760880708694
4715,0.0806574746966362
4716,0.08065105974674225
4717,0.08066650480031967
4718,0.08063028007745743
4719,0.0806378424167633
4720,0.08063297718763351
4721,0.080582395195961
4722,0.08053164184093475
4723,0.08063743263483047
4724,0.08052310347557068
4725,0.08055141568183899
4726,0.08054458349943161
4727,0.08061137050390244
4728,0.08063967525959015
4729,0.08058337867259979
4730,0.0806196928024292
4731,0.08067451417446136
4732,0.0806179866194725
4733,0.0805739164352417
4734,0.08060793578624725
4735,0.0807194709777832
4736,0.08054078370332718
4737,0.08055082708597183
4738,0.08059198409318924
4739,0.0805695429444313
4740,0.0806216299533844
4741,0.08061149716377258
4742,0.0805530846118927
4743,0.08088008314371109
4744,0.08075983077287674
4745,0.08084142953157425
4746,0.08092869818210602
4747,0.08115524053573608
4748,0.08109640330076218
4749,0.0811019241809845
4750,0.08113010227680206
4751,0.08112376183271408
4752,0.08118702471256256
4753,0.08111005276441574
4754,0.08107627928256989
4755,0.08105147629976273
4756,0.08099474012851715
4757,0.08109656721353531
4758,0.08090804517269135
4759,0.08091281354427338
4760,0.08089273422956467
4761,0.08088040351867676
4762,0.08085960894823074
4763,0.08080727607011795
4764,0.08074650913476944
4765,0.0806930884718895
4766,0.08061947673559189
4767,0.08072025328874588
4768,0.08055037260055542
4769,0.08061514049768448
4770,0.08052726089954376
4771,0.08078761398792267
4772,0.0805894136428833
4773,0.08063499629497528
4774,0.08065354079008102
4775,0.08063579350709915
4776,0.08058413863182068
4777,0.08056917786598206
4778,0.08050525188446045
4779,0.08046483248472214
4780,0.08071868866682053
4781,0.08050531148910522
4782,0.08057659864425659
4783,0.08058703690767288
4784,0.08057177811861038
4785,0.08053956925868988
4786,0.08052781969308853
4787,0.08060488104820251
4788,0.08047111332416534
4789,0.08047832548618317
4790,0.08045657724142075
4791,0.08042235672473907
4792,0.08038685470819473
4793,0.08055293560028076
4794,0.0804641917347908
4795,0.08054596185684204
4796,0.08058414608240128
4797,0.08060979098081589
4798,0.0805734172463417
4799,0.08064914494752884
4800,0.08060786873102188
4801,0.08057740330696106
4802,0.08053962886333466
4803,0.08052712678909302
4804,0.08049024641513824
4805,0.0805429071187973
4806,0.08066634833812714
4807,0.08055038750171661
4808,0.08059671521186829
4809,0.08063075691461563
4810,0.08065531402826309
4811,0.08065393567085266
4812,0.08061602711677551
4813,0.08058518171310425
4814,0.08056934922933578
4815,0.08056503534317017
4816,0.0805070698261261
4817,0.08049444109201431
4818,0.08048193901777267
4819,0.08046548813581467
4820,0.08050581067800522
4821,0.08048003166913986
4822,0.0805070772767067
4823,0.08049764484167099
4824,0.08046682924032211
4825,0.08041390776634216
4826,0.08041949570178986
4827,0.08040446043014526
4828,0.08037318289279938
4829,0.0803871601819992
4830,0.08049553632736206
4831,0.08051366358995438
4832,0.08060961961746216
4833,0.08064553886651993
4834,0.08066052198410034
4835,0.08064036071300507
4836,0.08075761049985886
4837,0.08059480041265488
4838,0.08059313893318176
4839,0.08055733144283295
4840,0.0804930031299591
4841,0.08040392398834229
4842,0.08056607842445374
4843,0.08051136136054993
4844,0.08049045503139496
4845,0.08060520887374878
4846,0.08054898679256439
4847,0.08054067939519882
4848,0.0806216299533844
4849,0.08061926811933517
4850,0.08051425963640213
4851,0.08050656318664551
4852,0.08051438629627228
4853,0.08045990765094757
4854,0.08044557273387909
4855,0.0804196298122406
4856,0.08037510514259338
4857,0.08042731881141663
4858,0.08039165288209915
4859,0.08042778074741364
4860,0.08044059574604034
4861,0.08045978844165802
4862,0.0804382711648941
4863,0.08042966574430466
4864,0.08040250837802887
4865,0.08039204776287079
4866,0.08037605881690979
4867,0.08036265522241592
4868,0.0803840234875679
4869,0.08039117604494095
4870,0.0805501714348793
4871,0.08048459887504578
4872,0.08076763153076172
4873,0.08067279309034348
4874,0.0809025764465332
4875,0.08084364980459213
4876,0.08087381720542908
4877,0.08096256107091904
4878,0.08102545887231827
4879,0.08095155656337738
4880,0.08087977766990662
4881,0.08083423972129822
4882,0.08092531561851501
4883,0.08087024837732315
4884,0.08093798905611038
4885,0.08090783655643463
4886,0.08088411390781403
4887,0.08088721334934235
4888,0.08089996874332428
4889,0.08081842213869095
4890,0.08078773319721222
4891,0.08076325058937073
4892,0.08076119422912598
4893,0.08078049123287201
4894,0.08074267208576202
4895,0.08076353371143341
4896,0.0807439386844635
4897,0.08075433224439621
4898,0.08070911467075348
4899,0.08065280318260193
4900,0.08062836527824402
4901,0.08058018237352371
4902,0.08054304122924805
4903,0.08057212084531784
4904,0.08051346987485886
4905,0.0805780366063118
4906,0.0805141031742096
4907,0.08047555387020111
4908,0.08052438497543335
4909,0.08047161251306534
4910,0.08051955699920654
4911,0.08052408695220947
4912,0.08051930367946625
4913,0.08050558716058731
4914,0.08050563186407089
4915,0.08046918362379074
4916,0.0804767906665802
4917,0.08040525019168854
4918,0.08038881421089172
4919,0.08039243519306183
4920,0.0803850069642067
4921,0.08037663996219635
4922,0.08046874403953552
4923,0.08043348789215088
4924,0.08046324551105499
4925,0.08061528205871582
4926,0.08050071448087692
4927,0.08051255345344543
4928,0.08056862652301788
4929,0.08056338131427765
4930,0.08058291673660278
4931,0.08056403696537018
4932,0.0805090144276619
4933,0.08052701503038406
4934,0.08048108220100403
4935,0.08045235276222229
4936,0.0804828405380249
4937,0.08049142360687256
4938,0.08045671135187149
4939,0.08051183074712753
4940,0.08040773123502731
4941,0.08042532950639725
4942,0.08043041825294495
4943,0.08042135834693909
4944,0.08040354400873184
4945,0.08039265871047974
4946,0.08042597770690918
4947,0.08041036874055862
4948,0.08041726052761078
4949,0.08039313554763794
4950,0.08038708567619324
4951,0.0803539901971817
4952,0.08041024208068848
4953,0.08034112304449081
4954,0.08036179840564728
4955,0.08038280159235
4956,0.08032580465078354
4957,0.08049830794334412
4958,0.08051551133394241
4959,0.08047954738140106
4960,0.08053810894489288
4961,0.08062142878770828
4962,0.08066347986459732
4963,0.08065816760063171
4964,0.08072836697101593
4965,0.08075308054685593
4966,0.08072694391012192
4967,0.08069440722465515
4968,0.08062033355236053
4969,0.08061358332633972
4970,0.08060322701931
4971,0.08046277612447739
4972,0.08046462386846542
4973,0.08046519011259079
4974,0.08056908845901489
4975,0.08047259598970413
4976,0.08049558848142624
4977,0.08048395812511444
4978,0.08045432716608047
4979,0.08045102655887604
4980,0.08042092621326447
4981,0.08043286949396133
4982,0.08045776188373566
4983,0.08038990944623947
4984,0.08054596185684204
4985,0.08037221431732178
4986,0.08053229749202728
4987,0.08046134561300278
4988,0.08050090819597244
4989,0.08056541532278061
4990,0.08058317750692368
4991,0.08059822767972946
4992,0.08057019859552383
4993,0.08053742349147797
4994,0.08051860332489014
4995,0.08050493150949478
4996,0.0805998146533966
4997,0.08051198720932007
4998,0.08051353693008423
4999,0.08052457869052887
5000,0.08051063865423203
5001,0.08047942817211151
5002,0.080479696393013
5003,0.08050122112035751
5004,0.08039505034685135
5005,0.08036212623119354
5006,0.08031721413135529
5007,0.08054499328136444
5008,0.08036588877439499
5009,0.08045585453510284
5010,0.08057466894388199
5011,0.0804985836148262
5012,0.08066738396883011
5013,0.0805775374174118
5014,0.0806480199098587
5015,0.08062703907489777
5016,0.08069911599159241
5017,0.08062785118818283
5018,0.08058743178844452
5019,0.08062097430229187
5020,0.08070412278175354
5021,0.08089309185743332
5022,0.08125462383031845
5023,0.08106856048107147
5024,0.08099686354398727
5025,0.0808052197098732
5026,0.08070272952318192
5027,0.0807105079293251
5028,0.08081704378128052
5029,0.08083458244800568
5030,0.08083927631378174
5031,0.08076807111501694
5032,0.08073364198207855
5033,0.0807114839553833
5034,0.08068331331014633
5035,0.08069975674152374
5036,0.08061462640762329
5037,0.08058956265449524
5038,0.08050881326198578
5039,0.08046451210975647
5040,0.0804937481880188
5041,0.08047639578580856
5042,0.08048026263713837
5043,0.0804695263504982
5044,0.08048901706933975
5045,0.08050654828548431
5046,0.08043990284204483
5047,0.08044886589050293
5048,0.0804445669054985
5049,0.08044540882110596
5050,0.08042562752962112
5051,0.08045544475317001
5052,0.08043058216571808
5053,0.08039446920156479
5054,0.08035165071487427
5055,0.08058064430952072
5056,0.0804099291563034
5057,0.08050794154405594
5058,0.08055658638477325
5059,0.08059217780828476
5060,0.08061648160219193
5061,0.08055470138788223
5062,0.08050955832004547
5063,0.08054015040397644
5064,0.08052629232406616
5065,0.0803905576467514
5066,0.08037996292114258
5067,0.08037970215082169
5068,0.08040330559015274
5069,0.08041548728942871
5070,0.08046314120292664
5071,0.08048025518655777
5072,0.08049696683883667
5073,0.08049896359443665
5074,0.08051138371229172
5075,0.08044793456792831
5076,0.0804424062371254
5077,0.08072129637002945
5078,0.08059245347976685
5079,0.08082887530326843
5080,0.08092286437749863
5081,0.08100811392068863
5082,0.08104025572538376
5083,0.08103451877832413
5084,0.08099967986345291
5085,0.08094243705272675
5086,0.08091126382350922
5087,0.08082105964422226
5088,0.08071034401655197
5089,0.08083999902009964
5090,0.08062893152236938
5091,0.08070090413093567
5092,0.08063758909702301
5093,0.08059361577033997
5094,0.08053147792816162
5095,0.08050713688135147
5096,0.08048566430807114
5097,0.08044890314340591
5098,0.08042456209659576
5099,0.08044663816690445
5100,0.08041997998952866
5101,0.08042187243700027
5102,0.08047838509082794
5103,0.08040434867143631
5104,0.08038176596164703
5105,0.08055777102708817
5106,0.08040361851453781
5107,0.08043466508388519
5108,0.08045387268066406
5109,0.08047210425138474
5110,0.08047518879175186
5111,0.08051107078790665
5112,0.08066806197166443
5113,0.08055361360311508
5114,0.0805562362074852
5115,0.08057117462158203
5116,0.08061368763446808
5117,0.08057226985692978
5118,0.080508753657341
5119,0.08047769218683243
5120,0.08043885976076126
5121,0.08054442703723907
5122,0.08044123649597168
5123,0.08044061064720154
5124,0.08049209415912628
5125,0.08051349967718124
5126,0.08050944656133652
5127,0.08049281686544418
5128,0.08043679594993591
5129,0.08052906394004822
5130,0.08037778735160828
5131,0.08037249743938446
5132,0.08038106560707092
5133,0.0803675428032875
5134,0.08032851666212082
5135,0.08031876385211945
5136,0.08028408139944077
5137,0.08029966056346893
5138,0.08031594753265381
5139,0.08058270066976547
5140,0.08040677756071091
5141,0.08061608672142029
5142,0.0805363580584526
5143,0.08053621649742126
5144,0.08049912750720978
5145,0.08043602854013443
5146,0.08050928264856339
5147,0.0804639607667923
5148,0.08040685951709747
5149,0.08032844215631485
5150,0.08031495660543442
5151,0.08033633977174759
5152,0.0803942084312439
5153,0.08039488643407822
5154,0.08042827248573303
5155,0.08044444024562836
5156,0.08045221865177155
5157,0.08063099533319473
5158,0.0805441215634346
5159,0.08058647066354752
5160,0.0806165337562561
5161,0.08062377572059631
5162,0.08062612265348434
5163,0.08060059696435928
5164,0.08073320239782333
5165,0.08066850155591965
5166,0.08077185600996017
5167,0.08078206330537796
5168,0.08078273385763168
5169,0.08075106889009476
5170,0.08075343072414398
5171,0.08072742819786072
5172,0.0807076022028923
5173,0.08066055178642273
5174,0.08063999563455582
5175,0.08065833151340485
5176,0.08067253977060318
5177,0.08064298331737518
5178,0.0806058943271637
5179,0.08059513568878174
5180,0.08055856078863144
5181,0.08051839470863342
5182,0.08052314817905426
5183,0.080500029027462
5184,0.08049476891756058
5185,0.08052840083837509
5186,0.08045719563961029
5187,0.08044517785310745
5188,0.08052821457386017
5189,0.0804608091711998
5190,0.08082021772861481
5191,0.08056346327066422
5192,0.08062999695539474
5193,0.08064158260822296
5194,0.08061468601226807
5195,0.08057616651058197
5196,0.08052340894937515
5197,0.08053847402334213
5198,0.08047150075435638
5199,0.0804397389292717
5200,0.08041109144687653
5201,0.08038701117038727
5202,0.08036284148693085
5203,0.08065440505743027
5204,0.08049613237380981
5205,0.08062176406383514
5206,0.08079375326633453
5207,0.08078595250844955
5208,0.08077377825975418
5209,0.08076497912406921
5210,0.08072561770677567
5211,0.08068758249282837
5212,0.08067966997623444
5213,0.08061887323856354
5214,0.08060848712921143
5215,0.08061570674180984
5216,0.08052875846624374
5217,0.08068986237049103
5218,0.08067750185728073
5219,0.08054591715335846
5220,0.0805981382727623
5221,0.0806238055229187
5222,0.08063313364982605
5223,0.08064515143632889
5224,0.08078984916210175
5225,0.08058813214302063
5226,0.08060261607170105
5227,0.08066456019878387
5228,0.08064733445644379
5229,0.08062300086021423
5230,0.08061807602643967
5231,0.08058027923107147
5232,0.08051660656929016
5233,0.08065749704837799
5234,0.0804581493139267
5235,0.08047616481781006
5236,0.08049321174621582
5237,0.08046945184469223
5238,0.08042632043361664
5239,0.08040467649698257
5240,0.0803477019071579
5241,0.08045239001512527
5242,0.08041663467884064
5243,0.08040619641542435
5244,0.0804244726896286
5245,0.08041707426309586
5246,0.08039022237062454
5247,0.08035814762115479
5248,0.08033749461174011
5249,0.0803484246134758
5250,0.08041036874055862
5251,0.08040009438991547
5252,0.08043229579925537
5253,0.08046959340572357
5254,0.08046530187129974
5255,0.08045489341020584
5256,0.0803915336728096
5257,0.08048953115940094
5258,0.0803830549120903
5259,0.08039547502994537
5260,0.08039989322423935
5261,0.08037872612476349
5262,0.08043099194765091
5263,0.08034592121839523
5264,0.08043882995843887
5265,0.08044539391994476
5266,0.08051692694425583
5267,0.08055400848388672
5268,0.08062036335468292
5269,0.08053231239318848
5270,0.0805099830031395
5271,0.08051298558712006
5272,0.08044544607400894
5273,0.08044668287038803
5274,0.08051230013370514
5275,0.08040251582860947
5276,0.0804411843419075
5277,0.0804300531744957
5278,0.0804145336151123
5279,0.08050353080034256
5280,0.08042846620082855
5281,0.0804503783583641
5282,0.08049413561820984
5283,0.08046135306358337
5284,0.0804392471909523
5285,0.08039514720439911
5286,0.08069295436143875
5287,0.08048968017101288
5288,0.0805596187710762
5289,0.08063335716724396
5290,0.08074665069580078
5291,0.08070477098226547
5292,0.08073531091213226
5293,0.08088195323944092
5294,0.08074315637350082
5295,0.08075928688049316
5296,0.08081135153770447
5297,0.08083446323871613
5298,0.08080282062292099
5299,0.080836221575737
5300,0.08080509305000305
5301,0.08079980313777924
5302,0.08079198747873306
5303,0.08078096807003021
5304,0.08069968968629837
5305,0.08067966997623444
5306,0.0807008445262909
5307,0.08069320768117905
5308,0.08060900121927261
5309,0.08063732087612152
5310,0.08067162334918976
5311,0.08094671368598938
5312,0.08097461611032486
5313,0.08116170018911362
5314,0.0809975117444992
5315,0.0808936059474945
5316,0.08095794171094894
5317,0.08082674443721771
5318,0.08092135190963745
5319,0.08104539662599564
5320,0.08110328018665314
5321,0.0810035914182663
5322,0.08090053498744965
5323,0.08080612868070602
5324,0.08077826350927353
5325,0.08072995394468307
5326,0.08099830895662308
5327,0.08075663447380066
5328,0.08080070465803146
5329,0.0808306559920311
5330,0.08085030317306519
5331,0.08088721334934235
5332,0.08087712526321411
5333,0.08088923245668411
5334,0.08091535419225693
5335,0.08087258040904999
5336,0.08086184412240982
5337,0.08076302707195282
5338,0.08076370507478714
5339,0.08069619536399841
5340,0.08074342459440231
5341,0.08068066835403442
5342,0.08062044531106949
5343,0.080597423017025
5344,0.08058017492294312
5345,0.0805584117770195
5346,0.08054302632808685
5347,0.08054572343826294
5348,0.08054414391517639
5349,0.08061885088682175
5350,0.0805724635720253
5351,0.08058778196573257
5352,0.08058595657348633
5353,0.08054763823747635
5354,0.08049023151397705
5355,0.0804685652256012
5356,0.08051947504281998
5357,0.0804751068353653
5358,0.08051721751689911
5359,0.08054997026920319
5360,0.08054406940937042
5361,0.08058628439903259
5362,0.08052562177181244
5363,0.08051189035177231
5364,0.08047507703304291
5365,0.08041080832481384
5366,0.08039722591638565
5367,0.08039861172437668
5368,0.08034190535545349
5369,0.08034908771514893
5370,0.08038751780986786
5371,0.08037631213665009
5372,0.080414779484272
5373,0.08045285940170288
5374,0.08057942241430283
5375,0.08042082190513611
5376,0.0806238129734993
5377,0.08059094101190567
5378,0.0807625874876976
5379,0.0808122530579567
5380,0.08090872317552567
5381,0.08096489310264587
5382,0.08096560090780258
5383,0.08091839402914047
5384,0.08083117008209229
5385,0.08072788268327713
5386,0.08065909147262573
5387,0.08070004731416702
5388,0.0807674378156662
5389,0.08061502873897552
5390,0.08065371215343475
5391,0.08065643906593323
5392,0.08067572116851807
5393,0.08059588819742203
5394,0.08058784157037735
5395,0.0805106908082962
5396,0.08091152459383011
5397,0.08080694824457169
5398,0.08106298744678497
5399,0.08134444057941437
5400,0.08143159002065659
5401,0.08145722001791
5402,0.0814843475818634
5403,0.08150088042020798
5404,0.08154519647359848
5405,0.08147919923067093
5406,0.08144688606262207
5407,0.08142447471618652
5408,0.08136945217847824
5409,0.08130717277526855
5410,0.0812457874417305
5411,0.08131479471921921
5412,0.08126085996627808
5413,0.08114609867334366
5414,0.0810028687119484
5415,0.08098113536834717
5416,0.0809081643819809
5417,0.080879807472229
5418,0.08084356039762497
5419,0.08079858124256134
5420,0.08072856813669205
5421,0.0806359201669693
5422,0.08055506646633148
5423,0.08050493150949478
5424,0.08060651272535324
5425,0.08067847788333893
5426,0.08051404356956482
5427,0.08059364557266235
5428,0.08065846562385559
5429,0.08063548803329468
5430,0.0806315690279007
5431,0.0806317925453186
5432,0.08064897358417511
5433,0.08057063072919846
5434,0.08052454888820648
5435,0.08051570504903793
5436,0.08051097393035889
5437,0.08051776140928268
5438,0.0805339515209198
5439,0.08049853891134262
5440,0.08050517737865448
5441,0.08047553151845932
5442,0.0804901272058487
5443,0.08046803623437881
5444,0.08043308556079865
5445,0.08040998876094818
5446,0.080515556037426
5447,0.0804344117641449
5448,0.08042510598897934
5449,0.08041948825120926
5450,0.08041004091501236
5451,0.08037082105875015
5452,0.08045893162488937
5453,0.0803961455821991
5454,0.08038615435361862
5455,0.08044256269931793
5456,0.08046576380729675
5457,0.08047851175069809
5458,0.08044710010290146
5459,0.08041510730981827
5460,0.08038029074668884
5461,0.08060210198163986
5462,0.08040014654397964
5463,0.0805022194981575
5464,0.0805698111653328
5465,0.08056216686964035
5466,0.08052144199609756
5467,0.08050736039876938
5468,0.0804399773478508
5469,0.08039569854736328
5470,0.0804763212800026
5471,0.08036786317825317
5472,0.08038495481014252
5473,0.08073834329843521
5474,0.08043849468231201
5475,0.08047712594270706
5476,0.08043821156024933
5477,0.08042272180318832
5478,0.0804118737578392
5479,0.08045756816864014
5480,0.08040975034236908
5481,0.0804128497838974
5482,0.08040796220302582
5483,0.08049099892377853
5484,0.08046936243772507
5485,0.0805179625749588
5486,0.08063249289989471
5487,0.08059908449649811
5488,0.08062738925218582
5489,0.08060723543167114
5490,0.08051379770040512
5491,0.08045952022075653
5492,0.0806092619895935
5493,0.08044671267271042
5494,0.08065690845251083
5495,0.08059761673212051
5496,0.08067797124385834
5497,0.08070152997970581
5498,0.08068379759788513
5499,0.08067905157804489
5500,0.08070412278175354
5501,0.08061261475086212
5502,0.08059961348772049
5503,0.08066297322511673
5504,0.08061588555574417
5505,0.08059244602918625
5506,0.08059299737215042
5507,0.08058321475982666
5508,0.0804900974035263
5509,0.08077503740787506
5510,0.08056098222732544
5511,0.08061268925666809
5512,0.08071683347225189
5513,0.08075813949108124
5514,0.08075837045907974
5515,0.08078189194202423
5516,0.08081049472093582
5517,0.0807519480586052
5518,0.08077137917280197
5519,0.08075560629367828
5520,0.08072278648614883
5521,0.08079703152179718
5522,0.08068645000457764
5523,0.08078405261039734
5524,0.0806443840265274
5525,0.08067885041236877
5526,0.08065927773714066
5527,0.08065946400165558
5528,0.08064445853233337
5529,0.08061964064836502
5530,0.08061673492193222
5531,0.08055028319358826
5532,0.08050274103879929
5533,0.08044040948152542
5534,0.08041466772556305
5535,0.08039319515228271
5536,0.08038130402565002
5537,0.0803503543138504
5538,0.08047252893447876
5539,0.08036726713180542
5540,0.08038157969713211
5541,0.0803578644990921
5542,0.08040692657232285
5543,0.08038230240345001
5544,0.08053258061408997
5545,0.08048270642757416
5546,0.08051060885190964
5547,0.08052939176559448
5548,0.08051662147045135
5549,0.08049970120191574
5550,0.08046126365661621
5551,0.08043737709522247
5552,0.08061240613460541
5553,0.0804382935166359
5554,0.08053890615701675
5555,0.08065985888242722
5556,0.08057931810617447
5557,0.08067049831151962
5558,0.08065225929021835
5559,0.08070547133684158
5560,0.08072271198034286
5561,0.0807153731584549
5562,0.08068166673183441
5563,0.08076240122318268
5564,0.08065054565668106
5565,0.08066513389348984
5566,0.08068139106035233
5567,0.0806807428598404
5568,0.08068476617336273
5569,0.08067496865987778
5570,0.08064434677362442
5571,0.08063067495822906
5572,0.08059010654687881
5573,0.08060427755117416
5574,0.08057999610900879
5575,0.08062181621789932
5576,0.08059515058994293
5577,0.08061645925045013
5578,0.08063140511512756
5579,0.08060019463300705
5580,0.08057339489459991
5581,0.08053282648324966
5582,0.08052784949541092
5583,0.08050035685300827
5584,0.08061795681715012
5585,0.08051060140132904
5586,0.08053719252347946
5587,0.08057650178670883
5588,0.08059243112802505
5589,0.08062109351158142
5590,0.08056013286113739
5591,0.08047621697187424
5592,0.08048364520072937
5593,0.08043767511844635
5594,0.08039041608572006
5595,0.08040130883455276
5596,0.08039126545190811
5597,0.08041103929281235
5598,0.08053220063447952
5599,0.08045157045125961
5600,0.08050265908241272
5601,0.08049371093511581
5602,0.08044201135635376
5603,0.08042524009943008
5604,0.08039671927690506
5605,0.08047390729188919
5606,0.08039559423923492
5607,0.08041686564683914
5608,0.08055706322193146
5609,0.08045317977666855
5610,0.08044306188821793
5611,0.08039850741624832
5612,0.08040597289800644
5613,0.08058970421552658
5614,0.08045189082622528
5615,0.08056912571191788
5616,0.08066792786121368
5617,0.0806577131152153
5618,0.08066011965274811
5619,0.08076103776693344
5620,0.0806775912642479
5621,0.0806538537144661
5622,0.08063112199306488
5623,0.08071821182966232
5624,0.0807814672589302
5625,0.08110382407903671
5626,0.08081473410129547
5627,0.08092624694108963
5628,0.08077723532915115
5629,0.08084792643785477
5630,0.08103860914707184
5631,0.08095204830169678
5632,0.0809585303068161
5633,0.0808953046798706
5634,0.08087003976106644
5635,0.08081661909818649
5636,0.08083932846784592
5637,0.08080348372459412
5638,0.08079695701599121
5639,0.08075318485498428
5640,0.0809701457619667
5641,0.08070544898509979
5642,0.0807192474603653
5643,0.08076354116201401
5644,0.08076655119657516
5645,0.0807269886136055
5646,0.08073627203702927
5647,0.08067412674427032
5648,0.08064635097980499
5649,0.0806790292263031
5650,0.0806831419467926
5651,0.08071325719356537
5652,0.08070925623178482
5653,0.08075164258480072
5654,0.08068941533565521
5655,0.08065077662467957
5656,0.08067193627357483
5657,0.08066818863153458
5658,0.080665223300457
5659,0.08067899197340012
5660,0.08066267520189285
5661,0.08062352985143661
5662,0.08057001978158951
5663,0.08063314855098724
5664,0.08052609860897064
5665,0.08054410666227341
5666,0.08052701503038406
5667,0.08050115406513214
5668,0.08045518398284912
5669,0.08052315562963486
5670,0.08043099194765091
5671,0.08043364435434341
5672,0.08045708388090134
5673,0.08046147972345352
5674,0.08043195307254791
5675,0.08041775971651077
5676,0.08039036393165588
5677,0.0803724154829979
5678,0.08035899698734283
5679,0.08034618198871613
5680,0.08038456737995148
5681,0.08047446608543396
5682,0.08057849109172821
5683,0.08058571815490723
5684,0.08056624978780746
5685,0.08054042607545853
5686,0.08058994263410568
5687,0.08048073947429657
5688,0.080441415309906
5689,0.08038999885320663
5690,0.0805242657661438
5691,0.08038608729839325
5692,0.08041785657405853
5693,0.08047350496053696
5694,0.08043970912694931
5695,0.08044493198394775
5696,0.08056257665157318
5697,0.08046671003103256
5698,0.08046035468578339
5699,0.08045142143964767
5700,0.08043521642684937
5701,0.08042644709348679
5702,0.08043519407510757
5703,0.08036915957927704
5704,0.08038337528705597
5705,0.08038970828056335
5706,0.08037187159061432
5707,0.08036947250366211
5708,0.08051935583353043
5709,0.08041022717952728
5710,0.08041517436504364
5711,0.08041752874851227
5712,0.08040133118629456
5713,0.08045190572738647
5714,0.08042645454406738
5715,0.08032622933387756
5716,0.08029885590076447
5717,0.08042383939027786
5718,0.08030414581298828
5719,0.08049609512090683
5720,0.08049818873405457
5721,0.08057475090026855
5722,0.08066101372241974
5723,0.08080817759037018
5724,0.08080336451530457
5725,0.08088056743144989
5726,0.08098694682121277
5727,0.08087895810604095
5728,0.08081385493278503
5729,0.08090882003307343
5730,0.08078214526176453
5731,0.08082029223442078
5732,0.08078736066818237
5733,0.08075197041034698
5734,0.08072125911712646
5735,0.08082213997840881
5736,0.08079148083925247
5737,0.08073008805513382
5738,0.08075080066919327
5739,0.08074647188186646
5740,0.08072070777416229
5741,0.0807407945394516
5742,0.08083067089319229
5743,0.08077110350131989
5744,0.0808606967329979
5745,0.08087596297264099
5746,0.0808706134557724
5747,0.08083432912826538
5748,0.08092370629310608
5749,0.08082757890224457
5750,0.08084052801132202
5751,0.08085383474826813
5752,0.08080220967531204
5753,0.08076287806034088
5754,0.08068639039993286
5755,0.08070745319128036
5756,0.08056051284074783
5757,0.0806354284286499
5758,0.08052008599042892
5759,0.0805308073759079
5760,0.08046407252550125
5761,0.08045496791601181
5762,0.0804150179028511
5763,0.08058289438486099
5764,0.08044233173131943
5765,0.08046922087669373
5766,0.0804833322763443
5767,0.08048227429389954
5768,0.08045118302106857
5769,0.08057726919651031
5770,0.08042912185192108
5771,0.08045332878828049
5772,0.08049238473176956
5773,0.08045019209384918
5774,0.08051474392414093
5775,0.08041069656610489
5776,0.08036229014396667
5777,0.0804075375199318
5778,0.08036462217569351
5779,0.08050656318664551
5780,0.0804547369480133
5781,0.080481618642807
5782,0.0805114284157753
5783,0.08050252497196198
5784,0.08045719563961029
5785,0.08043500036001205
5786,0.08050837367773056
5787,0.08043587952852249
5788,0.08039574325084686
5789,0.08039543032646179
5790,0.08037830889225006
5791,0.08037950098514557
5792,0.08036807924509048
5793,0.08039998263120651
5794,0.08042000234127045
5795,0.0804557353258133
5796,0.08040943741798401
5797,0.08036263287067413
5798,0.08032543212175369
5799,0.08030509203672409
5800,0.08029139786958694
5801,0.08027920126914978
5802,0.08033129572868347
5803,0.08034853637218475
5804,0.0803881287574768
5805,0.08042597770690918
5806,0.08042912185192108
5807,0.08041493594646454
5808,0.08048482239246368
5809,0.08043555170297623
5810,0.08042747527360916
5811,0.08041460067033768
5812,0.08037735521793365
5813,0.08042377233505249
5814,0.08036575466394424
5815,0.08031509816646576
5816,0.08032389730215073
5817,0.08032070845365524
5818,0.08037542551755905
5819,0.08032780140638351
5820,0.08038835972547531
5821,0.08038291335105896
5822,0.08040320873260498
5823,0.0803908109664917
5824,0.08037449419498444
5825,0.08032310009002686
5826,0.08044948428869247
5827,0.08034483343362808
5828,0.08038270473480225
5829,0.0803622454404831
5830,0.08038575202226639
5831,0.08034833520650864
5832,0.08035190403461456
5833,0.08050497621297836
5834,0.08036099374294281
5835,0.08044019341468811
5836,0.08047439903020859
5837,0.08046653121709824
5838,0.08042430132627487
5839,0.08046850562095642
5840,0.08045968413352966
5841,0.08032069355249405
5842,0.08068659156560898
5843,0.08049210160970688
5844,0.08065283298492432
5845,0.08074947446584702
5846,0.0807916447520256
5847,0.08078916370868683
5848,0.08075910061597824
5849,0.08070720732212067
5850,0.0806768462061882
5851,0.08058369904756546
5852,0.08048619329929352
5853,0.0806610956788063
5854,0.08045146614313126
5855,0.08047858625650406
5856,0.08054336905479431
5857,0.08053199201822281
5858,0.08046403527259827
5859,0.08043113350868225
5860,0.08041783422231674
5861,0.0804089605808258
5862,0.08041349053382874
5863,0.08039426058530807
5864,0.08034585416316986
5865,0.08046134561300278
5866,0.080313540995121
5867,0.08033362030982971
5868,0.08032344281673431
5869,0.08035393059253693
5870,0.0803956612944603
5871,0.08039114624261856
5872,0.08037208020687103
5873,0.08031599968671799
5874,0.08032252639532089
5875,0.08027729392051697
5876,0.08036667853593826
5877,0.08029334247112274
5878,0.08040604740381241
5879,0.08031151443719864
5880,0.08030404150485992
5881,0.0802750289440155
5882,0.08030078560113907
5883,0.0802626684308052
5884,0.08029448986053467
5885,0.0803336426615715
5886,0.08033574372529984
5887,0.08040064573287964
5888,0.08035439997911453
5889,0.08034594357013702
5890,0.08033280074596405
5891,0.08036819100379944
5892,0.08034845441579819
5893,0.08034823089838028
5894,0.08047331869602203
5895,0.08042565733194351
5896,0.0804547667503357
5897,0.08047173917293549
5898,0.08042959123849869
5899,0.08040739595890045
5900,0.08040376007556915
5901,0.080328568816185
5902,0.08031240850687027
5903,0.08031222224235535
5904,0.08029846101999283
5905,0.08026948571205139
5906,0.08025902509689331
5907,0.08034570515155792
5908,0.08044113218784332
5909,0.08054715394973755
5910,0.0806557908654213
5911,0.08071523159742355
5912,0.08082754909992218
5913,0.08077976107597351
5914,0.08077138662338257
5915,0.08074956387281418
5916,0.08069869875907898
5917,0.08061562478542328
5918,0.08050982654094696
5919,0.08058773726224899
5920,0.08052291721105576
5921,0.08047261834144592
5922,0.08049969375133514
5923,0.08044980466365814
5924,0.08043769747018814
5925,0.08041959255933762
5926,0.08041372895240784
5927,0.08039659261703491
5928,0.08042329549789429
5929,0.08044156432151794
5930,0.08042069524526596
5931,0.08041287958621979
5932,0.08036864548921585
5933,0.08036166429519653
5934,0.08033361285924911
5935,0.08034215867519379
5936,0.08038268983364105
5937,0.08037463575601578
5938,0.08036871999502182
5939,0.08035825937986374
5940,0.08032527565956116
5941,0.08032633364200592
5942,0.08044841885566711
5943,0.08038455247879028
5944,0.08041876554489136
5945,0.08046354353427887
5946,0.0804215669631958
5947,0.0803823173046112
5948,0.080352783203125
5949,0.0803837850689888
5950,0.08051243424415588
5951,0.0803091898560524
5952,0.08034953474998474
5953,0.08036071062088013
5954,0.08041124790906906
5955,0.08036356419324875
5956,0.08040612936019897
5957,0.08040133118629456
5958,0.08042337000370026
5959,0.08044727891683578
5960,0.08054624497890472
5961,0.08063329756259918
5962,0.08069967478513718
5963,0.08068448305130005
5964,0.08049701154232025
5965,0.0805043950676918
5966,0.08050695806741714
5967,0.0805601179599762
5968,0.08058930933475494
5969,0.08058198541402817
5970,0.08052937686443329
5971,0.08043105900287628
5972,0.08059579879045486
5973,0.08051799237728119
5974,0.08065062761306763
5975,0.08081775903701782
5976,0.08077289909124374
5977,0.08077085763216019
5978,0.0807361900806427
5979,0.08076584339141846
5980,0.08065357059240341
5981,0.08069348335266113
5982,0.08061397075653076
5983,0.08053175359964371
5984,0.08048251271247864
5985,0.08042143285274506
5986,0.08050526678562164
5987,0.08042711764574051
5988,0.0804462730884552
5989,0.08047901093959808
5990,0.08055193722248077
5991,0.08051290363073349
5992,0.08052699267864227
5993,0.08051569014787674
5994,0.08051681518554688
5995,0.08055946975946426
5996,0.08046850562095642
5997,0.08074125647544861
5998,0.08051128685474396
5999,0.0805504322052002
6000,0.08055379986763
6001,0.08051653951406479
6002,0.08043307065963745
6003,0.08035599440336227
6004,0.0802912786602974
6005,0.08034646511077881
6006,0.0802852138876915
6007,0.08024050295352936
6008,0.08024482429027557
6009,0.0802580788731575
6010,0.0802631676197052
6011,0.0802578553557396
6012,0.08024729788303375
6013,0.08023218810558319
6014,0.08021759986877441
6015,0.08020567893981934
6016,0.08018774539232254
6017,0.080176442861557
6018,0.08017166703939438
6019,0.08016816526651382
6020,0.08015841990709305
6021,0.080155149102211
6022,0.08015632629394531
6023,0.080154187977314
6024,0.08015016466379166
6025,0.08014556765556335
6026,0.08015191555023193
6027,0.08014492690563202
6028,0.0801420658826828
6029,0.08014386892318726
6030,0.08014708012342453
6031,0.08014446496963501
6032,0.08013966679573059
6033,0.08013671636581421
6034,0.08014043420553207
6035,0.08014405518770218
6036,0.08013291656970978
6037,0.08013395965099335
6038,0.0801357626914978
6039,0.08013655245304108
6040,0.08013938367366791
6041,0.08013416826725006
6042,0.08013301342725754
6043,0.08013167232275009
6044,0.08012909442186356
6045,0.08012992143630981
6046,0.0801282674074173
6047,0.08013120293617249
6048,0.08013629913330078
6049,0.08013381063938141
6050,0.08013718575239182
6051,0.08013594895601273
6052,0.08013848215341568
6053,0.08013070374727249
6054,0.08013222366571426
6055,0.08013594895601273
6056,0.08013872802257538
6057,0.08013394474983215
6058,0.08013170957565308
6059,0.08013559877872467
6060,0.08013308793306351
6061,0.0801309123635292
6062,0.08012962341308594
6063,0.08012975007295609
6064,0.08012352138757706
6065,0.08012779802083969
6066,0.08012709021568298
6067,0.08012423664331436
6068,0.08012830466032028
6069,0.08012653887271881
6070,0.08012908697128296
6071,0.08012539148330688
6072,0.08013281226158142
6073,0.08013539016246796
6074,0.080132395029068
6075,0.08013086766004562
6076,0.080126091837883
6077,0.08012580871582031
6078,0.08014204353094101
6079,0.08013813197612762
6080,0.08013597130775452
6081,0.08013977855443954
6082,0.0801432803273201
6083,0.08014003187417984
6084,0.08013594150543213
6085,0.08013419061899185
6086,0.08012794703245163
6087,0.080125592648983
6088,0.08012281358242035
6089,0.08011726289987564
6090,0.08013191819190979
6091,0.08012909442186356
6092,0.08013107627630234
6093,0.08013369888067245
6094,0.08012792468070984
6095,0.08013518154621124
6096,0.08012966811656952
6097,0.0801258534193039
6098,0.08013363182544708
6099,0.08012688159942627
6100,0.0801326185464859
6101,0.08012637495994568
6102,0.08012182265520096
6103,0.08014797419309616
6104,0.08011937141418457
6105,0.08013031631708145
6106,0.08013857156038284
6107,0.08014208823442459
6108,0.08014017343521118
6109,0.08014895766973495
6110,0.08013565093278885
6111,0.08013072609901428
6112,0.080129474401474
6113,0.0801268145442009
6114,0.08012627065181732
6115,0.08012530952692032
6116,0.08012697100639343
6117,0.08012184500694275
6118,0.0801207646727562
6119,0.08013203740119934
6120,0.08012417703866959
6121,0.08011942356824875
6122,0.08012266457080841
6123,0.08012811094522476
6124,0.08013121783733368
6125,0.08013129979372025
6126,0.08013470470905304
6127,0.08013544976711273
6128,0.0801311805844307
6129,0.08012720942497253
6130,0.08015137910842896
6131,0.08012554049491882
6132,0.08013402670621872
6133,0.08012685924768448
6134,0.08012563735246658
6135,0.0801268070936203
6136,0.08012720942497253
6137,0.08012967556715012
6138,0.0801301896572113
6139,0.0801275223493576
6140,0.08012638986110687
6141,0.08013080060482025
6142,0.08012663573026657
6143,0.08012890815734863
6144,0.08013230562210083
6145,0.08013641834259033
6146,0.08013510704040527
6147,0.0801304504275322
6148,0.08012086898088455
6149,0.08012078702449799
6150,0.08012372255325317
6151,0.08011891692876816
6152,0.08012476563453674
6153,0.08012595027685165
6154,0.08012386411428452
6155,0.08011912554502487
6156,0.08011913299560547
6157,0.08012670278549194
6158,0.0801287516951561
6159,0.08011841773986816
6160,0.08012712746858597
6161,0.08013136684894562
6162,0.08013198524713516
6163,0.0801284909248352
6164,0.0801275297999382
6165,0.08011916279792786
6166,0.08011550456285477
6167,0.08011341094970703
6168,0.08011190593242645
6169,0.08011218160390854
6170,0.08011970669031143
6171,0.08011743426322937
6172,0.08011588454246521
6173,0.08012955635786057
6174,0.08011923730373383
6175,0.08011554181575775
6176,0.08013231307268143
6177,0.08012497425079346
6178,0.08012424409389496
6179,0.08013036102056503
6180,0.08012861013412476
6181,0.08012963086366653
6182,0.08012667298316956
6183,0.08012206852436066
6184,0.08012325316667557
6185,0.08012241125106812
6186,0.08011981844902039
6187,0.08012080937623978
6188,0.08012214303016663
6189,0.08012029528617859
6190,0.0801142081618309
6191,0.08012519031763077
6192,0.08012177795171738
6193,0.08011133223772049
6194,0.08011572062969208
6195,0.08011679351329803
6196,0.0801190733909607
6197,0.08011891692876816
6198,0.0801197737455368
6199,0.08011547476053238
6200,0.0801120176911354
6201,0.08011144399642944
6202,0.08010956645011902
6203,0.08011162281036377
6204,0.08010624349117279
6205,0.08010808378458023
6206,0.08010861277580261
6207,0.08011065423488617
6208,0.08010853826999664
6209,0.08011488616466522
6210,0.08011026680469513
6211,0.08010993152856827
6212,0.08011411130428314
6213,0.08011753112077713
6214,0.08011966943740845
6215,0.08011719584465027
6216,0.0801227018237114
6217,0.08011989295482635
6218,0.08012111485004425
6219,0.0801367312669754
6220,0.08012459427118301
6221,0.0801260843873024
6222,0.08014079928398132
6223,0.08013448864221573
6224,0.08012491464614868
6225,0.0801265686750412
6226,0.08012422919273376
6227,0.08011951297521591
6228,0.08011806011199951
6229,0.08011402934789658
6230,0.08011909574270248
6231,0.0801120400428772
6232,0.08011668920516968
6233,0.08011171221733093
6234,0.08010649681091309
6235,0.08010852336883545
6236,0.08011014014482498
6237,0.0801086276769638
6238,0.08011512458324432
6239,0.08011603355407715
6240,0.08010771125555038
6241,0.08010920882225037
6242,0.08011127263307571
6243,0.08011803030967712
6244,0.08012311905622482
6245,0.08012090623378754
6246,0.08012036979198456
6247,0.08012077957391739
6248,0.08011619746685028
6249,0.08011357486248016
6250,0.08012180030345917
6251,0.08010853826999664
6252,0.08011040091514587
6253,0.0801224634051323
6254,0.0801243931055069
6255,0.08011025190353394
6256,0.0801110491156578
6257,0.08012852817773819
6258,0.08011135458946228
6259,0.08011286705732346
6260,0.0801246166229248
6261,0.0801168903708458
6262,0.0801335796713829
6263,0.08012008666992188
6264,0.08012551814317703
6265,0.08012593537569046
6266,0.08012981712818146
6267,0.08012379705905914
6268,0.0801197960972786
6269,0.08011787384748459
6270,0.08011753857135773
6271,0.08012238889932632
6272,0.08010930567979813
6273,0.08011094480752945
6274,0.08010981976985931
6275,0.08011393994092941
6276,0.08010993897914886
6277,0.08011074364185333
6278,0.08011126518249512
6279,0.08012069016695023
6280,0.08011358231306076
6281,0.08011599630117416
6282,0.0801113098859787
6283,0.08010946214199066
6284,0.0801042690873146
6285,0.08010613918304443
6286,0.08010644465684891
6287,0.08010976761579514
6288,0.0801122710108757
6289,0.08011533319950104
6290,0.08011476695537567
6291,0.08011763542890549
6292,0.08011403679847717
6293,0.08011054247617722
6294,0.08011920750141144
6295,0.08010436594486237
6296,0.08010981976985931
6297,0.08011070638895035
6298,0.08010715246200562
6299,0.08011125028133392
6300,0.08011249452829361
6301,0.08010926097631454
6302,0.08010662347078323
6303,0.0801166296005249
6304,0.0801101103425026
6305,0.08011040091514587
6306,0.08011229336261749
6307,0.08011390268802643
6308,0.08011559396982193
6309,0.08011223375797272
6310,0.08010803908109665
6311,0.08011523634195328
6312,0.08010309934616089
6313,0.08010226488113403
6314,0.0801067054271698
6315,0.08010703325271606
6316,0.08011160045862198
6317,0.08010753244161606
6318,0.08010780066251755
6319,0.08010686933994293
6320,0.08010569214820862
6321,0.08010563254356384
6322,0.0801062136888504
6323,0.08010424673557281
6324,0.08009970188140869
6325,0.0801139771938324
6326,0.08010634779930115
6327,0.08010571449995041
6328,0.08011572808027267
6329,0.08011288940906525
6330,0.08010876178741455
6331,0.08010344207286835
6332,0.08011571317911148
6333,0.08010698854923248
6334,0.08012694120407104
6335,0.08012000471353531
6336,0.08012067526578903
6337,0.0801204964518547
6338,0.08011476695537567
6339,0.08011965453624725
6340,0.08010642975568771
6341,0.0801064521074295
6342,0.08011274039745331
6343,0.08010861277580261
6344,0.08011345565319061
6345,0.08011739701032639
6346,0.0801161676645279
6347,0.08011152595281601
6348,0.08010805398225784
6349,0.08010505884885788
6350,0.08011376857757568
6351,0.08010748028755188
6352,0.08010955899953842
6353,0.08010746538639069
6354,0.08010263741016388
6355,0.0801103264093399
6356,0.08010595291852951
6357,0.08010987937450409
6358,0.08011183142662048
6359,0.0801113024353981
6360,0.0801115408539772
6361,0.0801139548420906
6362,0.08011546730995178
6363,0.08013928681612015
6364,0.08012454211711884
6365,0.0801238864660263
6366,0.08012436330318451
6367,0.08011554181575775
6368,0.08011333644390106
6369,0.08011225610971451
6370,0.08010648936033249
6371,0.08010492473840714
6372,0.08009699732065201
6373,0.08010368049144745
6374,0.0801042914390564
6375,0.08010561019182205
6376,0.08010891824960709
6377,0.08011229336261749
6378,0.08010734617710114
6379,0.08010252565145493
6380,0.08009965717792511
6381,0.08009759336709976
6382,0.08009955286979675
6383,0.08009953796863556
6384,0.08009815216064453
6385,0.08009789884090424
6386,0.08010091632604599
6387,0.0800977498292923
6388,0.08009450137615204
6389,0.0801064670085907
6390,0.08009755611419678
6391,0.08010483533143997
6392,0.0801064744591713
6393,0.08010983467102051
6394,0.08010990917682648
6395,0.08010365813970566
6396,0.08012712001800537
6397,0.0801127701997757
6398,0.08011189848184586
6399,0.08011012524366379
6400,0.08011577278375626
6401,0.08011889457702637
6402,0.08011111617088318
6403,0.0801176056265831
6404,0.08012449741363525
6405,0.08012078702449799
6406,0.08011847734451294
6407,0.0801142230629921
6408,0.08011294901371002
6409,0.08010850846767426
6410,0.08010528981685638
6411,0.08011291921138763
6412,0.08010256290435791
6413,0.08010640740394592
6414,0.0801098495721817
6415,0.08010684698820114
6416,0.0801096186041832
6417,0.08011177182197571
6418,0.08010316640138626
6419,0.08010724931955338
6420,0.08010794222354889
6421,0.08010269701480865
6422,0.08010194450616837
6423,0.08011092245578766
6424,0.08010408282279968
6425,0.08010288327932358
6426,0.08010675758123398
6427,0.08010835945606232
6428,0.08011702448129654
6429,0.08010829985141754
6430,0.08010652661323547
6431,0.08012031018733978
6432,0.08010688424110413
6433,0.0801076740026474
6434,0.08011069893836975
6435,0.08010819554328918
6436,0.08011119067668915
6437,0.08011152595281601
6438,0.08011124283075333
6439,0.08010702580213547
6440,0.08010545372962952
6441,0.08010361343622208
6442,0.08010227978229523
6443,0.08010584861040115
6444,0.08010074496269226
6445,0.08010033518075943
6446,0.08012239634990692
6447,0.08011335879564285
6448,0.08012396097183228
6449,0.08012840896844864
6450,0.0801398754119873
6451,0.08012836426496506
6452,0.08014155924320221
6453,0.08012551069259644
6454,0.08011913299560547
6455,0.0801166370511055
6456,0.08011694252490997
6457,0.08011755347251892
6458,0.08010938763618469
6459,0.08010772615671158
6460,0.08011403679847717
6461,0.0801154300570488
6462,0.08011597394943237
6463,0.08011756837368011
6464,0.08011375367641449
6465,0.08010897040367126
6466,0.08010227233171463
6467,0.08010736107826233
6468,0.08009932935237885
6469,0.08009720593690872
6470,0.08009336143732071
6471,0.08010460436344147
6472,0.08010388910770416
6473,0.08011522889137268
6474,0.08010447770357132
6475,0.08011261373758316
6476,0.0801069587469101
6477,0.08011111617088318
6478,0.08010248839855194
6479,0.08011016249656677
6480,0.08010988682508469
6481,0.0801054984331131
6482,0.08010528981685638
6483,0.08010751008987427
6484,0.08011060953140259
6485,0.080104760825634
6486,0.0801042765378952
6487,0.08011169731616974
6488,0.0800996795296669
6489,0.08009684085845947
6490,0.08009463548660278
6491,0.08009182661771774
6492,0.08009129762649536
6493,0.08009444922208786
6494,0.08009552210569382
6495,0.08009324222803116
6496,0.08009853959083557
6497,0.08010334521532059
6498,0.08010346442461014
6499,0.08010374009609222
6500,0.08009537309408188
6501,0.08011494576931
6502,0.08009897172451019
6503,0.08009780198335648
6504,0.08010037243366241
6505,0.08009961247444153
6506,0.08010559529066086
6507,0.08010096848011017
6508,0.08011211454868317
6509,0.08010324835777283
6510,0.08010334521532059
6511,0.08010269701480865
6512,0.08009883761405945
6513,0.0800982192158699
6514,0.08010002970695496
6515,0.0800992101430893
6516,0.08009816706180573
6517,0.08009713888168335
6518,0.08009939640760422
6519,0.08010075241327286
6520,0.08009983599185944
6521,0.08010238409042358
6522,0.0801045298576355
6523,0.08010796457529068
6524,0.08010917156934738
6525,0.08010794967412949
6526,0.08010604977607727
6527,0.08010915666818619
6528,0.08010422438383102
6529,0.0801045149564743
6530,0.08010394871234894
6531,0.08009876310825348
6532,0.08009254932403564
6533,0.08011016249656677
6534,0.08009452372789383
6535,0.08010026812553406
6536,0.08010482788085938
6537,0.08010479807853699
6538,0.08010338246822357
6539,0.08011147379875183
6540,0.08010288327932358
6541,0.08010654896497726
6542,0.0801064595580101
6543,0.08010256290435791
6544,0.08010430634021759
6545,0.08009712398052216
6546,0.0800984650850296
6547,0.08009561151266098
6548,0.080094113945961
6549,0.0800965279340744
6550,0.08009811490774155
6551,0.0800970196723938
6552,0.0800991952419281
6553,0.08010399341583252
6554,0.08010094612836838
6555,0.08010268956422806
6556,0.08010566979646683
6557,0.08010399341583252
6558,0.08010987192392349
6559,0.08011354506015778
6560,0.08010594546794891
6561,0.08010610193014145
6562,0.08010663837194443
6563,0.08010462671518326
6564,0.08010908961296082
6565,0.08010337501764297
6566,0.08010686933994293
6567,0.08010844886302948
6568,0.08010254800319672
6569,0.0801052674651146
6570,0.08011279255151749
6571,0.08009897172451019
6572,0.08009572327136993
6573,0.08009785413742065
6574,0.08009489625692368
6575,0.08009090274572372
6576,0.08010512590408325
6577,0.08009324967861176
6578,0.08009861409664154
6579,0.08010000735521317
6580,0.08010245859622955
6581,0.08010091632604599
6582,0.08009997755289078
6583,0.08010999858379364
6584,0.08010435104370117
6585,0.08010906726121902
6586,0.08011136204004288
6587,0.08010686933994293
6588,0.08010450750589371
6589,0.08009728789329529
6590,0.08012360334396362
6591,0.08010102808475494
6592,0.08009824901819229
6593,0.0801052451133728
6594,0.0801110565662384
6595,0.08011241257190704
6596,0.08011505007743835
6597,0.08012168109416962
6598,0.08011835068464279
6599,0.08012121170759201
6600,0.08013249933719635
6601,0.08012282103300095
6602,0.08012278378009796
6603,0.08012440800666809
6604,0.08011854439973831
6605,0.08011524379253387
6606,0.08011126518249512
6607,0.08010482043027878
6608,0.08011271059513092
6609,0.0801125019788742
6610,0.08009994029998779
6611,0.08010082691907883
6612,0.08011703938245773
6613,0.08010628819465637
6614,0.08011046051979065
6615,0.08013856410980225
6616,0.0801190659403801
6617,0.0801226869225502
6618,0.08012112975120544
6619,0.08012103289365768
6620,0.0801130086183548
6621,0.08010996878147125
6622,0.08011022210121155
6623,0.0801023617386818
6624,0.0801011323928833
6625,0.08010278642177582
6626,0.08010534197092056
6627,0.08012067526578903
6628,0.08010879904031754
6629,0.08010846376419067
6630,0.0801081657409668
6631,0.08010835945606232
6632,0.08010587096214294
6633,0.08010394871234894
6634,0.08009731769561768
6635,0.0801016092300415
6636,0.08010231703519821
6637,0.08010062575340271
6638,0.08009666204452515
6639,0.08009124547243118
6640,0.08009815216064453
6641,0.08009050041437149
6642,0.08009142428636551
6643,0.08009370416402817
6644,0.08009987324476242
6645,0.08010531216859818
6646,0.08010071516036987
6647,0.08010488748550415
6648,0.08010926842689514
6649,0.0801088809967041
6650,0.08010334521532059
6651,0.08009980618953705
6652,0.08009570837020874
6653,0.08010023832321167
6654,0.08009445667266846
6655,0.08009358495473862
6656,0.08009277284145355
6657,0.08009590208530426
6658,0.08009443432092667
6659,0.08009245991706848
6660,0.08009810000658035
6661,0.0800880715250969
6662,0.08008916676044464
6663,0.08008817583322525
6664,0.08009963482618332
6665,0.08009304106235504
6666,0.08009929955005646
6667,0.08009892702102661
6668,0.0801115557551384
6669,0.08009806275367737
6670,0.08010470867156982
6671,0.08010459691286087
6672,0.08010396361351013
6673,0.08010851591825485
6674,0.08010773360729218
6675,0.08010639250278473
6676,0.08010886609554291
6677,0.0801069438457489
6678,0.08010135591030121
6679,0.08010359108448029
6680,0.08011297881603241
6681,0.08009610325098038
6682,0.08010964840650558
6683,0.08010406792163849
6684,0.08010266721248627
6685,0.08011090010404587
6686,0.08011597394943237
6687,0.08011587709188461
6688,0.08011066168546677
6689,0.08010273426771164
6690,0.08010841906070709
6691,0.08010181784629822
6692,0.08009694516658783
6693,0.08009582757949829
6694,0.08010457456111908
6695,0.08010398596525192
6696,0.08009374141693115
6697,0.08009442687034607
6698,0.08009713888168335
6699,0.08010559529066086
6700,0.08010342717170715
6701,0.08009513467550278
6702,0.08009341359138489
6703,0.0800870954990387
6704,0.08009695261716843
6705,0.08009086549282074
6706,0.08009189367294312
6707,0.08009354025125504
6708,0.08009697496891022
6709,0.08009280264377594
6710,0.08009231835603714
6711,0.08008953928947449
6712,0.0800866037607193
6713,0.08008582144975662
6714,0.08008387684822083
6715,0.080087810754776
6716,0.08008559048175812
6717,0.08009403944015503
6718,0.08009741455316544
6719,0.08009327948093414
6720,0.08009810745716095
6721,0.0801018550992012
6722,0.08009789884090424
6723,0.08010092377662659
6724,0.08009844273328781
6725,0.08009349554777145
6726,0.08010770380496979
6727,0.08008937537670135
6728,0.08008873462677002
6729,0.08009368181228638
6730,0.08008897304534912
6731,0.08009085059165955
6732,0.08008722960948944
6733,0.08008889853954315
6734,0.08008686453104019
6735,0.08009745180606842
6736,0.08008737862110138
6737,0.08008673042058945
6738,0.08008577674627304
6739,0.08010577410459518
6740,0.08009213954210281
6741,0.0801001489162445
6742,0.08010269701480865
6743,0.08010286092758179
6744,0.08010540157556534
6745,0.08010399341583252
6746,0.08010336011648178
6747,0.08009887486696243
6748,0.0800967738032341
6749,0.08009631931781769
6750,0.08009220659732819
6751,0.08009494841098785
6752,0.08009278029203415
6753,0.0800929144024849
6754,0.08009576052427292
6755,0.08008120208978653
6756,0.08008569478988647
6757,0.0800836831331253
6758,0.08009114861488342
6759,0.08008589595556259
6760,0.08010821044445038
6761,0.08009004592895508
6762,0.08009229600429535
6763,0.08009204268455505
6764,0.08008559048175812
6765,0.08009381592273712
6766,0.08009863644838333
6767,0.08009152859449387
6768,0.08009985089302063
6769,0.08010196685791016
6770,0.0801200270652771
6771,0.08010409772396088
6772,0.08010260760784149
6773,0.08010465651750565
6774,0.08010093867778778
6775,0.08010581135749817
6776,0.08010932803153992
6777,0.08010897785425186
6778,0.08010981976985931
6779,0.08010955899953842
6780,0.08011950552463531
6781,0.08011109381914139
6782,0.08011554926633835
6783,0.08011919260025024
6784,0.08011363446712494
6785,0.08011767268180847
6786,0.08011315762996674
6787,0.08010547608137131
6788,0.08010230213403702
6789,0.08009916543960571
6790,0.08009711652994156
6791,0.080087810754776
6792,0.0800873264670372
6793,0.0800836831331253
6794,0.08008932322263718
6795,0.08008621633052826
6796,0.08009053766727448
6797,0.08009160310029984
6798,0.08008693903684616
6799,0.08008605986833572
6800,0.0800863653421402
6801,0.08008791506290436
6802,0.08009028434753418
6803,0.08008728176355362
6804,0.08008608967065811
6805,0.08009269833564758
6806,0.08008606731891632
6807,0.08007852733135223
6808,0.08008529245853424
6809,0.08007793873548508
6810,0.08008521795272827
6811,0.08008507639169693
6812,0.08008787035942078
6813,0.08008822798728943
6814,0.08008714765310287
6815,0.08008446544408798
6816,0.08009517192840576
6817,0.08009202033281326
6818,0.0800924152135849
6819,0.08008700609207153
6820,0.08009044826030731
6821,0.080085888504982
6822,0.08008762449026108
6823,0.08008721470832825
6824,0.08008210361003876
6825,0.08008851855993271
6826,0.08008481562137604
6827,0.0800900086760521
6828,0.08009703457355499
6829,0.08009979873895645
6830,0.08009782433509827
6831,0.08009718358516693
6832,0.08010188490152359
6833,0.08009135723114014
6834,0.08009070158004761
6835,0.0800887793302536
6836,0.08009378612041473
6837,0.08008872717618942
6838,0.08009452372789383
6839,0.08009298890829086
6840,0.08009634912014008
6841,0.08009453862905502
6842,0.0800912007689476
6843,0.08008570224046707
6844,0.0800933986902237
6845,0.08008953183889389
6846,0.08008795976638794
6847,0.08009755611419678
6848,0.08010143786668777
6849,0.08010011911392212
6850,0.08009403198957443
6851,0.08009791374206543
6852,0.08009743690490723
6853,0.08008892089128494
6854,0.08009076118469238
6855,0.08009498566389084
6856,0.08009684830904007
6857,0.08011165261268616
6858,0.08010224252939224
6859,0.0801081657409668
6860,0.08010989427566528
6861,0.0801071897149086
6862,0.08010169118642807
6863,0.08009810000658035
6864,0.0800904706120491
6865,0.08009575307369232
6866,0.08008882403373718
6867,0.08009009063243866
6868,0.08010762929916382
6869,0.08009851723909378
6870,0.08009279519319534
6871,0.08009353280067444
6872,0.08008626848459244
6873,0.0800858661532402
6874,0.0800948292016983
6875,0.08008438348770142
6876,0.08008793741464615
6877,0.08010121434926987
6878,0.08009132742881775
6879,0.08008868992328644
6880,0.08012796938419342
6881,0.08009352535009384
6882,0.08009955286979675
6883,0.08010794967412949
6884,0.0801069363951683
6885,0.08010677993297577
6886,0.08010376989841461
6887,0.08009637892246246
6888,0.0800909772515297
6889,0.08009936660528183
6890,0.08009263873100281
6891,0.08009207993745804
6892,0.0800950899720192
6893,0.08009855449199677
6894,0.08009614050388336
6895,0.08009979873895645
6896,0.08009328693151474
6897,0.08010440319776535
6898,0.08009085059165955
6899,0.08009330928325653
6900,0.0800928920507431
6901,0.08009277284145355
6902,0.08009136468172073
6903,0.08009082823991776
6904,0.08009086549282074
6905,0.08009832352399826
6906,0.08009698241949081
6907,0.0801011472940445
6908,0.08010055869817734
6909,0.08009769022464752
6910,0.08009899407625198
6911,0.08009996265172958
6912,0.08009295910596848
6913,0.08009044080972672
6914,0.08009325712919235
6915,0.08009421825408936
6916,0.08009272068738937
6917,0.08008561283349991
6918,0.08008389174938202
6919,0.08008962124586105
6920,0.08008737117052078
6921,0.08009499311447144
6922,0.08010372519493103
6923,0.08010011166334152
6924,0.0801018476486206
6925,0.08010172843933105
6926,0.08010755479335785
6927,0.08009420335292816
6928,0.08009794354438782
6929,0.0801038071513176
6930,0.08009754121303558
6931,0.08010189235210419
6932,0.08010216802358627
6933,0.08010155707597733
6934,0.08009396493434906
6935,0.08011481165885925
6936,0.08009201288223267
6937,0.08009383827447891
6938,0.08010119199752808
6939,0.08010310679674149
6940,0.08009780198335648
6941,0.08010202646255493
6942,0.08009323477745056
6943,0.08009245991706848
6944,0.08009649813175201
6945,0.08008905500173569
6946,0.08008939027786255
6947,0.08009268343448639
6948,0.08009202778339386
6949,0.08009543269872665
6950,0.0800955593585968
6951,0.080092653632164
6952,0.08009397238492966
6953,0.08008836954832077
6954,0.0800861269235611
6955,0.08008822053670883
6956,0.08008690923452377
6957,0.08008431643247604
6958,0.08009891957044601
6959,0.08008594810962677
6960,0.0800916850566864
6961,0.08009212464094162
6962,0.08009113371372223
6963,0.08008768409490585
6964,0.08009708672761917
6965,0.080081507563591
6966,0.08008335530757904
6967,0.08008846640586853
6968,0.08009883016347885
6969,0.0800904706120491
6970,0.08009442687034607
6971,0.08010222762823105
6972,0.08011001348495483
6973,0.0801132470369339
6974,0.08011530339717865
6975,0.08011407405138016
6976,0.08011097460985184
6977,0.08010310679674149
6978,0.08010315895080566
6979,0.08010657876729965
6980,0.08009086549282074
6981,0.0800919160246849
6982,0.08010699599981308
6983,0.08009671419858932
6984,0.08010213077068329
6985,0.08010295778512955
6986,0.08009953796863556
6987,0.08009215444326401
6988,0.08010557293891907
6989,0.08008843660354614
6990,0.08009178936481476
6991,0.08009312301874161
6992,0.08009494096040726
6993,0.08009245246648788
6994,0.08008919656276703
6995,0.08008469641208649
6996,0.0800936296582222
6997,0.08008495718240738
6998,0.08009301126003265
6999,0.0800950899720192
7000,0.08010140061378479
7001,0.0801071971654892
7002,0.0801069438457489
7003,0.08010445535182953
7004,0.0801035687327385
7005,0.08010075986385345
7006,0.08009421080350876
7007,0.08009122312068939
7008,0.08009088784456253
7009,0.08008380979299545
7010,0.08009089529514313
7011,0.08008803427219391
7012,0.08008398115634918
7013,0.08008454740047455
7014,0.08009383082389832
7015,0.08009110391139984
7016,0.08008739352226257
7017,0.08008567243814468
7018,0.08008230477571487
7019,0.08008351922035217
7020,0.0800803154706955
7021,0.08008380979299545
7022,0.08008468151092529
7023,0.080080546438694
7024,0.08007747679948807
7025,0.08009416610002518
7026,0.08008021116256714
7027,0.08008264750242233
7028,0.08008593320846558
7029,0.08008438348770142
7030,0.08008202165365219
7031,0.08008460700511932
7032,0.08008088916540146
7033,0.0800800696015358
7034,0.08008703589439392
7035,0.08007729798555374
7036,0.08007941395044327
7037,0.0800805613398552
7038,0.08008028566837311
7039,0.08008573204278946
7040,0.08008219301700592
7041,0.08008363842964172
7042,0.08008429408073425
7043,0.08008350431919098
7044,0.08008220791816711
7045,0.0800844058394432
7046,0.08008149266242981
7047,0.08008084446191788
7048,0.08008945733308792
7049,0.08009018748998642
7050,0.08008822053670883
7051,0.08008754998445511
7052,0.08008196949958801
7053,0.08008304983377457
7054,0.08009014278650284
7055,0.08008141815662384
7056,0.08008184283971786
7057,0.08009404689073563
7058,0.0800851583480835
7059,0.08008338510990143
7060,0.08008655905723572
7061,0.08008812367916107
7062,0.08008549362421036
7063,0.08008304238319397
7064,0.08008082211017609
7065,0.08008917421102524
7066,0.08008574694395065
7067,0.08008221536874771
7068,0.080082468688488
7069,0.08008107542991638
7070,0.08007694780826569
7071,0.08008283376693726
7072,0.08007396012544632
7073,0.08008110523223877
7074,0.08007384091615677
7075,0.08008315414190292
7076,0.08008038997650146
7077,0.08008541911840439
7078,0.08008391410112381
7079,0.0800810158252716
7080,0.08007512986660004
7081,0.08008125424385071
7082,0.0800737589597702
7083,0.08007825165987015
7084,0.08008057624101639
7085,0.08009195327758789
7086,0.08009078353643417
7087,0.08008536696434021
7088,0.080091193318367
7089,0.08009429275989532
7090,0.08009527623653412
7091,0.08009212464094162
7092,0.08009564131498337
7093,0.0800950899720192
7094,0.08009731769561768
7095,0.08009939640760422
7096,0.0800977274775505
7097,0.08009792119264603
7098,0.08009138703346252
7099,0.08009784668684006
7100,0.08008714020252228
7101,0.08008726686239243
7102,0.08009379357099533
7103,0.08008485287427902
7104,0.08009731024503708
7105,0.08008183538913727
7106,0.08007998764514923
7107,0.08008550107479095
7108,0.08008570224046707
7109,0.08008894324302673
7110,0.08008915930986404
7111,0.08009050041437149
7112,0.0800868421792984
7113,0.08008786290884018
7114,0.08008734881877899
7115,0.08008348196744919
7116,0.08008603006601334
7117,0.08008689433336258
7118,0.08008425682783127
7119,0.08007525652647018
7120,0.0800771415233612
7121,0.08007209002971649
7122,0.0800786167383194
7123,0.08008597791194916
7124,0.0800921618938446
7125,0.08009636402130127
7126,0.0800909772515297
7127,0.08009470999240875
7128,0.0800885483622551
7129,0.0800839439034462
7130,0.08009142428636551
7131,0.08008311688899994
7132,0.08008534461259842
7133,0.08008430153131485
7134,0.08008329570293427
7135,0.08008073270320892
7136,0.08008135855197906
7137,0.08008237183094025
7138,0.08007868379354477
7139,0.08007877320051193
7140,0.08007670938968658
7141,0.08007299154996872
7142,0.0800771564245224
7143,0.08009295165538788
7144,0.08008130639791489
7145,0.08008088171482086
7146,0.0800929144024849
7147,0.08009884506464005
7148,0.08009419590234756
7149,0.08009789139032364
7150,0.08009771257638931
7151,0.08009273558855057
7152,0.08008461445569992
7153,0.08009716123342514
7154,0.08008475601673126
7155,0.08008622378110886
7156,0.08009259402751923
7157,0.08009370416402817
7158,0.08009099215269089
7159,0.08009248971939087
7160,0.08009320497512817
7161,0.08008426427841187
7162,0.08008590340614319
7163,0.08009155094623566
7164,0.08009133487939835
7165,0.08009336143732071
7166,0.08009042590856552
7167,0.0800892561674118
7168,0.08009060472249985
7169,0.0800902247428894
7170,0.08008575439453125
7171,0.08007758855819702
7172,0.08007930219173431
7173,0.08008137345314026
7174,0.0800740197300911
7175,0.08007838577032089
7176,0.08007527887821198
7177,0.08007965981960297
7178,0.08008070290088654
7179,0.08008207380771637
7180,0.08008112758398056
7181,0.08008205145597458
7182,0.08008184283971786
7183,0.08008041232824326
7184,0.08010711520910263
7185,0.08009117841720581
7186,0.0800958201289177
7187,0.08009523153305054
7188,0.08009427785873413
7189,0.08009486645460129
7190,0.08010175079107285
7191,0.08010096102952957
7192,0.08011073619127274
7193,0.08011499792337418
7194,0.08011408150196075
7195,0.08011280745267868
7196,0.08010660111904144
7197,0.08011159300804138
7198,0.08009909093379974
7199,0.0800965428352356
7200,0.08009663224220276
7201,0.08009274303913116
7202,0.08008818328380585
7203,0.08008743822574615
7204,0.08008518815040588
7205,0.08009117096662521
7206,0.0800962746143341
7207,0.08008639514446259
7208,0.0800880715250969
7209,0.08008258044719696
7210,0.08008293062448502
7211,0.08008122444152832
7212,0.0800802931189537
7213,0.08008033037185669
7214,0.08008258789777756
7215,0.08007699251174927
7216,0.08008215576410294
7217,0.08007844537496567
7218,0.08008003234863281
7219,0.08009129762649536
7220,0.080086350440979
7221,0.08008851110935211
7222,0.0800904780626297
7223,0.0800943523645401
7224,0.08009093999862671
7225,0.08009647578001022
7226,0.08009866625070572
7227,0.08011151105165482
7228,0.080115407705307
7229,0.08010752499103546
7230,0.0801108330488205
7231,0.0800994485616684
7232,0.08009166270494461
7233,0.08009374886751175
7234,0.08009827882051468
7235,0.08008669316768646
7236,0.08009258657693863
7237,0.08009301871061325
7238,0.08009126782417297
7239,0.0800943523645401
7240,0.08009335398674011
7241,0.08009006083011627
7242,0.08008242398500443
7243,0.08008331060409546
7244,0.08008024096488953
7245,0.08012458682060242
7246,0.08008088171482086
7247,0.0800839215517044
7248,0.08008643984794617
7249,0.08009395748376846
7250,0.08008617907762527
7251,0.080091692507267
7252,0.0800899863243103
7253,0.08009166270494461
7254,0.08009304851293564
7255,0.08010219782590866
7256,0.08008547127246857
7257,0.08008875697851181
7258,0.08008944988250732
7259,0.08008795976638794
7260,0.08008793741464615
7261,0.08008594810962677
7262,0.08008833229541779
7263,0.08008712530136108
7264,0.08008910715579987
7265,0.08008839935064316
7266,0.08008266985416412
7267,0.08009038865566254
7268,0.0800885558128357
7269,0.08008714020252228
7270,0.08008809387683868
7271,0.08008722960948944
7272,0.08008453249931335
7273,0.08008148521184921
7274,0.08007921278476715
7275,0.08008114248514175
7276,0.08008166402578354
7277,0.08007686585187912
7278,0.08008044958114624
7279,0.08008167892694473
7280,0.08007929474115372
7281,0.08009805530309677
7282,0.08007940649986267
7283,0.08008667826652527
7284,0.08008681237697601
7285,0.08008520305156708
7286,0.08008205145597458
7287,0.08007705211639404
7288,0.08009461313486099
7289,0.08007708936929703
7290,0.08007976412773132
7291,0.08007670193910599
7292,0.08007939159870148
7293,0.0800873190164566
7294,0.08008089661598206
7295,0.08008677512407303
7296,0.08008800446987152
7297,0.08008784800767899
7298,0.080082468688488
7299,0.08008091896772385
7300,0.08008106797933578
7301,0.08008141815662384
7302,0.08008179068565369
7303,0.08008535206317902
7304,0.08009007573127747
7305,0.08009365200996399
7306,0.08009023219347
7307,0.08008472621440887
7308,0.08007870614528656
7309,0.0800928846001625
7310,0.08008354902267456
7311,0.08008477091789246
7312,0.08008674532175064
7313,0.08008503913879395
7314,0.0800856500864029
7315,0.08008822053670883
7316,0.08008293807506561
7317,0.08007834851741791
7318,0.08007960766553879
7319,0.08008375763893127
7320,0.08008308708667755
7321,0.08008517324924469
7322,0.08008378744125366
7323,0.08007838577032089
7324,0.08007896691560745
7325,0.08008293062448502
7326,0.08007610589265823
7327,0.08008158206939697
7328,0.080073781311512
7329,0.080073282122612
7330,0.08007226884365082
7331,0.08007131516933441
7332,0.08007198572158813
7333,0.08007858693599701
7334,0.08007422089576721
7335,0.08008281886577606
7336,0.08007673174142838
7337,0.08008147031068802
7338,0.08008026331663132
7339,0.0800783708691597
7340,0.0800870954990387
7341,0.08007397502660751
7342,0.08007577061653137
7343,0.08007638901472092
7344,0.08008157461881638
7345,0.08008486777544022
7346,0.08008216321468353
7347,0.08009029179811478
7348,0.08008250594139099
7349,0.0800875723361969
7350,0.08008027076721191
7351,0.0800793245434761
7352,0.08007931709289551
7353,0.08008579164743423
7354,0.08007828891277313
7355,0.08008495718240738
7356,0.08008265495300293
7357,0.08008822053670883
7358,0.08008347451686859
7359,0.08007793128490448
7360,0.08009391278028488
7361,0.08008093386888504
7362,0.0800832137465477
7363,0.0800882875919342
7364,0.08008117228746414
7365,0.08008945733308792
7366,0.08008003234863281
7367,0.08007980138063431
7368,0.08008501678705215
7369,0.08007311075925827
7370,0.08007275313138962
7371,0.0800723135471344
7372,0.08007337152957916
7373,0.0800735354423523
7374,0.08007604628801346
7375,0.08007185161113739
7376,0.08007346093654633
7377,0.08007049560546875
7378,0.08007275313138962
7379,0.08007340878248215
7380,0.08007051050662994
7381,0.08006768673658371
7382,0.08006998896598816
7383,0.08007899671792984
7384,0.08008034527301788
7385,0.0800815299153328
7386,0.08009382337331772
7387,0.08008359372615814
7388,0.08008099347352982
7389,0.08008468896150589
7390,0.08007095009088516
7391,0.08007235825061798
7392,0.0800829753279686
7393,0.08007185161113739
7394,0.08008459210395813
7395,0.08008457720279694
7396,0.080084890127182
7397,0.08008032292127609
7398,0.080086849629879
7399,0.08008243143558502
7400,0.08007930219173431
7401,0.08007980138063431
7402,0.08008183538913727
7403,0.08008122444152832
7404,0.08007392287254333
7405,0.08007839322090149
7406,0.08007698506116867
7407,0.08007648587226868
7408,0.08009286224842072
7409,0.08008452504873276
7410,0.08008934557437897
7411,0.08009171485900879
7412,0.08008915185928345
7413,0.08008259534835815
7414,0.08007463067770004
7415,0.08009522408246994
7416,0.08007334172725677
7417,0.08007969707250595
7418,0.08008082956075668
7419,0.08007970452308655
7420,0.08008111268281937
7421,0.0800834521651268
7422,0.08008255809545517
7423,0.0800812840461731
7424,0.08008145540952682
7425,0.08007866889238358
7426,0.08007486164569855
7427,0.0800708681344986
7428,0.08009151369333267
7429,0.0800698921084404
7430,0.08007053285837173
7431,0.08007541298866272
7432,0.0800798237323761
7433,0.08008473366498947
7434,0.08009690046310425
7435,0.08009569346904755
7436,0.0800960585474968
7437,0.08009151369333267
7438,0.08008386194705963
7439,0.08009929955005646
7440,0.08010173588991165
7441,0.08008740097284317
7442,0.08010150492191315
7443,0.08011321723461151
7444,0.08011743426322937
7445,0.08011231571435928
7446,0.08010708540678024
7447,0.08009887486696243
7448,0.08009304106235504
7449,0.08008583635091782
7450,0.08010120689868927
7451,0.08007928729057312
7452,0.08008204400539398
7453,0.08008202165365219
7454,0.08007778227329254
7455,0.0800839364528656
7456,0.08007913082838058
7457,0.08007503300905228
7458,0.08007466793060303
7459,0.08007154613733292
7460,0.08008009195327759
7461,0.08007940649986267
7462,0.08008799701929092
7463,0.08009308576583862
7464,0.08009424060583115
7465,0.08010388910770416
7466,0.08008679747581482
7467,0.08008342236280441
7468,0.08008790016174316
7469,0.08007728308439255
7470,0.08010199666023254
7471,0.0800904631614685
7472,0.08009102195501328
7473,0.08009915798902512
7474,0.08010175824165344
7475,0.0800992101430893
7476,0.08009649068117142
7477,0.08009567856788635
7478,0.08008973300457001
7479,0.08008311688899994
7480,0.08007621020078659
7481,0.0800778716802597
7482,0.08007275313138962
7483,0.08007162809371948
7484,0.08007822185754776
7485,0.08007465302944183
7486,0.08008318394422531
7487,0.08009126782417297
7488,0.08011192083358765
7489,0.08010456711053848
7490,0.08011578023433685
7491,0.08013131469488144
7492,0.08012869954109192
7493,0.08013377338647842
7494,0.08013696223497391
7495,0.08014296740293503
7496,0.0801381915807724
7497,0.08013632148504257
7498,0.08013252168893814
7499,0.08013848960399628
7500,0.08011563867330551
7501,0.08011075109243393
7502,0.08010362088680267
7503,0.08015011996030807
7504,0.08010458201169968
7505,0.08011023700237274
7506,0.08011133968830109
7507,0.08011835068464279
7508,0.0801110789179802
7509,0.08010893315076828
7510,0.0801035463809967
7511,0.08010175824165344
7512,0.0801028460264206
7513,0.08010372519493103
7514,0.08010352402925491
7515,0.08010464906692505
7516,0.08010095357894897
7517,0.08009299635887146
7518,0.08009308576583862
7519,0.08007879555225372
7520,0.08008153736591339
7521,0.08008003979921341
7522,0.08007650077342987
7523,0.08008337020874023
7524,0.08007849752902985
7525,0.08007541298866272
7526,0.08008052408695221
7527,0.08008205890655518
7528,0.0800798237323761
7529,0.08007849752902985
7530,0.08007548749446869
7531,0.08007112145423889
7532,0.08007466048002243
7533,0.08006976544857025
7534,0.08007237315177917
7535,0.08006736636161804
7536,0.08007163554430008
7537,0.08007673174142838
7538,0.08007374405860901
7539,0.08007843792438507
7540,0.08008114993572235
7541,0.08008001744747162
7542,0.080080047249794
7543,0.08007730543613434
7544,0.08007695525884628
7545,0.08007456362247467
7546,0.08006928116083145
7547,0.08007879555225372
7548,0.08007831126451492
7549,0.08007745444774628
7550,0.08007608354091644
7551,0.08007796108722687
7552,0.0800795704126358
7553,0.08007960021495819
7554,0.08008206635713577
7555,0.08008977025747299
7556,0.08007968962192535
7557,0.08009497821331024
7558,0.0800856277346611
7559,0.0800836905837059
7560,0.08008408546447754
7561,0.08008074015378952
7562,0.08009051531553268
7563,0.08008281886577606
7564,0.08007735013961792
7565,0.08007723093032837
7566,0.08007515221834183
7567,0.08007413893938065
7568,0.08006666600704193
7569,0.0800865888595581
7570,0.08007196336984634
7571,0.08008188009262085
7572,0.08008841425180435
7573,0.08009998500347137
7574,0.0800938829779625
7575,0.08009321242570877
7576,0.08009225130081177
7577,0.08008671551942825
7578,0.08008184283971786
7579,0.08010490238666534
7580,0.08007968962192535
7581,0.08008270710706711
7582,0.08008168637752533
7583,0.08010196685791016
7584,0.08007829636335373
7585,0.08008933067321777
7586,0.08008259534835815
7587,0.0800853744149208
7588,0.08008436858654022
7589,0.08008310943841934
7590,0.08007992804050446
7591,0.08008866757154465
7592,0.08007842302322388
7593,0.08007999509572983
7594,0.08008916676044464
7595,0.08008982241153717
7596,0.08009540289640427
7597,0.08009582757949829
7598,0.08009547740221024
7599,0.0800929144024849
7600,0.08008843660354614
7601,0.08008495718240738
7602,0.08009279519319534
7603,0.08007846772670746
7604,0.08007926493883133
7605,0.08007936179637909
7606,0.08007879555225372
7607,0.0800790935754776
7608,0.08007421344518661
7609,0.08007372915744781
7610,0.08008386194705963
7611,0.08008338510990143
7612,0.08007866144180298
7613,0.08007945865392685
7614,0.08007887750864029
7615,0.08007829636335373
7616,0.08007455617189407
7617,0.08006994426250458
7618,0.08007049560546875
7619,0.08007025718688965
7620,0.08006836473941803
7621,0.08007100224494934
7622,0.08008228987455368
7623,0.08007127791643143
7624,0.08007410168647766
7625,0.08007335662841797
7626,0.08007360994815826
7627,0.08007049560546875
7628,0.08007365465164185
7629,0.08006960153579712
7630,0.08008519560098648
7631,0.080069400370121
7632,0.08007021248340607
7633,0.0800686851143837
7634,0.08006969094276428
7635,0.0800696313381195
7636,0.08006978780031204
7637,0.08007199317216873
7638,0.08006865531206131
7639,0.0800832062959671
7640,0.08006976544857025
7641,0.08007047325372696
7642,0.08007246255874634
7643,0.08007495105266571
7644,0.08007320761680603
7645,0.080071821808815
7646,0.08007070422172546
7647,0.08006860315799713
7648,0.08006639033555984
7649,0.08006713539361954
7650,0.08006785064935684
7651,0.08007260411977768
7652,0.08006997406482697
7653,0.08006518334150314
7654,0.08007192611694336
7655,0.08006834238767624
7656,0.08007581532001495
7657,0.08008008450269699
7658,0.08008141815662384
7659,0.08008041232824326
7660,0.0800713300704956
7661,0.08008468896150589
7662,0.08007092028856277
7663,0.08007373660802841
7664,0.08007468283176422
7665,0.08007301390171051
7666,0.08006954938173294
7667,0.08007720112800598
7668,0.08006995916366577
7669,0.08006709069013596
7670,0.08008129149675369
7671,0.08007321506738663
7672,0.08007843792438507
7673,0.0800810381770134
7674,0.08008094131946564
7675,0.08008045703172684
7676,0.08007469773292542
7677,0.08008904755115509
7678,0.08007275313138962
7679,0.0800723284482956
7680,0.08008868992328644
7681,0.08007761090993881
7682,0.08008460700511932
7683,0.08008623123168945
7684,0.08008284866809845
7685,0.08008953928947449
7686,0.08007831871509552
7687,0.08007772266864777
7688,0.08007419854402542
7689,0.08007089793682098
7690,0.08006950467824936
7691,0.08007083833217621
7692,0.08007137477397919
7693,0.0800798162817955
7694,0.08008362352848053
7695,0.08008405566215515
7696,0.0801120176911354
7697,0.08009281754493713
7698,0.0801008865237236
7699,0.08010334521532059
7700,0.08010730147361755
7701,0.08010406792163849
7702,0.08009401708841324
7703,0.08008859306573868
7704,0.08007924258708954
7705,0.08006931096315384
7706,0.08008155971765518
7707,0.08007214963436127
7708,0.0800827220082283
7709,0.08009099215269089
7710,0.08009569346904755
7711,0.08010445535182953
7712,0.08010093122720718
7713,0.08010268211364746
7714,0.08010176569223404
7715,0.08009764552116394
7716,0.08009521663188934
7717,0.0800868421792984
7718,0.08008307218551636
7719,0.08008900284767151
7720,0.0800890102982521
7721,0.08008771389722824
7722,0.08008810877799988
7723,0.08008572459220886
7724,0.08008171617984772
7725,0.08007778972387314
7726,0.080082006752491
7727,0.08007235825061798
7728,0.0800822377204895
7729,0.08008106052875519
7730,0.08008226007223129
7731,0.08007875829935074
7732,0.08007077127695084
7733,0.08007711172103882
7734,0.08007173985242844
7735,0.08006901293992996
7736,0.080072782933712
7737,0.08007234334945679
7738,0.08007141947746277
7739,0.08007320761680603
7740,0.08007222414016724
7741,0.08007116615772247
7742,0.08006767183542252
7743,0.08006222546100616
7744,0.08006584644317627
7745,0.08006417751312256
7746,0.080057293176651
7747,0.08006897568702698
7748,0.08007857948541641
7749,0.08007481694221497
7750,0.08007992804050446
7751,0.08008529990911484
7752,0.08008715510368347
7753,0.08008596301078796
7754,0.08007998764514923
7755,0.08008208870887756
7756,0.08008687198162079
7757,0.08007284998893738
7758,0.0800764337182045
7759,0.0800769254565239
7760,0.0800761729478836
7761,0.08008460700511932
7762,0.08008163422346115
7763,0.08007728308439255
7764,0.08008120954036713
7765,0.08008211851119995
7766,0.08008058369159698
7767,0.08007624745368958
7768,0.08007392287254333
7769,0.08006882667541504
7770,0.08006827533245087
7771,0.08006572723388672
7772,0.08006847649812698
7773,0.08007387071847916
7774,0.08007920533418655
7775,0.08008039742708206
7776,0.08007905632257462
7777,0.08007542788982391
7778,0.08008567988872528
7779,0.080069899559021
7780,0.08006919920444489
7781,0.08007318526506424
7782,0.08007164299488068
7783,0.08006937801837921
7784,0.08006756007671356
7785,0.08006706088781357
7786,0.08008109033107758
7787,0.08007234334945679
7788,0.08007270097732544
7789,0.08007819205522537
7790,0.08007273823022842
7791,0.08007516711950302
7792,0.08008413016796112
7793,0.08007460087537766
7794,0.08006966859102249
7795,0.08007840812206268
7796,0.0800681859254837
7797,0.08007495105266571
7798,0.08007609844207764
7799,0.0800728052854538
7800,0.08006720244884491
7801,0.0800732895731926
7802,0.08008088171482086
7803,0.08007785677909851
7804,0.08008620142936707
7805,0.08009073883295059
7806,0.08009023219347
7807,0.08008664846420288
7808,0.08008098602294922
7809,0.08007413893938065
7810,0.08007735759019852
7811,0.08008134365081787
7812,0.08007602393627167
7813,0.08008229732513428
7814,0.08008429408073425
7815,0.08008233457803726
7816,0.08007729053497314
7817,0.08009825646877289
7818,0.08007724583148956
7819,0.08009479939937592
7820,0.08008954674005508
7821,0.08008737117052078
7822,0.08008800446987152
7823,0.08008252829313278
7824,0.08008039742708206
7825,0.08007359504699707
7826,0.08008286356925964
7827,0.0800783559679985
7828,0.0800657570362091
7829,0.08006815612316132
7830,0.08007203787565231
7831,0.08007076382637024
7832,0.08008091896772385
7833,0.08007138222455978
7834,0.0800730362534523
7835,0.08007775247097015
7836,0.08008178323507309
7837,0.0800812840461731
7838,0.08008673042058945
7839,0.08008266985416412
7840,0.08007970452308655
7841,0.08007821440696716
7842,0.0800769254565239
7843,0.08006948232650757
7844,0.08008763194084167
7845,0.08007299154996872
7846,0.08007432520389557
7847,0.08008450269699097
7848,0.08008679747581482
7849,0.08008159697055817
7850,0.08007904887199402
7851,0.0800868421792984
7852,0.0800790786743164
7853,0.08007867634296417
7854,0.08007636666297913
7855,0.0800757184624672
7856,0.08007586002349854
7857,0.08006909489631653
7858,0.08006997406482697
7859,0.08006612956523895
7860,0.08006595075130463
7861,0.08007161319255829
7862,0.08007314801216125
7863,0.0800759494304657
7864,0.08007672429084778
7865,0.08007297664880753
7866,0.08007048815488815
7867,0.08006706088781357
7868,0.08006726205348969
7869,0.08007736504077911
7870,0.08008179813623428
7871,0.08008714765310287
7872,0.08009713888168335
7873,0.08009424805641174
7874,0.080091193318367
7875,0.08008935302495956
7876,0.08008388429880142
7877,0.08007694780826569
7878,0.08007264137268066
7879,0.08008095622062683
7880,0.08006808161735535
7881,0.08006846159696579
7882,0.08008380979299545
7883,0.08007656037807465
7884,0.08007597923278809
7885,0.08008569478988647
7886,0.08007898181676865
7887,0.08008359372615814
7888,0.08008618652820587
7889,0.0800837054848671
7890,0.08007857203483582
7891,0.08009082823991776
7892,0.08007920533418655
7893,0.08007486164569855
7894,0.08007453382015228
7895,0.08007368445396423
7896,0.08006878197193146
7897,0.0800691545009613
7898,0.0800691768527031
7899,0.08007120341062546
7900,0.080071821808815
7901,0.08007358759641647
7902,0.08007284998893738
7903,0.0800679475069046
7904,0.08006583154201508
7905,0.08006380498409271
7906,0.08006446063518524
7907,0.08006131649017334
7908,0.08006319403648376
7909,0.08007550239562988
7910,0.08006855845451355
7911,0.08006715029478073
7912,0.08007070422172546
7913,0.08007155358791351
7914,0.08007844537496567
7915,0.08007778972387314
7916,0.08008040487766266
7917,0.08008107542991638
7918,0.0800909772515297
7919,0.08009199798107147
7920,0.0800987109541893
7921,0.08010002970695496
7922,0.08009939640760422
7923,0.08009075373411179
7924,0.08007991313934326
7925,0.08008076995611191
7926,0.08009971678256989
7927,0.0800698846578598
7928,0.08007519692182541
7929,0.08007834106683731
7930,0.08007772266864777
7931,0.08008760958909988
7932,0.08008486777544022
7933,0.08009140193462372
7934,0.08009501546621323
7935,0.08009353280067444
7936,0.08008760213851929
7937,0.08008599281311035
7938,0.08008666336536407
7939,0.08007261902093887
7940,0.08007156848907471
7941,0.08007565140724182
7942,0.08007869869470596
7943,0.08007246255874634
7944,0.08007118850946426
7945,0.08007301390171051
7946,0.08007533103227615
7947,0.08007880300283432
7948,0.08007432520389557
7949,0.08008173108100891
7950,0.08007994294166565
7951,0.08007855713367462
7952,0.08007305860519409
7953,0.08008700609207153
7954,0.08009126782417297
7955,0.08007781207561493
7956,0.08007873594760895
7957,0.08009876310825348
7958,0.0800868570804596
7959,0.08009805530309677
7960,0.08011582493782043
7961,0.08012794703245163
7962,0.08012615889310837
7963,0.0801311582326889
7964,0.08013074845075607
7965,0.08012565970420837
7966,0.08011341094970703
7967,0.08011499047279358
7968,0.08011020720005035
7969,0.08010120689868927
7970,0.0801001638174057
7971,0.08009550720453262
7972,0.08009294420480728
7973,0.08008851855993271
7974,0.08008311688899994
7975,0.08008340001106262
7976,0.08010397106409073
7977,0.08008439093828201
7978,0.08009286969900131
7979,0.08009820431470871
7980,0.0800999328494072
7981,0.08009490370750427
7982,0.08008900284767151
7983,0.08008483052253723
7984,0.08008283376693726
7985,0.080078125
7986,0.0800769031047821
7987,0.08008361607789993
7988,0.08007699996232986
7989,0.0800805389881134
7990,0.08007937669754028
7991,0.08007380366325378
7992,0.08007252216339111
7993,0.08007355779409409
7994,0.0800648182630539
7995,0.08008056879043579
7996,0.08007032424211502
7997,0.08007356524467468
7998,0.08007222414016724
7999,0.08006729930639267
8000,0.08007355779409409
8001,0.08006783574819565
8002,0.08007249236106873
8003,0.08007591962814331
8004,0.08007410168647766
8005,0.08007080107927322
8006,0.08007092028856277
8007,0.08006621897220612
8008,0.08006256073713303
8009,0.08006025850772858
8010,0.08006039261817932
8011,0.08006052672863007
8012,0.08006583899259567
8013,0.08006910979747772
8014,0.08006669580936432
8015,0.08007260411977768
8016,0.08006223291158676
8017,0.080079585313797
8018,0.08006536960601807
8019,0.0800706297159195
8020,0.0800926610827446
8021,0.08007361739873886
8022,0.08007660508155823
8023,0.0800776332616806
8024,0.08007857203483582
8025,0.08007779717445374
8026,0.08007491379976273
8027,0.0800747275352478
8028,0.08007416874170303
8029,0.08007007092237473
8030,0.08007292449474335
8031,0.08006760478019714
8032,0.08006267249584198
8033,0.08006802201271057
8034,0.08006422966718674
8035,0.08006767928600311
8036,0.08007345348596573
8037,0.08006463944911957
8038,0.08007414638996124
8039,0.08006458729505539
8040,0.0800781399011612
8041,0.08007485419511795
8042,0.08007757365703583
8043,0.08007730543613434
8044,0.08007284998893738
8045,0.08007174730300903
8046,0.08006257563829422
8047,0.08007044345140457
8048,0.08007024973630905
8049,0.08007623255252838
8050,0.08007697761058807
8051,0.0800740122795105
8052,0.08007021248340607
8053,0.08007223904132843
8054,0.08007031679153442
8055,0.0800611823797226
8056,0.08007533848285675
8057,0.08006700873374939
8058,0.08005928248167038
8059,0.0800723060965538
8060,0.08007022738456726
8061,0.08007590472698212
8062,0.080080047249794
8063,0.08007900416851044
8064,0.08007673919200897
8065,0.08007913827896118
8066,0.08007799088954926
8067,0.08007889986038208
8068,0.08007879555225372
8069,0.08007456362247467
8070,0.08007246255874634
8071,0.0800737664103508
8072,0.08007225394248962
8073,0.08007197082042694
8074,0.08006498217582703
8075,0.0800650417804718
8076,0.08006695657968521
8077,0.08007518947124481
8078,0.0800643265247345
8079,0.08006660640239716
8080,0.08006609231233597
8081,0.08006689697504044
8082,0.08008084446191788
8083,0.08006638288497925
8084,0.08007104694843292
8085,0.08007261157035828
8086,0.08007033169269562
8087,0.08006617426872253
8088,0.08006539195775986
8089,0.0800689160823822
8090,0.08006156980991364
8091,0.08006469905376434
8092,0.08006514608860016
8093,0.0800701379776001
8094,0.0800623744726181
8095,0.08006902784109116
8096,0.08006927371025085
8097,0.08006271719932556
8098,0.0800616592168808
8099,0.08006840199232101
8100,0.08005787432193756
8101,0.08006373792886734
8102,0.08006256818771362
8103,0.08006424456834793
8104,0.08006924390792847
8105,0.08007102459669113
8106,0.08007553964853287
8107,0.08007917553186417
8108,0.08007092028856277
8109,0.08007119596004486
8110,0.08006977289915085
8111,0.08006991446018219
8112,0.08006791770458221
8113,0.08006399124860764
8114,0.08006104826927185
8115,0.08005853742361069
8116,0.08006295561790466
8117,0.08006968349218369
8118,0.0800568014383316
8119,0.08006614446640015
8120,0.08006549626588821
8121,0.08006998896598816
8122,0.08006718009710312
8123,0.08006341755390167
8124,0.0800640657544136
8125,0.08006419241428375
8126,0.08007165789604187
8127,0.08006130158901215
8128,0.08006424456834793
8129,0.08006613701581955
8130,0.08006525039672852
8131,0.08006582409143448
8132,0.0800747349858284
8133,0.08008211106061935
8134,0.08008501678705215
8135,0.08008299022912979
8136,0.08008071035146713
8137,0.08007752150297165
8138,0.0800766795873642
8139,0.08007574826478958
8140,0.0800614058971405
8141,0.08006306737661362
8142,0.08007603883743286
8143,0.08006783574819565
8144,0.08007214963436127
8145,0.08007223904132843
8146,0.08008192479610443
8147,0.08007042855024338
8148,0.08006870746612549
8149,0.08006340265274048
8150,0.08005785942077637
8151,0.08006443828344345
8152,0.08009353280067444
8153,0.0800761878490448
8154,0.08008551597595215
8155,0.08008936792612076
8156,0.08009903132915497
8157,0.08008785545825958
8158,0.08008754998445511
8159,0.08008209615945816
8160,0.08010300248861313
8161,0.08008847385644913
8162,0.08009748160839081
8163,0.08010107278823853
8164,0.08009963482618332
8165,0.0800936296582222
8166,0.08009348064661026
8167,0.0800890326499939
8168,0.0800887942314148
8169,0.08008264750242233
8170,0.08008243888616562
8171,0.08008074760437012
8172,0.08007663488388062
8173,0.08007003366947174
8174,0.08006639778614044
8175,0.08008546382188797
8176,0.08006955683231354
8177,0.08007218688726425
8178,0.08007000386714935
8179,0.0800851508975029
8180,0.08007276803255081
8181,0.08007508516311646
8182,0.0800735279917717
8183,0.08006659895181656
8184,0.080063097178936
8185,0.08008922636508942
8186,0.08008695393800735
8187,0.08007901906967163
8188,0.08008530735969543
8189,0.08008639514446259
8190,0.08008269965648651
8191,0.08007468283176422
8192,0.08008357882499695
8193,0.08007452636957169
8194,0.08007436990737915
8195,0.08006730675697327
8196,0.08007148653268814
8197,0.08007166534662247
8198,0.08007006347179413
8199,0.08006779849529266
8200,0.0800626277923584
8201,0.08006211370229721
8202,0.08008141815662384
8203,0.08006831258535385
8204,0.08007579296827316
8205,0.08008230477571487
8206,0.08008722960948944
8207,0.08009225875139236
8208,0.08009269088506699
8209,0.08009162545204163
8210,0.08008668571710587
8211,0.08008496463298798
8212,0.08008025586605072
8213,0.08008380979299545
8214,0.080082967877388
8215,0.0800742506980896
8216,0.0800737664103508
8217,0.08008082211017609
8218,0.08007404953241348
8219,0.0800769105553627
8220,0.08007694780826569
8221,0.08007024228572845
8222,0.08006840944290161
8223,0.08007035404443741
8224,0.08007162809371948
8225,0.08006997406482697
8226,0.08006718009710312
8227,0.08007016032934189
8228,0.08005978167057037
8229,0.0800599679350853
8230,0.08007045090198517
8231,0.08006872981786728
8232,0.08007198572158813
8233,0.08007253706455231
8234,0.08007581532001495
8235,0.08007284998893738
8236,0.08007223159074783
8237,0.08007366210222244
8238,0.0800730437040329
8239,0.08006288856267929
8240,0.08006095141172409
8241,0.08007480949163437
8242,0.08006197214126587
8243,0.0800631120800972
8244,0.08007092028856277
8245,0.0800774097442627
8246,0.08007819950580597
8247,0.08007442951202393
8248,0.08008518069982529
8249,0.08008001744747162
8250,0.08008705824613571
8251,0.080083929002285
8252,0.08008071780204773
8253,0.08008744567632675
8254,0.080074742436409
8255,0.08007912337779999
8256,0.08007246255874634
8257,0.08007310330867767
8258,0.08007297664880753
8259,0.08007171750068665
8260,0.08007615804672241
8261,0.08006880432367325
8262,0.08006872236728668
8263,0.08006666600704193
8264,0.0800696611404419
8265,0.08006639033555984
8266,0.08006716519594193
8267,0.08006764948368073
8268,0.08006950467824936
8269,0.08007150888442993
8270,0.080071821808815
8271,0.08007083088159561
8272,0.08006463199853897
8273,0.08006756752729416
8274,0.08006952702999115
8275,0.08006279915571213
8276,0.0800665095448494
8277,0.08006761968135834
8278,0.08006525039672852
8279,0.08006039261817932
8280,0.08007314801216125
8281,0.08006320148706436
8282,0.08007071912288666
8283,0.08007685840129852
8284,0.08008517324924469
8285,0.08008221536874771
8286,0.08008190989494324
8287,0.08008026331663132
8288,0.08008623868227005
8289,0.08007205277681351
8290,0.08007475733757019
8291,0.08007580041885376
8292,0.0800769254565239
8293,0.08007790893316269
8294,0.08008095622062683
8295,0.08007587492465973
8296,0.08007506281137466
8297,0.08007113635540009
8298,0.08006472140550613
8299,0.08009938895702362
8300,0.08007101714611053
8301,0.08007990568876266
8302,0.0800853967666626
8303,0.08008625358343124
8304,0.08008694648742676
8305,0.0800880640745163
8306,0.08008965104818344
8307,0.08008589595556259
8308,0.08008204400539398
8309,0.0800807848572731
8310,0.0800693929195404
8311,0.08005938678979874
8312,0.08009103685617447
8313,0.08007653802633286
8314,0.08006247133016586
8315,0.08005957305431366
8316,0.08006175607442856
8317,0.08006004989147186
8318,0.0800647884607315
8319,0.08006036281585693
8320,0.08006078749895096
8321,0.08006270974874496
8322,0.08006468415260315
8323,0.08006381243467331
8324,0.08005815744400024
8325,0.08008235692977905
8326,0.08005920052528381
8327,0.08006629347801208
8328,0.08006793260574341
8329,0.08007679879665375
8330,0.08007089793682098
8331,0.08008415997028351
8332,0.0800728052854538
8333,0.08006981015205383
8334,0.08006841689348221
8335,0.08007851988077164
8336,0.08007030934095383
8337,0.08006804436445236
8338,0.08007296919822693
8339,0.08007320016622543
8340,0.08007048815488815
8341,0.0800735354423523
8342,0.08007175475358963
8343,0.08007817715406418
8344,0.08008517324924469
8345,0.08008043467998505
8346,0.08008265495300293
8347,0.08007972687482834
8348,0.0800757184624672
8349,0.08009457588195801
8350,0.08007529377937317
8351,0.08007711172103882
8352,0.0800798311829567
8353,0.0800778865814209
8354,0.0800766572356224
8355,0.08007573336362839
8356,0.08007346093654633
8357,0.08006752282381058
8358,0.0800592303276062
8359,0.08006276190280914
8360,0.08006279170513153
8361,0.08006950467824936
8362,0.08008207380771637
8363,0.08008629828691483
8364,0.08009335398674011
8365,0.08009877055883408
8366,0.0801004096865654
8367,0.08010707795619965
8368,0.08011854439973831
8369,0.08010324090719223
8370,0.08011046797037125
8371,0.08010461181402206
8372,0.080108642578125
8373,0.08009186387062073
8374,0.0800851583480835
8375,0.08011442422866821
8376,0.0800827220082283
8377,0.08008494973182678
8378,0.08008245378732681
8379,0.08007637411355972
8380,0.08008179068565369
8381,0.08007308840751648
8382,0.08007272332906723
8383,0.0800756961107254
8384,0.08007802069187164
8385,0.08007606863975525
8386,0.08008227497339249
8387,0.08008227497339249
8388,0.08007168769836426
8389,0.08007515966892242
8390,0.08007750660181046
8391,0.08007752150297165
8392,0.08007461577653885
8393,0.08006872236728668
8394,0.08006798475980759
8395,0.08006617426872253
8396,0.08007452636957169
8397,0.08005878329277039
8398,0.08005901426076889
8399,0.08005908876657486
8400,0.08006460219621658
8401,0.08006871491670609
8402,0.08007070422172546
8403,0.08007165044546127
8404,0.08007657527923584
8405,0.08008402585983276
8406,0.0800822451710701
8407,0.0800735205411911
8408,0.08007144182920456
8409,0.08006804436445236
8410,0.08006883412599564
8411,0.08006152510643005
8412,0.0800623893737793
8413,0.08006557822227478
8414,0.0800635814666748
8415,0.08006463944911957
8416,0.08006363362073898
8417,0.08006805181503296
8418,0.08006925880908966
8419,0.08006886392831802
8420,0.08006614446640015
8421,0.08008205145597458
8422,0.08006703853607178
8423,0.0800730437040329
8424,0.0800722986459732
8425,0.08006896823644638
8426,0.08006693422794342
8427,0.08006739616394043
8428,0.0800640657544136
8429,0.08007654547691345
8430,0.08006428182125092
8431,0.0800655335187912
8432,0.08006711304187775
8433,0.08006377518177032
8434,0.08006374537944794
8435,0.08006417751312256
8436,0.08006125688552856
8437,0.08006015419960022
8438,0.08005844801664352
8439,0.08006130158901215
8440,0.08005739003419876
8441,0.08005672693252563
8442,0.08006075024604797
8443,0.08005601167678833
8444,0.08006022125482559
8445,0.0800628662109375
8446,0.08006789535284042
8447,0.08006410300731659
8448,0.08006420731544495
8449,0.08006260544061661
8450,0.08006413280963898
8451,0.08005697280168533
8452,0.08005718886852264
8453,0.0800604596734047
8454,0.08005905151367188
8455,0.08006119728088379
8456,0.08005852997303009
8457,0.0800556167960167
8458,0.08007102459669113
8459,0.08006209135055542
8460,0.08006784319877625
8461,0.0800747200846672
8462,0.08008012175559998
8463,0.08008284866809845
8464,0.08008315414190292
8465,0.08008614182472229
8466,0.08008012175559998
8467,0.08007781207561493
8468,0.08008113503456116
8469,0.08007168769836426
8470,0.08007285743951797
8471,0.08006778359413147
8472,0.0800701454281807
8473,0.080070361495018
8474,0.08006947487592697
8475,0.0800643116235733
8476,0.08006101846694946
8477,0.08007092773914337
8478,0.08007104694843292
8479,0.0800749734044075
8480,0.08007442951202393
8481,0.08008596301078796
8482,0.0800773873925209
8483,0.08006662130355835
8484,0.08008898794651031
8485,0.08007066696882248
8486,0.08007704466581345
8487,0.08007809519767761
8488,0.08007428050041199
8489,0.08007557690143585
8490,0.0800732970237732
8491,0.08007372170686722
8492,0.08006371557712555
8493,0.08005927503108978
8494,0.08005817234516144
8495,0.08006000518798828
8496,0.08005664497613907
8497,0.08005722612142563
8498,0.0800580158829689
8499,0.08006931841373444
8500,0.08006400614976883
8501,0.0800744891166687
8502,0.0800715833902359
8503,0.08007985353469849
8504,0.08008117228746414
8505,0.0800815001130104
8506,0.08008033037185669
8507,0.08007749170064926
8508,0.08007422834634781
8509,0.08007482439279556
8510,0.08006457984447479
8511,0.08007166534662247
8512,0.08006183803081512
8513,0.08006137609481812
8514,0.08006194978952408
8515,0.08006767928600311
8516,0.08005877584218979
8517,0.08006560057401657
8518,0.08007218688726425
8519,0.08007460087537766
8520,0.08007146418094635
8521,0.08006630837917328
8522,0.0800667330622673
8523,0.08007518202066422
8524,0.0800565779209137
8525,0.08006074279546738
8526,0.08007123321294785
8527,0.08006446808576584
8528,0.08006758987903595
8529,0.08006366342306137
8530,0.08007079362869263
8531,0.08006677776575089
8532,0.08006811887025833
8533,0.08006461709737778
8534,0.08006063103675842
8535,0.08006084710359573
8536,0.08006417751312256
8537,0.08006986230611801
8538,0.08007095009088516
8539,0.08007421344518661
8540,0.0800725445151329
8541,0.08006902039051056
8542,0.08006557822227478
8543,0.0800536498427391
8544,0.08006636053323746
8545,0.08005420863628387
8546,0.08007021993398666
8547,0.0800614207983017
8548,0.08006542921066284
8549,0.08006896078586578
8550,0.0800674557685852
8551,0.08006544411182404
8552,0.08006299287080765
8553,0.08005944639444351
8554,0.08005371689796448
8555,0.08005400002002716
8556,0.08006187528371811
8557,0.08006241172552109
8558,0.08007344603538513
8559,0.08007756620645523
8560,0.08008676767349243
8561,0.08008408546447754
8562,0.08008252829313278
8563,0.0800831988453865
8564,0.08007610589265823
8565,0.08007439970970154
8566,0.08007648587226868
8567,0.08006367087364197
8568,0.0800636038184166
8569,0.08008871972560883
8570,0.08007191866636276
8571,0.08007840812206268
8572,0.08008259534835815
8573,0.08008337765932083
8574,0.0800812840461731
8575,0.080079585313797
8576,0.08007536083459854
8577,0.08006977289915085
8578,0.08008351176977158
8579,0.08005586266517639
8580,0.0800735279917717
8581,0.08006791025400162
8582,0.08007092028856277
8583,0.08007658272981644
8584,0.08008600771427155
8585,0.0800798088312149
8586,0.08007785677909851
8587,0.08007320016622543
8588,0.08007781952619553
8589,0.080062635242939
8590,0.08006323128938675
8591,0.08006344735622406
8592,0.08005659282207489
8593,0.08006919175386429
8594,0.08007483929395676
8595,0.08006691932678223
8596,0.08007219433784485
8597,0.0800742655992508
8598,0.08007486909627914
8599,0.08007606863975525
8600,0.08007586747407913
8601,0.08007325232028961
8602,0.08007247000932693
8603,0.08007180690765381
8604,0.08007118850946426
8605,0.08007107675075531
8606,0.08007176220417023
8607,0.08006909489631653
8608,0.08006615936756134
8609,0.08007393032312393
8610,0.08006564527750015
8611,0.08006927371025085
8612,0.08007031679153442
8613,0.08007016032934189
8614,0.08006757497787476
8615,0.0800609216094017
8616,0.08005791157484055
8617,0.08005093783140182
8618,0.08007027208805084
8619,0.08004844188690186
8620,0.08005084842443466
8621,0.08005396276712418
8622,0.08005551248788834
8623,0.08005400747060776
8624,0.08005455136299133
8625,0.08006240427494049
8626,0.08005312830209732
8627,0.08005264401435852
8628,0.08005168288946152
8629,0.08004822582006454
8630,0.0800461694598198
8631,0.08004988729953766
8632,0.08005260676145554
8633,0.08005619049072266
8634,0.0800531804561615
8635,0.08006846159696579
8636,0.08005544543266296
8637,0.08005908131599426
8638,0.08006107807159424
8639,0.0800674557685852
8640,0.08005663752555847
8641,0.08005622029304504
8642,0.08005821704864502
8643,0.08006030321121216
8644,0.08005918562412262
8645,0.08006516098976135
8646,0.08006596565246582
8647,0.08006366342306137
8648,0.08006654679775238
8649,0.08006621897220612
8650,0.08007402718067169
8651,0.08008064329624176
8652,0.08007985353469849
8653,0.08007987588644028
8654,0.08007815480232239
8655,0.08007264137268066
8656,0.08006878942251205
8657,0.08006201684474945
8658,0.0800667405128479
8659,0.08005887269973755
8660,0.08005928248167038
8661,0.08006004989147186
8662,0.0800601989030838
8663,0.08005914092063904
8664,0.08006510138511658
8665,0.0800546184182167
8666,0.08006244897842407
8667,0.08007007092237473
8668,0.08006062358617783
8669,0.08005768060684204
8670,0.0800553560256958
8671,0.08005156368017197
8672,0.08004743605852127
8673,0.08004476130008698
8674,0.08004903793334961
8675,0.08005093038082123
8676,0.08004993945360184
8677,0.08004828542470932
8678,0.08005061000585556
8679,0.08004815876483917
8680,0.08004877716302872
8681,0.08004602044820786
8682,0.08004708588123322
8683,0.08005131036043167
8684,0.08005596697330475
8685,0.0800638273358345
8686,0.08008190244436264
8687,0.08007301390171051
8688,0.08007592707872391
8689,0.08008088171482086
8690,0.0800861343741417
8691,0.08008977770805359
8692,0.08009412884712219
8693,0.08008711785078049
8694,0.08009056746959686
8695,0.08009152859449387
8696,0.0800878182053566
8697,0.08008909970521927
8698,0.08009733259677887
8699,0.08008509874343872
8700,0.08008192479610443
8701,0.08008148521184921
8702,0.08008402585983276
8703,0.08009493350982666
8704,0.08007451146841049
8705,0.08008594810962677
8706,0.08008717745542526
8707,0.08009535819292068
8708,0.0800984799861908
8709,0.08009609580039978
8710,0.08010402321815491
8711,0.08010578155517578
8712,0.08009734004735947
8713,0.08009526133537292
8714,0.08009776473045349
8715,0.0801016315817833
8716,0.08009570837020874
8717,0.08009243756532669
8718,0.08008316904306412
8719,0.08008886873722076
8720,0.08007122576236725
8721,0.08006975054740906
8722,0.0800650343298912
8723,0.08006563782691956
8724,0.08008475601673126
8725,0.08006289601325989
8726,0.080063596367836
8727,0.08007526397705078
8728,0.08007100224494934
8729,0.08007121831178665
8730,0.08007152378559113
8731,0.080066978931427
8732,0.08006057888269424
8733,0.08006614446640015
8734,0.0800626128911972
8735,0.0800650417804718
8736,0.08006832748651505
8737,0.08006796985864639
8738,0.08006677031517029
8739,0.08007771521806717
8740,0.08007322251796722
8741,0.08007761090993881
8742,0.08007793128490448
8743,0.08007519692182541
8744,0.08007217198610306
8745,0.08007045835256577
8746,0.08006879687309265
8747,0.08006467670202255
8748,0.08006466180086136
8749,0.08006155490875244
8750,0.0800594836473465
8751,0.08006516098976135
8752,0.08008243888616562
8753,0.08006168901920319
8754,0.08006857335567474
8755,0.08006975054740906
8756,0.08007360249757767
8757,0.08008646965026855
8758,0.08006586879491806
8759,0.08006889373064041
8760,0.08007189631462097
8761,0.08007308095693588
8762,0.0800793468952179
8763,0.0800856500864029
8764,0.08008964359760284
8765,0.08008649945259094
8766,0.0800800696015358
8767,0.08007104694843292
8768,0.08006781339645386
8769,0.08008614927530289
8770,0.08006497472524643
8771,0.08007020503282547
8772,0.08007384091615677
8773,0.08007251471281052
8774,0.08006753027439117
8775,0.08007007092237473
8776,0.0800703689455986
8777,0.08006144315004349
8778,0.08005712926387787
8779,0.08005482703447342
8780,0.08005901426076889
8781,0.08006833493709564
8782,0.0800684317946434
8783,0.08006880432367325
8784,0.08007156848907471
8785,0.08006948232650757
8786,0.08007127046585083
8787,0.08006502687931061
8788,0.08008144050836563
8789,0.08006040751934052
8790,0.08006466180086136
8791,0.08006387203931808
8792,0.08006325364112854
8793,0.08005981147289276
8794,0.08005410432815552
8795,0.08006720244884491
8796,0.08005873113870621
8797,0.08006014674901962
8798,0.0800592303276062
8799,0.08005782216787338
8800,0.08005848526954651
8801,0.0800531730055809
8802,0.08005406707525253
8803,0.08005447685718536
8804,0.08005580306053162
8805,0.08005476742982864
8806,0.08005739748477936
8807,0.08005593717098236
8808,0.080052450299263
8809,0.0800611674785614
8810,0.0800560936331749
8811,0.0800585225224495
8812,0.08006003499031067
8813,0.08005929738283157
8814,0.08005619049072266
8815,0.08005528897047043
8816,0.0800556093454361
8817,0.08005177229642868
8818,0.0800507441163063
8819,0.0800539031624794
8820,0.08004973828792572
8821,0.08004987239837646
8822,0.08005059510469437
8823,0.08004915714263916
8824,0.08004623651504517
8825,0.08006563037633896
8826,0.08005701750516891
8827,0.08006082475185394
8828,0.08006814867258072
8829,0.0800701305270195
8830,0.08007988333702087
8831,0.08006811141967773
8832,0.0800643265247345
8833,0.08007057011127472
8834,0.08006643503904343
8835,0.0800725519657135
8836,0.08008875697851181
8837,0.0800861343741417
8838,0.08008062839508057
8839,0.08007315546274185
8840,0.08006878197193146
8841,0.0800710916519165
8842,0.08006410300731659
8843,0.08005993068218231
8844,0.08006151020526886
8845,0.08005852997303009
8846,0.08006047457456589
8847,0.08005452156066895
8848,0.08005886524915695
8849,0.0800548791885376
8850,0.08005402237176895
8851,0.08008318394422531
8852,0.08005998283624649
8853,0.08006452769041061
8854,0.08006803691387177
8855,0.08006685227155685
8856,0.08006395399570465
8857,0.0800599679350853
8858,0.08005741238594055
8859,0.08006171137094498
8860,0.08006051927804947
8861,0.08006370812654495
8862,0.0800648033618927
8863,0.08006583899259567
8864,0.08007077127695084
8865,0.08005789667367935
8866,0.08006008714437485
8867,0.08005286753177643
8868,0.08006545901298523
8869,0.08006282895803452
8870,0.08007024973630905
8871,0.08006978780031204
8872,0.08006897568702698
8873,0.08006703108549118
8874,0.08006066083908081
8875,0.08005820214748383
8876,0.08005201816558838
8877,0.08005298674106598
8878,0.08005423098802567
8879,0.08005531877279282
8880,0.08005347102880478
8881,0.08005081117153168
8882,0.08005216717720032
8883,0.0800493136048317
8884,0.08005295693874359
8885,0.08005726337432861
8886,0.0800502821803093
8887,0.0800526887178421
8888,0.08006402105093002
8889,0.0800561010837555
8890,0.08006942272186279
8891,0.08005513995885849
8892,0.08005567640066147
8893,0.08005387336015701
8894,0.08005839586257935
8895,0.08005678653717041
8896,0.08005605638027191
8897,0.08005644381046295
8898,0.08005136251449585
8899,0.08005399256944656
8900,0.08005653321743011
8901,0.08005161583423615
8902,0.08004993200302124
8903,0.08004938811063766
8904,0.08004673570394516
8905,0.08005931973457336
8906,0.08005239814519882
8907,0.08005058765411377
8908,0.0800526961684227
8909,0.0800519660115242
8910,0.08004821091890335
8911,0.08005578070878983
8912,0.08005207777023315
8913,0.08005543053150177
8914,0.08005910366773605
8915,0.08006173372268677
8916,0.08006053417921066
8917,0.08006291836500168
8918,0.08005979657173157
8919,0.08005860447883606
8920,0.08005524426698685
8921,0.08005818724632263
8922,0.08006167411804199
8923,0.08005321025848389
8924,0.08005638420581818
8925,0.0800546258687973
8926,0.08005034923553467
8927,0.08006548136472702
8928,0.08006206899881363
8929,0.08007186651229858
8930,0.0800788551568985
8931,0.08008085936307907
8932,0.08007831871509552
8933,0.08007840812206268
8934,0.08006862550973892
8935,0.08006928861141205
8936,0.08005481958389282
8937,0.08008033037185669
8938,0.08005483448505402
8939,0.08006095141172409
8940,0.08006895333528519
8941,0.08007270842790604
8942,0.0800766721367836
8943,0.08007445931434631
8944,0.08007121831178665
8945,0.08007307350635529
8946,0.08006343245506287
8947,0.0800800547003746
8948,0.08006346970796585
8949,0.08006590604782104
8950,0.08006346225738525
8951,0.08007686585187912
8952,0.08006765693426132
8953,0.08006245642900467
8954,0.08006259799003601
8955,0.08006066083908081
8956,0.08005461096763611
8957,0.08006060868501663
8958,0.08005434274673462
8959,0.08005619049072266
8960,0.08005915582180023
8961,0.08006151020526886
8962,0.080062136054039
8963,0.08006085455417633
8964,0.08005984127521515
8965,0.08005484938621521
8966,0.08005260676145554
8967,0.08005011081695557
8968,0.08005577325820923
8969,0.08005016297101974
8970,0.08005081117153168
8971,0.08005328476428986
8972,0.08005151897668839
8973,0.08005984127521515
8974,0.08005113899707794
8975,0.08006604760885239
8976,0.0800638198852539
8977,0.08006871491670609
8978,0.08007373660802841
8979,0.08007389307022095
8980,0.08007713407278061
8981,0.08006845414638519
8982,0.08006999641656876
8983,0.08006119728088379
8984,0.08005664497613907
8985,0.0800701454281807
8986,0.08005507290363312
8987,0.08005756884813309
8988,0.08005552738904953
8989,0.08005325496196747
8990,0.08004522323608398
8991,0.08005684614181519
8992,0.08005055785179138
8993,0.08004645258188248
8994,0.08004725724458694
8995,0.08004897832870483
8996,0.08005422353744507
8997,0.08004461973905563
8998,0.08005741238594055
8999,0.08005023747682571
9000,0.0800616592168808
9001,0.08005072921514511
9002,0.08005192130804062
9003,0.08005043864250183
9004,0.08005600422620773
9005,0.0800560712814331
9006,0.08005154877901077
9007,0.08005693554878235
9008,0.08005411177873611
9009,0.08005347847938538
9010,0.08005014806985855
9011,0.08005431294441223
9012,0.08005526661872864
9013,0.08005163073539734
9014,0.08005319535732269
9015,0.0800521969795227
9016,0.08005021512508392
9017,0.08004644513130188
9018,0.08004286885261536
9019,0.08004919439554214
9020,0.0800522044301033
9021,0.08005780726671219
9022,0.08005998283624649
9023,0.08005951344966888
9024,0.08005751669406891
9025,0.08005962520837784
9026,0.08006782829761505
9027,0.08006706833839417
9028,0.08006615936756134
9029,0.0800638347864151
9030,0.08006401360034943
9031,0.08006022125482559
9032,0.08005817979574203
9033,0.08005213737487793
9034,0.0800563246011734
9035,0.08006225526332855
9036,0.08007076382637024
9037,0.08006790280342102
9038,0.08007156103849411
9039,0.08006712794303894
9040,0.08006283640861511
9041,0.08005986362695694
9042,0.08006788790225983
9043,0.08005554229021072
9044,0.08005689084529877
9045,0.08005540072917938
9046,0.08006033301353455
9047,0.08005595207214355
9048,0.08005869388580322
9049,0.080060675740242
9050,0.08006033301353455
9051,0.08005580306053162
9052,0.08005061745643616
9053,0.08006687462329865
9054,0.08004450798034668
9055,0.08004733920097351
9056,0.0800667256116867
9057,0.08005267381668091
9058,0.08006266504526138
9059,0.0800575390458107
9060,0.08005800098180771
9061,0.08006221055984497
9062,0.08007071167230606
9063,0.08006478101015091
9064,0.08006449043750763
9065,0.0800703838467598
9066,0.08007529377937317
9067,0.08007711172103882
9068,0.0800749808549881
9069,0.08007238805294037
9070,0.08007930219173431
9071,0.08008011430501938
9072,0.0800686776638031
9073,0.08006328344345093
9074,0.08006341755390167
9075,0.08006233721971512
9076,0.0800575464963913
9077,0.08005142211914062
9078,0.080072320997715
9079,0.08005016297101974
9080,0.08005156368017197
9081,0.08005091547966003
9082,0.08005142956972122
9083,0.08004944026470184
9084,0.08005329221487045
9085,0.08005217462778091
9086,0.08005493879318237
9087,0.08005222678184509
9088,0.0800643265247345
9089,0.08005714416503906
9090,0.08006778359413147
9091,0.08006744831800461
9092,0.08006348460912704
9093,0.08006654679775238
9094,0.08006058633327484
9095,0.08006203919649124
9096,0.08006197214126587
9097,0.08005550503730774
9098,0.08005495369434357
9099,0.08005651086568832
9100,0.08007103204727173
9101,0.08006316423416138
9102,0.08007323741912842
9103,0.08008284121751785
9104,0.08008956164121628
9105,0.08009804040193558
9106,0.08009470254182816
9107,0.08009650558233261
9108,0.08008363842964172
9109,0.08011780679225922
9110,0.08008725196123123
9111,0.08010032027959824
9112,0.0801088809967041
9113,0.0801033303141594
9114,0.08010958135128021
9115,0.08009881526231766
9116,0.08009542524814606
9117,0.08009160310029984
9118,0.08008099347352982
9119,0.08007561415433884
9120,0.08006901293992996
9121,0.08006331324577332
9122,0.08008591830730438
9123,0.08006592094898224
9124,0.08006629347801208
9125,0.08007526397705078
9126,0.08007960021495819
9127,0.08007867634296417
9128,0.08007366955280304
9129,0.08007559180259705
9130,0.08008204400539398
9131,0.08007138222455978
9132,0.08008080720901489
9133,0.08007533848285675
9134,0.08007245510816574
9135,0.08007308095693588
9136,0.08007310330867767
9137,0.08007406443357468
9138,0.08006922155618668
9139,0.08006832748651505
9140,0.08006385713815689
9141,0.08006123453378677
9142,0.08005785197019577
9143,0.08005876839160919
9144,0.08005821704864502
9145,0.08005555719137192
9146,0.08006060868501663
9147,0.08005759865045547
9148,0.0800558477640152
9149,0.08006341755390167
9150,0.08006415516138077
9151,0.08006661385297775
9152,0.08006410300731659
9153,0.08006396889686584
9154,0.08006049692630768
9155,0.08006266504526138
9156,0.08005781471729279
9157,0.08005395531654358
9158,0.08005735278129578
9159,0.08004727959632874
9160,0.08005788177251816
9161,0.08005470037460327
9162,0.08005482703447342
9163,0.08005336672067642
9164,0.08005797117948532
9165,0.08004961162805557
9166,0.0800468921661377
9167,0.08005961775779724
9168,0.0800456553697586
9169,0.08005234599113464
9170,0.08005215972661972
9171,0.08005393296480179
9172,0.08005759865045547
9173,0.0800560712814331
9174,0.08005143702030182
9175,0.08005145192146301
9176,0.08005595207214355
9177,0.080048568546772
9178,0.08005304634571075
9179,0.08005431294441223
9180,0.08005450665950775
9181,0.08005131036043167
9182,0.08006256818771362
9183,0.0800587385892868
9184,0.08006446063518524
9185,0.08007209002971649
9186,0.08007024228572845
9187,0.0800703689455986
9188,0.08008255064487457
9189,0.08007236570119858
9190,0.08007486909627914
9191,0.0800759345293045
9192,0.08007706701755524
9193,0.08007251471281052
9194,0.08007021993398666
9195,0.08006738871335983
9196,0.08006156235933304
9197,0.0800631195306778
9198,0.08005762845277786
9199,0.08005436509847641
9200,0.08005311340093613
9201,0.08004844933748245
9202,0.0800476223230362
9203,0.0800684317946434
9204,0.08004963397979736
9205,0.08005101978778839
9206,0.0800568014383316
9207,0.08005321770906448
9208,0.08005738258361816
9209,0.08005352318286896
9210,0.08005566149950027
9211,0.08006147295236588
9212,0.080055370926857
9213,0.08006387203931808
9214,0.0800589770078659
9215,0.08006279915571213
9216,0.08006245642900467
9217,0.08006083965301514
9218,0.08006121218204498
9219,0.08006507903337479
9220,0.08006540685892105
9221,0.08005472272634506
9222,0.08007504045963287
9223,0.08006153255701065
9224,0.08006396889686584
9225,0.08006209135055542
9226,0.08006267994642258
9227,0.0800585150718689
9228,0.08008183538913727
9229,0.08006459474563599
9230,0.0800664946436882
9231,0.08006574213504791
9232,0.08007246255874634
9233,0.0800781175494194
9234,0.08006806671619415
9235,0.08006832003593445
9236,0.0800681859254837
9237,0.0800643265247345
9238,0.08006370067596436
9239,0.08006130158901215
9240,0.08006825298070908
9241,0.08005576580762863
9242,0.0800526812672615
9243,0.08005857467651367
9244,0.08006144315004349
9245,0.08006951957941055
9246,0.08007355034351349
9247,0.08007490634918213
9248,0.08008397370576859
9249,0.080071359872818
9250,0.08006715774536133
9251,0.0800781324505806
9252,0.08005828410387039
9253,0.08005311340093613
9254,0.08004732429981232
9255,0.08005796372890472
9256,0.08005200326442719
9257,0.08005736023187637
9258,0.0800575539469719
9259,0.08005696535110474
9260,0.08006362617015839
9261,0.08005484193563461
9262,0.08005143702030182
9263,0.08005278557538986
9264,0.08006506413221359
9265,0.08005300909280777
9266,0.0800556018948555
9267,0.08005601167678833
9268,0.08005508035421371
9269,0.08004917949438095
9270,0.08005129545927048
9271,0.08005023002624512
9272,0.08004820346832275
9273,0.08004889637231827
9274,0.08004935085773468
9275,0.08004578202962875
9276,0.08004837483167648
9277,0.08004821091890335
9278,0.08004257082939148
9279,0.08005432784557343
9280,0.08004795759916306
9281,0.08005370944738388
9282,0.08005446195602417
9283,0.08007168769836426
9284,0.08005648106336594
9285,0.08007138222455978
9286,0.0800602063536644
9287,0.08005807548761368
9288,0.08006741851568222
9289,0.08006463944911957
9290,0.08007991313934326
9291,0.08006313443183899
9292,0.08006595075130463
9293,0.08006264269351959
9294,0.08005960285663605
9295,0.08006732165813446
9296,0.08006363362073898
9297,0.08005670458078384
9298,0.0800599455833435
9299,0.08005832135677338
9300,0.08005490899085999
9301,0.08005338162183762
9302,0.08006294071674347
9303,0.08005404472351074
9304,0.0800623670220375
9305,0.08006682991981506
9306,0.08006779849529266
9307,0.0800667405128479
9308,0.08006218075752258
9309,0.0800551027059555
9310,0.08006451278924942
9311,0.08005085587501526
9312,0.08005131036043167
9313,0.08004791289567947
9314,0.08004679530858994
9315,0.08003979176282883
9316,0.08004077523946762
9317,0.08003994077444077
9318,0.08004714548587799
9319,0.0800512433052063
9320,0.08006487786769867
9321,0.0800684466958046
9322,0.08007149398326874
9323,0.08007170259952545
9324,0.08006886392831802
9325,0.08007907122373581
9326,0.08006609231233597
9327,0.08006554841995239
9328,0.08006587624549866
9329,0.08005493879318237
9330,0.08005592226982117
9331,0.0800556018948555
9332,0.08005920797586441
9333,0.08004959672689438
9334,0.08005592226982117
9335,0.08005737513303757
9336,0.08005405217409134
9337,0.08004748821258545
9338,0.08005592226982117
9339,0.08005042374134064
9340,0.08004940301179886
9341,0.08005466312170029
9342,0.08005595952272415
9343,0.0800604596734047
9344,0.08005191385746002
9345,0.08004846423864365
9346,0.08005289733409882
9347,0.080050528049469
9348,0.08004848659038544
9349,0.08004645258188248
9350,0.08004575222730637
9351,0.08005420863628387
9352,0.08004714548587799
9353,0.08004797995090485
9354,0.08004995435476303
9355,0.08004461973905563
9356,0.08004532009363174
9357,0.08004600554704666
9358,0.08004701137542725
9359,0.08004607260227203
9360,0.08005251735448837
9361,0.08004417270421982
9362,0.08004726469516754
9363,0.08004795759916306
9364,0.0800585150718689
9365,0.08004554361104965
9366,0.0800466239452362
9367,0.08005302399396896
9368,0.080047607421875
9369,0.08005160838365555
9370,0.080050989985466
9371,0.0800507590174675
9372,0.08004709333181381
9373,0.0800485759973526
9374,0.08004796504974365
9375,0.08004143089056015
9376,0.08004054427146912
9377,0.08004449307918549
9378,0.08004789799451828
9379,0.08004383742809296
9380,0.08004257082939148
9381,0.0800447091460228
9382,0.08004945516586304
9383,0.08005395531654358
9384,0.08005401492118835
9385,0.08004742860794067
9386,0.08004390448331833
9387,0.08004552125930786
9388,0.08004890382289886
9389,0.08004572987556458
9390,0.08005184680223465
9391,0.08006619662046432
9392,0.08006573468446732
9393,0.08006846904754639
9394,0.08006618916988373
9395,0.08006561547517776
9396,0.08007120341062546
9397,0.08006452769041061
9398,0.08006775379180908
9399,0.08006589114665985
9400,0.0800594910979271
9401,0.08005806058645248
9402,0.08006861805915833
9403,0.08005424588918686
9404,0.08005257695913315
9405,0.08005198836326599
9406,0.08004981279373169
9407,0.08005151897668839
9408,0.08004946261644363
9409,0.08004513382911682
9410,0.08004861325025558
9411,0.08004922419786453
9412,0.08005599677562714
9413,0.08006449043750763
9414,0.08006532490253448
9415,0.08006482571363449
9416,0.0800621509552002
9417,0.0800546407699585
9418,0.08004604279994965
9419,0.08004842698574066
9420,0.08004748821258545
9421,0.08004625141620636
9422,0.08004532009363174
9423,0.08004407584667206
9424,0.08004074543714523
9425,0.0800403356552124
9426,0.08004505932331085
9427,0.08004304766654968
9428,0.08005212247371674
9429,0.08005556464195251
9430,0.0800560936331749
9431,0.08005533367395401
9432,0.08005505800247192
9433,0.08005835860967636
9434,0.08005782961845398
9435,0.08004605025053024
9436,0.08004553616046906
9437,0.08004310727119446
9438,0.08004190772771835
9439,0.08005279302597046
9440,0.08005433529615402
9441,0.08004674315452576
9442,0.08004845678806305
9443,0.08004779368638992
9444,0.08004409819841385
9445,0.08004292845726013
9446,0.08007083088159561
9447,0.08005112409591675
9448,0.0800628811120987
9449,0.08006890118122101
9450,0.0800752192735672
9451,0.08006962388753891
9452,0.08006469160318375
9453,0.08006978780031204
9454,0.08005635440349579
9455,0.08005277812480927
9456,0.0800526961684227
9457,0.0800999104976654
9458,0.08007709681987762
9459,0.08009742200374603
9460,0.08011028170585632
9461,0.08011435717344284
9462,0.08011679351329803
9463,0.0801071897149086
9464,0.08011750876903534
9465,0.0800933986902237
9466,0.08008712530136108
9467,0.08007748425006866
9468,0.0800722986459732
9469,0.08008523285388947
9470,0.08006469905376434
9471,0.08007948100566864
9472,0.08007121831178665
9473,0.08008014410734177
9474,0.08008347451686859
9475,0.08008408546447754
9476,0.08007978647947311
9477,0.08008382469415665
9478,0.08007984608411789
9479,0.08008353412151337
9480,0.08006912469863892
9481,0.08006606996059418
9482,0.0800647884607315
9483,0.0800657793879509
9484,0.08006875962018967
9485,0.08005832880735397
9486,0.08006155490875244
9487,0.0800585225224495
9488,0.08005829900503159
9489,0.08006240427494049
9490,0.08005513995885849
9491,0.08005861937999725
9492,0.08005853742361069
9493,0.08005421608686447
9494,0.08005685359239578
9495,0.08005691319704056
9496,0.08005094528198242
9497,0.0800509825348854
9498,0.08004968613386154
9499,0.08004599809646606
9500,0.08005043864250183
9501,0.08004357665777206
9502,0.0800437480211258
9503,0.08005307614803314
9504,0.08004501461982727
9505,0.08004745841026306
9506,0.08004546165466309
9507,0.08004389703273773
9508,0.08005813509225845
9509,0.08005224168300629
9510,0.08005430549383163
9511,0.08006018400192261
9512,0.08005838841199875
9513,0.08006881177425385
9514,0.08006390184164047
9515,0.08006603270769119
9516,0.08007629960775375
9517,0.08006793260574341
9518,0.08006450533866882
9519,0.08006039261817932
9520,0.08005209267139435
9521,0.08007151633501053
9522,0.08004866540431976
9523,0.08005446195602417
9524,0.08005743473768234
9525,0.08005473762750626
9526,0.08005378395318985
9527,0.08005589991807938
9528,0.08005846291780472
9529,0.0800626203417778
9530,0.08006148785352707
9531,0.08005475252866745
9532,0.08004817366600037
9533,0.08005223423242569
9534,0.0800478458404541
9535,0.080043263733387
9536,0.08004539459943771
9537,0.08005119860172272
9538,0.08004982769489288
9539,0.08005166798830032
9540,0.08005569130182266
9541,0.08005727827548981
9542,0.0800623670220375
9543,0.08005066961050034
9544,0.0800885260105133
9545,0.08005648106336594
9546,0.08005636930465698
9547,0.08007404208183289
9548,0.08008180558681488
9549,0.08006809651851654
9550,0.08006501197814941
9551,0.08006830513477325
9552,0.08007173985242844
9553,0.08007033914327621
9554,0.08007350564002991
9555,0.08007362484931946
9556,0.0800706148147583
9557,0.08006559312343597
9558,0.08005920052528381
9559,0.08005170524120331
9560,0.08005158603191376
9561,0.08004840463399887
9562,0.08004377782344818
9563,0.0800543874502182
9564,0.08004728704690933
9565,0.08005236834287643
9566,0.08005248010158539
9567,0.0800534039735794
9568,0.08005139231681824
9569,0.08006694912910461
9570,0.08005828410387039
9571,0.0800643041729927
9572,0.08006610721349716
9573,0.08006548881530762
9574,0.08006138354539871
9575,0.08005338907241821
9576,0.08005499839782715
9577,0.08006007969379425
9578,0.08005145937204361
9579,0.08005823940038681
9580,0.08006276190280914
9581,0.08006533235311508
9582,0.08006729185581207
9583,0.08006918430328369
9584,0.08006836473941803
9585,0.08007149398326874
9586,0.08007264137268066
9587,0.08007173985242844
9588,0.0800657793879509
9589,0.08005708456039429
9590,0.08005719631910324
9591,0.08006468415260315
9592,0.08004989475011826
9593,0.08005756884813309
9594,0.08005980402231216
9595,0.0800710991024971
9596,0.08006776869297028
9597,0.08006831258535385
9598,0.0800722986459732
9599,0.08007347583770752
9600,0.08006945997476578
9601,0.08006182312965393
9602,0.08005943149328232
9603,0.08005589991807938
9604,0.08005218952894211
9605,0.08005470037460327
9606,0.08005181699991226
9607,0.0800502747297287
9608,0.08005321025848389
9609,0.08005274832248688
9610,0.08005008101463318
9611,0.08005134016275406
9612,0.0800475999712944
9613,0.08004739880561829
9614,0.08004409819841385
9615,0.08003963530063629
9616,0.08003619313240051
9617,0.08003821969032288
9618,0.08003751188516617
9619,0.08004969358444214
9620,0.08004255592823029
9621,0.08004173636436462
9622,0.08005550503730774
9623,0.08004734665155411
9624,0.08005791902542114
9625,0.0800570547580719
9626,0.08005870133638382
9627,0.08005750179290771
9628,0.08004805445671082
9629,0.0800497755408287
9630,0.08004854619503021
9631,0.0800529345870018
9632,0.08004873991012573
9633,0.08005091547966003
9634,0.08004917949438095
9635,0.0800485610961914
9636,0.08004548400640488
9637,0.0800447016954422
9638,0.08004462718963623
9639,0.08004332333803177
9640,0.0800432562828064
9641,0.080042265355587
9642,0.08004000037908554
9643,0.08004040271043777
9644,0.08003782480955124
9645,0.08004843443632126
9646,0.08003698289394379
9647,0.08003682643175125
9648,0.08003945648670197
9649,0.08004064112901688
9650,0.08005045354366302
9651,0.08004632592201233
9652,0.08004741370677948
9653,0.08005023002624512
9654,0.08004831522703171
9655,0.0800483375787735
9656,0.08005097508430481
9657,0.080039843916893
9658,0.0800408124923706
9659,0.08004087954759598
9660,0.08003898710012436
9661,0.08004637062549591
9662,0.08004108816385269
9663,0.08004940301179886
9664,0.08005252480506897
9665,0.08005447685718536
9666,0.08005329966545105
9667,0.08005275577306747
9668,0.08005625009536743
9669,0.08004850149154663
9670,0.08005405962467194
9671,0.08004949986934662
9672,0.08005129545927048
9673,0.08006076514720917
9674,0.08005910366773605
9675,0.08008791506290436
9676,0.08007261157035828
9677,0.08007456362247467
9678,0.08007186651229858
9679,0.08007156103849411
9680,0.08006910234689713
9681,0.08005964756011963
9682,0.08005334436893463
9683,0.08006507903337479
9684,0.08004817366600037
9685,0.08005080372095108
9686,0.08005589991807938
9687,0.08005175739526749
9688,0.08004730194807053
9689,0.08004705607891083
9690,0.08005925267934799
9691,0.08004473149776459
9692,0.08004321902990341
9693,0.08004044741392136
9694,0.08004187047481537
9695,0.0800391137599945
9696,0.08004234731197357
9697,0.0800403580069542
9698,0.08005256205797195
9699,0.08003784716129303
9700,0.08003862202167511
9701,0.08004501461982727
9702,0.08004093170166016
9703,0.08004092425107956
9704,0.08004730194807053
9705,0.08004426211118698
9706,0.08004415035247803
9707,0.0800425335764885
9708,0.0800500363111496
9709,0.08004408329725266
9710,0.08004594594240189
9711,0.0800437331199646
9712,0.08004648983478546
9713,0.08004637062549591
9714,0.0800444483757019
9715,0.08004791289567947
9716,0.0800488069653511
9717,0.08004564791917801
9718,0.08004600554704666
9719,0.08004288375377655
9720,0.08004330098628998
9721,0.080044224858284
9722,0.08004289865493774
9723,0.08004791289567947
9724,0.08004220575094223
9725,0.08004528284072876
9726,0.08005208522081375
9727,0.08004844188690186
9728,0.08004158735275269
9729,0.08003619313240051
9730,0.08005742728710175
9731,0.08004234731197357
9732,0.0800510048866272
9733,0.08007045835256577
9734,0.08006478101015091
9735,0.08007006347179413
9736,0.08007058501243591
9737,0.08006839454174042
9738,0.08006266504526138
9739,0.08006568253040314
9740,0.08006025105714798
9741,0.08005471527576447
9742,0.08005056530237198
9743,0.08005610853433609
9744,0.08005200326442719
9745,0.08006695657968521
9746,0.08004938066005707
9747,0.08004751801490784
9748,0.08005454391241074
9749,0.08006341755390167
9750,0.08005977421998978
9751,0.08005151152610779
9752,0.08005114644765854
9753,0.08005282282829285
9754,0.08005186170339584
9755,0.08004925400018692
9756,0.08004827052354813
9757,0.08006443828344345
9758,0.08004631847143173
9759,0.08004718273878098
9760,0.08005537837743759
9761,0.08004827797412872
9762,0.08005021512508392
9763,0.08006637543439865
9764,0.08005771040916443
9765,0.08006463944911957
9766,0.08006540685892105
9767,0.08006537705659866
9768,0.08006107062101364
9769,0.08005302399396896
9770,0.08005110174417496
9771,0.08005546778440475
9772,0.08004365861415863
9773,0.0800439640879631
9774,0.080046147108078
9775,0.08004764467477798
9776,0.08005370199680328
9777,0.0800449401140213
9778,0.08004576712846756
9779,0.08004558831453323
9780,0.08004963397979736
9781,0.08004692196846008
9782,0.080048568546772
9783,0.08004352450370789
9784,0.08005137741565704
9785,0.08005319535732269
9786,0.08005136996507645
9787,0.08005305379629135
9788,0.08005008101463318
9789,0.08004720509052277
9790,0.08005009591579437
9791,0.08004182577133179
9792,0.08003918826580048
9793,0.0800371915102005
9794,0.0800449401140213
9795,0.08004942536354065
9796,0.08003947883844376
9797,0.08003924787044525
9798,0.08004484325647354
9799,0.08004332333803177
9800,0.08004596829414368
9801,0.08004644513130188
9802,0.08004561811685562
9803,0.08005192875862122
9804,0.08004870265722275
9805,0.08004288375377655
9806,0.0800451934337616
9807,0.08004589378833771
9808,0.08004891872406006
9809,0.08004222810268402
9810,0.0800417810678482
9811,0.08003844320774078
9812,0.08006318658590317
9813,0.08005061000585556
9814,0.08005902171134949
9815,0.08006809651851654
9816,0.0800698846578598
9817,0.08007201552391052
9818,0.0800735279917717
9819,0.08006218075752258
9820,0.08005717396736145
9821,0.08005598187446594
9822,0.08006013929843903
9823,0.08004879951477051
9824,0.08006036281585693
9825,0.0800694152712822
9826,0.08007796853780746
9827,0.0800810381770134
9828,0.08008252829313278
9829,0.08008265495300293
9830,0.08007995784282684
9831,0.08007586747407913
9832,0.08006790280342102
9833,0.08005587756633759
9834,0.08008728176355362
9835,0.08005968481302261
9836,0.08006790280342102
9837,0.08007500320672989
9838,0.08008076250553131
9839,0.08007966727018356
9840,0.0800752267241478
9841,0.080069400370121
9842,0.08006855845451355
9843,0.08007960766553879
9844,0.080071821808815
9845,0.08006896823644638
9846,0.08007116615772247
9847,0.0800754725933075
9848,0.08007340878248215
9849,0.08007235080003738
9850,0.08007350564002991
9851,0.080072782933712
9852,0.08007209748029709
9853,0.0800681859254837
9854,0.0800645723938942
9855,0.0800601914525032
9856,0.08007193356752396
9857,0.08005502820014954
9858,0.08005189895629883
9859,0.08005470782518387
9860,0.08005104959011078
9861,0.08005914837121964
9862,0.08005528897047043
9863,0.08005133271217346
9864,0.08005065470933914
9865,0.08004704862833023
9866,0.08005087077617645
9867,0.0800526812672615
9868,0.08005575835704803
9869,0.08005360513925552
9870,0.08005090057849884
9871,0.08005018532276154
9872,0.08005063235759735
9873,0.08004866540431976
9874,0.08004884421825409
9875,0.08005081117153168
9876,0.08005031943321228
9877,0.080049529671669
9878,0.08004795014858246
9879,0.08005481958389282
9880,0.08005420863628387
9881,0.08005326241254807
9882,0.08005073666572571
9883,0.08005310595035553
9884,0.0800480842590332
9885,0.08004441857337952
9886,0.08004467934370041
9887,0.08004282414913177
9888,0.08006291091442108
9889,0.0800444483757019
9890,0.08004403114318848
9891,0.08004675060510635
9892,0.08004651963710785
9893,0.0800509974360466
9894,0.08005785197019577
9895,0.08004909008741379
9896,0.0800464078783989
9897,0.08004652708768845
9898,0.08004169166088104
9899,0.08003553748130798
9900,0.08005087077617645
9901,0.0800437331199646
9902,0.0800512284040451
9903,0.08005589246749878
9904,0.08005818724632263
9905,0.08005566149950027
9906,0.08005031198263168
9907,0.08005334436893463
9908,0.08005748689174652
9909,0.08004724234342575
9910,0.08004721999168396
9911,0.08005712926387787
9912,0.08005885779857635
9913,0.08005784451961517
9914,0.08006565272808075
9915,0.08006464689970016
9916,0.08007030189037323
9917,0.08006051182746887
9918,0.08005493879318237
9919,0.08005549013614655
9920,0.08006325364112854
9921,0.08005128800868988
9922,0.08005466312170029
9923,0.08005579560995102
9924,0.08005500584840775
9925,0.08005397021770477
9926,0.0800507664680481
9927,0.08005727827548981
9928,0.0800584927201271
9929,0.08006823807954788
9930,0.08007986843585968
9931,0.08007556200027466
9932,0.08007372170686722
9933,0.08006715774536133
9934,0.08005925267934799
9935,0.08006078749895096
9936,0.08005102723836899
9937,0.08004386723041534
9938,0.08005321025848389
9939,0.08005347102880478
9940,0.08005744218826294
9941,0.08005698770284653
9942,0.08005194365978241
9943,0.08006724715232849
9944,0.08004765957593918
9945,0.08004970848560333
9946,0.08004658669233322
9947,0.0800488293170929
9948,0.0800507515668869
9949,0.08005046844482422
9950,0.08004792034626007
9951,0.08004959672689438
9952,0.08004637062549591
9953,0.08004894852638245
9954,0.0800504982471466
9955,0.08004099130630493
9956,0.08004444092512131
9957,0.08004364371299744
9958,0.08005398511886597
9959,0.08005431294441223
9960,0.08005128800868988
9961,0.08004875481128693
9962,0.08004728704690933
9963,0.08005321025848389
9964,0.08005315810441971
9965,0.0800449550151825
9966,0.08004466444253922
9967,0.08005071431398392
9968,0.08004491776227951
9969,0.08004149794578552
9970,0.08004742115736008
9971,0.08004683256149292
9972,0.0800388976931572
9973,0.08004847168922424
9974,0.08005442470312119
9975,0.08006534725427628
9976,0.08007139712572098
9977,0.08007463812828064
9978,0.08007249981164932
9979,0.08006778359413147
9980,0.08005976676940918
9981,0.08005128800868988
9982,0.08004510402679443
9983,0.08004513382911682
9984,0.0800374448299408
9985,0.08003587275743484
9986,0.0800379067659378
9987,0.08004364371299744
9988,0.08004657924175262
9989,0.08004465699195862
9990,0.08004400134086609
9991,0.08003883808851242
9992,0.08003158122301102
9993,0.08005037158727646
9994,0.08004356175661087
9995,0.08004514873027802
9996,0.08005261421203613
9997,0.08005129545927048
9998,0.0800502747297287
9999,0.08006083220243454
10000,0.08005686104297638
